1.054482852409768157e+02,3.714984127387186419e+01,-1.359505250357392114e+00,1.683395359328574932e-06,-6.411178645368100092e-08,0.000000000000000000e+00,6.571926737615997993e+00,3.197919835093071761e+00
1.055782825089636958e+02,3.654377233062496089e+01,-1.359505250733836990e+00,1.299970510897358933e+00,-6.060689370534895204e+00,0.000000000000000000e+00,6.571915957644676176e+00,3.197920093295327337e+00
1.057082797766668278e+02,3.593770340087466053e+01,-1.359505250768926476e+00,1.299966829099933330e+00,-6.060689317238576734e+00,0.000000000000000000e+00,6.571902930386667840e+00,3.197920027593408765e+00
1.058382770445736156e+02,3.533163446875018820e+01,-1.359505250960808542e+00,1.299973258955104738e+00,-6.060689295824553291e+00,0.000000000000000000e+00,6.571922756575734326e+00,3.197920095787069705e+00
1.059682743124037501e+02,3.472556552576346434e+01,-1.359505250735468351e+00,1.299979535975373190e+00,-6.060689236983032302e+00,0.000000000000000000e+00,6.571919722074362369e+00,3.197920087525115029e+00
1.060982715802814766e+02,3.411949659624094267e+01,-1.359505250026616485e+00,1.299969591720293138e+00,-6.060689320126178892e+00,0.000000000000000000e+00,6.571906029049835674e+00,3.197919871687823878e+00
1.062282688480922985e+02,3.351342768008570516e+01,-1.359505250116080477e+00,1.299974510964837071e+00,-6.060689500417482556e+00,0.000000000000000000e+00,6.571917960929294367e+00,3.197920152524712289e+00
1.063582661159633602e+02,3.290735872594449063e+01,-1.359505250140706778e+00,1.299964922906911236e+00,-6.060689169636966689e+00,0.000000000000000000e+00,6.571904664499695237e+00,3.197919925127954865e+00
1.064882633838387704e+02,3.230128982604158239e+01,-1.359505249804362048e+00,1.299973666191836186e+00,-6.060689355195092887e+00,0.000000000000000000e+00,6.571913893742832968e+00,3.197920042186581213e+00
1.066182606516158557e+02,3.169522084638087733e+01,-1.359505250021922906e+00,1.299978701313594609e+00,-6.060689225985308681e+00,0.000000000000000000e+00,6.571904722924731601e+00,3.197920015775207681e+00
1.067482579194969503e+02,3.108915195597751691e+01,-1.359505250101368024e+00,1.299970316841132512e+00,-6.060689448335449647e+00,0.000000000000000000e+00,6.571905436072291273e+00,3.197920029016711574e+00
1.068782551874362383e+02,3.048308303109860518e+01,-1.359505251096502887e+00,1.299970100026221598e+00,-6.060689317408483490e+00,0.000000000000000000e+00,6.571919486919902020e+00,3.197919758681371238e+00
1.070082524551860956e+02,2.987701410596999807e+01,-1.359505249854803033e+00,1.299965054180755919e+00,-6.060689125322514137e+00,0.000000000000000000e+00,6.571922100352251661e+00,3.197919782935526811e+00
1.071382497230543152e+02,2.927094515360645133e+01,-1.359505251305409557e+00,1.299977972220978772e+00,-6.060689253408697574e+00,0.000000000000000000e+00,6.571909476304779396e+00,3.197920163416310135e+00
1.072682469910810852e+02,2.866487624113055332e+01,-1.359505250070947913e+00,1.299975233828806642e+00,-6.060689290336631174e+00,0.000000000000000000e+00,6.571894084607228237e+00,3.197919943199277082e+00
1.073982442587739570e+02,2.805880729918196081e+01,-1.359505250549341016e+00,1.299970672463510502e+00,-6.060689120714611633e+00,0.000000000000000000e+00,6.571929548055694958e+00,3.197919907616632695e+00
1.075282415267037379e+02,2.745273837748539592e+01,-1.359505250539700949e+00,1.299975080599350630e+00,-6.060689194088349829e+00,0.000000000000000000e+00,6.571913926524540095e+00,3.197919786746509896e+00
1.076582387944569632e+02,2.684666943682222850e+01,-1.359505251125848968e+00,1.299970291912841525e+00,-6.060689137456449771e+00,0.000000000000000000e+00,6.571922213909060950e+00,3.197920124621835392e+00
1.077882360623179636e+02,2.624060054475332038e+01,-1.359505250841776647e+00,1.299971692049441963e+00,-6.060689277441301037e+00,0.000000000000000000e+00,6.571912316453158986e+00,3.197919911570758611e+00
1.079182333300962995e+02,2.563453158419634903e+01,-1.359505251259810255e+00,1.299974264600852747e+00,-6.060689177612979428e+00,0.000000000000000000e+00,6.571926064483515795e+00,3.197919836274632832e+00
1.080482305979911075e+02,2.502846263440059715e+01,-1.359505251068237719e+00,1.299973826181568759e+00,-6.060689288911406791e+00,0.000000000000000000e+00,6.571918521912315292e+00,3.197919882351344167e+00
1.081782278658904346e+02,2.442239371431663031e+01,-1.359505250839569523e+00,1.299968244000587303e+00,-6.060689325043460585e+00,0.000000000000000000e+00,6.571926703454177954e+00,3.197920114603718389e+00
1.083082251336711153e+02,2.381632478104284800e+01,-1.359505249721892461e+00,1.299973297728436172e+00,-6.060689496110215124e+00,0.000000000000000000e+00,6.571915816880677497e+00,3.197919823075221490e+00
1.084382224015333094e+02,2.321025587662438028e+01,-1.359505250176547664e+00,1.299974738999009283e+00,-6.060689345829594288e+00,0.000000000000000000e+00,6.571922971280561576e+00,3.197919837405757360e+00
1.085682196693958588e+02,2.260418693973889148e+01,-1.359505250227496465e+00,1.299964268998359485e+00,-6.060689298763110244e+00,0.000000000000000000e+00,6.571921547565485966e+00,3.197919832717775357e+00
1.086982169372093807e+02,2.199811798256787299e+01,-1.359505249927732473e+00,1.299973097455073168e+00,-6.060689278394164603e+00,0.000000000000000000e+00,6.571910505627020171e+00,3.197919995243829305e+00
1.088282142051976393e+02,2.139204904978977595e+01,-1.359505251269166770e+00,1.299977302129932122e+00,-6.060689252924339243e+00,0.000000000000000000e+00,6.571905324382697700e+00,3.197920007109058105e+00
1.089582114729363411e+02,2.078598014020564122e+01,-1.359505250953649824e+00,1.299973733228443562e+00,-6.060689429554835250e+00,0.000000000000000000e+00,6.571915953295647483e+00,3.197919899953797440e+00
1.090882087406711349e+02,2.017991119487784601e+01,-1.359505250781195551e+00,1.299968097520642463e+00,-6.060689346683829193e+00,0.000000000000000000e+00,6.571916125292939448e+00,3.197920118639736131e+00
1.092182060087036604e+02,1.957384229200028614e+01,-1.359505250650161257e+00,1.299976703161250358e+00,-6.060689248291273756e+00,0.000000000000000000e+00,6.571911980732564551e+00,3.197920028276536986e+00
1.093482032764601826e+02,1.896777337422159349e+01,-1.359505251615997334e+00,1.299973369316767213e+00,-6.060689194292912418e+00,0.000000000000000000e+00,6.571931320391787068e+00,3.197919966963759908e+00
1.094782005444039754e+02,1.836170441327841019e+01,-1.359505250858950687e+00,1.299970759818755095e+00,-6.060689201905044676e+00,0.000000000000000000e+00,6.571924978855484767e+00,3.197919909958964357e+00
1.096081978121113849e+02,1.775563547717023738e+01,-1.359505250695639100e+00,1.299977944888095482e+00,-6.060689186455420874e+00,0.000000000000000000e+00,6.571911882940906224e+00,3.197920090813216376e+00
1.097381950800653811e+02,1.714956656148284608e+01,-1.359505250907030227e+00,1.299974136690978721e+00,-6.060689195279730157e+00,0.000000000000000000e+00,6.571921231570569510e+00,3.197920037306881902e+00
1.098681923479303180e+02,1.654349767918750658e+01,-1.359505250883875860e+00,1.299978893573196626e+00,-6.060689397007463342e+00,0.000000000000000000e+00,6.571902742041647372e+00,3.197919791421403257e+00
1.099981896158293466e+02,1.593742873324356424e+01,-1.359505250366314977e+00,1.299970311066140027e+00,-6.060689147733654636e+00,0.000000000000000000e+00,6.571913319083517280e+00,3.197919975957718375e+00
1.101281868835825009e+02,1.533135981052064700e+01,-1.359505250222660777e+00,1.299974004060071797e+00,-6.060689285156961148e+00,0.000000000000000000e+00,6.571922641931814191e+00,3.197919991390216321e+00
1.102581841513933369e+02,1.472529085149309935e+01,-1.359505251129184078e+00,1.299978563230860473e+00,-6.060689267787800816e+00,0.000000000000000000e+00,6.571912432165191831e+00,3.197920211410793634e+00
1.103881814192993573e+02,1.411922190051148718e+01,-1.359505250269577248e+00,1.299978324806407626e+00,-6.060689420072348454e+00,0.000000000000000000e+00,6.571919957310652372e+00,3.197919714577120764e+00
1.105181786870753058e+02,1.351315297754661948e+01,-1.359505250208224325e+00,1.299976732021030923e+00,-6.060689323205628476e+00,0.000000000000000000e+00,6.571926891937338588e+00,3.197920082511923390e+00
1.106481759548931336e+02,1.290708402756114026e+01,-1.359505250428219458e+00,1.299971059060499368e+00,-6.060689301997989276e+00,0.000000000000000000e+00,6.571924669501370886e+00,3.197919821611550084e+00
1.107781732228433924e+02,1.230101513126575696e+01,-1.359505250609525095e+00,1.299971210814722111e+00,-6.060689363691486697e+00,0.000000000000000000e+00,6.571916295756751403e+00,3.197919927982317390e+00
1.109081704905817247e+02,1.169494619749010411e+01,-1.359505249701477680e+00,1.299972419403016888e+00,-6.060689187444915582e+00,0.000000000000000000e+00,6.571927641568930056e+00,3.197919942808871152e+00
1.110381677585429685e+02,1.108887726465651369e+01,-1.359505250373989282e+00,1.299969742804827133e+00,-6.060689302758833996e+00,0.000000000000000000e+00,6.571909377137527208e+00,3.197920180585958949e+00
1.111681650263102341e+02,1.048280835321224558e+01,-1.359505250311842550e+00,1.299967091849444367e+00,-6.060689248276946550e+00,0.000000000000000000e+00,6.571931238110849449e+00,3.197920067877316530e+00
1.112981622942157429e+02,9.876739364009276656e+00,-1.359505251029399897e+00,1.299971498198161379e+00,-6.060689280173148674e+00,0.000000000000000000e+00,6.571916009331641995e+00,3.197920020940621111e+00
1.114281595620435894e+02,9.270670458166259564e+00,-1.359505249699137108e+00,1.299970728698553790e+00,-6.060689276056494101e+00,0.000000000000000000e+00,6.571906273159650702e+00,3.197920076853110860e+00
1.115581568298026269e+02,8.664601571920121259e+00,-1.359505249970909047e+00,1.299974091847020397e+00,-6.060689285168531448e+00,0.000000000000000000e+00,6.571921225452963533e+00,3.197919821828929088e+00
1.116881540977653344e+02,8.058532610093998017e+00,-1.359505251820780636e+00,1.299968578336741398e+00,-6.060689201193715014e+00,0.000000000000000000e+00,6.571908148580895670e+00,3.197920043628856845e+00
1.118181513655115964e+02,7.452463674771286684e+00,-1.359505249681554062e+00,1.299974994203264345e+00,-6.060689271628813657e+00,0.000000000000000000e+00,6.571914370995400212e+00,3.197920039654375213e+00
1.119481486334730960e+02,6.846394754132242966e+00,-1.359505251086519539e+00,1.299967518253932086e+00,-6.060689217466914691e+00,0.000000000000000000e+00,6.571913502592119372e+00,3.197919915939592350e+00
1.120781459012598162e+02,6.240325830144489494e+00,-1.359505251257986380e+00,1.299976807800666156e+00,-6.060689300185819306e+00,0.000000000000000000e+00,6.571902182579647977e+00,3.197920120585605819e+00
1.122081431690831437e+02,5.634256908780459483e+00,-1.359505249975688113e+00,1.299968672196394337e+00,-6.060689128519902269e+00,0.000000000000000000e+00,6.571920323554517829e+00,3.197920016686112366e+00
1.123381404369852419e+02,5.028187955378331964e+00,-1.359505250745155935e+00,1.299976421854869946e+00,-6.060689396958017561e+00,0.000000000000000000e+00,6.571911596814179468e+00,3.197920054406858004e+00
1.124681377048344189e+02,4.422119033981394942e+00,-1.359505250730098647e+00,1.299970071567958518e+00,-6.060689300003949675e+00,0.000000000000000000e+00,6.571914772251324699e+00,3.197919963731240767e+00
1.125981349728040044e+02,3.816050108009006792e+00,-1.359505249871417742e+00,1.299976507241562329e+00,-6.060689243895241773e+00,0.000000000000000000e+00,6.571910971821035119e+00,3.197919911628035461e+00
1.127281322404950572e+02,3.209981172238025149e+00,-1.359505251146812421e+00,1.299971100082002451e+00,-6.060689282875733497e+00,0.000000000000000000e+00,6.571921236118564380e+00,3.197920138352365438e+00
1.128581295083235005e+02,2.603912245387347557e+00,-1.359505250601918069e+00,1.299970050361406226e+00,-6.060689453515454517e+00,0.000000000000000000e+00,6.571928149743766490e+00,3.197919964120358394e+00
1.129881267762309136e+02,1.997843335127619691e+00,-1.359505248945466871e+00,1.299977381955225830e+00,-6.060689255681461773e+00,0.000000000000000000e+00,6.571925755071335473e+00,3.197920168129943619e+00
1.131181240440409681e+02,1.391774396070392328e+00,-1.359505249515564618e+00,1.299974002008044138e+00,-6.060689516727827630e+00,0.000000000000000000e+00,6.571910223462419154e+00,3.197920102857735536e+00
1.132481213120048551e+02,7.857054590770711222e-01,-1.359505251762866740e+00,1.299972851405865271e+00,-6.060689399994259929e+00,0.000000000000000000e+00,6.571908084631472136e+00,3.197919871909371548e+00
1.133781185797146520e+02,1.796365235533433080e-01,-1.359505250655992814e+00,1.299976352077831132e+00,-6.060689364388498035e+00,0.000000000000000000e+00,6.571919315376130832e+00,3.197919908579395010e+00
1.135081158476050973e+02,-4.264323775623575785e-01,-1.359505251275230142e+00,1.299964984484298647e+00,-6.060689397564906322e+00,0.000000000000000000e+00,6.571905570965757448e+00,3.197919861189262747e+00
1.136381131154139297e+02,-1.032501325955251126e+00,-1.359505250612833782e+00,1.299967358382723370e+00,-6.060689394714268374e+00,0.000000000000000000e+00,6.571907120368924105e+00,3.197919836024284646e+00
1.137681103833381542e+02,-1.638570277782501305e+00,-1.359505249684966888e+00,1.299975304854453340e+00,-6.060689309539285752e+00,0.000000000000000000e+00,6.571910433357385450e+00,3.197920068898810086e+00
1.138981076512120296e+02,-2.244639195590067526e+00,-1.359505250387536890e+00,1.299973858285124129e+00,-6.060689309698743976e+00,0.000000000000000000e+00,6.571914157217920049e+00,3.197919862558761928e+00
1.140281049189893565e+02,-2.850708146815145838e+00,-1.359505251037583351e+00,1.299969407573054792e+00,-6.060689316020648754e+00,0.000000000000000000e+00,6.571935590826353923e+00,3.197919990835423665e+00
1.141581021869514103e+02,-3.456777051517642807e+00,-1.359505250702594203e+00,1.299971182993311380e+00,-6.060689295308121061e+00,0.000000000000000000e+00,6.571899883440698531e+00,3.197919981251739152e+00
1.142880994546546702e+02,-4.062845976311021623e+00,-1.359505250569480683e+00,1.299967515658976058e+00,-6.060689395619291098e+00,0.000000000000000000e+00,6.571919800895353880e+00,3.197920154559419359e+00
1.144180967225555463e+02,-4.668914923725369981e+00,-1.359505250591914738e+00,1.299975383210319135e+00,-6.060689037886463737e+00,0.000000000000000000e+00,6.571911262530403697e+00,3.197920019694644012e+00
1.145480939903279420e+02,-5.274983845986184861e+00,-1.359505251191205799e+00,1.299975788903379836e+00,-6.060689307321777797e+00,0.000000000000000000e+00,6.571911137980819717e+00,3.197919868864386395e+00
1.146780912582347867e+02,-5.881052766990576330e+00,-1.359505250190641723e+00,1.299975157617618837e+00,-6.060689297908940176e+00,0.000000000000000000e+00,6.571911709776878219e+00,3.197920196550130267e+00
1.148080885260550446e+02,-6.487121669085913922e+00,-1.359505250731846582e+00,1.299971140114162482e+00,-6.060689296901710321e+00,0.000000000000000000e+00,6.571908762719680830e+00,3.197920129735942751e+00
1.149380857940468417e+02,-7.093190629508092648e+00,-1.359505251501475609e+00,1.299974468884973700e+00,-6.060689299247593809e+00,0.000000000000000000e+00,6.571907410924498372e+00,3.197919862972599336e+00
1.150680830618010333e+02,-7.699259543347054091e+00,-1.359505251491942568e+00,1.299974350204421869e+00,-6.060689182031230082e+00,0.000000000000000000e+00,6.571915497118596683e+00,3.197919963539189947e+00
1.151980803296604563e+02,-8.305328523835690646e+00,-1.359505250380285579e+00,1.299984296936783856e+00,-6.060689390099208929e+00,0.000000000000000000e+00,6.571903589999746664e+00,3.197920089922233533e+00
1.153280775975261179e+02,-8.911397427274660998e+00,-1.359505251942926263e+00,1.299973824432458347e+00,-6.060689327926360725e+00,0.000000000000000000e+00,6.571929843644410241e+00,3.197919878466750188e+00
1.154580748652896034e+02,-9.517466346709710479e+00,-1.359505250197043935e+00,1.299975199475228660e+00,-6.060689484000326921e+00,0.000000000000000000e+00,6.571917477245136752e+00,3.197920056087176555e+00
1.155880721333575138e+02,-1.012353527588954627e+01,-1.359505251040228346e+00,1.299973311825294520e+00,-6.060689345611716128e+00,0.000000000000000000e+00,6.571895108440161337e+00,3.197919980262091677e+00
1.157180694010485951e+02,-1.072960419335953475e+01,-1.359505250101754159e+00,1.299977428422057102e+00,-6.060689290327776035e+00,0.000000000000000000e+00,6.571903646086436623e+00,3.197919815361609963e+00
1.158480666688597154e+02,-1.133567313001681320e+01,-1.359505250477001992e+00,1.299978513926351775e+00,-6.060689298523786128e+00,0.000000000000000000e+00,6.571920734265687791e+00,3.197919632540651591e+00
1.159780639367948538e+02,-1.194174203606202234e+01,-1.359505251036581708e+00,1.299981585915118698e+00,-6.060689348149025157e+00,0.000000000000000000e+00,6.571920805962834677e+00,3.197919871449628193e+00
1.161080612046135485e+02,-1.254781100365634572e+01,-1.359505251489265820e+00,1.299975284538565701e+00,-6.060689389502975644e+00,0.000000000000000000e+00,6.571912471525377164e+00,3.197920040309938372e+00
1.162380584723535577e+02,-1.315387994797979943e+01,-1.359505251210046950e+00,1.299964702592673715e+00,-6.060689228830780095e+00,0.000000000000000000e+00,6.571912921404944541e+00,3.197919971505184034e+00
1.163680557402768869e+02,-1.375994884074764535e+01,-1.359505251932172643e+00,1.299969171536432988e+00,-6.060689163715549554e+00,0.000000000000000000e+00,6.571920260258538704e+00,3.197919977340811126e+00
1.164980530081503929e+02,-1.436601775983335472e+01,-1.359505250820232103e+00,1.299980047533322969e+00,-6.060689181015254334e+00,0.000000000000000000e+00,6.571924729900361584e+00,3.197919942326755915e+00
1.166280502760667304e+02,-1.497208669683916682e+01,-1.359505250277775801e+00,1.299975965017904800e+00,-6.060689244348642646e+00,0.000000000000000000e+00,6.571916370205428848e+00,3.197920025435208036e+00
1.167580475438937953e+02,-1.557815565044900019e+01,-1.359505250522911046e+00,1.299975016635340319e+00,-6.060689379485642903e+00,0.000000000000000000e+00,6.571903256362944035e+00,3.197920067094640828e+00
1.168880448117538720e+02,-1.618422457374927959e+01,-1.359505250662307096e+00,1.299973557910836908e+00,-6.060689336303392238e+00,0.000000000000000000e+00,6.571898358661122153e+00,3.197919833227738540e+00
1.170180420795685023e+02,-1.679029348221066797e+01,-1.359505250966276835e+00,1.299972633166281089e+00,-6.060689317353371131e+00,0.000000000000000000e+00,6.571929853892512163e+00,3.197919944773809586e+00
1.171480393474314496e+02,-1.739636243925187387e+01,-1.359505250880960192e+00,1.299972669861632735e+00,-6.060689248345109803e+00,0.000000000000000000e+00,6.571926405392833459e+00,3.197919995718704556e+00
1.172780366153440781e+02,-1.800243138286229083e+01,-1.359505250202866833e+00,1.299968210941023772e+00,-6.060689349921105418e+00,0.000000000000000000e+00,6.571918772343172677e+00,3.197919886203422379e+00
1.174080338830772661e+02,-1.860850030417284628e+01,-1.359505250179748215e+00,1.299970198276674926e+00,-6.060689236551990433e+00,0.000000000000000000e+00,6.571926397169162826e+00,3.197919936686913100e+00
1.175380311509346569e+02,-1.921456922723265848e+01,-1.359505250875174598e+00,1.299965471794369387e+00,-6.060689555985078414e+00,0.000000000000000000e+00,6.571910716386295093e+00,3.197919879501017082e+00
1.176680284187640524e+02,-1.982063816988828364e+01,-1.359505250374309693e+00,1.299973889330501509e+00,-6.060689176081019092e+00,0.000000000000000000e+00,6.571917933213990537e+00,3.197919692957071014e+00
1.177980256866253654e+02,-2.042670709167180476e+01,-1.359505251606393239e+00,1.299970365017295126e+00,-6.060689277415205467e+00,0.000000000000000000e+00,6.571930894364303555e+00,3.197919909076452516e+00
1.179280229545055079e+02,-2.103277602558045345e+01,-1.359505250765597584e+00,1.299971528644828345e+00,-6.060689263672141891e+00,0.000000000000000000e+00,6.571931052603148693e+00,3.197919944485090760e+00
1.180580202224053465e+02,-2.163884492779154556e+01,-1.359505249935580640e+00,1.299974483391455271e+00,-6.060689207838435344e+00,0.000000000000000000e+00,6.571914136656108241e+00,3.197919900318140662e+00
1.181880174901324807e+02,-2.224491384611883049e+01,-1.359505249567633856e+00,1.299969309213524049e+00,-6.060689300408295566e+00,0.000000000000000000e+00,6.571943628140325622e+00,3.197919937628831644e+00
1.183180147580905697e+02,-2.285098284964014681e+01,-1.359505249975277774e+00,1.299973321109366253e+00,-6.060689267655294366e+00,0.000000000000000000e+00,6.571913028198593132e+00,3.197919945832016886e+00
1.184480120258585316e+02,-2.345705174514270652e+01,-1.359505251503473344e+00,1.299973665155292002e+00,-6.060689221782088687e+00,0.000000000000000000e+00,6.571898818577036394e+00,3.197920037464376364e+00
1.202450871073230587e+02,-3.183531528961980328e+01,-3.019659177058141575e-01,1.797074790057200744e+01,-8.378263541779590184e+01,1.057539332744413940e+01,6.571913919792677916e+00,3.197919874136258667e+00
1.284262052227790036e+02,-3.438366484727682604e+01,7.555734139854562992e-01,8.181117569843817705e+01,-2.548349538739539710e+01,1.057539332744413940e+01,6.571921931787032101e+00,3.197919937773812116e+00
1.346632691721523258e+02,-2.850796808303840280e+01,1.813112748040045075e+00,6.237063638651365949e+01,5.875696731236801895e+01,1.057539332744413940e+01,6.571894393868015882e+00,3.197919782905002783e+00
1.326071621136568695e+02,-2.018948247404212992e+01,2.870652080468880651e+00,-2.056107064592270461e+01,8.318485629336016984e+01,1.057539332744413940e+01,6.571915811301207277e+00,3.197920009147813936e+00
1.243509304005305012e+02,-1.789614059311748662e+01,3.928191412003723126e+00,-8.256232166307079012e+01,2.293341884412308929e+01,1.057539332744413940e+01,6.571911119219886466e+00,3.197919883159225041e+00
1.182991342944875299e+02,-2.396248571235919300e+01,4.985730744770270562e+00,-6.051795932704477110e+01,-6.066345123704996212e+01,1.057539332744413940e+01,6.571916246288090235e+00,3.197920062409824293e+00
1.206122943377860537e+02,-3.221318689108252897e+01,6.043270078757236874e+00,2.313160690181998902e+01,-8.250701158478334207e+01,1.057539332744413940e+01,6.571902010669464111e+00,3.197919885154028030e+00
1.289356930686618057e+02,-3.424931371804763813e+01,7.100809412212042204e+00,8.323399244133412367e+01,-2.036126852532059317e+01,1.057539332744413940e+01,6.571911686824404519e+00,3.197919950871835670e+00
1.347963965087075167e+02,-2.799815913319365279e+01,8.158348744363721039e+00,5.860703734757670702e+01,6.251154628808390612e+01,1.057539332744413940e+01,6.571912037541460805e+00,3.197919836906282676e+00
1.322284098854538286e+02,-1.982318364013867296e+01,9.215888076878659518e+00,-2.567986755836684409e+01,8.174975457868123385e+01,1.057539332744413940e+01,6.571918243905687795e+00,3.197920098139275247e+00
1.238458553647662939e+02,-1.804623155700380366e+01,1.027342740928990672e+01,-8.382554774995692526e+01,1.776952105844405239e+01,1.057539332744413940e+01,6.571911487361976612e+00,3.197919782384770482e+00
1.181818854870975031e+02,-2.447617899207412862e+01,1.133096674381148894e+01,-5.663969250544143108e+01,-6.429947472941236697e+01,1.057539332744413940e+01,6.571917982560051108e+00,3.197919950495555774e+00
1.210022270169092025e+02,-3.256756038131915432e+01,1.238850607584460661e+01,2.820342053892692391e+01,-8.091381387029217365e+01,1.057539332744413940e+01,6.571916175346541600e+00,3.197920339940115042e+00
1.294358691621802677e+02,-3.408362741099723081e+01,1.344604540775436519e+01,8.433642740988301512e+01,-1.516067027820611379e+01,1.057539332744413940e+01,6.571912025037284444e+00,3.197920133485733896e+00
1.348976539356192461e+02,-2.748107594545004062e+01,1.450358474066396042e+01,5.461784393176684205e+01,6.602551503062403526e+01,1.057539332744413940e+01,6.571902551070838427e+00,3.197920040405977549e+00
1.318276720636501977e+02,-1.948107654796991284e+01,1.556112407310892820e+01,-3.069982807109566991e+01,7.999999392931282216e+01,1.057539332744413940e+01,6.571910571813535107e+00,3.197920108709908948e+00
1.233510596303644462e+02,-1.822735379558090685e+01,1.661866340660039754e+01,-8.476611910341647160e+01,1.253722760647211665e+01,1.057539332744413940e+01,6.571905864843669676e+00,3.197919906396051282e+00
1.180967169004756272e+02,-2.499615438069092832e+01,1.767620273846904766e+01,-5.254342557639198219e+01,-6.768800597236011640e+01,1.057539332744413940e+01,6.571927293692355398e+00,3.197919916797746787e+00
1.214133842731944526e+02,-3.289707183945418478e+01,1.873374207091163157e+01,3.316667240694053476e+01,-7.900917450725631852e+01,1.057539332744413940e+01,6.571907904568483616e+00,3.197920066265214967e+00
1.299248082989184070e+02,-3.388724359990305146e+01,1.979128140512780831e+01,8.511423971947878897e+01,-9.901717720328253591e+00,1.057539332744413940e+01,6.571921901478924077e+00,3.197919954343510618e+00
1.349666517078388210e+02,-2.695870882983480143e+01,2.084882073677045966e+01,5.041842672257035218e+01,6.928534760679794147e+01,1.057539332744413940e+01,6.571922993748861686e+00,3.197920150021926755e+00
1.314064911094558852e+02,-1.916447790616694391e+01,2.190636007018751741e+01,-3.560160615228978997e+01,7.794230918653327933e+01,1.057539332744413940e+01,6.571917866008863740e+00,3.197919960558325059e+00
1.228684476925109124e+02,-1.843881020007392735e+01,2.296389940251190254e+01,-8.538043260762088948e+01,7.256677361346291377e+00,1.057539332744413940e+01,6.571925318832122720e+00,3.197920044716955346e+00
1.180439563527297935e+02,-2.552041042370024471e+01,2.402143873392974172e+01,-4.824490658202819304e+01,-7.081600262561467218e+01,1.057539332744413940e+01,6.571916798188306430e+00,3.197919984118847481e+00
1.218441835407229235e+02,-3.320045290620177525e+01,2.507897806828811582e+01,3.800227780200787464e+01,-7.680042496710336763e+01,1.057539332744413940e+01,6.571927667780411930e+00,3.197920213566954661e+00
1.304006285263462814e+02,-3.366091816811038484e+01,2.613651740100930709e+01,8.556444054305197255e+01,-4.604652567152753839e+00,1.057539332744413940e+01,6.571902044156688660e+00,3.197920125498641575e+00
1.350031242492776187e+02,-2.643306842052628269e+01,2.719405673423467462e+01,4.602495977616199951e+01,7.227849754049120179e+01,1.057539332744413940e+01,6.571903262934601919e+00,3.197920052879820396e+00
1.309664881705741948e+02,-1.887460639980358934e+01,2.825159606573116378e+01,-4.036636671370603580e+01,7.558462019467901882e+01,1.057539332744413940e+01,6.571916181778235000e+00,3.197919949042966614e+00
1.223998771501299530e+02,-1.867978678094086220e+01,2.930913539847491123e+01,-8.566610315113312879e+01,1.948196093755219627e+00,1.057539332744413940e+01,6.571924313781156712e+00,3.197919890973810020e+00
1.180238069223546660e+02,-2.604692926988126089e+01,3.036667473165259779e+01,-4.376069711640869997e+01,-7.367142492311126034e+01,1.057539332744413940e+01,6.571913328403035770e+00,3.197919812233804837e+00
1.222929666503840451e+02,-3.347653586281747806e+01,3.142421406456971056e+01,4.269159928346485344e+01,-7.429606615350948573e+01,1.057539332744413940e+01,6.571903389732403511e+00,3.197920085019346992e+00
1.308614983872442394e+02,-3.340552230166171199e+01,3.248175339715628240e+01,8.568531524854832071e+01,7.101358721919773798e-01,1.057539332744413940e+01,6.571919867768216683e+00,3.197920050331995778e+00
1.350069311750939107e+02,-2.590617791637431466e+01,3.353929273048304793e+01,4.145432551306993929e+01,7.499344388872445677e+01,1.057539332744413940e+01,6.571921180276970809e+00,3.197920173286662671e+00
1.305093568416373557e+02,-1.861257771885789936e+01,3.459683206322596760e+01,-4.497574265668450266e+01,7.293600221730034150e+01,1.057539332744413940e+01,6.571918953314467515e+00,3.197919991298676212e+00
1.219471515555993903e+02,-1.894935610458935926e+01,3.565437139543150380e+01,-8.562204961535447012e+01,-3.367783885303676783e+00,1.057539332744413940e+01,6.571913773856577379e+00,3.197919961679934531e+00
1.180363461653545869e+02,-2.657368429052576175e+01,3.671191072745782691e+01,-3.910804829706138719e+01,-7.624328175097598148e+01,1.057539332744413940e+01,6.571912373986282141e+00,3.197919892235393746e+00
1.227580062122869435e+02,-3.372425809336053248e+01,3.776945006123814608e+01,4.721660149739151535e+01,-7.150573780033670346e+01,1.057539332744413940e+01,6.571908298097826062e+00,3.197919943807826737e+00
1.313056439692688002e+02,-3.312203895441978574e+01,3.882698939279692496e+01,8.547637250761778205e+01,6.022190767746804951e+00,1.057539332744413940e+01,6.571907180101330681e+00,3.197920068567335683e+00
1.349780578321853852e+02,-2.538006538890212838e+01,3.988452872648010583e+01,3.672413685093633262e+01,7.741973608453115219e+01,1.057539332744413940e+01,6.571922545332531840e+00,3.197920096650032296e+00
1.300368566450623860e+02,-1.837940042350729541e+01,4.094206806024800471e+01,-4.941201655764404421e+01,7.000664957089330187e+01,1.057539332744413940e+01,6.571911302229968221e+00,3.197919983036218827e+00
1.215120134739965891e+02,-1.924648054655715868e+01,4.199960739015865840e+01,-8.524842188271401255e+01,-8.670801497546213099e+00,1.057539332744413940e+01,6.571927717413703185e+00,3.197920100743453009e+00
1.180815258176611025e+02,-2.709864800137806640e+01,4.305714672437961354e+01,-3.430487097408306596e+01,-7.852167433555781884e+01,1.057539332744413940e+01,6.571907132785749894e+00,3.197919980707451870e+00
1.232375122644121603e+02,-3.394266603860396003e+01,4.411468605744980209e+01,5.155986192360981590e+01,-6.844018046381867748e+01,1.057539332744413940e+01,6.571921776286784755e+00,3.197919845464134436e+00
1.317313557326014575e+02,-3.281155939023447132e+01,4.517222538866642623e+01,8.493843370967334749e+01,1.131106636668520693e+01,1.057539332744413940e+01,6.571924504827927116e+00,3.197919882968236482e+00
1.349166153557868597e+02,-2.485675578081764314e+01,4.622976472246167390e+01,3.185259778951552079e+01,7.954803593484628266e+01,1.057539332744413940e+01,6.571899609537931397e+00,3.197920055352175162e+00
1.295508062592277838e+02,-1.817597204324261284e+01,4.728730405570301798e+01,-5.365809212634119518e+01,6.680783770335857241e+01,1.057539332744413940e+01,6.571914918026057428e+00,3.197919975732318676e+00
1.210961377744220187e+02,-1.957001646052803068e+01,4.834484338821759764e+01,-8.454669153791554947e+01,-1.394044431681050256e+01,1.057539332744413940e+01,6.571915422218375546e+00,3.197919944181353280e+00
1.181591719801285763e+02,-2.761979974180835029e+01,4.940238272071275105e+01,-2.936965707433278894e+01,-8.049783288210525711e+01,1.057539332744413940e+01,6.571929163634030679e+00,3.197920055188971489e+00
1.237296391630518997e+02,-3.413091904971155799e+01,5.045992205318756874e+01,5.570467607228469831e+01,-6.511119289192028248e+01,1.057539332744413940e+01,6.571923275743946746e+00,3.197920058581912084e+00
1.321369950900927961e+02,-3.247527855098862659e+01,5.151746138620391235e+01,8.407355961673539468e+01,1.655640472080925818e+01,1.057539332744413940e+01,6.571918449357034397e+00,3.197919807311389473e+00
1.348228402409728801e+02,-2.433826347167630999e+01,5.257500072017329984e+01,2.685845784737608000e+01,8.137015123909002057e+01,1.057539332744413940e+01,6.571913919806280369e+00,3.197920041125640100e+00
1.290530765177033459e+02,-1.800307557267153058e+01,5.363254005194655605e+01,-5.769762579357202981e+01,6.335187888479079277e+01,1.057539332744413940e+01,6.571921595773533298e+00,3.197920160808854106e+00
1.207011251846297029e+02,-1.991871851994708464e+01,5.469007938561628634e+01,-8.351950565522456316e+01,-1.915642948116586908e+01,1.057539332744413940e+01,6.571910454948694635e+00,3.197920115876750735e+00
1.182689857889180018e+02,-2.813513363228260999e+01,5.574761871688854598e+01,-2.432139877234867953e+01,-8.216415106202417462e+01,1.057539332744413940e+01,6.571934102674799938e+00,3.197919879048126468e+00
1.242324926851901949e+02,-3.428829256347476928e+01,5.680515804982538697e+01,5.963507324948944444e+01,-6.153158913827839172e+01,1.057539332744413940e+01,6.571923264073706861e+00,3.197919964573840090e+00
1.325210007145117288e+02,-3.211449087792130541e+01,5.786269738317458433e+01,8.288508010717332297e+01,2.173801665975691222e+01,1.057539332744413940e+01,6.571912365981851245e+00,3.197919894857863543e+00
1.346970934334168817e+02,-2.382658403409034165e+01,5.892023671630191473e+01,2.176092262168871727e+01,8.287906835566657548e+01,1.057539332744413940e+01,6.571896453806689742e+00,3.197919782889879325e+00
1.285455832084801102e+02,-1.786137651179915764e+01,5.997777604787042094e+01,-6.151509628421694487e+01,5.965207559723692299e+01,1.057539332744413940e+01,6.571926772712672005e+00,3.197920148626625547e+00
1.203284961289343471e+02,-2.029124460104231176e+01,6.103531538024704162e+01,-8.217086872677133158e+01,-2.429868097946724603e+01,1.057539332744413940e+01,6.571913373428935223e+00,3.197920139443753751e+00
1.184105445647429065e+02,-2.864266610621229603e+01,6.209285471369977216e+01,-1.917951450446719619e+01,-8.351421493068004054e+01,1.057539332744413940e+01,6.571930744555121606e+00,3.197919923223782490e+00
1.247441373217177869e+02,-3.441418079562068044e+01,6.315039404746964635e+01,6.333592248814345993e+01,-5.771514710111852509e+01,1.057539332744413940e+01,6.571913868363139066e+00,3.197919912722913871e+00
1.328818945479609397e+02,-3.173058499796613319e+01,6.420793337940376944e+01,8.137757401404523705e+01,2.683595783438615001e+01,1.057539332744413940e+01,6.571892816990123620e+00,3.197919923675197840e+00
1.345398589390285053e+02,-2.332368703047160352e+01,6.526547271174220555e+01,1.657963926061516347e+01,8.406897955085315743e+01,1.057539332744413940e+01,6.571911107644242023e+00,3.197920170386964855e+00
1.280302797000609019e+02,-1.775142026233851666e+01,6.632301204519770010e+01,-6.509579502771153159e+01,5.572266794440975701e+01,1.057539332744413940e+01,6.571904512994785286e+00,3.197919992093254837e+00
1.199796848762779433e+02,-2.068616080856813966e+01,6.738055137672076000e+01,-8.050595207159024369e+01,-2.934740536950569023e+01,1.057539332744413940e+01,6.571921058209055033e+00,3.197920184880253203e+00
1.185833034403041353e+02,-2.914044362239371111e+01,6.843809070984237053e+01,-1.396381382105181679e+01,-8.454282822284696408e+01,1.057539332744413940e+01,6.571911288264849382e+00,3.197919952830031498e+00
1.252626037249945767e+02,-3.450809918907238938e+01,6.949563004378136100e+01,6.679300306954384325e+01,-5.367655611159181461e+01,1.057539332744413940e+01,6.571913273733819061e+00,3.197919863329023560e+00
1.332182874908455119e+02,-3.132503858327396529e+01,7.055316937540021627e+01,7.955683848108384382e+01,3.183060629656165119e+01,1.057539332744413940e+01,6.571900410816907012e+00,3.197919728705231890e+00
1.343517419617490418e+02,-2.283150812725862622e+01,7.161070871050884534e+01,1.133454561611165090e+01,8.493530477812417701e+01,1.057539332744413940e+01,6.571917488250448969e+00,3.197920077892872470e+00
1.275091494231573961e+02,-1.767363005034539825e+01,7.266824804076301803e+01,-6.842592299803646938e+01,5.157878081027951822e+01,1.057539332744413940e+01,6.571905011818417464e+00,3.197920120906597052e+00
1.196560340194769623e+02,-2.110194706188929814e+01,7.372578737389476089e+01,-7.853115189579766309e+01,-3.428317004429491277e+01,1.057539332744413940e+01,6.571923396079553115e+00,3.197919877351383722e+00
1.187865974578538015e+02,-2.962655019154416891e+01,7.478332670674383564e+01,-8.694369880007322138e+00,-8.524603164740025818e+01,1.057539332744413940e+01,6.571920631484626796e+00,3.197919919279734735e+00
1.257858962905516620e+02,-3.456968634691539677e+01,7.584086603960106743e+01,6.999299394782281070e+01,-4.943136111922337506e+01,1.057539332744413940e+01,6.571918930152255811e+00,3.197920024912220160e+00
1.335288847491715103e+02,-3.089941268876748381e+01,7.689840537304598911e+01,7.742989374653342338e+01,3.670273666491860354e+01,1.057539332744413940e+01,6.571916020404446002e+00,3.197920017782136970e+00
1.341334665736611669e+02,-2.235194170643740108e+01,7.795594470530097908e+01,6.045815329384915060e+00,8.547470975908123592e+01,1.057539332744413940e+01,6.571925572883063005e+00,3.197919938411637020e+00
1.269841982355152368e+02,-1.762830526087480720e+01,7.901348403706060708e+01,-7.149268119598465887e+01,4.723636457895555196e+01,1.057539332744413940e+01,6.571925587700394367e+00,3.197919798975800365e+00
1.193587893079104134e+02,-2.153700297119318208e+01,8.007102337029948558e+01,-7.625408795334544720e+01,-3.908697701213214515e+01,1.057539332744413940e+01,6.571916768112804341e+00,3.197919819633419536e+00
1.190196441276588359e+02,-3.009911484536549864e+01,8.112856270307726447e+01,-3.391449847650346516e+00,-8.562111870939263270e+01,1.057539332744413940e+01,6.571914181597465543e+00,3.197920017130722492e+00
1.263120008376139225e+02,-3.459870514373716333e+01,8.218610203643801526e+01,7.292356677697037526e+01,-4.499590285505198040e+01,1.057539332744413940e+01,6.571926218979665002e+00,3.197919943036749757e+00
1.338124908176149290e+02,-3.045534550380288152e+01,8.324364136920759449e+01,7.500489992785402649e+01,4.143359624248497397e+01,1.057539332744413940e+01,6.571905044507159843e+00,3.197919983208591610e+00
1.338858729283050479e+02,-2.188683369937717771e+01,8.430118070281235987e+01,7.338203210449132374e-01,8.568511782106500618e+01,1.057539332744413940e+01,6.571915184097004037e+00,3.197920046010557904e+00
1.264574467018375543e+02,-1.761562043280374823e+01,8.535872003517837925e+01,-7.428426987031151896e+01,4.271213284184592851e+01,1.057539332744413940e+01,6.571922749664830476e+00,3.197919858891077549e+00
1.190890948519288202e+02,-2.198965401907045347e+01,8.641625936811142594e+01,-7.368351768581909766e+01,-4.374033605482391351e+01,1.057539332744413940e+01,6.571916463367957206e+00,3.197919974409629607e+00
1.192815464408999162e+02,-3.055631857838973886e+01,8.747379869944370512e+01,1.924518818362240369e+00,-8.566664545444967871e+01,1.057539332744413940e+01,6.571905412756755105e+00,3.197919960243666537e+00
1.268388923622107569e+02,-3.459504384139695077e+01,8.853133803154173620e+01,7.557346164185355519e+01,-4.038725246386725587e+01,1.057539332744413940e+01,6.571912020228195317e+00,3.197919894051849621e+00
1.340680140815129846e+02,-2.999454623761956995e+01,8.958887736480035358e+01,7.229121264296425409e+01,4.600497609734384241e+01,1.057539332744413940e+01,6.571914278360063477e+00,3.197919997585326080e+00
1.336099140267102428e+02,-2.143797429194468052e+01,9.064641669801329726e+01,-4.581002443658040768e+00,8.556571954702432947e+01,1.057539332744413940e+01,6.571916088677294709e+00,3.197919936005874320e+00
1.259309223167889797e+02,-1.763562429866648884e+01,9.170395602954690162e+01,-7.678991332146985371e+01,3.802349971117634908e+01,1.057539332744413940e+01,6.571910122606096749e+00,3.197919794294471707e+00
1.188479887200723226e+02,-2.245815793770213276e+01,9.276149536398378359e+01,-7.082933006000283171e+01,-4.822533644949859166e+01,1.057539332744413940e+01,6.571930377669126244e+00,3.197920110361989643e+00
1.195712963217605136e+02,-3.099640161958262752e+01,9.381903469640006676e+01,7.233083173848857683e+00,-8.538243683814090446e+01,1.057539332744413940e+01,6.571902872423862618e+00,3.197919821653272265e+00
1.273645428307425931e+02,-3.455871661515315196e+01,9.487657402971612441e+01,7.793246120195506421e+01,-3.562314976208927675e+01,1.057539332744413940e+01,6.571917000351604088e+00,3.197919901312928026e+00
1.342944710181774326e+02,-2.951878857535042044e+01,9.593411336175330462e+01,6.929929072844169013e+01,5.039928028024067430e+01,1.057539332744413940e+01,6.571915308712733328e+00,3.197919932852760549e+00
1.333066520493455300e+02,-2.100709119692978177e+01,9.699165269430301350e+01,-9.878191636826379352e+00,8.511697393631094144e+01,1.057539332744413940e+01,6.571914155763379561e+00,3.197920133991021263e+00
1.254066517004830956e+02,-1.768823996057449577e+01,9.804919202688738267e+01,-7.900000728676680239e+01,3.318851244525614419e+01,1.057539332744413940e+01,6.571930771587683573e+00,3.197920009506499017e+00
1.186363989422638667e+02,-2.294071139775374135e+01,9.910673136011800466e+01,-6.770252129637556493e+01,-5.252471474319964528e+01,1.057539332744413940e+01,6.571910280287452721e+00,3.197919934623812743e+00
1.198877785076937244e+02,-3.141767008066912226e+01,1.001642706927688380e+02,1.251379515797625430e+01,-8.476958649267156432e+01,1.057539332744413940e+01,6.571915856033780479e+00,3.197920059717690666e+00
1.278869289869697781e+02,-3.448986324017279514e+01,1.012218100267679546e+02,7.999150613731612225e+01,-3.072193141437443842e+01,1.057539332744413940e+01,6.571900102256158505e+00,3.197919811744924790e+00
1.344909899830063011e+02,-2.902990375573734028e+01,1.022793493583469910e+02,6.604061039024732338e+01,5.459959459346929123e+01,1.057539332744413940e+01,6.571908700707612461e+00,3.197919836306394981e+00
1.329772542673826763e+02,-2.059584286098198547e+01,1.033368886902502766e+02,-1.513735223142361086e+01,8.434060898053562028e+01,1.057539332744413940e+01,6.571907327705765134e+00,3.197919904769763288e+00
1.248866527982413999e+02,-1.777326479789589087e+01,1.043944280231717556e+02,-8.090601809965900770e+01,2.822578069860774264e+01,1.057539332744413940e+01,6.571907939056583992e+00,3.197919975135716353e+00
1.184551399388305981e+02,-2.343545706689873143e+01,1.054519673561245554e+02,-6.431512891749142113e+01,-5.662192288779920801e+01,1.057539332744413940e+01,6.571905680883377343e+00,3.197919784422525336e+00
1.202297748419542955e+02,-3.181850246889641554e+01,1.065095066884819346e+02,1.774635207641028956e+01,-8.383045406491592644e+01,1.057539332744413940e+01,6.571900933412996970e+00,3.197920048884991484e+00
1.284040401390235502e+02,-3.438874874099761314e+01,1.075670460216754378e+02,8.174265563388847511e+01,-2.570246267690082931e+01,1.057539332744413940e+01,6.571915439086366995e+00,3.197919807292956662e+00
1.346568145639883198e+02,-2.852977348292766990e+01,1.086245853537062374e+02,6.252774431733237037e+01,5.858975245962373180e+01,1.057539332744413940e+01,6.571929237814839730e+00,3.197919924262814018e+00
1.326229885504301365e+02,-2.020581223103175006e+01,1.096821246880574137e+02,-2.033826028095538163e+01,8.323961251777699033e+01,1.057539332744413940e+01,6.571913803626410200e+00,3.197919918650826254e+00
1.243729271130465150e+02,-1.789037156402163475e+01,1.107396640201004629e+02,-8.250061551659857173e+01,2.315440630965008495e+01,1.057539332744413940e+01,6.571908461506933641e+00,3.197919998479100467e+00
1.183049093854051819e+02,-2.394049060669547657e+01,1.117972033530628977e+02,-6.068017344363324383e+01,-6.050119005674257266e+01,1.057539332744413940e+01,6.571919311287143017e+00,3.197920093256389151e+00
1.205959689625304065e+02,-3.219735593191818879e+01,1.128547426863378433e+02,2.291059699983399156e+01,-8.256865343926654077e+01,1.057539332744413940e+01,6.571914326408404783e+00,3.197920115252182782e+00
1.289138858988415279e+02,-3.425576233684044780e+01,1.139122820185035607e+02,8.317917207803027679e+01,-2.058406405337819578e+01,1.057539332744413940e+01,6.571910592271098750e+00,3.197919983744357708e+00
1.347913064938045409e+02,-2.802032280565818922e+01,1.149698213509826985e+02,5.877420959637257880e+01,6.235439551138047420e+01,1.057539332744413940e+01,6.571906230088893075e+00,3.197919948896626341e+00
1.322452184858921953e+02,-1.983850056441163900e+01,1.160273606835724962e+02,-2.546088501782558211e+01,8.181822220545413415e+01,1.057539332744413940e+01,6.571908767841291521e+00,3.197919945133600894e+00
1.238674520027231836e+02,-1.803910963829217806e+01,1.170849000158339805e+02,-8.377767238603689748e+01,1.799390944660173730e+01,1.057539332744413940e+01,6.571903158196871431e+00,3.197919966411812975e+00
1.181862855271296269e+02,-2.445386809753641444e+01,1.181424393485651336e+02,-5.681166207710861471e+01,-6.414758486541977334e+01,1.057539332744413940e+01,6.571896339930260567e+00,3.197919974830760292e+00
1.209849513692090994e+02,-3.255277225720210055e+01,1.191999786825968783e+02,2.798665412345145498e+01,-8.098904156811090616e+01,1.057539332744413940e+01,6.571935795684429316e+00,3.197920179722168577e+00
1.294145038428029295e+02,-3.409141586053751638e+01,1.202575180152317671e+02,8.429552891506767764e+01,-1.538643601007156647e+01,1.057539332744413940e+01,6.571920634431130281e+00,3.197919936177646250e+00
1.348939481057845171e+02,-2.750351260218833005e+01,1.213150573474903098e+02,5.479444297312205947e+01,6.587903274595727510e+01,1.057539332744413940e+01,6.571906379599721681e+00,3.197920043982914962e+00
1.318453981307017386e+02,-1.949532165064141154e+01,1.223725966812441612e+02,-3.048550240584389215e+01,8.008190926822118172e+01,1.057539332744413940e+01,6.571921350392291750e+00,3.197919839511782936e+00
1.233721730671878731e+02,-1.821890634731927250e+01,1.234301360142875126e+02,-8.473225454413372404e+01,1.276415332972294436e+01,1.057539332744413940e+01,6.571905565135961247e+00,3.197920023706853687e+00
1.180997249534775904e+02,-2.497361357180680486e+01,1.244876753448276503e+02,-5.272448493726438556e+01,-6.754707229670647450e+01,1.057539332744413940e+01,6.571923485858270020e+00,3.197920034707901316e+00
1.213952248480510150e+02,-3.288338344966849291e+01,1.255452146787434913e+02,3.295499666618993473e+01,-7.909769881277613024e+01,1.057539332744413940e+01,6.571901729844409346e+00,3.197920008752622500e+00
1.299039670663789536e+02,-3.389634195191751331e+01,1.266027540118687966e+02,8.508742083047280857e+01,-1.012958499258019529e+01,1.057539332744413940e+01,6.571919705190194527e+00,3.197920178515552436e+00
1.349643443268260228e+02,-2.698133211845457424e+01,1.276602933456487108e+02,5.060376855026954956e+01,6.915009816896618133e+01,1.057539332744413940e+01,6.571939713844668240e+00,3.197919860154502913e+00
1.314250664145507699e+02,-1.917759639078497358e+01,1.287178326771239654e+02,-3.539277411726938283e+01,7.803735698169761292e+01,1.057539332744413940e+01,6.571925621059421019e+00,3.197919746768763893e+00
1.228889966612623397e+02,-1.842906971466938160e+01,1.297753720095179517e+02,-8.536069876199179873e+01,7.485266709562001353e+00,1.057539332744413940e+01,6.571920847627072959e+00,3.197919873948710467e+00
1.180455608409526604e+02,-2.549772647115376145e+01,1.308329113428019923e+02,-4.843435979954621473e+01,-7.068656798867169755e+01,1.057539332744413940e+01,6.571915537550225395e+00,3.197919984719881814e+00
1.218252102344057164e+02,-3.318791694581003782e+01,1.318904506744705429e+02,3.779649526431653328e+01,-7.690190476233637185e+01,1.057539332744413940e+01,6.571929006814592356e+00,3.197920028690363736e+00
1.303803915997106060e+02,-3.367129137040458176e+01,1.329479900080739014e+02,8.555181638210622452e+01,-4.833744526960821908e+00,1.057539332744413940e+01,6.571912972284188470e+00,3.197920073428316190e+00
1.350022241982401567e+02,-2.645579125255173025e+01,1.340055293409492947e+02,4.621831802628258146e+01,7.215500158353603410e+01,1.057539332744413940e+01,6.571907623420995215e+00,3.197919881372586648e+00
1.309858412164808215e+02,-1.888654775084878423e+01,1.350630686737450219e+02,-4.016383544984485354e+01,7.569243473710973547e+01,1.057539332744413940e+01,6.571929549259861503e+00,3.197919997447872476e+00
1.224197825567606230e+02,-1.866879079578654910e+01,1.361206080068244262e+02,-8.566058489928116160e+01,2.177569568941985612e+00,1.057539332744413940e+01,6.571913839975987770e+00,3.197920050892594013e+00
1.180240016697513994e+02,-2.602418943214216540e+01,1.371781473386929804e+02,-4.395781656584542674e+01,-7.355398649004629874e+01,1.057539332744413940e+01,6.571915965068268584e+00,3.197919861373954120e+00
1.222732524922593740e+02,-3.346520057908801959e+01,1.382356866719646575e+02,4.249251080844955197e+01,-7.441011123887996348e+01,1.057539332744413940e+01,6.571910704660318459e+00,3.197920103044703311e+00
1.308419436593945875e+02,-3.341713046947352694e+01,1.392932260042887833e+02,8.568690712138447907e+01,4.807011952128688592e-01,1.057539332744413940e+01,6.571912227254906647e+00,3.197919997444695017e+00
1.350074419186615557e+02,-2.592891284475477320e+01,1.403507653373484629e+02,4.165498236925967745e+01,7.488217607372499174e+01,1.057539332744413940e+01,6.571920662551949732e+00,3.197919796896347311e+00
1.305294131371262267e+02,-1.862329598315466228e+01,1.414083046692248615e+02,-4.478029156160115321e+01,7.305616846187477620e+01,1.057539332744413940e+01,6.571919176589381628e+00,3.197919918917251803e+00
1.219663367832277885e+02,-1.893714691258900729e+01,1.424658440028198072e+02,-8.563076352247171030e+01,-3.138509428364288922e+00,1.057539332744413940e+01,6.571924939200068039e+00,3.197920104678292574e+00
1.180351304224503082e+02,-2.655097615292348934e+01,1.435233833356716957e+02,-3.931207032903488852e+01,-7.613829218484626438e+01,1.057539332744413940e+01,6.571914985013481036e+00,3.197919946969773441e+00
1.227376270832541962e+02,-3.371416707587520989e+01,1.445809226678235007e+02,4.702496171375095457e+01,-7.163190920279224372e+01,1.057539332744413940e+01,6.571931583134943189e+00,3.197920033260920114e+00
1.312868467075423382e+02,-3.313483741253651971e+01,1.456384619999339520e+02,8.549219355059298664e+01,5.793296723322560737e+00,1.057539332744413940e+01,6.571911807767881974e+00,3.197920171661424948e+00
1.349799774043206924e+02,-2.540272483431188633e+01,1.466960013327835100e+02,3.693130316300531746e+01,7.732112564862025295e+01,1.057539332744413940e+01,6.571919050177283950e+00,3.197919986295189698e+00
1.300575389926145817e+02,-1.838885440096520441e+01,1.477535406665867868e+02,-4.922437555134671072e+01,7.013870477548118743e+01,1.057539332744413940e+01,6.571929531156639470e+00,3.197919906545885205e+00
1.215304046775957687e+02,-1.923310520502213095e+01,1.488110799999167284e+02,-8.527134065015434317e+01,-8.442507999137479402e+00,1.057539332744413940e+01,6.571916075386898370e+00,3.197919957567787907e+00
1.180789042636587851e+02,-2.707605895258171813e+01,1.498686193312025523e+02,-3.451500968821009252e+01,-7.842953773600261513e+01,1.057539332744413940e+01,6.571914429794162515e+00,3.197920139564952802e+00
1.232165466047917164e+02,-3.393385817449851061e+01,1.509261586647515401e+02,5.137642135224361795e+01,-6.857799217410345705e+01,1.057539332744413940e+01,6.571919301473702291e+00,3.197919944089920641e+00
1.317133882884554623e+02,-3.282549885288579361e+01,1.519836979975501947e+02,8.496840930751271515e+01,1.108359355936954138e+01,1.057539332744413940e+01,6.571932017957099248e+00,3.197919942622704514e+00
1.349199363679506973e+02,-2.487925264001928483e+01,1.530412373302382036e+02,3.206547683646621039e+01,7.946246183819383191e+01,1.057539332744413940e+01,6.571926234054230598e+00,3.197919987496850247e+00
1.295720350514285997e+02,-1.818412527764211362e+01,1.540987766630037186e+02,-5.347901330403144726e+01,6.695127369161437514e+01,1.057539332744413940e+01,6.571918454830081302e+00,3.197919984443577501e+00
1.211136641654903059e+02,-1.955552639769339507e+01,1.551563159957958646e+02,-8.458371355686051629e+01,-1.371401103486045336e+01,1.057539332744413940e+01,6.571899724275940713e+00,3.197920040557403087e+00
1.181551547058891174e+02,-2.759741675850164810e+01,1.562138553276514301e+02,-2.958509906880389195e+01,-8.041890381529833576e+01,1.057539332744413940e+01,6.571919143854212386e+00,3.197919966850899076e+00
1.237081676706429931e+02,-3.412342825177297101e+01,1.572713946612913105e+02,5.553012778053265919e+01,-6.526011515128760720e+01,1.057539332744413940e+01,6.571918763371049188e+00,3.197919949708856624e+00
1.321199266213101566e+02,-3.249030538314445238e+01,1.583289339941553067e+02,8.411759040455281422e+01,1.633122900743228456e+01,1.057539332744413940e+01,6.571917730901086330e+00,3.197920164018054567e+00
1.348275499105850486e+02,-2.436051106557760093e+01,1.593864733259865432e+02,2.707623920582350152e+01,8.129794287358259908e+01,1.057539332744413940e+01,6.571910996510879954e+00,3.197919891622925448e+00
1.290747700437975141e+02,-1.800989673196944452e+01,1.604440126592310776e+02,-5.752780669093874621e+01,6.350614365570168474e+01,1.057539332744413940e+01,6.571908473475668089e+00,3.197920034746660534e+00
1.207177193029501581e+02,-1.990316955080031747e+01,1.615015519927252114e+02,-8.357050473230908949e+01,-1.893272823551738426e+01,1.057539332744413940e+01,6.571931342565625833e+00,3.197919984264137483e+00
1.182635882569586272e+02,-2.811304282334336335e+01,1.625590913254114867e+02,-2.454130698648063813e+01,-8.209873318939986575e+01,1.057539332744413940e+01,6.571916853089659227e+00,3.197919957430669147e+00
1.242105980053633516e+02,-3.428214764535244541e+01,1.636166306575519513e+02,5.947009510382780917e+01,-6.169104806379775141e+01,1.057539332744413940e+01,6.571911226673941009e+00,3.197919911195236331e+00
1.325048969185650378e+02,-3.213054717520081738e+01,1.646741699900196068e+02,8.294299763936378156e+01,2.151600474923014517e+01,1.057539332744413940e+01,6.571921288140904593e+00,3.197919880600193832e+00
1.347031736325906479e+02,-2.384849676389618267e+01,1.657317093237556946e+02,2.198276422811309416e+01,8.282050388464894297e+01,1.057539332744413940e+01,6.571922729461856072e+00,3.197919783463135879e+00
1.285676579689108223e+02,-1.786683927005130101e+01,1.667892486560079988e+02,-6.135516294393521974e+01,5.981657505987370627e+01,1.057539332744413940e+01,6.571924112190666634e+00,3.197919914441727407e+00
1.203440941028313063e+02,-2.027469648844109784e+01,1.678467879883352509e+02,-8.223564148476069136e+01,-2.407857231783570384e+01,1.057539332744413940e+01,6.571910002061605915e+00,3.197919879649813168e+00
1.184037875505701152e+02,-2.862095250459696771e+01,1.689043273215178829e+02,-1.940306482302626634e+01,-8.346256030031581474e+01,1.057539332744413940e+01,6.571922736631417017e+00,3.197920077720268317e+00
1.247219037277675966e+02,-3.440940539860552150e+01,1.699618666542082508e+02,6.318116692721515903e+01,-5.788452897662843100e+01,1.057539332744413940e+01,6.571907669597374380e+00,3.197919991865654232e+00
1.328668174089644651e+02,-3.174760901315169193e+01,1.710194059864413703e+02,8.144913910513973576e+01,2.661796427801384723e+01,1.057539332744413940e+01,6.571924476295955664e+00,3.197920019343359677e+00
1.345472862646542183e+02,-2.334518054454614955e+01,1.720769453188148930e+02,1.680468792142799828e+01,8.402428434716642869e+01,1.057539332744413940e+01,6.571923459814852819e+00,3.197919943551420729e+00
1.280526507279683699e+02,-1.775550362400266025e+01,1.731344846535321551e+02,-6.494635559416194326e+01,5.589676943382597329e+01,1.057539332744413940e+01,6.571922353165680519e+00,3.197919994524104137e+00
1.199942266685165890e+02,-2.066867728497124901e+01,1.741920239846729430e+02,-8.058423886404814596e+01,-2.913173659594284359e+01,1.057539332744413940e+01,6.571923028749259821e+00,3.197919897254160482e+00
1.185752129519828060e+02,-2.911919084893659360e+01,1.752495633177331626e+02,-1.419013515571951523e+01,-8.450513534964053974e+01,1.057539332744413940e+01,6.571919742387022367e+00,3.197919919947011191e+00
1.252401167952856440e+02,-3.450471175508685207e+01,1.763071026500263656e+02,6.664904072599833285e+01,-5.385520953677998790e+01,1.057539332744413940e+01,6.571919170034013824e+00,3.197920183170026132e+00
1.332042950417727525e+02,-3.134296482067420087e+01,1.773646419823814142e+02,7.964178117561758086e+01,3.161746992093023323e+01,1.057539332744413940e+01,6.571921441929990948e+00,3.197920069546293931e+00
1.343604878257672794e+02,-2.285249969573050777e+01,1.784221813173714395e+02,1.156192487408766034e+01,8.490465051180412104e+01,1.057539332744413940e+01,6.571926367746962150e+00,3.197919976058613223e+00
1.275317306111345630e+02,-1.767631829360764328e+01,1.794797206484726644e+02,-6.828756684596612558e+01,5.176181389557247314e+01,1.057539332744413940e+01,6.571927154026416140e+00,3.197920034515456589e+00
1.196694636577072259e+02,-2.108359545148432446e+01,1.805372599816918182e+02,-7.862266863278745177e+01,-3.407277129886193023e+01,1.057539332744413940e+01,6.571905915047541846e+00,3.197920001388641964e+00
1.187772046358850559e+02,-2.960584003619543481e+01,1.815947993147309205e+02,-8.922593371234647464e+00,-8.522244591940489045e+01,1.057539332744413940e+01,6.571929319825460247e+00,3.197919970127966582e+00
1.257632425785082120e+02,-3.456769985289249547e+01,1.826523386485761478e+02,6.986038422350709709e+01,-4.961859822787209140e+01,1.057539332744413940e+01,6.571917777454261866e+00,3.197919958654662498e+00
1.335160308475931856e+02,-3.091817203006828407e+01,1.837098779793400070e+02,7.752789070024617502e+01,3.649527792482469124e+01,1.057539332744413940e+01,6.571907877794266106e+00,3.197919985487295058e+00
1.341434973127506964e+02,-2.237235057890626067e+01,1.847674173128760060e+02,6.274663071908276990e+00,8.545821489334717569e+01,1.057539332744413940e+01,6.571911187254464437e+00,3.197920077039477338e+00
1.270069026674486850e+02,-1.762958810583391767e+01,1.858249566448334349e+02,-7.136594693415334234e+01,4.742762484795179034e+01,1.057539332744413940e+01,6.571927413251552608e+00,3.197920017369861423e+00
1.193710551009386336e+02,-2.151785389011594063e+01,1.868824959778025061e+02,-7.635846304564810794e+01,-3.888265798849659660e+01,1.057539332744413940e+01,6.571912229248138004e+00,3.197920009898852278e+00
1.190089851257313995e+02,-3.007902692700324110e+01,1.879400353106025250e+02,-3.620700265978026966e+00,-8.561173064769771202e+01,1.057539332744413940e+01,6.571898164145010490e+00,3.197919954394000452e+00
1.262892675387004857e+02,-3.459812720731665792e+01,1.889975746437289104e+02,7.280282043991967100e+01,-4.519100244404702238e+01,1.057539332744413940e+01,6.571937878063380367e+00,3.197920073293933907e+00
1.338008249389383764e+02,-3.047486583859611997e+01,1.900551139763574611e+02,7.511557797911603984e+01,4.123261369559824630e+01,1.057539332744413940e+01,6.571925707993185206e+00,3.197919913995193042e+00
1.338971499336581417e+02,-2.190658125047220750e+01,1.911126533098544371e+02,9.632523967443692436e-01,8.568284578417321029e+01,1.057539332744413940e+01,6.571888563997817734e+00,3.197919875977181192e+00
1.264801869871010211e+02,-1.761549281971481662e+01,1.921701926408632062e+02,-7.416962611580933640e+01,4.291088419843709545e+01,1.057539332744413940e+01,6.571924617268130930e+00,3.197919877330203775e+00
1.191001495880562118e+02,-2.196978122007016054e+01,1.932277319753352742e+02,-7.380036830376154455e+01,-4.354288346108958763e+01,1.057539332744413940e+01,6.571915352514177577e+00,3.197920269267812809e+00
1.192696622859897815e+02,-3.053693034563498188e+01,1.942852713069351296e+02,1.695130833020052297e+00,-8.567149153106035442e+01,1.057539332744413940e+01,6.571925139909041924e+00,3.197920068175461150e+00
1.268161669778538680e+02,-3.459587677360635638e+01,1.953428106396327451e+02,7.546505562816778934e+01,-4.058946420301603553e+01,1.057539332744413940e+01,6.571934909196755825e+00,3.197919938133578110e+00
1.340575811283044061e+02,-3.001475243982257268e+01,1.964003499724741744e+02,7.241414461716713902e+01,4.581124330240592712e+01,1.057539332744413940e+01,6.571919435914228558e+00,3.197919951388093818e+00
1.336223938925106154e+02,-2.145698453781437465e+01,1.974578893046564190e+02,-4.351869582771946021e+00,8.557767876485803527e+01,1.057539332744413940e+01,6.571904437266115728e+00,3.197919809857370232e+00
1.259536109269709954e+02,-1.763408683145597067e+01,1.985154286373095545e+02,-7.668783441945198831e+01,3.822897709357526708e+01,1.057539332744413940e+01,6.571922585362594660e+00,3.197920107552536528e+00
1.188577898488828737e+02,-2.243763787991085223e+01,1.995729679706210220e+02,-7.095821727360936393e+01,-4.803551012651023910e+01,1.057539332744413940e+01,6.571905601620894544e+00,3.197919930104445640e+00
1.195582327567489500e+02,-3.097778764537124729e+01,2.006305073036852207e+02,7.004434834571763524e+00,-8.540149798889132171e+01,1.057539332744413940e+01,6.571913617083393611e+00,3.197919859875001602e+00
1.273419128322163374e+02,-3.456095713515210122e+01,2.016880466370023157e+02,7.783680025790287971e+01,-3.583169485217674577e+01,1.057539332744413940e+01,6.571912413610474957e+00,3.197919971956258323e+00
1.342853111473646379e+02,-2.953960286867150131e+01,2.027455859692009312e+02,6.943398591226637961e+01,5.021354293738484387e+01,1.057539332744413940e+01,6.571908073151662144e+00,3.197919968888851994e+00
1.333202867397708076e+02,-2.102529096466940928e+01,2.038031253019249220e+02,-9.650244483364827985e+00,8.514311903770584422e+01,1.057539332744413940e+01,6.571911836476041380e+00,3.197919993535201844e+00
1.254292013057854547e+02,-1.768529847723112880e+01,2.048606646341440864e+02,-7.891085747152503416e+01,3.339992476787492137e+01,1.057539332744413940e+01,6.571924261374595844e+00,3.197919818588168983e+00
1.186449087388983656e+02,-2.291962304368701098e+01,2.059182039670984352e+02,-6.784293015531268622e+01,-5.234324562504971112e+01,1.057539332744413940e+01,6.571919294688207458e+00,3.197919756714000972e+00
1.198735858148152289e+02,-3.139990200179081370e+01,2.069757433000684443e+02,1.228677577114897623e+01,-8.480278993397946863e+01,1.057539332744413940e+01,6.571931968169572258e+00,3.197919856741032962e+00
1.278644814785275088e+02,-3.449350274322894450e+01,2.080332826329794216e+02,7.990895705342667554e+01,-3.093600731832924922e+01,1.057539332744413940e+01,6.571917384415231211e+00,3.197919937318292938e+00
1.344831384513622652e+02,-2.905124596554292538e+01,2.090908219657128200e+02,6.618656992240477166e+01,5.442256796931236806e+01,1.057539332744413940e+01,6.571928790873668547e+00,3.197920107140998169e+00
1.329919913021041395e+02,-2.061316212352945243e+01,2.101483612978428255e+02,-1.491147316204865803e+01,8.438083854431141617e+01,1.057539332744413940e+01,6.571914208500603038e+00,3.197919936925177620e+00
1.249089766041367540e+02,-1.776893068172548951e+01,2.101483612981462272e+02,-8.083015452290294434e+01,2.844231451730162163e+01,0.000000000000000000e+00,6.571910102757493988e+00,3.197919938056015265e+00
1.168259619060673629e+02,-1.492469925028018274e+01,2.101483612972567414e+02,-8.083015309139288718e+01,2.844231451290777102e+01,0.000000000000000000e+00,6.571923460020176577e+00,3.197919975243932900e+00
1.087429472081690989e+02,-1.208046781581567508e+01,2.101483612980671296e+02,-8.083014691518314976e+01,2.844231420709941105e+01,0.000000000000000000e+00,6.571917026100004833e+00,3.197920031872602209e+00
1.006599325102730660e+02,-9.236236368101527816e+00,2.101483612982762281e+02,-8.083014190239128993e+01,2.844231425680748160e+01,0.000000000000000000e+00,6.571909965495020600e+00,3.197919803086769708e+00
9.257691781220052007e+01,-6.392004972981276012e+00,2.101483612981751037e+02,-8.083014591614342237e+01,2.844231441634387991e+01,0.000000000000000000e+00,6.571912817283876329e+00,3.197919988585671280e+00
8.449390311415861277e+01,-3.547773506086971285e+00,2.101483612991304426e+02,-8.083014698117794694e+01,2.844231445303302763e+01,0.000000000000000000e+00,6.571921577215534604e+00,3.197920084247514616e+00
7.641088841630786987e+01,-7.035420904285496491e-01,2.101483612992134908e+02,-8.083014606761281584e+01,2.844231437623400538e+01,0.000000000000000000e+00,6.571908691175124773e+00,3.197919856508131708e+00
6.832787371828206346e+01,2.140689343183978632e+00,2.101483612977231701e+02,-8.083014702914968552e+01,2.844231435047059620e+01,0.000000000000000000e+00,6.571900013437386612e+00,3.197919957364856458e+00
6.024485902028209239e+01,4.984920813903435111e+00,2.101483612973960078e+02,-8.083015108887443034e+01,2.844231432387554293e+01,0.000000000000000000e+00,6.571918130347251363e+00,3.197919956376914286e+00
5.216184432227708356e+01,7.829152221807974321e+00,2.101483612981046178e+02,-8.083014958078128132e+01,2.844231446987932443e+01,0.000000000000000000e+00,6.571935854160463997e+00,3.197920123758136057e+00
4.407882962430022644e+01,1.067338367252204989e+01,2.101483612981433282e+02,-8.083014120421459836e+01,2.844231438430994174e+01,0.000000000000000000e+00,6.571922564202049344e+00,3.197920011550877906e+00
3.599581492637371127e+01,1.351761508624531238e+01,2.101483612987311176e+02,-8.083014645000113774e+01,2.844231431701981094e+01,0.000000000000000000e+00,6.571899640283890953e+00,3.197920216404610549e+00
2.791280022848910036e+01,1.636184652056741129e+01,2.101483612994111354e+02,-8.083015048410165093e+01,2.844231411392796005e+01,0.000000000000000000e+00,6.571903108096902812e+00,3.197919958272693375e+00
1.982978553045017733e+01,1.920607795274248275e+01,2.101483612990753329e+02,-8.083015099926042524e+01,2.844231437623331615e+01,0.000000000000000000e+00,6.571905414669137357e+00,3.197919888458036652e+00
1.174677083234302444e+01,2.205030937312890416e+01,2.101483612981904798e+02,-8.083015067793758135e+01,2.844231430193002552e+01,0.000000000000000000e+00,6.571927448921506709e+00,3.197919933476213394e+00
3.663756134435132150e+00,2.489454079114552343e+01,2.101483612978172175e+02,-8.083013938217828809e+01,2.844231431030335600e+01,0.000000000000000000e+00,6.571893495451307743e+00,3.197919938331923007e+00
-4.419258563547104224e+00,2.773877226214705516e+01,2.101483612981002693e+02,-8.083013574967795023e+01,2.844231448718520028e+01,0.000000000000000000e+00,6.571927706308911432e+00,3.197919971758997448e+00
-1.250227326142297812e+01,3.058300368836466987e+01,2.101483612987888137e+02,-8.083014998417958452e+01,2.844231435556680765e+01,0.000000000000000000e+00,6.571918288220263804e+00,3.197920113109020246e+00
-2.058528795942383383e+01,3.342723513017841697e+01,2.101483612972166668e+02,-8.083014582164005901e+01,2.844231441412940242e+01,0.000000000000000000e+00,6.571897729466794402e+00,3.197919936390310358e+00
-2.866830265751924856e+01,3.627146654967719996e+01,2.101483612981544411e+02,-8.083014337303194452e+01,2.844231433153642641e+01,0.000000000000000000e+00,6.571918507027976197e+00,3.197920058463508575e+00
-3.675131735542965572e+01,3.911569799761970501e+01,2.101483612979464795e+02,-8.083015242860444971e+01,2.844231426408108021e+01,0.000000000000000000e+00,6.571923376932766736e+00,3.197920108814814366e+00
-4.483433205350565487e+01,4.195992942066044407e+01,2.101483612980269982e+02,-8.083014568198950656e+01,2.844231433106449813e+01,0.000000000000000000e+00,6.571913012803522136e+00,3.197920063322419626e+00
-5.291734675142315325e+01,4.480416084475335481e+01,2.101483612986000082e+02,-8.083014468534288710e+01,2.844231424729216684e+01,0.000000000000000000e+00,6.571918092602223815e+00,3.197920088025248742e+00
-6.100036144932635551e+01,4.764839230565598882e+01,2.101483612991233940e+02,-8.083014555286224834e+01,2.844231417475450030e+01,0.000000000000000000e+00,6.571905279999949556e+00,3.197920001626285647e+00
-6.908337614724317177e+01,5.049262374462882974e+01,2.101483612987007632e+02,-8.083014760842523572e+01,2.844231435807096275e+01,0.000000000000000000e+00,6.571913777732085293e+00,3.197920017606615151e+00
-7.716639084522630299e+01,5.333685518934877479e+01,2.101483612988268135e+02,-8.083015089497116890e+01,2.844231441312642161e+01,0.000000000000000000e+00,6.571926487855924037e+00,3.197919833834897752e+00
-8.524940554333494447e+01,5.618108658886210804e+01,2.101483612981555495e+02,-8.083014345998519445e+01,2.844231434756047605e+01,0.000000000000000000e+00,6.571915365338797166e+00,3.197920142467991056e+00
-9.333242024116663060e+01,5.902531804708915786e+01,2.101483612991959831e+02,-8.083014533719125438e+01,2.844231423818233040e+01,0.000000000000000000e+00,6.571923588185328846e+00,3.197919975878845023e+00
-1.014154349392578212e+02,6.186954945605316425e+01,2.101483612989692631e+02,-8.083014131529249369e+01,2.844231448260715567e+01,0.000000000000000000e+00,6.571923358444799135e+00,3.197920113500273942e+00
-1.094984496372047715e+02,6.471378087874522578e+01,2.101483612979868099e+02,-8.083014872752696078e+01,2.844231439064788347e+01,0.000000000000000000e+00,6.571916280048037073e+00,3.197920034301021452e+00
-1.175814643352523774e+02,6.755801234232181685e+01,2.101483612986580169e+02,-8.083014757059001454e+01,2.844231438901443454e+01,0.000000000000000000e+00,6.571909741966198482e+00,3.197919752478810995e+00
-1.256644790331662307e+02,7.040224377517186838e+01,2.101483612993182533e+02,-8.083014376295963643e+01,2.844231446090877213e+01,0.000000000000000000e+00,6.571915311943604898e+00,3.197920022084589586e+00
-1.337474937311572205e+02,7.324647518566466431e+01,2.101483612982697480e+02,-8.083013961859215613e+01,2.844231428050684229e+01,0.000000000000000000e+00,6.571908143502596999e+00,3.197919985977509150e+00
-1.418305084292014158e+02,7.609070663964803316e+01,2.101483612975449660e+02,-8.083014951899332345e+01,2.844231427154627667e+01,0.000000000000000000e+00,6.571927007332163839e+00,3.197920047382735831e+00
-1.499135231270269628e+02,7.893493804742446684e+01,2.101483612992075507e+02,-8.083014142010702585e+01,2.844231449626042973e+01,0.000000000000000000e+00,6.571907388943166062e+00,3.197919929415582008e+00
-1.579965378251609422e+02,8.177916948152429200e+01,2.101483612980127020e+02,-8.083014902632083931e+01,2.844231428728294730e+01,0.000000000000000000e+00,6.571917592884648052e+00,3.197919982281268059e+00
-1.660795525230419685e+02,8.462340091676344400e+01,2.101483612986246499e+02,-8.083014654911499974e+01,2.844231436984022565e+01,0.000000000000000000e+00,6.571917670929983579e+00,3.197919832234503712e+00
-1.741625672210198843e+02,8.746763238987709599e+01,2.101483612985424259e+02,-8.083015066961119999e+01,2.844231438285843439e+01,0.000000000000000000e+00,6.571914872074826164e+00,3.197919921065648374e+00
-1.822455819189792692e+02,9.031186378408457927e+01,2.101483612985500145e+02,-8.083014721329649888e+01,2.844231427390207045e+01,0.000000000000000000e+00,6.571920143687138172e+00,3.197920133991765557e+00
-1.903285966169810877e+02,9.315609522328720971e+01,2.101483612981898830e+02,-8.083014954833529941e+01,2.844231420488623741e+01,0.000000000000000000e+00,6.571908425981137114e+00,3.197920152005334415e+00
-1.984116113149434852e+02,9.600032667231408823e+01,2.101483612981885472e+02,-8.083014927544415684e+01,2.844231444988505331e+01,0.000000000000000000e+00,6.571888668408811363e+00,3.197919951101575009e+00
-2.064946260129179336e+02,9.884455810249090746e+01,2.101483612979587008e+02,-8.083015124669223894e+01,2.844231419340941258e+01,0.000000000000000000e+00,6.571914182863172194e+00,3.197919774397570691e+00
-2.145776407109086961e+02,1.016887895190971847e+02,2.101483612990877532e+02,-8.083014702812302232e+01,2.844231430755673529e+01,0.000000000000000000e+00,6.571886571535706878e+00,3.197919902542711412e+00
-2.226606554088523353e+02,1.045330209423529055e+02,2.101483612991774237e+02,-8.083014695228854407e+01,2.844231436998269302e+01,0.000000000000000000e+00,6.571911282898289741e+00,3.197919904356700815e+00
-2.307436701068125444e+02,1.073772523971199035e+02,2.101483612980463533e+02,-8.083014858606249220e+01,2.844231441882786271e+01,0.000000000000000000e+00,6.571917784530362461e+00,3.197920127108138555e+00
-2.388266848049214275e+02,1.102214838091081504e+02,2.101483612969204842e+02,-8.083014081277518414e+01,2.844231432589533881e+01,0.000000000000000000e+00,6.571895779686137473e+00,3.197920038930171405e+00
-2.469096995029024129e+02,1.130657152685651567e+02,2.101483612987545087e+02,-8.083014572608408344e+01,2.844231433193391823e+01,0.000000000000000000e+00,6.571893096222603425e+00,3.197920058162579959e+00
-2.549927142007809096e+02,1.159099467056218629e+02,2.101483612978537678e+02,-8.083014752656345081e+01,2.844231443435641182e+01,0.000000000000000000e+00,6.571913976184066364e+00,3.197920177227139504e+00
-2.630757288988099276e+02,1.187541781077532193e+02,2.101483612986140770e+02,-8.083014876114157232e+01,2.844231450561054331e+01,0.000000000000000000e+00,6.571918601271230287e+00,3.197920054495000386e+00
-2.711587435967831539e+02,1.215984095273576884e+02,2.101483612976606139e+02,-8.083013787852185317e+01,2.844231432398987991e+01,0.000000000000000000e+00,6.571910421076091247e+00,3.197920014404475708e+00
-2.792417582947188066e+02,1.244426409758179091e+02,2.101483612978132669e+02,-8.083014193386763679e+01,2.844231431401321686e+01,0.000000000000000000e+00,6.571917306833089611e+00,3.197919958463909307e+00
-2.873247729927062437e+02,1.272868724390296649e+02,2.101483612983558089e+02,-8.083014736054093419e+01,2.844231444928983166e+01,0.000000000000000000e+00,6.571901401179686353e+00,3.197920019825771121e+00
-2.954077876906324036e+02,1.301311038689773625e+02,2.101483612985529419e+02,-8.083014548210775274e+01,2.844231454787423630e+01,0.000000000000000000e+00,6.571931927645277227e+00,3.197919895335088469e+00
-3.034908023887032300e+02,1.329753352825619004e+02,2.101483612970922650e+02,-8.083014753630916971e+01,2.844231442053752446e+01,0.000000000000000000e+00,6.571909776860756836e+00,3.197920072310108441e+00
-3.115738170867300028e+02,1.358195667209216992e+02,2.101483612976567485e+02,-8.083014531948082038e+01,2.844231427952299995e+01,0.000000000000000000e+00,6.571923794421825171e+00,3.197919658843301427e+00
-3.196568317846771947e+02,1.386637981427813600e+02,2.101483612990768108e+02,-8.083014418722798666e+01,2.844231421720881769e+01,0.000000000000000000e+00,6.571927379475885900e+00,3.197919940411206419e+00
-3.277398464826032409e+02,1.415080295900840781e+02,2.101483612987393315e+02,-8.083014618774373616e+01,2.844231430100927938e+01,0.000000000000000000e+00,6.571905735903561308e+00,3.197919973285999973e+00
-3.358228611806520121e+02,1.443522610279039498e+02,2.101483612978590827e+02,-8.083014358978844882e+01,2.844231432064216847e+01,0.000000000000000000e+00,6.571908628680934505e+00,3.197919962878736033e+00
-3.439058758785055261e+02,1.471964924431258623e+02,2.101483612976851987e+02,-8.083014286738382737e+01,2.844231438407614121e+01,0.000000000000000000e+00,6.571919296269079780e+00,3.197920034319993832e+00
-3.519888905765786262e+02,1.500407239014194261e+02,2.101483612980864848e+02,-8.083014312249044053e+01,2.844231426165736920e+01,0.000000000000000000e+00,6.571911285783620826e+00,3.197919951222030210e+00
-3.600719052745123463e+02,1.528849553340920977e+02,2.101483612981656393e+02,-8.083014853658950472e+01,2.844231419240187719e+01,0.000000000000000000e+00,6.571912601338164350e+00,3.197919847900990931e+00
-3.681549199725137100e+02,1.557291867417865490e+02,2.101483612983654155e+02,-8.083015134825137693e+01,2.844231438348676022e+01,0.000000000000000000e+00,6.571910696106767702e+00,3.197919875085400765e+00
-3.762379346705217245e+02,1.585734181813698456e+02,2.101483612987772176e+02,-8.083015271869514606e+01,2.844231430469835331e+01,0.000000000000000000e+00,6.571921908789566835e+00,3.197919993612294398e+00
-3.843209493684277618e+02,1.614176496418491809e+02,2.101483612984889078e+02,-8.083014337161247909e+01,2.844231434916806833e+01,0.000000000000000000e+00,6.571923268433676135e+00,3.197919959835105352e+00
-3.924039640663474984e+02,1.642618810409227024e+02,2.101483612977283428e+02,-8.083014855112290320e+01,2.844231432910459390e+01,0.000000000000000000e+00,6.571924936733884337e+00,3.197919861722257284e+00
-4.004869787644119015e+02,1.671061125000863683e+02,2.101483612978354074e+02,-8.083015461630151322e+01,2.844231419829293728e+01,0.000000000000000000e+00,6.571920449665397790e+00,3.197919795796625220e+00
-4.085699934623302170e+02,1.699503439307183044e+02,2.101483612980931923e+02,-8.083014654048511716e+01,2.844231433475494342e+01,0.000000000000000000e+00,6.571923817255631128e+00,3.197920004617013756e+00
-4.166530081602750215e+02,1.727945753443974297e+02,2.101483612993585268e+02,-8.083014504139028134e+01,2.844231438871004514e+01,0.000000000000000000e+00,6.571911254381488376e+00,3.197920038157350042e+00
-4.247360228583489743e+02,1.756388068095069457e+02,2.101483612982099487e+02,-8.083014798865823991e+01,2.844231418839107306e+01,0.000000000000000000e+00,6.571933417567406011e+00,3.197920105662864110e+00
-4.328190375562671193e+02,1.784830382496232062e+02,2.101483612988781147e+02,-8.083014852471036704e+01,2.844231446799634000e+01,0.000000000000000000e+00,6.571921545886538318e+00,3.197919954241273288e+00
-4.409020522543253833e+02,1.813272696631570113e+02,2.101483612981943452e+02,-8.083015180385315546e+01,2.844231442248875297e+01,0.000000000000000000e+00,6.571921726226442217e+00,3.197919931788595349e+00
-4.489850669522888325e+02,1.841715010844829408e+02,2.101483612987952370e+02,-8.083014428593040179e+01,2.844231419299156371e+01,0.000000000000000000e+00,6.571914328641828895e+00,3.197919770616583612e+00
-4.570680816501858317e+02,1.870157325411007037e+02,2.101483612987196921e+02,-8.083014328241961266e+01,2.844231409858044657e+01,0.000000000000000000e+00,6.571904497682406365e+00,3.197919986063879616e+00
-4.651510963481861722e+02,1.898599639834964421e+02,2.101483612986649803e+02,-8.083014848105503347e+01,2.844231427175049021e+01,0.000000000000000000e+00,6.571910127061745932e+00,3.197919869796352899e+00
-4.732341110462488132e+02,1.927041953769400209e+02,2.101483612981317890e+02,-8.083014393767224703e+01,2.844231418500265107e+01,0.000000000000000000e+00,6.571932301859759740e+00,3.197919859751902294e+00
-4.813171257441729836e+02,1.955484268292590286e+02,2.101483612980359226e+02,-8.083014937994907712e+01,2.844231433776052498e+01,0.000000000000000000e+00,6.571922945741540012e+00,3.197920053902294502e+00
-4.894001404421246662e+02,1.983926582774392671e+02,2.101483612981810154e+02,-8.083014711887527426e+01,2.844231434878618714e+01,0.000000000000000000e+00,6.571918597875933798e+00,3.197919974514366270e+00
-4.974831551401435945e+02,2.012368897000818606e+02,2.101483612979523059e+02,-8.083014687356933337e+01,2.844231422106949836e+01,0.000000000000000000e+00,6.571913310757629745e+00,3.197920160425405278e+00
-5.055661698382014038e+02,2.040811210944917775e+02,2.101483612992612962e+02,-8.083014177563767078e+01,2.844231424718399026e+01,0.000000000000000000e+00,6.571921782397394551e+00,3.197919932904684792e+00
-5.136491845361180140e+02,2.069253525521323525e+02,2.101483612978775284e+02,-8.083014934937348528e+01,2.844231441758281775e+01,0.000000000000000000e+00,6.571925408341783736e+00,3.197920008845116513e+00
-5.217321992340001771e+02,2.097695839562056790e+02,2.101483612986797596e+02,-8.083014126099739372e+01,2.844231422723561309e+01,0.000000000000000000e+00,6.571914452869622281e+00,3.197920036921127362e+00
-5.298152139321084633e+02,2.126138154351878313e+02,2.101483612979878330e+02,-8.083015026959392912e+01,2.844231430114222903e+01,0.000000000000000000e+00,6.571918365477522173e+00,3.197920119281017826e+00
-5.378982286301006752e+02,2.154580468589107056e+02,2.101483612976308279e+02,-8.083014523022667674e+01,2.844231437542853413e+01,0.000000000000000000e+00,6.571916969743131887e+00,3.197920016733514448e+00
-5.459812433279429342e+02,2.183022782818853216e+02,2.101483612983227260e+02,-8.083014478330022712e+01,2.844231427319396133e+01,0.000000000000000000e+00,6.571908264134902922e+00,3.197919983777106623e+00
-5.540642580259817578e+02,2.211465097397048680e+02,2.101483612978574911e+02,-8.083014912263770668e+01,2.844231424201471725e+01,0.000000000000000000e+00,6.571919695715203069e+00,3.197919761110981085e+00
-5.621472727238622156e+02,2.239907411781985616e+02,2.101483612981580222e+02,-8.083014513980199922e+01,2.844231423916381729e+01,0.000000000000000000e+00,6.571910714422585897e+00,3.197919972205900407e+00
-5.702302874218981970e+02,2.268349725824380982e+02,2.101483612975040103e+02,-8.083014996280660114e+01,2.844231437088008718e+01,0.000000000000000000e+00,6.571920281029103528e+00,3.197920027831600454e+00
-5.783133021198348160e+02,2.296792040262833154e+02,2.101483612968352759e+02,-8.083014987389076111e+01,2.844231434564846950e+01,0.000000000000000000e+00,6.571904183773293440e+00,3.197920031228406845e+00
-5.863963168178934211e+02,2.325234354636212686e+02,2.101483612977220901e+02,-8.083015057545712523e+01,2.844231420777895281e+01,0.000000000000000000e+00,6.571911195496392466e+00,3.197920141616532153e+00
-5.944793315159204212e+02,2.353676669092622546e+02,2.101483612984378055e+02,-8.083014545676576290e+01,2.844231439495196412e+01,0.000000000000000000e+00,6.571920407148740928e+00,3.197919995212946898e+00
-6.025623462138123614e+02,2.382118983380115935e+02,2.101483612988448328e+02,-8.083015405516867702e+01,2.844231425515713596e+01,0.000000000000000000e+00,6.571923652841616281e+00,3.197919853177610072e+00
-6.106453609118351551e+02,2.410561297692855192e+02,2.101483612985063587e+02,-8.083014575770289412e+01,2.844231443124688496e+01,0.000000000000000000e+00,6.571922119732661827e+00,3.197919924122252677e+00
-6.187283756097310743e+02,2.439003611540533427e+02,2.101483612987118192e+02,-8.083014888460328962e+01,2.844231426474065216e+01,0.000000000000000000e+00,6.571904235218886114e+00,3.197920016601222493e+00
-6.268113903077015721e+02,2.467445926312410620e+02,2.101483612983604417e+02,-8.083014440285779756e+01,2.844231432516160751e+01,0.000000000000000000e+00,6.571917709927370232e+00,3.197920078564179036e+00
-6.348944050056471724e+02,2.495888240610312323e+02,2.101483612981432429e+02,-8.083014343810070557e+01,2.844231427420656644e+01,0.000000000000000000e+00,6.571905779011104620e+00,3.197919909802092508e+00
-6.429774197038502734e+02,2.524330554984502726e+02,2.101483612989042342e+02,-8.083014706397165128e+01,2.844231427213911445e+01,0.000000000000000000e+00,6.571916024857418215e+00,3.197919989809663743e+00
-6.510604344017339145e+02,2.552772869096216368e+02,2.101483612980630085e+02,-8.083014941783861218e+01,2.844231430375223013e+01,0.000000000000000000e+00,6.571922616789525051e+00,3.197920136587421691e+00
-6.591434490996598470e+02,2.581215183649097753e+02,2.101483612983261366e+02,-8.083014860718441241e+01,2.844231436350541387e+01,0.000000000000000000e+00,6.571916199799862746e+00,3.197920030427211735e+00
-6.672264637977697248e+02,2.609657497930534191e+02,2.101483612990066661e+02,-8.083014858802785341e+01,2.844231443923442981e+01,0.000000000000000000e+00,6.571907121996960477e+00,3.197919897142669665e+00
-6.753094784956598460e+02,2.638099812250199534e+02,2.101483612984584397e+02,-8.083014922884859743e+01,2.844231439178284759e+01,0.000000000000000000e+00,6.571913099679201231e+00,3.197920098578793002e+00
-6.833924931936672920e+02,2.666542126696989499e+02,2.101483612986806122e+02,-8.083014294943406242e+01,2.844231438255886601e+01,0.000000000000000000e+00,6.571932256257897009e+00,3.197919813680445866e+00
-6.914755078915799231e+02,2.694984440807206170e+02,2.101483612985497587e+02,-8.083013880062735268e+01,2.844231432270110815e+01,0.000000000000000000e+00,6.571917414160084903e+00,3.197919935082545351e+00
-6.995585225895150643e+02,2.723426755139397528e+02,2.101483612974165851e+02,-8.083014951925312630e+01,2.844231424346515524e+01,0.000000000000000000e+00,6.571902309078137883e+00,3.197919892853874568e+00
-7.076415372875802632e+02,2.751869069520701032e+02,2.101483612988865559e+02,-8.083014861118992656e+01,2.844231422639279572e+01,0.000000000000000000e+00,6.571914523566013244e+00,3.197919859022455125e+00
-7.157245519855309794e+02,2.780311383901675981e+02,2.101483612976351196e+02,-8.083014623167304080e+01,2.844231425422404413e+01,0.000000000000000000e+00,6.571893940515268540e+00,3.197920097560860597e+00
-7.238075666836066375e+02,2.808753698349842125e+02,2.101483612974638220e+02,-8.083013964357783721e+01,2.844231451125727261e+01,0.000000000000000000e+00,6.571918551373320483e+00,3.197919953801062753e+00
-7.318905813814684507e+02,2.837196012661655118e+02,2.101483612981774627e+02,-8.083014228959970637e+01,2.844231420856150550e+01,0.000000000000000000e+00,6.571919016906298872e+00,3.197919886554861701e+00
-7.399735960795514984e+02,2.865638326865666841e+02,2.101483612976365976e+02,-8.083014768559232266e+01,2.844231447730886941e+01,0.000000000000000000e+00,6.571922545858599918e+00,3.197920060931561448e+00
-7.480566107774582179e+02,2.894080641169045407e+02,2.101483612985392426e+02,-8.083013995647868910e+01,2.844231448339516177e+01,0.000000000000000000e+00,6.571927383939587308e+00,3.197919920113724501e+00
-7.561396254753850599e+02,2.922522955372900810e+02,2.101483612982400757e+02,-8.083015634710530151e+01,2.844231437822472941e+01,0.000000000000000000e+00,6.571917627480265978e+00,3.197919886567171854e+00
-7.642226401733810235e+02,2.950965269910715847e+02,2.101483612987466643e+02,-8.083013914667708377e+01,2.844231409889639650e+01,0.000000000000000000e+00,6.571925044277377559e+00,3.197920030562662053e+00
-7.723056548713519760e+02,2.979407584314648716e+02,2.101483612988261029e+02,-8.083014149428912276e+01,2.844231418050906512e+01,0.000000000000000000e+00,6.571929075731934411e+00,3.197919901456586889e+00
-7.803886695693898901e+02,3.007849898596734874e+02,2.101483612989653409e+02,-8.083014386791941774e+01,2.844231427310899818e+01,0.000000000000000000e+00,6.571902300514089745e+00,3.197920025809563249e+00
-7.884716842673032033e+02,3.036292212906752184e+02,2.101483612971525474e+02,-8.083014346656491966e+01,2.844231424120802387e+01,0.000000000000000000e+00,6.571908166389286876e+00,3.197919997322160146e+00
-7.965546989653638548e+02,3.064734527205132508e+02,2.101483612980276519e+02,-8.083014228602810647e+01,2.844231422791456154e+01,0.000000000000000000e+00,6.571904368142179820e+00,3.197919720214724482e+00
-8.046377136632918337e+02,3.093176841754803377e+02,2.101483612973906645e+02,-8.083014381925869429e+01,2.844231419635995550e+01,0.000000000000000000e+00,6.571911518160336030e+00,3.197919832796064732e+00
-8.127207283613086020e+02,3.121619155856186012e+02,2.101483612981272699e+02,-8.083014774665605273e+01,2.844231447373931587e+01,0.000000000000000000e+00,6.571919177165200132e+00,3.197920136877638431e+00
-8.208037430593190038e+02,3.150061470171980318e+02,2.101483612980682949e+02,-8.083015233651148890e+01,2.844231435267236208e+01,0.000000000000000000e+00,6.571922093316937996e+00,3.197919848968878931e+00
-8.288867577572123082e+02,3.178503784561576140e+02,2.101483612976070106e+02,-8.083014582859469499e+01,2.844231417722091138e+01,0.000000000000000000e+00,6.571915633283140323e+00,3.197919865324670763e+00
-8.369697724551755300e+02,3.206946098881351190e+02,2.101483612981510305e+02,-8.083014460066762297e+01,2.844231438699733872e+01,0.000000000000000000e+00,6.571916850936304400e+00,3.197919915879918751e+00
-8.450527871531297706e+02,3.235388413242990850e+02,2.101483612978870212e+02,-8.083014866938074761e+01,2.844231429533293465e+01,0.000000000000000000e+00,6.571919109807661918e+00,3.197919801034254217e+00
-8.531358018512354420e+02,3.263830727476801599e+02,2.101483612991954715e+02,-8.083014155241802712e+01,2.844231435317110623e+01,0.000000000000000000e+00,6.571907761790511948e+00,3.197919845226198099e+00
-8.612188165490888423e+02,3.292273042026443477e+02,2.101483612982273144e+02,-8.083014901064824187e+01,2.844231432832556905e+01,0.000000000000000000e+00,6.571919441571674625e+00,3.197920057744671141e+00
-8.693018312471207309e+02,3.320715356488008183e+02,2.101483612979226052e+02,-8.083013941253170742e+01,2.844231418033855618e+01,0.000000000000000000e+00,6.571922988550948475e+00,3.197919957064466523e+00
-8.773848459452303814e+02,3.349157670103417672e+02,2.101483612985784077e+02,-8.083015192441763475e+01,2.844231440952201595e+01,0.000000000000000000e+00,6.571902992810334965e+00,3.197919977573424610e+00
-8.854678606430341006e+02,3.377599984954588876e+02,2.101483612992967096e+02,-8.083013695151917943e+01,2.844231427473660645e+01,0.000000000000000000e+00,6.571920642314519334e+00,3.197920074517165201e+00
-8.935508753409720839e+02,3.406042299241626097e+02,2.101483612985426248e+02,-8.083014069652656985e+01,2.844231450582152476e+01,0.000000000000000000e+00,6.571934455283914289e+00,3.197919911575382468e+00
-9.016338900390720710e+02,3.434484613762688241e+02,2.101483612984914942e+02,-8.083015207205755814e+01,2.844231440459446603e+01,0.000000000000000000e+00,6.571910682491576061e+00,3.197920064145748587e+00
-9.097169047369789041e+02,3.462926927838591951e+02,2.101483612980659075e+02,-8.083014268268941294e+01,2.844231406695459796e+01,0.000000000000000000e+00,6.571908714616204072e+00,3.197919915685138559e+00
-9.177999194350669541e+02,3.491369242437136222e+02,2.101483612984384024e+02,-8.083014531291971139e+01,2.844231426173298161e+01,0.000000000000000000e+00,6.571924735339233159e+00,3.197920169939392654e+00
-9.258829341329129647e+02,3.519811556638111369e+02,2.101483612990985250e+02,-8.083014159888622885e+01,2.844231434296463235e+01,0.000000000000000000e+00,6.571926528923430766e+00,3.197919892576320589e+00
-9.339659488310236384e+02,3.548253871095406566e+02,2.101483612977550308e+02,-8.083013707132377590e+01,2.844231443315727148e+01,0.000000000000000000e+00,6.571906921554699466e+00,3.197919965134878861e+00
-9.420489635289129637e+02,3.576696185239606507e+02,2.101483612997342334e+02,-8.083015091680123021e+01,2.844231440466548833e+01,0.000000000000000000e+00,6.571916262677047094e+00,3.197920020309738653e+00
-9.501319782269696361e+02,3.605138499553883662e+02,2.101483612978882149e+02,-8.083014864812332689e+01,2.844231415605191771e+01,0.000000000000000000e+00,6.571919169621282641e+00,3.197920046268543981e+00
-9.582149929248278113e+02,3.633580813867075676e+02,2.101483612996517252e+02,-8.083014944476938979e+01,2.844231415561192833e+01,0.000000000000000000e+00,6.571925298276177330e+00,3.197920163358033641e+00
-9.662980076227614745e+02,3.662023128030939461e+02,2.101483612983113858e+02,-8.083015065588625703e+01,2.844231444622852578e+01,0.000000000000000000e+00,6.571912866966102662e+00,3.197919864292367187e+00
-9.743810223207707395e+02,3.690465442676363637e+02,2.101483612989259200e+02,-8.083015045781762353e+01,2.844231411389085906e+01,0.000000000000000000e+00,6.571918398150825347e+00,3.197920012853023408e+00
-9.824640370188363931e+02,3.718907756842561980e+02,2.101483612980603084e+02,-8.083014482426946756e+01,2.844231431886844419e+01,0.000000000000000000e+00,6.571906088399554591e+00,3.197919990673101065e+00
-9.905470517168279230e+02,3.747350071121682618e+02,2.101483612980252076e+02,-8.083014928006804212e+01,2.844231432099122969e+01,0.000000000000000000e+00,6.571921372368786152e+00,3.197920024668631900e+00
-9.986300664148445776e+02,3.775792385397321027e+02,2.101483612977177415e+02,-8.083014499976715683e+01,2.844231419098234426e+01,0.000000000000000000e+00,6.571910700833798025e+00,3.197920211579659444e+00
-1.006713081112805412e+03,3.804234699996172253e+02,2.101483612976460904e+02,-8.083014502193339013e+01,2.844231413380719076e+01,0.000000000000000000e+00,6.571928832845451929e+00,3.197919940144826612e+00
-1.014796095810718043e+03,3.832677014286569488e+02,2.101483612978929045e+02,-8.083014633104536983e+01,2.844231444573657797e+01,0.000000000000000000e+00,6.571926562035931951e+00,3.197919935533153346e+00
-1.022879110508653071e+03,3.861119328527434504e+02,2.101483612973704851e+02,-8.083015076890957573e+01,2.844231438687168634e+01,0.000000000000000000e+00,6.571912627550354991e+00,3.197920044533574924e+00
-1.030962125206643577e+03,3.889561642865078852e+02,2.101483612984944216e+02,-8.083014562775312584e+01,2.844231444565350131e+01,0.000000000000000000e+00,6.571895704009279804e+00,3.197919906080927355e+00
-1.039045139904567577e+03,3.918003957320780160e+02,2.101483612976729773e+02,-8.083013961205688247e+01,2.844231431606574745e+01,0.000000000000000000e+00,6.571911097975652538e+00,3.197920151925101706e+00
-1.047128154602705308e+03,3.946446271526404530e+02,2.101483612993631311e+02,-8.083014204166755690e+01,2.844231435421946586e+01,0.000000000000000000e+00,6.571921833801734003e+00,3.197920001026151038e+00
-1.055211169300587471e+03,3.974888585833570005e+02,2.101483612970840795e+02,-8.083014984111295576e+01,2.844231441138099115e+01,0.000000000000000000e+00,6.571918625553979432e+00,3.197919956178815415e+00
-1.063294183998576955e+03,4.003330900056049586e+02,2.101483612986047547e+02,-8.083014734099069187e+01,2.844231432973763063e+01,0.000000000000000000e+00,6.571897008283432484e+00,3.197920005287735457e+00
-1.071377198696528694e+03,4.031773214571124981e+02,2.101483612979914994e+02,-8.083014933884767572e+01,2.844231430531096905e+01,0.000000000000000000e+00,6.571914672098464472e+00,3.197920268568983371e+00
-1.079460213394509992e+03,4.060215528907303337e+02,2.101483612990729739e+02,-8.083014477646526075e+01,2.844231424597014168e+01,0.000000000000000000e+00,6.571884099323431094e+00,3.197919934327738467e+00
-1.087543228092531081e+03,4.088657843308548649e+02,2.101483612982919169e+02,-8.083014442022870583e+01,2.844231419551820750e+01,0.000000000000000000e+00,6.571929711232036730e+00,3.197919976502536343e+00
-1.095626242790542847e+03,4.117100157281722659e+02,2.101483612984787896e+02,-8.083014814270784143e+01,2.844231415620808434e+01,0.000000000000000000e+00,6.571921343295575646e+00,3.197920058244953623e+00
-1.103709257488473440e+03,4.145542471615458453e+02,2.101483612990060408e+02,-8.083014534770542525e+01,2.844231442932125731e+01,0.000000000000000000e+00,6.571902014282759552e+00,3.197920091210538995e+00
-1.111792272186405853e+03,4.173984786287388715e+02,2.101483612974218431e+02,-8.083014830687395147e+01,2.844231432797162640e+01,0.000000000000000000e+00,6.571934930326500890e+00,3.197920084109044492e+00
-1.119875286884457410e+03,4.202427100461692362e+02,2.101483612988173206e+02,-8.083014395672020669e+01,2.844231420652153020e+01,0.000000000000000000e+00,6.571906273031339119e+00,3.197919780087182140e+00
-1.127958301582389822e+03,4.230869414965354167e+02,2.101483612982918601e+02,-8.083014994979004086e+01,2.844231435174557987e+01,0.000000000000000000e+00,6.571926342134716492e+00,3.197920290840204682e+00
-1.136041316280333604e+03,4.259311729336884582e+02,2.101483612981182034e+02,-8.083015437233422062e+01,2.844231448034171805e+01,0.000000000000000000e+00,6.571940108538175451e+00,3.197919778683757652e+00
-1.144124330978353100e+03,4.287754043498766805e+02,2.101483612976630582e+02,-8.083014991222208323e+01,2.844231422302470946e+01,0.000000000000000000e+00,6.571907512635049464e+00,3.197919926733623353e+00
-1.152207345676296200e+03,4.316196358029979478e+02,2.101483612981739100e+02,-8.083015022342883071e+01,2.844231433265774456e+01,0.000000000000000000e+00,6.571916971560227694e+00,3.197920035362353808e+00
-1.160290360374430747e+03,4.344638672466480216e+02,2.101483612985397542e+02,-8.083014419661722627e+01,2.844231452814023342e+01,0.000000000000000000e+00,6.571908697532914623e+00,3.197920086535179784e+00
-1.168373375072230147e+03,4.373080986677903184e+02,2.101483612988444634e+02,-8.083014961358190931e+01,2.844231423332681530e+01,0.000000000000000000e+00,6.571928089243629145e+00,3.197920076285523105e+00
-1.176456389770331953e+03,4.401523300798826881e+02,2.101483612985731497e+02,-8.083014607519459105e+01,2.844231427078900865e+01,0.000000000000000000e+00,6.571909677909263614e+00,3.197920014468526695e+00
-1.184539404468199109e+03,4.429965615210237502e+02,2.101483612984943932e+02,-8.083014969237072478e+01,2.844231435469759361e+01,0.000000000000000000e+00,6.571916796573892050e+00,3.197920172465145150e+00
-1.192622419166192230e+03,4.458407929708793631e+02,2.101483612990285508e+02,-8.083014930338796944e+01,2.844231435330246427e+01,0.000000000000000000e+00,6.571919742132038778e+00,3.197920112585066921e+00
-1.200705433864148745e+03,4.486850244306292552e+02,2.101483612989442520e+02,-8.083014208814429935e+01,2.844231434759359090e+01,0.000000000000000000e+00,6.571933788271915766e+00,3.197920145465000807e+00
-1.208788448562145504e+03,4.515292558200456483e+02,2.101483612984648062e+02,-8.083015577049353340e+01,2.844231427101236065e+01,0.000000000000000000e+00,6.571923377380396225e+00,3.197919830886051251e+00
-1.216871463260253222e+03,4.543734872720364706e+02,2.101483612987570950e+02,-8.083015077791932868e+01,2.844231423752709276e+01,0.000000000000000000e+00,6.571898472540792291e+00,3.197920006416427263e+00
-1.224954477958132657e+03,4.572177186601484777e+02,2.101483612978803706e+02,-8.083014689778919148e+01,2.844231445024069771e+01,0.000000000000000000e+00,6.571918625070120257e+00,3.197919941055514137e+00
-1.233037492656175118e+03,4.600619501190278129e+02,2.101483612984706326e+02,-8.083015086478171440e+01,2.844231441624552659e+01,0.000000000000000000e+00,6.571927666122697076e+00,3.197920062505529959e+00
-1.241120507353994753e+03,4.629061815592942253e+02,2.101483612991579548e+02,-8.083015114939314572e+01,2.844231429594054106e+01,0.000000000000000000e+00,6.571921120189302634e+00,3.197920006706023610e+00
-1.249203522052101107e+03,4.657504130126156383e+02,2.101483612980587452e+02,-8.083014378537740185e+01,2.844231440103572695e+01,0.000000000000000000e+00,6.571914569427030450e+00,3.197919982812934325e+00
-1.257286536750099231e+03,4.685946444343940129e+02,2.101483612979323254e+02,-8.083014845643040758e+01,2.844231430012035133e+01,0.000000000000000000e+00,6.571887626226388335e+00,3.197920116959383385e+00
-1.265369551448003449e+03,4.714388758821140186e+02,2.101483612977269502e+02,-8.083014545782653215e+01,2.844231428772591386e+01,0.000000000000000000e+00,6.571911608795613979e+00,3.197919881720356905e+00
-1.273452566145979972e+03,4.742831073126192791e+02,2.101483612990687107e+02,-8.083014298159130817e+01,2.844231441466576982e+01,0.000000000000000000e+00,6.571926271670341713e+00,3.197920204923106358e+00
-1.281535580843989237e+03,4.771273387245403228e+02,2.101483612990240033e+02,-8.083014556042228094e+01,2.844231434810257397e+01,0.000000000000000000e+00,6.571903313058662377e+00,3.197919934330695657e+00
-1.289618595541965533e+03,4.799715701329379272e+02,2.101483612978095152e+02,-8.083014365985935967e+01,2.844231434004877102e+01,0.000000000000000000e+00,6.571908992086247459e+00,3.197919996826409594e+00
-1.297701610239891579e+03,4.828158015952628830e+02,2.101483612978020687e+02,-8.083015268990781976e+01,2.844231433655248509e+01,0.000000000000000000e+00,6.571902835702874590e+00,3.197919910484281925e+00
-1.305784624937845365e+03,4.856600330173574775e+02,2.101483612985670675e+02,-8.083014788947376417e+01,2.844231446972480626e+01,0.000000000000000000e+00,6.571918981101288360e+00,3.197920014683429013e+00
-1.313867639635956948e+03,4.885042644413246080e+02,2.101483612973488846e+02,-8.083014766132014017e+01,2.844231431728602999e+01,0.000000000000000000e+00,6.571931169710611975e+00,3.197919926708987948e+00
-1.321950654333947796e+03,4.913484958938831824e+02,2.101483612972957644e+02,-8.083014680435650234e+01,2.844231448523620287e+01,0.000000000000000000e+00,6.571923701923166661e+00,3.197920156370178901e+00
-1.330033669031894078e+03,4.941927273169609407e+02,2.101483612981294016e+02,-8.083014820242858889e+01,2.844231439454345534e+01,0.000000000000000000e+00,6.571900699550923264e+00,3.197919735748312675e+00
-1.338116683729795568e+03,4.970369587430537877e+02,2.101483612977335156e+02,-8.083015147023856173e+01,2.844231446515088280e+01,0.000000000000000000e+00,6.571912845315355689e+00,3.197920048964728146e+00
-1.346199698427797102e+03,4.998811901930411068e+02,2.101483612984926879e+02,-8.083014762966220701e+01,2.844231436468218277e+01,0.000000000000000000e+00,6.571910088229310887e+00,3.197920068595742737e+00
-1.354282713125745431e+03,5.027254216292280944e+02,2.101483612981865576e+02,-8.083014953107955591e+01,2.844231416397509804e+01,0.000000000000000000e+00,6.571914151812584315e+00,3.197919966235160061e+00
-1.362365727823765155e+03,5.055696530560579731e+02,2.101483612981931799e+02,-8.083014453638413954e+01,2.844231448870479184e+01,0.000000000000000000e+00,6.571913390754335893e+00,3.197919836064590626e+00
-1.370448742521733948e+03,5.084138844795679120e+02,2.101483612985830405e+02,-8.083014918998557619e+01,2.844231429163819769e+01,0.000000000000000000e+00,6.571915219333900104e+00,3.197919884683542602e+00
-1.378531757219794372e+03,5.112581159355850104e+02,2.101483612980969724e+02,-8.083014833328280702e+01,2.844231431521458475e+01,0.000000000000000000e+00,6.571910499141164763e+00,3.197920110193082088e+00
-1.386614771917707230e+03,5.141023473836812627e+02,2.101483612977588677e+02,-8.083014835708040380e+01,2.844231422706750578e+01,0.000000000000000000e+00,6.571919218327547441e+00,3.197920052526252110e+00
-1.394697786615567338e+03,5.169465788085976783e+02,2.101483612984598039e+02,-8.083014543227314164e+01,2.844231431081414385e+01,0.000000000000000000e+00,6.571920429375970762e+00,3.197920072677354675e+00
-1.402780801313603433e+03,5.197908102263546652e+02,2.101483612984085312e+02,-8.083014811648573072e+01,2.844231449914420295e+01,0.000000000000000000e+00,6.571921540924644312e+00,3.197920043376176746e+00
-1.410863816011571998e+03,5.226350416358557140e+02,2.101483612982948728e+02,-8.083015158513256893e+01,2.844231419572545505e+01,0.000000000000000000e+00,6.571905502203800431e+00,3.197919937890820741e+00
-1.418946830709599226e+03,5.254792731009624731e+02,2.101483612971996138e+02,-8.083014823120140591e+01,2.844231429830593072e+01,0.000000000000000000e+00,6.571931191812058870e+00,3.197919900435241214e+00
-1.427029845407539142e+03,5.283235045188260983e+02,2.101483612978114763e+02,-8.083014541662022623e+01,2.844231428187651645e+01,0.000000000000000000e+00,6.571926510283297773e+00,3.197920280574165552e+00
-1.435112860105526806e+03,5.311677359502091349e+02,2.101483612993891086e+02,-8.083014715981474296e+01,2.844231437305426269e+01,0.000000000000000000e+00,6.571906170725807961e+00,3.197920010176981798e+00
-1.443195874803419883e+03,5.340119673718680815e+02,2.101483612985652769e+02,-8.083014371110779450e+01,2.844231440191049387e+01,0.000000000000000000e+00,6.571907986575588723e+00,3.197919877940349043e+00
-1.451278889501434378e+03,5.368561988237892137e+02,2.101483612984694105e+02,-8.083014632445345171e+01,2.844231431009511368e+01,0.000000000000000000e+00,6.571927602838323779e+00,3.197919951325396415e+00
-1.459361904199538685e+03,5.397004302702638370e+02,2.101483612977994540e+02,-8.083014828061502044e+01,2.844231433828386457e+01,0.000000000000000000e+00,6.571907296318976854e+00,3.197919890815967836e+00
-1.467444918897513844e+03,5.425446616994946680e+02,2.101483612972749029e+02,-8.083014767291513181e+01,2.844231423751359955e+01,0.000000000000000000e+00,6.571927297744883489e+00,3.197919889351442446e+00
-1.475527933595389641e+03,5.453888931205535755e+02,2.101483612986244509e+02,-8.083014587813666196e+01,2.844231426960860887e+01,0.000000000000000000e+00,6.571932230730946678e+00,3.197920056808585709e+00
-1.483610948293415277e+03,5.482331245469008536e+02,2.101483612981772069e+02,-8.083014608682064761e+01,2.844231437921705918e+01,0.000000000000000000e+00,6.571911132813656131e+00,3.197919658734448500e+00
-1.491693962991440230e+03,5.510773560015770727e+02,2.101483612985097125e+02,-8.083015399852412486e+01,2.844231445990376628e+01,0.000000000000000000e+00,6.571918158117273201e+00,3.197919881364200023e+00
-1.499776977689382875e+03,5.539215874291278396e+02,2.101483612982788998e+02,-8.083014876155475292e+01,2.844231434679991111e+01,0.000000000000000000e+00,6.571921544303565454e+00,3.197919988908691113e+00
-1.507859992387453985e+03,5.567658188498619438e+02,2.101483612978894939e+02,-8.083014606121014367e+01,2.844231442461970261e+01,0.000000000000000000e+00,6.571903248572891876e+00,3.197919795086016315e+00
-1.515943007085378213e+03,5.596100503050141697e+02,2.101483612980065061e+02,-8.083015207880747255e+01,2.844231442213045113e+01,0.000000000000000000e+00,6.571924077810808562e+00,3.197919865467387712e+00
-1.524026021783343595e+03,5.624542817406324957e+02,2.101483612982753471e+02,-8.083014980114013781e+01,2.844231440424725577e+01,0.000000000000000000e+00,6.571915091684399357e+00,3.197919817751407212e+00
-1.532109036481244402e+03,5.652985131372666956e+02,2.101483612978466056e+02,-8.083014895203871220e+01,2.844231449194759520e+01,0.000000000000000000e+00,6.571912276228198735e+00,3.197920019302217476e+00
-1.540192051179159989e+03,5.681427445780764174e+02,2.101483612978044277e+02,-8.083014734614177144e+01,2.844231420557497714e+01,0.000000000000000000e+00,6.571918766368834319e+00,3.197919847094262025e+00
-1.548275065877293400e+03,5.709869760286643441e+02,2.101483612986767469e+02,-8.083014563067609970e+01,2.844231433213762372e+01,0.000000000000000000e+00,6.571907967750465041e+00,3.197920133006299181e+00
-1.556358080575223084e+03,5.738312074900353537e+02,2.101483612970820047e+02,-8.083014706352570045e+01,2.844231440866416349e+01,0.000000000000000000e+00,6.571913976747614683e+00,3.197920046785314163e+00
-1.564441095273250539e+03,5.766754388913269622e+02,2.101483612979630209e+02,-8.083015493281426700e+01,2.844231437497446180e+01,0.000000000000000000e+00,6.571921825343499890e+00,3.197920061383687340e+00
-1.572524109971170446e+03,5.795196703387587149e+02,2.101483612979592408e+02,-8.083013789045172359e+01,2.844231428701404596e+01,0.000000000000000000e+00,6.571914969275962193e+00,3.197920018792222319e+00
-1.580607124669115592e+03,5.823639017567693372e+02,2.101483612981402018e+02,-8.083014757301414477e+01,2.844231436411371305e+01,0.000000000000000000e+00,6.571927323582367642e+00,3.197920064962614273e+00
-1.588690139367207166e+03,5.852081331981057701e+02,2.101483612970669128e+02,-8.083015058167021039e+01,2.844231444688492161e+01,0.000000000000000000e+00,6.571913228113086092e+00,3.197920336507078076e+00
-1.596773154065201197e+03,5.880523646203401995e+02,2.101483612991758889e+02,-8.083015222202669747e+01,2.844231432776155799e+01,0.000000000000000000e+00,6.571910159485209846e+00,3.197920011555441810e+00
-1.604856168763109736e+03,5.908965960567260254e+02,2.101483612985530272e+02,-8.083014825758060340e+01,2.844231418515417786e+01,0.000000000000000000e+00,6.571914358634599829e+00,3.197919918378862913e+00
-1.612939183461070115e+03,5.937408275422500310e+02,2.101483612969804824e+02,-8.083014529620771782e+01,2.844231450426863717e+01,0.000000000000000000e+00,6.571930578954333413e+00,3.197919936049301803e+00
-1.621022198159033678e+03,5.965850589248201459e+02,2.101483612983689113e+02,-8.083014831830089975e+01,2.844231429043857062e+01,0.000000000000000000e+00,6.571926351468110106e+00,3.197919947110393402e+00
-1.629105212857076367e+03,5.994292903508296604e+02,2.101483612978366580e+02,-8.083014286717738628e+01,2.844231426334193813e+01,0.000000000000000000e+00,6.571911350654889183e+00,3.197919925592033863e+00
-1.637188227554978994e+03,6.022735218029044972e+02,2.101483612975802941e+02,-8.083014838586866802e+01,2.844231441939842142e+01,0.000000000000000000e+00,6.571926754922140290e+00,3.197919978051779744e+00
-1.645271242252997126e+03,6.051177532480492118e+02,2.101483612986922367e+02,-8.083015775373682743e+01,2.844231426439425547e+01,0.000000000000000000e+00,6.571930871582978284e+00,3.197919897730270300e+00
-1.653354256950972740e+03,6.079619846461401949e+02,2.101483612976020368e+02,-8.083014284424646689e+01,2.844231438520341726e+01,0.000000000000000000e+00,6.571898885778758803e+00,3.197920035128118510e+00
-1.661437271649001332e+03,6.108062160856014771e+02,2.101483612975233370e+02,-8.083015480828423449e+01,2.844231436079864395e+01,0.000000000000000000e+00,6.571916183976401982e+00,3.197919911652723712e+00
-1.669520286346872354e+03,6.136504475136973724e+02,2.101483612986938283e+02,-8.083014483401289851e+01,2.844231438355914676e+01,0.000000000000000000e+00,6.571906981511932422e+00,3.197920019871158370e+00
-1.677603301044887075e+03,6.164946789237548046e+02,2.101483612978727251e+02,-8.083014830143238783e+01,2.844231423347394383e+01,0.000000000000000000e+00,6.571918233948347954e+00,3.197920067705700475e+00
-1.685686315742939996e+03,6.193389104098019970e+02,2.101483612984173988e+02,-8.083014826641102957e+01,2.844231444415600052e+01,0.000000000000000000e+00,6.571927120329345229e+00,3.197920092230129629e+00
-1.693769330440897875e+03,6.221831418275465921e+02,2.101483612981058116e+02,-8.083014809217209518e+01,2.844231429519124177e+01,0.000000000000000000e+00,6.571926298538613764e+00,3.197920123522899338e+00
-1.701852345138822329e+03,6.250273732599648611e+02,2.101483612986613423e+02,-8.083014909403931370e+01,2.844231434558989946e+01,0.000000000000000000e+00,6.571922647367874681e+00,3.197919779237754945e+00
-1.709935359836754060e+03,6.278716046922223768e+02,2.101483612976822428e+02,-8.083014792584737052e+01,2.844231451233956776e+01,0.000000000000000000e+00,6.571925718680267536e+00,3.197920082701975364e+00
-1.718018374534783788e+03,6.307158361187473474e+02,2.101483612986125422e+02,-8.083014514119399507e+01,2.844231429709425285e+01,0.000000000000000000e+00,6.571926995593885046e+00,3.197919942000123861e+00
-1.726101389232777365e+03,6.335600675415169007e+02,2.101483612991704604e+02,-8.083015073885501067e+01,2.844231438814100699e+01,0.000000000000000000e+00,6.571916998247572472e+00,3.197919884334868623e+00
-1.734184403930678400e+03,6.364042989852927121e+02,2.101483612983004150e+02,-8.083014608747373586e+01,2.844231426909930249e+01,0.000000000000000000e+00,6.571915397986095364e+00,3.197919954338614978e+00
-1.742267418628701535e+03,6.392485304110906554e+02,2.101483612981394913e+02,-8.083014859266846486e+01,2.844231430457320187e+01,0.000000000000000000e+00,6.571899942987983856e+00,3.197920170331662870e+00
-1.750350433326655093e+03,6.420927618278609543e+02,2.101483612995772035e+02,-8.083014593334328879e+01,2.844231434900918742e+01,0.000000000000000000e+00,6.571914365024901450e+00,3.197920080976849988e+00
-1.758433448024597510e+03,6.449369933004014683e+02,2.101483612990031133e+02,-8.083015111772195382e+01,2.844231421649484304e+01,0.000000000000000000e+00,6.571907340020359811e+00,3.197920039528160618e+00
-1.766516462722561300e+03,6.477812247290573850e+02,2.101483612987969138e+02,-8.083014859215505510e+01,2.844231447588515138e+01,0.000000000000000000e+00,6.571911694973001872e+00,3.197919900270078220e+00
-1.774599477420510084e+03,6.506254561739268638e+02,2.101483612976144570e+02,-8.083013718204817621e+01,2.844231430507408831e+01,0.000000000000000000e+00,6.571907680319720058e+00,3.197920027851711033e+00
-1.782682492118585515e+03,6.534696875845128261e+02,2.101483612986600065e+02,-8.083015176028821713e+01,2.844231416266030976e+01,0.000000000000000000e+00,6.571901806222536280e+00,3.197920107817981528e+00
-1.790765506816533616e+03,6.563139189993623859e+02,2.101483612985704212e+02,-8.083015977697975529e+01,2.844231466399937602e+01,0.000000000000000000e+00,6.571909223892876462e+00,3.197919882726432128e+00
-1.798848521514546746e+03,6.591581504399974847e+02,2.101483612976885809e+02,-8.083014010332165356e+01,2.844231414312419304e+01,0.000000000000000000e+00,6.571922474428720129e+00,3.197919868619805150e+00
-1.806931536212594665e+03,6.620023818914759204e+02,2.101483612970788215e+02,-8.083015502593480051e+01,2.844231427576707461e+01,0.000000000000000000e+00,6.571916479170528014e+00,3.197919979978820049e+00
-1.815014550910518437e+03,6.648466133136502094e+02,2.101483612981107854e+02,-8.083015049239753580e+01,2.844231420280136291e+01,0.000000000000000000e+00,6.571910364068843435e+00,3.197919893733053076e+00
-1.823097565608514742e+03,6.676908447611824613e+02,2.101483612979728548e+02,-8.083013993545529274e+01,2.844231433031185574e+01,0.000000000000000000e+00,6.571919482124967793e+00,3.197919987927085650e+00
-1.831180580306451930e+03,6.705350761972748614e+02,2.101483612982507054e+02,-8.083014815199938141e+01,2.844231432754745370e+01,0.000000000000000000e+00,6.571907677316193741e+00,3.197920008995894126e+00
-1.839263595004427316e+03,6.733793076476157466e+02,2.101483612983288083e+02,-8.083014961315213043e+01,2.844231445916279455e+01,0.000000000000000000e+00,6.571910009495171678e+00,3.197919847983321517e+00
-1.847346609702436581e+03,6.762235390481766899e+02,2.101483612982399904e+02,-8.083014760755929728e+01,2.844231445745426257e+01,0.000000000000000000e+00,6.571885605915486650e+00,3.197919923122741981e+00
-1.855429624400322837e+03,6.790677704700107142e+02,2.101483612992385304e+02,-8.083014306970837026e+01,2.844231429392817034e+01,0.000000000000000000e+00,6.571920016951456667e+00,3.197919727594381811e+00
-1.863512639098394175e+03,6.819120019345464243e+02,2.101483612982606246e+02,-8.083014125897774704e+01,2.844231419828802743e+01,0.000000000000000000e+00,6.571928044831271798e+00,3.197919803718460408e+00
-1.871595653796292254e+03,6.847562333524780342e+02,2.101483612978161375e+02,-8.083014860609939944e+01,2.844231422695862221e+01,0.000000000000000000e+00,6.571905420952091070e+00,3.197920067363617669e+00
-1.879678668494294243e+03,6.876004648183712789e+02,2.101483612985695402e+02,-8.083014607856863165e+01,2.844231436564664506e+01,0.000000000000000000e+00,6.571905299199531036e+00,3.197920009647623463e+00
-1.887761683192368992e+03,6.904446962332002613e+02,2.101483612984954732e+02,-8.083015393208613375e+01,2.844231441317079856e+01,0.000000000000000000e+00,6.571891673378137178e+00,3.197920098921318566e+00
-1.895844697890244788e+03,6.932889276662216389e+02,2.101483612978753968e+02,-8.083015255439333657e+01,2.844231443370237855e+01,0.000000000000000000e+00,6.571920389330283996e+00,3.197920085898902975e+00
-1.903927712588304757e+03,6.961331590819804660e+02,2.101483612976344375e+02,-8.083015024468657828e+01,2.844231425865250174e+01,0.000000000000000000e+00,6.571921765597595666e+00,3.197919904096782950e+00
-1.912010727286274005e+03,6.989773905117540380e+02,2.101483612981979547e+02,-8.083014900173324691e+01,2.844231444909378581e+01,0.000000000000000000e+00,6.571922704902359413e+00,3.197919963763947049e+00
-1.920093741984202779e+03,7.018216219460023240e+02,2.101483612987100855e+02,-8.083014825075419196e+01,2.844231421281750727e+01,0.000000000000000000e+00,6.571912993740710363e+00,3.197919911356270628e+00
-1.928176756682287532e+03,7.046658534092027821e+02,2.101483612976238931e+02,-8.083014158209556399e+01,2.844231439646149795e+01,0.000000000000000000e+00,6.571908493546585461e+00,3.197919892713161349e+00
-1.936259771380170150e+03,7.075100848377655893e+02,2.101483612976501547e+02,-8.083015103408867219e+01,2.844231434558773586e+01,0.000000000000000000e+00,6.571926169535619700e+00,3.197920130116629345e+00
-1.944342786078140989e+03,7.103543162744191477e+02,2.101483612974052733e+02,-8.083014683720007554e+01,2.844231434959261051e+01,0.000000000000000000e+00,6.571924309507937600e+00,3.197920118107284271e+00
-1.952425800776011556e+03,7.131985476880478245e+02,2.101483612982856073e+02,-8.083014130375332229e+01,2.844231433938567832e+01,0.000000000000000000e+00,6.571914336377832733e+00,3.197919827944776472e+00
-1.960508815474064704e+03,7.160427791040968941e+02,2.101483612991096948e+02,-8.083014312653969569e+01,2.844231436545845071e+01,0.000000000000000000e+00,6.571922348466221919e+00,3.197919861202051184e+00
-1.968591830172065102e+03,7.188870105772521129e+02,2.101483612989522101e+02,-8.083014853528965205e+01,2.844231417486890479e+01,0.000000000000000000e+00,6.571915990323758727e+00,3.197920037620987532e+00
-1.976674844869957269e+03,7.217312419514697694e+02,2.101483612974395783e+02,-8.083014823331238574e+01,2.844231441880242528e+01,0.000000000000000000e+00,6.571903369521048255e+00,3.197919947103195160e+00
-1.984757859568146614e+03,7.245754734185866255e+02,2.101483612985377363e+02,-8.083015149214436690e+01,2.844231430498915003e+01,0.000000000000000000e+00,6.571915617435571733e+00,3.197919608398103186e+00
-1.992840874266009678e+03,7.274197048739498541e+02,2.101483612985410332e+02,-8.083015439806926850e+01,2.844231443165796946e+01,0.000000000000000000e+00,6.571905756778468444e+00,3.197920098454653193e+00
-2.000923888963940271e+03,7.302639362921773909e+02,2.101483612980617011e+02,-8.083014282829140029e+01,2.844231416966196235e+01,0.000000000000000000e+00,6.571923865754706995e+00,3.197920238218502575e+00
-2.009006903661962497e+03,7.331081677135009613e+02,2.101483612990344056e+02,-8.083014941883743631e+01,2.844231440808471945e+01,0.000000000000000000e+00,6.571899385413871642e+00,3.197919960860703625e+00
-2.017089918359925605e+03,7.359523991522455617e+02,2.101483612993283998e+02,-8.083014000876897853e+01,2.844231430190465915e+01,0.000000000000000000e+00,6.571917252331519244e+00,3.197920122028668377e+00
-2.025172933057884393e+03,7.387966305989182274e+02,2.101483612976260815e+02,-8.083014959734610727e+01,2.844231423389188862e+01,0.000000000000000000e+00,6.571909737144760122e+00,3.197919924904319977e+00
-2.033255947755872739e+03,7.416408620208584352e+02,2.101483612980295561e+02,-8.083013844439420836e+01,2.844231442404095134e+01,0.000000000000000000e+00,6.571909026423514710e+00,3.197919752107737157e+00
-2.041338962453868362e+03,7.444850934364254726e+02,2.101483612973981110e+02,-8.083015682707295468e+01,2.844231449882879659e+01,0.000000000000000000e+00,6.571914028412187747e+00,3.197920096835854764e+00
-2.049421977151933788e+03,7.473293249081777958e+02,2.101483612987510980e+02,-8.083014799613029311e+01,2.844231435406753405e+01,0.000000000000000000e+00,6.571924345800237433e+00,3.197920006790069269e+00
-2.057504991849931230e+03,7.501735563169845591e+02,2.101483612996442218e+02,-8.083014857224353023e+01,2.844231399295017937e+01,0.000000000000000000e+00,6.571909892417611587e+00,3.197919954909751450e+00
-2.065588006547847726e+03,7.530177877467693861e+02,2.101483612978753683e+02,-8.083014534568638965e+01,2.844231446975589606e+01,0.000000000000000000e+00,6.571923923329289430e+00,3.197919899183345294e+00
-2.073671021245837437e+03,7.558620192050882451e+02,2.101483612978181839e+02,-8.083014924533620160e+01,2.844231429588194970e+01,0.000000000000000000e+00,6.571912370781070045e+00,3.197919989112177674e+00
-2.081754035943744839e+03,7.587062506257758514e+02,2.101483612977515065e+02,-8.083014182733046482e+01,2.844231444178737078e+01,0.000000000000000000e+00,6.571908872730335638e+00,3.197919950200772021e+00
-2.089837050641745009e+03,7.615504820300814117e+02,2.101483612973225945e+02,-8.083014218506711757e+01,2.844231426431052512e+01,0.000000000000000000e+00,6.571912669284031061e+00,3.197920042300496757e+00
-2.097920065339694247e+03,7.643947135106647011e+02,2.101483612982210900e+02,-8.083014970989836456e+01,2.844231438771909382e+01,0.000000000000000000e+00,6.571923413569594530e+00,3.197920126278658515e+00
-2.106003080037733525e+03,7.672389449428483204e+02,2.101483612975682149e+02,-8.083014678607261772e+01,2.844231461600961453e+01,0.000000000000000000e+00,6.571894806475585327e+00,3.197919844139441636e+00
-2.114086094735609549e+03,7.700831763659145963e+02,2.101483612967441275e+02,-8.083015510288498717e+01,2.844231426325222145e+01,0.000000000000000000e+00,6.571921336054343143e+00,3.197919903786744289e+00
-2.122169109433549238e+03,7.729274077885617089e+02,2.101483612976272184e+02,-8.083014229993628419e+01,2.844231437961333597e+01,0.000000000000000000e+00,6.571911345117269931e+00,3.197919893012658221e+00
-2.130252124131505752e+03,7.757716391936428408e+02,2.101483612986552032e+02,-8.083014706815173156e+01,2.844231438794501443e+01,0.000000000000000000e+00,6.571918545800479627e+00,3.197919854334726697e+00
-2.138335138829678726e+03,7.786158706562083580e+02,2.101483612977365283e+02,-8.083015282368101850e+01,2.844231436192605145e+01,0.000000000000000000e+00,6.571915005814260802e+00,3.197919938273504847e+00
-2.146418153527468348e+03,7.814601021133346421e+02,2.101483612990817562e+02,-8.083013868918736478e+01,2.844231419888476253e+01,0.000000000000000000e+00,6.571921159310901928e+00,3.197920063318465456e+00
-2.154501168225499896e+03,7.843043334976030110e+02,2.101483612981216993e+02,-8.083014980375330083e+01,2.844231424328628322e+01,0.000000000000000000e+00,6.571896354276293373e+00,3.197920045628463992e+00
-2.162584182923488697e+03,7.871485649393308677e+02,2.101483612976274742e+02,-8.083014554601304269e+01,2.844231429957165247e+01,0.000000000000000000e+00,6.571913305177554676e+00,3.197920026636545732e+00
-2.170667197621417927e+03,7.899927964002303042e+02,2.101483612982289912e+02,-8.083014590017491230e+01,2.844231441280279071e+01,0.000000000000000000e+00,6.571913721236447792e+00,3.197919980547024199e+00
-2.178750212319484035e+03,7.928370278380795071e+02,2.101483612986946810e+02,-8.083014181150818445e+01,2.844231435066603808e+01,0.000000000000000000e+00,6.571918234531699099e+00,3.197919976247953322e+00
-2.186833227017440095e+03,7.956812592562775990e+02,2.101483612987078686e+02,-8.083015273301840864e+01,2.844231447152609249e+01,0.000000000000000000e+00,6.571937463256733558e+00,3.197919878537745397e+00
-2.194916241715436627e+03,7.985254906727540174e+02,2.101483612981063800e+02,-8.083014919045221802e+01,2.844231444529603081e+01,0.000000000000000000e+00,6.571914349865743965e+00,3.197919914522166174e+00
-2.202999256413449530e+03,8.013697221272384468e+02,2.101483612987464085e+02,-8.083014687449419000e+01,2.844231431653013331e+01,0.000000000000000000e+00,6.571903153243460416e+00,3.197920042870193047e+00
-2.211082271111458795e+03,8.042139535455327177e+02,2.101483612986103822e+02,-8.083014587404423423e+01,2.844231439501074377e+01,0.000000000000000000e+00,6.571923913207333712e+00,3.197919914259446994e+00
-2.219165285809409852e+03,8.070581849833192791e+02,2.101483612993692986e+02,-8.083013794905643579e+01,2.844231437138169483e+01,0.000000000000000000e+00,6.571914134406886987e+00,3.197919970689180769e+00
-2.227248300507465956e+03,8.099024164230248743e+02,2.101483612983776936e+02,-8.083014330974043560e+01,2.844231426261641360e+01,0.000000000000000000e+00,6.571909662089028714e+00,3.197920010599963447e+00
-2.235331315205256942e+03,8.127466478446067413e+02,2.101483612988573100e+02,-8.083015493607881297e+01,2.844231431112952890e+01,0.000000000000000000e+00,6.571918794552321863e+00,3.197919863752119785e+00
-2.243414329903303042e+03,8.155908792878720988e+02,2.101483612979587861e+02,-8.083014515714030779e+01,2.844231448824067243e+01,0.000000000000000000e+00,6.571906691984079174e+00,3.197919828498201777e+00
-2.251497344601234090e+03,8.184351107463131711e+02,2.101483612976537643e+02,-8.083014780411697586e+01,2.844231448876984913e+01,0.000000000000000000e+00,6.571899243803311919e+00,3.197919994303302094e+00
-2.259580359299299289e+03,8.212793421594677739e+02,2.101483612983613227e+02,-8.083013922810332019e+01,2.844231428880456747e+01,0.000000000000000000e+00,6.571912342962897391e+00,3.197920059043168450e+00
-2.267663373997240797e+03,8.241235735608786399e+02,2.101483612976346933e+02,-8.083015338873468636e+01,2.844231430056421317e+01,0.000000000000000000e+00,6.571908557878617607e+00,3.197919880765938139e+00
-2.275746388695156384e+03,8.269678050236688023e+02,2.101483612980719329e+02,-8.083015515954544128e+01,2.844231427503547849e+01,0.000000000000000000e+00,6.571925420082425973e+00,3.197919870069979797e+00
-2.283829403393189750e+03,8.298120364365806836e+02,2.101483612990912206e+02,-8.083014495012450595e+01,2.844231435475228764e+01,0.000000000000000000e+00,6.571909620260792728e+00,3.197920006880798471e+00
-2.291912418091149902e+03,8.326562678934375299e+02,2.101483612988755851e+02,-8.083013408861953053e+01,2.844231431484002925e+01,0.000000000000000000e+00,6.571906575655727778e+00,3.197919860079553533e+00
-2.299995432789161896e+03,8.355004993205487835e+02,2.101483612979805855e+02,-8.083013901160883563e+01,2.844231428422265040e+01,0.000000000000000000e+00,6.571923610146974681e+00,3.197919894460309553e+00
-2.308078447487161611e+03,8.383447307469169800e+02,2.101483612989139544e+02,-8.083015358476507117e+01,2.844231436513096511e+01,0.000000000000000000e+00,6.571907992176910795e+00,3.197920000965655429e+00
-2.316161462185143137e+03,8.411889622085814153e+02,2.101483612983584806e+02,-8.083014441893820390e+01,2.844231426984554645e+01,0.000000000000000000e+00,6.571917066365760007e+00,3.197919916576156485e+00
-2.324244476882979143e+03,8.440331936163895534e+02,2.101483612972500907e+02,-8.083014331607080294e+01,2.844231430959434448e+01,0.000000000000000000e+00,6.571930379947399814e+00,3.197920050555402849e+00
-2.332327491581058894e+03,8.468774250621697774e+02,2.101483612982121940e+02,-8.083015697936147603e+01,2.844231430917795933e+01,0.000000000000000000e+00,6.571920958994287076e+00,3.197919823836758990e+00
-2.340410506279032688e+03,8.497216564920415749e+02,2.101483612984789033e+02,-8.083015117690879947e+01,2.844231419802486727e+01,0.000000000000000000e+00,6.571929320212657188e+00,3.197919707220044927e+00
-2.348493520976917807e+03,8.525658879218094626e+02,2.101483612981677425e+02,-8.083014579030020741e+01,2.844231416459851047e+01,0.000000000000000000e+00,6.571919953417896032e+00,3.197919841787403961e+00
-2.356576535674943898e+03,8.554101193622664141e+02,2.101483612976736310e+02,-8.083014768461035260e+01,2.844231446585792611e+01,0.000000000000000000e+00,6.571922592321543632e+00,3.197919835437889269e+00
-2.364659550372991816e+03,8.582543507976046158e+02,2.101483612988798484e+02,-8.083014656316909452e+01,2.844231418843992643e+01,0.000000000000000000e+00,6.571925594783603053e+00,3.197919831193992035e+00
-2.372742565070917408e+03,8.610985822459903147e+02,2.101483612981097338e+02,-8.083013741212646153e+01,2.844231435694416987e+01,0.000000000000000000e+00,6.571905999016036226e+00,3.197920095256484796e+00
-2.380825579768986245e+03,8.639428136344129143e+02,2.101483612984437457e+02,-8.083014763276545978e+01,2.844231425517834211e+01,0.000000000000000000e+00,6.571915339292291769e+00,3.197920014411709477e+00
-2.388908594466887735e+03,8.667870450735423447e+02,2.101483612992297765e+02,-8.083014461286906283e+01,2.844231429720790416e+01,0.000000000000000000e+00,6.571917873821799816e+00,3.197919980703007425e+00
-2.396991609164871988e+03,8.696312765552739847e+02,2.101483612976980453e+02,-8.083014488929659080e+01,2.844231438201014939e+01,0.000000000000000000e+00,6.571930134115133271e+00,3.197920007986218671e+00
-2.405074623862828957e+03,8.724755079570411453e+02,2.101483612974363098e+02,-8.083014580718874242e+01,2.844231426613107416e+01,0.000000000000000000e+00,6.571920338681632501e+00,3.197920077727567367e+00
-2.413157638560802297e+03,8.753197393762415004e+02,2.101483612986405092e+02,-8.083014369878570449e+01,2.844231429253664345e+01,0.000000000000000000e+00,6.571925743785870466e+00,3.197919975252240476e+00
-2.421240653258743805e+03,8.781639708071542145e+02,2.101483612982050317e+02,-8.083014540211252097e+01,2.844231422137567478e+01,0.000000000000000000e+00,6.571926974322464865e+00,3.197920155263072495e+00
-2.429323667956778536e+03,8.810082022706906173e+02,2.101483612986453977e+02,-8.083014488513353513e+01,2.844231435154216570e+01,0.000000000000000000e+00,6.571924458546388514e+00,3.197920119422366536e+00
-2.437406682654683664e+03,8.838524336785770856e+02,2.101483612980481723e+02,-8.083015016809089559e+01,2.844231440470545280e+01,0.000000000000000000e+00,6.571927674675118070e+00,3.197919808437400757e+00
-2.445489697352825260e+03,8.866966651211553199e+02,2.101483612988132279e+02,-8.083015076127422560e+01,2.844231462177378233e+01,0.000000000000000000e+00,6.571916867293750464e+00,3.197919891800045988e+00
-2.453572712050658083e+03,8.895408965157761259e+02,2.101483612992105918e+02,-8.083015187255723788e+01,2.844231414966357363e+01,0.000000000000000000e+00,6.571916109459921884e+00,3.197919996757120575e+00
-2.461655726748761936e+03,8.923851280030124826e+02,2.101483612985987293e+02,-8.083013953786866068e+01,2.844231434610663811e+01,0.000000000000000000e+00,6.571926658724642323e+00,3.197919885232104686e+00
-2.469738741446728454e+03,8.952293594522683406e+02,2.101483612989324570e+02,-8.083014520207960629e+01,2.844231423782617441e+01,0.000000000000000000e+00,6.571926215421856732e+00,3.197919936473336389e+00
-2.477821756144729989e+03,8.980735908536579473e+02,2.101483612988406264e+02,-8.083014127125457549e+01,2.844231441185773335e+01,0.000000000000000000e+00,6.571915774174994951e+00,3.197919930625456431e+00
-2.485904770842680591e+03,9.009178222661970494e+02,2.101483612983570879e+02,-8.083014894018791097e+01,2.844231439905624015e+01,0.000000000000000000e+00,6.571919246676837467e+00,3.197919778645930133e+00
-2.493987785540594359e+03,9.037620536902054482e+02,2.101483612989179051e+02,-8.083015409191449407e+01,2.844231441491083956e+01,0.000000000000000000e+00,6.571929099659271856e+00,3.197920036316252990e+00
-2.502070800238608626e+03,9.066062851476342530e+02,2.101483612984775959e+02,-8.083014592797624687e+01,2.844231433422080357e+01,0.000000000000000000e+00,6.571919533721924722e+00,3.197919978246267725e+00
-2.510153814936580602e+03,9.094505165855269979e+02,2.101483612984916078e+02,-8.083015076451422942e+01,2.844231437668171480e+01,0.000000000000000000e+00,6.571906959077223220e+00,3.197920142854346448e+00
-2.518236829634493461e+03,9.122947480340219499e+02,2.101483612986711478e+02,-8.083014825788224300e+01,2.844231424210768822e+01,0.000000000000000000e+00,6.571929824754147553e+00,3.197920134423749783e+00
-2.526319844332511366e+03,9.151389794337420653e+02,2.101483612982261491e+02,-8.083014766615687563e+01,2.844231448710720045e+01,0.000000000000000000e+00,6.571914867267323324e+00,3.197919888832850610e+00
-2.534402859030479249e+03,9.179832108976393101e+02,2.101483612979218378e+02,-8.083014645838682100e+01,2.844231441123923787e+01,0.000000000000000000e+00,6.571914818315466533e+00,3.197919677749660128e+00
-2.542485873728480328e+03,9.208274423224751217e+02,2.101483612971740342e+02,-8.083014286487768629e+01,2.844231419638875735e+01,0.000000000000000000e+00,6.571926090394853759e+00,3.197920016417652889e+00
-2.550568888426432295e+03,9.236716737510129178e+02,2.101483612970627917e+02,-8.083014206299925775e+01,2.844231425124138823e+01,0.000000000000000000e+00,6.571936417142504538e+00,3.197919917574875370e+00
-2.558651903124344244e+03,9.265159051668764505e+02,2.101483612985163347e+02,-8.083014814578025664e+01,2.844231429056920391e+01,0.000000000000000000e+00,6.571924348194784216e+00,3.197920076923163712e+00
-2.566734917822290299e+03,9.293601366071612802e+02,2.101483612978564111e+02,-8.083013621972440887e+01,2.844231434018550786e+01,0.000000000000000000e+00,6.571922396264695543e+00,3.197919973357544077e+00
-2.574817932520352770e+03,9.322043680451149612e+02,2.101483612981590738e+02,-8.083015016065800751e+01,2.844231445350418142e+01,0.000000000000000000e+00,6.571922336372143292e+00,3.197920010870702434e+00
-2.582900947218349756e+03,9.350485995175179141e+02,2.101483612978872486e+02,-8.083013795226760578e+01,2.844231425740432684e+01,0.000000000000000000e+00,6.571932817077470013e+00,3.197919898522637361e+00
-2.590983961916285352e+03,9.378928309121001803e+02,2.101483612978681492e+02,-8.083014882740562257e+01,2.844231436601219087e+01,0.000000000000000000e+00,6.571904023436679232e+00,3.197919997858739816e+00
-2.599066976614336454e+03,9.407370623701725663e+02,2.101483612997709258e+02,-8.083013768014595257e+01,2.844231432057066655e+01,0.000000000000000000e+00,6.571919177704343973e+00,3.197920054294217884e+00
-2.607149991312257043e+03,9.435812938042720361e+02,2.101483612972683375e+02,-8.083014976907958271e+01,2.844231443988513064e+01,0.000000000000000000e+00,6.571924295182749454e+00,3.197919810034145272e+00
-2.615233006010260397e+03,9.464255252273555925e+02,2.101483612978917677e+02,-8.083014701696602344e+01,2.844231440161657787e+01,0.000000000000000000e+00,6.571898610771367721e+00,3.197920012440458759e+00
-2.623316020708192355e+03,9.492697566569547689e+02,2.101483612982377451e+02,-8.083014559726368020e+01,2.844231443004125026e+01,0.000000000000000000e+00,6.571918761849804724e+00,3.197919876340292511e+00
-2.631399035406156145e+03,9.521139880628529681e+02,2.101483612986046410e+02,-8.083015229519824629e+01,2.844231447897951170e+01,0.000000000000000000e+00,6.571912719520214274e+00,3.197920128121832128e+00
-2.639482050104230893e+03,9.549582195250014820e+02,2.101483612986279752e+02,-8.083014929648875579e+01,2.844231453176439572e+01,0.000000000000000000e+00,6.571898893135228903e+00,3.197919977486876508e+00
-2.647565064802142842e+03,9.578024509721050208e+02,2.101483612976683162e+02,-8.083015066065088661e+01,2.844231458819005809e+01,0.000000000000000000e+00,6.571925697589347415e+00,3.197919940940113115e+00
-2.655648079500198037e+03,9.606466823990750754e+02,2.101483612983398359e+02,-8.083014409510418830e+01,2.844231423144803372e+01,0.000000000000000000e+00,6.571920569314940508e+00,3.197919969163313336e+00
-2.663731094198200935e+03,9.634909138121686283e+02,2.101483612979469058e+02,-8.083014659593281692e+01,2.844231438388103328e+01,0.000000000000000000e+00,6.571935592696770634e+00,3.197920001424332082e+00
-2.671814108896094240e+03,9.663351452645242716e+02,2.101483612986936578e+02,-8.083015101164613725e+01,2.844231426787672490e+01,0.000000000000000000e+00,6.571903672659608731e+00,3.197920199957162701e+00
-2.679897123594174900e+03,9.691793766957745220e+02,2.101483612987181004e+02,-8.083014229776163972e+01,2.844231437430329024e+01,0.000000000000000000e+00,6.571902436862353980e+00,3.197919892004537079e+00
-2.687980138292117772e+03,9.720236081232238803e+02,2.101483612994164787e+02,-8.083014315516764725e+01,2.844231413434014399e+01,0.000000000000000000e+00,6.571921640119298580e+00,3.197920001441279858e+00
-2.696063152990031085e+03,9.748678395588415242e+02,2.101483612983771252e+02,-8.083014609914741300e+01,2.844231446586083933e+01,0.000000000000000000e+00,6.571915282384056312e+00,3.197919814528963567e+00
-2.704146167688062178e+03,9.777120709751987988e+02,2.101483612982001716e+02,-8.083014416323786122e+01,2.844231451905598007e+01,0.000000000000000000e+00,6.571909646577901221e+00,3.197919998937710506e+00
-2.712229182386010052e+03,9.805563024222300328e+02,2.101483612982785303e+02,-8.083015231306343651e+01,2.844231421106680457e+01,0.000000000000000000e+00,6.571928674081845223e+00,3.197919852140260311e+00
-2.720312197083915635e+03,9.834005338795398075e+02,2.101483612972274955e+02,-8.083014403915395008e+01,2.844231433315534829e+01,0.000000000000000000e+00,6.571902631237469983e+00,3.197920000155205500e+00
-2.728395211782002207e+03,9.862447652990146025e+02,2.101483612987172194e+02,-8.083014615438338524e+01,2.844231441073127442e+01,0.000000000000000000e+00,6.571902842437155279e+00,3.197919995148488237e+00
-2.736478226479880959e+03,9.890889967107699476e+02,2.101483612989532901e+02,-8.083014371664042130e+01,2.844231432134019144e+01,0.000000000000000000e+00,6.571922709058666712e+00,3.197920050603332953e+00
-2.744561241177912962e+03,9.919332281735862580e+02,2.101483612981728015e+02,-8.083014548480213080e+01,2.844231447175517502e+01,0.000000000000000000e+00,6.571899179609546060e+00,3.197919829810059067e+00
-2.752644255875836279e+03,9.947774596025276423e+02,2.101483612982043780e+02,-8.083014653026367569e+01,2.844231430926937065e+01,0.000000000000000000e+00,6.571910442388413820e+00,3.197919928790793787e+00
-2.760727270573834630e+03,9.976216910324319542e+02,2.101483612979937163e+02,-8.083014736881287376e+01,2.844231415432723509e+01,0.000000000000000000e+00,6.571919182759486944e+00,3.197919728938281470e+00
-2.768810285271761131e+03,1.000465922448988977e+03,2.101483612979058364e+02,-8.083014958594844757e+01,2.844231439363159808e+01,0.000000000000000000e+00,6.571923545095227581e+00,3.197920037484440314e+00
-2.776893299969720374e+03,1.003310153896197107e+03,2.101483612991374059e+02,-8.083013847002372643e+01,2.844231444425340527e+01,0.000000000000000000e+00,6.571912032690143235e+00,3.197920050412899062e+00
-2.784976314667848783e+03,1.006154385322487769e+03,2.101483612979372708e+02,-8.083015034340228055e+01,2.844231420725669324e+01,0.000000000000000000e+00,6.571903376883306613e+00,3.197919594866939885e+00
-2.793059329365833946e+03,1.008998616745400795e+03,2.101483612993482097e+02,-8.083015035636441326e+01,2.844231438676424162e+01,0.000000000000000000e+00,6.571922222675651959e+00,3.197920016022238077e+00
-2.801142344063744076e+03,1.011842848160745689e+03,2.101483612994906593e+02,-8.083014625484953797e+01,2.844231446517416728e+01,0.000000000000000000e+00,6.571925931084572348e+00,3.197919910983479497e+00
-2.809225358761760162e+03,1.014687079651627528e+03,2.101483612970538104e+02,-8.083015322941366776e+01,2.844231421884167688e+01,0.000000000000000000e+00,6.571914307754080475e+00,3.197919934753292726e+00
-2.817308373459668474e+03,1.017531311076123416e+03,2.101483612995241401e+02,-8.083014476582502539e+01,2.844231420103678332e+01,0.000000000000000000e+00,6.571914547738692214e+00,3.197920095247463124e+00
-2.825391388157624078e+03,1.020375542507337968e+03,2.101483612980003670e+02,-8.083014549329500653e+01,2.844231442654810849e+01,0.000000000000000000e+00,6.571923951992153512e+00,3.197919824581120007e+00
-2.833474402855699282e+03,1.023219773915822884e+03,2.101483612993720271e+02,-8.083014644445705699e+01,2.844231414327713381e+01,0.000000000000000000e+00,6.571918195627957537e+00,3.197919885683805141e+00
-2.841557417553647610e+03,1.026064005357654423e+03,2.101483612976818449e+02,-8.083014320540955566e+01,2.844231428172107101e+01,0.000000000000000000e+00,6.571905372992167926e+00,3.197919933089837130e+00
-2.849640432251717812e+03,1.028908236778597256e+03,2.101483612980253781e+02,-8.083015046112410573e+01,2.844231442752534988e+01,0.000000000000000000e+00,6.571910118777979370e+00,3.197920057879883871e+00
-2.857723446949636582e+03,1.031752468218872764e+03,2.101483612970624790e+02,-8.083014490801474494e+01,2.844231434092273503e+01,0.000000000000000000e+00,6.571906710044657096e+00,3.197919954034218470e+00
-2.865806461647586275e+03,1.034596699644296905e+03,2.101483612985430511e+02,-8.083015893448657607e+01,2.844231450362150326e+01,0.000000000000000000e+00,6.571903886289237384e+00,3.197919831627638931e+00
-2.873889476345571893e+03,1.037440931079195934e+03,2.101483612977694406e+02,-8.083015222536958788e+01,2.844231424580959100e+01,0.000000000000000000e+00,6.571911633171432676e+00,3.197919953711870544e+00
-2.881972491043473838e+03,1.040285162520716995e+03,2.101483612978292683e+02,-8.083015173821922872e+01,2.844231434254210811e+01,0.000000000000000000e+00,6.571930547425340663e+00,3.197920008688947213e+00
-2.890055505741544039e+03,1.043129393961911774e+03,2.101483612980236444e+02,-8.083014774481777920e+01,2.844231435171969125e+01,0.000000000000000000e+00,6.571920076481580608e+00,3.197920037382373959e+00
-2.898138520439570584e+03,1.045973625394751707e+03,2.101483612975868596e+02,-8.083015263077884072e+01,2.844231440219911278e+01,0.000000000000000000e+00,6.571911853285742566e+00,3.197920015491238388e+00
-2.906221535137413866e+03,1.048817856814370089e+03,2.101483612983965088e+02,-8.083014353237685157e+01,2.844231438817445579e+01,0.000000000000000000e+00,6.571923920197941804e+00,3.197919762925210740e+00
-2.914304549835404487e+03,1.051662088260284463e+03,2.101483612986630476e+02,-8.083014130495416794e+01,2.844231443352285638e+01,0.000000000000000000e+00,6.571907877801328013e+00,3.197919805262158466e+00
-2.922387564533440582e+03,1.054506319690409555e+03,2.101483612982076465e+02,-8.083014399442657805e+01,2.844231418003266043e+01,0.000000000000000000e+00,6.571915222353962527e+00,3.197919796901623091e+00
-2.930470579231389820e+03,1.057350551109123899e+03,2.101483612983430760e+02,-8.083014877944692955e+01,2.844231427402533896e+01,0.000000000000000000e+00,6.571921848616127271e+00,3.197919998944044995e+00
-2.938553593929409999e+03,1.060194782575794989e+03,2.101483612989662504e+02,-8.083014464440886115e+01,2.844231421293305218e+01,0.000000000000000000e+00,6.571944327181927115e+00,3.197919750109587955e+00
-2.946636608627325131e+03,1.063039013981437165e+03,2.101483612984479805e+02,-8.083014431965862912e+01,2.844231422581012225e+01,0.000000000000000000e+00,6.571917581906818739e+00,3.197919804344782069e+00
-2.954719623325381235e+03,1.065883245440471683e+03,2.101483612987919400e+02,-8.083013941227548571e+01,2.844231422387354513e+01,0.000000000000000000e+00,6.571909688369141911e+00,3.197919916751770231e+00
-2.962802638023263626e+03,1.068727476873749310e+03,2.101483612983443550e+02,-8.083014246754576959e+01,2.844231421822549066e+01,0.000000000000000000e+00,6.571912283941925281e+00,3.197920112928528180e+00
-2.970885652721296537e+03,1.071571708321372853e+03,2.101483612975846142e+02,-8.083014041223421486e+01,2.844231432750874333e+01,0.000000000000000000e+00,6.571905328514942468e+00,3.197920106161519449e+00
-2.978968667419251233e+03,1.074415939720782944e+03,2.101483612980683802e+02,-8.083014666803111936e+01,2.844231454627171019e+01,0.000000000000000000e+00,6.571919838813027326e+00,3.197920000101853955e+00
-2.987051682117182281e+03,1.077260171171382808e+03,2.101483612984064848e+02,-8.083014646104122392e+01,2.844231454602327958e+01,0.000000000000000000e+00,6.571910187519349300e+00,3.197919933351825783e+00
-2.995134696815203370e+03,1.080104402571375886e+03,2.101483612987673268e+02,-8.083014671878986235e+01,2.844231428724881994e+01,0.000000000000000000e+00,6.571915623257074124e+00,3.197920000476312197e+00
-3.003217711513198537e+03,1.082948634003129882e+03,2.101483612980126452e+02,-8.083015042289279961e+01,2.844231429841658354e+01,0.000000000000000000e+00,6.571908219311192845e+00,3.197920114513933765e+00
-3.011300726211149140e+03,1.085792865442963603e+03,2.101483612983758462e+02,-8.083014313931214190e+01,2.844231426743883873e+01,0.000000000000000000e+00,6.571908467397023834e+00,3.197919922922468405e+00
-3.019383740909255266e+03,1.088637096878790317e+03,2.101483612983068099e+02,-8.083014672296074821e+01,2.844231439157549701e+01,0.000000000000000000e+00,6.571928174984721593e+00,3.197920190939135932e+00
-3.027466755607059440e+03,1.091481328342619918e+03,2.101483612981342333e+02,-8.083014992403330723e+01,2.844231433923948771e+01,0.000000000000000000e+00,6.571916089317122456e+00,3.197919979323133877e+00
-3.035549770305105540e+03,1.094325559745996543e+03,2.101483612978704514e+02,-8.083014916798002503e+01,2.844231437009959151e+01,0.000000000000000000e+00,6.571915497419197116e+00,3.197919937198806739e+00
-3.043632785002960190e+03,1.097169791196487267e+03,2.101483612986134517e+02,-8.083014518143671978e+01,2.844231440030493729e+01,0.000000000000000000e+00,6.571916841763804307e+00,3.197919932486537498e+00
-3.051715799701123160e+03,1.100014022621580352e+03,2.101483612985156810e+02,-8.083014874742276845e+01,2.844231421329274667e+01,0.000000000000000000e+00,6.571890604531199997e+00,3.197919936295116283e+00
-3.059798814398985087e+03,1.102858254065652318e+03,2.101483612974793402e+02,-8.083013774904176785e+01,2.844231430462171062e+01,0.000000000000000000e+00,6.571909340508504727e+00,3.197920107122119049e+00
-3.067881829096949787e+03,1.105702485500921057e+03,2.101483612986455682e+02,-8.083014344399202855e+01,2.844231431788837483e+01,0.000000000000000000e+00,6.571886255383058817e+00,3.197919795306185531e+00
-3.075964843794892658e+03,1.108546716910018631e+03,2.101483612980624684e+02,-8.083015022023626273e+01,2.844231419599142541e+01,0.000000000000000000e+00,6.571895191583021045e+00,3.197919924680105996e+00
-3.084047858492989235e+03,1.111390948387554545e+03,2.101483612988877212e+02,-8.083014548895224038e+01,2.844231419303281427e+01,0.000000000000000000e+00,6.571924456548767779e+00,3.197919954038650925e+00
-3.092130873191014871e+03,1.114235179792637155e+03,2.101483612987610741e+02,-8.083014283035429060e+01,2.844231430347786826e+01,0.000000000000000000e+00,6.571907523029183018e+00,3.197920021681832203e+00
-3.100213887888814497e+03,1.117079411180484158e+03,2.101483612971656498e+02,-8.083014793981581647e+01,2.844231429735460281e+01,0.000000000000000000e+00,6.571912185434620746e+00,3.197920039560945060e+00
-3.108296902586871056e+03,1.119923642656980064e+03,2.101483612990142262e+02,-8.083014850344213187e+01,2.844231439017473306e+01,0.000000000000000000e+00,6.571923616879553620e+00,3.197919897581803728e+00
-3.116379917284949443e+03,1.122767874093462069e+03,2.101483612995540398e+02,-8.083015411782720605e+01,2.844231419067623179e+01,0.000000000000000000e+00,6.571920248822999966e+00,3.197919992679467249e+00
-3.124462931982798182e+03,1.125612105520763862e+03,2.101483612986971536e+02,-8.083014739055411724e+01,2.844231422302070555e+01,0.000000000000000000e+00,6.571919845211896316e+00,3.197919867484383616e+00
-3.132545946680870657e+03,1.128456336952964648e+03,2.101483612986185108e+02,-8.083014290399859192e+01,2.844231423498348832e+01,0.000000000000000000e+00,6.571925872622773390e+00,3.197920141792278237e+00
-3.140628961378911299e+03,1.131300568383931932e+03,2.101483612973637491e+02,-8.083014414565403172e+01,2.844231431881782157e+01,0.000000000000000000e+00,6.571906157912827950e+00,3.197919823869932454e+00
-3.148711976076787778e+03,1.134144799878084768e+03,2.101483612986663729e+02,-8.083014536565710273e+01,2.844231439515856863e+01,0.000000000000000000e+00,6.571917209573200580e+00,3.197919871687574300e+00
-3.156794990774649250e+03,1.136989031279098754e+03,2.101483612986029073e+02,-8.083014626147982540e+01,2.844231449225936359e+01,0.000000000000000000e+00,6.571915091934228847e+00,3.197920004897131019e+00
-3.164878005472671703e+03,1.139833262705631796e+03,2.101483612999970774e+02,-8.083015539110454029e+01,2.844231429614423945e+01,0.000000000000000000e+00,6.571934267259007534e+00,3.197920202195081885e+00
-3.172961020170758729e+03,1.142677494138036536e+03,2.101483612973102311e+02,-8.083015438224522597e+01,2.844231433489181526e+01,0.000000000000000000e+00,6.571928059787782495e+00,3.197919747530258761e+00
-3.181044034868837116e+03,1.145521725552649286e+03,2.101483612979989175e+02,-8.083015737557381897e+01,2.844231424922659812e+01,0.000000000000000000e+00,6.571915063195880258e+00,3.197920016985113634e+00
-3.189127049566576261e+03,1.148365957003928088e+03,2.101483612979469058e+02,-8.083014541602624092e+01,2.844231426577240285e+01,0.000000000000000000e+00,6.571916418197725207e+00,3.197920009600180524e+00
-3.197210064264693301e+03,1.151210188433391977e+03,2.101483612979664599e+02,-8.083014557793906363e+01,2.844231423720678720e+01,0.000000000000000000e+00,6.571897569709757470e+00,3.197920137265250595e+00
-3.205293078962439267e+03,1.154054419863244220e+03,2.101483612992414862e+02,-8.083014518742884036e+01,2.844231459714771404e+01,0.000000000000000000e+00,6.571909088775837127e+00,3.197919759485616797e+00
-3.213376093660587230e+03,1.156898651296503658e+03,2.101483612987066749e+02,-8.083015001769167895e+01,2.844231437984411670e+01,0.000000000000000000e+00,6.571933007001790727e+00,3.197920143933345560e+00
-3.221459108358661069e+03,1.159742882716609756e+03,2.101483612979312738e+02,-8.083014347329631732e+01,2.844231454119928415e+01,0.000000000000000000e+00,6.571916100103371683e+00,3.197919946767378896e+00
-3.229542123056618038e+03,1.162587114174446015e+03,2.101483612990469112e+02,-8.083015047532154540e+01,2.844231427714409932e+01,0.000000000000000000e+00,6.571913536472228756e+00,3.197919883755498294e+00
-3.237625137754500429e+03,1.165431345591173340e+03,2.101483612985796299e+02,-8.083014275163247930e+01,2.844231432334738940e+01,0.000000000000000000e+00,6.571917377869721300e+00,3.197919996521499719e+00
-3.245708152452529703e+03,1.168275577032064348e+03,2.101483612989686378e+02,-8.083015228497970384e+01,2.844231447448792238e+01,0.000000000000000000e+00,6.571939282294701812e+00,3.197919934485109028e+00
-3.253791167150461206e+03,1.171119808468978590e+03,2.101483612986479841e+02,-8.083013781843199297e+01,2.844231426530451046e+01,0.000000000000000000e+00,6.571910200133857849e+00,3.197919739973349440e+00
-3.261874181848541411e+03,1.173964039886200226e+03,2.101483612985402942e+02,-8.083015134681811276e+01,2.844231443662611625e+01,0.000000000000000000e+00,6.571915910360316637e+00,3.197920009096552274e+00
-3.269957196546469277e+03,1.176808271286663285e+03,2.101483612990523397e+02,-8.083014610994996474e+01,2.844231426340735425e+01,0.000000000000000000e+00,6.571923510346180386e+00,3.197920111398746990e+00
-3.278040211244419424e+03,1.179652502758730407e+03,2.101483612982179068e+02,-8.083015349838341024e+01,2.844231435954028697e+01,0.000000000000000000e+00,6.571927570957424969e+00,3.197919932571203105e+00
-3.286123225942415502e+03,1.182496734195819954e+03,2.101483612984317233e+02,-8.083014166532706213e+01,2.844231420254927301e+01,0.000000000000000000e+00,6.571920142217248184e+00,3.197920193447027160e+00
-3.294206240640380656e+03,1.185340965609216710e+03,2.101483612976550717e+02,-8.083014508037247481e+01,2.844231448083451141e+01,0.000000000000000000e+00,6.571905397451908826e+00,3.197920141297230678e+00
-3.302289255338306248e+03,1.188185197043907920e+03,2.101483612981394629e+02,-8.083015057462826292e+01,2.844231430176862219e+01,0.000000000000000000e+00,6.571917334713464065e+00,3.197920107279202728e+00
-3.310372270036354621e+03,1.191029428495617367e+03,2.101483612980922260e+02,-8.083014543891039239e+01,2.844231426190964740e+01,0.000000000000000000e+00,6.571908009662267958e+00,3.197920042242433869e+00
-3.318455284734207908e+03,1.193873659924400727e+03,2.101483612984206388e+02,-8.083014660071152946e+01,2.844231424559313481e+01,0.000000000000000000e+00,6.571918682400468725e+00,3.197919826307603852e+00
-3.326538299432194890e+03,1.196717891339686503e+03,2.101483612986521905e+02,-8.083014794579993634e+01,2.844231420204728167e+01,0.000000000000000000e+00,6.571910110991263210e+00,3.197920104786814655e+00
-3.334621314130282371e+03,1.199562122787573117e+03,2.101483612993853285e+02,-8.083014972067368831e+01,2.844231437292948428e+01,0.000000000000000000e+00,6.571912203294358434e+00,3.197920169122018930e+00
-3.342704328828192956e+03,1.202406354223259768e+03,2.101483612983773526e+02,-8.083014112682786845e+01,2.844231431473822269e+01,0.000000000000000000e+00,6.571914505847698429e+00,3.197919969209218394e+00
-3.350787343526230416e+03,1.205250585672355783e+03,2.101483612982535192e+02,-8.083015177271983021e+01,2.844231433772926465e+01,0.000000000000000000e+00,6.571911852391804310e+00,3.197920019505296807e+00
-3.358870358224255142e+03,1.208094817106771643e+03,2.101483612980907196e+02,-8.083014045956095117e+01,2.844231434298687233e+01,0.000000000000000000e+00,6.571921976611859506e+00,3.197919990043915028e+00
-3.366953372922147082e+03,1.210939048537295093e+03,2.101483612981855345e+02,-8.083014446805124464e+01,2.844231431961158663e+01,0.000000000000000000e+00,6.571911108015151548e+00,3.197920094543578173e+00
-3.375036387620193636e+03,1.213783279980791121e+03,2.101483612991520147e+02,-8.083014859765280846e+01,2.844231434855025142e+01,0.000000000000000000e+00,6.571921288978623821e+00,3.197920017701813222e+00
-3.383119402318222910e+03,1.216627511399060950e+03,2.101483612980928797e+02,-8.083014068800298446e+01,2.844231430226261281e+01,0.000000000000000000e+00,6.571917704063452881e+00,3.197920126187830725e+00
-3.391202417016083018e+03,1.219471742802022845e+03,2.101483612995233727e+02,-8.083014675847391572e+01,2.844231434752269649e+01,0.000000000000000000e+00,6.571920167070897101e+00,3.197919984563216023e+00
-3.399285431714086371e+03,1.222315974241313597e+03,2.101483612984222873e+02,-8.083015011762346091e+01,2.844231451386906429e+01,0.000000000000000000e+00,6.571912045697515303e+00,3.197919950881217499e+00
-3.407368446411989680e+03,1.225160205708032436e+03,2.101483612988330947e+02,-8.083015133680237341e+01,2.844231437111874783e+01,0.000000000000000000e+00,6.571921576580693092e+00,3.197920098886437135e+00
-3.415451461110074433e+03,1.228004437097844630e+03,2.101483612983728335e+02,-8.083014584946590730e+01,2.844231446758336901e+01,0.000000000000000000e+00,6.571910817684385897e+00,3.197919815972004365e+00
-3.423534475807998660e+03,1.230848668528666167e+03,2.101483612988537004e+02,-8.083014598343078205e+01,2.844231426636377691e+01,0.000000000000000000e+00,6.571920357011998171e+00,3.197920062833614629e+00
-3.431617490505970181e+03,1.233692899971932093e+03,2.101483612979342013e+02,-8.083014745227509934e+01,2.844231428762955360e+01,0.000000000000000000e+00,6.571912584494580933e+00,3.197919815555680056e+00
-3.439700505203935791e+03,1.236537131424174504e+03,2.101483612994413761e+02,-8.083014706324806298e+01,2.844231443881630028e+01,0.000000000000000000e+00,6.571911379504499884e+00,3.197920051712420442e+00
-3.447783519902020998e+03,1.239381362841825194e+03,2.101483612986801006e+02,-8.083014537955091328e+01,2.844231429320473481e+01,0.000000000000000000e+00,6.571904022082435404e+00,3.197920011114588679e+00
-3.455866534599865190e+03,1.242225594274542800e+03,2.101483612987352956e+02,-8.083014738827567669e+01,2.844231424112138740e+01,0.000000000000000000e+00,6.571926878585845344e+00,3.197919882973021988e+00
-3.463949549297858994e+03,1.245069825712105740e+03,2.101483612981370186e+02,-8.083015410473925044e+01,2.844231430703250396e+01,0.000000000000000000e+00,6.571931317803743511e+00,3.197920007651001040e+00
-3.472032563995847795e+03,1.247914057152133864e+03,2.101483612979488100e+02,-8.083014841460433786e+01,2.844231422708979906e+01,0.000000000000000000e+00,6.571917010574019002e+00,3.197920160926434718e+00
-3.480115578693805219e+03,1.250758288595246540e+03,2.101483612991087853e+02,-8.083014066640842543e+01,2.844231448584745081e+01,0.000000000000000000e+00,6.571897444836446667e+00,3.197920128546552831e+00
-3.488198593391727172e+03,1.253602520032530492e+03,2.101483612989873109e+02,-8.083014367125502986e+01,2.844231438617994101e+01,0.000000000000000000e+00,6.571928093066926380e+00,3.197920041388853551e+00
-3.496281608089776910e+03,1.256446751479881186e+03,2.101483612982528086e+02,-8.083015535170994781e+01,2.844231434485260479e+01,0.000000000000000000e+00,6.571921062354268983e+00,3.197919878261620941e+00
-3.504364622787799362e+03,1.259290982845946701e+03,2.101483612987029232e+02,-8.083013999987738885e+01,2.844231427442480609e+01,0.000000000000000000e+00,6.571905648327500238e+00,3.197920001262999357e+00
-3.512447637485680843e+03,1.262135214322582669e+03,2.101483612983894886e+02,-8.083014740155840627e+01,2.844231445369299038e+01,0.000000000000000000e+00,6.571908672080424729e+00,3.197920064004172946e+00
-3.520530652183777875e+03,1.264979445752944457e+03,2.101483612974163293e+02,-8.083014800643817921e+01,2.844231422887756366e+01,0.000000000000000000e+00,6.571929779508699276e+00,3.197919859782559548e+00
-3.528613666881681638e+03,1.267823677205639115e+03,2.101483612982917464e+02,-8.083014594243188355e+01,2.844231437613620983e+01,0.000000000000000000e+00,6.571907086464197079e+00,3.197919946592240770e+00
-3.536696681579709093e+03,1.270667908639936513e+03,2.101483612979249358e+02,-8.083015235928253617e+01,2.844231430149422479e+01,0.000000000000000000e+00,6.571917133466110172e+00,3.197919911571203588e+00
-3.544779696277701532e+03,1.273512140060347747e+03,2.101483612972880053e+02,-8.083014723066740714e+01,2.844231420910826813e+01,0.000000000000000000e+00,6.571905677666721957e+00,3.197919838187255781e+00
-3.552862710975649861e+03,1.276356371492377320e+03,2.101483612983789442e+02,-8.083013725882238987e+01,2.844231411351094962e+01,0.000000000000000000e+00,6.571913502569702636e+00,3.197920183356785628e+00
-3.560945725673613651e+03,1.279200602953385896e+03,2.101483612984017384e+02,-8.083014960796067783e+01,2.844231409828728374e+01,0.000000000000000000e+00,6.571923248214902813e+00,3.197919998219424631e+00
-3.569028740371664753e+03,1.282044834332071559e+03,2.101483612972483002e+02,-8.083014386595604606e+01,2.844231425186079321e+01,0.000000000000000000e+00,6.571916322118487308e+00,3.197920005851250469e+00
-3.577111755069556693e+03,1.284889065787979689e+03,2.101483612977579867e+02,-8.083014497638700391e+01,2.844231441871242794e+01,0.000000000000000000e+00,6.571920616163985152e+00,3.197919801478619206e+00
-3.585194769767638263e+03,1.287733297251934346e+03,2.101483612984394824e+02,-8.083014913043770377e+01,2.844231433896362660e+01,0.000000000000000000e+00,6.571916180909796346e+00,3.197920021891492048e+00
-3.593277784465549303e+03,1.290577528642567131e+03,2.101483612982794398e+02,-8.083014769197951921e+01,2.844231424199674763e+01,0.000000000000000000e+00,6.571908278860779440e+00,3.197919975370201673e+00
-3.601360799163569936e+03,1.293421760104831492e+03,2.101483612983301725e+02,-8.083014694227711061e+01,2.844231432690629191e+01,0.000000000000000000e+00,6.571914293709495425e+00,3.197920166319620616e+00
-3.609443813861473245e+03,1.296265991508005982e+03,2.101483612973237314e+02,-8.083014185412513086e+01,2.844231429406273293e+01,0.000000000000000000e+00,6.571915445516761878e+00,3.197919834888920398e+00
-3.617526828559522983e+03,1.299110222951342848e+03,2.101483612993152974e+02,-8.083014856777010948e+01,2.844231416022871528e+01,0.000000000000000000e+00,6.571914476290444895e+00,3.197919792925941973e+00
-3.625609843257496323e+03,1.301954454380539801e+03,2.101483612981780595e+02,-8.083014725104584386e+01,2.844231418675063949e+01,0.000000000000000000e+00,6.571932176834891948e+00,3.197919733359890326e+00
-3.633692857955536965e+03,1.304798685809616472e+03,2.101483612986449714e+02,-8.083014935777978849e+01,2.844231423954212801e+01,0.000000000000000000e+00,6.571913981889527356e+00,3.197919826785508679e+00
-3.641775872653442548e+03,1.307642917250815344e+03,2.101483612986795606e+02,-8.083014869751949050e+01,2.844231427898355591e+01,0.000000000000000000e+00,6.571923281172835196e+00,3.197920048623293265e+00
-3.649858887351266276e+03,1.310487148703536377e+03,2.101483612969188357e+02,-8.083013764526110378e+01,2.844231428191286071e+01,0.000000000000000000e+00,6.571920169041596260e+00,3.197919945303041800e+00
-3.657941902049361488e+03,1.313331380135758309e+03,2.101483612974309949e+02,-8.083014664347271605e+01,2.844231431419503409e+01,0.000000000000000000e+00,6.571910538041476180e+00,3.197919791492974007e+00
-3.666024916747325733e+03,1.316175611557130651e+03,2.101483612974078881e+02,-8.083013930432764482e+01,2.844231421750756184e+01,0.000000000000000000e+00,6.571917271780643333e+00,3.197919945281398224e+00
-3.674107931445257691e+03,1.319019842972752258e+03,2.101483612984556828e+02,-8.083014610335918348e+01,2.844231445397738511e+01,0.000000000000000000e+00,6.571919910641816465e+00,3.197919966216318244e+00
-3.682190946143235578e+03,1.321864074381379396e+03,2.101483612987079255e+02,-8.083015013276953198e+01,2.844231440757086204e+01,0.000000000000000000e+00,6.571915476970612069e+00,3.197919979403649471e+00
-3.690273960841273492e+03,1.324708305839805689e+03,2.101483612980270266e+02,-8.083014318375808216e+01,2.844231427564650616e+01,0.000000000000000000e+00,6.571909870693745326e+00,3.197920071065297964e+00
-3.698356975539271389e+03,1.327552537294601052e+03,2.101483612982052591e+02,-8.083014269651590666e+01,2.844231433127197306e+01,0.000000000000000000e+00,6.571903802498324509e+00,3.197920063955551839e+00
-3.706439990237181064e+03,1.330396768726586060e+03,2.101483612984998786e+02,-8.083014880596569185e+01,2.844231445649866075e+01,0.000000000000000000e+00,6.571923820482746592e+00,3.197920036958082690e+00
-3.714523004935245808e+03,1.333241000143978908e+03,2.101483612983586511e+02,-8.083014330002093573e+01,2.844231417125317307e+01,0.000000000000000000e+00,6.571933464637629285e+00,3.197919897244593024e+00
-3.722606019633165488e+03,1.336085231574344562e+03,2.101483612989042626e+02,-8.083014310841161887e+01,2.844231419209354783e+01,0.000000000000000000e+00,6.571904972508444409e+00,3.197920121708287766e+00
-3.730689034331214771e+03,1.338929463039494976e+03,2.101483612986638150e+02,-8.083015421384651233e+01,2.844231434983484164e+01,0.000000000000000000e+00,6.571901399745199157e+00,3.197920022266544482e+00
-3.738772049029206755e+03,1.341773694456651583e+03,2.101483612989884477e+02,-8.083014614650537055e+01,2.844231439570808462e+01,0.000000000000000000e+00,6.571926281115866963e+00,3.197920070572339846e+00
-3.746855063727089600e+03,1.344617925910187978e+03,2.101483612967729186e+02,-8.083015285012572804e+01,2.844231438544813173e+01,0.000000000000000000e+00,6.571919250115703548e+00,3.197919971576359099e+00
-3.754938078425149797e+03,1.347462157319401058e+03,2.101483612979534144e+02,-8.083015063567626157e+01,2.844231436019637016e+01,0.000000000000000000e+00,6.571923142412384067e+00,3.197919912223887717e+00
-3.763021093123092669e+03,1.350306388762425740e+03,2.101483612977244206e+02,-8.083015027305540912e+01,2.844231428208477297e+01,0.000000000000000000e+00,6.571916164361453205e+00,3.197920077766889690e+00
-3.771104107821084654e+03,1.353150620182161447e+03,2.101483612970426691e+02,-8.083014882362391518e+01,2.844231418347241558e+01,0.000000000000000000e+00,6.571918903114204014e+00,3.197920102662322517e+00
-3.779187122519052082e+03,1.355994851642743242e+03,2.101483612978698829e+02,-8.083014873771966791e+01,2.844231431848837843e+01,0.000000000000000000e+00,6.571921320952879064e+00,3.197919890179917513e+00
-3.787270137216959938e+03,1.358839083046832002e+03,2.101483612985106788e+02,-8.083014743001353963e+01,2.844231445051827123e+01,0.000000000000000000e+00,6.571909592288086799e+00,3.197919788486167647e+00
-3.795353151914911905e+03,1.361683314490521980e+03,2.101483612981492684e+02,-8.083014644588976694e+01,2.844231436856908246e+01,0.000000000000000000e+00,6.571904811031467730e+00,3.197919964356058742e+00
-3.803436166612903889e+03,1.364527545924848937e+03,2.101483612964414363e+02,-8.083015676954187256e+01,2.844231429756793972e+01,0.000000000000000000e+00,6.571929248746566365e+00,3.197919983890962659e+00
-3.811519181310982276e+03,1.367371777343405938e+03,2.101483612982183331e+02,-8.083013899272408764e+01,2.844231429784655774e+01,0.000000000000000000e+00,6.571920570817348484e+00,3.197920004718875830e+00
-3.819602196008979263e+03,1.370216008748900322e+03,2.101483612971919683e+02,-8.083014000038436109e+01,2.844231424965922983e+01,0.000000000000000000e+00,6.571918263104812752e+00,3.197920153971575363e+00
-3.827685210706993530e+03,1.373060240186945748e+03,2.101483612975041240e+02,-8.083014293666508365e+01,2.844231450939169292e+01,0.000000000000000000e+00,6.571918511368313176e+00,3.197920112719724983e+00
-3.835768225404816803e+03,1.375904471660208856e+03,2.101483612993141605e+02,-8.083015066069691557e+01,2.844231417875913337e+01,0.000000000000000000e+00,6.571920078205447879e+00,3.197920102547181287e+00
-3.843851240102837892e+03,1.378748703078620110e+03,2.101483612990390668e+02,-8.083014746984495957e+01,2.844231431384225672e+01,0.000000000000000000e+00,6.571919183494277839e+00,3.197919996009259691e+00
-3.851934254800846702e+03,1.381592934560719414e+03,2.101483612984386014e+02,-8.083015207614019459e+01,2.844231435727351709e+01,0.000000000000000000e+00,6.571915809787099327e+00,3.197920068596889376e+00
-3.860017269498766382e+03,1.384437165954416741e+03,2.101483612981394913e+02,-8.083015168688444874e+01,2.844231419198888133e+01,0.000000000000000000e+00,6.571921213814664320e+00,3.197920041030763549e+00
-3.868100284196765188e+03,1.387281397405600956e+03,2.101483612983833780e+02,-8.083014686344910160e+01,2.844231441719500353e+01,0.000000000000000000e+00,6.571903615353239303e+00,3.197919968638015309e+00
-3.876183298894840391e+03,1.390125628860430879e+03,2.101483612979063764e+02,-8.083015114543299262e+01,2.844231425379115308e+01,0.000000000000000000e+00,6.571907178820729278e+00,3.197919928246042875e+00
-3.884266313592810093e+03,1.392969860235658643e+03,2.101483612990415111e+02,-8.083014499059892444e+01,2.844231439504784476e+01,0.000000000000000000e+00,6.571909294637751309e+00,3.197920120521810627e+00
-3.892349328290694757e+03,1.395814091665466322e+03,2.101483612983237208e+02,-8.083015108687979478e+01,2.844231444099127160e+01,0.000000000000000000e+00,6.571924481600134982e+00,3.197919918496695768e+00
-3.900432342988654909e+03,1.398658323118094586e+03,2.101483612981295153e+02,-8.083014545468037682e+01,2.844231430562652818e+01,0.000000000000000000e+00,6.571914915446504857e+00,3.197919866513924791e+00
-3.908515357686708285e+03,1.401502554545014618e+03,2.101483612991223140e+02,-8.083015261702212229e+01,2.844231433140916110e+01,0.000000000000000000e+00,6.571933788310743374e+00,3.197919928350841712e+00
-3.916598372384611139e+03,1.404346785965829667e+03,2.101483612978517215e+02,-8.083014719438016016e+01,2.844231428619475821e+01,0.000000000000000000e+00,6.571917466615058601e+00,3.197920155983454027e+00
-3.924681387082486708e+03,1.407191017423976973e+03,2.101483612974414825e+02,-8.083015594909971924e+01,2.844231427177834703e+01,0.000000000000000000e+00,6.571901139698048233e+00,3.197920128939895967e+00
-3.932764401780651497e+03,1.410035248868211738e+03,2.101483612978398980e+02,-8.083014796133092261e+01,2.844231439590445021e+01,0.000000000000000000e+00,6.571935073400047678e+00,3.197920065458815131e+00
-3.940847416478637115e+03,1.412879480309268274e+03,2.101483612980210580e+02,-8.083014686950322414e+01,2.844231439986703691e+01,0.000000000000000000e+00,6.571917402988230350e+00,3.197919802632724462e+00
-3.948930431176615002e+03,1.415723711716367006e+03,2.101483612990803636e+02,-8.083014004743100145e+01,2.844231436360846388e+01,0.000000000000000000e+00,6.571937416809778831e+00,3.197919890330302994e+00
-3.957013445874402805e+03,1.418567943141524438e+03,2.101483612981490694e+02,-8.083014383395438074e+01,2.844231441610879685e+01,0.000000000000000000e+00,6.571910238513773983e+00,3.197920052435343496e+00
-3.965096460572460728e+03,1.421412174568284172e+03,2.101483612975212338e+02,-8.083014758533184363e+01,2.844231430982867082e+01,0.000000000000000000e+00,6.571908042836398067e+00,3.197920003027307168e+00
-3.973179475270509101e+03,1.424256406001928553e+03,2.101483612993058046e+02,-8.083014322442095079e+01,2.844231428001861062e+01,0.000000000000000000e+00,6.571909705340813090e+00,3.197920061327400809e+00
-3.981262489968442424e+03,1.427100637461339829e+03,2.101483612988515972e+02,-8.083014654128565724e+01,2.844231440626396790e+01,0.000000000000000000e+00,6.571905261379688667e+00,3.197919904668381719e+00
-3.989345504666401666e+03,1.429944868878708803e+03,2.101483612992490464e+02,-8.083014673829738683e+01,2.844231434346455600e+01,0.000000000000000000e+00,6.571917630176884018e+00,3.197919903898186256e+00
-3.997428519364391832e+03,1.432789100314519828e+03,2.101483612990894585e+02,-8.083014324168470921e+01,2.844231425521811474e+01,0.000000000000000000e+00,6.571907162407922165e+00,3.197920003344781215e+00
-4.005511534062395185e+03,1.435633331796569564e+03,2.101483612977033886e+02,-8.083014634307360780e+01,2.844231444878941062e+01,0.000000000000000000e+00,6.571903194454886687e+00,3.197920041347178444e+00
-4.013594548760362159e+03,1.438477563191459467e+03,2.101483612978142332e+02,-8.083014819665336859e+01,2.844231437482336489e+01,0.000000000000000000e+00,6.571902514235619996e+00,3.197920025862489801e+00
-4.021677563458353688e+03,1.441321794608865957e+03,2.101483612980439091e+02,-8.083014263184414006e+01,2.844231442567179258e+01,0.000000000000000000e+00,6.571918635489278238e+00,3.197919872698808064e+00
-4.029760578156386146e+03,1.444166026054504982e+03,2.101483612992915084e+02,-8.083014887077335686e+01,2.844231417349007174e+01,0.000000000000000000e+00,6.571913885263483301e+00,3.197919893122886492e+00
-4.037843592854378130e+03,1.447010257492975825e+03,2.101483612981825786e+02,-8.083014648664897095e+01,2.844231429328129934e+01,0.000000000000000000e+00,6.571903755312454187e+00,3.197919943845035640e+00
-4.045926607552308269e+03,1.449854488906360530e+03,2.101483612979893110e+02,-8.083014516306418784e+01,2.844231439957122376e+01,0.000000000000000000e+00,6.571920685504014870e+00,3.197920070685018157e+00
-4.054009622250227039e+03,1.452698720377398786e+03,2.101483612977112614e+02,-8.083014342718296064e+01,2.844231429373249398e+01,0.000000000000000000e+00,6.571922515985053614e+00,3.197920078863626614e+00
-4.062092636948216295e+03,1.455542951781332022e+03,2.101483612981851365e+02,-8.083015104437868104e+01,2.844231440561670610e+01,0.000000000000000000e+00,6.571915602182974325e+00,3.197919941900267293e+00
-4.070175651646209644e+03,1.458387183241729872e+03,2.101483612977070834e+02,-8.083014242289550566e+01,2.844231427861713257e+01,0.000000000000000000e+00,6.571924091346253327e+00,3.197919907894410052e+00
-4.078258666344142057e+03,1.461231414670582808e+03,2.101483612985688296e+02,-8.083014943578574218e+01,2.844231428634108383e+01,0.000000000000000000e+00,6.571893120838931956e+00,3.197919892509570428e+00
-4.086341681042174514e+03,1.464075646077554666e+03,2.101483612989023015e+02,-8.083014665790702225e+01,2.844231415834158838e+01,0.000000000000000000e+00,6.571911588912820790e+00,3.197919873595973961e+00
-4.094424695740112384e+03,1.466919877496758090e+03,2.101483612987709080e+02,-8.083014829332469731e+01,2.844231425966248494e+01,0.000000000000000000e+00,6.571925368199281081e+00,3.197920044917661908e+00
-4.102507710438000686e+03,1.469764108967396851e+03,2.101483612980594557e+02,-8.083015491240291794e+01,2.844231430923457538e+01,0.000000000000000000e+00,6.571921177963877092e+00,3.197919821991729528e+00
-4.110590725136074070e+03,1.472608340359918884e+03,2.101483612977824862e+02,-8.083014482168671577e+01,2.844231422780239527e+01,0.000000000000000000e+00,6.571909026368285112e+00,3.197920107906036424e+00
-4.118673739834085609e+03,1.475452571808207722e+03,2.101483612986028504e+02,-8.083014422861006665e+01,2.844231416976260718e+01,0.000000000000000000e+00,6.571911529627993076e+00,3.197920037889970146e+00
-4.126756754532161722e+03,1.478296803246201080e+03,2.101483612970789352e+02,-8.083014611839496411e+01,2.844231429736522543e+01,0.000000000000000000e+00,6.571922019185326036e+00,3.197919960605920320e+00
-4.134839769230089587e+03,1.481141034695034477e+03,2.101483612977951339e+02,-8.083015112587577278e+01,2.844231445085559784e+01,0.000000000000000000e+00,6.571907633207402455e+00,3.197920091891162997e+00
-4.142922783927935598e+03,1.483985266113674925e+03,2.101483612972554340e+02,-8.083014598761062075e+01,2.844231429655719978e+01,0.000000000000000000e+00,6.571927877839378596e+00,3.197920102433447376e+00
-4.151005798626052638e+03,1.486829497542769332e+03,2.101483612972597257e+02,-8.083014389691278723e+01,2.844231432454291664e+01,0.000000000000000000e+00,6.571933729004806324e+00,3.197920048598366094e+00
-4.159088813323956856e+03,1.489673729008910186e+03,2.101483612992687711e+02,-8.083014316056555515e+01,2.844231407179454507e+01,0.000000000000000000e+00,6.571897852224152459e+00,3.197920021649071742e+00
-4.167171828021889269e+03,1.492517960432610835e+03,2.101483612975827100e+02,-8.083015312714098854e+01,2.844231428755162483e+01,0.000000000000000000e+00,6.571918263928309578e+00,3.197919976173650536e+00
-4.175254842719989028e+03,1.495362191873367010e+03,2.101483612985560114e+02,-8.083014539034554957e+01,2.844231417223921454e+01,0.000000000000000000e+00,6.571926057157681633e+00,3.197919913172717177e+00
-4.183337857417906889e+03,1.498206423265536841e+03,2.101483612971420030e+02,-8.083014835997398961e+01,2.844231439748883972e+01,0.000000000000000000e+00,6.571924413034293089e+00,3.197919796291670558e+00
-4.191420872115857492e+03,1.501050654709816399e+03,2.101483612985600757e+02,-8.083014546205005502e+01,2.844231430372493818e+01,0.000000000000000000e+00,6.571914600961200392e+00,3.197920008681095272e+00
-4.199503886813905410e+03,1.503894886148342948e+03,2.101483612991823975e+02,-8.083014554090487991e+01,2.844231435147774079e+01,0.000000000000000000e+00,6.571912314205555994e+00,3.197919906572033177e+00
-4.207586901511930591e+03,1.506739117604229250e+03,2.101483612971445325e+02,-8.083015035869787823e+01,2.844231433562233136e+01,0.000000000000000000e+00,6.571918799501272446e+00,3.197920013729384614e+00
-4.215669916209758412e+03,1.509583349018996614e+03,2.101483612976784343e+02,-8.083015184663682362e+01,2.844231431265524890e+01,0.000000000000000000e+00,6.571906081514924836e+00,3.197919920027316731e+00
-4.223752930907790869e+03,1.512427580443962142e+03,2.101483612977731639e+02,-8.083015237195421321e+01,2.844231436752564690e+01,0.000000000000000000e+00,6.571907189032641483e+00,3.197919929672869088e+00
-4.231835945605936104e+03,1.515271811905676941e+03,2.101483612983084299e+02,-8.083014494494949531e+01,2.844231423351374133e+01,0.000000000000000000e+00,6.571921403292112274e+00,3.197919961448810522e+00
-4.239918960303822132e+03,1.518116043329215927e+03,2.101483612987483696e+02,-8.083014261817216095e+01,2.844231423958111904e+01,0.000000000000000000e+00,6.571923889955595399e+00,3.197919942508693936e+00
-4.248001975001753635e+03,1.520960274738364888e+03,2.101483612984696947e+02,-8.083014595015333725e+01,2.844231439934054251e+01,0.000000000000000000e+00,6.571914749283884305e+00,3.197919866843839998e+00
-4.256084989699680591e+03,1.523804506191394012e+03,2.101483612994781822e+02,-8.083014229642694204e+01,2.844231437227942649e+01,0.000000000000000000e+00,6.571923911457039580e+00,3.197919965974754586e+00
-4.264168004397692130e+03,1.526648737623992929e+03,2.101483612985010154e+02,-8.083014704921681925e+01,2.844231432541944571e+01,0.000000000000000000e+00,6.571925457236694079e+00,3.197920031481390701e+00
-4.272251019095634547e+03,1.529492969077291946e+03,2.101483612976666109e+02,-8.083014511218591736e+01,2.844231450649810711e+01,0.000000000000000000e+00,6.571932563307066211e+00,3.197920079594879006e+00
-4.280334033793603339e+03,1.532337200484796995e+03,2.101483612974185178e+02,-8.083014858027145522e+01,2.844231419614324707e+01,0.000000000000000000e+00,6.571924190751238015e+00,3.197919923947422305e+00
-4.288417048491631249e+03,1.535181431903529074e+03,2.101483612979836266e+02,-8.083014488039516721e+01,2.844231430635647584e+01,0.000000000000000000e+00,6.571896487075448157e+00,3.197920006682121397e+00
-4.296500063189538196e+03,1.538025663347192221e+03,2.101483612980995019e+02,-8.083015245953922090e+01,2.844231428657319682e+01,0.000000000000000000e+00,6.571914179707222914e+00,3.197920115246150274e+00
-4.304583077887536092e+03,1.540869894755596533e+03,2.101483612991576422e+02,-8.083014847698900951e+01,2.844231420875104632e+01,0.000000000000000000e+00,6.571905714710827517e+00,3.197919893382745737e+00
-4.312666092585592196e+03,1.543714126241811073e+03,2.101483612984195020e+02,-8.083015001921322096e+01,2.844231439426713592e+01,0.000000000000000000e+00,6.571921412058325807e+00,3.197920029977099343e+00
-4.320749107283530975e+03,1.546558357660862384e+03,2.101483612977753808e+02,-8.083014755540895635e+01,2.844231420128908638e+01,0.000000000000000000e+00,6.571900940185382289e+00,3.197920118423801306e+00
-4.328832121981562523e+03,1.549402589082879331e+03,2.101483612987640015e+02,-8.083014532888766723e+01,2.844231431907248719e+01,0.000000000000000000e+00,6.571899912910924790e+00,3.197919937015493375e+00
-4.336915136679502211e+03,1.552246820523023644e+03,2.101483612990970471e+02,-8.083014846482863902e+01,2.844231429546088208e+01,0.000000000000000000e+00,6.571910754227187290e+00,3.197920199886576942e+00
-4.344998151377512841e+03,1.555091051963549717e+03,2.101483612985639979e+02,-8.083014449729814999e+01,2.844231422632061523e+01,0.000000000000000000e+00,6.571913437729928198e+00,3.197919905304354327e+00
-4.353081166075501642e+03,1.557935283367432021e+03,2.101483612988580205e+02,-8.083014195238857269e+01,2.844231436005030744e+01,0.000000000000000000e+00,6.571915490476412103e+00,3.197919885158131414e+00
-4.361164180773379485e+03,1.560779514813028982e+03,2.101483612994223336e+02,-8.083014076194186259e+01,2.844231420649359166e+01,0.000000000000000000e+00,6.571915169856817229e+00,3.197919936743839120e+00
-4.369247195471384657e+03,1.563623746248580119e+03,2.101483612983672344e+02,-8.083014311167116261e+01,2.844231433791965458e+01,0.000000000000000000e+00,6.571925730629279983e+00,3.197919912901769912e+00
-4.377330210169357997e+03,1.566467977716746418e+03,2.101483612986306753e+02,-8.083014712042475480e+01,2.844231436010666414e+01,0.000000000000000000e+00,6.571922410999460951e+00,3.197920135129599384e+00
-4.385413224867240388e+03,1.569312209110099047e+03,2.101483612995304213e+02,-8.083014535440304371e+01,2.844231436855415396e+01,0.000000000000000000e+00,6.571914907407781392e+00,3.197920003354442375e+00
-4.393496239565322867e+03,1.572156440566796618e+03,2.101483612990920165e+02,-8.083014897237062257e+01,2.844231431943432042e+01,0.000000000000000000e+00,6.571921015525517440e+00,3.197919765045395213e+00
-4.401579254263419898e+03,1.575000672001305247e+03,2.101483612980652254e+02,-8.083014695307421960e+01,2.844231435808460162e+01,0.000000000000000000e+00,6.571916281488131339e+00,3.197919900468831234e+00
-4.409662268961282280e+03,1.577844903433429863e+03,2.101483612982362956e+02,-8.083015518595158255e+01,2.844231440924722421e+01,0.000000000000000000e+00,6.571935177873686307e+00,3.197919871055786789e+00
-4.417745283659308370e+03,1.580689134844961927e+03,2.101483612980184148e+02,-8.083014814336310394e+01,2.844231436763396204e+01,0.000000000000000000e+00,6.571908510729050690e+00,3.197919916598110035e+00
-4.425828298357181666e+03,1.583533366305332947e+03,2.101483612974250264e+02,-8.083014834588634301e+01,2.844231414398496582e+01,0.000000000000000000e+00,6.571933670541193706e+00,3.197920103733852493e+00
-4.433911313055156825e+03,1.586377597714653803e+03,2.101483612991994221e+02,-8.083014103848525167e+01,2.844231457453118139e+01,0.000000000000000000e+00,6.571912398634522923e+00,3.197919817266961839e+00
-4.441994327753172001e+03,1.589221829135683265e+03,2.101483612981308227e+02,-8.083015044672441718e+01,2.844231439997063049e+01,0.000000000000000000e+00,6.571907963259372210e+00,3.197920217696198719e+00
-4.450077342451168988e+03,1.592066060569952242e+03,2.101483612986033052e+02,-8.083014486633717866e+01,2.844231430264152394e+01,0.000000000000000000e+00,6.571917998435742092e+00,3.197919885512747307e+00
-4.458160357149093215e+03,1.594910292033268661e+03,2.101483612978840654e+02,-8.083013863622656459e+01,2.844231438972101245e+01,0.000000000000000000e+00,6.571913283068884226e+00,3.197919931162858997e+00
-4.466243371847275739e+03,1.597754523449701082e+03,2.101483612983526257e+02,-8.083014436401506941e+01,2.844231436845683092e+01,0.000000000000000000e+00,6.571941204063683095e+00,3.197919832439655607e+00
-4.474326386545161768e+03,1.600598754916412190e+03,2.101483612987604772e+02,-8.083014948585103809e+01,2.844231434294360739e+01,0.000000000000000000e+00,6.571913299005680109e+00,3.197919975428639372e+00
-4.482409401243121465e+03,1.603442986307105457e+03,2.101483612976134907e+02,-8.083014703495079800e+01,2.844231438704773751e+01,0.000000000000000000e+00,6.571906473839321805e+00,3.197919842492616294e+00
-4.490492415941055697e+03,1.606287217762027467e+03,2.101483612978175586e+02,-8.083014198080159929e+01,2.844231416939165769e+01,0.000000000000000000e+00,6.571913064573934093e+00,3.197920092778967049e+00
-4.498575430639054503e+03,1.609131449182127426e+03,2.101483612972418484e+02,-8.083015418143797604e+01,2.844231427483898500e+01,0.000000000000000000e+00,6.571906942067061053e+00,3.197919867752823997e+00
-4.506658445337033299e+03,1.611975680592334356e+03,2.101483612979080533e+02,-8.083014199877224826e+01,2.844231425831841520e+01,0.000000000000000000e+00,6.571905432626174992e+00,3.197919681467633168e+00
-4.514741460034966622e+03,1.614819912004757043e+03,2.101483612984794149e+02,-8.083014800360294316e+01,2.844231431537819432e+01,0.000000000000000000e+00,6.571910044920366900e+00,3.197920056828699842e+00
-4.522824474732977251e+03,1.617664143494228938e+03,2.101483612982226816e+02,-8.083014669374145456e+01,2.844231423873713283e+01,0.000000000000000000e+00,6.571899050840789513e+00,3.197919857881581507e+00
-4.530907489430937858e+03,1.620508374910913062e+03,2.101483612985570346e+02,-8.083014673494889735e+01,2.844231433848721835e+01,0.000000000000000000e+00,6.571919381011421812e+00,3.197919917488844632e+00
-4.538990504128960310e+03,1.623352606370818648e+03,2.101483612988437244e+02,-8.083014138789781100e+01,2.844231428716329901e+01,0.000000000000000000e+00,6.571921952308428239e+00,3.197919990683955049e+00
-4.547073518826862710e+03,1.626196837822918042e+03,2.101483612976381607e+02,-8.083015027223358118e+01,2.844231424271538700e+01,0.000000000000000000e+00,6.571908597586760159e+00,3.197919992694024938e+00
-4.555156533524812403e+03,1.629041069224821285e+03,2.101483612976594202e+02,-8.083014522937148172e+01,2.844231445303910633e+01,0.000000000000000000e+00,6.571926087584770926e+00,3.197920120265015598e+00
-4.563239548222833037e+03,1.631885300634987289e+03,2.101483612975011965e+02,-8.083014352089756471e+01,2.844231417416190766e+01,0.000000000000000000e+00,6.571898210259433881e+00,3.197919917073098972e+00
-4.571322562920855489e+03,1.634729532103384372e+03,2.101483612992896610e+02,-8.083013700835934401e+01,2.844231427615954999e+01,0.000000000000000000e+00,6.571915794241470543e+00,3.197920108292833685e+00
-4.579405577618753341e+03,1.637573763517860698e+03,2.101483612970088188e+02,-8.083013968929597581e+01,2.844231433743793147e+01,0.000000000000000000e+00,6.571913091090848091e+00,3.197920019664312719e+00
-4.587488592316892209e+03,1.640417994963207320e+03,2.101483612983524836e+02,-8.083015353866952069e+01,2.844231435828699972e+01,0.000000000000000000e+00,6.571895394745434160e+00,3.197919949810167584e+00
-4.595571607014779147e+03,1.643262226362691308e+03,2.101483612986176013e+02,-8.083014779007389450e+01,2.844231448169496090e+01,0.000000000000000000e+00,6.571914842617798236e+00,3.197919771116092491e+00
-4.603654621712825247e+03,1.646106457818888657e+03,2.101483612980798341e+02,-8.083014865916160829e+01,2.844231442973013912e+01,0.000000000000000000e+00,6.571920113343372449e+00,3.197919652098487830e+00
-4.611737636410682171e+03,1.648950689244379419e+03,2.101483612974545281e+02,-8.083014742109328665e+01,2.844231434884119381e+01,0.000000000000000000e+00,6.571913749274248318e+00,3.197920086038708920e+00
-4.619820651108634593e+03,1.651794920680445784e+03,2.101483612987050265e+02,-8.083014799461902555e+01,2.844231440176513104e+01,0.000000000000000000e+00,6.571907117374006901e+00,3.197919865323750610e+00
-4.627903665806741628e+03,1.654639152135050381e+03,2.101483612992260532e+02,-8.083014472823668939e+01,2.844231438046372418e+01,0.000000000000000000e+00,6.571913114746881668e+00,3.197920001161508985e+00
-4.635986680504692231e+03,1.657483383546870755e+03,2.101483612989401308e+02,-8.083014834328994880e+01,2.844231432281633687e+01,0.000000000000000000e+00,6.571906903266933497e+00,3.197919713236081041e+00
-4.644069695202611911e+03,1.660327614976394216e+03,2.101483612982266891e+02,-8.083014438299291271e+01,2.844231458838391191e+01,0.000000000000000000e+00,6.571911617676650330e+00,3.197920066396649386e+00
-4.652152709900627997e+03,1.663171846393693613e+03,2.101483612998057140e+02,-8.083013953314150513e+01,2.844231431966560208e+01,0.000000000000000000e+00,6.571915979300118948e+00,3.197920066732946598e+00
-4.660235724598626803e+03,1.666016077869193168e+03,2.101483612973546258e+02,-8.083014837770576833e+01,2.844231426852815048e+01,0.000000000000000000e+00,6.571917419186028120e+00,3.197919955002714421e+00
-4.668318739296607419e+03,1.668860309256166147e+03,2.101483612985490765e+02,-8.083014283026308533e+01,2.844231445961910509e+01,0.000000000000000000e+00,6.571922224402905854e+00,3.197920114335647046e+00
-4.676401753994539831e+03,1.671704540710221181e+03,2.101483612976513484e+02,-8.083014697131409321e+01,2.844231443055081598e+01,0.000000000000000000e+00,6.571923126264162640e+00,3.197919873375118183e+00
-4.684484768692514081e+03,1.674548772135303125e+03,2.101483612989707410e+02,-8.083015521215378385e+01,2.844231441774592284e+01,0.000000000000000000e+00,6.571919950476321048e+00,3.197919863537182383e+00
-4.692567783390505610e+03,1.677393003576213914e+03,2.101483612975777078e+02,-8.083014654407730859e+01,2.844231426652575578e+01,0.000000000000000000e+00,6.571924496611948996e+00,3.197919832958801667e+00
-4.700650798088369811e+03,1.680237235016833665e+03,2.101483612983960541e+02,-8.083013801192555547e+01,2.844231430963830221e+01,0.000000000000000000e+00,6.571922496421240822e+00,3.197920189327487783e+00
-4.708733812786416820e+03,1.683081466430885257e+03,2.101483612982964644e+02,-8.083014391783136432e+01,2.844231433718157120e+01,0.000000000000000000e+00,6.571911055075944752e+00,3.197919875008404578e+00
-4.716816827484396526e+03,1.685925697898614317e+03,2.101483612986620244e+02,-8.083014642703956554e+01,2.844231415687496067e+01,0.000000000000000000e+00,6.571908201576843744e+00,3.197919998923252738e+00
-4.724899842182304383e+03,1.688769929345760147e+03,2.101483612991615075e+02,-8.083014355191957634e+01,2.844231429235496833e+01,0.000000000000000000e+00,6.571918932546966019e+00,3.197920096644760513e+00
-4.732982856880258623e+03,1.691614160731581933e+03,2.101483612986111780e+02,-8.083014725094307096e+01,2.844231430359217327e+01,0.000000000000000000e+00,6.571909106842301007e+00,3.197920095024136877e+00
-4.741065871578298356e+03,1.694458392197005196e+03,2.101483612981415661e+02,-8.083014870422303488e+01,2.844231447478223629e+01,0.000000000000000000e+00,6.571913937968347774e+00,3.197919916618171321e+00
-4.749148886276396297e+03,1.697302623611685931e+03,2.101483612984022216e+02,-8.083014816232410737e+01,2.844231417362185610e+01,0.000000000000000000e+00,6.571911541563912884e+00,3.197920131139887268e+00
-4.757231900974266864e+03,1.700146855042997686e+03,2.101483612982813440e+02,-8.083014554552796938e+01,2.844231427943316959e+01,0.000000000000000000e+00,6.571917328450114226e+00,3.197919996858681557e+00
-4.765314915672323878e+03,1.702991086513151458e+03,2.101483612989246694e+02,-8.083014977327015060e+01,2.844231442672223054e+01,0.000000000000000000e+00,6.571905686885434861e+00,3.197920137491429671e+00
-4.773397930370271752e+03,1.705835317912026994e+03,2.101483612986818059e+02,-8.083015011317414178e+01,2.844231426848103084e+01,0.000000000000000000e+00,6.571914133338110808e+00,3.197920009270484254e+00
-4.781480945068255096e+03,1.708679549348662022e+03,2.101483612978817632e+02,-8.083014188951085544e+01,2.844231438526876588e+01,0.000000000000000000e+00,6.571907777008054730e+00,3.197919786373317308e+00
-4.789563959766219341e+03,1.711523780772391092e+03,2.101483612980038345e+02,-8.083014240502473058e+01,2.844231433779589224e+01,0.000000000000000000e+00,6.571916757018870570e+00,3.197919865322032873e+00
-4.797646974464322739e+03,1.714368012233102036e+03,2.101483612975423796e+02,-8.083015108982041852e+01,2.844231426295432286e+01,0.000000000000000000e+00,6.571915656730221045e+00,3.197920090508866053e+00
-4.805729989162223319e+03,1.717212243634176730e+03,2.101483612983834632e+02,-8.083014664641275715e+01,2.844231428949684215e+01,0.000000000000000000e+00,6.571915323894837790e+00,3.197919931130134064e+00
-4.813813003860187564e+03,1.720056475073319007e+03,2.101483612978629196e+02,-8.083014684869390010e+01,2.844231439289315233e+01,0.000000000000000000e+00,6.571926650707362150e+00,3.197919756826914206e+00
-4.821896018558164542e+03,1.722900706513046771e+03,2.101483612985636285e+02,-8.083014766797079176e+01,2.844231422052030922e+01,0.000000000000000000e+00,6.571909040519512857e+00,3.197919908684060175e+00
-4.829979033256145158e+03,1.725744937990386461e+03,2.101483612987670710e+02,-8.083014555633614862e+01,2.844231428107272919e+01,0.000000000000000000e+00,6.571933589718975455e+00,3.197919778543482749e+00
-4.838062047954029367e+03,1.728589169380139310e+03,2.101483612984305296e+02,-8.083014974219695148e+01,2.844231435481394854e+01,0.000000000000000000e+00,6.571927793029224141e+00,3.197919913226414668e+00
-4.846145062652162778e+03,1.731433400800117397e+03,2.101483612983827243e+02,-8.083014416389731593e+01,2.844231431199084881e+01,0.000000000000000000e+00,6.571899224691563290e+00,3.197919965643946316e+00
-4.854228077349964224e+03,1.734277632268945126e+03,2.101483612989352423e+02,-8.083015085383431142e+01,2.844231428448907550e+01,0.000000000000000000e+00,6.571901396228994052e+00,3.197920109999915717e+00
-4.862311092048009414e+03,1.737121863723674778e+03,2.101483612989868845e+02,-8.083014173700082949e+01,2.844231425050334039e+01,0.000000000000000000e+00,6.571922759018388405e+00,3.197919976992201097e+00
-4.870394106746098259e+03,1.739966095118314115e+03,2.101483612983135174e+02,-8.083015347678178841e+01,2.844231432352348676e+01,0.000000000000000000e+00,6.571897196036137423e+00,3.197919926708464367e+00
-4.878477121444062504e+03,1.742810326557381359e+03,2.101483612987557024e+02,-8.083014367925517263e+01,2.844231426757982106e+01,0.000000000000000000e+00,6.571926220802998486e+00,3.197919995629671330e+00
-4.886560136142030387e+03,1.745654557974501358e+03,2.101483612974769528e+02,-8.083015117156510598e+01,2.844231440850052550e+01,0.000000000000000000e+00,6.571919161806110132e+00,3.197919917409056456e+00
-4.894643150840030103e+03,1.748498789439044685e+03,2.101483612992077781e+02,-8.083014914121099537e+01,2.844231441153126738e+01,0.000000000000000000e+00,6.571910706293996540e+00,3.197919821573445898e+00
-4.902726165537959787e+03,1.751343020861337436e+03,2.101483612986193066e+02,-8.083014246473437936e+01,2.844231432369921464e+01,0.000000000000000000e+00,6.571902492735301138e+00,3.197919924605017172e+00
-4.910809180235846725e+03,1.754187252280801204e+03,2.101483612970435217e+02,-8.083014205030417543e+01,2.844231427687623892e+01,0.000000000000000000e+00,6.571923424534673153e+00,3.197919993532857053e+00
-4.918892194933982864e+03,1.757031483731420167e+03,2.101483612991476662e+02,-8.083014315168583153e+01,2.844231438067679818e+01,0.000000000000000000e+00,6.571911278085855734e+00,3.197920158120759027e+00
-4.926975209631871621e+03,1.759875715149142252e+03,2.101483612975736150e+02,-8.083013977256861438e+01,2.844231420460939574e+01,0.000000000000000000e+00,6.571916239613670108e+00,3.197920085704148097e+00
-4.935058224329789482e+03,1.762719946589408210e+03,2.101483612980571820e+02,-8.083015099394167180e+01,2.844231436346346342e+01,0.000000000000000000e+00,6.571913724567566284e+00,3.197920164008265509e+00
-4.943141239027730990e+03,1.765564178015363723e+03,2.101483612980441364e+02,-8.083014716295588187e+01,2.844231445495206856e+01,0.000000000000000000e+00,6.571920637036741120e+00,3.197920222643408472e+00
-4.951224253725865310e+03,1.768408409422304203e+03,2.101483612976525706e+02,-8.083014715781075665e+01,2.844231428868405231e+01,0.000000000000000000e+00,6.571912521856058120e+00,3.197920080019571731e+00
-4.959307268423806818e+03,1.771252640871323592e+03,2.101483612979380666e+02,-8.083014738274192723e+01,2.844231436928549428e+01,0.000000000000000000e+00,6.571922120612865292e+00,3.197920048203686694e+00
-4.967390283121836546e+03,1.774096872333432430e+03,2.101483612987696858e+02,-8.083014393796031527e+01,2.844231422778218032e+01,0.000000000000000000e+00,6.571896166014380647e+00,3.197919833281682500e+00
-4.975473297819778963e+03,1.776941103761074601e+03,2.101483612984108333e+02,-8.083015365089113402e+01,2.844231434765723066e+01,0.000000000000000000e+00,6.571895359621023225e+00,3.197920002146481533e+00
-4.983556312517702281e+03,1.779785335156820565e+03,2.101483612984970648e+02,-8.083015080190773460e+01,2.844231425486480092e+01,0.000000000000000000e+00,6.571920148797284256e+00,3.197920070624909794e+00
-4.991639327215671074e+03,1.782629566626588030e+03,2.101483612981223814e+02,-8.083015392199536109e+01,2.844231414653530621e+01,0.000000000000000000e+00,6.571924093155127267e+00,3.197919871912676459e+00
-4.999722341913627133e+03,1.785473798024022017e+03,2.101483612986827154e+02,-8.083014720990263413e+01,2.844231427513518895e+01,0.000000000000000000e+00,6.571915336166191501e+00,3.197919907300349696e+00
-5.007805356611521347e+03,1.788318029500154125e+03,2.101483612987410936e+02,-8.083014458591132723e+01,2.844231433091690420e+01,0.000000000000000000e+00,6.571908352644748597e+00,3.197919918631221936e+00
-5.015888371309626564e+03,1.791162260896143835e+03,2.101483612978659323e+02,-8.083014675312131203e+01,2.844231433771948758e+01,0.000000000000000000e+00,6.571914823162471997e+00,3.197919878906513969e+00
-5.023971386007509864e+03,1.794006492351660881e+03,2.101483612979746169e+02,-8.083015544661863316e+01,2.844231439101537617e+01,0.000000000000000000e+00,6.571930095036512931e+00,3.197919883343429692e+00
-5.032054400705567787e+03,1.796850723787220431e+03,2.101483612984908120e+02,-8.083014946670472511e+01,2.844231439830062769e+01,0.000000000000000000e+00,6.571920177415032427e+00,3.197919995147540995e+00
-5.040137415403546584e+03,1.799694955219996473e+03,2.101483612991848133e+02,-8.083014267570385414e+01,2.844231426382429362e+01,0.000000000000000000e+00,6.571896835251021862e+00,3.197919984968676133e+00
-5.048220430101556303e+03,1.802539186658713561e+03,2.101483612969067565e+02,-8.083014813228321316e+01,2.844231443231331014e+01,0.000000000000000000e+00,6.571921958078016601e+00,3.197919718827083813e+00
-5.056303444799526915e+03,1.805383418073950907e+03,2.101483612977446853e+02,-8.083014807809269087e+01,2.844231417913007220e+01,0.000000000000000000e+00,6.571914112002982478e+00,3.197919875669392287e+00
-5.064386459497529358e+03,1.808227649480940727e+03,2.101483612973806885e+02,-8.083014798207882734e+01,2.844231447566908244e+01,0.000000000000000000e+00,6.571914011014999168e+00,3.197920085705634463e+00
-5.072469474195354451e+03,1.811071880966536582e+03,2.101483612975860922e+02,-8.083014920970127548e+01,2.844231431901956952e+01,0.000000000000000000e+00,6.571930452862183358e+00,3.197919860324069941e+00
-5.080552488893475129e+03,1.813916112366383004e+03,2.101483612969331602e+02,-8.083014759582546560e+01,2.844231436387429568e+01,0.000000000000000000e+00,6.571918090716972749e+00,3.197920079510739200e+00
-5.088635503591412999e+03,1.816760343822483492e+03,2.101483612980320856e+02,-8.083014362545121401e+01,2.844231421319600273e+01,0.000000000000000000e+00,6.571921917720985107e+00,3.197920056777832531e+00
-5.096718518289329950e+03,1.819604575259031435e+03,2.101483612993657744e+02,-8.083014765497563303e+01,2.844231423081989263e+01,0.000000000000000000e+00,6.571913834529217624e+00,3.197919810244003624e+00
-5.104801532987426071e+03,1.822448806700551813e+03,2.101483612986054652e+02,-8.083014795741040359e+01,2.844231439742979362e+01,0.000000000000000000e+00,6.571917718275111397e+00,3.197920013403447115e+00
-5.112884547685334837e+03,1.825293038122305234e+03,2.101483612986733363e+02,-8.083014326228671109e+01,2.844231434142025705e+01,0.000000000000000000e+00,6.571929884800750798e+00,3.197920323382111629e+00
-5.120967562383272707e+03,1.828137269570498347e+03,2.101483612987526897e+02,-8.083014718519160624e+01,2.844231434186498220e+01,0.000000000000000000e+00,6.571924713562124154e+00,3.197919807222032063e+00
-5.129050577081409756e+03,1.830981501018423614e+03,2.101483612983361695e+02,-8.083014896122703874e+01,2.844231412117624913e+01,0.000000000000000000e+00,6.571914309515101138e+00,3.197919942407126292e+00
-5.137133591779255767e+03,1.833825732429351774e+03,2.101483612981366775e+02,-8.083014836150775295e+01,2.844231425434543326e+01,0.000000000000000000e+00,6.571909543381111440e+00,3.197919943279396993e+00
-5.145216606477209098e+03,1.836669963865727595e+03,2.101483612981146223e+02,-8.083014466741269644e+01,2.844231423230690581e+01,0.000000000000000000e+00,6.571933800414525351e+00,3.197919944296872430e+00
-5.153299621175288848e+03,1.839514195294695355e+03,2.101483612978649091e+02,-8.083014432656068493e+01,2.844231442931059561e+01,0.000000000000000000e+00,6.571929079530521634e+00,3.197920068651956438e+00
-5.161382635873244908e+03,1.842358426700352993e+03,2.101483612982334535e+02,-8.083014509574469741e+01,2.844231434820055426e+01,0.000000000000000000e+00,6.571923875085513345e+00,3.197919994666832189e+00
-5.169465650571253718e+03,1.845202658117384317e+03,2.101483612979511975e+02,-8.083014597816828939e+01,2.844231443137746851e+01,0.000000000000000000e+00,6.571916522231032509e+00,3.197919916580072019e+00
-5.177548665269170669e+03,1.848046889595200810e+03,2.101483612979270958e+02,-8.083014786244294214e+01,2.844231444188189073e+01,0.000000000000000000e+00,6.571924085779707880e+00,3.197919923603443682e+00
-5.185631679967009404e+03,1.850891121053866073e+03,2.101483612979948248e+02,-8.083014520094771171e+01,2.844231426240783378e+01,0.000000000000000000e+00,6.571899682529772413e+00,3.197919948575036031e+00
-5.193714694665288334e+03,1.853735352451303015e+03,2.101483612979616282e+02,-8.083014787311635985e+01,2.844231439856972443e+01,0.000000000000000000e+00,6.571902889812253790e+00,3.197919897604910577e+00
-5.201797709363056128e+03,1.856579583878243056e+03,2.101483612980395606e+02,-8.083014517689250056e+01,2.844231436632540877e+01,0.000000000000000000e+00,6.571898422235646464e+00,3.197920097392356276e+00
-5.209880724061159526e+03,1.859423815318013567e+03,2.101483612993045824e+02,-8.083015033836532837e+01,2.844231420082674333e+01,0.000000000000000000e+00,6.571923188050603493e+00,3.197920141869464938e+00
-5.217963738759041917e+03,1.862268046767859005e+03,2.101483612986063463e+02,-8.083014459544952501e+01,2.844231414771032718e+01,0.000000000000000000e+00,6.571922047127673139e+00,3.197920120776967412e+00
-5.226046753457015257e+03,1.865112278195727413e+03,2.101483612977287976e+02,-8.083015173687688559e+01,2.844231430761520585e+01,0.000000000000000000e+00,6.571910288456955129e+00,3.197919914853355916e+00
-5.234129768155076817e+03,1.867956509623780676e+03,2.101483612971963737e+02,-8.083014868935730135e+01,2.844231433873501302e+01,0.000000000000000000e+00,6.571897689410429955e+00,3.197920140121166543e+00
-5.242212782853002864e+03,1.870800741057024879e+03,2.101483612992657299e+02,-8.083014951340636856e+01,2.844231424891850324e+01,0.000000000000000000e+00,6.571921470025703371e+00,3.197919859634181794e+00
-5.250295797551061696e+03,1.873644972495981165e+03,2.101483612971932473e+02,-8.083013464973427631e+01,2.844231444874770531e+01,0.000000000000000000e+00,6.571921582514113958e+00,3.197920124984222401e+00
-5.258378812248915892e+03,1.876489203947995293e+03,2.101483612985931586e+02,-8.083013863092737950e+01,2.844231421856098052e+01,0.000000000000000000e+00,6.571917013367701621e+00,3.197919838478014753e+00
-5.266461826946895599e+03,1.879333435368429718e+03,2.101483612983200544e+02,-8.083015232539283090e+01,2.844231436861985429e+01,0.000000000000000000e+00,6.571899768593388202e+00,3.197919839502008088e+00
-5.274544841644909866e+03,1.882177666781393100e+03,2.101483612973781590e+02,-8.083014412992001496e+01,2.844231431429848556e+01,0.000000000000000000e+00,6.571903507810277212e+00,3.197920257773346098e+00
-5.282627856342839550e+03,1.885021898234356968e+03,2.101483612986590970e+02,-8.083014541078303239e+01,2.844231425300687377e+01,0.000000000000000000e+00,6.571909266814745187e+00,3.197919871962709770e+00
-5.290710871040900201e+03,1.887866129658621048e+03,2.101483612981068916e+02,-8.083014790430962648e+01,2.844231426640779503e+01,0.000000000000000000e+00,6.571931396442341367e+00,3.197919877806353117e+00
-5.298793885738868084e+03,1.890710361058452918e+03,2.101483612985185516e+02,-8.083015303704254961e+01,2.844231436763709553e+01,0.000000000000000000e+00,6.571888837645539994e+00,3.197920040154960564e+00
-5.306876900436810502e+03,1.893554592532973402e+03,2.101483612981375302e+02,-8.083014232215626294e+01,2.844231426263167606e+01,0.000000000000000000e+00,6.571915718292154374e+00,3.197919917614116869e+00
-5.314959915134790208e+03,1.896398823952945577e+03,2.101483612984751517e+02,-8.083014786659046536e+01,2.844231432256609438e+01,0.000000000000000000e+00,6.571911885290616873e+00,3.197919827509197788e+00
-5.323042929832738992e+03,1.899243055393309987e+03,2.101483612974691937e+02,-8.083014364193043377e+01,2.844231444835022771e+01,0.000000000000000000e+00,6.571909374494714129e+00,3.197919849880759724e+00
-5.331125944530822380e+03,1.902087286806445036e+03,2.101483612985786920e+02,-8.083015507487129980e+01,2.844231436305434357e+01,0.000000000000000000e+00,6.571921177336949249e+00,3.197920137479996594e+00
-5.339208959228790263e+03,1.904931518246121868e+03,2.101483612988462539e+02,-8.083014306840841812e+01,2.844231424561915844e+01,0.000000000000000000e+00,6.571909347723405403e+00,3.197919902374876333e+00
-5.347291973926724495e+03,1.907775749671620360e+03,2.101483612978044277e+02,-8.083014526755981422e+01,2.844231420592431192e+01,0.000000000000000000e+00,6.571911408516264430e+00,3.197920136365445920e+00
-5.355374988624726939e+03,1.910619981082651293e+03,2.101483612982401326e+02,-8.083014627256973483e+01,2.844231458265397094e+01,0.000000000000000000e+00,6.571924734102904786e+00,3.197919990080935637e+00
-5.363458003322667537e+03,1.913464212545201917e+03,2.101483613003757398e+02,-8.083014492407042439e+01,2.844231443215723587e+01,0.000000000000000000e+00,6.571909750990301724e+00,3.197919935038720851e+00
-5.371541018020602678e+03,1.916308443961662078e+03,2.101483612984932279e+02,-8.083014301287602166e+01,2.844231421440641228e+01,0.000000000000000000e+00,6.571925847363633721e+00,3.197920155206557258e+00
-5.379624032718686976e+03,1.919152675418210038e+03,2.101483612967894032e+02,-8.083015134192531548e+01,2.844231431623159878e+01,0.000000000000000000e+00,6.571931417228871197e+00,3.197919839856336210e+00
-5.387707047416605747e+03,1.921996906830190028e+03,2.101483612983766136e+02,-8.083014912721355927e+01,2.844231440732943383e+01,0.000000000000000000e+00,6.571920642583043204e+00,3.197919886796744660e+00
-5.395790062114649118e+03,1.924841138277628261e+03,2.101483612994203440e+02,-8.083013763273359586e+01,2.844231428897835912e+01,0.000000000000000000e+00,6.571919727602440808e+00,3.197919958341688851e+00
-5.403873076812659747e+03,1.927685369733815605e+03,2.101483612970778267e+02,-8.083014330872282471e+01,2.844231438986206584e+01,0.000000000000000000e+00,6.571910052445350203e+00,3.197919782875390471e+00
-5.411956091510555780e+03,1.930529601148482016e+03,2.101483612994248631e+02,-8.083015087626483819e+01,2.844231418048659776e+01,0.000000000000000000e+00,6.571911258820826163e+00,3.197920170795587325e+00
-5.420039106208616431e+03,1.933373832574866128e+03,2.101483612976961126e+02,-8.083014449946783486e+01,2.844231430937180605e+01,0.000000000000000000e+00,6.571916269178921688e+00,3.197919894370317095e+00
-5.428122120906461532e+03,1.936218064000935101e+03,2.101483612983129490e+02,-8.083014944178709982e+01,2.844231448685068386e+01,0.000000000000000000e+00,6.571928456486009651e+00,3.197919811855441274e+00
-5.436205135604490351e+03,1.939062295458358221e+03,2.101483612988409959e+02,-8.083014958564861274e+01,2.844231434182989204e+01,0.000000000000000000e+00,6.571919866400403265e+00,3.197919848528687936e+00
-5.444288150302493705e+03,1.941906526873164239e+03,2.101483612981455735e+02,-8.083014473834643354e+01,2.844231432683549343e+01,0.000000000000000000e+00,6.571918604598755209e+00,3.197920164868751414e+00
-5.452371165000383371e+03,1.944750758336266244e+03,2.101483612987063623e+02,-8.083014839081914715e+01,2.844231418719972737e+01,0.000000000000000000e+00,6.571929385257722522e+00,3.197920248555471634e+00
-5.460454179698410371e+03,1.947594989756163841e+03,2.101483612983473677e+02,-8.083014455733776060e+01,2.844231428781027660e+01,0.000000000000000000e+00,6.571902667732129721e+00,3.197919976055927371e+00
-5.468537194396447376e+03,1.950439221157551628e+03,2.101483612983605838e+02,-8.083014496867588150e+01,2.844231431527314768e+01,0.000000000000000000e+00,6.571910517961632614e+00,3.197919841613821035e+00
-5.476620209094318852e+03,1.953283452616055456e+03,2.101483612985328193e+02,-8.083015172119263525e+01,2.844231421778268754e+01,0.000000000000000000e+00,6.571913489674240161e+00,3.197919943448737978e+00
-5.484703223792344033e+03,1.956127684026050474e+03,2.101483612982844988e+02,-8.083014144173345983e+01,2.844231429935578248e+01,0.000000000000000000e+00,6.571920707135584294e+00,3.197919916643436000e+00
-5.492786238490333744e+03,1.958971915489087451e+03,2.101483612979355939e+02,-8.083014215546026549e+01,2.844231448322096512e+01,0.000000000000000000e+00,6.571923485758093264e+00,3.197919944570480233e+00
-5.500869253188257062e+03,1.961816146901359389e+03,2.101483612989272274e+02,-8.083015108102176782e+01,2.844231438130810830e+01,0.000000000000000000e+00,6.571926719143744933e+00,3.197919963114554953e+00
-5.508952267886254049e+03,1.964660378371491561e+03,2.101483612987158267e+02,-8.083014139573812429e+01,2.844231432198048637e+01,0.000000000000000000e+00,6.571918642876275030e+00,3.197920038614742388e+00
-5.517035282584187371e+03,1.967504609774719938e+03,2.101483612980226781e+02,-8.083014554578329580e+01,2.844231429696898417e+01,0.000000000000000000e+00,6.571914430612373792e+00,3.197920012423170810e+00
-5.525118297282218009e+03,1.970348841202974427e+03,2.101483612976799975e+02,-8.083013985804629442e+01,2.844231436902648369e+01,0.000000000000000000e+00,6.571922768900677170e+00,3.197920112703121376e+00
-5.533201311980212267e+03,1.973193072638321610e+03,2.101483612976513200e+02,-8.083015129079797134e+01,2.844231421935461057e+01,0.000000000000000000e+00,6.571906354545883566e+00,3.197920069512740771e+00
-5.541284326678303842e+03,1.976037304089963527e+03,2.101483612986883998e+02,-8.083015190014785389e+01,2.844231449498181874e+01,0.000000000000000000e+00,6.571920335930639290e+00,3.197919846731220428e+00
-5.549367341376181685e+03,1.978881535542597931e+03,2.101483612977648932e+02,-8.083015605946371807e+01,2.844231440968996338e+01,0.000000000000000000e+00,6.571920988704328614e+00,3.197920123742029830e+00
-5.557450356074184128e+03,1.981725766953062703e+03,2.101483612983748799e+02,-8.083015321152402066e+01,2.844231439147595708e+01,0.000000000000000000e+00,6.571927364929000426e+00,3.197919974511322927e+00
-5.565533370772172930e+03,1.984569998374065108e+03,2.101483612979012321e+02,-8.083014874652432979e+01,2.844231417620475000e+01,0.000000000000000000e+00,6.571900138594599206e+00,3.197919884372690813e+00
-5.573616385470111709e+03,1.987414229825709754e+03,2.101483612979353666e+02,-8.083014135960114288e+01,2.844231437079754699e+01,0.000000000000000000e+00,6.571913811481421064e+00,3.197919834660442717e+00
-5.581699400168054126e+03,1.990258461286688771e+03,2.101483612978778694e+02,-8.083015006442508366e+01,2.844231441056324527e+01,0.000000000000000000e+00,6.571930287365379542e+00,3.197919987658594199e+00
-5.589782414866068393e+03,1.993102692686673890e+03,2.101483612985522598e+02,-8.083013902473518897e+01,2.844231449440289694e+01,0.000000000000000000e+00,6.571924675468960864e+00,3.197919988690366644e+00
-5.597865429564099941e+03,1.995946924103914853e+03,2.101483612977223743e+02,-8.083014771785049390e+01,2.844231431871956772e+01,0.000000000000000000e+00,6.571908331973595807e+00,3.197920189397577495e+00
-5.605948444261982331e+03,1.998791155558020364e+03,2.101483612985843763e+02,-8.083015732646762785e+01,2.844231437939114215e+01,0.000000000000000000e+00,6.571930782957226214e+00,3.197919857785467723e+00
-5.614031458960053897e+03,2.001635386973531695e+03,2.101483612982998181e+02,-8.083014218573362086e+01,2.844231439110896886e+01,0.000000000000000000e+00,6.571914812495170288e+00,3.197920208512387674e+00
-5.622114473658063616e+03,2.004479618384743844e+03,2.101483612973207755e+02,-8.083013679535719120e+01,2.844231450004440021e+01,0.000000000000000000e+00,6.571927881652901426e+00,3.197920151569160208e+00
-5.630197488356042413e+03,2.007323849844321103e+03,2.101483612982395641e+02,-8.083014158456850851e+01,2.844231424320589241e+01,0.000000000000000000e+00,6.571900620161595263e+00,3.197919946814103742e+00
-5.638280503053841130e+03,2.010168081300905669e+03,2.101483612989204346e+02,-8.083014596012583297e+01,2.844231424679363585e+01,0.000000000000000000e+00,6.571918787473241430e+00,3.197919759240135829e+00
-5.646363517751870859e+03,2.013012312710748802e+03,2.101483612984264653e+02,-8.083014181121646402e+01,2.844231438804938605e+01,0.000000000000000000e+00,6.571930707777370095e+00,3.197920045749312212e+00
-5.654446532449931510e+03,2.015856544170695770e+03,2.101483612985965124e+02,-8.083015160662812093e+01,2.844231434455209495e+01,0.000000000000000000e+00,6.571921389144660175e+00,3.197919829931634261e+00
-5.662529547147839367e+03,2.018700775577650120e+03,2.101483612981607791e+02,-8.083014761210040433e+01,2.844231439907084535e+01,0.000000000000000000e+00,6.571923831916736347e+00,3.197919859704099643e+00
-5.670612561845854543e+03,2.021545006981810957e+03,2.101483612970538388e+02,-8.083014541010979315e+01,2.844231446002295982e+01,0.000000000000000000e+00,6.571915746562531524e+00,3.197920235692515156e+00
-5.678695576543753305e+03,2.024389238456718203e+03,2.101483612985311709e+02,-8.083014964259010071e+01,2.844231425569451943e+01,0.000000000000000000e+00,6.571926164915617541e+00,3.197920172987787524e+00
-5.686778591241773938e+03,2.027233469895465760e+03,2.101483612981239162e+02,-8.083014884583643322e+01,2.844231423772146528e+01,0.000000000000000000e+00,6.571927223033722676e+00,3.197920022635238446e+00
-5.694861605939739093e+03,2.030077701326492161e+03,2.101483612977727091e+02,-8.083014482328188421e+01,2.844231434343942766e+01,0.000000000000000000e+00,6.571915741861857896e+00,3.197920169608244212e+00
-5.702944620637760636e+03,2.032921932758703633e+03,2.101483612975703750e+02,-8.083014971652038128e+01,2.844231427737701523e+01,0.000000000000000000e+00,6.571921236485755990e+00,3.197919978976712763e+00
-5.711027635335670311e+03,2.035766164184717354e+03,2.101483612981634224e+02,-8.083014891284069847e+01,2.844231429796434085e+01,0.000000000000000000e+00,6.571912729322161972e+00,3.197920109701982927e+00
-5.719110650033755519e+03,2.038610395610082833e+03,2.101483612983645912e+02,-8.083014752753770438e+01,2.844231427992937355e+01,0.000000000000000000e+00,6.571914790140118257e+00,3.197919974178278224e+00
-5.727193664731676108e+03,2.041454627045941606e+03,2.101483612975696076e+02,-8.083014639946222246e+01,2.844231433417704125e+01,0.000000000000000000e+00,6.571923342512677735e+00,3.197920152448748610e+00
-5.735276679429656724e+03,2.044298858482601190e+03,2.101483612980769635e+02,-8.083014683117481525e+01,2.844231433414293164e+01,0.000000000000000000e+00,6.571934909623545984e+00,3.197920072558064319e+00
-5.743359694127715557e+03,2.047143089921807359e+03,2.101483612984805802e+02,-8.083015373881043786e+01,2.844231442036384649e+01,0.000000000000000000e+00,6.571927786643041003e+00,3.197919748797060091e+00
-5.751442708825561567e+03,2.049987321323907054e+03,2.101483612985024649e+02,-8.083014543137466035e+01,2.844231451748371242e+01,0.000000000000000000e+00,6.571897619629667453e+00,3.197919921202062365e+00
-5.759525723523680426e+03,2.052831552789671150e+03,2.101483612977611415e+02,-8.083014415436518618e+01,2.844231432686463634e+01,0.000000000000000000e+00,6.571893697097868525e+00,3.197919806867829617e+00
-5.767608738221553722e+03,2.055675784183920769e+03,2.101483612992160204e+02,-8.083015269118038759e+01,2.844231447540474989e+01,0.000000000000000000e+00,6.571919561631172080e+00,3.197919878130292659e+00
-5.775691752919626197e+03,2.058520015652861730e+03,2.101483612970594663e+02,-8.083013845912707040e+01,2.844231425528549551e+01,0.000000000000000000e+00,6.571914830509950178e+00,3.197919720673099153e+00
-5.783774767617503130e+03,2.061364247102632362e+03,2.101483612988758694e+02,-8.083015312904662153e+01,2.844231429148706525e+01,0.000000000000000000e+00,6.571917751990000944e+00,3.197920040417538079e+00
-5.791857782315525583e+03,2.064208478516062314e+03,2.101483612971722721e+02,-8.083014213537434500e+01,2.844231437461953860e+01,0.000000000000000000e+00,6.571922433801933749e+00,3.197920063673612479e+00
-5.799940797013606243e+03,2.067052709964404130e+03,2.101483612985211948e+02,-8.083014823550882966e+01,2.844231425842164995e+01,0.000000000000000000e+00,6.571923892692745461e+00,3.197920013748861479e+00
-5.808023811711422240e+03,2.069896941409596820e+03,2.101483612971509274e+02,-8.083014724314224964e+01,2.844231449356922425e+01,0.000000000000000000e+00,6.571908566165442167e+00,3.197920027795078557e+00
-5.816106826409574751e+03,2.072741172805789574e+03,2.101483612973449056e+02,-8.083014331316663004e+01,2.844231438363127040e+01,0.000000000000000000e+00,6.571905201481865966e+00,3.197920126089821569e+00
-5.824189841107469874e+03,2.075585404272757842e+03,2.101483612985755087e+02,-8.083014556222730107e+01,2.844231424295492161e+01,0.000000000000000000e+00,6.571906532970921866e+00,3.197920112415840954e+00
-5.832272855805417748e+03,2.078429635692921693e+03,2.101483612986703804e+02,-8.083015492000212987e+01,2.844231440465571836e+01,0.000000000000000000e+00,6.571914953432137274e+00,3.197919962648753778e+00
-5.840355870503303777e+03,2.081273867133465046e+03,2.101483612973697461e+02,-8.083014327109191299e+01,2.844231417327933897e+01,0.000000000000000000e+00,6.571913330134819375e+00,3.197919993613772327e+00
-5.848438885201352605e+03,2.084118098545957764e+03,2.101483612991491725e+02,-8.083014422512023600e+01,2.844231427434361947e+01,0.000000000000000000e+00,6.571921480318255071e+00,3.197919912862108305e+00
-5.856521899899357777e+03,2.086962329991897150e+03,2.101483612977611699e+02,-8.083014747680402934e+01,2.844231426099358018e+01,0.000000000000000000e+00,6.571918837761933752e+00,3.197920120965715096e+00
-5.864604914597240167e+03,2.089806561411211987e+03,2.101483612981089664e+02,-8.083015177236370619e+01,2.844231447062230345e+01,0.000000000000000000e+00,6.571915634946215334e+00,3.197919757503707494e+00
-5.872687929295192589e+03,2.092650792871872000e+03,2.101483612983799674e+02,-8.083014465698309436e+01,2.844231429174526227e+01,0.000000000000000000e+00,6.571925925498920407e+00,3.197919998501080663e+00
-5.880770943993335095e+03,2.095495024250211827e+03,2.101483612982648594e+02,-8.083014922550448489e+01,2.844231420439192348e+01,0.000000000000000000e+00,6.571922052558192284e+00,3.197920012611286111e+00
-5.888853958691308435e+03,2.098339255718160530e+03,2.101483612977162068e+02,-8.083015380137123884e+01,2.844231433835968659e+01,0.000000000000000000e+00,6.571901024609550390e+00,3.197920038360297479e+00
-5.896936973389286322e+03,2.101183487135817359e+03,2.101483612987022696e+02,-8.083014319867938013e+01,2.844231434415861770e+01,0.000000000000000000e+00,6.571941122481309350e+00,3.197920162181415726e+00
-5.905019988087208731e+03,2.104027718585699404e+03,2.101483612989030689e+02,-8.083014718929348419e+01,2.844231440700924551e+01,0.000000000000000000e+00,6.571915716524395101e+00,3.197920018966436295e+00
-5.913103002785180252e+03,2.106871950014923641e+03,2.101483612995986618e+02,-8.083015023826220613e+01,2.844231416049941075e+01,0.000000000000000000e+00,6.571925540369380592e+00,3.197920108015089191e+00
-5.921186017483193609e+03,2.109716181461507858e+03,2.101483612983050477e+02,-8.083014832565700658e+01,2.844231435153919918e+01,0.000000000000000000e+00,6.571907408355420088e+00,3.197919907176882237e+00
-5.929269032181087823e+03,2.112560412865604576e+03,2.101483612974176083e+02,-8.083014587676547080e+01,2.844231435712901046e+01,0.000000000000000000e+00,6.571953029128815515e+00,3.197919989222323345e+00
-5.937352046879123918e+03,2.115404644291577824e+03,2.101483612992668100e+02,-8.083014621291445678e+01,2.844231450751064116e+01,0.000000000000000000e+00,6.571914692434281946e+00,3.197919857863535054e+00
-5.945435061577144552e+03,2.118248875742024211e+03,2.101483612984055185e+02,-8.083014883161357034e+01,2.844231414934554891e+01,0.000000000000000000e+00,6.571927912753340095e+00,3.197919756109118161e+00
-5.953518076274985106e+03,2.121093107203837008e+03,2.101483612985082914e+02,-8.083014399272840933e+01,2.844231425134026736e+01,0.000000000000000000e+00,6.571899274727844187e+00,3.197919951590414644e+00
-5.961601090973054852e+03,2.123937338608792743e+03,2.101483612983495561e+02,-8.083015286312992487e+01,2.844231447657487521e+01,0.000000000000000000e+00,6.571922828973444375e+00,3.197920267767003555e+00
-5.969684105670989084e+03,2.126781570065805681e+03,2.101483612981471083e+02,-8.083014759308892394e+01,2.844231447439877059e+01,0.000000000000000000e+00,6.571911547023744582e+00,3.197920071193267599e+00
-5.977767120369044278e+03,2.129625801474114269e+03,2.101483612979252769e+02,-8.083014608784621657e+01,2.844231436290132464e+01,0.000000000000000000e+00,6.571918826407444847e+00,3.197919913730228547e+00
-5.985850135066999428e+03,2.132470032924818042e+03,2.101483612983254829e+02,-8.083014322396520868e+01,2.844231437045880284e+01,0.000000000000000000e+00,6.571909839299134859e+00,3.197919972542851763e+00
-5.993933149764890004e+03,2.135314264360273683e+03,2.101483612985822162e+02,-8.083014756870439044e+01,2.844231420226336482e+01,0.000000000000000000e+00,6.571899042772502142e+00,3.197920153168062107e+00
-6.002016164462967026e+03,2.138158495787261472e+03,2.101483612981110980e+02,-8.083015215326524583e+01,2.844231444132353204e+01,0.000000000000000000e+00,6.571904359092474834e+00,3.197920148486248060e+00
-6.010099179160916719e+03,2.141002727216631683e+03,2.101483612977705491e+02,-8.083014704192801503e+01,2.844231428770223147e+01,0.000000000000000000e+00,6.571910757427189331e+00,3.197919940240895098e+00
-6.018182193858824576e+03,2.143846958653099136e+03,2.101483612979201894e+02,-8.083014459484307679e+01,2.844231442827383560e+01,0.000000000000000000e+00,6.571922099088150837e+00,3.197920151731350913e+00
-6.026265208556847938e+03,2.146691190078417094e+03,2.101483612980944713e+02,-8.083014356052208882e+01,2.844231425092270626e+01,0.000000000000000000e+00,6.571908332470209224e+00,3.197919836690307882e+00
-6.034348223254818549e+03,2.149535421494453203e+03,2.101483612991555958e+02,-8.083013936735501659e+01,2.844231439272514095e+01,0.000000000000000000e+00,6.571906279954907504e+00,3.197919988585114393e+00
-6.042431237952871925e+03,2.152379652958135921e+03,2.101483612987473748e+02,-8.083014061280628937e+01,2.844231440142510792e+01,0.000000000000000000e+00,6.571919878193189568e+00,3.197919904153324389e+00
-6.050514252650829803e+03,2.155223884386576628e+03,2.101483612980566704e+02,-8.083014374675677516e+01,2.844231436893350917e+01,0.000000000000000000e+00,6.571917339040089345e+00,3.197919791798052636e+00
-6.058597267348699461e+03,2.158068115852357550e+03,2.101483612982643194e+02,-8.083014446872745395e+01,2.844231459934469797e+01,0.000000000000000000e+00,6.571910272877055093e+00,3.197919981434146131e+00
-6.066680282046727370e+03,2.160912347252029576e+03,2.101483612981293163e+02,-8.083014205414362152e+01,2.844231430251971204e+01,0.000000000000000000e+00,6.571919040220532082e+00,3.197920225183933596e+00
-6.074763296744626132e+03,2.163756578707694189e+03,2.101483612984605998e+02,-8.083014358396177101e+01,2.844231420849791192e+01,0.000000000000000000e+00,6.571920001553580803e+00,3.197919939364116448e+00
-6.082846311442651313e+03,2.166600810133856612e+03,2.101483612983621470e+02,-8.083015095046336285e+01,2.844231438003824763e+01,0.000000000000000000e+00,6.571905665014464049e+00,3.197920047112579933e+00
-6.090929326140688318e+03,2.169445041529936134e+03,2.101483612978225040e+02,-8.083014480379064537e+01,2.844231422941733811e+01,0.000000000000000000e+00,6.571910660970805118e+00,3.197919941655127385e+00
-6.099012340838741693e+03,2.172289272991251892e+03,2.101483612991708583e+02,-8.083015070269310343e+01,2.844231420391583853e+01,0.000000000000000000e+00,6.571912091757133645e+00,3.197919963796155063e+00
-6.107095355536610441e+03,2.175133504413628543e+03,2.101483612987069591e+02,-8.083014637785522893e+01,2.844231431630286977e+01,0.000000000000000000e+00,6.571895521874918877e+00,3.197920082996462465e+00
-6.115178370234641989e+03,2.177977735848722205e+03,2.101483612980024418e+02,-8.083015313174510652e+01,2.844231430190288279e+01,0.000000000000000000e+00,6.571909742657408238e+00,3.197920079422623907e+00
-6.123261384932543478e+03,2.180821967260520978e+03,2.101483612982532918e+02,-8.083014513264976131e+01,2.844231435025424659e+01,0.000000000000000000e+00,6.571903502028079380e+00,3.197920148608112800e+00
-6.131344399630599582e+03,2.183666198721473847e+03,2.101483612983665523e+02,-8.083014831276379653e+01,2.844231443154107808e+01,0.000000000000000000e+00,6.571920916922897149e+00,3.197919922618790434e+00
-6.139427414328606574e+03,2.186510430130264467e+03,2.101483612989333096e+02,-8.083014626357761756e+01,2.844231420591460591e+01,0.000000000000000000e+00,6.571902271738523815e+00,3.197920007290914857e+00
-6.147510429026540805e+03,2.189354661569557265e+03,2.101483612983297178e+02,-8.083014431990706328e+01,2.844231419498572322e+01,0.000000000000000000e+00,6.571912907902114576e+00,3.197920057638647950e+00
-6.155593443724482313e+03,2.192198893009488074e+03,2.101483612980186422e+02,-8.083015461975143978e+01,2.844231438251474131e+01,0.000000000000000000e+00,6.571894121245635212e+00,3.197919964866250186e+00
-6.163676458422412907e+03,2.195043124443841862e+03,2.101483612980779014e+02,-8.083014384710170930e+01,2.844231442258770315e+01,0.000000000000000000e+00,6.571915225569403773e+00,3.197919980148220542e+00
-6.171759473120568146e+03,2.197887355886061869e+03,2.101483612980272255e+02,-8.083014664860996845e+01,2.844231428052662736e+01,0.000000000000000000e+00,6.571913168716738696e+00,3.197920067540078737e+00
-6.179842487818474183e+03,2.200731587333817515e+03,2.101483612978665008e+02,-8.083015329665923332e+01,2.844231444387802910e+01,0.000000000000000000e+00,6.571908950319549803e+00,3.197919993439668040e+00
-6.187925502516315646e+03,2.203575818699926913e+03,2.101483612983442129e+02,-8.083014696603797233e+01,2.844231438543306112e+01,0.000000000000000000e+00,6.571915366788791069e+00,3.197919970436700954e+00
-6.196008517214501808e+03,2.206420050181243823e+03,2.101483612983379885e+02,-8.083015128188189635e+01,2.844231433135366061e+01,0.000000000000000000e+00,6.571912451601792604e+00,3.197920239145885635e+00
-6.204091531912404207e+03,2.209264281589534676e+03,2.101483612993293661e+02,-8.083014577836542003e+01,2.844231450265154848e+01,0.000000000000000000e+00,6.571888898298858805e+00,3.197919923119922903e+00
-6.212174546610272046e+03,2.212108513023153137e+03,2.101483612982021612e+02,-8.083014593364313782e+01,2.844231431424768530e+01,0.000000000000000000e+00,6.571905193204124807e+00,3.197919880408562676e+00
-6.220257561308436379e+03,2.214952744480642650e+03,2.101483612974867015e+02,-8.083014977064337359e+01,2.844231451592523996e+01,0.000000000000000000e+00,6.571921426384044196e+00,3.197919903643152484e+00
-6.228340576006374249e+03,2.217796975952029698e+03,2.101483612973767947e+02,-8.083014513204066986e+01,2.844231458586932249e+01,0.000000000000000000e+00,6.571926533659508962e+00,3.197920188973782274e+00
-6.236423590704342132e+03,2.220641207338797813e+03,2.101483612980822784e+02,-8.083015100729461722e+01,2.844231437490432768e+01,0.000000000000000000e+00,6.571915291082492949e+00,3.197919873803161117e+00
-6.244506605402150853e+03,2.223485438806276761e+03,2.101483612970840227e+02,-8.083015385864648295e+01,2.844231434776765255e+01,0.000000000000000000e+00,6.571921416873972355e+00,3.197920106461534129e+00
-6.252589620100211505e+03,2.226329670190939396e+03,2.101483612990723486e+02,-8.083014847722677132e+01,2.844231460603494099e+01,0.000000000000000000e+00,6.571902490448203515e+00,3.197920081368697431e+00
-6.260672634798209401e+03,2.229173901658516570e+03,2.101483612975456481e+02,-8.083014822776945607e+01,2.844231429779548392e+01,0.000000000000000000e+00,6.571919668809297121e+00,3.197920182695499491e+00
-6.268755649496156366e+03,2.232018133085883164e+03,2.101483612984287106e+02,-8.083014259206869667e+01,2.844231432053384623e+01,0.000000000000000000e+00,6.571920997482802562e+00,3.197919965159072397e+00
-6.276838664194214289e+03,2.234862364528417856e+03,2.101483612976620918e+02,-8.083014926683364365e+01,2.844231438644896670e+01,0.000000000000000000e+00,6.571925130970546647e+00,3.197920005703884794e+00
-6.284921678892030286e+03,2.237706595922671113e+03,2.101483612988700145e+02,-8.083014051049686088e+01,2.844231455995808489e+01,0.000000000000000000e+00,6.571900624277643210e+00,3.197920012023035330e+00
-6.293004693590127317e+03,2.240550827375010158e+03,2.101483612979212126e+02,-8.083014750148767291e+01,2.844231439563600716e+01,0.000000000000000000e+00,6.571927045387917055e+00,3.197919999245699696e+00
-6.301087708288152498e+03,2.243395058808415797e+03,2.101483612975249002e+02,-8.083014795084372395e+01,2.844231447744202512e+01,0.000000000000000000e+00,6.571916401267287711e+00,3.197920062774972649e+00
-6.309170722986104920e+03,2.246239290256709410e+03,2.101483612973900392e+02,-8.083015226494421768e+01,2.844231434065773101e+01,0.000000000000000000e+00,6.571908676457380416e+00,3.197919944138992943e+00
-6.317253737683981853e+03,2.249083521676763667e+03,2.101483612972482433e+02,-8.083015084030297714e+01,2.844231420546647016e+01,0.000000000000000000e+00,6.571933698423028325e+00,3.197919967830884058e+00
-6.325336752382055238e+03,2.251927753120000034e+03,2.101483612982337945e+02,-8.083014900730667307e+01,2.844231434366894717e+01,0.000000000000000000e+00,6.571906967311105241e+00,3.197919851346337605e+00
-6.333419767079984922e+03,2.254771984539670939e+03,2.101483612984466163e+02,-8.083013807260100236e+01,2.844231420601931148e+01,0.000000000000000000e+00,6.571915455626220037e+00,3.197919884809000024e+00
-6.341502781777986456e+03,2.257616215974001989e+03,2.101483612984302454e+02,-8.083015052316112303e+01,2.844231435658122820e+01,0.000000000000000000e+00,6.571918224893135374e+00,3.197919994397660393e+00
-6.349585796475941606e+03,2.260460447431628381e+03,2.101483612981297995e+02,-8.083015078852204738e+01,2.844231440821042867e+01,0.000000000000000000e+00,6.571908564904118677e+00,3.197919837656818309e+00
-6.357668811173842187e+03,2.263304678859220530e+03,2.101483612989568144e+02,-8.083014591444828056e+01,2.844231445037824813e+01,0.000000000000000000e+00,6.571911758086170785e+00,3.197920072582969730e+00
-6.365751825871902838e+03,2.266148910247856293e+03,2.101483612975195285e+02,-8.083015218007041369e+01,2.844231425115540546e+01,0.000000000000000000e+00,6.571916835489173714e+00,3.197920047864035720e+00
-6.373834840569900734e+03,2.268993141734093570e+03,2.101483612978815643e+02,-8.083015547969107217e+01,2.844231426297445253e+01,0.000000000000000000e+00,6.571924313915479487e+00,3.197919982434391795e+00
-6.381917855267834057e+03,2.271837373184531316e+03,2.101483612975746667e+02,-8.083014750702686513e+01,2.844231435357888671e+01,0.000000000000000000e+00,6.571904155305983153e+00,3.197919981666103251e+00
-6.390000869965929269e+03,2.274681604564604640e+03,2.101483612990479060e+02,-8.083014102708962412e+01,2.844231432670515858e+01,0.000000000000000000e+00,6.571930142603325642e+00,3.197919986630471723e+00
-6.398083884663933532e+03,2.277525836017343863e+03,2.101483612989789549e+02,-8.083014715936394623e+01,2.844231412184256413e+01,0.000000000000000000e+00,6.571911424955638736e+00,3.197920048419645500e+00
-6.406166899361855940e+03,2.280370067446153826e+03,2.101483612975348478e+02,-8.083014904911091492e+01,2.844231433514222829e+01,0.000000000000000000e+00,6.571910607718367103e+00,3.197919852248348960e+00
-6.414249914059825642e+03,2.283214298868358583e+03,2.101483612986992284e+02,-8.083015001515542508e+01,2.844231434798061287e+01,0.000000000000000000e+00,6.571902644107875169e+00,3.197919950865074412e+00
-6.422332928757830814e+03,2.286058530337402772e+03,2.101483612975011965e+02,-8.083014567413184182e+01,2.844231423272023562e+01,0.000000000000000000e+00,6.571889679520096728e+00,3.197920019195055197e+00
-6.430415943455740489e+03,2.288902761737138007e+03,2.101483612981666909e+02,-8.083014769649298614e+01,2.844231431012180522e+01,0.000000000000000000e+00,6.571913424336702114e+00,3.197919887591536448e+00
-6.438498958153832973e+03,2.291746993187692169e+03,2.101483612980229623e+02,-8.083014729372388274e+01,2.844231428662493855e+01,0.000000000000000000e+00,6.571913515315729981e+00,3.197920115564664822e+00
-6.446581972851769024e+03,2.294591224620683988e+03,2.101483612988780010e+02,-8.083015052660869060e+01,2.844231452644007518e+01,0.000000000000000000e+00,6.571913314811118845e+00,3.197919720313278980e+00
-6.454664987549756006e+03,2.297435456040092049e+03,2.101483612983915350e+02,-8.083014751371190698e+01,2.844231435755453674e+01,0.000000000000000000e+00,6.571923713355652730e+00,3.197919832885412816e+00
-6.462748002247667500e+03,2.300279687476889194e+03,2.101483612994973100e+02,-8.083014827188154072e+01,2.844231416062190121e+01,0.000000000000000000e+00,6.571906096494415372e+00,3.197919951377877545e+00
-6.470831016945697229e+03,2.303123918902874266e+03,2.101483612976964537e+02,-8.083014075095034912e+01,2.844231437715076183e+01,0.000000000000000000e+00,6.571912922259453893e+00,3.197919940587755860e+00
-6.478914031643525050e+03,2.305968150336999770e+03,2.101483612988897960e+02,-8.083015532494866306e+01,2.844231432562748196e+01,0.000000000000000000e+00,6.571927260640237023e+00,3.197919712882193899e+00
-6.486997046341532041e+03,2.308812381795622059e+03,2.101483612989268579e+02,-8.083014535629256159e+01,2.844231427695142855e+01,0.000000000000000000e+00,6.571914744340208614e+00,3.197919913201503928e+00
-6.495080061039634529e+03,2.311656613242831554e+03,2.101483612993956456e+02,-8.083014338712418123e+01,2.844231435761987115e+01,0.000000000000000000e+00,6.571936572843555702e+00,3.197919932704297530e+00
-6.503163075737596046e+03,2.314500844664233227e+03,2.101483612988150753e+02,-8.083014146179280601e+01,2.844231443835277418e+01,0.000000000000000000e+00,6.571906726504706420e+00,3.197920020962302878e+00
-6.511246090435627593e+03,2.317345076064862496e+03,2.101483612981925546e+02,-8.083014080787023659e+01,2.844231440993173265e+01,0.000000000000000000e+00,6.571931924286286808e+00,3.197919964027149842e+00
-6.519329105133516350e+03,2.320189307518767237e+03,2.101483612973571837e+02,-8.083014986565476079e+01,2.844231428269441508e+01,0.000000000000000000e+00,6.571916720720822447e+00,3.197920176838578765e+00
-6.527412119831493328e+03,2.323033538944747306e+03,2.101483612975667370e+02,-8.083015189711490223e+01,2.844231438418544400e+01,0.000000000000000000e+00,6.571916611165031341e+00,3.197919954055937986e+00
-6.535495134529543975e+03,2.325877770408699689e+03,2.101483612983064404e+02,-8.083015173110845808e+01,2.844231431865729220e+01,0.000000000000000000e+00,6.571922545655213277e+00,3.197920092627899447e+00
-6.543578149227501854e+03,2.328722001823549817e+03,2.101483612981880071e+02,-8.083014625950225707e+01,2.844231428317737098e+01,0.000000000000000000e+00,6.571896719197972025e+00,3.197919858866316023e+00
-6.551661163925453366e+03,2.331566233248947810e+03,2.101483612988622554e+02,-8.083015430752156760e+01,2.844231436454244388e+01,0.000000000000000000e+00,6.571916204104644166e+00,3.197919867689302809e+00
-6.559744178623351218e+03,2.334410464690165554e+03,2.101483612995500039e+02,-8.083014192148898758e+01,2.844231417158058761e+01,0.000000000000000000e+00,6.571921095061497908e+00,3.197919831168702487e+00
-6.567827193321381856e+03,2.337254696112589954e+03,2.101483612980559030e+02,-8.083014248504740351e+01,2.844231441690855888e+01,0.000000000000000000e+00,6.571915408543425485e+00,3.197919996849587942e+00
-6.575910208019345191e+03,2.340098927542054753e+03,2.101483612986686751e+02,-8.083014863420484630e+01,2.844231438356570152e+01,0.000000000000000000e+00,6.571926182468676991e+00,3.197919763743724442e+00
-6.583993222717389472e+03,2.342943158977996063e+03,2.101483612977036728e+02,-8.083015328980128800e+01,2.844231433399958320e+01,0.000000000000000000e+00,6.571919447975729689e+00,3.197919846616672945e+00
-6.592076237415347350e+03,2.345787390432646589e+03,2.101483612984573881e+02,-8.083014852943796313e+01,2.844231438924163058e+01,0.000000000000000000e+00,6.571901169682207389e+00,3.197920117579657440e+00
-6.600159252113248840e+03,2.348631621817068208e+03,2.101483612979995144e+02,-8.083014599030266822e+01,2.844231436830033388e+01,0.000000000000000000e+00,6.571934819609067446e+00,3.197919891671654913e+00
-6.608242266811307672e+03,2.351475853290789019e+03,2.101483612984910110e+02,-8.083014596630265203e+01,2.844231424559966470e+01,0.000000000000000000e+00,6.571887480681958493e+00,3.197919994499538454e+00
-6.616325281509285560e+03,2.354320084725714423e+03,2.101483612980695170e+02,-8.083014580708288577e+01,2.844231434996336816e+01,0.000000000000000000e+00,6.571914576582769563e+00,3.197920041344919806e+00
-6.624408296207214335e+03,2.357164316144258009e+03,2.101483612987277354e+02,-8.083014564059527629e+01,2.844231437187343658e+01,0.000000000000000000e+00,6.571917697128220937e+00,3.197919860698893224e+00
-6.632491310905254977e+03,2.360008547586412078e+03,2.101483612980719613e+02,-8.083015076476866057e+01,2.844231453149473410e+01,0.000000000000000000e+00,6.571910159753971747e+00,3.197919842604390439e+00
-6.640574325603195575e+03,2.362852779033443312e+03,2.101483612982285365e+02,-8.083015551703208246e+01,2.844231439710925002e+01,0.000000000000000000e+00,6.571927814060544826e+00,3.197919879834764778e+00
-6.648657340301116164e+03,2.365697010437563222e+03,2.101483612980283056e+02,-8.083013809480340228e+01,2.844231437719283662e+01,0.000000000000000000e+00,6.571933296261446955e+00,3.197919923744563686e+00
-6.656740354999135889e+03,2.368541241900162731e+03,2.101483612990163010e+02,-8.083014942921391821e+01,2.844231435748829639e+01,0.000000000000000000e+00,6.571923149155962207e+00,3.197920058447271341e+00
-6.664823369697111957e+03,2.371385473325582097e+03,2.101483612975532367e+02,-8.083014374203105490e+01,2.844231428895146507e+01,0.000000000000000000e+00,6.571922939892905546e+00,3.197920014341756545e+00
-6.672906384395108944e+03,2.374229704783685520e+03,2.101483612985835805e+02,-8.083013678928033130e+01,2.844231443940921267e+01,0.000000000000000000e+00,6.571907969094660906e+00,3.197920029533421804e+00
-6.680989399093131397e+03,2.377073936179243901e+03,2.101483612976719826e+02,-8.083014236723469992e+01,2.844231430928399007e+01,0.000000000000000000e+00,6.571916554322632997e+00,3.197919906374913968e+00
-6.689072413791064719e+03,2.379918167638758860e+03,2.101483612979310749e+02,-8.083014931162514927e+01,2.844231438676393964e+01,0.000000000000000000e+00,6.571902296084668471e+00,3.197920072848913886e+00
-6.697155428489003498e+03,2.382762399047337567e+03,2.101483612969949206e+02,-8.083014754329883544e+01,2.844231421777868007e+01,0.000000000000000000e+00,6.571916390083042181e+00,3.197919888286681722e+00
-6.705238443187058692e+03,2.385606630522642263e+03,2.101483612982855504e+02,-8.083015162833115141e+01,2.844231429249660792e+01,0.000000000000000000e+00,6.571913439702432136e+00,3.197920050942588244e+00
-6.713321457885048403e+03,2.388450861919091494e+03,2.101483612975676181e+02,-8.083014444546975596e+01,2.844231437821533959e+01,0.000000000000000000e+00,6.571904697775345028e+00,3.197920122600205861e+00
-6.721404472583095412e+03,2.391295093359768998e+03,2.101483612994775569e+02,-8.083015149403077260e+01,2.844231425542822933e+01,0.000000000000000000e+00,6.571917541151380604e+00,3.197920022794360051e+00
-6.729487487280867754e+03,2.394139324805227261e+03,2.101483612976108191e+02,-8.083014107261682568e+01,2.844231454370090617e+01,0.000000000000000000e+00,6.571919087698239181e+00,3.197920140264246758e+00
-6.737570501978938410e+03,2.396983556232957653e+03,2.101483612982277407e+02,-8.083014376298029902e+01,2.844231427757962649e+01,0.000000000000000000e+00,6.571933396077846545e+00,3.197919953785834490e+00
-6.745653516676959953e+03,2.399827787681058453e+03,2.101483612986058063e+02,-8.083015123818515235e+01,2.844231428075313772e+01,0.000000000000000000e+00,6.571925051420564934e+00,3.197920083517369338e+00
-6.753736531374695005e+03,2.402672019053183249e+03,2.101483612977549456e+02,-8.083014557511030773e+01,2.844231449082018059e+01,0.000000000000000000e+00,6.571908635951141164e+00,3.197919974215547079e+00
-6.761819546072863886e+03,2.405516250507273071e+03,2.101483612980755140e+02,-8.083014893071965901e+01,2.844231419734111554e+01,0.000000000000000000e+00,6.571898606685733668e+00,3.197919976966855149e+00
-6.769902560770855416e+03,2.408360481942896968e+03,2.101483612979036479e+02,-8.083014608621412833e+01,2.844231419631306679e+01,0.000000000000000000e+00,6.571907443217621214e+00,3.197920037434001106e+00
-6.777985575468758725e+03,2.411204713374854691e+03,2.101483612980295845e+02,-8.083015189885068708e+01,2.844231434040484885e+01,0.000000000000000000e+00,6.571913797868941920e+00,3.197920223467550116e+00
-6.786068590166849390e+03,2.414048944822400244e+03,2.101483612974262769e+02,-8.083014790508521230e+01,2.844231431767373408e+01,0.000000000000000000e+00,6.571931184920388525e+00,3.197920005926495168e+00
-6.794151604864750880e+03,2.416893176254468472e+03,2.101483612984242768e+02,-8.083014017384348904e+01,2.844231435636691785e+01,0.000000000000000000e+00,6.571932697995738870e+00,3.197920156720828189e+00
-6.802234619562781518e+03,2.419737407657821677e+03,2.101483612981869555e+02,-8.083014871347295127e+01,2.844231418862655758e+01,0.000000000000000000e+00,6.571908631297350922e+00,3.197920072921125900e+00
-6.810317634260719387e+03,2.422581639122017350e+03,2.101483612985608431e+02,-8.083014489680424219e+01,2.844231428374269299e+01,0.000000000000000000e+00,6.571896975444514233e+00,3.197919897724918581e+00
-6.818400648958639067e+03,2.425425870543412657e+03,2.101483612984092417e+02,-8.083014651106427095e+01,2.844231443570327755e+01,0.000000000000000000e+00,6.571894161718852878e+00,3.197920029039657219e+00
-6.826483663656751560e+03,2.428270101953664380e+03,2.101483612979176598e+02,-8.083015185899068911e+01,2.844231438646066223e+01,0.000000000000000000e+00,6.571931881414521115e+00,3.197920005428287915e+00
-6.834566678354647593e+03,2.431114333439054008e+03,2.101483612979074564e+02,-8.083015274319907917e+01,2.844231439617744783e+01,0.000000000000000000e+00,6.571915239858881819e+00,3.197920110076779121e+00
-6.842649693052646398e+03,2.433958564874420972e+03,2.101483612984885099e+02,-8.083013773636690757e+01,2.844231439801930961e+01,0.000000000000000000e+00,6.571913341510285278e+00,3.197920081291330874e+00
-6.850732707750564259e+03,2.436802796314325406e+03,2.101483612982778482e+02,-8.083013917704904827e+01,2.844231461552322315e+01,0.000000000000000000e+00,6.571898802767273118e+00,3.197919959042903049e+00
-6.858815722448674933e+03,2.439647027721411177e+03,2.101483612985024081e+02,-8.083014625250871177e+01,2.844231439367420933e+01,0.000000000000000000e+00,6.571910138262413881e+00,3.197920050524350799e+00
-6.866898737146513668e+03,2.442491259159371111e+03,2.101483612990935512e+02,-8.083014557662356481e+01,2.844231439063952749e+01,0.000000000000000000e+00,6.571921861886775851e+00,3.197919823317969978e+00
-6.874981751844509745e+03,2.445335490610639681e+03,2.101483612979683926e+02,-8.083014842956347934e+01,2.844231429386956478e+01,0.000000000000000000e+00,6.571927421918196899e+00,3.197920040923688312e+00
-6.883064766542560392e+03,2.448179722002404105e+03,2.101483612982095224e+02,-8.083014196873240564e+01,2.844231427913043930e+01,0.000000000000000000e+00,6.571910469162942192e+00,3.197920150535984440e+00
-6.891147781240395489e+03,2.451023953447853273e+03,2.101483612979825466e+02,-8.083014499407458686e+01,2.844231443450382102e+01,0.000000000000000000e+00,6.571925166110198724e+00,3.197919954039316170e+00
-6.899230795938504343e+03,2.453868184911784738e+03,2.101483612987666163e+02,-8.083015144697129983e+01,2.844231451503322461e+01,0.000000000000000000e+00,6.571899369502955501e+00,3.197920024784381532e+00
-6.907313810636426751e+03,2.456712416307991589e+03,2.101483612989210599e+02,-8.083015017792375545e+01,2.844231439746925716e+01,0.000000000000000000e+00,6.571902131529514968e+00,3.197920015555255624e+00
-6.915396825334476489e+03,2.459556647780573712e+03,2.101483612974080017e+02,-8.083014683858831972e+01,2.844231442885422823e+01,0.000000000000000000e+00,6.571902168112592868e+00,3.197919856410614603e+00
-6.923479840032355241e+03,2.462400879168608753e+03,2.101483612972598394e+02,-8.083015118075758210e+01,2.844231409157375268e+01,0.000000000000000000e+00,6.571911759582823365e+00,3.197920069100168572e+00
-6.931562854730336767e+03,2.465245110606661910e+03,2.101483612986043852e+02,-8.083014189688981332e+01,2.844231432480355437e+01,0.000000000000000000e+00,6.571916184820016049e+00,3.197920133532029308e+00
-6.939645869428367405e+03,2.468089342055460293e+03,2.101483612979255895e+02,-8.083014725115384636e+01,2.844231425609028108e+01,0.000000000000000000e+00,6.571917216019412145e+00,3.197919954488357419e+00
-6.947728884126280718e+03,2.470933573522373536e+03,2.101483612982055149e+02,-8.083015171939946697e+01,2.844231447864605755e+01,0.000000000000000000e+00,6.571918951949184518e+00,3.197919927241977156e+00
-6.955811898824314994e+03,2.473777804918329366e+03,2.101483612990545851e+02,-8.083015275297340452e+01,2.844231434867895203e+01,0.000000000000000000e+00,6.571928436136688312e+00,3.197920008813885939e+00
-6.963894913522311981e+03,2.476622036343902437e+03,2.101483612981660940e+02,-8.083015378709819743e+01,2.844231439218645718e+01,0.000000000000000000e+00,6.571901763239415217e+00,3.197920124854327639e+00
-6.971977928220224385e+03,2.479466267769697424e+03,2.101483612990903111e+02,-8.083014882438507698e+01,2.844231424499755079e+01,0.000000000000000000e+00,6.571930630264783524e+00,3.197919817251292596e+00
-6.980060942918229557e+03,2.482310499211911520e+03,2.101483612980794931e+02,-8.083014363546244851e+01,2.844231430378829018e+01,0.000000000000000000e+00,6.571920715529347312e+00,3.197919742107728336e+00
-6.988143957616148327e+03,2.485154730672391452e+03,2.101483612976149686e+02,-8.083014897433007206e+01,2.844231427756852781e+01,0.000000000000000000e+00,6.571903017691228754e+00,3.197919952080026995e+00
-6.996226972314274462e+03,2.487998962085404855e+03,2.101483612977562530e+02,-8.083014138730389675e+01,2.844231422453973579e+01,0.000000000000000000e+00,6.571906198219603645e+00,3.197919807562753736e+00
-7.004309987012221427e+03,2.490843193509637331e+03,2.101483612993571057e+02,-8.083014518221951050e+01,2.844231445339413256e+01,0.000000000000000000e+00,6.571902490754173876e+00,3.197919962867877164e+00
-7.012393001710198405e+03,2.493687424939012089e+03,2.101483612978621238e+02,-8.083014618539766616e+01,2.844231432303357110e+01,0.000000000000000000e+00,6.571933347506341505e+00,3.197920011086115455e+00
-7.020476016408074429e+03,2.496531656393113281e+03,2.101483612979307907e+02,-8.083014569626512014e+01,2.844231436084815456e+01,0.000000000000000000e+00,6.571922737093978562e+00,3.197919984736059096e+00
-7.028559031106145994e+03,2.499375887825186510e+03,2.101483612972408253e+02,-8.083014403400055414e+01,2.844231437893704850e+01,0.000000000000000000e+00,6.571916021165510102e+00,3.197919987818115484e+00
-7.036642045804077497e+03,2.502220119255262944e+03,2.101483612981137696e+02,-8.083015123363836096e+01,2.844231438095905062e+01,0.000000000000000000e+00,6.571909558595553591e+00,3.197919962520658910e+00
-7.044725060502043561e+03,2.505064350711477800e+03,2.101483612980551356e+02,-8.083013976867535177e+01,2.844231444581122403e+01,0.000000000000000000e+00,6.571894544446802655e+00,3.197919832024673337e+00
-7.052808075200115127e+03,2.507908582134059088e+03,2.101483612976765301e+02,-8.083014887424023698e+01,2.844231430966133445e+01,0.000000000000000000e+00,6.571915609739778397e+00,3.197920166447598689e+00
-7.060891089898010250e+03,2.510752813554484419e+03,2.101483612977658595e+02,-8.083014615101306788e+01,2.844231445010305492e+01,0.000000000000000000e+00,6.571918581761329925e+00,3.197919886362512898e+00
-7.068974104596059078e+03,2.513597044965340046e+03,2.101483612983779778e+02,-8.083014586851324168e+01,2.844231415906484273e+01,0.000000000000000000e+00,6.571909021164969111e+00,3.197919907799340322e+00
-7.077057119294000586e+03,2.516441276401366395e+03,2.101483612995099861e+02,-8.083014905960729379e+01,2.844231451984013503e+01,0.000000000000000000e+00,6.571913711853032858e+00,3.197920050357502486e+00
-7.085140133991921175e+03,2.519285507856681306e+03,2.101483612985773277e+02,-8.083015273205549533e+01,2.844231426754938141e+01,0.000000000000000000e+00,6.571919257394727154e+00,3.197920047166110891e+00
-7.093223148689795380e+03,2.522129739293493003e+03,2.101483612987569529e+02,-8.083014759032364793e+01,2.844231449328636785e+01,0.000000000000000000e+00,6.571899822460654406e+00,3.197919941853031300e+00
-7.101306163387921515e+03,2.524973970730668043e+03,2.101483612991574716e+02,-8.083014385052132411e+01,2.844231424625514748e+01,0.000000000000000000e+00,6.571916565163552271e+00,3.197919927291500652e+00
-7.109389178085946696e+03,2.527818202135522370e+03,2.101483612981755584e+02,-8.083014167547594298e+01,2.844231416795431855e+01,0.000000000000000000e+00,6.571914640931879603e+00,3.197919918794140504e+00
-7.117472192783702667e+03,2.530662433586253428e+03,2.101483612973593154e+02,-8.083014862300341008e+01,2.844231448969109266e+01,0.000000000000000000e+00,6.571920294219341763e+00,3.197919976120570773e+00
-7.125555207481897924e+03,2.533506665016444913e+03,2.101483612971302648e+02,-8.083013959568918949e+01,2.844231423782628454e+01,0.000000000000000000e+00,6.571918335677473522e+00,3.197920032090229459e+00
-7.133638222179932200e+03,2.536350896435466439e+03,2.101483612983701903e+02,-8.083014259683352520e+01,2.844231427514905164e+01,0.000000000000000000e+00,6.571899744982312441e+00,3.197920011716245181e+00
-7.141721236877790034e+03,2.539195127879763731e+03,2.101483612985198306e+02,-8.083014206763174059e+01,2.844231434216334620e+01,0.000000000000000000e+00,6.571923784984063488e+00,3.197919995444659325e+00
-7.149804251575785202e+03,2.542039359330183743e+03,2.101483612982893021e+02,-8.083014589701370767e+01,2.844231422696840994e+01,0.000000000000000000e+00,6.571921419625192939e+00,3.197919786372169781e+00
-7.157887266273718524e+03,2.544883590751357133e+03,2.101483612985518050e+02,-8.083013795632729170e+01,2.844231412588254670e+01,0.000000000000000000e+00,6.571921568880834563e+00,3.197920084367869453e+00
-7.165970280971668217e+03,2.547727822172207652e+03,2.101483612976345512e+02,-8.083015066719330832e+01,2.844231434466593811e+01,0.000000000000000000e+00,6.571922088634380543e+00,3.197920031516199746e+00
-7.174053295669714316e+03,2.550572053592779866e+03,2.101483612991739278e+02,-8.083013588912992020e+01,2.844231439373191961e+01,0.000000000000000000e+00,6.571925106375759995e+00,3.197920135736679548e+00
-7.182136310367692204e+03,2.553416285041963420e+03,2.101483612980723876e+02,-8.083015261751448577e+01,2.844231439849095366e+01,0.000000000000000000e+00,6.571914704519125294e+00,3.197919971152157093e+00
-7.190219325065698285e+03,2.556260516477753754e+03,2.101483612986949652e+02,-8.083015756304415333e+01,2.844231427457279082e+01,0.000000000000000000e+00,6.571908887842035085e+00,3.197919898894106883e+00
-7.198302339763690725e+03,2.559104747918546764e+03,2.101483612971586865e+02,-8.083014775592734225e+01,2.844231424384404505e+01,0.000000000000000000e+00,6.571912832092520418e+00,3.197919978173249245e+00
-7.206385354461593124e+03,2.561948979303566830e+03,2.101483612976890356e+02,-8.083014591147680505e+01,2.844231448056344647e+01,0.000000000000000000e+00,6.571921322081498928e+00,3.197920036379774178e+00
-7.214468369159571921e+03,2.564793210780112531e+03,2.101483612975194148e+02,-8.083015942547672239e+01,2.844231440424884383e+01,0.000000000000000000e+00,6.571913650894265935e+00,3.197920016317443714e+00
-7.222551383857549808e+03,2.567637442206650576e+03,2.101483612994372834e+02,-8.083015440897877113e+01,2.844231443829353267e+01,0.000000000000000000e+00,6.571897103925834926e+00,3.197919785982150653e+00
-7.230634398555562257e+03,2.570481673682080782e+03,2.101483612998638932e+02,-8.083014928612706740e+01,2.844231431768330864e+01,0.000000000000000000e+00,6.571918729988798447e+00,3.197919915861638707e+00
-7.238717413253602899e+03,2.573325905095570306e+03,2.101483612979794202e+02,-8.083014907438349894e+01,2.844231423841047146e+01,0.000000000000000000e+00,6.571922600952214921e+00,3.197919886207830409e+00
-7.246800427951634447e+03,2.576170136501292745e+03,2.101483612990588767e+02,-8.083014586825152037e+01,2.844231422970454659e+01,0.000000000000000000e+00,6.571915036993680737e+00,3.197920125266137781e+00
-7.254883442649508652e+03,2.579014367966303325e+03,2.101483612981021452e+02,-8.083015539660615900e+01,2.844231435404607211e+01,0.000000000000000000e+00,6.571920573507847863e+00,3.197919894186493472e+00
-7.262966457347478354e+03,2.581858599408400096e+03,2.101483612982311513e+02,-8.083014871581481486e+01,2.844231418153169599e+01,0.000000000000000000e+00,6.571908570725210730e+00,3.197920086486632396e+00
-7.271049472045472612e+03,2.584702830821314819e+03,2.101483612983415696e+02,-8.083014870534327656e+01,2.844231427453786409e+01,0.000000000000000000e+00,6.571914502896890831e+00,3.197920096257893086e+00
-7.279132486743423215e+03,2.587547062241563253e+03,2.101483612983311957e+02,-8.083015289116715962e+01,2.844231430594247101e+01,0.000000000000000000e+00,6.571908178370446052e+00,3.197919981865478878e+00
-7.287215501441396555e+03,2.590391293691280680e+03,2.101483612984722811e+02,-8.083014475426635670e+01,2.844231435847033040e+01,0.000000000000000000e+00,6.571923270071462042e+00,3.197920060760098604e+00
-7.295298516139417188e+03,2.593235525125203822e+03,2.101483612980643159e+02,-8.083015097258777359e+01,2.844231423238005974e+01,0.000000000000000000e+00,6.571938968183792973e+00,3.197920047207684302e+00
-7.303381530837403261e+03,2.596079756532417832e+03,2.101483612988998289e+02,-8.083014321954449599e+01,2.844231427393710732e+01,0.000000000000000000e+00,6.571914495255895439e+00,3.197920073648057748e+00
-7.311464545535282923e+03,2.598923988002251463e+03,2.101483612988523078e+02,-8.083015027047511580e+01,2.844231412467470932e+01,0.000000000000000000e+00,6.571919865117422432e+00,3.197919960353190927e+00
-7.319547560233303557e+03,2.601768219426860469e+03,2.101483612984333718e+02,-8.083014539313525404e+01,2.844231414260250901e+01,0.000000000000000000e+00,6.571905064611195613e+00,3.197919922282937311e+00
-7.327630574931260526e+03,2.604612450835652908e+03,2.101483612982068792e+02,-8.083014593904553635e+01,2.844231428141615226e+01,0.000000000000000000e+00,6.571916597683913785e+00,3.197919861562159127e+00
-7.335713589629384842e+03,2.607456682287766398e+03,2.101483612981055842e+02,-8.083014633881435884e+01,2.844231422700547895e+01,0.000000000000000000e+00,6.571913847614820448e+00,3.197920033578970145e+00
-7.343796604327319073e+03,2.610300913700397814e+03,2.101483612989790686e+02,-8.083014676788224051e+01,2.844231415488679815e+01,0.000000000000000000e+00,6.571914688412724637e+00,3.197919872458619306e+00
-7.351879619025236025e+03,2.613145145179901647e+03,2.101483612978002498e+02,-8.083015437096975120e+01,2.844231441703635710e+01,0.000000000000000000e+00,6.571903273823178182e+00,3.197920070297369133e+00
-7.359962633723171166e+03,2.615989376571730190e+03,2.101483612973767663e+02,-8.083015079309545570e+01,2.844231420209572647e+01,0.000000000000000000e+00,6.571902819736040513e+00,3.197920141513082903e+00
-7.368045648421179067e+03,2.618833608016940161e+03,2.101483612985458080e+02,-8.083014679322833729e+01,2.844231441518194359e+01,0.000000000000000000e+00,6.571927484592846369e+00,3.197919806252218056e+00
-7.376128663119170596e+03,2.621677839449178009e+03,2.101483612982114551e+02,-8.083014910147262810e+01,2.844231423714376916e+01,0.000000000000000000e+00,6.571915581539299112e+00,3.197920047624178697e+00
-7.384211677817144846e+03,2.624522070907775742e+03,2.101483612980781288e+02,-8.083015144991205148e+01,2.844231421419531003e+01,0.000000000000000000e+00,6.571935748861593929e+00,3.197919893482402465e+00
-7.392294692515107272e+03,2.627366302311641448e+03,2.101483612986549758e+02,-8.083014461218000690e+01,2.844231442181149561e+01,0.000000000000000000e+00,6.571924426258465068e+00,3.197919946058885632e+00
-7.400377707213116082e+03,2.630210533740271330e+03,2.101483612990455185e+02,-8.083015000112828830e+01,2.844231435646657502e+01,0.000000000000000000e+00,6.571909559541274426e+00,3.197919731165131729e+00
-7.408460721911044857e+03,2.633054765177549598e+03,2.101483612972642163e+02,-8.083015525368614362e+01,2.844231425075748732e+01,0.000000000000000000e+00,6.571934894219786827e+00,3.197920024634222980e+00
-7.416543736609077314e+03,2.635898996604928470e+03,2.101483612982582940e+02,-8.083014905182841403e+01,2.844231442798611198e+01,0.000000000000000000e+00,6.571920926700506094e+00,3.197919703350597498e+00
-7.424626751307035192e+03,2.638743228056925545e+03,2.101483612979757538e+02,-8.083014858020565896e+01,2.844231442475601668e+01,0.000000000000000000e+00,6.571920945050658602e+00,3.197919929187829968e+00
-7.432709766004953053e+03,2.641587459500015939e+03,2.101483612974144535e+02,-8.083014815855125335e+01,2.844231423209475551e+01,0.000000000000000000e+00,6.571924416039035322e+00,3.197919897193366001e+00
-7.440792780702953678e+03,2.644431690941140914e+03,2.101483612991199550e+02,-8.083014451651132504e+01,2.844231443460827435e+01,0.000000000000000000e+00,6.571918016154348230e+00,3.197919971861992838e+00
-7.448875795400841525e+03,2.647275922385830654e+03,2.101483612982440548e+02,-8.083014792019359618e+01,2.844231429233015973e+01,0.000000000000000000e+00,6.571914933587364338e+00,3.197919951003202144e+00
-7.456958810098941285e+03,2.650120153795764963e+03,2.101483612984023637e+02,-8.083013893185760423e+01,2.844231424297289479e+01,0.000000000000000000e+00,6.571926983519264631e+00,3.197919984810563943e+00
-7.465041824796944638e+03,2.652964385218392636e+03,2.101483612986238256e+02,-8.083014934809203567e+01,2.844231420012492251e+01,0.000000000000000000e+00,6.571904521864330384e+00,3.197919953358144163e+00
-7.473124839494922526e+03,2.655808616634493319e+03,2.101483612976403208e+02,-8.083014212510252605e+01,2.844231437664496553e+01,0.000000000000000000e+00,6.571917317548006565e+00,3.197919887645728210e+00
-7.481207854192914965e+03,2.658652848089558574e+03,2.101483612982560203e+02,-8.083015347021610353e+01,2.844231422127811371e+01,0.000000000000000000e+00,6.571905494674688875e+00,3.197920111089461503e+00
-7.489290868890891034e+03,2.661497079505010333e+03,2.101483612976142297e+02,-8.083015089519912522e+01,2.844231431799896015e+01,0.000000000000000000e+00,6.571916923472244321e+00,3.197920132001332849e+00
-7.497373883588871649e+03,2.664341310976121349e+03,2.101483612994834402e+02,-8.083014123106039506e+01,2.844231426932806528e+01,0.000000000000000000e+00,6.571913830558329117e+00,3.197920103774543055e+00
-7.505456898286817705e+03,2.667185542376856574e+03,2.101483612979008626e+02,-8.083014028735998124e+01,2.844231457932409057e+01,0.000000000000000000e+00,6.571915889040155889e+00,3.197919905140190089e+00
-7.513539912984742841e+03,2.670029773784654481e+03,2.101483613006536189e+02,-8.083014803788614699e+01,2.844231417027473086e+01,0.000000000000000000e+00,6.571927303417789190e+00,3.197919999619115661e+00
-7.521622927682793488e+03,2.672874005278250479e+03,2.101483612990020333e+02,-8.083014545646589966e+01,2.844231436629796050e+01,0.000000000000000000e+00,6.571916979073392007e+00,3.197919955001907955e+00
-7.529705942380759552e+03,2.675718236700944999e+03,2.101483612984027332e+02,-8.083014601660032383e+01,2.844231424487885462e+01,0.000000000000000000e+00,6.571912448669460005e+00,3.197919915529858770e+00
-7.537788957078688327e+03,2.678562468098332829e+03,2.101483612974602408e+02,-8.083014259934410006e+01,2.844231443421906391e+01,0.000000000000000000e+00,6.571903237113537521e+00,3.197919971371451897e+00
-7.545871971776724422e+03,2.681406699556475814e+03,2.101483612979259021e+02,-8.083015265652004189e+01,2.844231436940623325e+01,0.000000000000000000e+00,6.571910171536559098e+00,3.197919934831006117e+00
-7.553954986474655925e+03,2.684250930979801979e+03,2.101483612978967415e+02,-8.083014056012490300e+01,2.844231431963952517e+01,0.000000000000000000e+00,6.571920393353258838e+00,3.197919908997145733e+00
-7.562038001172747499e+03,2.687095162446895756e+03,2.101483612977297639e+02,-8.083015319503813600e+01,2.844231443012438376e+01,0.000000000000000000e+00,6.571896246316874191e+00,3.197919894393539852e+00
-7.570121015870598967e+03,2.689939393849801490e+03,2.101483612983365958e+02,-8.083014441078402967e+01,2.844231409648492459e+01,0.000000000000000000e+00,6.571916760218908138e+00,3.197919987786592255e+00
-7.578204030568643248e+03,2.692783625277910687e+03,2.101483612979013174e+02,-8.083014441570345809e+01,2.844231453230685958e+01,0.000000000000000000e+00,6.571914299768411460e+00,3.197920020343685721e+00
-7.586287045266545647e+03,2.695627856708979380e+03,2.101483612983568605e+02,-8.083014472632898162e+01,2.844231446584273471e+01,0.000000000000000000e+00,6.571902378272897138e+00,3.197920063437475147e+00
-7.594370059964670872e+03,2.698472088148588227e+03,2.101483612981867850e+02,-8.083014600544169070e+01,2.844231432987274388e+01,0.000000000000000000e+00,6.571920850805064163e+00,3.197920006323816011e+00
-7.602453074662575091e+03,2.701316319549378477e+03,2.101483612977568498e+02,-8.083014196931212325e+01,2.844231428750737223e+01,0.000000000000000000e+00,6.571920393219133238e+00,3.197919945643592055e+00
-7.610536089360515689e+03,2.704160551015526835e+03,2.101483612984779938e+02,-8.083013828889890817e+01,2.844231415998288170e+01,0.000000000000000000e+00,6.571912090947273022e+00,3.197919959413984436e+00
-7.618619104058561788e+03,2.707004782457509464e+03,2.101483612983608396e+02,-8.083014748557005191e+01,2.844231412012248938e+01,0.000000000000000000e+00,6.571923793655019885e+00,3.197919875841806814e+00
-7.626702118756410528e+03,2.709849013862794891e+03,2.101483612995787951e+02,-8.083014575264422774e+01,2.844231422166641821e+01,0.000000000000000000e+00,6.571900085434959848e+00,3.197919943606968740e+00
-7.634785133454364768e+03,2.712693245303621097e+03,2.101483612983107889e+02,-8.083014266696514483e+01,2.844231443070138354e+01,0.000000000000000000e+00,6.571916429752659994e+00,3.197920026628073842e+00
-7.642868148152432695e+03,2.715537476732667074e+03,2.101483612986599780e+02,-8.083014310926665758e+01,2.844231432869548470e+01,0.000000000000000000e+00,6.571931709334458027e+00,3.197920099301834629e+00
-7.650951162850422406e+03,2.718381708169803915e+03,2.101483612981799638e+02,-8.083014837380925144e+01,2.844231425680315084e+01,0.000000000000000000e+00,6.571918132634827714e+00,3.197920036192226867e+00
-7.659034177548369371e+03,2.721225939587327957e+03,2.101483612983278988e+02,-8.083014277919477308e+01,2.844231447194868778e+01,0.000000000000000000e+00,6.571913624886652094e+00,3.197920178074839637e+00
-7.667117192246372724e+03,2.724070171074412428e+03,2.101483612976786901e+02,-8.083014127242891789e+01,2.844231426360531145e+01,0.000000000000000000e+00,6.571903070807491254e+00,3.197919908654714760e+00
-7.675200206944280581e+03,2.726914402446976965e+03,2.101483612978718440e+02,-8.083014651104468840e+01,2.844231433966583467e+01,0.000000000000000000e+00,6.571913555444835353e+00,3.197919968858377260e+00
-7.683283221642291210e+03,2.729758633911125344e+03,2.101483612981126328e+02,-8.083014270396036238e+01,2.844231439843589726e+01,0.000000000000000000e+00,6.571905916859204666e+00,3.197919966410895043e+00
-7.691366236340314572e+03,2.732602865372955421e+03,2.101483612984746685e+02,-8.083014330434492933e+01,2.844231439726996769e+01,0.000000000000000000e+00,6.571911371187229456e+00,3.197920033308447874e+00
-7.699449251038235161e+03,2.735447096764723938e+03,2.101483612981186866e+02,-8.083014761648139768e+01,2.844231428355303137e+01,0.000000000000000000e+00,6.571908960986321269e+00,3.197919815907009244e+00
-7.707532265736195768e+03,2.738291328215111662e+03,2.101483612981640192e+02,-8.083015375171211758e+01,2.844231439724721611e+01,0.000000000000000000e+00,6.571926612628523401e+00,3.197920016258600118e+00
-7.715615280434230954e+03,2.741135559665962319e+03,2.101483612983626870e+02,-8.083014734850230809e+01,2.844231446614237768e+01,0.000000000000000000e+00,6.571910356311694734e+00,3.197920097968064645e+00
-7.723698295132172461e+03,2.743979791084052522e+03,2.101483612990393794e+02,-8.083014625865416747e+01,2.844231423919289981e+01,0.000000000000000000e+00,6.571914038119713197e+00,3.197920095643507210e+00
-7.731781309830296777e+03,2.746824022496688485e+03,2.101483612972329240e+02,-8.083014213773482481e+01,2.844231444202377901e+01,0.000000000000000000e+00,6.571904394138028849e+00,3.197919978976018651e+00
-7.739864324528007273e+03,2.749668253958152036e+03,2.101483612981916167e+02,-8.083014587518587746e+01,2.844231436146908720e+01,0.000000000000000000e+00,6.571919651421798569e+00,3.197919885515372762e+00
-7.747947339226153417e+03,2.752512485373296840e+03,2.101483612975524409e+02,-8.083014349646659014e+01,2.844231441689230167e+01,0.000000000000000000e+00,6.571937017754448718e+00,3.197919959653858779e+00
-7.756030353924001247e+03,2.755356716804262305e+03,2.101483612982671900e+02,-8.083014475832416679e+01,2.844231441477039013e+01,0.000000000000000000e+00,6.571923020721354369e+00,3.197920052680242264e+00
-7.764113368622123744e+03,2.758200948249880184e+03,2.101483612984478953e+02,-8.083015158792328236e+01,2.844231424288324561e+01,0.000000000000000000e+00,6.571910759989491702e+00,3.197919967358741289e+00
-7.772196383320007953e+03,2.761045179697483491e+03,2.101483612976324480e+02,-8.083014555993096906e+01,2.844231415585166545e+01,0.000000000000000000e+00,6.571910468235541813e+00,3.197919952479620243e+00
-7.780279398018030406e+03,2.763889411126134746e+03,2.101483612989396192e+02,-8.083015372485741068e+01,2.844231417535248951e+01,0.000000000000000000e+00,6.571917996476957846e+00,3.197919971332157107e+00
-7.788362412716065592e+03,2.766733642550535023e+03,2.101483612986146738e+02,-8.083014684357213753e+01,2.844231432463364939e+01,0.000000000000000000e+00,6.571898115992824252e+00,3.197920113978407919e+00
-7.796445427414034384e+03,2.769577873974229988e+03,2.101483612983476803e+02,-8.083015231922522048e+01,2.844231435285662712e+01,0.000000000000000000e+00,6.571915049869768488e+00,3.197919939009402857e+00
-7.804528442112013181e+03,2.772422105449519677e+03,2.101483612986229730e+02,-8.083015687980508801e+01,2.844231428834524777e+01,0.000000000000000000e+00,6.571914603131800980e+00,3.197919900012451855e+00
-7.812611456809954689e+03,2.775266336830259206e+03,2.101483612995334909e+02,-8.083014854827139573e+01,2.844231445089097932e+01,0.000000000000000000e+00,6.571923030154786183e+00,3.197920108482025014e+00
-7.820694471507969865e+03,2.778110568264508856e+03,2.101483612981492115e+02,-8.083014402734809778e+01,2.844231454356309285e+01,0.000000000000000000e+00,6.571923111246844584e+00,3.197919918124767946e+00
-7.828777486205940477e+03,2.780954799718268987e+03,2.101483612977149562e+02,-8.083014565592603162e+01,2.844231426058970413e+01,0.000000000000000000e+00,6.571909996714319746e+00,3.197919974862626802e+00
-7.836860500903837419e+03,2.783799031152261250e+03,2.101483612983866465e+02,-8.083014389591417626e+01,2.844231428258132865e+01,0.000000000000000000e+00,6.571902732724858254e+00,3.197920044238871551e+00
-7.844943515602080879e+03,2.786643262563412009e+03,2.101483612990785446e+02,-8.083014533009249192e+01,2.844231424246864748e+01,0.000000000000000000e+00,6.571913155684236507e+00,3.197919974990652392e+00
-7.853026530299856859e+03,2.789487494028225228e+03,2.101483612986464493e+02,-8.083014881836851373e+01,2.844231425964380833e+01,0.000000000000000000e+00,6.571914360537277844e+00,3.197920168229789528e+00
-7.861109544997843841e+03,2.792331725480697969e+03,2.101483612979904478e+02,-8.083014834101122403e+01,2.844231420428140211e+01,0.000000000000000000e+00,6.571905019670158943e+00,3.197919997097715239e+00
-7.869192559695777163e+03,2.795175956881339516e+03,2.101483612986240530e+02,-8.083014375562585485e+01,2.844231434541770298e+01,0.000000000000000000e+00,6.571921590501882626e+00,3.197919778354799014e+00
-7.877275574393835086e+03,2.798020188299681649e+03,2.101483612980177895e+02,-8.083015325277217755e+01,2.844231441474867239e+01,0.000000000000000000e+00,6.571906763958263120e+00,3.197920122921695807e+00
-7.885358589091751128e+03,2.800864419746267231e+03,2.101483612989980543e+02,-8.083014499853929635e+01,2.844231434201205388e+01,0.000000000000000000e+00,6.571913994151360683e+00,3.197920020816802378e+00
-7.893441603789823603e+03,2.803708651176216335e+03,2.101483612977558835e+02,-8.083014236514104311e+01,2.844231436429113913e+01,0.000000000000000000e+00,6.571915588403846264e+00,3.197919903932389563e+00
-7.901524618487659609e+03,2.806552882618901549e+03,2.101483612985585410e+02,-8.083015281044578160e+01,2.844231432918204305e+01,0.000000000000000000e+00,6.571930230553645558e+00,3.197919884661330148e+00
-7.909607633185787563e+03,2.809397114071885881e+03,2.101483612987585161e+02,-8.083014832730955845e+01,2.844231436716878747e+01,0.000000000000000000e+00,6.571929868720217449e+00,3.197919935005696157e+00
-7.917690647883713609e+03,2.812241345517780701e+03,2.101483612987824188e+02,-8.083015007223035298e+01,2.844231432543838523e+01,0.000000000000000000e+00,6.571908567576066673e+00,3.197920137628333492e+00
-7.925773662581592362e+03,2.815085576937483438e+03,2.101483612983180080e+02,-8.083014879244562678e+01,2.844231429691940249e+01,0.000000000000000000e+00,6.571914136167812615e+00,3.197919977344218179e+00
-7.933856677279700307e+03,2.817929808342594697e+03,2.101483612978462929e+02,-8.083014921604248570e+01,2.844231429124653587e+01,0.000000000000000000e+00,6.571910506198174851e+00,3.197920019480121834e+00
-7.941939691977569055e+03,2.820774039766205988e+03,2.101483612976547022e+02,-8.083014496117530712e+01,2.844231436697580406e+01,0.000000000000000000e+00,6.571918287215991583e+00,3.197919875882455187e+00
-7.950022706675601512e+03,2.823618271214561901e+03,2.101483612988718619e+02,-8.083014782008876864e+01,2.844231435761685134e+01,0.000000000000000000e+00,6.571914857403097443e+00,3.197920011328218237e+00
-7.958105721373538472e+03,2.826462502645599670e+03,2.101483612992464316e+02,-8.083014612038107316e+01,2.844231422494289419e+01,0.000000000000000000e+00,6.571915175580027579e+00,3.197919898378548176e+00
-7.966188736071668245e+03,2.829306734071279607e+03,2.101483612986929757e+02,-8.083014692946323976e+01,2.844231453872820481e+01,0.000000000000000000e+00,6.571908367392889083e+00,3.197919999739917696e+00
-7.974271750769430582e+03,2.832150965511875256e+03,2.101483612991014525e+02,-8.083014734884179120e+01,2.844231425694486148e+01,0.000000000000000000e+00,6.571925431423006003e+00,3.197919801871284218e+00
-7.982354765467393008e+03,2.834995196938290064e+03,2.101483612988813263e+02,-8.083014777308454768e+01,2.844231419248463411e+01,0.000000000000000000e+00,6.571912621486847961e+00,3.197919978377947281e+00
-7.990437780165520962e+03,2.837839428390785997e+03,2.101483612981449483e+02,-8.083014627369679772e+01,2.844231432330679610e+01,0.000000000000000000e+00,6.571920739059716077e+00,3.197920168473492808e+00
-7.998520794863551600e+03,2.840683659815311785e+03,2.101483612990129757e+02,-8.083014656929339026e+01,2.844231425988504824e+01,0.000000000000000000e+00,6.571911913139965478e+00,3.197920141715290043e+00
-8.006603809561405797e+03,2.843527891266955976e+03,2.101483612985254865e+02,-8.083014328468972565e+01,2.844231429935619815e+01,0.000000000000000000e+00,6.571917038667190347e+00,3.197919865766355674e+00
-8.014686824259425521e+03,2.846372122653381211e+03,2.101483612978882434e+02,-8.083014811429708857e+01,2.844231423812848547e+01,0.000000000000000000e+00,6.571912575020263603e+00,3.197920123956635496e+00
-8.022769838957528009e+03,2.849216354121675977e+03,2.101483612989344465e+02,-8.083015195502784422e+01,2.844231434232894884e+01,0.000000000000000000e+00,6.571909242684436769e+00,3.197920004724632115e+00
-8.030852853655409490e+03,2.852060585574910419e+03,2.101483612980935618e+02,-8.083014406401795782e+01,2.844231447706412652e+01,0.000000000000000000e+00,6.571910383615342077e+00,3.197919814360668411e+00
-8.038935868353352816e+03,2.854904816975064477e+03,2.101483612995638453e+02,-8.083014363273065328e+01,2.844231443120800407e+01,0.000000000000000000e+00,6.571930739738398586e+00,3.197919862169182892e+00
-8.047018883051357989e+03,2.857749048403287361e+03,2.101483612987427136e+02,-8.083014548815017974e+01,2.844231442246432451e+01,0.000000000000000000e+00,6.571921111995322917e+00,3.197919891524504621e+00
-8.055101897749316777e+03,2.860593279845313191e+03,2.101483612975693802e+02,-8.083015036071108739e+01,2.844231430688934381e+01,0.000000000000000000e+00,6.571930212756574186e+00,3.197919622932844153e+00
-8.063184912447362876e+03,2.863437511277865269e+03,2.101483612982788145e+02,-8.083014720203335912e+01,2.844231434798778579e+01,0.000000000000000000e+00,6.571898671101278566e+00,3.197920097014526064e+00
-8.071267927145249814e+03,2.866281742711716106e+03,2.101483612983199976e+02,-8.083014004201527314e+01,2.844231418055543159e+01,0.000000000000000000e+00,6.571903419416705638e+00,3.197919863723979628e+00
-8.079350941843335931e+03,2.869125974158369445e+03,2.101483612984200136e+02,-8.083014934959457776e+01,2.844231438060155881e+01,0.000000000000000000e+00,6.571925084946999895e+00,3.197920093805163955e+00
-8.087433956541164662e+03,2.871970205560325212e+03,2.101483612990024312e+02,-8.083015001907331509e+01,2.844231442830918155e+01,0.000000000000000000e+00,6.571906517435866846e+00,3.197919967133500130e+00
-8.095516971239229861e+03,2.874814436999948612e+03,2.101483612985062166e+02,-8.083015099966537775e+01,2.844231447873875140e+01,0.000000000000000000e+00,6.571930687934171011e+00,3.197919994423728429e+00
-8.103599985937201382e+03,2.877658668461961952e+03,2.101483612983244313e+02,-8.083015032867878347e+01,2.844231438563492631e+01,0.000000000000000000e+00,6.571916861651375896e+00,3.197920054040032323e+00
-8.111683000635274766e+03,2.880502899849007008e+03,2.101483612977843620e+02,-8.083014547906154235e+01,2.844231439100259706e+01,0.000000000000000000e+00,6.571913209593775562e+00,3.197919984258434045e+00
-8.119766015333065297e+03,2.883347131309734777e+03,2.101483612981537021e+02,-8.083014764596448742e+01,2.844231429014307366e+01,0.000000000000000000e+00,6.571912215926801970e+00,3.197919897026755276e+00
-8.127849030031034999e+03,2.886191362767597184e+03,2.101483612994128123e+02,-8.083013915950313333e+01,2.844231439008192552e+01,0.000000000000000000e+00,6.571903825800057497e+00,3.197919963641893570e+00
-8.135932044729104746e+03,2.889035594175275037e+03,2.101483612987073855e+02,-8.083014970346913231e+01,2.844231424538060082e+01,0.000000000000000000e+00,6.571917670518029553e+00,3.197920119891097368e+00
-8.144015059427097185e+03,2.891879825634774534e+03,2.101483612981564022e+02,-8.083014917982035286e+01,2.844231427813618041e+01,0.000000000000000000e+00,6.571916664744599679e+00,3.197919974403714338e+00
-8.152098074125111452e+03,2.894724057030024596e+03,2.101483612978406939e+02,-8.083015542289076905e+01,2.844231425521096313e+01,0.000000000000000000e+00,6.571917051469128523e+00,3.197920122547850852e+00
-8.160181088822988386e+03,2.897568288500792278e+03,2.101483612980423175e+02,-8.083014538091434531e+01,2.844231437551971453e+01,0.000000000000000000e+00,6.571923719271334008e+00,3.197920043518691191e+00
-8.168264103520961726e+03,2.900412519919939314e+03,2.101483612985362015e+02,-8.083014513154678582e+01,2.844231432735925580e+01,0.000000000000000000e+00,6.571912634210026027e+00,3.197919942983733943e+00
-8.176347118218925971e+03,2.903256751360247108e+03,2.101483612987450158e+02,-8.083014374181072981e+01,2.844231428192441058e+01,0.000000000000000000e+00,6.571909907944180063e+00,3.197920050395518299e+00
-8.184430132916889306e+03,2.906100982767270125e+03,2.101483612983732314e+02,-8.083013735482714424e+01,2.844231430648888903e+01,0.000000000000000000e+00,6.571915523333918152e+00,3.197919937561098713e+00
-8.192513147614978152e+03,2.908945214216867498e+03,2.101483612976536506e+02,-8.083014798955085212e+01,2.844231437727206213e+01,0.000000000000000000e+00,6.571909921092837337e+00,3.197920039160163430e+00
-8.200596162312900560e+03,2.911789445661317131e+03,2.101483612972114088e+02,-8.083014816892764998e+01,2.844231433163190559e+01,0.000000000000000000e+00,6.571913947233213094e+00,3.197919966387083868e+00
-8.208679177010855710e+03,2.914633677092249854e+03,2.101483612988609764e+02,-8.083014407908996191e+01,2.844231428396808781e+01,0.000000000000000000e+00,6.571911051439639273e+00,3.197920020863502355e+00
-8.216762191708781756e+03,2.917477908485335774e+03,2.101483612988806158e+02,-8.083014375575177723e+01,2.844231422868370984e+01,0.000000000000000000e+00,6.571908735583813943e+00,3.197920031119531270e+00
-8.224845206406826037e+03,2.920322139943757065e+03,2.101483612980702276e+02,-8.083014903890627068e+01,2.844231425074910646e+01,0.000000000000000000e+00,6.571924050869605516e+00,3.197920006640810442e+00
-8.232928221104824843e+03,2.923166371377057658e+03,2.101483612992495011e+02,-8.083015418032294974e+01,2.844231444298709022e+01,0.000000000000000000e+00,6.571926606053909659e+00,3.197920243085210945e+00
-8.241011235802803640e+03,2.926010602795495288e+03,2.101483612984208094e+02,-8.083015095295948527e+01,2.844231436499181598e+01,0.000000000000000000e+00,6.571933066454429095e+00,3.197920035691139695e+00
-8.249094250500738781e+03,2.928854834243005371e+03,2.101483612988688776e+02,-8.083014733191879486e+01,2.844231417148834495e+01,0.000000000000000000e+00,6.571921829988694341e+00,3.197919901534209686e+00
-8.257177265198728492e+03,2.931699065698162940e+03,2.101483612981590738e+02,-8.083014545325529809e+01,2.844231437143671926e+01,0.000000000000000000e+00,6.571918931570606581e+00,3.197919875372418286e+00
-8.265260279896692737e+03,2.934543297114666075e+03,2.101483612981667761e+02,-8.083015378621752234e+01,2.844231446183899337e+01,0.000000000000000000e+00,6.571920092116917189e+00,3.197920019674513892e+00
-8.273343294594680629e+03,2.937387528565546745e+03,2.101483612980209443e+02,-8.083015924183253276e+01,2.844231425976594707e+01,0.000000000000000000e+00,6.571923560190242597e+00,3.197920164215426908e+00
-8.281426309292699443e+03,2.940231759958028306e+03,2.101483612981614613e+02,-8.083014849304340999e+01,2.844231447088392883e+01,0.000000000000000000e+00,6.571917644790148394e+00,3.197920123919927526e+00
-8.289509323990614575e+03,2.943075991413440534e+03,2.101483612983514035e+02,-8.083014135863675165e+01,2.844231413711369427e+01,0.000000000000000000e+00,6.571913336463904187e+00,3.197919984857929165e+00
-8.297592338688609743e+03,2.945920222818818274e+03,2.101483613000063713e+02,-8.083013908206311271e+01,2.844231450516804571e+01,0.000000000000000000e+00,6.571922676251917395e+00,3.197920188414298259e+00
-8.305675353386644929e+03,2.948764454271445175e+03,2.101483612973330253e+02,-8.083015352016846577e+01,2.844231419575887188e+01,0.000000000000000000e+00,6.571915861047764373e+00,3.197919842731207218e+00
-8.313758368084500034e+03,2.951608685705572043e+03,2.101483612985158800e+02,-8.083014193875094122e+01,2.844231431266054599e+01,0.000000000000000000e+00,6.571927471883161509e+00,3.197920122347456040e+00
-8.321841382782600704e+03,2.954452917138770772e+03,2.101483612990707854e+02,-8.083014296409524491e+01,2.844231431154905820e+01,0.000000000000000000e+00,6.571926436720548104e+00,3.197920175995461634e+00
-8.329924397480595871e+03,2.957297148569535693e+03,2.101483612978688029e+02,-8.083014391646271690e+01,2.844231438289322611e+01,0.000000000000000000e+00,6.571907861270242179e+00,3.197919939934093403e+00
-8.338007412178469167e+03,2.960141380006856707e+03,2.101483612986062042e+02,-8.083014428465590129e+01,2.844231421955301542e+01,0.000000000000000000e+00,6.571918372161967170e+00,3.197920028854264185e+00
-8.346090426876500715e+03,2.962985611442960817e+03,2.101483612985911691e+02,-8.083015069346140535e+01,2.844231427285477309e+01,0.000000000000000000e+00,6.571909602644185888e+00,3.197920074352434305e+00
-8.354173441574484968e+03,2.965829842883065339e+03,2.101483612979504585e+02,-8.083014407973331572e+01,2.844231421531725346e+01,0.000000000000000000e+00,6.571899177438145223e+00,3.197919743205563048e+00
-8.362256456272480136e+03,2.968674074296920935e+03,2.101483612990604115e+02,-8.083014065561000905e+01,2.844231418159702329e+01,0.000000000000000000e+00,6.571899821501568262e+00,3.197920222249237554e+00
-8.370339470970404363e+03,2.971518305750289528e+03,2.101483612983803084e+02,-8.083014756424951486e+01,2.844231432732760823e+01,0.000000000000000000e+00,6.571904850329775449e+00,3.197920139371183801e+00
-8.378422485668435911e+03,2.974362537154989695e+03,2.101483612975079325e+02,-8.083013999147837580e+01,2.844231432386834868e+01,0.000000000000000000e+00,6.571915605236667624e+00,3.197920080568975365e+00
-8.386505500366462002e+03,2.977206768633636784e+03,2.101483612979708937e+02,-8.083014882782482857e+01,2.844231425240744926e+01,0.000000000000000000e+00,6.571907376242761778e+00,3.197919859024016986e+00
-8.394588515064302555e+03,2.980051000061917421e+03,2.101483612986542084e+02,-8.083015735658555911e+01,2.844231428048248134e+01,0.000000000000000000e+00,6.571913101811293956e+00,3.197919928963554703e+00
-8.402671529762246792e+03,2.982895231499959664e+03,2.101483612977274902e+02,-8.083015981125599581e+01,2.844231438403242507e+01,0.000000000000000000e+00,6.571905454471925090e+00,3.197920067683354350e+00
-8.410754544460303805e+03,2.985739462910411930e+03,2.101483612981739100e+02,-8.083015175965259402e+01,2.844231418344859108e+01,0.000000000000000000e+00,6.571912055382946427e+00,3.197920131155723489e+00
-8.418837559158313525e+03,2.988583694355705575e+03,2.101483612986169192e+02,-8.083015123524587864e+01,2.844231424078727244e+01,0.000000000000000000e+00,6.571914329431474577e+00,3.197919929979785802e+00
-8.426920573856370538e+03,2.991427925789698293e+03,2.101483612977243922e+02,-8.083014468152670418e+01,2.844231438143708246e+01,0.000000000000000000e+00,6.571919238971692501e+00,3.197920081310155815e+00
-8.435003588554223825e+03,2.994272157223212616e+03,2.101483612984020795e+02,-8.083014078302656458e+01,2.844231423011921933e+01,0.000000000000000000e+00,6.571916824946064217e+00,3.197919937334745555e+00
-8.443086603252266286e+03,2.997116388645195457e+03,2.101483612975018787e+02,-8.083014810389646243e+01,2.844231441233863578e+01,0.000000000000000000e+00,6.571924356499829756e+00,3.197919861522821261e+00
-8.451169617950132306e+03,2.999960620068578464e+03,2.101483612983127784e+02,-8.083015003046656943e+01,2.844231430358751922e+01,0.000000000000000000e+00,6.571916354335241017e+00,3.197919903233926942e+00
-8.459252632648149302e+03,3.002804851495462117e+03,2.101483612989160292e+02,-8.083014281856034700e+01,2.844231432081598498e+01,0.000000000000000000e+00,6.571927351565807207e+00,3.197919958277106733e+00
-8.467335647346157202e+03,3.005649082941922643e+03,2.101483612983562068e+02,-8.083014895006978406e+01,2.844231442643898689e+01,0.000000000000000000e+00,6.571912818731836303e+00,3.197920208871148251e+00
-8.475418662044117809e+03,3.008493314391254444e+03,2.101483612976779796e+02,-8.083014159534631915e+01,2.844231424002531483e+01,0.000000000000000000e+00,6.571899596660148113e+00,3.197920116146256486e+00
-8.483501676742040218e+03,3.011337545818108538e+03,2.101483612977396263e+02,-8.083014918989903208e+01,2.844231435221729853e+01,0.000000000000000000e+00,6.571914428735649238e+00,3.197919868606029503e+00
-8.491584691440135430e+03,3.014181777269237500e+03,2.101483612990282666e+02,-8.083013651011859224e+01,2.844231429167066949e+01,0.000000000000000000e+00,6.571932859917572145e+00,3.197919816199743970e+00
-8.499667706138034191e+03,3.017026008651433131e+03,2.101483612970484387e+02,-8.083013806481463348e+01,2.844231438206390550e+01,0.000000000000000000e+00,6.571908516477344087e+00,3.197920134406574633e+00
-8.507750720836025721e+03,3.019870240135789572e+03,2.101483612979232873e+02,-8.083015041858904226e+01,2.844231434325006802e+01,0.000000000000000000e+00,6.571932532977647234e+00,3.197919975379280189e+00
-8.515833735533960862e+03,3.022714471541312832e+03,2.101483612977711175e+02,-8.083014844869239823e+01,2.844231437342772395e+01,0.000000000000000000e+00,6.571920322617376797e+00,3.197919987685746701e+00
-8.523916750231957849e+03,3.025558703002966467e+03,2.101483612976304016e+02,-8.083014875600537152e+01,2.844231434389512359e+01,0.000000000000000000e+00,6.571907718218505501e+00,3.197919876285759244e+00
-8.531999764929969388e+03,3.028402934416126300e+03,2.101483612985599621e+02,-8.083014278406665198e+01,2.844231421695607409e+01,0.000000000000000000e+00,6.571898747509916205e+00,3.197919993833295393e+00
-8.540082779627864511e+03,3.031247165813209449e+03,2.101483612988091352e+02,-8.083014784530075758e+01,2.844231442814001198e+01,0.000000000000000000e+00,6.571916179461024576e+00,3.197920016217882022e+00
-8.548165794325928800e+03,3.034091397272485665e+03,2.101483612983952014e+02,-8.083014565776606730e+01,2.844231421327887688e+01,0.000000000000000000e+00,6.571907390787280256e+00,3.197920151028157854e+00
-8.556248809023909416e+03,3.036935628722814272e+03,2.101483612982086129e+02,-8.083014627534204521e+01,2.844231433474493898e+01,0.000000000000000000e+00,6.571929507904474832e+00,3.197920085702055104e+00
-8.564331823721944602e+03,3.039779860142502912e+03,2.101483612973897266e+02,-8.083013059614384588e+01,2.844231432340261279e+01,0.000000000000000000e+00,6.571925455762815282e+00,3.197919806160179235e+00
-8.572414838419826992e+03,3.042624091590661010e+03,2.101483612986731089e+02,-8.083014294956812762e+01,2.844231436574143146e+01,0.000000000000000000e+00,6.571907810270281480e+00,3.197919935870430219e+00
-8.580497853117874911e+03,3.045468323031805539e+03,2.101483612977210385e+02,-8.083014640869029677e+01,2.844231421767058166e+01,0.000000000000000000e+00,6.571919411075583639e+00,3.197920055092057900e+00
-8.588580867815895544e+03,3.048312554467354857e+03,2.101483612976436461e+02,-8.083014447377985334e+01,2.844231434416731119e+01,0.000000000000000000e+00,6.571921621010298864e+00,3.197919809555123560e+00
-8.596663882513743374e+03,3.051156785893008873e+03,2.101483612972274102e+02,-8.083014624316011520e+01,2.844231430178635378e+01,0.000000000000000000e+00,6.571903408026968485e+00,3.197920036979744474e+00
-8.604746897211831310e+03,3.054001017295939164e+03,2.101483612983446108e+02,-8.083014265448670699e+01,2.844231447812537894e+01,0.000000000000000000e+00,6.571921570532442303e+00,3.197919924037060824e+00
-8.612829911909802831e+03,3.056845248730678122e+03,2.101483612984229694e+02,-8.083014751899631278e+01,2.844231450360114977e+01,0.000000000000000000e+00,6.571938058056323584e+00,3.197920055506181303e+00
-8.620912926607777990e+03,3.059689480195860597e+03,2.101483612981631381e+02,-8.083015399059944173e+01,2.844231437769918713e+01,0.000000000000000000e+00,6.571920096641756359e+00,3.197919807483643684e+00
-8.628995941305660381e+03,3.062533711617689733e+03,2.101483612981676856e+02,-8.083014571397450254e+01,2.844231422004919452e+01,0.000000000000000000e+00,6.571914928621380270e+00,3.197920008669657754e+00
-8.637078956003659187e+03,3.065377943042482912e+03,2.101483612979227757e+02,-8.083014883043914267e+01,2.844231424780948814e+01,0.000000000000000000e+00,6.571909989086824666e+00,3.197919960180923837e+00
-8.645161970701665268e+03,3.068222174505197472e+03,2.101483612987780987e+02,-8.083014501894015780e+01,2.844231429893698149e+01,0.000000000000000000e+00,6.571906129583973133e+00,3.197919783156563778e+00
-8.653244985399620418e+03,3.071066405881227183e+03,2.101483612979573934e+02,-8.083014622103162594e+01,2.844231432044126962e+01,0.000000000000000000e+00,6.571922109373049103e+00,3.197919791685705171e+00
-8.661328000097677432e+03,3.073910637336395666e+03,2.101483612977846747e+02,-8.083014784822060506e+01,2.844231422583415991e+01,0.000000000000000000e+00,6.571910394042577153e+00,3.197920045338431549e+00
-8.669411014795525261e+03,3.076754868785361850e+03,2.101483612978211966e+02,-8.083014978894009062e+01,2.844231455184483082e+01,0.000000000000000000e+00,6.571918342274043923e+00,3.197920054557665814e+00
-8.677494029493593189e+03,3.079599100214238206e+03,2.101483612970227739e+02,-8.083013938599088988e+01,2.844231427648204757e+01,0.000000000000000000e+00,6.571904971757777325e+00,3.197919921079103389e+00
-8.685577044191479217e+03,3.082443331658189891e+03,2.101483612988587311e+02,-8.083014786606682378e+01,2.844231436681251068e+01,0.000000000000000000e+00,6.571909038807345560e+00,3.197919854026487041e+00
-8.693660058889649008e+03,3.085287563065033737e+03,2.101483612987806850e+02,-8.083014126612020789e+01,2.844231430927666437e+01,0.000000000000000000e+00,6.571922289853088905e+00,3.197919991464670986e+00
-8.701743073587613253e+03,3.088131794506215556e+03,2.101483612985454386e+02,-8.083014016448227324e+01,2.844231439264499173e+01,0.000000000000000000e+00,6.571914052566294018e+00,3.197920092272600989e+00
-8.709826088285501100e+03,3.090976025961048435e+03,2.101483612979336897e+02,-8.083014431423767121e+01,2.844231447656944667e+01,0.000000000000000000e+00,6.571927787654067821e+00,3.197919942043995878e+00
-8.717909102983392586e+03,3.093820257400598621e+03,2.101483612980853195e+02,-8.083014213890048438e+01,2.844231451821642054e+01,0.000000000000000000e+00,6.571892008634862670e+00,3.197919887660411131e+00
-8.725992117681429590e+03,3.096664488799818628e+03,2.101483612992833798e+02,-8.083014488290201882e+01,2.844231439228518710e+01,0.000000000000000000e+00,6.571915246209075079e+00,3.197919971765858183e+00
-8.734075132379348361e+03,3.099508720260840619e+03,2.101483612984201272e+02,-8.083015111830486887e+01,2.844231451611069161e+01,0.000000000000000000e+00,6.571912982860662389e+00,3.197920025328314875e+00
-8.742158147077374451e+03,3.102352951644238601e+03,2.101483612976924178e+02,-8.083014376171628612e+01,2.844231431964856682e+01,0.000000000000000000e+00,6.571899742441716263e+00,3.197919871082671062e+00
-8.750241161775367800e+03,3.105197183094373031e+03,2.101483612981173223e+02,-8.083014760235008112e+01,2.844231438272876744e+01,0.000000000000000000e+00,6.571915011141093110e+00,3.197919932815521449e+00
-8.758324176473344778e+03,3.108041414547574277e+03,2.101483612978638860e+02,-8.083014947438432785e+01,2.844231423853242191e+01,0.000000000000000000e+00,6.571910242968353799e+00,3.197920097050391597e+00
-8.766407191171314480e+03,3.110885645994997049e+03,2.101483612975902986e+02,-8.083014779482464007e+01,2.844231453588405856e+01,0.000000000000000000e+00,6.571922612836990751e+00,3.197919839564775657e+00
-8.774490205869333295e+03,3.113729877414721159e+03,2.101483612979039606e+02,-8.083015629652628320e+01,2.844231436778601818e+01,0.000000000000000000e+00,6.571911811758252675e+00,3.197920086888509594e+00
-8.782573220567272074e+03,3.116574108839336077e+03,2.101483612977330324e+02,-8.083014578586349330e+01,2.844231423950164839e+01,0.000000000000000000e+00,6.571916358046010487e+00,3.197919951373563663e+00
-8.790656235265207215e+03,3.119418340264156086e+03,2.101483612985990135e+02,-8.083014645794989406e+01,2.844231431502059237e+01,0.000000000000000000e+00,6.571913276423921424e+00,3.197919951966273100e+00
-8.798739249963186012e+03,3.122262571706991821e+03,2.101483612981381555e+02,-8.083015206719035461e+01,2.844231444249811958e+01,0.000000000000000000e+00,6.571913241738633893e+00,3.197919988312151851e+00
-8.806822264661184818e+03,3.125106803142775334e+03,2.101483612984097817e+02,-8.083014600195471644e+01,2.844231430713943709e+01,0.000000000000000000e+00,6.571919927226850255e+00,3.197919933139877546e+00
-8.814905279359199994e+03,3.127951034535745293e+03,2.101483612978343842e+02,-8.083014242195626764e+01,2.844231460459707961e+01,0.000000000000000000e+00,6.571927985450372489e+00,3.197919804190636484e+00
-8.822988294057191524e+03,3.130795266025085311e+03,2.101483612979283180e+02,-8.083014610002211953e+01,2.844231430781048431e+01,0.000000000000000000e+00,6.571927528409236885e+00,3.197919963814724209e+00
-8.831071308755106656e+03,3.133639497464580018e+03,2.101483612974972459e+02,-8.083014670625915699e+01,2.844231438191504679e+01,0.000000000000000000e+00,6.571912088818858244e+00,3.197919953783558089e+00
-8.839154323453140023e+03,3.136483728910918217e+03,2.101483612977214932e+02,-8.083014649181761513e+01,2.844231442343701488e+01,0.000000000000000000e+00,6.571925857447554975e+00,3.197920087762136987e+00
-8.847237338151069707e+03,3.139327960305360193e+03,2.101483612984476110e+02,-8.083014784342329051e+01,2.844231427501020448e+01,0.000000000000000000e+00,6.571909842112279243e+00,3.197919825525050275e+00
-8.855320352848977564e+03,3.142172191745772125e+03,2.101483612972565709e+02,-8.083015040983831057e+01,2.844231441117189618e+01,0.000000000000000000e+00,6.571914345656740153e+00,3.197920083505470412e+00
-8.863403367547063681e+03,3.145016423169380232e+03,2.101483612979700979e+02,-8.083014788910185189e+01,2.844231441571179886e+01,0.000000000000000000e+00,6.571918777320870930e+00,3.197920227882240063e+00
-8.871486382245000641e+03,3.147860654619646539e+03,2.101483612984551428e+02,-8.083014422241760144e+01,2.844231418406095813e+01,0.000000000000000000e+00,6.571917395673309237e+00,3.197919943928630104e+00
-8.879569396942997628e+03,3.150704886062961577e+03,2.101483612985586831e+02,-8.083014831013633739e+01,2.844231431415453670e+01,0.000000000000000000e+00,6.571915811482940128e+00,3.197920062273600372e+00
-8.887652411640996434e+03,3.153549117469473458e+03,2.101483612987165372e+02,-8.083014700990638346e+01,2.844231434916969192e+01,0.000000000000000000e+00,6.571897512791422535e+00,3.197919841675141761e+00
-8.895735426339037076e+03,3.156393348909926317e+03,2.101483612985150558e+02,-8.083014796456897955e+01,2.844231436328450613e+01,0.000000000000000000e+00,6.571909939059294103e+00,3.197920195962457690e+00
-8.903818441036890363e+03,3.159237580365043414e+03,2.101483612991338816e+02,-8.083015231816023061e+01,2.844231431436682911e+01,0.000000000000000000e+00,6.571918224643994222e+00,3.197919944053964958e+00
-8.911901455734938281e+03,3.162081811759948778e+03,2.101483612976396955e+02,-8.083014975941370039e+01,2.844231433134538634e+01,0.000000000000000000e+00,6.571921696301089355e+00,3.197919922913075030e+00
-8.919984470432878879e+03,3.164926043189150278e+03,2.101483612984738727e+02,-8.083014463108949599e+01,2.844231436068780283e+01,0.000000000000000000e+00,6.571917462670556098e+00,3.197920088064801991e+00
-8.928067485130926798e+03,3.167770274638555293e+03,2.101483612983396370e+02,-8.083014877137276244e+01,2.844231428685858631e+01,0.000000000000000000e+00,6.571901948844502073e+00,3.197919969216580949e+00
-8.936150499828801912e+03,3.170614506113056450e+03,2.101483612988246819e+02,-8.083014643146924527e+01,2.844231452358515710e+01,0.000000000000000000e+00,6.571917227691636221e+00,3.197919980870965517e+00
-8.944233514526820727e+03,3.173458737511330128e+03,2.101483612992335566e+02,-8.083014965245254757e+01,2.844231439467055367e+01,0.000000000000000000e+00,6.571909378820680381e+00,3.197920218173656792e+00
-8.952316529224834085e+03,3.176302968952246829e+03,2.101483612972737944e+02,-8.083014048059069978e+01,2.844231449665951672e+01,0.000000000000000000e+00,6.571926230510444888e+00,3.197919796703259987e+00
-8.960399543922803787e+03,3.179147200376581168e+03,2.101483612993775978e+02,-8.083014607654673966e+01,2.844231423848000517e+01,0.000000000000000000e+00,6.571918102003034612e+00,3.197919799852339207e+00
-8.968482558620709824e+03,3.181991431825328618e+03,2.101483612981282931e+02,-8.083014610724727333e+01,2.844231441210038724e+01,0.000000000000000000e+00,6.571932575165516432e+00,3.197920107646238463e+00
-8.976565573318690440e+03,3.184835663249994923e+03,2.101483612977387736e+02,-8.083014602865679876e+01,2.844231446015317744e+01,0.000000000000000000e+00,6.571931752427328632e+00,3.197919919473726669e+00
-8.984648588016592839e+03,3.187679894737591894e+03,2.101483612978638291e+02,-8.083014850253785255e+01,2.844231411575619717e+01,0.000000000000000000e+00,6.571921386490195971e+00,3.197919982697742913e+00
-8.992731602714680776e+03,3.190524126134860580e+03,2.101483612978917677e+02,-8.083014374610220898e+01,2.844231437058479628e+01,0.000000000000000000e+00,6.571918199235959435e+00,3.197919969127871909e+00
-9.000814617412619555e+03,3.193368357542637568e+03,2.101483612973431718e+02,-8.083014442526405219e+01,2.844231435512052286e+01,0.000000000000000000e+00,6.571922155732716320e+00,3.197920009297229971e+00
-9.008897632110536506e+03,3.196212588972664435e+03,2.101483612984604576e+02,-8.083013870628406039e+01,2.844231427022237213e+01,0.000000000000000000e+00,6.571916825759434033e+00,3.197920220691615523e+00
-9.016980646808524398e+03,3.199056820377161785e+03,2.101483612984354465e+02,-8.083014251325404587e+01,2.844231437539560403e+01,0.000000000000000000e+00,6.571927665819462305e+00,3.197919937341299867e+00
-9.025063661506583230e+03,3.201901051877901864e+03,2.101483612990003280e+02,-8.083014766749985824e+01,2.844231426901539805e+01,0.000000000000000000e+00,6.571927547004495551e+00,3.197920061898680277e+00
-9.033146676204538380e+03,3.204745283281883985e+03,2.101483612987821061e+02,-8.083015619282224407e+01,2.844231420648793573e+01,0.000000000000000000e+00,6.571921628600965626e+00,3.197920157289684262e+00
-9.041229690902551738e+03,3.207589514704533030e+03,2.101483612972928654e+02,-8.083015159263106852e+01,2.844231411446407520e+01,0.000000000000000000e+00,6.571924063674205563e+00,3.197920001811865642e+00
-9.049312705600443223e+03,3.210433746148974933e+03,2.101483612990771803e+02,-8.083014768063792133e+01,2.844231441699267293e+01,0.000000000000000000e+00,6.571917102901037033e+00,3.197920071403941744e+00
-9.057395720298476590e+03,3.213277977592257685e+03,2.101483612974728032e+02,-8.083013814881338988e+01,2.844231444018386057e+01,0.000000000000000000e+00,6.571928024633592713e+00,3.197919875112985366e+00
-9.065478734996388084e+03,3.216122209037809625e+03,2.101483612976599034e+02,-8.083014490912748329e+01,2.844231434657544710e+01,0.000000000000000000e+00,6.571914075881313266e+00,3.197919949593280631e+00
-9.073561749694428727e+03,3.218966440430266630e+03,2.101483612978217366e+02,-8.083014729662966147e+01,2.844231425576382222e+01,0.000000000000000000e+00,6.571921694182131901e+00,3.197920155072128345e+00
-9.081644764392442084e+03,3.221810671892935716e+03,2.101483612989032963e+02,-8.083014349330711923e+01,2.844231437064290446e+01,0.000000000000000000e+00,6.571908456056596570e+00,3.197919936779714867e+00
-9.089727779090499098e+03,3.224654903323104463e+03,2.101483612984458205e+02,-8.083014294201750261e+01,2.844231434134017888e+01,0.000000000000000000e+00,6.571915160983907711e+00,3.197920028948537663e+00
-9.097810793788472438e+03,3.227499134736603537e+03,2.101483612985732634e+02,-8.083014421597650312e+01,2.844231457457314960e+01,0.000000000000000000e+00,6.571930089971878886e+00,3.197920023152140967e+00
-9.105893808486298440e+03,3.230343366211026478e+03,2.101483612977037012e+02,-8.083014734572594762e+01,2.844231423737231879e+01,0.000000000000000000e+00,6.571916151936020967e+00,3.197919869453821562e+00
-9.113976823184244495e+03,3.233187597604307939e+03,2.101483612990180347e+02,-8.083014921950335463e+01,2.844231443343226218e+01,0.000000000000000000e+00,6.571919080742587127e+00,3.197919977177626549e+00
-9.122059837882283318e+03,3.236031829088785344e+03,2.101483612986072842e+02,-8.083014948605980976e+01,2.844231422365800199e+01,0.000000000000000000e+00,6.571913233285947342e+00,3.197919921532854204e+00
-9.130142852580209365e+03,3.238876060467720436e+03,2.101483612983451792e+02,-8.083014420411466006e+01,2.844231424219142568e+01,0.000000000000000000e+00,6.571932690190174675e+00,3.197920101441948049e+00
-9.138225867278266378e+03,3.241720291923293644e+03,2.101483612969804540e+02,-8.083014877800592046e+01,2.844231450589718335e+01,0.000000000000000000e+00,6.571944928860074420e+00,3.197920174034707852e+00
-9.146308881976223347e+03,3.244564523373593147e+03,2.101483612980348710e+02,-8.083014502233882581e+01,2.844231423854187568e+01,0.000000000000000000e+00,6.571908386884121711e+00,3.197920002273122897e+00
-9.154391896674171221e+03,3.247408754787302769e+03,2.101483612976421682e+02,-8.083015042112967308e+01,2.844231431184750747e+01,0.000000000000000000e+00,6.571939380255654939e+00,3.197920055420409913e+00
-9.162474911372279166e+03,3.250252986189872900e+03,2.101483612983482487e+02,-8.083013817046557392e+01,2.844231431836153590e+01,0.000000000000000000e+00,6.571905663885186044e+00,3.197920057362620305e+00
-9.170557926070103349e+03,3.253097217629096576e+03,2.101483612978158817e+02,-8.083015856283446965e+01,2.844231427043456506e+01,0.000000000000000000e+00,6.571914473994648453e+00,3.197919932643783270e+00
-9.178640940768209475e+03,3.255941449105635456e+03,2.101483612978195765e+02,-8.083014146953769341e+01,2.844231437325832346e+01,0.000000000000000000e+00,6.571899641930093239e+00,3.197920061586732032e+00
-9.186723955466131883e+03,3.258785680481084000e+03,2.101483612985116451e+02,-8.083015042186032417e+01,2.844231423958971661e+01,0.000000000000000000e+00,6.571911288698427001e+00,3.197920068037679808e+00
-9.194806970164034283e+03,3.261629911924254429e+03,2.101483612992447831e+02,-8.083014845248342795e+01,2.844231426849919586e+01,0.000000000000000000e+00,6.571925057309393026e+00,3.197919901500849260e+00
-9.202889984862116762e+03,3.264474143366142016e+03,2.101483612977479538e+02,-8.083014591461166276e+01,2.844231412508667489e+01,0.000000000000000000e+00,6.571907054127763992e+00,3.197920073102539007e+00
-9.210972999559997334e+03,3.267318374804214272e+03,2.101483612990030565e+02,-8.083014767720095506e+01,2.844231427125323819e+01,0.000000000000000000e+00,6.571922210698740940e+00,3.197920087447231996e+00
-9.219056014257932475e+03,3.270162606253708873e+03,2.101483612987161393e+02,-8.083014475876285587e+01,2.844231432301431539e+01,0.000000000000000000e+00,6.571907920625580601e+00,3.197919729089132357e+00
-9.227139028955993126e+03,3.273006837687277766e+03,2.101483612980415785e+02,-8.083014461329432265e+01,2.844231427047606431e+01,0.000000000000000000e+00,6.571929303871691275e+00,3.197920037599359944e+00
-9.235222043653981018e+03,3.275851069127761093e+03,2.101483612977069129e+02,-8.083014258529409801e+01,2.844231444704419332e+01,0.000000000000000000e+00,6.571918355391123789e+00,3.197919980097467807e+00
-9.243305058351917978e+03,3.278695300534181570e+03,2.101483612986770311e+02,-8.083014699791675639e+01,2.844231418421535196e+01,0.000000000000000000e+00,6.571910672151965116e+00,3.197920075041517318e+00
-9.251388073049984087e+03,3.281539531977302431e+03,2.101483612984063143e+02,-8.083014906601111704e+01,2.844231437952319652e+01,0.000000000000000000e+00,6.571912416288141046e+00,3.197919908345782769e+00
-9.259471087748011996e+03,3.284383763396669110e+03,2.101483612986509684e+02,-8.083014447569163963e+01,2.844231418321031057e+01,0.000000000000000000e+00,6.571924419447029209e+00,3.197919995975015528e+00
-9.267554102445905301e+03,3.287227994840594420e+03,2.101483612980666464e+02,-8.083014915261060196e+01,2.844231426725663425e+01,0.000000000000000000e+00,6.571908238460318685e+00,3.197919785705877427e+00
-9.275637117143880459e+03,3.290072226281369694e+03,2.101483612975619337e+02,-8.083014657532136482e+01,2.844231413575182188e+01,0.000000000000000000e+00,6.571909887000052741e+00,3.197920115644401928e+00
-9.283720131841828334e+03,3.292916457777474079e+03,2.101483612980312046e+02,-8.083015359264724964e+01,2.844231453131402887e+01,0.000000000000000000e+00,6.571909592475876138e+00,3.197920074112649669e+00
-9.291803146539792579e+03,3.295760689145740798e+03,2.101483612985382194e+02,-8.083015146327478817e+01,2.844231432185611652e+01,0.000000000000000000e+00,6.571911949853176615e+00,3.197919957860711371e+00
-9.299886161237796841e+03,3.298604920618625783e+03,2.101483612985261971e+02,-8.083014472693028551e+01,2.844231444292798017e+01,0.000000000000000000e+00,6.571907639149945801e+00,3.197919702833087907e+00
-9.307969175935824751e+03,3.301449152011381557e+03,2.101483612976339259e+02,-8.083014059715497979e+01,2.844231420398528343e+01,0.000000000000000000e+00,6.571924540485640343e+00,3.197919913430022021e+00
-9.316052190633738064e+03,3.304293383447860379e+03,2.101483612984717979e+02,-8.083014932127474594e+01,2.844231426746821256e+01,0.000000000000000000e+00,6.571917066867579038e+00,3.197920082612112580e+00
-9.324135205331675024e+03,3.307137614889392808e+03,2.101483612997843693e+02,-8.083013877819455217e+01,2.844231433439119527e+01,0.000000000000000000e+00,6.571910771804083673e+00,3.197920075612387336e+00
-9.332218220029699296e+03,3.309981846322156798e+03,2.101483612975993367e+02,-8.083015481118835055e+01,2.844231452950851846e+01,0.000000000000000000e+00,6.571924792645303270e+00,3.197919851411185732e+00
-9.340301234727685369e+03,3.312826077736319348e+03,2.101483612970791341e+02,-8.083015077426396999e+01,2.844231451965201884e+01,0.000000000000000000e+00,6.571925488391149095e+00,3.197920072642444378e+00
-9.348384249425649614e+03,3.315670309177486160e+03,2.101483612981812712e+02,-8.083014680759583825e+01,2.844231424937208885e+01,0.000000000000000000e+00,6.571917921585614053e+00,3.197920078422369805e+00
-9.356467264123610221e+03,3.318514540648536695e+03,2.101483612978622091e+02,-8.083014316634600505e+01,2.844231422292612166e+01,0.000000000000000000e+00,6.571919934789573148e+00,3.197919986388359614e+00
-9.364550278821488973e+03,3.321358772047532966e+03,2.101483612989309506e+02,-8.083015640543008828e+01,2.844231423244215406e+01,0.000000000000000000e+00,6.571921307185009553e+00,3.197919722241830076e+00
-9.372633293519538711e+03,3.324203003490054016e+03,2.101483612978707356e+02,-8.083014734981928484e+01,2.844231445430845184e+01,0.000000000000000000e+00,6.571920906869740620e+00,3.197920024166478470e+00
-9.380716308217572077e+03,3.327047234923399174e+03,2.101483612984891067e+02,-8.083014423124201642e+01,2.844231425805608993e+01,0.000000000000000000e+00,6.571898639233113570e+00,3.197919991072061041e+00
-9.388799322915536322e+03,3.329891466333171593e+03,2.101483612990128904e+02,-8.083014479615711423e+01,2.844231426609126956e+01,0.000000000000000000e+00,6.571928822254121449e+00,3.197919895723820627e+00
-9.396882337613573327e+03,3.332735697791612893e+03,2.101483612974646462e+02,-8.083014884518863141e+01,2.844231434343205223e+01,0.000000000000000000e+00,6.571916957016701311e+00,3.197920147791955880e+00
-9.404965352311566676e+03,3.335579929211359286e+03,2.101483612975636106e+02,-8.083014852166408559e+01,2.844231425269402180e+01,0.000000000000000000e+00,6.571909145437628830e+00,3.197919993868216348e+00
-9.413048367009458161e+03,3.338424160629870585e+03,2.101483612983465719e+02,-8.083014331990831636e+01,2.844231440584369253e+01,0.000000000000000000e+00,6.571926979905181376e+00,3.197920093276125364e+00
-9.421131381707389664e+03,3.341268392073257019e+03,2.101483612973268862e+02,-8.083014824377292484e+01,2.844231423947029569e+01,0.000000000000000000e+00,6.571926140546596073e+00,3.197919862691848802e+00
-9.429214396405424850e+03,3.344112623504853673e+03,2.101483612983009266e+02,-8.083014462710713133e+01,2.844231440909888420e+01,0.000000000000000000e+00,6.571921817205526040e+00,3.197919778369012977e+00
-9.437297411103330887e+03,3.346956854973051122e+03,2.101483612988146206e+02,-8.083014087862432007e+01,2.844231452163789697e+01,0.000000000000000000e+00,6.571919808591108136e+00,3.197919788731579338e+00
-9.445380425801315141e+03,3.349801086372083319e+03,2.101483612978873907e+02,-8.083015044172725538e+01,2.844231425488902687e+01,0.000000000000000000e+00,6.571912175936940770e+00,3.197920216568646445e+00
-9.453463440499364879e+03,3.352645317795999745e+03,2.101483612985842626e+02,-8.083014657385554358e+01,2.844231443537332282e+01,0.000000000000000000e+00,6.571899422925818079e+00,3.197919959227093045e+00
-9.461546455197307296e+03,3.355489549215172701e+03,2.101483612981621434e+02,-8.083014769491816764e+01,2.844231441148834705e+01,0.000000000000000000e+00,6.571909327466523010e+00,3.197920054032678205e+00
-9.469629469895373404e+03,3.358333780680146901e+03,2.101483612975449375e+02,-8.083014614055386460e+01,2.844231447462932749e+01,0.000000000000000000e+00,6.571923755245705046e+00,3.197920084576791222e+00
-9.477712484593184854e+03,3.361178012094280803e+03,2.101483612984581839e+02,-8.083014955505606736e+01,2.844231430168049712e+01,0.000000000000000000e+00,6.571938483935392483e+00,3.197920001668096646e+00
-9.485795499291140004e+03,3.364022243540848649e+03,2.101483612986837954e+02,-8.083014396967941195e+01,2.844231426693513853e+01,0.000000000000000000e+00,6.571925049779394179e+00,3.197919944668831782e+00
-9.493878513989338899e+03,3.366866474970977833e+03,2.101483612992776102e+02,-8.083014169559753270e+01,2.844231427726803929e+01,0.000000000000000000e+00,6.571906449217012280e+00,3.197920026873858124e+00
-9.501961528687150349e+03,3.369710706412038689e+03,2.101483612983513183e+02,-8.083014338581162406e+01,2.844231441138211025e+01,0.000000000000000000e+00,6.571925147787858634e+00,3.197919813728557159e+00
-9.510044543385143697e+03,3.372554937841174251e+03,2.101483612978342705e+02,-8.083014706678184780e+01,2.844231435556221399e+01,0.000000000000000000e+00,6.571909348320992272e+00,3.197919924936191816e+00
-9.518127558083206168e+03,3.375399169310971047e+03,2.101483612986064031e+02,-8.083015097459708898e+01,2.844231406387179106e+01,0.000000000000000000e+00,6.571919978623852465e+00,3.197919785515944913e+00
-9.526210572781079463e+03,3.378243400721933995e+03,2.101483612989177345e+02,-8.083014998507380255e+01,2.844231419109780390e+01,0.000000000000000000e+00,6.571919655797116455e+00,3.197919874914248783e+00
-9.534293587479145572e+03,3.381087632162942100e+03,2.101483612980898101e+02,-8.083014970661342602e+01,2.844231432186014885e+01,0.000000000000000000e+00,6.571914875251127164e+00,3.197920122165740953e+00
-9.542376602177238965e+03,3.383931863590648391e+03,2.101483612987716469e+02,-8.083014946734745365e+01,2.844231426422896192e+01,0.000000000000000000e+00,6.571921305527870238e+00,3.197919779731495993e+00
-9.550459616875046777e+03,3.386776095056542545e+03,2.101483612984352760e+02,-8.083015060531268148e+01,2.844231424411307785e+01,0.000000000000000000e+00,6.571907023301258199e+00,3.197920039089185096e+00
-9.558542631573058316e+03,3.389620326475219827e+03,2.101483612987537128e+02,-8.083014714318959193e+01,2.844231407191490035e+01,0.000000000000000000e+00,6.571923484402032223e+00,3.197919995537180871e+00
-9.566625646271057121e+03,3.392464557883761245e+03,2.101483612981412818e+02,-8.083014816880549347e+01,2.844231423930740377e+01,0.000000000000000000e+00,6.571919186325436257e+00,3.197919890171715629e+00
-9.574708660968968616e+03,3.395308789322776647e+03,2.101483612988803316e+02,-8.083014458235305710e+01,2.844231436026118232e+01,0.000000000000000000e+00,6.571936690680200144e+00,3.197920078464185245e+00
-9.582791675666943775e+03,3.398153020736483995e+03,2.101483612974777202e+02,-8.083014876975487084e+01,2.844231434033134676e+01,0.000000000000000000e+00,6.571899036174320585e+00,3.197920037037344621e+00
-9.590874690364949856e+03,3.400997252194221801e+03,2.101483612982641489e+02,-8.083014665512646957e+01,2.844231439475987244e+01,0.000000000000000000e+00,6.571920446943809502e+00,3.197920078792339638e+00
-9.598957705062884997e+03,3.403841483630611492e+03,2.101483612969736896e+02,-8.083014758948294798e+01,2.844231448405215090e+01,0.000000000000000000e+00,6.571920239831044341e+00,3.197919791062665773e+00
-9.607040719760892898e+03,3.406685715027730566e+03,2.101483612976949473e+02,-8.083015280221165710e+01,2.844231438279731705e+01,0.000000000000000000e+00,6.571927353230431201e+00,3.197920007943055420e+00
-9.615123734458831677e+03,3.409529946486469726e+03,2.101483612989574112e+02,-8.083015206688962451e+01,2.844231448741615864e+01,0.000000000000000000e+00,6.571905163840195740e+00,3.197919824624435581e+00
-9.623206749156875958e+03,3.412374177937123477e+03,2.101483612979100144e+02,-8.083014762303287171e+01,2.844231441818717343e+01,0.000000000000000000e+00,6.571913693631643127e+00,3.197919853165825721e+00
-9.631289763854922057e+03,3.415218409344733573e+03,2.101483612971408377e+02,-8.083013914223246843e+01,2.844231435878377923e+01,0.000000000000000000e+00,6.571932184402162314e+00,3.197919897009793733e+00
-9.639372778552820819e+03,3.418062640780281981e+03,2.101483612978815927e+02,-8.083014321578609440e+01,2.844231427116461930e+01,0.000000000000000000e+00,6.571933776419190743e+00,3.197919908725498139e+00
-9.647455793250810530e+03,3.420906872237903372e+03,2.101483612975719666e+02,-8.083013449193745714e+01,2.844231432265956983e+01,0.000000000000000000e+00,6.571923787702119490e+00,3.197919941174066860e+00
-9.655538807948725662e+03,3.423751103681757741e+03,2.101483612987774450e+02,-8.083015249941702507e+01,2.844231433735032866e+01,0.000000000000000000e+00,6.571918858778773576e+00,3.197920176267830872e+00
-9.663621822646751752e+03,3.426595335079937740e+03,2.101483612981691067e+02,-8.083015693679280389e+01,2.844231434212661824e+01,0.000000000000000000e+00,6.571924511267639879e+00,3.197919998269382447e+00
-9.671704837344703265e+03,3.429439566511345220e+03,2.101483612966997043e+02,-8.083014612541012411e+01,2.844231417813941931e+01,0.000000000000000000e+00,6.571914078191866793e+00,3.197920123966817574e+00
-9.679787852042692975e+03,3.432283797947121002e+03,2.101483612979326381e+02,-8.083014191374300594e+01,2.844231443464737197e+01,0.000000000000000000e+00,6.571923063359146333e+00,3.197920007197637471e+00
-9.687870866740529891e+03,3.435128029368109310e+03,2.101483612975011681e+02,-8.083013978529280052e+01,2.844231431788754705e+01,0.000000000000000000e+00,6.571908747178437871e+00,3.197919990225916997e+00
-9.695953881438679673e+03,3.437972260781639307e+03,2.101483612981754732e+02,-8.083014126653237952e+01,2.844231427073454910e+01,0.000000000000000000e+00,6.571928000965337802e+00,3.197920019779019185e+00
-9.704036896136713040e+03,3.440816492240882781e+03,2.101483612986305047e+02,-8.083014618134231455e+01,2.844231436940335911e+01,0.000000000000000000e+00,6.571921896874430402e+00,3.197920051148434695e+00
-9.712119910834575421e+03,3.443660723690281884e+03,2.101483612987315723e+02,-8.083014657902322142e+01,2.844231429902273689e+01,0.000000000000000000e+00,6.571910631729868335e+00,3.197919775619155303e+00
-9.720202925532663357e+03,3.446504955132314080e+03,2.101483612986363596e+02,-8.083014983146978238e+01,2.844231427945111434e+01,0.000000000000000000e+00,6.571906173668937257e+00,3.197920101420754335e+00
-9.728285940230583947e+03,3.449349186545437988e+03,2.101483612968545742e+02,-8.083014572150581500e+01,2.844231436018815984e+01,0.000000000000000000e+00,6.571916432752566983e+00,3.197919846685143064e+00
-9.736368954928479070e+03,3.452193417975535795e+03,2.101483612983345211e+02,-8.083014760873304283e+01,2.844231438558211877e+01,0.000000000000000000e+00,6.571925464019543028e+00,3.197919979417768843e+00
-9.744451969626525170e+03,3.455037649406434866e+03,2.101483612989347591e+02,-8.083015007126797968e+01,2.844231417827485231e+01,0.000000000000000000e+00,6.571909819311430923e+00,3.197920130205264222e+00
-9.752534984324458492e+03,3.457881880843955969e+03,2.101483612991084726e+02,-8.083015038940368413e+01,2.844231426442238231e+01,0.000000000000000000e+00,6.571922362038325360e+00,3.197920026164884799e+00
-9.760617999022579170e+03,3.460726112295035819e+03,2.101483612991062273e+02,-8.083014854405010396e+01,2.844231418646677056e+01,0.000000000000000000e+00,6.571912800681618094e+00,3.197919987965700095e+00
-9.768701013720328774e+03,3.463570343707192933e+03,2.101483612987687195e+02,-8.083015179553842700e+01,2.844231450352435431e+01,0.000000000000000000e+00,6.571918408825910163e+00,3.197919964888088273e+00
-9.776784028418353046e+03,3.466414575140166562e+03,2.101483612984517322e+02,-8.083014282476933943e+01,2.844231432639410428e+01,0.000000000000000000e+00,6.571910841465135711e+00,3.197919871690974247e+00
-9.784867043116439163e+03,3.469258806619251118e+03,2.101483612984238789e+02,-8.083014680031406840e+01,2.844231434887954180e+01,0.000000000000000000e+00,6.571903657580993929e+00,3.197919967049887457e+00
-9.792950057814436150e+03,3.472103038024668422e+03,2.101483612985231275e+02,-8.083014611605582900e+01,2.844231440986309423e+01,0.000000000000000000e+00,6.571910180612616337e+00,3.197920060208967463e+00
-9.801033072512458602e+03,3.474947269443549885e+03,2.101483612977695543e+02,-8.083014703663943124e+01,2.844231426601881196e+01,0.000000000000000000e+00,6.571911240703530943e+00,3.197919988166855632e+00
-9.809116087210302794e+03,3.477791500848730720e+03,2.101483612993899328e+02,-8.083014860426645498e+01,2.844231430571466035e+01,0.000000000000000000e+00,6.571921243063157725e+00,3.197919998884775072e+00
-9.817199101908292505e+03,3.480635732286179518e+03,2.101483612980790099e+02,-8.083014140933327951e+01,2.844231447259350887e+01,0.000000000000000000e+00,6.571908092258380130e+00,3.197919882954946225e+00
-9.825282116606304044e+03,3.483479963752001822e+03,2.101483612983201112e+02,-8.083014342952384368e+01,2.844231429675004463e+01,0.000000000000000000e+00,6.571918358304997376e+00,3.197920008492113109e+00
-9.833365131304335591e+03,3.486324195182444328e+03,2.101483612990460017e+02,-8.083014325491168961e+01,2.844231435037813327e+01,0.000000000000000000e+00,6.571901980898292805e+00,3.197919919426272628e+00
-9.841448146002208887e+03,3.489168426608095160e+03,2.101483612974072628e+02,-8.083014806764576576e+01,2.844231435373884409e+01,0.000000000000000000e+00,6.571929838012343872e+00,3.197919908799758293e+00
-9.849531160700162218e+03,3.492012658078519053e+03,2.101483612977781377e+02,-8.083014656681729093e+01,2.844231441895561474e+01,0.000000000000000000e+00,6.571907409787681509e+00,3.197919831451444761e+00
-9.857614175398111911e+03,3.494856889464128926e+03,2.101483612984345939e+02,-8.083014622286580675e+01,2.844231422268257248e+01,0.000000000000000000e+00,6.571918486014763694e+00,3.197920156197933572e+00
-9.865697190096117993e+03,3.497701120946189349e+03,2.101483612986438061e+02,-8.083013944211512580e+01,2.844231429505921938e+01,0.000000000000000000e+00,6.571922237136505807e+00,3.197919955072115794e+00
-9.873780204794200472e+03,3.500545352359814842e+03,2.101483612979987470e+02,-8.083013948791806058e+01,2.844231432442616025e+01,0.000000000000000000e+00,6.571910024619359803e+00,3.197919879623507988e+00
-9.881863219492181088e+03,3.503389583753592433e+03,2.101483612978836391e+02,-8.083014995882997766e+01,2.844231442412090516e+01,0.000000000000000000e+00,6.571917367582884140e+00,3.197920249153815675e+00
-9.889946234190118048e+03,3.506233815240787408e+03,2.101483612972494655e+02,-8.083014434903039103e+01,2.844231434047464546e+01,0.000000000000000000e+00,6.571908366594545470e+00,3.197919763252640823e+00
-9.898029248888044094e+03,3.509078046625224943e+03,2.101483612988689913e+02,-8.083014369203611693e+01,2.844231438374544396e+01,0.000000000000000000e+00,6.571923237461233747e+00,3.197919942340719857e+00
-9.906112263586021072e+03,3.511922278070560424e+03,2.101483612986214666e+02,-8.083014676232659212e+01,2.844231447043560479e+01,0.000000000000000000e+00,6.571921397338920556e+00,3.197920025759750651e+00
-9.914195278283996231e+03,3.514766509517451141e+03,2.101483612989390792e+02,-8.083015195385910090e+01,2.844231428519520222e+01,0.000000000000000000e+00,6.571923623313025153e+00,3.197920029830005006e+00
-9.922278292982085986e+03,3.517610740946910937e+03,2.101483612985707055e+02,-8.083014495826066081e+01,2.844231440389102161e+01,0.000000000000000000e+00,6.571908818270386199e+00,3.197920092648289359e+00
-9.930361307679906531e+03,3.520454972386959071e+03,2.101483612982424631e+02,-8.083014507503087032e+01,2.844231451570357194e+01,0.000000000000000000e+00,6.571913176788682698e+00,3.197920061334794006e+00
-9.938444322377985372e+03,3.523299203791278160e+03,2.101483612988020298e+02,-8.083015049217003423e+01,2.844231413368941830e+01,0.000000000000000000e+00,6.571905576348155975e+00,3.197919952196651483e+00
-9.946527337075955074e+03,3.526143435265380504e+03,2.101483612972091635e+02,-8.083014480221345366e+01,2.844231443273140414e+01,0.000000000000000000e+00,6.571900538181488116e+00,3.197920166296396527e+00
-9.954610351773948423e+03,3.528987666682634426e+03,2.101483612983738283e+02,-8.083014013814039345e+01,2.844231435649417250e+01,0.000000000000000000e+00,6.571912783135521963e+00,3.197919929564143171e+00
-9.962693366471923582e+03,3.531831898101964725e+03,2.101483612990640211e+02,-8.083015037565394323e+01,2.844231445981876405e+01,0.000000000000000000e+00,6.571917780710588630e+00,3.197920040869230540e+00
-9.970776381169753222e+03,3.534676129547990058e+03,2.101483612986950789e+02,-8.083014695827300500e+01,2.844231448284376285e+01,0.000000000000000000e+00,6.571930958304872838e+00,3.197919981895023689e+00
-9.978859395867908461e+03,3.537520360983364299e+03,2.101483612977999940e+02,-8.083014834883574906e+01,2.844231431311885672e+01,0.000000000000000000e+00,6.571913730252300745e+00,3.197919858708476504e+00
-9.986942410565845421e+03,3.540364592399266257e+03,2.101483612979551481e+02,-8.083014618255346306e+01,2.844231444503314421e+01,0.000000000000000000e+00,6.571906188131768189e+00,3.197919901681647303e+00
-9.995025425263755096e+03,3.543208823845212009e+03,2.101483612979907036e+02,-8.083015000103078762e+01,2.844231442193988002e+01,0.000000000000000000e+00,6.571916105208475578e+00,3.197919835037497993e+00
-1.000310843996169569e+04,3.546053055247698012e+03,2.101483612984778233e+02,-8.083013843114288477e+01,2.844231447582631489e+01,0.000000000000000000e+00,6.571912859636031889e+00,3.197920115726358592e+00
-1.001119145465972906e+04,3.548897286725030881e+03,2.101483612981548106e+02,-8.083015021880881079e+01,2.844231420674629263e+01,0.000000000000000000e+00,6.571922088759639458e+00,3.197919819981955847e+00
-1.001927446935758962e+04,3.551741518159993120e+03,2.101483612972221238e+02,-8.083014913155201953e+01,2.844231439163831254e+01,0.000000000000000000e+00,6.571906917458392172e+00,3.197920118793637911e+00
-1.002735748405572667e+04,3.554585749572446730e+03,2.101483612991327732e+02,-8.083015007779167149e+01,2.844231423298614914e+01,0.000000000000000000e+00,6.571928872722298642e+00,3.197920219848080503e+00
-1.003544049875365090e+04,3.557429981022409720e+03,2.101483612987449305e+02,-8.083014864138107214e+01,2.844231437725144929e+01,0.000000000000000000e+00,6.571914436938523174e+00,3.197919852397893337e+00
-1.004352351345165880e+04,3.560274212458096372e+03,2.101483612983020635e+02,-8.083014595716218764e+01,2.844231421477562094e+01,0.000000000000000000e+00,6.571903225283153738e+00,3.197919922684306471e+00
-1.005160652814966124e+04,3.563118443886412933e+03,2.101483612973486572e+02,-8.083014326166352248e+01,2.844231438372850462e+01,0.000000000000000000e+00,6.571910599921989338e+00,3.197919983679954559e+00
-1.005968954284765823e+04,3.565962675326508815e+03,2.101483612988169796e+02,-8.083015183799953718e+01,2.844231415363062254e+01,0.000000000000000000e+00,6.571931058395427350e+00,3.197919868582813852e+00
-1.006777255754560974e+04,3.568806906727696969e+03,2.101483612976208235e+02,-8.083014802318346881e+01,2.844231434694396654e+01,0.000000000000000000e+00,6.571926723890327615e+00,3.197920107422068892e+00
-1.007585557224353033e+04,3.571651138183005969e+03,2.101483612983897444e+02,-8.083014134389595995e+01,2.844231436029700788e+01,0.000000000000000000e+00,6.571906051230380186e+00,3.197920307665053308e+00
-1.008393858694158553e+04,3.574495369606824624e+03,2.101483612975645769e+02,-8.083015363898367411e+01,2.844231435319761658e+01,0.000000000000000000e+00,6.571937595940062771e+00,3.197919972576930281e+00
-1.009202160163957160e+04,3.577339601042712275e+03,2.101483612980794931e+02,-8.083014935031103221e+01,2.844231449785715782e+01,0.000000000000000000e+00,6.571923697951737253e+00,3.197919828141499554e+00
-1.010010461633744308e+04,3.580183832525950038e+03,2.101483612983965372e+02,-8.083014793463962633e+01,2.844231425734353991e+01,0.000000000000000000e+00,6.571912749724596381e+00,3.197919816791896519e+00
-1.010818763103549463e+04,3.583028063916201972e+03,2.101483612997771502e+02,-8.083015012728334625e+01,2.844231445429374361e+01,0.000000000000000000e+00,6.571915722053973674e+00,3.197919807113146717e+00
-1.011627064573350617e+04,3.585872295344435770e+03,2.101483612986858418e+02,-8.083014473133340516e+01,2.844231430370891545e+01,0.000000000000000000e+00,6.571926408053061053e+00,3.197920076394790367e+00
-1.012435366043145041e+04,3.588716526797817096e+03,2.101483612982802640e+02,-8.083014511111966272e+01,2.844231424639021455e+01,0.000000000000000000e+00,6.571898835556014618e+00,3.197920015307150976e+00
-1.013243667512944376e+04,3.591560758208276184e+03,2.101483612989056269e+02,-8.083015309515802471e+01,2.844231439304626718e+01,0.000000000000000000e+00,6.571934905864270426e+00,3.197920197469995784e+00
-1.014051968982744984e+04,3.594404989641156135e+03,2.101483612974646746e+02,-8.083015188552269592e+01,2.844231411122511588e+01,0.000000000000000000e+00,6.571924959225714069e+00,3.197919943916285312e+00
-1.014860270452536133e+04,3.597249221067088911e+03,2.101483612983930982e+02,-8.083014604943794268e+01,2.844231416744209895e+01,0.000000000000000000e+00,6.571934004340583613e+00,3.197919879793101217e+00
-1.015668571922335650e+04,3.600093452517799506e+03,2.101483612993242502e+02,-8.083014588902727837e+01,2.844231412802400172e+01,0.000000000000000000e+00,6.571914573009533633e+00,3.197920025952220247e+00
-1.016476873392132075e+04,3.602937683951704912e+03,2.101483612983232092e+02,-8.083014303102082465e+01,2.844231444088020666e+01,0.000000000000000000e+00,6.571913103876603657e+00,3.197919901881119298e+00
-1.017285174861934320e+04,3.605781915375267545e+03,2.101483612977615678e+02,-8.083015138118429377e+01,2.844231420429177604e+01,0.000000000000000000e+00,6.571920270873462755e+00,3.197920005417376199e+00
-1.018093476331724924e+04,3.608626146813907781e+03,2.101483612980622411e+02,-8.083014433988364544e+01,2.844231431639304830e+01,0.000000000000000000e+00,6.571924116279397765e+00,3.197919893563738292e+00
-1.018901777801525532e+04,3.611470378242082916e+03,2.101483612992267354e+02,-8.083014166073620288e+01,2.844231422179680990e+01,0.000000000000000000e+00,6.571911239559329765e+00,3.197919904172620953e+00
-1.019710079271320319e+04,3.614314609667612331e+03,2.101483612981066358e+02,-8.083014217670765333e+01,2.844231444476651660e+01,0.000000000000000000e+00,6.571912428605551248e+00,3.197920065189667316e+00
-1.020518380741130386e+04,3.617158841100814698e+03,2.101483612977451401e+02,-8.083014893538052092e+01,2.844231422327752412e+01,0.000000000000000000e+00,6.571923223058282915e+00,3.197919886527440969e+00
-1.021326682210926265e+04,3.620003072538766446e+03,2.101483612979380382e+02,-8.083015148761064950e+01,2.844231417629789149e+01,0.000000000000000000e+00,6.571902905796039640e+00,3.197919780228295039e+00
-1.022134983680717414e+04,3.622847303992407888e+03,2.101483612977237954e+02,-8.083014462921353527e+01,2.844231432920850722e+01,0.000000000000000000e+00,6.571911686012545495e+00,3.197920026840944896e+00
-1.022943285150514203e+04,3.625691535400520934e+03,2.101483612984419835e+02,-8.083015235380590013e+01,2.844231421873685051e+01,0.000000000000000000e+00,6.571918077274108150e+00,3.197919964335727894e+00
-1.023751586620310991e+04,3.628535766850742220e+03,2.101483612983853959e+02,-8.083014719473494836e+01,2.844231440743939032e+01,0.000000000000000000e+00,6.571919216842315059e+00,3.197920082747050419e+00
-1.024559888090097411e+04,3.631379998261236778e+03,2.101483612984164608e+02,-8.083014648922265621e+01,2.844231427908355769e+01,0.000000000000000000e+00,6.571908734239386263e+00,3.197920162504577224e+00
-1.025368189559913299e+04,3.634224229708876919e+03,2.101483612983662397e+02,-8.083014476471075227e+01,2.844231445021145177e+01,0.000000000000000000e+00,6.571916962001008500e+00,3.197919904767310584e+00
-1.026176491029717909e+04,3.637068461158016817e+03,2.101483612993089878e+02,-8.083015051936770590e+01,2.844231431884006156e+01,0.000000000000000000e+00,6.571925596940881853e+00,3.197920042986079014e+00
-1.026984792499500327e+04,3.639912692564160807e+03,2.101483612975085578e+02,-8.083014222263152249e+01,2.844231428498000369e+01,0.000000000000000000e+00,6.571893306297448945e+00,3.197919986253121127e+00
-1.027793093969298752e+04,3.642756924015114691e+03,2.101483612989786138e+02,-8.083014119728781566e+01,2.844231418423330382e+01,0.000000000000000000e+00,6.571926172133787603e+00,3.197920070971310480e+00
-1.028601395439097178e+04,3.645601155459955407e+03,2.101483612978517215e+02,-8.083014149137251536e+01,2.844231445343186593e+01,0.000000000000000000e+00,6.571917481603317235e+00,3.197920067289835799e+00
-1.029409696908892693e+04,3.648445386867372690e+03,2.101483612991233940e+02,-8.083014464125913889e+01,2.844231431651610720e+01,0.000000000000000000e+00,6.571914869012434046e+00,3.197919817910023443e+00
-1.030217998378686752e+04,3.651289618305927434e+03,2.101483612980611326e+02,-8.083014949183473163e+01,2.844231436122463919e+01,0.000000000000000000e+00,6.571912957367706198e+00,3.197919981305531678e+00
-1.031026299848489361e+04,3.654133849760166868e+03,2.101483612970736488e+02,-8.083015002711215402e+01,2.844231448346923230e+01,0.000000000000000000e+00,6.571918734106199089e+00,3.197920097461135924e+00
-1.031834601318290697e+04,3.656978081178816410e+03,2.101483612980806583e+02,-8.083014750646900382e+01,2.844231424325350233e+01,0.000000000000000000e+00,6.571911981995530283e+00,3.197920272502208228e+00
-1.032642902788084575e+04,3.659822312619108288e+03,2.101483612990686538e+02,-8.083015253324616367e+01,2.844231427276778135e+01,0.000000000000000000e+00,6.571924716386503995e+00,3.197919921233874252e+00
-1.033451204257886275e+04,3.662666544032506408e+03,2.101483612982492843e+02,-8.083015116649586673e+01,2.844231431100794794e+01,0.000000000000000000e+00,6.571881143591897789e+00,3.197919793628040797e+00
-1.034259505727687974e+04,3.665510775481685414e+03,2.101483612988084815e+02,-8.083014370767450885e+01,2.844231426375408134e+01,0.000000000000000000e+00,6.571920373025843531e+00,3.197919943924253605e+00
-1.035067807197478760e+04,3.668355006929888532e+03,2.101483612987137519e+02,-8.083014676092557238e+01,2.844231415990828893e+01,0.000000000000000000e+00,6.571916612958466075e+00,3.197919859132259734e+00
-1.035876108667270819e+04,3.671199238374026208e+03,2.101483612990028860e+02,-8.083015300042028173e+01,2.844231420411190925e+01,0.000000000000000000e+00,6.571912918086808553e+00,3.197920163524307746e+00
-1.036684410137065606e+04,3.674043469793708027e+03,2.101483612982052875e+02,-8.083014659353740683e+01,2.844231436138299429e+01,0.000000000000000000e+00,6.571931868451540204e+00,3.197919943440621360e+00
-1.037492711606862576e+04,3.676887701178571660e+03,2.101483612989012784e+02,-8.083015169832083302e+01,2.844231437534448048e+01,0.000000000000000000e+00,6.571914104601069617e+00,3.197920091006688281e+00
-1.038312215920876406e+04,3.679771352922326059e+03,2.101483612975094388e+02,-8.195043698208596084e+01,2.883651721577949445e+01,0.000000000000000000e+00,6.571909954873384585e+00,3.197919982091950608e+00
-1.039142923079094362e+04,3.682694424946703293e+03,2.101483612980945850e+02,-8.307071155912609584e+01,2.923072012594708013e+01,0.000000000000000000e+00,6.571910945927619707e+00,3.197919908007261558e+00
-1.039984833081525721e+04,3.685656917307593176e+03,2.101483612980876501e+02,-8.419099884226555730e+01,2.962492317939661746e+01,0.000000000000000000e+00,6.571914252852386618e+00,3.197920168435971267e+00
-1.040837945928154659e+04,3.688658829868871180e+03,2.101483612976076074e+02,-8.531128427719228569e+01,3.001912629211431849e+01,0.000000000000000000e+00,6.571920158960335101e+00,3.197920024067001155e+00
-1.041702261618998455e+04,3.691700162797223584e+03,2.101483612981472788e+02,-8.643157603539117417e+01,3.041332901845179393e+01,0.000000000000000000e+00,6.571920508504604186e+00,3.197919962185906684e+00
-1.042577780154054926e+04,3.694780916005558083e+03,2.101483612974492132e+02,-8.755186406877879790e+01,3.080753195025704372e+01,0.000000000000000000e+00,6.571923870659071909e+00,3.197920058334916327e+00
-1.043464501533306611e+04,3.697901089490428603e+03,2.101483612977604025e+02,-8.867213911607400689e+01,3.120173478662327682e+01,0.000000000000000000e+00,6.571926461307678657e+00,3.197920056036667180e+00
-1.044362425756775156e+04,3.701060683268787670e+03,2.101483612991425503e+02,-8.979241613073897099e+01,3.159593773411506490e+01,0.000000000000000000e+00,6.571906785901826531e+00,3.197919901444156388e+00
-1.045271552824449282e+04,3.704259697342655727e+03,2.101483612991575285e+02,-9.091270500326631065e+01,3.199014069512424996e+01,0.000000000000000000e+00,6.571913680786776624e+00,3.197919869511334223e+00
-1.046191882736334446e+04,3.707498131711111455e+03,2.101483612990560914e+02,-9.203299211541876446e+01,3.238434385534481663e+01,0.000000000000000000e+00,6.571902593792402492e+00,3.197919774688306127e+00
-1.047123415492458298e+04,3.710775986370035753e+03,2.101483612985885259e+02,-9.315327875104945576e+01,3.277854679463361265e+01,0.000000000000000000e+00,6.571920780646860472e+00,3.197919863865521073e+00
-1.048066151092742075e+04,3.714093261348118631e+03,2.101483612967624879e+02,-9.427356251627684003e+01,3.317274966542031223e+01,0.000000000000000000e+00,6.571925091438760802e+00,3.197919739235446368e+00
-1.049020089537257991e+04,3.717449956620842840e+03,2.101483612982513307e+02,-9.539384063551425186e+01,3.356695239274794318e+01,0.000000000000000000e+00,6.571912376449986937e+00,3.197920026193408649e+00
-1.049985230825984218e+04,3.720846072132664176e+03,2.101483612977469875e+02,-9.651412608209055577e+01,3.396115535376149097e+01,0.000000000000000000e+00,6.571905494417027427e+00,3.197920094998494722e+00
-1.050961574958909296e+04,3.724281608009472620e+03,2.101483612988203333e+02,-9.763440541590311739e+01,3.435535862530444717e+01,0.000000000000000000e+00,6.571916212394853574e+00,3.197919959856893257e+00
-1.051949121936049414e+04,3.727756564121909378e+03,2.101483612979600650e+02,-9.875470302048626081e+01,3.474956128590648774e+01,0.000000000000000000e+00,6.571923693733620730e+00,3.197919784898303419e+00
-1.052947871757403664e+04,3.731270940565999354e+03,2.101483612968422392e+02,-9.987498683780655995e+01,3.514376430570284526e+01,0.000000000000000000e+00,6.571922282895821255e+00,3.197919935467269603e+00
-1.053957824422957856e+04,3.734824737318212556e+03,2.101483612993277177e+02,-1.009952664549876857e+02,3.553796725680332713e+01,0.000000000000000000e+00,6.571908703369153670e+00,3.197919926646382915e+00
-1.054978979932730363e+04,3.738417954305968578e+03,2.101483612978690303e+02,-1.021155477044240172e+02,3.593217014011252530e+01,0.000000000000000000e+00,6.571897725925931688e+00,3.197920027095438655e+00
-1.056011338286700084e+04,3.742050591624793924e+03,2.101483612987567824e+02,-1.032358364273362668e+02,3.632637306394260435e+01,0.000000000000000000e+00,6.571904021092904280e+00,3.197919982195364774e+00
-1.057054899484889938e+04,3.745722649223278040e+03,2.101483612971590844e+02,-1.043561212022695628e+02,3.672057617528606244e+01,0.000000000000000000e+00,6.571894091887203082e+00,3.197919720666198895e+00
-1.058109663527287194e+04,3.749434127111196631e+03,2.101483612977331461e+02,-1.054764010362995776e+02,3.711477906766315726e+01,0.000000000000000000e+00,6.571911820150824646e+00,3.197920222474776253e+00
-1.059175630413890576e+04,3.753185025331063571e+03,2.101483612982792692e+02,-1.065966905487258884e+02,3.750898204307335249e+01,0.000000000000000000e+00,6.571906298233209931e+00,3.197919948555297598e+00
-1.060252800144701905e+04,3.756975343834991236e+03,2.101483612992231826e+02,-1.077169764341846303e+02,3.790318483170054975e+01,0.000000000000000000e+00,6.571914780097347197e+00,3.197920023719199367e+00
-1.061341172719723545e+04,3.760805082586062326e+03,2.101483612981160718e+02,-1.088372597152470576e+02,3.829738770368430067e+01,0.000000000000000000e+00,6.571918634993826558e+00,3.197920125418230342e+00
-1.062440748138949493e+04,3.764674241696851368e+03,2.101483612983448097e+02,-1.099575409100273049e+02,3.869159078402725527e+01,0.000000000000000000e+00,6.571899205653979337e+00,3.197919878306227037e+00
-1.063551526402385934e+04,3.768582821087903994e+03,2.101483612988969583e+02,-1.110778280857052778e+02,3.908579370443733580e+01,0.000000000000000000e+00,6.571915207157148053e+00,3.197920176674771131e+00
-1.064673507510039963e+04,3.772530820734231838e+03,2.101483612972407684e+02,-1.121981089778818443e+02,3.947999666498261462e+01,0.000000000000000000e+00,6.571921851565495132e+00,3.197920212003049212e+00
-1.065806691461896298e+04,3.776518240727635202e+03,2.101483612989318601e+02,-1.133183932166247274e+02,3.987419954165903846e+01,0.000000000000000000e+00,6.571909145912710137e+00,3.197919832490018877e+00
-1.066951078257960580e+04,3.780545080963498549e+03,2.101483612971193509e+02,-1.144386904813382841e+02,4.026840255518488476e+01,0.000000000000000000e+00,6.571917779091482892e+00,3.197919963166365509e+00
-1.068106667898235355e+04,3.784611341508936675e+03,2.101483612986984042e+02,-1.155589636440567176e+02,4.066260543889953283e+01,0.000000000000000000e+00,6.571928373056760364e+00,3.197919882466100372e+00
-1.069273460382702979e+04,3.788717022347751026e+03,2.101483612984079912e+02,-1.166792502033044059e+02,4.105680830684195826e+01,0.000000000000000000e+00,6.571922370250785406e+00,3.197919979115777078e+00
-1.070451455711412382e+04,3.792862123491988768e+03,2.101483612990312224e+02,-1.177995315146178257e+02,4.145101148381706224e+01,0.000000000000000000e+00,6.571913222448102054e+00,3.197919974944198440e+00
-1.071640653884312633e+04,3.797046644899452986e+03,2.101483612989969458e+02,-1.189198216736988911e+02,4.184521432669939145e+01,0.000000000000000000e+00,6.571919387321226047e+00,3.197919941455946269e+00
-1.072841054901412281e+04,3.801270586639441262e+03,2.101483612984272895e+02,-1.200400986972118744e+02,4.223941700988350334e+01,0.000000000000000000e+00,6.571898158195153883e+00,3.197919959791932776e+00
-1.074052658762736246e+04,3.805533948675815736e+03,2.101483612989292453e+02,-1.211603909167952935e+02,4.263362015384819159e+01,0.000000000000000000e+00,6.571914303719321282e+00,3.197920029053140656e+00
-1.075275465468285074e+04,3.809836730999886186e+03,2.101483612972701280e+02,-1.222806702970644182e+02,4.302782328158488667e+01,0.000000000000000000e+00,6.571907538797586490e+00,3.197919952543164968e+00
-1.076509475018014382e+04,3.814178933563295232e+03,2.101483612982840157e+02,-1.234009497514636422e+02,4.342202605523121406e+01,0.000000000000000000e+00,6.571934947485458700e+00,3.197919898691225615e+00
-1.077754687411956183e+04,3.818560556488131624e+03,2.101483612976765585e+02,-1.245212463181233744e+02,4.381622893883128711e+01,0.000000000000000000e+00,6.571917938817959381e+00,3.197920191259647105e+00
-1.079011102650111570e+04,3.822981599678935709e+03,2.101483612982068792e+02,-1.256415205003983004e+02,4.421043197947421532e+01,0.000000000000000000e+00,6.571910852540952419e+00,3.197919914991961932e+00
-1.080278720732476177e+04,3.827442063188826523e+03,2.101483612992056180e+02,-1.267618127587315087e+02,4.460463490235890305e+01,0.000000000000000000e+00,6.571905162231479025e+00,3.197920063568629345e+00
-1.081557541659045273e+04,3.831941946957979326e+03,2.101483612983567753e+02,-1.278820945428867475e+02,4.499883802475405048e+01,0.000000000000000000e+00,6.571914024771169593e+00,3.197919906604651974e+00
-1.082847565429826136e+04,3.836481251043200700e+03,2.101483612990173242e+02,-1.290023776979374190e+02,4.539304084837172582e+01,0.000000000000000000e+00,6.571904190888295361e+00,3.197920017729193098e+00
-1.084148792044829315e+04,3.841059975451404171e+03,2.101483612984741569e+02,-1.301226626574124623e+02,4.578724375329090890e+01,0.000000000000000000e+00,6.571917238284780360e+00,3.197919882992754648e+00
-1.085461221504019522e+04,3.845678120090927223e+03,2.101483612986760932e+02,-1.312429464673029429e+02,4.618144671548580504e+01,0.000000000000000000e+00,6.571889757264014698e+00,3.197920062921131290e+00
-1.086784853807436411e+04,3.850335685034290236e+03,2.101483612978228734e+02,-1.323632344910414531e+02,4.657564961023939532e+01,0.000000000000000000e+00,6.571922087222604070e+00,3.197919993064617827e+00
-1.088119688955041238e+04,3.855032670292407602e+03,2.101483612972398021e+02,-1.334835162319566848e+02,4.696985242370848823e+01,0.000000000000000000e+00,6.571912361926425028e+00,3.197919956816297926e+00
-1.089465726946877112e+04,3.859769075826206063e+03,2.101483612973895561e+02,-1.346038021207735937e+02,4.736405545846044163e+01,0.000000000000000000e+00,6.571910013419666186e+00,3.197920199282008102e+00
-1.090822967782908017e+04,3.864544901679887062e+03,2.101483612983265630e+02,-1.357240806023809228e+02,4.775825839273674234e+01,0.000000000000000000e+00,6.571923123853745885e+00,3.197919766636598826e+00
-1.092191411463151417e+04,3.869360147791244344e+03,2.101483612988112384e+02,-1.368443698454367734e+02,4.815246140540520514e+01,0.000000000000000000e+00,6.571903028742146269e+00,3.197919871129421665e+00
-1.093571057987614222e+04,3.874214814278515860e+03,2.101483612983961393e+02,-1.379646597926149525e+02,4.854666422427961692e+01,0.000000000000000000e+00,6.571916625828384539e+00,3.197919950154735957e+00
-1.094961907356263873e+04,3.879108900959615312e+03,2.101483612991276573e+02,-1.390849367073064400e+02,4.894086709126538182e+01,0.000000000000000000e+00,6.571927708097033083e+00,3.197919805351541189e+00
-1.096363959569144754e+04,3.884042408006112055e+03,2.101483612982544855e+02,-1.402052133236819316e+02,4.933507036653290356e+01,0.000000000000000000e+00,6.571912944647374744e+00,3.197919940019105400e+00
-1.097777214626227942e+04,3.889015335306808993e+03,2.101483612987737501e+02,-1.413255042556972967e+02,4.972927303088345496e+01,0.000000000000000000e+00,6.571936362377197582e+00,3.197920094674374880e+00
-1.099201672527521987e+04,3.894027682917488164e+03,2.101483612992578855e+02,-1.424457886068613277e+02,5.012347610869799297e+01,0.000000000000000000e+00,6.571925260187279072e+00,3.197920055608363121e+00
-1.100637333273008517e+04,3.899079450786668986e+03,2.101483612981139402e+02,-1.435660779511369469e+02,5.051767897270685381e+01,0.000000000000000000e+00,6.571904270456372821e+00,3.197920155256691821e+00
-1.102084196862718636e+04,3.904170639022683645e+03,2.101483612980381395e+02,-1.446863612256034344e+02,5.091188191972758403e+01,0.000000000000000000e+00,6.571912024104994643e+00,3.197920004576357833e+00
-1.103542263296627789e+04,3.909301247502643037e+03,2.101483612987479717e+02,-1.458066422962725426e+02,5.130608488669018641e+01,0.000000000000000000e+00,6.571931361428924312e+00,3.197920125087229781e+00
-1.105011532574766898e+04,3.914471276286971261e+03,2.101483612983547573e+02,-1.469269349566966127e+02,5.170028796758003153e+01,0.000000000000000000e+00,6.571920129172852398e+00,3.197919878868146881e+00
-1.106492004697091943e+04,3.919680725339319451e+03,2.101483612985292098e+02,-1.480472074460446947e+02,5.209449083365814914e+01,0.000000000000000000e+00,6.571913991550214718e+00,3.197919926616589859e+00
-1.107983679663640942e+04,3.924929594724274921e+03,2.101483612977413884e+02,-1.491674870741479140e+02,5.248869365763781758e+01,0.000000000000000000e+00,6.571902934745733837e+00,3.197919864206788532e+00
-1.109486557474382607e+04,3.930217884387205231e+03,2.101483612978348958e+02,-1.502877847203465365e+02,5.288289652132708341e+01,0.000000000000000000e+00,6.571940946864550881e+00,3.197920005852886050e+00
-1.111000638129347135e+04,3.935545594392477142e+03,2.101483612986466483e+02,-1.514080640144123322e+02,5.327709961428688246e+01,0.000000000000000000e+00,6.571910601282151987e+00,3.197919842514262534e+00
-1.112525921628518154e+04,3.940912724642003923e+03,2.101483612982600562e+02,-1.525283472517863288e+02,5.367130242428441989e+01,0.000000000000000000e+00,6.571911722417718593e+00,3.197919952803451871e+00
-1.114062407971889661e+04,3.946319275184052003e+03,2.101483612990101904e+02,-1.536486334036114840e+02,5.406550557121978784e+01,0.000000000000000000e+00,6.571910588487043015e+00,3.197920032567918014e+00
-1.115610097159487850e+04,3.951765246035067776e+03,2.101483612980175337e+02,-1.547689212419779494e+02,5.445970856010765715e+01,0.000000000000000000e+00,6.571928687226916033e+00,3.197919992381284437e+00
-1.117168989191278160e+04,3.957250637134589851e+03,2.101483612981616034e+02,-1.558892043246259220e+02,5.485391142552438737e+01,0.000000000000000000e+00,6.571918188082669587e+00,3.197920026733158672e+00
-1.118739084067290059e+04,3.962775448606661030e+03,2.101483612983275862e+02,-1.570094894454030907e+02,5.524811431580546639e+01,0.000000000000000000e+00,6.571929085617469468e+00,3.197920092014721494e+00
-1.120320381787502447e+04,3.968339680284677797e+03,2.101483612976973916e+02,-1.581297723151434411e+02,5.564231737386607790e+01,0.000000000000000000e+00,6.571920872758706622e+00,3.197919795938981569e+00
-1.121912882351933513e+04,3.973943332331464717e+03,2.101483612979972690e+02,-1.592500535504571815e+02,5.603652013200789384e+01,0.000000000000000000e+00,6.571915392141990608e+00,3.197919868366005058e+00
-1.123516585760551061e+04,3.979586404645840503e+03,2.101483612978683482e+02,-1.603703385239955139e+02,5.643072312922075895e+01,0.000000000000000000e+00,6.571913774180088375e+00,3.197920002854841570e+00
-1.125131492013395837e+04,3.985268897251592989e+03,2.101483612979345423e+02,-1.614906259143784553e+02,5.682492595005085434e+01,0.000000000000000000e+00,6.571918309990913976e+00,3.197920147993935647e+00
-1.126757601110438009e+04,3.990990810122999846e+03,2.101483612987294123e+02,-1.626109115622868444e+02,5.721912897072566295e+01,0.000000000000000000e+00,6.571918368826659140e+00,3.197919876311094978e+00
-1.128394913051695949e+04,3.996752143325412817e+03,2.101483612982621025e+02,-1.637311948063691034e+02,5.761333199594163545e+01,0.000000000000000000e+00,6.571904319825147667e+00,3.197920079390240478e+00
-1.130043427837174386e+04,4.002552896833658906e+03,2.101483612986668845e+02,-1.648514733097662486e+02,5.800753469590041789e+01,0.000000000000000000e+00,6.571909179226841147e+00,3.197920049187633396e+00
-1.131703145466856949e+04,4.008393070609436563e+03,2.101483612985122988e+02,-1.659717534273894159e+02,5.840173781853980728e+01,0.000000000000000000e+00,6.571913637322634116e+00,3.197919880834144024e+00
-1.133374065940737273e+04,4.014272664682922823e+03,2.101483612973203208e+02,-1.670920376323416576e+02,5.879594083952115824e+01,0.000000000000000000e+00,6.571901251485067874e+00,3.197919986125559166e+00
-1.135056189258842278e+04,4.020191679075840511e+03,2.101483612982922864e+02,-1.682123361414255953e+02,5.919014366322317500e+01,0.000000000000000000e+00,6.571911424803296597e+00,3.197919939250686294e+00
-1.136749515421136311e+04,4.026150113729268924e+03,2.101483612989415235e+02,-1.693326285738537251e+02,5.958434659951893764e+01,0.000000000000000000e+00,6.571911716768326528e+00,3.197919937030641702e+00
-1.138454044427641020e+04,4.032147968681074417e+03,2.101483612993757788e+02,-1.704528982408145055e+02,5.997854956062781895e+01,0.000000000000000000e+00,6.571909909177453102e+00,3.197920014870732963e+00
-1.140169776278374229e+04,4.038185243955913847e+03,2.101483612979683073e+02,-1.715731835649914672e+02,6.037275259510577285e+01,0.000000000000000000e+00,6.571923379369349227e+00,3.197919923601141523e+00
-1.141896710973303379e+04,4.044261939469349272e+03,2.101483612981501494e+02,-1.726934759868742333e+02,6.076695545423198297e+01,0.000000000000000000e+00,6.571916556939555676e+00,3.197919985452497116e+00
-1.143634848512438657e+04,4.050378055311274238e+03,2.101483612982563898e+02,-1.738137539138608076e+02,6.116115827744145150e+01,0.000000000000000000e+00,6.571914181529268539e+00,3.197920258180410702e+00
-1.145384188895792613e+04,4.056533591469239582e+03,2.101483612991153507e+02,-1.749340410340919334e+02,6.155536140445759230e+01,0.000000000000000000e+00,6.571914493171914451e+00,3.197919756743817565e+00
-1.147144732123350332e+04,4.062728547854282169e+03,2.101483612984580134e+02,-1.760543170444634029e+02,6.194956417394833892e+01,0.000000000000000000e+00,6.571913272192233535e+00,3.197919858085873202e+00
-1.148916478195119635e+04,4.068962924613809719e+03,2.101483612986072274e+02,-1.771746053109192758e+02,6.234376719933893440e+01,0.000000000000000000e+00,6.571920508209806222e+00,3.197920058317507142e+00
-1.150699427111092700e+04,4.075236721645585476e+03,2.101483612975928281e+02,-1.782948867509516333e+02,6.273797019210011428e+01,0.000000000000000000e+00,6.571920704363312105e+00,3.197920041215381648e+00
-1.152493578871270620e+04,4.081549938931155339e+03,2.101483612985029197e+02,-1.794151723752251826e+02,6.313217313004763298e+01,0.000000000000000000e+00,6.571933369080165122e+00,3.197919870304864798e+00
-1.154298933475667036e+04,4.087902576562276863e+03,2.101483612992120129e+02,-1.805354588434285859e+02,6.352637610814790037e+01,0.000000000000000000e+00,6.571923025324431400e+00,3.197919986255794988e+00
-1.156115490924257938e+04,4.094294634430352744e+03,2.101483612970735919e+02,-1.816557420842598276e+02,6.392057918454666066e+01,0.000000000000000000e+00,6.571917287836856580e+00,3.197919905158641996e+00
-1.157943251217072429e+04,4.100726112653924247e+03,2.101483612989009089e+02,-1.827760248536907852e+02,6.431478177433933752e+01,0.000000000000000000e+00,6.571922458148284463e+00,3.197919968961966397e+00
-1.159782214354096686e+04,4.107197011151247352e+03,2.101483612987795198e+02,-1.838963122301186104e+02,6.470898487971736301e+01,0.000000000000000000e+00,6.571924629156900899e+00,3.197920018778489748e+00
-1.161632380335322341e+04,4.113707329914820548e+03,2.101483612977678490e+02,-1.850165895589368859e+02,6.510318769078865841e+01,0.000000000000000000e+00,6.571914712521603974e+00,3.197919966834818606e+00
-1.163493749160760672e+04,4.120257068979268297e+03,2.101483612988642165e+02,-1.861368902256199931e+02,6.549739069450555462e+01,0.000000000000000000e+00,6.571900221741453940e+00,3.197920079473214994e+00
-1.165366320830421319e+04,4.126846228350242200e+03,2.101483612993510519e+02,-1.872571666448148164e+02,6.589159381101333679e+01,0.000000000000000000e+00,6.571934126384974206e+00,3.197919991189015487e+00
-1.167250095344262081e+04,4.133474808036527975e+03,2.101483612978036604e+02,-1.883774524890409907e+02,6.628579661450194749e+01,0.000000000000000000e+00,6.571913680747519138e+00,3.197919991526188888e+00
-1.169145072702338985e+04,4.140142808006945415e+03,2.101483612988680534e+02,-1.894977361740555182e+02,6.667999960115746205e+01,0.000000000000000000e+00,6.571920180037222003e+00,3.197920011861686174e+00
-1.171051252904599278e+04,4.146850228236584371e+03,2.101483612984173135e+02,-1.906180129949698596e+02,6.707420246549726528e+01,0.000000000000000000e+00,6.571909248866396602e+00,3.197920054518351041e+00
-1.172968635951077704e+04,4.153597068779155052e+03,2.101483612975770257e+02,-1.917383070099659790e+02,6.746840549157876410e+01,0.000000000000000000e+00,6.571901942416585207e+00,3.197919891273385051e+00
-1.174897221841776991e+04,4.160383329579210113e+03,2.101483612991032430e+02,-1.928585975763066642e+02,6.786260851840540909e+01,0.000000000000000000e+00,6.571908636669408388e+00,3.197919836994696841e+00
-1.176825807732466819e+04,4.167169590461386179e+03,2.101483612976381323e+02,-1.928585923708924383e+02,6.786260830843755798e+01,0.000000000000000000e+00,6.571918047378695782e+00,3.197920066835529873e+00
-1.178754393623155374e+04,4.173955851309301579e+03,2.101483612972075719e+02,-1.928585884140904909e+02,6.786260849214939128e+01,0.000000000000000000e+00,6.571931461211916847e+00,3.197919975870969544e+00
-1.180682979513851569e+04,4.180742112159400676e+03,2.101483612972385799e+02,-1.928585942430978832e+02,6.786260841596573812e+01,0.000000000000000000e+00,6.571917987972154762e+00,3.197920022443655697e+00
-1.182611565404543944e+04,4.187528372998684972e+03,2.101483612983552689e+02,-1.928585898756279846e+02,6.786260847476350477e+01,0.000000000000000000e+00,6.571901997688849306e+00,3.197919986783776647e+00
-1.184540151295226497e+04,4.194314633844165655e+03,2.101483612982947022e+02,-1.928585861360880642e+02,6.786260839262936884e+01,0.000000000000000000e+00,6.571929210420901057e+00,3.197919900709287777e+00
-1.186468737185927057e+04,4.201100894670046728e+03,2.101483612980492524e+02,-1.928585880013144163e+02,6.786260836062264445e+01,0.000000000000000000e+00,6.571923553180568867e+00,3.197919961171582504e+00
-1.188397323076616885e+04,4.207887155500904555e+03,2.101483612993031045e+02,-1.928585838033094433e+02,6.786260840349393675e+01,0.000000000000000000e+00,6.571914531495600897e+00,3.197920036551849421e+00
-1.190325908967311989e+04,4.214673416329151223e+03,2.101483612978848612e+02,-1.928585845183015408e+02,6.786260833880635346e+01,0.000000000000000000e+00,6.571925985282417670e+00,3.197920095035915011e+00
-1.192254494857999453e+04,4.221459677211317285e+03,2.101483612985828415e+02,-1.928585851891460550e+02,6.786260837238764054e+01,0.000000000000000000e+00,6.571920115501085569e+00,3.197919833690161084e+00
-1.194183080748696011e+04,4.228245938037611268e+03,2.101483612988791094e+02,-1.928585885889333156e+02,6.786260850824302793e+01,0.000000000000000000e+00,6.571917177428029611e+00,3.197920138883934005e+00
-1.196111666639384021e+04,4.235032198891891312e+03,2.101483612976343522e+02,-1.928585956416903571e+02,6.786260839079172058e+01,0.000000000000000000e+00,6.571914338832222313e+00,3.197920040997449309e+00
-1.198040252530085672e+04,4.241818459677395367e+03,2.101483612973546258e+02,-1.928585857792326124e+02,6.786260830022820301e+01,0.000000000000000000e+00,6.571909506274920432e+00,3.197919884985990002e+00
-1.199968838420775501e+04,4.248604720572555379e+03,2.101483612975278561e+02,-1.928585923406869256e+02,6.786260843094881068e+01,0.000000000000000000e+00,6.571921958763836891e+00,3.197919901455803959e+00
-1.201897424311446048e+04,4.255390981427396582e+03,2.101483612991214613e+02,-1.928585918550290614e+02,6.786260845179698720e+01,0.000000000000000000e+00,6.571905486659855633e+00,3.197920087051801641e+00
-1.203826010202152429e+04,4.262177242246536480e+03,2.101483612983288367e+02,-1.928585856568708436e+02,6.786260833009188786e+01,0.000000000000000000e+00,6.571926590415556824e+00,3.197919828686888177e+00
-1.205754596092838983e+04,4.268963503098677393e+03,2.101483612976668383e+02,-1.928585979279287983e+02,6.786260835214412168e+01,0.000000000000000000e+00,6.571907889390269375e+00,3.197919758210736596e+00
-1.207683181983539907e+04,4.275749763944814731e+03,2.101483612995863837e+02,-1.928585852629346959e+02,6.786260837484495312e+01,0.000000000000000000e+00,6.571925762637780721e+00,3.197920034651104970e+00
-1.209611767874218458e+04,4.282536024756501320e+03,2.101483612984543470e+02,-1.928585821049828155e+02,6.786260841087182882e+01,0.000000000000000000e+00,6.571917111124665034e+00,3.197920142463483995e+00
-1.211540353764919018e+04,4.289322285603283490e+03,2.101483612989404151e+02,-1.928585913733849679e+02,6.786260850998769456e+01,0.000000000000000000e+00,6.571912560575883688e+00,3.197920001192854578e+00
-1.213468939655608483e+04,4.296108546425991335e+03,2.101483612971748585e+02,-1.928585890174419717e+02,6.786260852737952121e+01,0.000000000000000000e+00,6.571924527025959861e+00,3.197919898181464049e+00
-1.215397525546300676e+04,4.302894807315448816e+03,2.101483612976711015e+02,-1.928585866521760579e+02,6.786260852209987604e+01,0.000000000000000000e+00,6.571914151455473529e+00,3.197919954476537985e+00
-1.217326111436994870e+04,4.309681068139847412e+03,2.101483612988805589e+02,-1.928585841756225818e+02,6.786260853440126084e+01,0.000000000000000000e+00,6.571907037285623865e+00,3.197919892796087904e+00
-1.219254697327686154e+04,4.316467328962125976e+03,2.101483612976588802e+02,-1.928585832230060930e+02,6.786260855493695487e+01,0.000000000000000000e+00,6.571905703923776265e+00,3.197919836127790294e+00
-1.221183283218373072e+04,4.323253589783707866e+03,2.101483612990631400e+02,-1.928585867034935575e+02,6.786260839697396818e+01,0.000000000000000000e+00,6.571921734647679259e+00,3.197920097341119483e+00
-1.223111869109070358e+04,4.330039850625975305e+03,2.101483612989518690e+02,-1.928585943834274019e+02,6.786260851197658894e+01,0.000000000000000000e+00,6.571917313509353598e+00,3.197919854039915410e+00
-1.225040454999749272e+04,4.336826111506498819e+03,2.101483612980036639e+02,-1.928585880426834933e+02,6.786260850893239649e+01,0.000000000000000000e+00,6.571919885750343582e+00,3.197919908100685937e+00
-1.226969040890451652e+04,4.343612372352294187e+03,2.101483612991214329e+02,-1.928585911754497317e+02,6.786260858802080520e+01,0.000000000000000000e+00,6.571924368595993826e+00,3.197919949885720925e+00
-1.228897626781140389e+04,4.350398633165649699e+03,2.101483612986720004e+02,-1.928585870686260932e+02,6.786260836066044533e+01,0.000000000000000000e+00,6.571904492162547129e+00,3.197920074351945363e+00
-1.230826212671836220e+04,4.357184894014276324e+03,2.101483612979191378e+02,-1.928585925967670107e+02,6.786260844700355221e+01,0.000000000000000000e+00,6.571902140987329055e+00,3.197919863095199933e+00
-1.232754798562522956e+04,4.363971154877322078e+03,2.101483612979288296e+02,-1.928585884850203058e+02,6.786260853520633418e+01,0.000000000000000000e+00,6.571912674015704781e+00,3.197919944597679809e+00
-1.234683384453217695e+04,4.370757415722377118e+03,2.101483612981716362e+02,-1.928585935983926731e+02,6.786260832112454011e+01,0.000000000000000000e+00,6.571922271956113448e+00,3.197920121137714400e+00
-1.236611970343912071e+04,4.377543676521930138e+03,2.101483612968217471e+02,-1.928585924536684786e+02,6.786260827603793189e+01,0.000000000000000000e+00,6.571920802292680719e+00,3.197919994177310876e+00
-1.238540556234595351e+04,4.384329937396115383e+03,2.101483612980078135e+02,-1.928585867024662548e+02,6.786260828954220869e+01,0.000000000000000000e+00,6.571907874484853807e+00,3.197920081867507758e+00
-1.240469142125279905e+04,4.391116198207507296e+03,2.101483612978510678e+02,-1.928585893798787083e+02,6.786260839752372931e+01,0.000000000000000000e+00,6.571916451895288169e+00,3.197919985300616830e+00
-1.242397728015967914e+04,4.397902459032843581e+03,2.101483612985831542e+02,-1.928585936450871543e+02,6.786260841823157364e+01,0.000000000000000000e+00,6.571923336160066853e+00,3.197920093778298778e+00
-1.244326313906672112e+04,4.404688719886686158e+03,2.101483612981974716e+02,-1.928585737200023971e+02,6.786260849308067122e+01,0.000000000000000000e+00,6.571908634552221962e+00,3.197920175504058271e+00
-1.246254899797363396e+04,4.411474980734102246e+03,2.101483612981227509e+02,-1.928585839837386118e+02,6.786260832116164465e+01,0.000000000000000000e+00,6.571912283220029849e+00,3.197920262837593341e+00
-1.248183485688048677e+04,4.418261241567826801e+03,2.101483612985805962e+02,-1.928585922850333532e+02,6.786260824618270249e+01,0.000000000000000000e+00,6.571908341626520489e+00,3.197919950661555877e+00
-1.250112071578741597e+04,4.425047502417949545e+03,2.101483612984217757e+02,-1.928585950324681164e+02,6.786260835414991277e+01,0.000000000000000000e+00,6.571918370024947720e+00,3.197920110557912921e+00
-1.252040657469433972e+04,4.431833763249708682e+03,2.101483612981894566e+02,-1.928585871035582215e+02,6.786260828437623616e+01,0.000000000000000000e+00,6.571925222141041800e+00,3.197919992284153246e+00
-1.253969243360135079e+04,4.438620024104593540e+03,2.101483612978925350e+02,-1.928585842095613998e+02,6.786260847793388962e+01,0.000000000000000000e+00,6.571904946387463475e+00,3.197919696250108412e+00
-1.255897829250825453e+04,4.445406284949151086e+03,2.101483612971559012e+02,-1.928585883435465007e+02,6.786260837378789290e+01,0.000000000000000000e+00,6.571906221783504698e+00,3.197920127706666893e+00
-1.257826415141512007e+04,4.452192545815107223e+03,2.101483612981009799e+02,-1.928585893786009819e+02,6.786260843508347307e+01,0.000000000000000000e+00,6.571922267052774380e+00,3.197919969153335984e+00
-1.259755001032205837e+04,4.458978806622023512e+03,2.101483612982695774e+02,-1.928585878689685558e+02,6.786260849868264700e+01,0.000000000000000000e+00,6.571926082141909653e+00,3.197919793994214999e+00
-1.261683586922883114e+04,4.465765067462091793e+03,2.101483612975914070e+02,-1.928585893765686023e+02,6.786260840024901597e+01,0.000000000000000000e+00,6.571921221641007449e+00,3.197920123652869151e+00
-1.263612172813593315e+04,4.472551328319720596e+03,2.101483612990445522e+02,-1.928585867834121359e+02,6.786260831761333634e+01,0.000000000000000000e+00,6.571931446316968461e+00,3.197919946320433304e+00
-1.265540758704285145e+04,4.479337589174573623e+03,2.101483612988268135e+02,-1.928585866701380098e+02,6.786260836788420647e+01,0.000000000000000000e+00,6.571904020425807680e+00,3.197919818292821237e+00
-1.267469344594973700e+04,4.486123849971563686e+03,2.101483612987185268e+02,-1.928585897128097599e+02,6.786260843744446447e+01,0.000000000000000000e+00,6.571928192292246784e+00,3.197920035731674826e+00
-1.269397930485659526e+04,4.492910110834731313e+03,2.101483612981421913e+02,-1.928585821573718988e+02,6.786260836871980473e+01,0.000000000000000000e+00,6.571908041306121717e+00,3.197919986479417442e+00
-1.271326516376354266e+04,4.499696371666741470e+03,2.101483612976753932e+02,-1.928585885294992011e+02,6.786260822166950391e+01,0.000000000000000000e+00,6.571937458078092931e+00,3.197919789654556144e+00
-1.273255102267044458e+04,4.506482632497859413e+03,2.101483612977281155e+02,-1.928585924804639831e+02,6.786260831974456664e+01,0.000000000000000000e+00,6.571907748253971171e+00,3.197920018170549383e+00
-1.275183688157741199e+04,4.513268893372802268e+03,2.101483612992078633e+02,-1.928585881616586448e+02,6.786260842377809865e+01,0.000000000000000000e+00,6.571919734220703191e+00,3.197919939261418598e+00
-1.277112274048425570e+04,4.520055154190748908e+03,2.101483612984385161e+02,-1.928585868083468711e+02,6.786260853677895000e+01,0.000000000000000000e+00,6.571922721454592775e+00,3.197919987501658401e+00
-1.279040859939116672e+04,4.526841415037898514e+03,2.101483612985217349e+02,-1.928585876779427792e+02,6.786260846513431488e+01,0.000000000000000000e+00,6.571918701113982131e+00,3.197919799548671005e+00
-1.280969445829807592e+04,4.533627675854307199e+03,2.101483612983945193e+02,-1.928585935875029520e+02,6.786260839223214703e+01,0.000000000000000000e+00,6.571916815104061449e+00,3.197919865132694994e+00
-1.282898031720506697e+04,4.540413936723522966e+03,2.101483612987364040e+02,-1.928585849675788211e+02,6.786260844573307338e+01,0.000000000000000000e+00,6.571908275664470445e+00,3.197920046646317793e+00
-1.284826617611199072e+04,4.547200197566591669e+03,2.101483612992171288e+02,-1.928585891078861323e+02,6.786260841643610320e+01,0.000000000000000000e+00,6.571926898047649068e+00,3.197920054005884083e+00
-1.286755203501866345e+04,4.553986458359315293e+03,2.101483612983678597e+02,-1.928585854831752329e+02,6.786260852565256130e+01,0.000000000000000000e+00,6.571904270513021729e+00,3.197920046163749141e+00
-1.288683789392580366e+04,4.560772719260306076e+03,2.101483612982949012e+02,-1.928585967878770191e+02,6.786260821992662784e+01,0.000000000000000000e+00,6.571915050077114628e+00,3.197919853559319847e+00
-1.290612375283263282e+04,4.567558980106880881e+03,2.101483612991774237e+02,-1.928585791801130540e+02,6.786260837927294176e+01,0.000000000000000000e+00,6.571909095278925861e+00,3.197920007896529970e+00
-1.292540961173952746e+04,4.574345240958547038e+03,2.101483613001562105e+02,-1.928585853803550947e+02,6.786260833571137141e+01,0.000000000000000000e+00,6.571914762354520434e+00,3.197920016844485680e+00
-1.294469547064652397e+04,4.581131501760434730e+03,2.101483612990789709e+02,-1.928585865444406977e+02,6.786260841823886381e+01,0.000000000000000000e+00,6.571918521991759299e+00,3.197919935386406287e+00
-1.296398132955346591e+04,4.587917762600769493e+03,2.101483612982619888e+02,-1.928585862647551608e+02,6.786260831265155957e+01,0.000000000000000000e+00,6.571899151570966602e+00,3.197919984109612646e+00
-1.298326718846032782e+04,4.594704023430067537e+03,2.101483612976976190e+02,-1.928585876043188989e+02,6.786260843939862752e+01,0.000000000000000000e+00,6.571920308405037048e+00,3.197919921269522625e+00
-1.300255304736723701e+04,4.601490284292138313e+03,2.101483612981860176e+02,-1.928585908675708254e+02,6.786260847391588413e+01,0.000000000000000000e+00,6.571908264388093279e+00,3.197920203374537529e+00
-1.302183890627413530e+04,4.608276545125905614e+03,2.101483612981439819e+02,-1.928585839346357602e+02,6.786260846778306188e+01,0.000000000000000000e+00,6.571917033843121203e+00,3.197920049804086062e+00
-1.304112476518110998e+04,4.615062805967836539e+03,2.101483612975774804e+02,-1.928586020376130250e+02,6.786260844081465393e+01,0.000000000000000000e+00,6.571904486242146071e+00,3.197919948574775351e+00
-1.306041062408797370e+04,4.621849066799504726e+03,2.101483612985038860e+02,-1.928585864892137636e+02,6.786260845280691001e+01,0.000000000000000000e+00,6.571908295134852196e+00,3.197919935798650748e+00
-1.307969648299482105e+04,4.628635327664585020e+03,2.101483612981107285e+02,-1.928585887451606879e+02,6.786260831058714871e+01,0.000000000000000000e+00,6.571923800797307536e+00,3.197919809506764910e+00
-1.309898234190173571e+04,4.635421588505129876e+03,2.101483612984771980e+02,-1.928585913311864601e+02,6.786260833276210747e+01,0.000000000000000000e+00,6.571914600128884842e+00,3.197919926071073338e+00
-1.311826820080866673e+04,4.642207849358595013e+03,2.101483612986544358e+02,-1.928585915581908239e+02,6.786260829627215685e+01,0.000000000000000000e+00,6.571893112554181293e+00,3.197919923249579188e+00
-1.313755405971563050e+04,4.648994110163672303e+03,2.101483612979355939e+02,-1.928585837670611340e+02,6.786260823365140027e+01,0.000000000000000000e+00,6.571918502938566498e+00,3.197919840323675711e+00
-1.315683991862249604e+04,4.655780371026947250e+03,2.101483612971372850e+02,-1.928585884751080641e+02,6.786260853257364545e+01,0.000000000000000000e+00,6.571919016680661585e+00,3.197919786536035147e+00
-1.317612577752941797e+04,4.662566631853895160e+03,2.101483612988902223e+02,-1.928585874892459628e+02,6.786260839422712365e+01,0.000000000000000000e+00,6.571931046248955965e+00,3.197919952392503262e+00
-1.319541163643633081e+04,4.669352892711555796e+03,2.101483612976803670e+02,-1.928585895234548389e+02,6.786260839066041228e+01,0.000000000000000000e+00,6.571927491048877634e+00,3.197920135512652973e+00
-1.321469749534344010e+04,4.676139153540301777e+03,2.101483612987411789e+02,-1.928585905215958860e+02,6.786260825122543849e+01,0.000000000000000000e+00,6.571903362540621352e+00,3.197920139303803033e+00
-1.323398335425029290e+04,4.682925414358529451e+03,2.101483612990244296e+02,-1.928585899941291473e+02,6.786260842998889586e+01,0.000000000000000000e+00,6.571911763847471555e+00,3.197919836607099775e+00
-1.325326921315718755e+04,4.689711675206691325e+03,2.101483612969311423e+02,-1.928585929623932884e+02,6.786260848327833628e+01,0.000000000000000000e+00,6.571915904061505387e+00,3.197920054384449706e+00
-1.327255507206397488e+04,4.696497936039358137e+03,2.101483612985935849e+02,-1.928585877718531094e+02,6.786260844428488781e+01,0.000000000000000000e+00,6.571915771232346160e+00,3.197919923699819478e+00
-1.329184093097100049e+04,4.703284196885446363e+03,2.101483612989565870e+02,-1.928586002328863174e+02,6.786260844458379893e+01,0.000000000000000000e+00,6.571902517579263581e+00,3.197920184721500636e+00
-1.331112678987794061e+04,4.710070457732509567e+03,2.101483612980208591e+02,-1.928585870763549224e+02,6.786260831894094281e+01,0.000000000000000000e+00,6.571925722715842078e+00,3.197919983274619682e+00
-1.333041264878482070e+04,4.716856718578477739e+03,2.101483612979257316e+02,-1.928585811105066057e+02,6.786260843671212228e+01,0.000000000000000000e+00,6.571920709189442711e+00,3.197920177437699962e+00
-1.334969850769180630e+04,4.723642979418649702e+03,2.101483612973126753e+02,-1.928585978219459207e+02,6.786260853799841186e+01,0.000000000000000000e+00,6.571927387384207897e+00,3.197919925095196181e+00
-1.336898436659858999e+04,4.730429240292285613e+03,2.101483612984252147e+02,-1.928585839112880933e+02,6.786260829254169380e+01,0.000000000000000000e+00,6.571923254714680418e+00,3.197919908448946913e+00
-1.338827022550563925e+04,4.737215501106684314e+03,2.101483612966870851e+02,-1.928585914151689167e+02,6.786260829690661467e+01,0.000000000000000000e+00,6.571934972794872820e+00,3.197919802408379031e+00
-1.340755608441245386e+04,4.744001761941608493e+03,2.101483612981131159e+02,-1.928585961146914940e+02,6.786260827461009626e+01,0.000000000000000000e+00,6.571926808844124501e+00,3.197920132001322635e+00
-1.342684194331937761e+04,4.750788022787648515e+03,2.101483612976573170e+02,-1.928585828879433564e+02,6.786260858171692689e+01,0.000000000000000000e+00,6.571928665357162913e+00,3.197920111400849308e+00
-1.344612780222627771e+04,4.757574283626577198e+03,2.101483612985830973e+02,-1.928585814448886140e+02,6.786260842526554882e+01,0.000000000000000000e+00,6.571926537316175043e+00,3.197920030690466930e+00
-1.346541366113325057e+04,4.764360544482094156e+03,2.101483612979247368e+02,-1.928585903678101374e+02,6.786260840097102687e+01,0.000000000000000000e+00,6.571903238967864880e+00,3.197919728958553254e+00
-1.348469952004007610e+04,4.771146805323499393e+03,2.101483612990147947e+02,-1.928585889934353474e+02,6.786260837271865398e+01,0.000000000000000000e+00,6.571913690015309228e+00,3.197920030912158040e+00
-1.350398537894688525e+04,4.777933066181342838e+03,2.101483612984046374e+02,-1.928585866004542879e+02,6.786260839926025312e+01,0.000000000000000000e+00,6.571918945593071548e+00,3.197919998795930585e+00
-1.352327123785395088e+04,4.784719326983316023e+03,2.101483612984090428e+02,-1.928585890006953036e+02,6.786260841984756098e+01,0.000000000000000000e+00,6.571908573667254672e+00,3.197920001023836445e+00
-1.354255709676088736e+04,4.791505587808151176e+03,2.101483612986850744e+02,-1.928585845720983230e+02,6.786260833353873068e+01,0.000000000000000000e+00,6.571908163430463468e+00,3.197919848882255778e+00
-1.356184295566774017e+04,4.798291848654193018e+03,2.101483612980895543e+02,-1.928585776962851526e+02,6.786260825563219612e+01,0.000000000000000000e+00,6.571921779277178466e+00,3.197919980530150141e+00
-1.358112881457460207e+04,4.805078109557274729e+03,2.101483612974291475e+02,-1.928585911101291401e+02,6.786260852677300193e+01,0.000000000000000000e+00,6.571922672815363242e+00,3.197920099798535087e+00
-1.360041467348156220e+04,4.811864370361132387e+03,2.101483612984552849e+02,-1.928585974271579744e+02,6.786260828632831021e+01,0.000000000000000000e+00,6.571912035203308911e+00,3.197920014466385741e+00
-1.361970053238847322e+04,4.818650631209306994e+03,2.101483612976010988e+02,-1.928585825834237255e+02,6.786260851166990449e+01,0.000000000000000000e+00,6.571915289366949686e+00,3.197919917199425921e+00
-1.363898639129543335e+04,4.825436892020303276e+03,2.101483612990469112e+02,-1.928585883421905010e+02,6.786260855178208828e+01,0.000000000000000000e+00,6.571918830183054006e+00,3.197920089945414990e+00
-1.365827225020233891e+04,4.832223152878250403e+03,2.101483612971154287e+02,-1.928585918714366869e+02,6.786260849760550684e+01,0.000000000000000000e+00,6.571909431054652195e+00,3.197919948419444047e+00
-1.367755810910929358e+04,4.839009413708229658e+03,2.101483612976022073e+02,-1.928585896065416705e+02,6.786260828464082806e+01,0.000000000000000000e+00,6.571936104830358616e+00,3.197920113334204117e+00
-1.369684396801614275e+04,4.845795674578383114e+03,2.101483612975681012e+02,-1.928585886951102282e+02,6.786260828214906837e+01,0.000000000000000000e+00,6.571939065832018478e+00,3.197919986057285335e+00
-1.371612982692310288e+04,4.852581935429163423e+03,2.101483612981671456e+02,-1.928585833504429843e+02,6.786260857525152801e+01,0.000000000000000000e+00,6.571915106124572858e+00,3.197919933257924008e+00
-1.373541568582999935e+04,4.859368196240023281e+03,2.101483612978788358e+02,-1.928585873705341953e+02,6.786260833175872165e+01,0.000000000000000000e+00,6.571914719033133068e+00,3.197920070051659458e+00
-1.375470154473699040e+04,4.866154457075756000e+03,2.101483612982495686e+02,-1.928585874733518040e+02,6.786260847143286412e+01,0.000000000000000000e+00,6.571908982338815264e+00,3.197919957077792752e+00
-1.377398740364382138e+04,4.872940717917280381e+03,2.101483612979941711e+02,-1.928585942446148351e+02,6.786260844480557353e+01,0.000000000000000000e+00,6.571917782762844773e+00,3.197920142440450419e+00
-1.379327326255079242e+04,4.879726978750782109e+03,2.101483612983675187e+02,-1.928585949970051843e+02,6.786260841781545139e+01,0.000000000000000000e+00,6.571918202928966224e+00,3.197920018758079852e+00
-1.381255912145757065e+04,4.886513239602050817e+03,2.101483612984669662e+02,-1.928585849149953901e+02,6.786260839102108378e+01,0.000000000000000000e+00,6.571903154160036564e+00,3.197920001368919074e+00
-1.383184498036446530e+04,4.893299500471592182e+03,2.101483612978552173e+02,-1.928585995260043831e+02,6.786260842465995324e+01,0.000000000000000000e+00,6.571919232316305148e+00,3.197919986991405228e+00
-1.385113083927145817e+04,4.900085761281731720e+03,2.101483612986134517e+02,-1.928585938161050990e+02,6.786260831848397856e+01,0.000000000000000000e+00,6.571912343469383799e+00,3.197919805106864022e+00
-1.387041669817834736e+04,4.906872022144761104e+03,2.101483612983215608e+02,-1.928585893446403077e+02,6.786260849490746239e+01,0.000000000000000000e+00,6.571920040552859277e+00,3.197920061129776670e+00
-1.388970255708543482e+04,4.913658282981538832e+03,2.101483612985713023e+02,-1.928585945666915507e+02,6.786260833181147234e+01,0.000000000000000000e+00,6.571909103961989906e+00,3.197919894142870589e+00
-1.390898841599231673e+04,4.920444543798378618e+03,2.101483612994371697e+02,-1.928585920675179182e+02,6.786260858317793065e+01,0.000000000000000000e+00,6.571914184229762590e+00,3.197919946848815531e+00
-1.392827427489919683e+04,4.927230804639531925e+03,2.101483612981833460e+02,-1.928585878694655094e+02,6.786260813602352471e+01,0.000000000000000000e+00,6.571908871152969844e+00,3.197919848934076104e+00
-1.394756013380608238e+04,4.934017065496483156e+03,2.101483612987218237e+02,-1.928585940760428912e+02,6.786260844787972246e+01,0.000000000000000000e+00,6.571905660136803995e+00,3.197919733532046394e+00
-1.396684599271296611e+04,4.940803326374058997e+03,2.101483612973822801e+02,-1.928585914841655722e+02,6.786260847681110420e+01,0.000000000000000000e+00,6.571923105765499429e+00,3.197919915922976308e+00
-1.398613185161990623e+04,4.947589587185451819e+03,2.101483612985397826e+02,-1.928585999493411691e+02,6.786260831349797229e+01,0.000000000000000000e+00,6.571917175977902481e+00,3.197919874644611138e+00
-1.400541771052682998e+04,4.954375848027085340e+03,2.101483612987269964e+02,-1.928585821341026190e+02,6.786260834282749954e+01,0.000000000000000000e+00,6.571942362369209256e+00,3.197919882200744635e+00
-1.402470356943368279e+04,4.961162108862205969e+03,2.101483612984596903e+02,-1.928585855150724342e+02,6.786260861912600717e+01,0.000000000000000000e+00,6.571905149684697633e+00,3.197920187400265402e+00
-1.404398942834071204e+04,4.967948369712328713e+03,2.101483612993516772e+02,-1.928585934412328129e+02,6.786260847242013483e+01,0.000000000000000000e+00,6.571918582037841183e+00,3.197920082053310242e+00
-1.406327528724750300e+04,4.974734630527300396e+03,2.101483612974600703e+02,-1.928585903996251716e+02,6.786260841355287710e+01,0.000000000000000000e+00,6.571912506597733739e+00,3.197919948629531994e+00
-1.408256114615451224e+04,4.981520891365456919e+03,2.101483612990074334e+02,-1.928585889076591400e+02,6.786260838806917661e+01,0.000000000000000000e+00,6.571922328075349817e+00,3.197920037711474706e+00
-1.410184700506140689e+04,4.988307152219502314e+03,2.101483612980400153e+02,-1.928585889084483256e+02,6.786260838412191276e+01,0.000000000000000000e+00,6.571922081022820272e+00,3.197920078040968228e+00
-1.412113286396835247e+04,4.995093413091441107e+03,2.101483612979382372e+02,-1.928585935158828590e+02,6.786260859457823358e+01,0.000000000000000000e+00,6.571921200951760689e+00,3.197920001563234305e+00
-1.414041872287524711e+04,5.001879673885596276e+03,2.101483612990902259e+02,-1.928585925774065117e+02,6.786260822743143706e+01,0.000000000000000000e+00,6.571910794904673558e+00,3.197920086208708934e+00
-1.415970458178211993e+04,5.008665934739206023e+03,2.101483612973056836e+02,-1.928585970913306369e+02,6.786260838159030584e+01,0.000000000000000000e+00,6.571918777936126332e+00,3.197920206738977367e+00
-1.417899044068901276e+04,5.015452195598701110e+03,2.101483612983048204e+02,-1.928585837759822539e+02,6.786260860299819342e+01,0.000000000000000000e+00,6.571912774626612830e+00,3.197920041319296747e+00
-1.419827629959587284e+04,5.022238456439868060e+03,2.101483612992188625e+02,-1.928585833731977175e+02,6.786260828864931227e+01,0.000000000000000000e+00,6.571909147881626723e+00,3.197919942434494178e+00
-1.421756215850287663e+04,5.029024717258435885e+03,2.101483612981899967e+02,-1.928585875333252488e+02,6.786260823761989514e+01,0.000000000000000000e+00,6.571900676227357074e+00,3.197919931860459641e+00
-1.423684801740975490e+04,5.035810978137213169e+03,2.101483612978624933e+02,-1.928586018505594097e+02,6.786260843263086429e+01,0.000000000000000000e+00,6.571919367109016363e+00,3.197920028573701057e+00
-1.425613387631683872e+04,5.042597238948164886e+03,2.101483612987420315e+02,-1.928585904538708746e+02,6.786260823575007350e+01,0.000000000000000000e+00,6.571910574301098151e+00,3.197919958170813981e+00
-1.427541973522352964e+04,5.049383499814745846e+03,2.101483612986031062e+02,-1.928585821954329447e+02,6.786260839223825769e+01,0.000000000000000000e+00,6.571909603589931592e+00,3.197919998761216576e+00
-1.429470559413048977e+04,5.056169760650072931e+03,2.101483612972862431e+02,-1.928585890819523172e+02,6.786260852846116620e+01,0.000000000000000000e+00,6.571925846878698962e+00,3.197920116059631557e+00
-1.431399145303738260e+04,5.062956021485597375e+03,2.101483612990776919e+02,-1.928585937308378959e+02,6.786260849215908308e+01,0.000000000000000000e+00,6.571925477520863090e+00,3.197920065932386091e+00
-1.433327731194433181e+04,5.069742282298801001e+03,2.101483612982108582e+02,-1.928585834372108252e+02,6.786260847952321740e+01,0.000000000000000000e+00,6.571913031636938740e+00,3.197919973642100899e+00
-1.435256317085126284e+04,5.076528543146178890e+03,2.101483612990432164e+02,-1.928585881031631857e+02,6.786260837930976209e+01,0.000000000000000000e+00,6.571910816314618486e+00,3.197920003635721820e+00
-1.437184902975815385e+04,5.083314804013287358e+03,2.101483612984115439e+02,-1.928585939504584985e+02,6.786260840541440587e+01,0.000000000000000000e+00,6.571916325593140762e+00,3.197919920895362811e+00
-1.439113488866505759e+04,5.090101064814231904e+03,2.101483612983711851e+02,-1.928585871998438677e+02,6.786260836577672251e+01,0.000000000000000000e+00,6.571902457283385068e+00,3.197920083650740875e+00
-1.441042074757201590e+04,5.096887325682407209e+03,2.101483612987578340e+02,-1.928585901124108091e+02,6.786260852346329386e+01,0.000000000000000000e+00,6.571907270487734820e+00,3.197920025096676611e+00
-1.442970660647898148e+04,5.103673586536829134e+03,2.101483612975495134e+02,-1.928585867722857188e+02,6.786260831668272431e+01,0.000000000000000000e+00,6.571915065741963602e+00,3.197919936411023123e+00
-1.444899246538591615e+04,5.110459847358342813e+03,2.101483612984961837e+02,-1.928585889704630176e+02,6.786260860471593048e+01,0.000000000000000000e+00,6.571901245707167938e+00,3.197919936006547559e+00
-1.446827832429277441e+04,5.117246108204830307e+03,2.101483612978151143e+02,-1.928585860806400092e+02,6.786260821531027432e+01,0.000000000000000000e+00,6.571920178393220624e+00,3.197919983244681852e+00
-1.448756418319974000e+04,5.124032369037750868e+03,2.101483612980988198e+02,-1.928585913203742166e+02,6.786260840948462203e+01,0.000000000000000000e+00,6.571921463279231546e+00,3.197920053827778109e+00
-1.450685004210660554e+04,5.130818629900861197e+03,2.101483612988655807e+02,-1.928585936428818854e+02,6.786260829366071334e+01,0.000000000000000000e+00,6.571919758413186763e+00,3.197920014402001243e+00
-1.452613590101355294e+04,5.137604890718101160e+03,2.101483612972921264e+02,-1.928585958557030722e+02,6.786260852330930504e+01,0.000000000000000000e+00,6.571926730277693807e+00,3.197920003302569203e+00
-1.454542175992042212e+04,5.144391151557539160e+03,2.101483612980647138e+02,-1.928585916304496948e+02,6.786260837082262753e+01,0.000000000000000000e+00,6.571920611408941681e+00,3.197919980889049718e+00
-1.456470761882737315e+04,5.151177412405510040e+03,2.101483612984986848e+02,-1.928585862327949769e+02,6.786260825264416496e+01,0.000000000000000000e+00,6.571922407830537161e+00,3.197919875475254248e+00
-1.458399347773415866e+04,5.157963673240512435e+03,2.101483612991574148e+02,-1.928585978619645687e+02,6.786260842929547721e+01,0.000000000000000000e+00,6.571923452521582831e+00,3.197920010948636982e+00
-1.460327933664105149e+04,5.164749934101372673e+03,2.101483612984530112e+02,-1.928585890230588404e+02,6.786260848629162012e+01,0.000000000000000000e+00,6.571916141676564571e+00,3.197919968346404573e+00
-1.462256519554803162e+04,5.171536194922348841e+03,2.101483612980296698e+02,-1.928585898877884688e+02,6.786260839441467851e+01,0.000000000000000000e+00,6.571911656364267884e+00,3.197919859473668414e+00
-1.464185105445494810e+04,5.178322455783165424e+03,2.101483612986079663e+02,-1.928585896119193706e+02,6.786260844828224492e+01,0.000000000000000000e+00,6.571907383659646662e+00,3.197920057304123542e+00
-1.466113691336189731e+04,5.185108716590294534e+03,2.101483612976047652e+02,-1.928585922229636083e+02,6.786260838692638231e+01,0.000000000000000000e+00,6.571915005746467031e+00,3.197920139417496088e+00
-1.468042277226881379e+04,5.191894977468647994e+03,2.101483612973756863e+02,-1.928585904154420234e+02,6.786260841837389535e+01,0.000000000000000000e+00,6.571915756504167483e+00,3.197919824700567126e+00
-1.469970863117573936e+04,5.198681238299490360e+03,2.101483612986364164e+02,-1.928585866880399635e+02,6.786260837715400385e+01,0.000000000000000000e+00,6.571919833657085874e+00,3.197919807138505988e+00
-1.471899449008253578e+04,5.205467499147581293e+03,2.101483612984875151e+02,-1.928585864283741955e+02,6.786260838721278787e+01,0.000000000000000000e+00,6.571914701656965896e+00,3.197919759131931716e+00
-1.473828034898952683e+04,5.212253759988177990e+03,2.101483612983890339e+02,-1.928585796137987529e+02,6.786260853366184165e+01,0.000000000000000000e+00,6.571926259195534747e+00,3.197920116287386705e+00
-1.475756620789651970e+04,5.219040020811462455e+03,2.101483612989831045e+02,-1.928585887580183567e+02,6.786260827168943877e+01,0.000000000000000000e+00,6.571911991993495405e+00,3.197919962916041747e+00
-1.477685206680338706e+04,5.225826281671254947e+03,2.101483612985836942e+02,-1.928585876171023870e+02,6.786260829955314478e+01,0.000000000000000000e+00,6.571932391403984219e+00,3.197919904663157453e+00
-1.479613792571027807e+04,5.232612542507920807e+03,2.101483612977128246e+02,-1.928585931151276043e+02,6.786260833127393255e+01,0.000000000000000000e+00,6.571924211245823599e+00,3.197919970754794061e+00
-1.481542378461725093e+04,5.239398803341736311e+03,2.101483612989633230e+02,-1.928585914528034380e+02,6.786260844952808213e+01,0.000000000000000000e+00,6.571921155995394948e+00,3.197919811823446867e+00
-1.483470964352406008e+04,5.246185064159518333e+03,2.101483612985511797e+02,-1.928585903535135060e+02,6.786260856639160011e+01,0.000000000000000000e+00,6.571922305108789608e+00,3.197919939070780870e+00
-1.485399550243106023e+04,5.252971325030617663e+03,2.101483612987557592e+02,-1.928585890530054030e+02,6.786260846410644376e+01,0.000000000000000000e+00,6.571908274932088290e+00,3.197919910237465579e+00
-1.487328136133800945e+04,5.259757585837660372e+03,2.101483612982278828e+02,-1.928585968443001661e+02,6.786260834319982393e+01,0.000000000000000000e+00,6.571929796977884486e+00,3.197920068699456664e+00
-1.489256722024479313e+04,5.266543846696213222e+03,2.101483612977904727e+02,-1.928585827631401060e+02,6.786260855038891293e+01,0.000000000000000000e+00,6.571922538915229595e+00,3.197919860586165175e+00
-1.491185307915179692e+04,5.273330107514237170e+03,2.101483612981191129e+02,-1.928585889280534502e+02,6.786260840448596809e+01,0.000000000000000000e+00,6.571945326054797754e+00,3.197919997154951233e+00
-1.493113893805872976e+04,5.280116368356600105e+03,2.101483612981646445e+02,-1.928585905610065083e+02,6.786260845229921301e+01,0.000000000000000000e+00,6.571927560250839129e+00,3.197920022285933861e+00
-1.495042479696562077e+04,5.286902629232066829e+03,2.101483612972186563e+02,-1.928585844063476884e+02,6.786260834056656677e+01,0.000000000000000000e+00,6.571918325765777169e+00,3.197920043034552240e+00
-1.496971065587253543e+04,5.293688890069573063e+03,2.101483612976805944e+02,-1.928585900009414615e+02,6.786260853924335379e+01,0.000000000000000000e+00,6.571907847340504816e+00,3.197919989946639063e+00
-1.498899651477943553e+04,5.300475150887554264e+03,2.101483612985609852e+02,-1.928585933711463554e+02,6.786260846813355840e+01,0.000000000000000000e+00,6.571920283066656765e+00,3.197919878197962529e+00
-1.500828237368632836e+04,5.307261411754321671e+03,2.101483612983199976e+02,-1.928585929952908486e+02,6.786260847074197500e+01,0.000000000000000000e+00,6.571924299983536777e+00,3.197919951182377041e+00
-1.502756823259337398e+04,5.314047672601580416e+03,2.101483612979595819e+02,-1.928585902078397680e+02,6.786260852665799348e+01,0.000000000000000000e+00,6.571911064427714777e+00,3.197920056673341005e+00
-1.504685409150013402e+04,5.320833933415020510e+03,2.101483612982756881e+02,-1.928585918578910707e+02,6.786260852287863088e+01,0.000000000000000000e+00,6.571929182427918903e+00,3.197920184534821075e+00
-1.506613995040713053e+04,5.327620194254837770e+03,2.101483612982889895e+02,-1.928585923762058769e+02,6.786260842136574922e+01,0.000000000000000000e+00,6.571908684367386400e+00,3.197919936428739618e+00
-1.508542580931397424e+04,5.334406455102255677e+03,2.101483612977685596e+02,-1.928585912209030369e+02,6.786260843774208240e+01,0.000000000000000000e+00,6.571919454497841429e+00,3.197919961078165230e+00
-1.510471166822090890e+04,5.341192715960911300e+03,2.101483612971919399e+02,-1.928585812313397696e+02,6.786260846739504871e+01,0.000000000000000000e+00,6.571939367783147468e+00,3.197920081618794264e+00
-1.512399752712785994e+04,5.347978976817654257e+03,2.101483612984557396e+02,-1.928585839092154970e+02,6.786260853378362867e+01,0.000000000000000000e+00,6.571924920540960002e+00,3.197919993560804475e+00
-1.514328338603476186e+04,5.354765237648265611e+03,2.101483612976240636e+02,-1.928585925557412963e+02,6.786260841569823299e+01,0.000000000000000000e+00,6.571930747814638707e+00,3.197919842384941091e+00
-1.516256924494174200e+04,5.361551498471669220e+03,2.101483612982596583e+02,-1.928585848658037207e+02,6.786260824364822497e+01,0.000000000000000000e+00,6.571916271254714559e+00,3.197920004634387858e+00
-1.518185510384855843e+04,5.368337759325901970e+03,2.101483612971127286e+02,-1.928585863952498869e+02,6.786260852130996568e+01,0.000000000000000000e+00,6.571915353698405404e+00,3.197919826423042178e+00
-1.520114096275549673e+04,5.375124020156052211e+03,2.101483612987678953e+02,-1.928585876425942445e+02,6.786260837620093866e+01,0.000000000000000000e+00,6.571906660792627086e+00,3.197919949451142330e+00
-1.522042682166247323e+04,5.381910281009764731e+03,2.101483612982393652e+02,-1.928585900550585279e+02,6.786260847660457785e+01,0.000000000000000000e+00,6.571915853185346990e+00,3.197919949181646793e+00
-1.523971268056934969e+04,5.388696541858475939e+03,2.101483612987654794e+02,-1.928585917509091985e+02,6.786260840497423885e+01,0.000000000000000000e+00,6.571902238654840467e+00,3.197920158923961864e+00
-1.525899853947624797e+04,5.395482802699347303e+03,2.101483612988999710e+02,-1.928585952194121944e+02,6.786260850603468953e+01,0.000000000000000000e+00,6.571907860713290361e+00,3.197919976999289204e+00
-1.527828439838311351e+04,5.402269063520130658e+03,2.101483612980721603e+02,-1.928585852360986905e+02,6.786260856384579654e+01,0.000000000000000000e+00,6.571914096634522195e+00,3.197919873655669321e+00
-1.529757025729017369e+04,5.409055324367471258e+03,2.101483612993474708e+02,-1.928585804800785866e+02,6.786260835834227123e+01,0.000000000000000000e+00,6.571936428446282008e+00,3.197919879657376008e+00
-1.531685611619702286e+04,5.415841585202519127e+03,2.101483612981336364e+02,-1.928585962859710037e+02,6.786260843144519583e+01,0.000000000000000000e+00,6.571912883830114183e+00,3.197919962377427705e+00
-1.533614197510395752e+04,5.422627846068054168e+03,2.101483612982150930e+02,-1.928585874329594390e+02,6.786260843036546930e+01,0.000000000000000000e+00,6.571929605440951505e+00,3.197920005841496494e+00
-1.535542783401082670e+04,5.429414106887205890e+03,2.101483612989867140e+02,-1.928585890649200394e+02,6.786260851805835159e+01,0.000000000000000000e+00,6.571925917879720913e+00,3.197920002858016364e+00
-1.537471369291779047e+04,5.436200367716179244e+03,2.101483612975679875e+02,-1.928585877605973451e+02,6.786260845223745264e+01,0.000000000000000000e+00,6.571921180404083351e+00,3.197919872702250643e+00
-1.539399955182472513e+04,5.442986628589973407e+03,2.101483612979241400e+02,-1.928585874308720065e+02,6.786260833536530868e+01,0.000000000000000000e+00,6.571906588882939104e+00,3.197919793042252490e+00
-1.541328541073150882e+04,5.449772889411568940e+03,2.101483612987153151e+02,-1.928585866999991936e+02,6.786260854781292551e+01,0.000000000000000000e+00,6.571903631871195195e+00,3.197919930012607992e+00
-1.543257126963850533e+04,5.456559150231631975e+03,2.101483612986228593e+02,-1.928585865499514398e+02,6.786260845105312001e+01,0.000000000000000000e+00,6.571908138287235523e+00,3.197919765064066944e+00
-1.545185712854541816e+04,5.463345411099143348e+03,2.101483612981969031e+02,-1.928585870191222114e+02,6.786260844903750922e+01,0.000000000000000000e+00,6.571916425044775245e+00,3.197919853844842564e+00
-1.547114298745235283e+04,5.470131671950482996e+03,2.101483612983955140e+02,-1.928585944022338765e+02,6.786260853163236106e+01,0.000000000000000000e+00,6.571912585724625444e+00,3.197919989428273269e+00
-1.549042884635924747e+04,5.476917932784836921e+03,2.101483612993448560e+02,-1.928585913582699618e+02,6.786260852210732253e+01,0.000000000000000000e+00,6.571904646555819518e+00,3.197919969023269360e+00
-1.550971470526614212e+04,5.483704193626501365e+03,2.101483612981220404e+02,-1.928585877640379636e+02,6.786260856029278443e+01,0.000000000000000000e+00,6.571901047666051987e+00,3.197920032395692669e+00
-1.552900056417293308e+04,5.490490454462586058e+03,2.101483612977828273e+02,-1.928585890354221704e+02,6.786260854705810175e+01,0.000000000000000000e+00,6.571931278456602854e+00,3.197920189028517601e+00
-1.554828642307991140e+04,5.497276715290811808e+03,2.101483612987135814e+02,-1.928585871399539542e+02,6.786260838211840962e+01,0.000000000000000000e+00,6.571948348229171621e+00,3.197920173355730533e+00
-1.556757228198690063e+04,5.504062976125619571e+03,2.101483612974676873e+02,-1.928585872705552902e+02,6.786260850076742202e+01,0.000000000000000000e+00,6.571919631731933720e+00,3.197919917054487193e+00
-1.558685814089390442e+04,5.510849236992098668e+03,2.101483612985917375e+02,-1.928585953164663920e+02,6.786260846728048080e+01,0.000000000000000000e+00,6.571909682907257633e+00,3.197920006818645522e+00
-1.560614399980078815e+04,5.517635497841261895e+03,2.101483612978338442e+02,-1.928585936496133968e+02,6.786260838675568152e+01,0.000000000000000000e+00,6.571910417604299504e+00,3.197920124156473420e+00
-1.562542985870769735e+04,5.524421758626531300e+03,2.101483612983557236e+02,-1.928585889224925154e+02,6.786260829264320193e+01,0.000000000000000000e+00,6.571914121393643171e+00,3.197920043114396815e+00
-1.564471571761459927e+04,5.531208019507674180e+03,2.101483612985074387e+02,-1.928585850298064486e+02,6.786260837601800233e+01,0.000000000000000000e+00,6.571920543870161779e+00,3.197919892704311540e+00
-1.566400157652140661e+04,5.537994280332805829e+03,2.101483612979837687e+02,-1.928585850110053173e+02,6.786260834462687797e+01,0.000000000000000000e+00,6.571927787611499205e+00,3.197920036525997212e+00
-1.568328743542831216e+04,5.544780541206359885e+03,2.101483612985381342e+02,-1.928585910800936460e+02,6.786260831499897961e+01,0.000000000000000000e+00,6.571914434809936090e+00,3.197920075377651550e+00
-1.570257329433527593e+04,5.551566802026056394e+03,2.101483612981350007e+02,-1.928585941100211016e+02,6.786260836002884389e+01,0.000000000000000000e+00,6.571917791260180053e+00,3.197920150431329933e+00
-1.572185915324217603e+04,5.558353062872691225e+03,2.101483612989376013e+02,-1.928585919609401174e+02,6.786260828891505525e+01,0.000000000000000000e+00,6.571916288306542953e+00,3.197919980384392957e+00
-1.574114501214909069e+04,5.565139323687280921e+03,2.101483612989814276e+02,-1.928585917989356915e+02,6.786260842278406358e+01,0.000000000000000000e+00,6.571937916113384404e+00,3.197919870341545678e+00
-1.576043087105600534e+04,5.571925584538431394e+03,2.101483612985774130e+02,-1.928585924056555143e+02,6.786260837719389372e+01,0.000000000000000000e+00,6.571923223902234490e+00,3.197919878542907934e+00
-1.577971672996291090e+04,5.578711845393498152e+03,2.101483612983298599e+02,-1.928585908244292852e+02,6.786260841832462631e+01,0.000000000000000000e+00,6.571903146375023042e+00,3.197919961045442516e+00
-1.579900258886989832e+04,5.585498106222577007e+03,2.101483612977407063e+02,-1.928585892194152791e+02,6.786260820934998605e+01,0.000000000000000000e+00,6.571922363763166963e+00,3.197920013306229325e+00
-1.581828844777671657e+04,5.592284367070868939e+03,2.101483612978449855e+02,-1.928585896639558541e+02,6.786260842838849783e+01,0.000000000000000000e+00,6.571923638376254928e+00,3.197920072413432457e+00
-1.583757430668370398e+04,5.599070627927248097e+03,2.101483612975385711e+02,-1.928585828178220254e+02,6.786260844430540828e+01,0.000000000000000000e+00,6.571903853725649114e+00,3.197919942749827271e+00
-1.585686016559059863e+04,5.605856888738627276e+03,2.101483612978558995e+02,-1.928585881103325050e+02,6.786260851647340075e+01,0.000000000000000000e+00,6.571936713713185441e+00,3.197920229966902284e+00
-1.587614602449754602e+04,5.612643149573696974e+03,2.101483612981610065e+02,-1.928585840404359146e+02,6.786260851789145931e+01,0.000000000000000000e+00,6.571921680815137279e+00,3.197919937750056008e+00
-1.589543188340442430e+04,5.619429410468581409e+03,2.101483612977434916e+02,-1.928585810837041379e+02,6.786260831489130396e+01,0.000000000000000000e+00,6.571914923380216322e+00,3.197920028803197035e+00
-1.591471774231134623e+04,5.626215671295857646e+03,2.101483612970150716e+02,-1.928585919659203967e+02,6.786260849443294774e+01,0.000000000000000000e+00,6.571936330450702357e+00,3.197920254495593362e+00
-1.593400360121824087e+04,5.633001932116039825e+03,2.101483612975032997e+02,-1.928585869488349260e+02,6.786260820773739511e+01,0.000000000000000000e+00,6.571920137580231192e+00,3.197919977084337173e+00
-1.595328946012511187e+04,5.639788192953543330e+03,2.101483612979352529e+02,-1.928585898693605714e+02,6.786260809532923588e+01,0.000000000000000000e+00,6.571909004995877268e+00,3.197919904937593483e+00
-1.597257531903213749e+04,5.646574453816569985e+03,2.101483612982876252e+02,-1.928585870042464592e+02,6.786260817844750193e+01,0.000000000000000000e+00,6.571930061949147195e+00,3.197919960211860424e+00
-1.599186117793903031e+04,5.653360714648749308e+03,2.101483612975221149e+02,-1.928585974093047355e+02,6.786260839835195213e+01,0.000000000000000000e+00,6.571942625128498250e+00,3.197920046674604055e+00
-1.601114703684591768e+04,5.660146975468537676e+03,2.101483612984572460e+02,-1.928585856560203808e+02,6.786260839240054565e+01,0.000000000000000000e+00,6.571927270991635872e+00,3.197919908711479131e+00
-1.603043289575284871e+04,5.666933236316781404e+03,2.101483612982337945e+02,-1.928585894272089263e+02,6.786260854995074965e+01,0.000000000000000000e+00,6.571926617428461626e+00,3.197919929300032216e+00
-1.604971875465973608e+04,5.673719497157147998e+03,2.101483612986948515e+02,-1.928585835239227322e+02,6.786260827646354699e+01,0.000000000000000000e+00,6.571917556058505916e+00,3.197919998091421689e+00
-1.606900461356663436e+04,5.680505758031511505e+03,2.101483612976288384e+02,-1.928585894991845464e+02,6.786260849028933251e+01,0.000000000000000000e+00,6.571911295140507647e+00,3.197919855498332797e+00
-1.608829047247348717e+04,5.687292018840444143e+03,2.101483612989385676e+02,-1.928585885668298374e+02,6.786260844333004627e+01,0.000000000000000000e+00,6.571920187360329457e+00,3.197920018781517104e+00
-1.610757633138056917e+04,5.694078279646813826e+03,2.101483612991460461e+02,-1.928585945732198184e+02,6.786260835740041841e+01,0.000000000000000000e+00,6.571922158774290423e+00,3.197919891261995939e+00
-1.612686219028738378e+04,5.700864540530205886e+03,2.101483612989686094e+02,-1.928585836951419310e+02,6.786260858459117173e+01,0.000000000000000000e+00,6.571929797964842557e+00,3.197920056768456032e+00
-1.614614804919426570e+04,5.707650801363131905e+03,2.101483612978410633e+02,-1.928585851245742333e+02,6.786260826521383649e+01,0.000000000000000000e+00,6.571917048485723001e+00,3.197919943597865355e+00
-1.616543390810124401e+04,5.714437062210714430e+03,2.101483612980981377e+02,-1.928585908796151500e+02,6.786260820520431025e+01,0.000000000000000000e+00,6.571915515342210412e+00,3.197920162587493564e+00
-1.618471976700816231e+04,5.721223323039022944e+03,2.101483612985412890e+02,-1.928585941217524180e+02,6.786260843661334263e+01,0.000000000000000000e+00,6.571896892758185338e+00,3.197919757035913690e+00
-1.620400562591514426e+04,5.728009583924091203e+03,2.101483612975921744e+02,-1.928585856010628277e+02,6.786260838825538144e+01,0.000000000000000000e+00,6.571921613890984837e+00,3.197920067704052016e+00
-1.622329148482194068e+04,5.734795844746262446e+03,2.101483612982291902e+02,-1.928585920401043268e+02,6.786260855218985455e+01,0.000000000000000000e+00,6.571904432743255420e+00,3.197919928073190921e+00
-1.624257734372884079e+04,5.741582105601161857e+03,2.101483612977695827e+02,-1.928585845776429721e+02,6.786260836930975415e+01,0.000000000000000000e+00,6.571896782785432656e+00,3.197919979197182627e+00
-1.626186320263586822e+04,5.748368366410827548e+03,2.101483612991647476e+02,-1.928585913208710281e+02,6.786260850608472595e+01,0.000000000000000000e+00,6.571929560664267811e+00,3.197919960908462311e+00
-1.628114906154272649e+04,5.755154627235524458e+03,2.101483612987235006e+02,-1.928586017378632960e+02,6.786260841039164404e+01,0.000000000000000000e+00,6.571917698908109173e+00,3.197919831652741962e+00
-1.630043492044968480e+04,5.761940888072114831e+03,2.101483612985585978e+02,-1.928585863827963749e+02,6.786260835265414926e+01,0.000000000000000000e+00,6.571917941632067439e+00,3.197920083377412848e+00
-1.631972077935659399e+04,5.768727148932757700e+03,2.101483612985929312e+02,-1.928585927734421546e+02,6.786260843658911313e+01,0.000000000000000000e+00,6.571909472567304178e+00,3.197919940759915480e+00
-1.633900663826351592e+04,5.775513409758905254e+03,2.101483612993790473e+02,-1.928585886395950126e+02,6.786260823993400493e+01,0.000000000000000000e+00,6.571904841328468194e+00,3.197919905744122104e+00
-1.635829249717032508e+04,5.782299670589805828e+03,2.101483612985062734e+02,-1.928585832534096198e+02,6.786260845954427623e+01,0.000000000000000000e+00,6.571934548617731409e+00,3.197919933378357893e+00
-1.637757835607727247e+04,5.789085931489732502e+03,2.101483612980497639e+02,-1.928585938358734779e+02,6.786260840984125764e+01,0.000000000000000000e+00,6.571909204518520120e+00,3.197920117303215903e+00
-1.639686421498422715e+04,5.795872192287848520e+03,2.101483612976743416e+02,-1.928585955816812429e+02,6.786260832353980277e+01,0.000000000000000000e+00,6.571899092876543946e+00,3.197920220046057693e+00
-1.641615007389115999e+04,5.802658453131800343e+03,2.101483612987544234e+02,-1.928585888419870003e+02,6.786260846121597012e+01,0.000000000000000000e+00,6.571940179636538204e+00,3.197919860069717402e+00
-1.643543593279806737e+04,5.809444713975693048e+03,2.101483612971622961e+02,-1.928585873006585985e+02,6.786260841650847908e+01,0.000000000000000000e+00,6.571908406504578970e+00,3.197919920060192656e+00
-1.645472179170490926e+04,5.816230974827893078e+03,2.101483612978372264e+02,-1.928585804941081108e+02,6.786260859895310205e+01,0.000000000000000000e+00,6.571913155795099826e+00,3.197919753939310716e+00
-1.647400765061190395e+04,5.823017235665170119e+03,2.101483612989374024e+02,-1.928585838590641686e+02,6.786260838481526037e+01,0.000000000000000000e+00,6.571909881048006774e+00,3.197920209871903285e+00
-1.649329350951876040e+04,5.829803496524867114e+03,2.101483612977403936e+02,-1.928585870277454433e+02,6.786260841937723853e+01,0.000000000000000000e+00,6.571904518417426289e+00,3.197920033360115433e+00
-1.651257936842568597e+04,5.836589757361618467e+03,2.101483612991766279e+02,-1.928585894867371451e+02,6.786260834975972500e+01,0.000000000000000000e+00,6.571913936735971795e+00,3.197919849161458661e+00
-1.653186522733252787e+04,5.843376018207717607e+03,2.101483612989541427e+02,-1.928585837396096565e+02,6.786260846581213002e+01,0.000000000000000000e+00,6.571914578864537226e+00,3.197919996705608447e+00
-1.655115108623956621e+04,5.850162279010267412e+03,2.101483612986384344e+02,-1.928585884224238214e+02,6.786260854739258264e+01,0.000000000000000000e+00,6.571914190279674273e+00,3.197920002879179435e+00
-1.657043694514636809e+04,5.856948539867610634e+03,2.101483612989032395e+02,-1.928585900936700739e+02,6.786260855053578211e+01,0.000000000000000000e+00,6.571898686202058748e+00,3.197920048736020426e+00
-1.658972280405343918e+04,5.863734800732215263e+03,2.101483612982665932e+02,-1.928585921115074484e+02,6.786260842845743468e+01,0.000000000000000000e+00,6.571916170563315340e+00,3.197920189059648255e+00
-1.660900866296030654e+04,5.870521061585912321e+03,2.101483612973713377e+02,-1.928585854043331835e+02,6.786260861059646743e+01,0.000000000000000000e+00,6.571926639280747828e+00,3.197919903028983324e+00
-1.662829452186717026e+04,5.877307322380340338e+03,2.101483612982351872e+02,-1.928585872634300529e+02,6.786260860963915320e+01,0.000000000000000000e+00,6.571925038170853384e+00,3.197920140082287421e+00
-1.664758038077401216e+04,5.884093583214674254e+03,2.101483612975203812e+02,-1.928585870632951185e+02,6.786260834677189280e+01,0.000000000000000000e+00,6.571927190903039673e+00,3.197919956459494895e+00
-1.666686623968100685e+04,5.890879844055554713e+03,2.101483612990120093e+02,-1.928585911691820911e+02,6.786260855896847488e+01,0.000000000000000000e+00,6.571930841853022898e+00,3.197919888813780531e+00
-1.668615209858781964e+04,5.897666104925652689e+03,2.101483612977988287e+02,-1.928585930372471466e+02,6.786260837835855853e+01,0.000000000000000000e+00,6.571919992539853261e+00,3.197920071442093448e+00
-1.670543795749474521e+04,5.904452365793210447e+03,2.101483612989925120e+02,-1.928585925011382756e+02,6.786260836385832818e+01,0.000000000000000000e+00,6.571918760048670372e+00,3.197919800462784234e+00
-1.672472381640180902e+04,5.911238626605716490e+03,2.101483612979738211e+02,-1.928585877972735432e+02,6.786260827830831488e+01,0.000000000000000000e+00,6.571916897288041959e+00,3.197919877613931927e+00
-1.674400967530869457e+04,5.918024887435138226e+03,2.101483612985992977e+02,-1.928585914198101250e+02,6.786260841741497529e+01,0.000000000000000000e+00,6.571916819907843710e+00,3.197919900556458028e+00
-1.676329553421559831e+04,5.924811148280073212e+03,2.101483612973203776e+02,-1.928585902330239037e+02,6.786260834847837486e+01,0.000000000000000000e+00,6.571922225119939398e+00,3.197919870147867716e+00
-1.678258139312250205e+04,5.931597409111729576e+03,2.101483612979585303e+02,-1.928585890547766724e+02,6.786260841256270737e+01,0.000000000000000000e+00,6.571908677340459803e+00,3.197919990795564438e+00
-1.680186725202924936e+04,5.938383669925812683e+03,2.101483612991513894e+02,-1.928585945575790674e+02,6.786260829405851780e+01,0.000000000000000000e+00,6.571915088720220233e+00,3.197919873776979394e+00
-1.682115311093634227e+04,5.945169930817386557e+03,2.101483612985492471e+02,-1.928585866360350565e+02,6.786260840185170196e+01,0.000000000000000000e+00,6.571926644649666471e+00,3.197919712611646315e+00
-1.684043896984320236e+04,5.951956191635262257e+03,2.101483612982593456e+02,-1.928585858711197147e+02,6.786260837621998121e+01,0.000000000000000000e+00,6.571915995216541795e+00,3.197919926588114858e+00
-1.685972482875014975e+04,5.958742452465424321e+03,2.101483612988088794e+02,-1.928585873835345978e+02,6.786260846854452211e+01,0.000000000000000000e+00,6.571908034765505668e+00,3.197920121453577291e+00
-1.687901068765708987e+04,5.965528713339843307e+03,2.101483612978080942e+02,-1.928585952127041878e+02,6.786260845370068751e+01,0.000000000000000000e+00,6.571915241353583959e+00,3.197920075413497099e+00
-1.689829654656387356e+04,5.972314974171284121e+03,2.101483612982451632e+02,-1.928585903688026519e+02,6.786260844938627201e+01,0.000000000000000000e+00,6.571901981370290358e+00,3.197920241340721947e+00
-1.691758240547085006e+04,5.979101235007265132e+03,2.101483612975129347e+02,-1.928585896912007343e+02,6.786260839348729235e+01,0.000000000000000000e+00,6.571922269417790119e+00,3.197919704447978351e+00
-1.693686826437785930e+04,5.985887495843585384e+03,2.101483612978487940e+02,-1.928585851296789997e+02,6.786260847787083605e+01,0.000000000000000000e+00,6.571904670498070367e+00,3.197920076905373943e+00
-1.695615412328469756e+04,5.992673756682294879e+03,2.101483612968665966e+02,-1.928585840629624499e+02,6.786260834778856577e+01,0.000000000000000000e+00,6.571921898924718342e+00,3.197919998451431933e+00
-1.697543998219167042e+04,5.999460017546995914e+03,2.101483612987371430e+02,-1.928585903787609368e+02,6.786260854622658201e+01,0.000000000000000000e+00,6.571913195133138430e+00,3.197919825177329756e+00
-1.699472584109857780e+04,6.006246278375097972e+03,2.101483612977305597e+02,-1.928585850914733726e+02,6.786260822856777963e+01,0.000000000000000000e+00,6.571919490836205746e+00,3.197919992536494505e+00
-1.701401170000557249e+04,6.013032539190362513e+03,2.101483612977089876e+02,-1.928585883799532894e+02,6.786260834901214878e+01,0.000000000000000000e+00,6.571919065260793502e+00,3.197919908555169943e+00
-1.703329755891243258e+04,6.019818800028680926e+03,2.101483612984360150e+02,-1.928585918679949316e+02,6.786260846009419367e+01,0.000000000000000000e+00,6.571928350312301603e+00,3.197919801713357213e+00
-1.705258341781935815e+04,6.026605060878277072e+03,2.101483612977745850e+02,-1.928585879287066120e+02,6.786260864641958790e+01,0.000000000000000000e+00,6.571916812225568449e+00,3.197920054443534887e+00
-1.707186927672617458e+04,6.033391321723568581e+03,2.101483612989002268e+02,-1.928585964938012864e+02,6.786260840592167654e+01,0.000000000000000000e+00,6.571917187464897836e+00,3.197920119256128402e+00
-1.709115513563317654e+04,6.040177582563494980e+03,2.101483612989142671e+02,-1.928585876822547789e+02,6.786260843586356373e+01,0.000000000000000000e+00,6.571926814136124229e+00,3.197919850849718859e+00
-1.711044099453998206e+04,6.046963843438237745e+03,2.101483612981111833e+02,-1.928585934107718458e+02,6.786260849497190861e+01,0.000000000000000000e+00,6.571915656850757514e+00,3.197920088991552667e+00
-1.712972685344695492e+04,6.053750104257313069e+03,2.101483612991063694e+02,-1.928585905879094184e+02,6.786260839631603403e+01,0.000000000000000000e+00,6.571919221140293921e+00,3.197919963860159420e+00
-1.714901271235389868e+04,6.060536365084209137e+03,2.101483612977207258e+02,-1.928585797237028601e+02,6.786260827746431801e+01,0.000000000000000000e+00,6.571923001894524496e+00,3.197919828688154276e+00
-1.716829857126084244e+04,6.067322625922855877e+03,2.101483612980809994e+02,-1.928585894878075067e+02,6.786260835192656771e+01,0.000000000000000000e+00,6.571919823523819204e+00,3.197919865766574610e+00
-1.718758443016761521e+04,6.074108886774598432e+03,2.101483612979628504e+02,-1.928585812774545332e+02,6.786260849580341414e+01,0.000000000000000000e+00,6.571919003586107699e+00,3.197919818805609271e+00
-1.720687028907455897e+04,6.080895147646954683e+03,2.101483612983510625e+02,-1.928585893302101795e+02,6.786260855659477897e+01,0.000000000000000000e+00,6.571906582963218391e+00,3.197919926785569356e+00
-1.722615614798154274e+04,6.087681408464190099e+03,2.101483612987121887e+02,-1.928586002682634160e+02,6.786260837891416031e+01,0.000000000000000000e+00,6.571918263042644703e+00,3.197920029586767576e+00
-1.724544200688839192e+04,6.094467669306745847e+03,2.101483612981425040e+02,-1.928585824541677027e+02,6.786260823349311977e+01,0.000000000000000000e+00,6.571923313031656555e+00,3.197920041888957954e+00
-1.726472786579532112e+04,6.101253930153643523e+03,2.101483612991884229e+02,-1.928585798713562554e+02,6.786260853531872783e+01,0.000000000000000000e+00,6.571916926616386156e+00,3.197920016521694997e+00
-1.728401372470218485e+04,6.108040190969415562e+03,2.101483612977294229e+02,-1.928585877786051697e+02,6.786260834554229859e+01,0.000000000000000000e+00,6.571910204656752796e+00,3.197920064446028832e+00
-1.730329958360925593e+04,6.114826451853424260e+03,2.101483612987662468e+02,-1.928585887422237874e+02,6.786260845261243446e+01,0.000000000000000000e+00,6.571914809272276337e+00,3.197919952110807706e+00
-1.732258544251619969e+04,6.121612712687457133e+03,2.101483612987184983e+02,-1.928585824154431521e+02,6.786260840540663253e+01,0.000000000000000000e+00,6.571925517132099159e+00,3.197920153492805007e+00
-1.734187130142292153e+04,6.128398973487402145e+03,2.101483612973342190e+02,-1.928585815115015407e+02,6.786260847895863435e+01,0.000000000000000000e+00,6.571910139417795449e+00,3.197919967477498293e+00
-1.736115716032985802e+04,6.135185234329996092e+03,2.101483612970883996e+02,-1.928585818394260230e+02,6.786260854352588012e+01,0.000000000000000000e+00,6.571918381817011046e+00,3.197919752351288114e+00
-1.738044301923682724e+04,6.141971495190772657e+03,2.101483612986125991e+02,-1.928585889338137065e+02,6.786260854733866665e+01,0.000000000000000000e+00,6.571916909320052902e+00,3.197919970154504465e+00
-1.739972887814371279e+04,6.148757756013491417e+03,2.101483612987130414e+02,-1.928585923889482672e+02,6.786260821885548467e+01,0.000000000000000000e+00,6.571927442041366696e+00,3.197919905861397627e+00
-1.741901473705063108e+04,6.155544016880853633e+03,2.101483612982082718e+02,-1.928585902054741439e+02,6.786260849667141315e+01,0.000000000000000000e+00,6.571912223980020507e+00,3.197919898170020314e+00
-1.743830059595756757e+04,6.162330277707698770e+03,2.101483612974743096e+02,-1.928585939558832933e+02,6.786260851753509371e+01,0.000000000000000000e+00,6.571920487980088765e+00,3.197919769884468355e+00
-1.745758645486447858e+04,6.169116538530899561e+03,2.101483612988476182e+02,-1.928585927073999926e+02,6.786260842372537638e+01,0.000000000000000000e+00,6.571922715466810061e+00,3.197920097415592799e+00
-1.747687231377138960e+04,6.175902799345904896e+03,2.101483612985876732e+02,-1.928585858482321669e+02,6.786260854435339240e+01,0.000000000000000000e+00,6.571916414460591938e+00,3.197919768644669869e+00
-1.749615817267827879e+04,6.182689060235572470e+03,2.101483612983655576e+02,-1.928585906782400627e+02,6.786260843561279898e+01,0.000000000000000000e+00,6.571921504540451764e+00,3.197919927888591030e+00
-1.751544403158533532e+04,6.189475321089227691e+03,2.101483612991116843e+02,-1.928585888949290279e+02,6.786260833168948636e+01,0.000000000000000000e+00,6.571914074735531131e+00,3.197919827950340466e+00
-1.753472989049214084e+04,6.196261581912901420e+03,2.101483612993415875e+02,-1.928585900375423137e+02,6.786260837777344079e+01,0.000000000000000000e+00,6.571917795810148455e+00,3.197919958248305328e+00
