1.038723081908233041e+02,2.592190216603793473e+01,-2.066700018465890576e+00,7.701062699112831727e-07,-6.558746906110637051e-08,0.000000000000000000e+00,6.162761711337766179e+00,3.053993883941253706e+00
1.035110327085960051e+02,2.525410457953479337e+01,-2.066700017864714578e+00,-3.612746745257617853e+00,-6.677975777111662126e+00,0.000000000000000000e+00,6.162783936828758691e+00,3.053993889454243771e+00
1.031497572264192115e+02,2.458630699580146128e+01,-2.066700018365930092e+00,-3.612755497532121218e+00,-6.677975714630741244e+00,0.000000000000000000e+00,6.162784720250106929e+00,3.053993790964922628e+00
1.027884817441840681e+02,2.391850945125617045e+01,-2.066700018194344679e+00,-3.612752415409239859e+00,-6.677975665357015700e+00,0.000000000000000000e+00,6.162776290906966992e+00,3.053993996256127552e+00
1.024272062619593697e+02,2.325071187722302568e+01,-2.066700018696227659e+00,-3.612757766102595802e+00,-6.677975746979479155e+00,0.000000000000000000e+00,6.162752732324968896e+00,3.053993728070423241e+00
1.020659307797367177e+02,2.258291430738150751e+01,-2.066700018480537526e+00,-3.612758440640592372e+00,-6.677975793428757356e+00,0.000000000000000000e+00,6.162761008727651202e+00,3.053993873168529660e+00
1.017046552975171778e+02,2.191511671464147781e+01,-2.066700017995283911e+00,-3.612759718829333000e+00,-6.677975621118408256e+00,0.000000000000000000e+00,6.162801006127343051e+00,3.053993746900187656e+00
1.013433798153191532e+02,2.124731917102116086e+01,-2.066700017267379952e+00,-3.612752723869130822e+00,-6.677975716072013235e+00,0.000000000000000000e+00,6.162748536667030486e+00,3.053993934571489710e+00
1.009821043330786239e+02,2.057952156379111130e+01,-2.066700017649566234e+00,-3.612751510107865993e+00,-6.677975858531089770e+00,0.000000000000000000e+00,6.162770628627312064e+00,3.053994089596548278e+00
1.006208288508528881e+02,1.991172401782614187e+01,-2.066700017691388780e+00,-3.612756313302421862e+00,-6.677975774549676835e+00,0.000000000000000000e+00,6.162795302126033548e+00,3.053993967454927017e+00
1.002595533686570519e+02,1.924392647053437955e+01,-2.066700018537312111e+00,-3.612751880707036456e+00,-6.677975691874914688e+00,0.000000000000000000e+00,6.162771513392791611e+00,3.053993739290107534e+00
9.989827788646714168e+01,1.857612883010666849e+01,-2.066700017916205834e+00,-3.612757451615984827e+00,-6.677975804551940620e+00,0.000000000000000000e+00,6.162801111739804050e+00,3.053993739751971859e+00
9.953700240422843137e+01,1.790833123199528032e+01,-2.066700017750472185e+00,-3.612760121259743329e+00,-6.677975714079908975e+00,0.000000000000000000e+00,6.162806828767640965e+00,3.053994001577673867e+00
9.917572692202531925e+01,1.724053368051714585e+01,-2.066700018870831101e+00,-3.612753580939614295e+00,-6.677975763856351499e+00,0.000000000000000000e+00,6.162714213908280669e+00,3.053993935747075561e+00
9.881445143981366641e+01,1.657273614466265244e+01,-2.066700019158837165e+00,-3.612754916297860941e+00,-6.677975824580122399e+00,0.000000000000000000e+00,6.162796399274671266e+00,3.053993666019878095e+00
9.845317595764841201e+01,1.590493857390906562e+01,-2.066700018227631386e+00,-3.612759355249886006e+00,-6.677975760956933904e+00,0.000000000000000000e+00,6.162804546266004380e+00,3.053993752519371441e+00
9.809190047537650514e+01,1.523714097110459420e+01,-2.066700018266487415e+00,-3.612757789797745200e+00,-6.677975722176598516e+00,0.000000000000000000e+00,6.162764626363065545e+00,3.053993985692255109e+00
9.773062499320332108e+01,1.456934344213196475e+01,-2.066700017719532045e+00,-3.612750141628736422e+00,-6.677975513209835512e+00,0.000000000000000000e+00,6.162778018401956714e+00,3.053993739364983195e+00
9.736934951095852853e+01,1.390154581175265491e+01,-2.066700018586006049e+00,-3.612749184826842264e+00,-6.677975844810390527e+00,0.000000000000000000e+00,6.162767367627110637e+00,3.053993847726963473e+00
9.700807402872864316e+01,1.323374826382622871e+01,-2.066700019489807083e+00,-3.612757861438060658e+00,-6.677975649607835962e+00,0.000000000000000000e+00,6.162758610898484868e+00,3.053993904127079162e+00
9.664679854658839986e+01,1.256595068439690976e+01,-2.066700019313346459e+00,-3.612753830052435777e+00,-6.677975822891803581e+00,0.000000000000000000e+00,6.162776002027022137e+00,3.053993826970851533e+00
9.628552306428032637e+01,1.189815306819189900e+01,-2.066700018269239880e+00,-3.612752093342359583e+00,-6.677975609419336323e+00,0.000000000000000000e+00,6.162753841058997040e+00,3.053993900688952934e+00
9.592424758212045788e+01,1.123035551036842783e+01,-2.066700019381185083e+00,-3.612751459046203095e+00,-6.677975776160741006e+00,0.000000000000000000e+00,6.162776375984231336e+00,3.053994173280765612e+00
9.556297209991016928e+01,1.056255796234906441e+01,-2.066700018859750188e+00,-3.612755498459078840e+00,-6.677975769187281863e+00,0.000000000000000000e+00,6.162770724442188097e+00,3.053993922099087932e+00
9.520169661768041180e+01,9.894760352999686148e+00,-2.066700018884523260e+00,-3.612752285497077498e+00,-6.677975791032594088e+00,0.000000000000000000e+00,6.162769850160995766e+00,3.053993748903660155e+00
9.484042113544595054e+01,9.226962785697208957e+00,-2.066700018608643052e+00,-3.612756836288884443e+00,-6.677975648393201347e+00,0.000000000000000000e+00,6.162770638943020352e+00,3.053993853867208230e+00
9.447914565324380476e+01,8.559165205491463979e+00,-2.066700018902256630e+00,-3.612753906811740023e+00,-6.677975789252625916e+00,0.000000000000000000e+00,6.162785218285714350e+00,3.053994079465551792e+00
9.411787017099692321e+01,7.891367665080506022e+00,-2.066700017433901415e+00,-3.612752244075207564e+00,-6.677975656886589562e+00,0.000000000000000000e+00,6.162790488157497748e+00,3.053993823836862909e+00
9.375659468881396208e+01,7.223570048350349992e+00,-2.066700018345473566e+00,-3.612761042319870608e+00,-6.677975717260390631e+00,0.000000000000000000e+00,6.162755074226133445e+00,3.053993859541772604e+00
9.339531920660184028e+01,6.555772518604289445e+00,-2.066700017872349360e+00,-3.612752196469915411e+00,-6.677975653647369114e+00,0.000000000000000000e+00,6.162751772048680188e+00,3.053993766870557014e+00
9.303404372441008263e+01,5.887974947463447961e+00,-2.066700018313435638e+00,-3.612752411999959445e+00,-6.677975838883692283e+00,0.000000000000000000e+00,6.162734075430305936e+00,3.053994108341002711e+00
9.267276824217591980e+01,5.220177377903176819e+00,-2.066700019355597107e+00,-3.612758123495751317e+00,-6.677975742487688215e+00,0.000000000000000000e+00,6.162765172263187985e+00,3.053993707432056670e+00
9.231149275996918391e+01,4.552379785751722530e+00,-2.066700019307083913e+00,-3.612755226941668507e+00,-6.677975776125496310e+00,0.000000000000000000e+00,6.162747328931283519e+00,3.053994073697303691e+00
9.195021727778096476e+01,3.884582233426566500e+00,-2.066700018714436649e+00,-3.612748395275111157e+00,-6.677975762383546510e+00,0.000000000000000000e+00,6.162779401927895861e+00,3.053993898532257667e+00
9.158894179558350856e+01,3.216784660261740481e+00,-2.066700017361101427e+00,-3.612751560838609155e+00,-6.677975816058351555e+00,0.000000000000000000e+00,6.162828130680813032e+00,3.053993940064597901e+00
9.122766631331727183e+01,2.548987054345841941e+00,-2.066700018215146706e+00,-3.612750734604462277e+00,-6.677975675372260334e+00,0.000000000000000000e+00,6.162778546791329859e+00,3.053993931300126086e+00
9.086639083110378579e+01,1.881189511368232203e+00,-2.066700017262333766e+00,-3.612752913365703922e+00,-6.677975799672520196e+00,0.000000000000000000e+00,6.162783267497603745e+00,3.053994134863946552e+00
9.050511534889999155e+01,1.213391892520615523e+00,-2.066700018774760839e+00,-3.612757028695541717e+00,-6.677975781196429317e+00,0.000000000000000000e+00,6.162749392296142936e+00,3.053993908670688651e+00
9.014383986666089754e+01,5.455943696057714565e-01,-2.066700018275808848e+00,-3.612754358174506741e+00,-6.677975719964289958e+00,0.000000000000000000e+00,6.162755344351964482e+00,3.053993666400632634e+00
8.978256438446027232e+01,-1.222032274218466524e-01,-2.066700018307717546e+00,-3.612749646361449241e+00,-6.677975817648722057e+00,0.000000000000000000e+00,6.162797758251151947e+00,3.053993739042633049e+00
8.942128890224131510e+01,-7.900008137011902409e-01,-2.066700018647823711e+00,-3.612754597409081114e+00,-6.677975961342995426e+00,0.000000000000000000e+00,6.162781756937729227e+00,3.053993987599495252e+00
8.906001342003646926e+01,-1.457798356949166374e+00,-2.066700018916604265e+00,-3.612752615020005997e+00,-6.677975755091162036e+00,0.000000000000000000e+00,6.162756623283184076e+00,3.053993750817228126e+00
8.869873793788403304e+01,-2.125595950540450030e+00,-2.066700018675116102e+00,-3.612753793372487365e+00,-6.677975774761225836e+00,0.000000000000000000e+00,6.162758987357697116e+00,3.053994049271883782e+00
8.833746245562073796e+01,-2.793393518775999951e+00,-2.066700018345766665e+00,-3.612758262457505865e+00,-6.677975949784618948e+00,0.000000000000000000e+00,6.162784953555370926e+00,3.053993945499422491e+00
8.797618697342883820e+01,-3.461191105740195617e+00,-2.066700018564078700e+00,-3.612753415992906447e+00,-6.677975496438436132e+00,0.000000000000000000e+00,6.162769479689639951e+00,3.053993989985193114e+00
8.761491149117311750e+01,-4.128988682949812805e+00,-2.066700018348038181e+00,-3.612754132492186354e+00,-6.677975753756402177e+00,0.000000000000000000e+00,6.162783679392594749e+00,3.053993969710357081e+00
8.725363600898094774e+01,-4.796786254318133658e+00,-2.066700018560632124e+00,-3.612754260570378406e+00,-6.677975876294216739e+00,0.000000000000000000e+00,6.162773413695093794e+00,3.053993927353964022e+00
8.689236052676818645e+01,-5.464583815427562996e+00,-2.066700018701963959e+00,-3.612756359466963385e+00,-6.677975674201324097e+00,0.000000000000000000e+00,6.162796142611785655e+00,3.053993965210906936e+00
8.653108504461059169e+01,-6.132381356020513152e+00,-2.066700017892949326e+00,-3.612753162105593940e+00,-6.677975571504660479e+00,0.000000000000000000e+00,6.162792260840951108e+00,3.053994031330295122e+00
8.616980956233244626e+01,-6.800178994116918396e+00,-2.066700017666878164e+00,-3.612757855153600151e+00,-6.677975731336312393e+00,0.000000000000000000e+00,6.162755910570252738e+00,3.053993881887023587e+00
8.580853408013371109e+01,-7.467976579545397620e+00,-2.066700016918773475e+00,-3.612753120757526748e+00,-6.677975465517705267e+00,0.000000000000000000e+00,6.162778537431893966e+00,3.053993772221567315e+00
8.544725859790371203e+01,-8.135774100896634664e+00,-2.066700019124830590e+00,-3.612756211202619472e+00,-6.677975854883838380e+00,0.000000000000000000e+00,6.162753126574030738e+00,3.053993991760302507e+00
8.508598311573011586e+01,-8.803571700823241031e+00,-2.066700018488178525e+00,-3.612754899995056945e+00,-6.677975784596264397e+00,0.000000000000000000e+00,6.162801335991730411e+00,3.053994139166666510e+00
8.472470763346497336e+01,-9.471369256580080886e+00,-2.066700019032861491e+00,-3.612753273949383281e+00,-6.677975857694543826e+00,0.000000000000000000e+00,6.162741095137246994e+00,3.053993970002712999e+00
8.436343215125302208e+01,-1.013916682816916293e+01,-2.066700018787264614e+00,-3.612750231212207730e+00,-6.677975507140589073e+00,0.000000000000000000e+00,6.162792115632604428e+00,3.053993803270278917e+00
8.400215666902535361e+01,-1.080696437358157880e+01,-2.066700018747838818e+00,-3.612753948389920922e+00,-6.677975717217869978e+00,0.000000000000000000e+00,6.162754229744630052e+00,3.053993870114829701e+00
8.364088118685315010e+01,-1.147476201820916586e+01,-2.066700018555358564e+00,-3.612754413655625552e+00,-6.677975723816489406e+00,0.000000000000000000e+00,6.162787536940690813e+00,3.053993825394178963e+00
8.327960570465214118e+01,-1.214255955565549527e+01,-2.066700017509558673e+00,-3.612753021631420758e+00,-6.677975919642261893e+00,0.000000000000000000e+00,6.162772886872573963e+00,3.053993874688838872e+00
8.291833022242119000e+01,-1.281035715221278082e+01,-2.066700018470996270e+00,-3.612753042916293733e+00,-6.677975584262655140e+00,0.000000000000000000e+00,6.162774949165233274e+00,3.053993987044503644e+00
8.255705474022821022e+01,-1.347815471583693103e+01,-2.066700018260344773e+00,-3.612755380563406060e+00,-6.677975661308353850e+00,0.000000000000000000e+00,6.162793174119390649e+00,3.053993909696530284e+00
8.219577925798053286e+01,-1.414595229300011425e+01,-2.066700018331388833e+00,-3.612747882537479693e+00,-6.677975743002981801e+00,0.000000000000000000e+00,6.162751073547155123e+00,3.053993945873200833e+00
8.183450377576788526e+01,-1.481374989511223106e+01,-2.066700017926794697e+00,-3.612759206720850269e+00,-6.677975915595047773e+00,0.000000000000000000e+00,6.162781487360372346e+00,3.053993840106006274e+00
8.147322829356036777e+01,-1.548154747508048956e+01,-2.066700018496852476e+00,-3.612751946175772222e+00,-6.677975830106222865e+00,0.000000000000000000e+00,6.162789704319544093e+00,3.053993966713420605e+00
8.111195281135479718e+01,-1.614934503353491380e+01,-2.066700018141456319e+00,-3.612753882573301656e+00,-6.677975753937940517e+00,0.000000000000000000e+00,6.162780429545235528e+00,3.053993896466462132e+00
8.075067732912155805e+01,-1.681714258839004472e+01,-2.066700019018518741e+00,-3.612758756877716859e+00,-6.677975833032924413e+00,0.000000000000000000e+00,6.162814089156700703e+00,3.053993941331130113e+00
8.038940184696674862e+01,-1.748494015483082720e+01,-2.066700018800722738e+00,-3.612754498886411092e+00,-6.677975818690017107e+00,0.000000000000000000e+00,6.162793717029464879e+00,3.053993864741999076e+00
8.002812636469897711e+01,-1.815273772768253480e+01,-2.066700017675554779e+00,-3.612755503474973207e+00,-6.677975694456584677e+00,0.000000000000000000e+00,6.162799836640429518e+00,3.053993891106811631e+00
7.966685088253666436e+01,-1.882053534313005372e+01,-2.066700018893604884e+00,-3.612759326587674735e+00,-6.677975784867737907e+00,0.000000000000000000e+00,6.162760718665383664e+00,3.053993912406844924e+00
7.930557540029552399e+01,-1.948833288642265416e+01,-2.066700018403133665e+00,-3.612757591817208347e+00,-6.677975916855834804e+00,0.000000000000000000e+00,6.162764575350627716e+00,3.053993734687815653e+00
7.894429991812998537e+01,-2.015613045559880945e+01,-2.066700018729083155e+00,-3.612753610003185401e+00,-6.677975880043766743e+00,0.000000000000000000e+00,6.162766340643620389e+00,3.053993634125506507e+00
7.858302443584213393e+01,-2.082392802588083924e+01,-2.066700018104608905e+00,-3.612752697171366378e+00,-6.677975544379741279e+00,0.000000000000000000e+00,6.162786087302725591e+00,3.053993873868006581e+00
7.822174895363785652e+01,-2.149172559642807556e+01,-2.066700017269668344e+00,-3.612750858184209601e+00,-6.677975912749436027e+00,0.000000000000000000e+00,6.162788396284221371e+00,3.053993840261933101e+00
7.786047347144308617e+01,-2.215952318721381786e+01,-2.066700018492935165e+00,-3.612755378243587057e+00,-6.677975669120715274e+00,0.000000000000000000e+00,6.162765425278446507e+00,3.053994069186596771e+00
7.749919798926296721e+01,-2.282732077906935331e+01,-2.066700017737443051e+00,-3.612761092248503392e+00,-6.677975741085029782e+00,0.000000000000000000e+00,6.162793657161047101e+00,3.053993880566905350e+00
7.713792250699565045e+01,-2.349511831482739410e+01,-2.066700018811808981e+00,-3.612747434514812284e+00,-6.677975847981698188e+00,0.000000000000000000e+00,6.162797287436879046e+00,3.053993824750123931e+00
7.677664702480004166e+01,-2.416291592117576315e+01,-2.066700018257731308e+00,-3.612745017981975337e+00,-6.677975752631698292e+00,0.000000000000000000e+00,6.162786762114273564e+00,3.053993778290474026e+00
7.641537154260242914e+01,-2.483071342765846268e+01,-2.066700019546161116e+00,-3.612754553947417069e+00,-6.677975464986333876e+00,0.000000000000000000e+00,6.162792039862566185e+00,3.053993595302785025e+00
7.605409606035597392e+01,-2.549851104025130510e+01,-2.066700018526501204e+00,-3.612754142418965753e+00,-6.677975889227415252e+00,0.000000000000000000e+00,6.162776306116233727e+00,3.053994050121715986e+00
7.569282057812571907e+01,-2.616630864685284408e+01,-2.066700018257764171e+00,-3.612752755217828682e+00,-6.677975789858220601e+00,0.000000000000000000e+00,6.162753359482175952e+00,3.053993801741427649e+00
7.533154509589775216e+01,-2.683410618873421782e+01,-2.066700018523516036e+00,-3.612763294960317229e+00,-6.677975630425300402e+00,0.000000000000000000e+00,6.162757409951271192e+00,3.053993926360881517e+00
7.497026961370528397e+01,-2.750190377382699936e+01,-2.066700018880462064e+00,-3.612755459935153901e+00,-6.677975597831980359e+00,0.000000000000000000e+00,6.162756863037599508e+00,3.053993815268086554e+00
7.460899413149707016e+01,-2.816970132904409141e+01,-2.066700018668567118e+00,-3.612757656153457120e+00,-6.677975815180534624e+00,0.000000000000000000e+00,6.162792910891116804e+00,3.053994062114977037e+00
7.424771864926583476e+01,-2.883749893475039627e+01,-2.066700018829497942e+00,-3.612754790418214679e+00,-6.677975766048044548e+00,0.000000000000000000e+00,6.162772443066311112e+00,3.053993857890701324e+00
7.388644316710883686e+01,-2.950529650701493267e+01,-2.066700019160819135e+00,-3.612755986901414751e+00,-6.677975731859591590e+00,0.000000000000000000e+00,6.162763664579090417e+00,3.053993748248476248e+00
7.352516768483997112e+01,-3.017309409624798633e+01,-2.066700017656220023e+00,-3.612758565919146569e+00,-6.677975811357555358e+00,0.000000000000000000e+00,6.162770974540459967e+00,3.053993861836559187e+00
7.316389220265260462e+01,-3.084089162575481424e+01,-2.066700017678412049e+00,-3.612755880270583031e+00,-6.677975727296033170e+00,0.000000000000000000e+00,6.162809612235234269e+00,3.053993924387590209e+00
7.280261672046235333e+01,-3.150868922319548204e+01,-2.066700019181456849e+00,-3.612759121375598959e+00,-6.677975837650021340e+00,0.000000000000000000e+00,6.162767256575254926e+00,3.053993679815144358e+00
7.244134123823815230e+01,-3.217648677194360829e+01,-2.066700018718346410e+00,-3.612753301246240500e+00,-6.677975665866441091e+00,0.000000000000000000e+00,6.162771236765989258e+00,3.053993829541000515e+00
7.208006575600745691e+01,-3.284428436620391523e+01,-2.066700018714062725e+00,-3.612756087856968890e+00,-6.677975728915509279e+00,0.000000000000000000e+00,6.162751194552143374e+00,3.053994028774914327e+00
7.171879027379404192e+01,-3.351208199679569333e+01,-2.066700018616373757e+00,-3.612755981144557982e+00,-6.677975676623909784e+00,0.000000000000000000e+00,6.162800506626096464e+00,3.053993880465860400e+00
7.135751479160785493e+01,-3.417987953305624416e+01,-2.066700018714486387e+00,-3.612756489096663692e+00,-6.677975784827295591e+00,0.000000000000000000e+00,6.162789417860761176e+00,3.053993904526604908e+00
7.099623930940950345e+01,-3.484767712291836261e+01,-2.066700018693414798e+00,-3.612754577449202920e+00,-6.677975766527572965e+00,0.000000000000000000e+00,6.162764682503846458e+00,3.053994085010268922e+00
7.063496382715011634e+01,-3.551547465009090843e+01,-2.066700018262139338e+00,-3.612755564178868006e+00,-6.677975794942116572e+00,0.000000000000000000e+00,6.162741702728849802e+00,3.053993433025580462e+00
7.027368834494753003e+01,-3.618327224012451637e+01,-2.066700018733774069e+00,-3.612748279545158425e+00,-6.677975808379456701e+00,0.000000000000000000e+00,6.162798930591344870e+00,3.053993823907016569e+00
6.991241286269641364e+01,-3.685106985012296832e+01,-2.066700019061052274e+00,-3.612758029474466781e+00,-6.677975750463621019e+00,0.000000000000000000e+00,6.162787860961936204e+00,3.053993808362360785e+00
6.955113738052411065e+01,-3.751886736111494258e+01,-2.066700018284720830e+00,-3.612757999766620376e+00,-6.677975630237861893e+00,0.000000000000000000e+00,6.162766804165631385e+00,3.053993792508415073e+00
6.918986189834339484e+01,-3.818666496790453380e+01,-2.066700018196861333e+00,-3.612759936148885132e+00,-6.677975723488689397e+00,0.000000000000000000e+00,6.162775703253045911e+00,3.053993799442297430e+00
6.882858641602874172e+01,-3.885446255799537596e+01,-2.066700019033163915e+00,-3.612755213159621004e+00,-6.677975640562819670e+00,0.000000000000000000e+00,6.162776478700922489e+00,3.053993894971864798e+00
6.846731093391888123e+01,-3.952226009332815693e+01,-2.066700018842063891e+00,-3.612749194723587465e+00,-6.677975891333864489e+00,0.000000000000000000e+00,6.162753776240416315e+00,3.053994090628065372e+00
6.810603545169333017e+01,-4.019005768019430036e+01,-2.066700018328036847e+00,-3.612759069817366164e+00,-6.677975652189132916e+00,0.000000000000000000e+00,6.162791489963917790e+00,3.053993820361000644e+00
6.774475996941288258e+01,-4.085785524458708551e+01,-2.066700018961915131e+00,-3.612752922366042618e+00,-6.677975793673160965e+00,0.000000000000000000e+00,6.162791168850056955e+00,3.053993941596624406e+00
6.738348448722791773e+01,-4.152565283743961544e+01,-2.066700017884171903e+00,-3.612757282107918577e+00,-6.677975681072504166e+00,0.000000000000000000e+00,6.162748081624917162e+00,3.053993939766597610e+00
6.702220900501481538e+01,-4.219345040296029481e+01,-2.066700018735260436e+00,-3.612753696576574747e+00,-6.677975739290870294e+00,0.000000000000000000e+00,6.162749585080083747e+00,3.053993882192637344e+00
6.666093352279175122e+01,-4.286124797968785316e+01,-2.066700019268978394e+00,-3.612756825223162327e+00,-6.677975724292660509e+00,0.000000000000000000e+00,6.162734468681385636e+00,3.053994063465554021e+00
6.629965804057371770e+01,-4.352904558667370338e+01,-2.066700018515094328e+00,-3.612753764327199857e+00,-6.677975661178125577e+00,0.000000000000000000e+00,6.162747229926180736e+00,3.053993818742921196e+00
6.593838255840401530e+01,-4.419684313672357945e+01,-2.066700017998865491e+00,-3.612751017688257349e+00,-6.677975666722639758e+00,0.000000000000000000e+00,6.162733744422511428e+00,3.053993736403883386e+00
6.557710707608588052e+01,-4.486464071251526065e+01,-2.066700018753504953e+00,-3.612753121357612951e+00,-6.677975642862317152e+00,0.000000000000000000e+00,6.162788068847025791e+00,3.053993823575618993e+00
6.521583159390564788e+01,-4.553243827699972002e+01,-2.066700019237207808e+00,-3.612755045051041947e+00,-6.677975842177860777e+00,0.000000000000000000e+00,6.162758490683079238e+00,3.053994000187857605e+00
6.485455611172695001e+01,-4.620023588598878916e+01,-2.066700018429743491e+00,-3.612750432176058180e+00,-6.677975605375780610e+00,0.000000000000000000e+00,6.162789406825096350e+00,3.053993825727255640e+00
6.449328062954207041e+01,-4.686803343613973283e+01,-2.066700019385970144e+00,-3.612754641973654479e+00,-6.677975710347153537e+00,0.000000000000000000e+00,6.162782271103115050e+00,3.053993969316276313e+00
6.413200514733884461e+01,-4.753583100310981990e+01,-2.066700018257284555e+00,-3.612757626883465356e+00,-6.677975740378038871e+00,0.000000000000000000e+00,6.162798938096083035e+00,3.053993907904919869e+00
6.377072966505864571e+01,-4.820362861386639253e+01,-2.066700018248739834e+00,-3.612754483418830542e+00,-6.677975791453965471e+00,0.000000000000000000e+00,6.162757500326829785e+00,3.053993942764924974e+00
6.340945418287829938e+01,-4.887142616768860393e+01,-2.066700018122127780e+00,-3.612749367818096857e+00,-6.677975763749427252e+00,0.000000000000000000e+00,6.162792430974741720e+00,3.053994144583240367e+00
6.304817870062252183e+01,-4.953922371984479156e+01,-2.066700018451395504e+00,-3.612751978624251681e+00,-6.677975804635370771e+00,0.000000000000000000e+00,6.162750299782155494e+00,3.053993809790352287e+00
6.268690321846634816e+01,-5.020702130548306030e+01,-2.066700018467557687e+00,-3.612753677822275744e+00,-6.677975753741788090e+00,0.000000000000000000e+00,6.162760372986076263e+00,3.053993975961882157e+00
6.232562773622836971e+01,-5.087481889644364230e+01,-2.066700017517650867e+00,-3.612755317177418490e+00,-6.677975836623102346e+00,0.000000000000000000e+00,6.162773901988699343e+00,3.053993923550078371e+00
6.196435225401581448e+01,-5.154261647756267450e+01,-2.066700018357714885e+00,-3.612756181964185132e+00,-6.677975959589595334e+00,0.000000000000000000e+00,6.162768266825088936e+00,3.053993907511474593e+00
6.160307677184026431e+01,-5.221041405413421899e+01,-2.066700018226892865e+00,-3.612755319716248970e+00,-6.677975758440411802e+00,0.000000000000000000e+00,6.162737573038034711e+00,3.053993816839900344e+00
6.124180128958762026e+01,-5.287821160539482435e+01,-2.066700020186720277e+00,-3.612752593036186788e+00,-6.677975646071988791e+00,0.000000000000000000e+00,6.162795053106427723e+00,3.053993725768549883e+00
6.088052580736182051e+01,-5.354600921047218520e+01,-2.066700017430512126e+00,-3.612750372619353723e+00,-6.677975678937832171e+00,0.000000000000000000e+00,6.162774423145692460e+00,3.053994081033947872e+00
6.051925032524692227e+01,-5.421380676444045577e+01,-2.066700019308952196e+00,-3.612755711840029527e+00,-6.677975736286909658e+00,0.000000000000000000e+00,6.162770925796577259e+00,3.053994125305020013e+00
6.015797484294732556e+01,-5.488160433557237639e+01,-2.066700018174187914e+00,-3.612749774670208858e+00,-6.677975800940886941e+00,0.000000000000000000e+00,6.162782137816119388e+00,3.053993968539146842e+00
5.979669936067691083e+01,-5.554940186666495094e+01,-2.066700018379477921e+00,-3.612759018821852131e+00,-6.677975803261011478e+00,0.000000000000000000e+00,6.162769310775425780e+00,3.053993939890597531e+00
5.943542387853771913e+01,-5.621719949650354664e+01,-2.066700018791268079e+00,-3.612751171830365760e+00,-6.677975691789269419e+00,0.000000000000000000e+00,6.162775582992333412e+00,3.053993812488567272e+00
5.907414839629483794e+01,-5.688499705407887319e+01,-2.066700018728233168e+00,-3.612750092729696050e+00,-6.677975799040929417e+00,0.000000000000000000e+00,6.162781087937453606e+00,3.053993909454101541e+00
5.871287291409676357e+01,-5.755279465441965669e+01,-2.066700018259836735e+00,-3.612760064955451433e+00,-6.677975730508334706e+00,0.000000000000000000e+00,6.162779010812728941e+00,3.053993884723747776e+00
5.835159743186154913e+01,-5.822059217674552656e+01,-2.066700018363900604e+00,-3.612754984435420536e+00,-6.677975693328629170e+00,0.000000000000000000e+00,6.162800228851732065e+00,3.053994149767139454e+00
5.799032194968950904e+01,-5.888838975462587655e+01,-2.066700018567096730e+00,-3.612756283214104691e+00,-6.677975752514166530e+00,0.000000000000000000e+00,6.162783345888093400e+00,3.053993663565133243e+00
5.762904646746152793e+01,-5.955618737111154815e+01,-2.066700018011244477e+00,-3.612757163057191523e+00,-6.677975867405480770e+00,0.000000000000000000e+00,6.162794988933491425e+00,3.053993546859586683e+00
5.726777098517656128e+01,-6.022398490075663346e+01,-2.066700019479434935e+00,-3.612751462259048196e+00,-6.677975758344675050e+00,0.000000000000000000e+00,6.162767680768383549e+00,3.053993788944560528e+00
5.690649550305822402e+01,-6.089178249603222781e+01,-2.066700019057239768e+00,-3.612756291054576074e+00,-6.677975714470091084e+00,0.000000000000000000e+00,6.162756433079272789e+00,3.053993990369032741e+00
5.654522002084485166e+01,-6.155958008339879228e+01,-2.066700018540881256e+00,-3.612756173850191210e+00,-6.677975878848295466e+00,0.000000000000000000e+00,6.162759057688938391e+00,3.053993864828411731e+00
5.618394453861228754e+01,-6.222737764929844673e+01,-2.066700017838891679e+00,-3.612757550222364777e+00,-6.677975703848408884e+00,0.000000000000000000e+00,6.162772117159296847e+00,3.053993869749461965e+00
5.582266905638068266e+01,-6.289517521605347383e+01,-2.066700017940532597e+00,-3.612759853222627715e+00,-6.677975643488661461e+00,0.000000000000000000e+00,6.162775898340846936e+00,3.053993751892172703e+00
5.546139357415005122e+01,-6.356297281558222068e+01,-2.066700018389131088e+00,-3.612751428926403996e+00,-6.677975603059866927e+00,0.000000000000000000e+00,6.162777775912119615e+00,3.053993657549428420e+00
5.510011809192909737e+01,-6.423077035786772626e+01,-2.066700018534510797e+00,-3.612756233468255918e+00,-6.677975739292038249e+00,0.000000000000000000e+00,6.162759847136344504e+00,3.053994004694644993e+00
5.473884260978181260e+01,-6.489856793707588167e+01,-2.066700018196268918e+00,-3.612747939708900180e+00,-6.677975679663457065e+00,0.000000000000000000e+00,6.162776498395521330e+00,3.053993854484803094e+00
5.437756712750375243e+01,-6.556636550688533305e+01,-2.066700018510973624e+00,-3.612746554444783875e+00,-6.677975831733953704e+00,0.000000000000000000e+00,6.162786593758661446e+00,3.053993929327427193e+00
5.401629164533268579e+01,-6.623416306024513744e+01,-2.066700018344855838e+00,-3.612756629768024474e+00,-6.677975879068190679e+00,0.000000000000000000e+00,6.162781666491288668e+00,3.053993764248954523e+00
5.365501616314478639e+01,-6.690196066204595127e+01,-2.066700017451247540e+00,-3.612755344065715413e+00,-6.677975760913889225e+00,0.000000000000000000e+00,6.162808213746869157e+00,3.053994059208325673e+00
5.329374068088289107e+01,-6.756975822230356243e+01,-2.066700019537993871e+00,-3.612750518028811531e+00,-6.677975578513414945e+00,0.000000000000000000e+00,6.162780891090803514e+00,3.053993645924730771e+00
5.293246519873586919e+01,-6.823755585423330672e+01,-2.066700018701452368e+00,-3.612756793757652574e+00,-6.677975513877293601e+00,0.000000000000000000e+00,6.162757846298301700e+00,3.053993943447145032e+00
5.257118971643788541e+01,-6.890535335797244443e+01,-2.066700018879797707e+00,-3.612759668323482387e+00,-6.677975582929372322e+00,0.000000000000000000e+00,6.162774199290637966e+00,3.053993856765504056e+00
5.220991423428131384e+01,-6.957315094902030239e+01,-2.066700018210751111e+00,-3.612753825699438259e+00,-6.677975757014817937e+00,0.000000000000000000e+00,6.162746117729832385e+00,3.053993866108394073e+00
5.184863875201288863e+01,-7.024094851843923948e+01,-2.066700018747437806e+00,-3.612756010677195651e+00,-6.677975834908997044e+00,0.000000000000000000e+00,6.162737486529302089e+00,3.053993705327768371e+00
5.148736326981926936e+01,-7.090874611393778082e+01,-2.066700018947645212e+00,-3.612754561291336763e+00,-6.677975785044338863e+00,0.000000000000000000e+00,6.162765736034328867e+00,3.053993627109919728e+00
5.112608778758553285e+01,-7.157654372299541023e+01,-2.066700018585041487e+00,-3.612753313670979516e+00,-6.677975803364524232e+00,0.000000000000000000e+00,6.162759035550671172e+00,3.053994328491394850e+00
5.076481230542071188e+01,-7.224434122926700752e+01,-2.066700018042491926e+00,-3.612757742892541479e+00,-6.677975783178618840e+00,0.000000000000000000e+00,6.162791373902935632e+00,3.053993836538928086e+00
5.040353682317463324e+01,-7.291213881754646309e+01,-2.066700018807600792e+00,-3.612754038447698157e+00,-6.677975720095915335e+00,0.000000000000000000e+00,6.162777763942066223e+00,3.053993973807588969e+00
5.004226134100098733e+01,-7.357993642710972892e+01,-2.066700018270118289e+00,-3.612750822094745740e+00,-6.677975904328154577e+00,0.000000000000000000e+00,6.162760582161594058e+00,3.053993896738750546e+00
4.968098585878816920e+01,-7.424773395120107011e+01,-2.066700019165638391e+00,-3.612751482011223647e+00,-6.677975827035791845e+00,0.000000000000000000e+00,6.162779706433626714e+00,3.053993924790450176e+00
4.931971037654705725e+01,-7.491553157868649748e+01,-2.066700018812213546e+00,-3.612746820886131083e+00,-6.677975632947662277e+00,0.000000000000000000e+00,6.162807938396142049e+00,3.053993981529918411e+00
4.895843489431149465e+01,-7.558332913858487245e+01,-2.066700018754908719e+00,-3.612748795631410825e+00,-6.677975731407475024e+00,0.000000000000000000e+00,6.162766013685888389e+00,3.053993948382252466e+00
4.859715941212517976e+01,-7.625112674026985360e+01,-2.066700018147005657e+00,-3.612757258632461888e+00,-6.677975807695177402e+00,0.000000000000000000e+00,6.162764725554054301e+00,3.053994104358152217e+00
4.823588392994385288e+01,-7.691892429948757126e+01,-2.066700018188036836e+00,-3.612748474852355063e+00,-6.677975597315374046e+00,0.000000000000000000e+00,6.162781284838462881e+00,3.053993876617945968e+00
4.787460844770211565e+01,-7.758672186581522112e+01,-2.066700018202453304e+00,-3.612761462808276480e+00,-6.677975625499324330e+00,0.000000000000000000e+00,6.162782344702908865e+00,3.053993763497185210e+00
4.751333296548834539e+01,-7.825451949300941124e+01,-2.066700017995837690e+00,-3.612757230404564535e+00,-6.677975888180571751e+00,0.000000000000000000e+00,6.162786352826438829e+00,3.053993755693978240e+00
4.715205748321180579e+01,-7.892231699624683472e+01,-2.066700018520227999e+00,-3.612764484130834841e+00,-6.677975655510931752e+00,0.000000000000000000e+00,6.162755125940741152e+00,3.053993834194272505e+00
4.679078200112581243e+01,-7.959011460685492523e+01,-2.066700018887706936e+00,-3.612760364845738259e+00,-6.677975781328092886e+00,0.000000000000000000e+00,6.162799386046463823e+00,3.053993900785910931e+00
4.642950651880187252e+01,-8.025791217869823413e+01,-2.066700019722932158e+00,-3.612753026993020367e+00,-6.677975510363131306e+00,0.000000000000000000e+00,6.162781303102199182e+00,3.053993676035772875e+00
4.606823103667525032e+01,-8.092570972425285447e+01,-2.066700018056578436e+00,-3.612753552158634029e+00,-6.677975833966601549e+00,0.000000000000000000e+00,6.162785367404135961e+00,3.053993925440378288e+00
4.570695555439750990e+01,-8.159350729198661156e+01,-2.066700018228777580e+00,-3.612757702763810919e+00,-6.677975759081265394e+00,0.000000000000000000e+00,6.162777588623382208e+00,3.053993786047418002e+00
4.534568007223855091e+01,-8.226130487744192976e+01,-2.066700018633881974e+00,-3.612748562387093632e+00,-6.677975803932276300e+00,0.000000000000000000e+00,6.162781859479258273e+00,3.053993876048510803e+00
4.498440459000541125e+01,-8.292910244937407072e+01,-2.066700018184769672e+00,-3.612760842597455557e+00,-6.677975750695818391e+00,0.000000000000000000e+00,6.162753025094763082e+00,3.053994000368900341e+00
4.462312910778387476e+01,-8.359690004694510890e+01,-2.066700018240784420e+00,-3.612753724564533364e+00,-6.677975737825242675e+00,0.000000000000000000e+00,6.162725327976746215e+00,3.053993734784189673e+00
4.426185362558669567e+01,-8.426469760850798707e+01,-2.066700019149859013e+00,-3.612757995205310380e+00,-6.677975766297795879e+00,0.000000000000000000e+00,6.162786414612598129e+00,3.053994219400317789e+00
4.390057814337166064e+01,-8.493249517060374387e+01,-2.066700018498576874e+00,-3.612756671634354433e+00,-6.677975654338298206e+00,0.000000000000000000e+00,6.162791412466065211e+00,3.053994165125910598e+00
4.353930266114448955e+01,-8.560029273058350441e+01,-2.066700018599545885e+00,-3.612754763626324639e+00,-6.677975626214968763e+00,0.000000000000000000e+00,6.162774497581118283e+00,3.053993714482105215e+00
4.317802717892791975e+01,-8.626809033263597826e+01,-2.066700017745268347e+00,-3.612754137276481536e+00,-6.677975862785025640e+00,0.000000000000000000e+00,6.162780752065792456e+00,3.053994041354568978e+00
4.281675169669935599e+01,-8.693588787159781361e+01,-2.066700018995809796e+00,-3.612757829507989182e+00,-6.677975553703146439e+00,0.000000000000000000e+00,6.162792193758538595e+00,3.053993871610873434e+00
4.245547621443818542e+01,-8.760368546183111960e+01,-2.066700019255291121e+00,-3.612757060103652051e+00,-6.677975621459449229e+00,0.000000000000000000e+00,6.162779262558337301e+00,3.053993955533663485e+00
4.209420073226009862e+01,-8.827148302854222095e+01,-2.066700018199857602e+00,-3.612750648001199938e+00,-6.677975714844604838e+00,0.000000000000000000e+00,6.162760964600468405e+00,3.053993803234671844e+00
4.173292525003679998e+01,-8.893928060636480382e+01,-2.066700018214765677e+00,-3.612752580599737584e+00,-6.677975727390677463e+00,0.000000000000000000e+00,6.162796939725779133e+00,3.053994027534847167e+00
4.137164976782371184e+01,-8.960707821461066658e+01,-2.066700018772746894e+00,-3.612754916915708936e+00,-6.677975675532743516e+00,0.000000000000000000e+00,6.162798025553900771e+00,3.053993895109840206e+00
4.101037428565498288e+01,-9.027487576064291375e+01,-2.066700018951515450e+00,-3.612765286230324779e+00,-6.677975706014724011e+00,0.000000000000000000e+00,6.162750924058984836e+00,3.053993968641135925e+00
4.064909880337135206e+01,-9.094267331970065982e+01,-2.066700018118094118e+00,-3.612755068809590853e+00,-6.677975589062756789e+00,0.000000000000000000e+00,6.162796088823280449e+00,3.053993788214683036e+00
4.028782332126532850e+01,-9.161047091042712509e+01,-2.066700019171510139e+00,-3.612756518398964278e+00,-6.677975692826156440e+00,0.000000000000000000e+00,6.162752142076787898e+00,3.053993871095600277e+00
3.992654783898254323e+01,-9.227826849060969039e+01,-2.066700018085159574e+00,-3.612752664704443895e+00,-6.677975678539368687e+00,0.000000000000000000e+00,6.162796927942880920e+00,3.053994169868541775e+00
3.956527235678436227e+01,-9.294606607646119301e+01,-2.066700018852515086e+00,-3.612756623606143247e+00,-6.677975630535256002e+00,0.000000000000000000e+00,6.162746764783462616e+00,3.053993771333249452e+00
3.920399687452935922e+01,-9.361386362698850405e+01,-2.066700018919918502e+00,-3.612753069722506538e+00,-6.677975603745387900e+00,0.000000000000000000e+00,6.162748318925265423e+00,3.053994003613058617e+00
3.884272139236874466e+01,-9.428166121118429999e+01,-2.066700018228656788e+00,-3.612756865843286036e+00,-6.677975752681457600e+00,0.000000000000000000e+00,6.162764308808655223e+00,3.053994031204241733e+00
3.848144591015992688e+01,-9.494945879889802143e+01,-2.066700018710450060e+00,-3.612757746036304951e+00,-6.677975645648603020e+00,0.000000000000000000e+00,6.162754310355278875e+00,3.053993910540851786e+00
3.812017042792869859e+01,-9.561725633896708132e+01,-2.066700017977195714e+00,-3.612753119667757584e+00,-6.677975698490966394e+00,0.000000000000000000e+00,6.162766603265257714e+00,3.053993912684913159e+00
3.775889494573461036e+01,-9.628505391089824172e+01,-2.066700018347851664e+00,-3.612753188004254490e+00,-6.677975679838584533e+00,0.000000000000000000e+00,6.162746667341289175e+00,3.053993941709584714e+00
3.739761946347186949e+01,-9.695285153144766355e+01,-2.066700019085445206e+00,-3.612753585439626214e+00,-6.677975771161961838e+00,0.000000000000000000e+00,6.162776447289159520e+00,3.053993782057159212e+00
3.703634398127273641e+01,-9.762064911824241165e+01,-2.066700018096925273e+00,-3.612754867364215361e+00,-6.677975839220523291e+00,0.000000000000000000e+00,6.162746615741051315e+00,3.053994025603209206e+00
3.667506849905852562e+01,-9.828844665357929955e+01,-2.066700017777337361e+00,-3.612754014031971384e+00,-6.677975973297335166e+00,0.000000000000000000e+00,6.162767557831214660e+00,3.053994074742821141e+00
3.631379301678649085e+01,-9.895624424380191897e+01,-2.066700018565019725e+00,-3.612752182409024737e+00,-6.677975876307586489e+00,0.000000000000000000e+00,6.162778652179972561e+00,3.053994051712218383e+00
3.595251753467147182e+01,-9.962404182091489702e+01,-2.066700019420199208e+00,-3.612760201015850381e+00,-6.677975559851772935e+00,0.000000000000000000e+00,6.162780874704584022e+00,3.053994076590186513e+00
3.559124205246097716e+01,-1.002918393977555525e+02,-2.066700018379456161e+00,-3.612753566256452942e+00,-6.677975807947721165e+00,0.000000000000000000e+00,6.162766370276380634e+00,3.053994040950123168e+00
3.522996657020114242e+01,-1.009596369734762931e+02,-2.066700017936591305e+00,-3.612754299532357383e+00,-6.677975748723977034e+00,0.000000000000000000e+00,6.162765599230223046e+00,3.053994202944901648e+00
3.486869108793440830e+01,-1.016274345255443592e+02,-2.066700018199970401e+00,-3.612753503853986192e+00,-6.677975836224921302e+00,0.000000000000000000e+00,6.162765192938802983e+00,3.053993691141092981e+00
3.450741560577505140e+01,-1.022952320590104165e+02,-2.066700018057633592e+00,-3.612753658743794283e+00,-6.677975702095779731e+00,0.000000000000000000e+00,6.162722866704858582e+00,3.053993834593824452e+00
3.414614012354573447e+01,-1.029630296642798584e+02,-2.066700018193635024e+00,-3.612757091445466084e+00,-6.677975853284555008e+00,0.000000000000000000e+00,6.162779022811171181e+00,3.053993752098628889e+00
3.378486464132195977e+01,-1.036308272457983151e+02,-2.066700018357716218e+00,-3.612755319008697619e+00,-6.677975774194254477e+00,0.000000000000000000e+00,6.162716366469344287e+00,3.053993748555702936e+00
3.342358915911446360e+01,-1.042986248380007623e+02,-2.066700019078772321e+00,-3.612755391903702318e+00,-6.677975705837442710e+00,0.000000000000000000e+00,6.162771743634031019e+00,3.053994002925654261e+00
3.306231367689918699e+01,-1.049664224068105085e+02,-2.066700019288880696e+00,-3.612753419483698547e+00,-6.677975846959249395e+00,0.000000000000000000e+00,6.162731750853235546e+00,3.053994071557745382e+00
3.270103819471213313e+01,-1.056342199920902516e+02,-2.066700017328364058e+00,-3.612752193020218439e+00,-6.677975768110516519e+00,0.000000000000000000e+00,6.162811082671407092e+00,3.053993842531880443e+00
3.233976271250283929e+01,-1.063020175720713354e+02,-2.066700018046805809e+00,-3.612758562533483708e+00,-6.677975607651436718e+00,0.000000000000000000e+00,6.162763379761295290e+00,3.053993926932198288e+00
3.197848723030771723e+01,-1.069698151416775431e+02,-2.066700019218306927e+00,-3.612750734786664975e+00,-6.677975671011868286e+00,0.000000000000000000e+00,6.162754890970492561e+00,3.053993925265311216e+00
3.161721174802850598e+01,-1.076376127628244888e+02,-2.066700018228738500e+00,-3.612749736429915703e+00,-6.677975966070031966e+00,0.000000000000000000e+00,6.162762356329890778e+00,3.053993780564568272e+00
3.125593626585591522e+01,-1.083054102995177885e+02,-2.066700017646406540e+00,-3.612754060701344638e+00,-6.677975828815950976e+00,0.000000000000000000e+00,6.162777460654643491e+00,3.053993668928401295e+00
3.089466078359574652e+01,-1.089732078442533805e+02,-2.066700018687377849e+00,-3.612755480766977723e+00,-6.677975702713823125e+00,0.000000000000000000e+00,6.162746513782216162e+00,3.053993934772242458e+00
3.053338530141878593e+01,-1.096410054589236154e+02,-2.066700017995528160e+00,-3.612752814426721137e+00,-6.677975726813044410e+00,0.000000000000000000e+00,6.162732518168251516e+00,3.053994027123479338e+00
3.017210981924179691e+01,-1.103088029769582192e+02,-2.066700018419930007e+00,-3.612748775124994705e+00,-6.677975779377261389e+00,0.000000000000000000e+00,6.162761514862935108e+00,3.053993846152265323e+00
2.981083433700834462e+01,-1.109766006007931196e+02,-2.066700018059060895e+00,-3.612754008889943247e+00,-6.677975800256548133e+00,0.000000000000000000e+00,6.162787664381037978e+00,3.053993900377273363e+00
2.944955885475955171e+01,-1.116443981448872904e+02,-2.066700018846455489e+00,-3.612757664505263477e+00,-6.677975756157855436e+00,0.000000000000000000e+00,6.162759124217118689e+00,3.053994058100597986e+00
2.908828337256890606e+01,-1.123121957329726683e+02,-2.066700019033806957e+00,-3.612751246566764163e+00,-6.677975797426446647e+00,0.000000000000000000e+00,6.162770951932311725e+00,3.053994016622298080e+00
2.872700789037760671e+01,-1.129799933133865153e+02,-2.066700018807593686e+00,-3.612759813067239811e+00,-6.677975628301064503e+00,0.000000000000000000e+00,6.162780442090787680e+00,3.053993952363625031e+00
2.836573240815276975e+01,-1.136477908852248362e+02,-2.066700018311766751e+00,-3.612746884014546023e+00,-6.677975727538174588e+00,0.000000000000000000e+00,6.162810987474133917e+00,3.053993984962505071e+00
2.800445692593451597e+01,-1.143155884004387559e+02,-2.066700018266481642e+00,-3.612754523920191918e+00,-6.677975834000325683e+00,0.000000000000000000e+00,6.162790461404046738e+00,3.053994061018836526e+00
2.764318144376222008e+01,-1.149833860098114116e+02,-2.066700018376177006e+00,-3.612750255097229690e+00,-6.677975591782919551e+00,0.000000000000000000e+00,6.162758989171964963e+00,3.053993971436276933e+00
2.728190596154028569e+01,-1.156511836103505715e+02,-2.066700018009296702e+00,-3.612756131227891299e+00,-6.677975834493788732e+00,0.000000000000000000e+00,6.162736212444689166e+00,3.053994169767352496e+00
2.692063047926707142e+01,-1.163189811740229658e+02,-2.066700018243516013e+00,-3.612755628897122318e+00,-6.677975804179780539e+00,0.000000000000000000e+00,6.162793095344712313e+00,3.053993731484520691e+00
2.655935499710700398e+01,-1.169867787281202709e+02,-2.066700018003100769e+00,-3.612750899922209769e+00,-6.677975752783868124e+00,0.000000000000000000e+00,6.162789022718603960e+00,3.053993856901492610e+00
2.619807951487756981e+01,-1.176545763040235357e+02,-2.066700017468430239e+00,-3.612754840560234548e+00,-6.677975707180976883e+00,0.000000000000000000e+00,6.162807087833594544e+00,3.053993783795863504e+00
2.583680403266644632e+01,-1.183223738901721021e+02,-2.066700017953679858e+00,-3.612754857863564872e+00,-6.677975609515377720e+00,0.000000000000000000e+00,6.162737862813063572e+00,3.053993825026322551e+00
2.547552855042425080e+01,-1.189901714629756952e+02,-2.066700019026961321e+00,-3.612754288932188196e+00,-6.677975769159005814e+00,0.000000000000000000e+00,6.162761547358311276e+00,3.053993827332686539e+00
2.511425306821054448e+01,-1.196579690471024833e+02,-2.066700018787174908e+00,-3.612754127649108415e+00,-6.677975764486516752e+00,0.000000000000000000e+00,6.162760370026876267e+00,3.053993769952572990e+00
2.475297758601717035e+01,-1.203257666195675171e+02,-2.066700018620185819e+00,-3.612747064674054709e+00,-6.677975866438312202e+00,0.000000000000000000e+00,6.162766783986364239e+00,3.053994055029748189e+00
2.439170210382050996e+01,-1.209935641887406490e+02,-2.066700018162216157e+00,-3.612757910769046177e+00,-6.677975818685131237e+00,0.000000000000000000e+00,6.162779738931088325e+00,3.053993874334129721e+00
2.403042662156367371e+01,-1.216613617693857492e+02,-2.066700018377212622e+00,-3.612748252343654709e+00,-6.677975697828163248e+00,0.000000000000000000e+00,6.162784864026618514e+00,3.053993916818278365e+00
2.366915113933916359e+01,-1.223291593290292809e+02,-2.066700017954209212e+00,-3.612753306311744073e+00,-6.677975745148372333e+00,0.000000000000000000e+00,6.162810122578956218e+00,3.053994086785754014e+00
2.330787565719245080e+01,-1.229969568847875792e+02,-2.066700018728002242e+00,-3.612751512561478417e+00,-6.677975817677912929e+00,0.000000000000000000e+00,6.162757685541884634e+00,3.053993879805888323e+00
2.294660017500863347e+01,-1.236647544872904945e+02,-2.066700018473193623e+00,-3.612756433130570155e+00,-6.677975749864607735e+00,0.000000000000000000e+00,6.162772210387003291e+00,3.053993825341419832e+00
2.258532469270739540e+01,-1.243325520261909105e+02,-2.066700019555799184e+00,-3.612758884965791228e+00,-6.677975892329289564e+00,0.000000000000000000e+00,6.162768437369870789e+00,3.053993522339514044e+00
2.222404921056156368e+01,-1.250003496767356523e+02,-2.066700018081076617e+00,-3.612755390833196856e+00,-6.677975560403172750e+00,0.000000000000000000e+00,6.162788983730288273e+00,3.053993765645325986e+00
2.186277372837074040e+01,-1.256681472029762148e+02,-2.066700018622753987e+00,-3.612756267871612526e+00,-6.677975785946986598e+00,0.000000000000000000e+00,6.162763081932317810e+00,3.053993866817431790e+00
2.150149824606953075e+01,-1.263359447896851293e+02,-2.066700018339224343e+00,-3.612757494979374595e+00,-6.677975751774688717e+00,0.000000000000000000e+00,6.162787324254264121e+00,3.053993969263744557e+00
2.114022276386967292e+01,-1.270037423213034771e+02,-2.066700018576977715e+00,-3.612755486611931133e+00,-6.677975647820370675e+00,0.000000000000000000e+00,6.162745215015520195e+00,3.053993863175657797e+00
2.077894728162586446e+01,-1.276715399503845561e+02,-2.066700017967261438e+00,-3.612756147125967932e+00,-6.677975846540767257e+00,0.000000000000000000e+00,6.162759129701312233e+00,3.053993994215379093e+00
2.041767179939470012e+01,-1.283393374586137270e+02,-2.066700018513728754e+00,-3.612757356276917964e+00,-6.677975719595356630e+00,0.000000000000000000e+00,6.162764394537031620e+00,3.053993845220154935e+00
2.005639631720619320e+01,-1.290071350857775769e+02,-2.066700019453491244e+00,-3.612752835682123465e+00,-6.677975678145139149e+00,0.000000000000000000e+00,6.162773236917927555e+00,3.053994013593443579e+00
1.969512083503006394e+01,-1.296749326501526411e+02,-2.066700019064287908e+00,-3.612754937024371227e+00,-6.677975724798793422e+00,0.000000000000000000e+00,6.162746736790940538e+00,3.053993852691445188e+00
1.933384535285225780e+01,-1.303427302483641483e+02,-2.066700018347605194e+00,-3.612748971153420197e+00,-6.677975766192042251e+00,0.000000000000000000e+00,6.162772981119335469e+00,3.053993934214207950e+00
1.897256987060209354e+01,-1.310105278251123764e+02,-2.066700019205938155e+00,-3.612748688640750050e+00,-6.677975744524874635e+00,0.000000000000000000e+00,6.162767295041388316e+00,3.053993884363065625e+00
1.861129438837326688e+01,-1.316783253697050498e+02,-2.066700018046917720e+00,-3.612757166720006907e+00,-6.677975657458815384e+00,0.000000000000000000e+00,6.162788595432808769e+00,3.053993887095679760e+00
1.825001890612169575e+01,-1.323461229448992071e+02,-2.066700019119833698e+00,-3.612756916819273023e+00,-6.677975525719352490e+00,0.000000000000000000e+00,6.162766020461982741e+00,3.053993873241743984e+00
1.788874342389351924e+01,-1.330139204954625143e+02,-2.066700017649023557e+00,-3.612759115432728763e+00,-6.677975830937638690e+00,0.000000000000000000e+00,6.162769854191044949e+00,3.053994067537975532e+00
1.752746794166865030e+01,-1.336817180608039166e+02,-2.066700018536365313e+00,-3.612750202548290712e+00,-6.677975789067045476e+00,0.000000000000000000e+00,6.162753484551646288e+00,3.053993880097334301e+00
1.716619245951582684e+01,-1.343495156572355995e+02,-2.066700018269776340e+00,-3.612756819411106601e+00,-6.677975561240666380e+00,0.000000000000000000e+00,6.162779911845801983e+00,3.053993842975224915e+00
1.680491697733597434e+01,-1.350173132539279095e+02,-2.066700018848988130e+00,-3.612756210461398609e+00,-6.677975676013987005e+00,0.000000000000000000e+00,6.162773567589371559e+00,3.053993710990791310e+00
1.644364149511847017e+01,-1.356851108294490018e+02,-2.066700019011248557e+00,-3.612760640559690373e+00,-6.677975700103579548e+00,0.000000000000000000e+00,6.162776957049213244e+00,3.053993780255966684e+00
1.608236601292948009e+01,-1.363529084026793043e+02,-2.066700018851886256e+00,-3.612750204864301207e+00,-6.677975831241840687e+00,0.000000000000000000e+00,6.162800785670856207e+00,3.053993972243524091e+00
1.572109053067377538e+01,-1.370207059500358184e+02,-2.066700018735705857e+00,-3.612758215620272217e+00,-6.677975599832990383e+00,0.000000000000000000e+00,6.162777281634213011e+00,3.053993924171873431e+00
1.535981504837717537e+01,-1.376885035339648482e+02,-2.066700018560202246e+00,-3.612751071685004867e+00,-6.677975831295217546e+00,0.000000000000000000e+00,6.162736641994318809e+00,3.053993968273253312e+00
1.499853956621128503e+01,-1.383563010952715615e+02,-2.066700018249919779e+00,-3.612752807097208141e+00,-6.677975710856431490e+00,0.000000000000000000e+00,6.162771417951303121e+00,3.053994000312445056e+00
1.463726408407172741e+01,-1.390240986755657673e+02,-2.066700017866785366e+00,-3.612757081331731790e+00,-6.677975855534555194e+00,0.000000000000000000e+00,6.162779227871197918e+00,3.053993851143192551e+00
1.427598860181985074e+01,-1.396918962945837279e+02,-2.066700017918849053e+00,-3.612752414009872570e+00,-6.677975640487912479e+00,0.000000000000000000e+00,6.162767684434721893e+00,3.053993813866823004e+00
1.391471311959710633e+01,-1.403596938334595450e+02,-2.066700018802218430e+00,-3.612749806570506816e+00,-6.677975803732259408e+00,0.000000000000000000e+00,6.162780990042173279e+00,3.053994035377936900e+00
1.355343763733916873e+01,-1.410274914489828006e+02,-2.066700018269223893e+00,-3.612755126940727202e+00,-6.677975748553127033e+00,0.000000000000000000e+00,6.162767533674847087e+00,3.053993936654164632e+00
1.319216215517768376e+01,-1.416952889950928807e+02,-2.066700017815806145e+00,-3.612753568842072216e+00,-6.677975782020920903e+00,0.000000000000000000e+00,6.162718076433605141e+00,3.053993931148378582e+00
1.283088667294354934e+01,-1.423630865912343211e+02,-2.066700018223389890e+00,-3.612751891476206456e+00,-6.677975599723828815e+00,0.000000000000000000e+00,6.162791765685902590e+00,3.053994003206024654e+00
1.246961119077226243e+01,-1.430308841151843922e+02,-2.066700018640382996e+00,-3.612750641953152542e+00,-6.677975797184437567e+00,0.000000000000000000e+00,6.162812532350232964e+00,3.053994109207090357e+00
1.210833570853070285e+01,-1.436986817154528353e+02,-2.066700018909806147e+00,-3.612748850336408246e+00,-6.677975756414669561e+00,0.000000000000000000e+00,6.162763201522949430e+00,3.053993949608621250e+00
1.174706022631210978e+01,-1.443664792630288218e+02,-2.066700018141369277e+00,-3.612758926872766452e+00,-6.677975577343321589e+00,0.000000000000000000e+00,6.162807923638538909e+00,3.053993920594417766e+00
1.138578474407569807e+01,-1.450342768793967991e+02,-2.066700018359761248e+00,-3.612758490362784514e+00,-6.677975705982416521e+00,0.000000000000000000e+00,6.162756612651242527e+00,3.053993906584687501e+00
1.102450926191800740e+01,-1.457020744232864047e+02,-2.066700019364986929e+00,-3.612759810582426123e+00,-6.677975933729635827e+00,0.000000000000000000e+00,6.162773285361935471e+00,3.053994116564195949e+00
1.066323377977817444e+01,-1.463698720179996542e+02,-2.066700018087227697e+00,-3.612751761216889790e+00,-6.677975820382710204e+00,0.000000000000000000e+00,6.162796508102007742e+00,3.053993900791058369e+00
1.030195829750123515e+01,-1.470376695957111224e+02,-2.066700018909710224e+00,-3.612757622670105473e+00,-6.677975860897242377e+00,0.000000000000000000e+00,6.162803919994695789e+00,3.053993981208063424e+00
9.940682815200204914e+00,-1.477054671805072985e+02,-2.066700017406572165e+00,-3.612755875487166257e+00,-6.677975755114687217e+00,0.000000000000000000e+00,6.162757139039173104e+00,3.053994120749266461e+00
9.579407333017401882e+00,-1.483732647361776458e+02,-2.066700018747506640e+00,-3.612750443965731861e+00,-6.677975659809358255e+00,0.000000000000000000e+00,6.162788273101916126e+00,3.053993714947343729e+00
9.218131850782373959e+00,-1.490410623095609992e+02,-2.066700018361534941e+00,-3.612755723690741050e+00,-6.677975613702264113e+00,0.000000000000000000e+00,6.162744708704379626e+00,3.053993939140843494e+00
8.856856368584656636e+00,-1.497088598715569674e+02,-2.066700018967670971e+00,-3.612752378276471443e+00,-6.677975734759916016e+00,0.000000000000000000e+00,6.162769287687673625e+00,3.053993638879413108e+00
8.495580886420503575e+00,-1.503766574342223521e+02,-2.066700018509408210e+00,-3.612751540958865970e+00,-6.677975612302424757e+00,0.000000000000000000e+00,6.162773109103043545e+00,3.053994012480646170e+00
8.134305404163615805e+00,-1.510444550212893660e+02,-2.066700018815274209e+00,-3.612753529018300824e+00,-6.677975777421756298e+00,0.000000000000000000e+00,6.162781170092333838e+00,3.053993937052504215e+00
7.773029921952525179e+00,-1.517122526140512946e+02,-2.066700018308734954e+00,-3.612759451990614323e+00,-6.677975698864686116e+00,0.000000000000000000e+00,6.162749166725592254e+00,3.053993726241785556e+00
7.411754439737464395e+00,-1.523800502104326995e+02,-2.066700017810549905e+00,-3.612760764451121709e+00,-6.677975717886506679e+00,0.000000000000000000e+00,6.162779697169560755e+00,3.053993912356729901e+00
7.050478957592885010e+00,-1.530478477467011089e+02,-2.066700018929643168e+00,-3.612757888117495320e+00,-6.677975826664199310e+00,0.000000000000000000e+00,6.162756939580588345e+00,3.053993695958245880e+00
6.689203475331444437e+00,-1.537156452949498942e+02,-2.066700018966959096e+00,-3.612751653862506185e+00,-6.677975676782974546e+00,0.000000000000000000e+00,6.162770191102105777e+00,3.053993953936496641e+00
6.327927993085834757e+00,-1.543834429340436714e+02,-2.066700018321963928e+00,-3.612747235669534263e+00,-6.677975849668269070e+00,0.000000000000000000e+00,6.162774943483131374e+00,3.053993919170326254e+00
5.966652510892394901e+00,-1.550512404725773479e+02,-2.066700018786400861e+00,-3.612758457024170422e+00,-6.677975651722994677e+00,0.000000000000000000e+00,6.162780068748084261e+00,3.053994037766873504e+00
5.605377028675134099e+00,-1.557190380614912897e+02,-2.066700018771488345e+00,-3.612757263273883357e+00,-6.677975874143450064e+00,0.000000000000000000e+00,6.162755658865007646e+00,3.053993596280387912e+00
5.244101546447671680e+00,-1.563868356351520674e+02,-2.066700017965794611e+00,-3.612761872998448975e+00,-6.677975695996921424e+00,0.000000000000000000e+00,6.162734491275208448e+00,3.053993868064573292e+00
4.882826064293693591e+00,-1.570546331768167647e+02,-2.066700018398682559e+00,-3.612751874961283693e+00,-6.677975657760664596e+00,0.000000000000000000e+00,6.162761035113091701e+00,3.053993927016210641e+00
4.521550582113808225e+00,-1.577224308086063047e+02,-2.066700018786344462e+00,-3.612749271684912777e+00,-6.677975851073910896e+00,0.000000000000000000e+00,6.162772431195496559e+00,3.053993666207007962e+00
4.160275099844012558e+00,-1.583902283514025839e+02,-2.066700018335578370e+00,-3.612758291097253771e+00,-6.677975830190843176e+00,0.000000000000000000e+00,6.162797876131856256e+00,3.053994023166290539e+00
3.798999617682622176e+00,-1.590580259048385017e+02,-2.066700018692655849e+00,-3.612755971911508990e+00,-6.677975768031227055e+00,0.000000000000000000e+00,6.162764224932437251e+00,3.053993847300394027e+00
3.437724135372235867e+00,-1.597258235010376666e+02,-2.066700018473871303e+00,-3.612751772708393982e+00,-6.677975756186884659e+00,0.000000000000000000e+00,6.162784279105543384e+00,3.053993892777451258e+00
3.076448653234097552e+00,-1.603936210478322266e+02,-2.066700018790864402e+00,-3.612756673281824149e+00,-6.677975846533029447e+00,0.000000000000000000e+00,6.162750844926346616e+00,3.053993932886289286e+00
2.715173170937268843e+00,-1.610614186617215751e+02,-2.066700018531354655e+00,-3.612755893780443817e+00,-6.677975752464197612e+00,0.000000000000000000e+00,6.162779115238322447e+00,3.053993760533492807e+00
2.353897688750269612e+00,-1.617292162039880168e+02,-2.066700018061129906e+00,-3.612753180205915182e+00,-6.677975620683985980e+00,0.000000000000000000e+00,6.162751116881862501e+00,3.053993818374624691e+00
1.992622206581217581e+00,-1.623970138238479706e+02,-2.066700018303206043e+00,-3.612753989922755871e+00,-6.677975830385755707e+00,0.000000000000000000e+00,6.162761734702597138e+00,3.053993885348778026e+00
1.631346724315296814e+00,-1.630648113604669334e+02,-2.066700017675717316e+00,-3.612757136442415362e+00,-6.677975537035156783e+00,0.000000000000000000e+00,6.162745929774662734e+00,3.053993943534401012e+00
1.270071242135845768e+00,-1.637326089310057284e+02,-2.066700018313075926e+00,-3.612755358950868523e+00,-6.677975658719948804e+00,0.000000000000000000e+00,6.162775999786078707e+00,3.053993885643723871e+00
9.087957598971291295e-01,-1.644004064776654559e+02,-2.066700019143917544e+00,-3.612758044575018257e+00,-6.677975764417209525e+00,0.000000000000000000e+00,6.162780867274494589e+00,3.053993901551642853e+00
5.475202776541235883e-01,-1.650682041055770526e+02,-2.066700017933676303e+00,-3.612757920493016695e+00,-6.677975645627624246e+00,0.000000000000000000e+00,6.162754832250269210e+00,3.053993988127799764e+00
1.862447954060270916e-01,-1.657360016816889470e+02,-2.066700018164303820e+00,-3.612754053294029877e+00,-6.677975821569649639e+00,0.000000000000000000e+00,6.162778464166667192e+00,3.053993944497461310e+00
-1.750306867388197740e-01,-1.664037992241978543e+02,-2.066700019438407310e+00,-3.612755169144857614e+00,-6.677975781744749817e+00,0.000000000000000000e+00,6.162768596204132088e+00,3.053993790212621295e+00
-5.363061689495510764e-01,-1.670715968196238066e+02,-2.066700018991700194e+00,-3.612758805578469623e+00,-6.677975942028324674e+00,0.000000000000000000e+00,6.162786232535957254e+00,3.053993672753744004e+00
-8.975816511481349291e-01,-1.677393943862603010e+02,-2.066700018665595273e+00,-3.612757893407060994e+00,-6.677975709326982923e+00,0.000000000000000000e+00,6.162759423917026247e+00,3.053993749770409050e+00
-1.258857133401381390e+00,-1.684071919720253447e+02,-2.066700018631857372e+00,-3.612757555577031710e+00,-6.677975763654607100e+00,0.000000000000000000e+00,6.162763887227113102e+00,3.053993842420942961e+00
-1.620132615609354509e+00,-1.690749895182027842e+02,-2.066700018760339042e+00,-3.612755380503710256e+00,-6.677975667585990038e+00,0.000000000000000000e+00,6.162775676259633073e+00,3.053993802815936132e+00
-1.981408097807398017e+00,-1.697427871291641281e+02,-2.066700017863329020e+00,-3.612755712913623185e+00,-6.677975812275326106e+00,0.000000000000000000e+00,6.162763602076923419e+00,3.053993915229345824e+00
-2.342683580021809764e+00,-1.704105846827966104e+02,-2.066700018880739176e+00,-3.612749982988223252e+00,-6.677975598711262784e+00,0.000000000000000000e+00,6.162783361052208697e+00,3.053993989638366102e+00
-2.703959062253234791e+00,-1.710783822181712424e+02,-2.066700019127561294e+00,-3.612751827412282513e+00,-6.677975670530984509e+00,0.000000000000000000e+00,6.162794497713947273e+00,3.053994037569945696e+00
-3.065234544503393277e+00,-1.717461798175633874e+02,-2.066700018182102472e+00,-3.612753130890937303e+00,-6.677975785894743943e+00,0.000000000000000000e+00,6.162775560077903947e+00,3.053993862645083546e+00
-3.426510026646144347e+00,-1.724139774374910701e+02,-2.066700019389243970e+00,-3.612748780434027029e+00,-6.677975817621154775e+00,0.000000000000000000e+00,6.162771859857787859e+00,3.053994094833444528e+00
-3.787785508919029542e+00,-1.730817749742917897e+02,-2.066700018343988976e+00,-3.612759672217024320e+00,-6.677975623314378772e+00,0.000000000000000000e+00,6.162781589081315126e+00,3.053994105180970031e+00
-4.149060991108569851e+00,-1.737495725473902439e+02,-2.066700018513743853e+00,-3.612761382809700716e+00,-6.677975730144074973e+00,0.000000000000000000e+00,6.162791923803987437e+00,3.053993959413794812e+00
-4.510336473289927817e+00,-1.744173701655832360e+02,-2.066700017471609918e+00,-3.612756399929705875e+00,-6.677975737993794070e+00,0.000000000000000000e+00,6.162749883397528272e+00,3.053993790986274881e+00
-4.871611955550453565e+00,-1.750851677444235293e+02,-2.066700017945196421e+00,-3.612752479795152460e+00,-6.677975728005933753e+00,0.000000000000000000e+00,6.162781202348168286e+00,3.053994086631250493e+00
-5.232887437773405814e+00,-1.757529652492334833e+02,-2.066700017235739484e+00,-3.612755830123829170e+00,-6.677975722386181090e+00,0.000000000000000000e+00,6.162790636271079592e+00,3.053993794241698811e+00
-5.594162919914155374e+00,-1.764207628620645210e+02,-2.066700018852666965e+00,-3.612748437648485744e+00,-6.677975744820402682e+00,0.000000000000000000e+00,6.162752641019975108e+00,3.053994067274247382e+00
-5.955438402222796412e+00,-1.770885604322402003e+02,-2.066700018799278116e+00,-3.612757148382335970e+00,-6.677975487827246148e+00,0.000000000000000000e+00,6.162776625921644325e+00,3.053993804030852299e+00
-6.316713884333438500e+00,-1.777563580076594292e+02,-2.066700019099960262e+00,-3.612754557106517606e+00,-6.677975867779362140e+00,0.000000000000000000e+00,6.162741732222242419e+00,3.053993886794951873e+00
-6.677989366606911226e+00,-1.784241555302022846e+02,-2.066700018269584493e+00,-3.612761424701165236e+00,-6.677975553779358364e+00,0.000000000000000000e+00,6.162791059039661512e+00,3.053993767231471423e+00
-7.039264848830852905e+00,-1.790919531052774403e+02,-2.066700019038318015e+00,-3.612755657226284001e+00,-6.677975657903336248e+00,0.000000000000000000e+00,6.162776840480273854e+00,3.053993767046658370e+00
-7.400540331048365061e+00,-1.797597507250806643e+02,-2.066700018765921687e+00,-3.612756506701751302e+00,-6.677975864497454062e+00,0.000000000000000000e+00,6.162772140410617716e+00,3.053993987508229146e+00
-7.761815813235552142e+00,-1.804275482747104320e+02,-2.066700018027649577e+00,-3.612755060993408485e+00,-6.677975704974605797e+00,0.000000000000000000e+00,6.162795259023531536e+00,3.053993883532343023e+00
-8.123091295407007806e+00,-1.810953458557434601e+02,-2.066700019162116764e+00,-3.612757387875945803e+00,-6.677975800758242819e+00,0.000000000000000000e+00,6.162801073146927600e+00,3.053993952209782314e+00
-8.484366777628640222e+00,-1.817631434693373933e+02,-2.066700019121074483e+00,-3.612752369886265580e+00,-6.677975770190092142e+00,0.000000000000000000e+00,6.162787058001817364e+00,3.053993904762626332e+00
-8.845642259867940282e+00,-1.824309410000188905e+02,-2.066700018215596124e+00,-3.612756696122642275e+00,-6.677975830676390778e+00,0.000000000000000000e+00,6.162789275778316700e+00,3.053993771023445714e+00
-9.206917742132736393e+00,-1.830987385951169415e+02,-2.066700018100594338e+00,-3.612760755431931869e+00,-6.677975770189033433e+00,0.000000000000000000e+00,6.162777750374329955e+00,3.053993946130275638e+00
-9.568193224280172160e+00,-1.837665361709954084e+02,-2.066700018819672913e+00,-3.612758023874577784e+00,-6.677975764118624369e+00,0.000000000000000000e+00,6.162779541675493356e+00,3.053993673444882262e+00
-9.929468706491334729e+00,-1.844343337686634641e+02,-2.066700018671673078e+00,-3.612756797029106792e+00,-6.677975685822156393e+00,0.000000000000000000e+00,6.162771457797607155e+00,3.053993981016933645e+00
-1.029074418870526308e+01,-1.851021312895173878e+02,-2.066700019085372375e+00,-3.612754794032592809e+00,-6.677975563964366756e+00,0.000000000000000000e+00,6.162786272710284230e+00,3.053993798487167233e+00
-1.065201967094441571e+01,-1.857699289147600723e+02,-2.066700018968337549e+00,-3.612754687689708533e+00,-6.677975752360114647e+00,0.000000000000000000e+00,6.162769803392716739e+00,3.053993806990220605e+00
-1.101329515317747720e+01,-1.864377264727803833e+02,-2.066700019304287927e+00,-3.612756639620971821e+00,-6.677975877704288798e+00,0.000000000000000000e+00,6.162812859476666461e+00,3.053993751437074522e+00
-1.137457063532587398e+01,-1.871055240784316993e+02,-2.066700017994415717e+00,-3.612751709028095171e+00,-6.677975742662000336e+00,0.000000000000000000e+00,6.162778587671641439e+00,3.053993829370868163e+00
-1.173584611758468554e+01,-1.877733216523039914e+02,-2.066700018924039206e+00,-3.612758602704139843e+00,-6.677975619248735839e+00,0.000000000000000000e+00,6.162772857342961430e+00,3.053994043080361820e+00
-1.209712159981761559e+01,-1.884411191818958571e+02,-2.066700017774718123e+00,-3.612759185978390963e+00,-6.677975910659518455e+00,0.000000000000000000e+00,6.162766011265812693e+00,3.053993922557680207e+00
-1.245839708196866269e+01,-1.891089167932943838e+02,-2.066700018991713961e+00,-3.612757050923370628e+00,-6.677975674700228126e+00,0.000000000000000000e+00,6.162800700420926425e+00,3.053994077375612015e+00
-1.281967256420849033e+01,-1.897767143730411874e+02,-2.066700017821872848e+00,-3.612758408135385846e+00,-6.677975815627168465e+00,0.000000000000000000e+00,6.162761933315921148e+00,3.053994021588162244e+00
-1.318094804636500150e+01,-1.904445119211823112e+02,-2.066700019621597217e+00,-3.612751960285892405e+00,-6.677975723304117039e+00,0.000000000000000000e+00,6.162770822452294794e+00,3.053993829412672945e+00
-1.354222352865325973e+01,-1.911123094738859720e+02,-2.066700018393807792e+00,-3.612752047573410508e+00,-6.677975795519904167e+00,0.000000000000000000e+00,6.162824202186358846e+00,3.053993821757758909e+00
-1.390349901088950446e+01,-1.917801070459671564e+02,-2.066700017840507275e+00,-3.612756871529735125e+00,-6.677975937885091362e+00,0.000000000000000000e+00,6.162774454702440785e+00,3.053993984082675528e+00
-1.426477449306271872e+01,-1.924479046213667175e+02,-2.066700018822372531e+00,-3.612753545856972170e+00,-6.677975825577752822e+00,0.000000000000000000e+00,6.162798529859534469e+00,3.053993846855757255e+00
-1.462604997524409889e+01,-1.931157021758134249e+02,-2.066700018802084315e+00,-3.612753249047234494e+00,-6.677975604702720780e+00,0.000000000000000000e+00,6.162699148177904540e+00,3.053993846800977074e+00
-1.498732545750867295e+01,-1.937834998130007591e+02,-2.066700018503843772e+00,-3.612761846761336049e+00,-6.677975799690542225e+00,0.000000000000000000e+00,6.162770291898032937e+00,3.053994115339657256e+00
-1.534860093967546923e+01,-1.944512973990864566e+02,-2.066700017788181576e+00,-3.612758051561596240e+00,-6.677975692527878593e+00,0.000000000000000000e+00,6.162753529681558540e+00,3.053993917687112702e+00
-1.570987642190535105e+01,-1.951190949684034308e+02,-2.066700018202476841e+00,-3.612751948504949517e+00,-6.677975735080991626e+00,0.000000000000000000e+00,6.162800983299023372e+00,3.053993729282941771e+00
-1.607115190420516271e+01,-1.957868925013765420e+02,-2.066700019018183010e+00,-3.612752981318836376e+00,-6.677975764646352452e+00,0.000000000000000000e+00,6.162791449658596044e+00,3.053993671404831911e+00
-1.643242738633379219e+01,-1.964546900864662859e+02,-2.066700017983780224e+00,-3.612752438036494151e+00,-6.677975731842032303e+00,0.000000000000000000e+00,6.162781052619635602e+00,3.053993889669157191e+00
-1.679370286858483041e+01,-1.971224876923250520e+02,-2.066700018460370991e+00,-3.612756229927291063e+00,-6.677975748160590364e+00,0.000000000000000000e+00,6.162745624001373379e+00,3.053993871444719232e+00
-1.715497835077791322e+01,-1.977902852647822556e+02,-2.066700017085578267e+00,-3.612753642209172611e+00,-6.677975925724431328e+00,0.000000000000000000e+00,6.162770320172529459e+00,3.053993879919970844e+00
-1.751625383301169592e+01,-1.984580828147950626e+02,-2.066700018171979902e+00,-3.612754126190318438e+00,-6.677975918430192337e+00,0.000000000000000000e+00,6.162782924591443390e+00,3.053994047130617506e+00
-1.787752931520762445e+01,-1.991258803766782535e+02,-2.066700018894330970e+00,-3.612749103174619503e+00,-6.677975836338520210e+00,0.000000000000000000e+00,6.162776136319966902e+00,3.053993935910290336e+00
-1.823880479737869109e+01,-1.997936779418696744e+02,-2.066700018583059961e+00,-3.612756378696680759e+00,-6.677975800577067744e+00,0.000000000000000000e+00,6.162797766463369520e+00,3.053994057345281732e+00
-1.860008027969041322e+01,-2.004614755587527668e+02,-2.066700018217936918e+00,-3.612759703489537788e+00,-6.677975584754993754e+00,0.000000000000000000e+00,6.162750455309021547e+00,3.053994027435802838e+00
-1.896135576182695459e+01,-2.011292731316571576e+02,-2.066700017732163275e+00,-3.612757370999672091e+00,-6.677975888325611287e+00,0.000000000000000000e+00,6.162759061139777117e+00,3.053993821958933985e+00
-1.932263124409595179e+01,-2.017970706884186143e+02,-2.066700018116005566e+00,-3.612757384556080975e+00,-6.677975675229951058e+00,0.000000000000000000e+00,6.162820330240584177e+00,3.053993958790835350e+00
-1.968390672626263083e+01,-2.024648682591780471e+02,-2.066700018057511024e+00,-3.612756107699940156e+00,-6.677975797463687968e+00,0.000000000000000000e+00,6.162763028560401146e+00,3.053994041784672042e+00
-2.004518220851430144e+01,-2.031326658556465645e+02,-2.066700019027044366e+00,-3.612754963376653805e+00,-6.677975578364776510e+00,0.000000000000000000e+00,6.162778468281971733e+00,3.053993809925051650e+00
-2.040645769074449944e+01,-2.038004634547677654e+02,-2.066700018248491144e+00,-3.612753296278528037e+00,-6.677975575301040578e+00,0.000000000000000000e+00,6.162753498359836435e+00,3.053993784913139553e+00
-2.076773317290992438e+01,-2.044682609579963071e+02,-2.066700018330998478e+00,-3.612755257617140003e+00,-6.677975738477337053e+00,0.000000000000000000e+00,6.162770872506710518e+00,3.053994071292341239e+00
-2.112900865515975113e+01,-2.051360585690631240e+02,-2.066700018938911754e+00,-3.612754126569571955e+00,-6.677975896740117712e+00,0.000000000000000000e+00,6.162759611778749758e+00,3.053993910539693601e+00
-2.149028413734298582e+01,-2.058038561125439685e+02,-2.066700018391688598e+00,-3.612749640535517948e+00,-6.677975721998664405e+00,0.000000000000000000e+00,6.162791594817898400e+00,3.053993744744240235e+00
-2.185155961962133020e+01,-2.064716536473708857e+02,-2.066700018609754608e+00,-3.612759445409530201e+00,-6.677975741647186325e+00,0.000000000000000000e+00,6.162742733972143228e+00,3.053993895547207682e+00
-2.221283510172024123e+01,-2.071394512922502713e+02,-2.066700019402906818e+00,-3.612751585139128085e+00,-6.677975753872495979e+00,0.000000000000000000e+00,6.162772272051420863e+00,3.053993858990741384e+00
-2.257411058400996851e+01,-2.078072488610516757e+02,-2.066700017933790434e+00,-3.612752025793926514e+00,-6.677975871378349915e+00,0.000000000000000000e+00,6.162765924716417487e+00,3.053994000680388954e+00
-2.293538606618264097e+01,-2.084750464187253556e+02,-2.066700017798249522e+00,-3.612754498331974595e+00,-6.677975576608868202e+00,0.000000000000000000e+00,6.162775669341034046e+00,3.053993722074605177e+00
-2.329666154836483472e+01,-2.091428440075810045e+02,-2.066700017844632420e+00,-3.612752298004973550e+00,-6.677975876805357203e+00,0.000000000000000000e+00,6.162775954701745107e+00,3.053993861653510500e+00
-2.365793703061868314e+01,-2.098106415540372325e+02,-2.066700018337673583e+00,-3.612758224044332778e+00,-6.677975598674148472e+00,0.000000000000000000e+00,6.162761941445166869e+00,3.053993915113711211e+00
-2.401921251285564551e+01,-2.104784391003720714e+02,-2.066700018059128841e+00,-3.612753527783034269e+00,-6.677975495483229551e+00,0.000000000000000000e+00,6.162745508534133165e+00,3.053994078822589220e+00
-2.438048799513741471e+01,-2.111462367256299615e+02,-2.066700018529181282e+00,-3.612756891201533982e+00,-6.677975673149867397e+00,0.000000000000000000e+00,6.162777669766175137e+00,3.053993676027129567e+00
-2.474176347728433001e+01,-2.118140342916528880e+02,-2.066700018126548244e+00,-3.612756845249456727e+00,-6.677975706920109111e+00,0.000000000000000000e+00,6.162756534740557512e+00,3.053993865217964565e+00
-2.510303895944626262e+01,-2.124818318981043035e+02,-2.066700018944469086e+00,-3.612758582471889302e+00,-6.677975887966008273e+00,0.000000000000000000e+00,6.162786369098395056e+00,3.053993845771452165e+00
-2.546431444171705749e+01,-2.131496294557684053e+02,-2.066700018423946794e+00,-3.612751460628275790e+00,-6.677975810118824462e+00,0.000000000000000000e+00,6.162744775066238745e+00,3.053993988754135636e+00
-2.582558992388225860e+01,-2.138174270389240803e+02,-2.066700017214015084e+00,-3.612756213713671727e+00,-6.677975857258005021e+00,0.000000000000000000e+00,6.162752890164494346e+00,3.053993801944746345e+00
-2.618686540610790203e+01,-2.144852246168059651e+02,-2.066700018733797606e+00,-3.612747994263015183e+00,-6.677975668355331074e+00,0.000000000000000000e+00,6.162758735889382500e+00,3.053993833130475011e+00
-2.654814088833633079e+01,-2.151530221643462255e+02,-2.066700017939568923e+00,-3.612757408260414582e+00,-6.677975811113118887e+00,0.000000000000000000e+00,6.162803404255307704e+00,3.053993965149524481e+00
-2.690941637054347169e+01,-2.158208197189152031e+02,-2.066700018778261150e+00,-3.612755772803546872e+00,-6.677975761531799392e+00,0.000000000000000000e+00,6.162804495759544920e+00,3.053993893974764617e+00
-2.727069185278397256e+01,-2.164886172880440256e+02,-2.066700019258006282e+00,-3.612752676023537557e+00,-6.677975822794245175e+00,0.000000000000000000e+00,6.162773202442653364e+00,3.053993900693255270e+00
-2.763196733498807944e+01,-2.171564149276331932e+02,-2.066700019215984341e+00,-3.612758309993003625e+00,-6.677975669885967136e+00,0.000000000000000000e+00,6.162783977677163350e+00,3.053993699628675618e+00
-2.799324281716393870e+01,-2.178242124292013671e+02,-2.066700019196693994e+00,-3.612759141478293134e+00,-6.677975729639848090e+00,0.000000000000000000e+00,6.162773604328498855e+00,3.053993794208401003e+00
-2.835451829939103874e+01,-2.184920100479018288e+02,-2.066700018429443286e+00,-3.612758437985444715e+00,-6.677975707567909147e+00,0.000000000000000000e+00,6.162725807466335581e+00,3.053993779941152731e+00
-2.871579378162028462e+01,-2.191598076222476266e+02,-2.066700018164075114e+00,-3.612750962598606286e+00,-6.677975783023610390e+00,0.000000000000000000e+00,6.162761829837583250e+00,3.053993985200487593e+00
-2.907706926381751700e+01,-2.198276051565296143e+02,-2.066700018673378825e+00,-3.612760261762321790e+00,-6.677975713784519485e+00,0.000000000000000000e+00,6.162771057584067513e+00,3.053993904830513362e+00
-2.943834474604129170e+01,-2.204954028012784022e+02,-2.066700018366689484e+00,-3.612756268847739705e+00,-6.677975687105334401e+00,0.000000000000000000e+00,6.162769844660187069e+00,3.053993930422497449e+00
-2.979962022827481860e+01,-2.211632003525332948e+02,-2.066700018195618327e+00,-3.612760357422477586e+00,-6.677975747539150575e+00,0.000000000000000000e+00,6.162799477553632777e+00,3.053994127473467213e+00
-3.016089571047775664e+01,-2.218309978826361544e+02,-2.066700017421104985e+00,-3.612749949797171567e+00,-6.677975764090265720e+00,0.000000000000000000e+00,6.162781998986505805e+00,3.053993789559788397e+00
-3.052217119267710999e+01,-2.224987954740427085e+02,-2.066700017736780914e+00,-3.612753322468174044e+00,-6.677975636643565416e+00,0.000000000000000000e+00,6.162782342147188785e+00,3.053993816805950168e+00
-3.088344667487248429e+01,-2.231665930600258037e+02,-2.066700018851834741e+00,-3.612754861001357565e+00,-6.677975651523040845e+00,0.000000000000000000e+00,6.162770586750959900e+00,3.053994037263466410e+00
-3.124472215709499778e+01,-2.238343906543876756e+02,-2.066700018482986678e+00,-3.612748687766312194e+00,-6.677975797999128105e+00,0.000000000000000000e+00,6.162790521365411500e+00,3.053993779205995018e+00
-3.160599763937149120e+01,-2.245021882070561787e+02,-2.066700017977295190e+00,-3.612748598896237340e+00,-6.677975749298832753e+00,0.000000000000000000e+00,6.162765111102250337e+00,3.053993955722686948e+00
-3.196727312153158707e+01,-2.251699857805006673e+02,-2.066700018703112818e+00,-3.612756927070199353e+00,-6.677975704475880292e+00,0.000000000000000000e+00,6.162810565946802654e+00,3.053993948856021046e+00
-3.232854860377931772e+01,-2.258377833530793737e+02,-2.066700019310604208e+00,-3.612750845593772464e+00,-6.677975687763520796e+00,0.000000000000000000e+00,6.162779541024224983e+00,3.053993667877032525e+00
-3.268982408600972889e+01,-2.265055809055060365e+02,-2.066700019265455879e+00,-3.612755294029668995e+00,-6.677975632280208629e+00,0.000000000000000000e+00,6.162762009042246802e+00,3.053993968206484055e+00
-3.305109956815631023e+01,-2.271733785249690527e+02,-2.066700018255631210e+00,-3.612753634070704489e+00,-6.677975942453237224e+00,0.000000000000000000e+00,6.162793441696933883e+00,3.053993871517249659e+00
-3.341237505039721611e+01,-2.278411760737714644e+02,-2.066700018135811501e+00,-3.612749900985182450e+00,-6.677975710262240128e+00,0.000000000000000000e+00,6.162752192256874650e+00,3.053993852183468860e+00
-3.377365053261112848e+01,-2.285089736559539517e+02,-2.066700018232469738e+00,-3.612757670345348338e+00,-6.677975688265281207e+00,0.000000000000000000e+00,6.162763146399642622e+00,3.053993975591610788e+00
-3.413492601486932898e+01,-2.291767712290947543e+02,-2.066700018761369329e+00,-3.612757617217496442e+00,-6.677975696393939842e+00,0.000000000000000000e+00,6.162735034552061286e+00,3.053993895268666492e+00
-3.449620149709839012e+01,-2.298445688255997652e+02,-2.066700018486875567e+00,-3.612755125749560481e+00,-6.677975768808173562e+00,0.000000000000000000e+00,6.162765595873272773e+00,3.053993836852487487e+00
-3.485747697927445898e+01,-2.305123663747257865e+02,-2.066700018294572061e+00,-3.612754631769601321e+00,-6.677975767464453760e+00,0.000000000000000000e+00,6.162774924753500194e+00,3.053993889955482377e+00
-3.521875246147747873e+01,-2.311801639072170360e+02,-2.066700018006862205e+00,-3.612757311474826594e+00,-6.677975840454283052e+00,0.000000000000000000e+00,6.162742306569429118e+00,3.053993847770623660e+00
-3.558002794369878785e+01,-2.318479615116938817e+02,-2.066700019375251163e+00,-3.612755570645048486e+00,-6.677975790824819846e+00,0.000000000000000000e+00,6.162774100199155392e+00,3.053993915120222447e+00
-3.594130342586175431e+01,-2.325157590862694974e+02,-2.066700017924657740e+00,-3.612754788249773252e+00,-6.677975818018596854e+00,0.000000000000000000e+00,6.162762422286151676e+00,3.053993854692176768e+00
-3.630257890805344090e+01,-2.331835566663860675e+02,-2.066700017881557994e+00,-3.612753917188693542e+00,-6.677975882384446393e+00,0.000000000000000000e+00,6.162774935822751488e+00,3.053993915739203313e+00
-3.666385439035480687e+01,-2.338513542456573191e+02,-2.066700018865535338e+00,-3.612753182623249071e+00,-6.677975652908841653e+00,0.000000000000000000e+00,6.162727768720996480e+00,3.053994133533472599e+00
-3.702512987258451460e+01,-2.345191518049105071e+02,-2.066700018584526344e+00,-3.612748982399131670e+00,-6.677975762683297845e+00,0.000000000000000000e+00,6.162806215210803629e+00,3.053993726050107771e+00
-3.738640535478923965e+01,-2.351869494189579086e+02,-2.066700019096529228e+00,-3.612749602899151924e+00,-6.677975694477973789e+00,0.000000000000000000e+00,6.162785235522323823e+00,3.053993916789231822e+00
-3.774768083695394694e+01,-2.358547469884478573e+02,-2.066700018099741243e+00,-3.612762438208069860e+00,-6.677975838466927883e+00,0.000000000000000000e+00,6.162725051906281060e+00,3.053994024115583183e+00
-3.810895631917599502e+01,-2.365225445311591841e+02,-2.066700019359832385e+00,-3.612760688603272818e+00,-6.677975830900087395e+00,0.000000000000000000e+00,6.162764929225663657e+00,3.053994008581173869e+00
-3.847023180140485010e+01,-2.371903421559533740e+02,-2.066700018319739929e+00,-3.612756012645565118e+00,-6.677975827433097145e+00,0.000000000000000000e+00,6.162783244335326316e+00,3.053993839258929643e+00
-3.883150728360129733e+01,-2.378581397053300464e+02,-2.066700018258667004e+00,-3.612751421984898847e+00,-6.677975828369168809e+00,0.000000000000000000e+00,6.162792271032785152e+00,3.053993824450001338e+00
-3.919278276579410658e+01,-2.385259372485451195e+02,-2.066700017900622743e+00,-3.612757063718493811e+00,-6.677975883673504143e+00,0.000000000000000000e+00,6.162771302714461719e+00,3.053993881766814411e+00
-3.955405824800342884e+01,-2.391937348311142841e+02,-2.066700018655073023e+00,-3.612759540837467753e+00,-6.677975620485979924e+00,0.000000000000000000e+00,6.162769908796624563e+00,3.053993602311790401e+00
-3.991533373025573894e+01,-2.398615323908363166e+02,-2.066700019107093667e+00,-3.612752828657259219e+00,-6.677975806227538946e+00,0.000000000000000000e+00,6.162772767332358903e+00,3.053993922160875396e+00
-4.027660921245527703e+01,-2.405293299886064347e+02,-2.066700018101710334e+00,-3.612752545110024194e+00,-6.677975701179035717e+00,0.000000000000000000e+00,6.162816428016579806e+00,3.053994103148729877e+00
-4.063788469463906949e+01,-2.411971275869285307e+02,-2.066700018017579854e+00,-3.612748286575263812e+00,-6.677975735279507497e+00,0.000000000000000000e+00,6.162775390308786072e+00,3.053993822969327088e+00
-4.099916017681967162e+01,-2.418649250949248994e+02,-2.066700018889301660e+00,-3.612749976392871876e+00,-6.677975769618816670e+00,0.000000000000000000e+00,6.162781673515556946e+00,3.053993682927539588e+00
-4.136043565907405650e+01,-2.425327227402383699e+02,-2.066700018187944021e+00,-3.612754612234128970e+00,-6.677975743578368650e+00,0.000000000000000000e+00,6.162753118354872939e+00,3.053993747245881352e+00
-4.172171114129501746e+01,-2.432005202913082371e+02,-2.066700018267670025e+00,-3.612753265816009307e+00,-6.677975630295066800e+00,0.000000000000000000e+00,6.162813866869863766e+00,3.053993951199925228e+00
-4.208298662349535135e+01,-2.438683178851597120e+02,-2.066700017335228345e+00,-3.612756799421807052e+00,-6.677975779657624678e+00,0.000000000000000000e+00,6.162773446878357042e+00,3.053993833430007410e+00
-4.244426210570468072e+01,-2.445361154809298228e+02,-2.066700018000168004e+00,-3.612755449673981989e+00,-6.677975736020637321e+00,0.000000000000000000e+00,6.162779192850486254e+00,3.053994097934140228e+00
-4.280553758794528818e+01,-2.452039130399595024e+02,-2.066700017026842584e+00,-3.612758588785495384e+00,-6.677975720074952548e+00,0.000000000000000000e+00,6.162784019542006497e+00,3.053993827885402190e+00
-4.316681307018050262e+01,-2.458717105948194046e+02,-2.066700017615663576e+00,-3.612762428903706802e+00,-6.677975679210285342e+00,0.000000000000000000e+00,6.162731408738578054e+00,3.053993708882006164e+00
-4.352808855241335095e+01,-2.465395081761099618e+02,-2.066700018821438611e+00,-3.612751972539195222e+00,-6.677975783950850897e+00,0.000000000000000000e+00,6.162791093910586326e+00,3.053993851588828079e+00
-4.388936403456328605e+01,-2.472073057423570219e+02,-2.066700018235190228e+00,-3.612754735274960272e+00,-6.677975755320201046e+00,0.000000000000000000e+00,6.162768512313464342e+00,3.053993622386812934e+00
-4.425063951687098296e+01,-2.478751033168039726e+02,-2.066700018000096062e+00,-3.612751594655356335e+00,-6.677975634608280586e+00,0.000000000000000000e+00,6.162769392838123750e+00,3.053994278458578293e+00
-4.461191499904461466e+01,-2.485429008788620138e+02,-2.066700019642308650e+00,-3.612759072867497423e+00,-6.677975597897980009e+00,0.000000000000000000e+00,6.162789002561472884e+00,3.053994129534997271e+00
-4.497319048126393426e+01,-2.492106984635547349e+02,-2.066700019184457116e+00,-3.612754233278842264e+00,-6.677975927747057838e+00,0.000000000000000000e+00,6.162751514521183971e+00,3.053993993041800081e+00
-4.533446596350516700e+01,-2.498784960432995774e+02,-2.066700018152186846e+00,-3.612762441347588283e+00,-6.677975809061504009e+00,0.000000000000000000e+00,6.162756062456798745e+00,3.053993856498479875e+00
-4.569574144568809970e+01,-2.505462936347620939e+02,-2.066700018358570645e+00,-3.612749521991055701e+00,-6.677975860041158285e+00,0.000000000000000000e+00,6.162765581361116851e+00,3.053994047950538970e+00
-4.605701692784198542e+01,-2.512140911351010857e+02,-2.066700019221890283e+00,-3.612758087947833818e+00,-6.677975683877829027e+00,0.000000000000000000e+00,6.162753904010987327e+00,3.053994020475682802e+00
-4.641829241011587470e+01,-2.518818887515379288e+02,-2.066700018500316816e+00,-3.612753962544561492e+00,-6.677975797392263324e+00,0.000000000000000000e+00,6.162763345568335716e+00,3.053993819813650923e+00
-4.677956789230181300e+01,-2.525496863066442472e+02,-2.066700018015053431e+00,-3.612755814858561898e+00,-6.677975790725540151e+00,0.000000000000000000e+00,6.162740005021412948e+00,3.053993734867083809e+00
-4.714084337455457785e+01,-2.532174839081802418e+02,-2.066700018253555093e+00,-3.612744904327485962e+00,-6.677975814300892488e+00,0.000000000000000000e+00,6.162766303304964666e+00,3.053994111758464580e+00
-4.750211885673071777e+01,-2.538852815204384399e+02,-2.066700018251701021e+00,-3.612758983121812317e+00,-6.677975746809083013e+00,0.000000000000000000e+00,6.162786967607357447e+00,3.053993749068431907e+00
-4.786339433894850259e+01,-2.545530790647707704e+02,-2.066700018088039936e+00,-3.612759378579198266e+00,-6.677975747223934277e+00,0.000000000000000000e+00,6.162766649440311717e+00,3.053993746447102087e+00
-4.822466982114856648e+01,-2.552208766442969647e+02,-2.066700018618540913e+00,-3.612753523539795619e+00,-6.677975959056499988e+00,0.000000000000000000e+00,6.162798109940236913e+00,3.053993992420531711e+00
-4.858594530340724305e+01,-2.558886741755339358e+02,-2.066700018751825407e+00,-3.612757218428734429e+00,-6.677975786234686240e+00,0.000000000000000000e+00,6.162767741631922647e+00,3.053993875660459878e+00
-4.894722078557938261e+01,-2.565564717768484115e+02,-2.066700017590167082e+00,-3.612758985189146621e+00,-6.677975868879391541e+00,0.000000000000000000e+00,6.162776188138824551e+00,3.053994023998189977e+00
-4.930849626784117135e+01,-2.572242693251549213e+02,-2.066700018657739779e+00,-3.612750879684873073e+00,-6.677975532782043366e+00,0.000000000000000000e+00,6.162759954423959741e+00,3.053993710124192518e+00
-4.966977175001814260e+01,-2.578920669225386746e+02,-2.066700018229415736e+00,-3.612753670465729261e+00,-6.677975748347537710e+00,0.000000000000000000e+00,6.162781278710232513e+00,3.053993744026261226e+00
-5.003104723225649053e+01,-2.585598645041120562e+02,-2.066700018801054917e+00,-3.612761732506685419e+00,-6.677975678543965898e+00,0.000000000000000000e+00,6.162777550166778973e+00,3.053993974984095860e+00
-5.039232271447765754e+01,-2.592276621080063705e+02,-2.066700018077047396e+00,-3.612755273490925845e+00,-6.677975731747428867e+00,0.000000000000000000e+00,6.162787000708759955e+00,3.053993913707526264e+00
-5.075359819662781291e+01,-2.598954596988452295e+02,-2.066700018277531914e+00,-3.612752919086258174e+00,-6.677975674334962086e+00,0.000000000000000000e+00,6.162792905264314669e+00,3.053993850275831257e+00
-5.111487367888686606e+01,-2.605632572561483471e+02,-2.066700018097872071e+00,-3.612754014641723188e+00,-6.677975725828748210e+00,0.000000000000000000e+00,6.162751013397887334e+00,3.053993774911378800e+00
-5.147614916104321026e+01,-2.612310548300171718e+02,-2.066700018833969921e+00,-3.612750417628229016e+00,-6.677975719155264223e+00,0.000000000000000000e+00,6.162763526022979832e+00,3.053994026377091497e+00
-5.183742464323191257e+01,-2.618988523542840312e+02,-2.066700018395585037e+00,-3.612753059782131793e+00,-6.677975638234173061e+00,0.000000000000000000e+00,6.162770284050874459e+00,3.053993696219097664e+00
-5.219870012546287086e+01,-2.625666499874895976e+02,-2.066700019868642713e+00,-3.612752319210784879e+00,-6.677975733082879728e+00,0.000000000000000000e+00,6.162838619665917506e+00,3.053994005146152269e+00
-5.255997560778968847e+01,-2.632344474922442714e+02,-2.066700018430901231e+00,-3.612754710765984090e+00,-6.677975704745415797e+00,0.000000000000000000e+00,6.162774029660171848e+00,3.053993869376693482e+00
-5.292125108996064142e+01,-2.639022450976884784e+02,-2.066700018797698934e+00,-3.612760596904762256e+00,-6.677975712451475587e+00,0.000000000000000000e+00,6.162775967852572201e+00,3.053993820038470641e+00
-5.328252657218089183e+01,-2.645700426215272500e+02,-2.066700017701602832e+00,-3.612753766090583962e+00,-6.677975669064938558e+00,0.000000000000000000e+00,6.162753644245613671e+00,3.053993871580908070e+00
-5.364380205441182881e+01,-2.652378402320463238e+02,-2.066700019264411381e+00,-3.612757111676228039e+00,-6.677975690119819951e+00,0.000000000000000000e+00,6.162760775894176923e+00,3.053994167850755392e+00
-5.400507753662316190e+01,-2.659056378262495173e+02,-2.066700018722587018e+00,-3.612759525937934146e+00,-6.677975821535700796e+00,0.000000000000000000e+00,6.162755547208234042e+00,3.053993961716959582e+00
-5.436635301880151161e+01,-2.665734353664567493e+02,-2.066700019786712250e+00,-3.612761261194878060e+00,-6.677975954163475336e+00,0.000000000000000000e+00,6.162767015842450569e+00,3.053993838136884964e+00
-5.472762850100741616e+01,-2.672412329752675078e+02,-2.066700017900846120e+00,-3.612755955212964221e+00,-6.677975575002150777e+00,0.000000000000000000e+00,6.162757546725456947e+00,3.053993841830176414e+00
-5.508890398324356852e+01,-2.679090305155020815e+02,-2.066700019060442539e+00,-3.612755541007725224e+00,-6.677975590736816791e+00,0.000000000000000000e+00,6.162776636624847093e+00,3.053993720064374084e+00
-5.545017946543616461e+01,-2.685768280629951619e+02,-2.066700018303663455e+00,-3.612759215618501329e+00,-6.677975690574116108e+00,0.000000000000000000e+00,6.162751886837248172e+00,3.053993679960088414e+00
-5.581145494767373094e+01,-2.692446256643869447e+02,-2.066700017659808264e+00,-3.612755155116775807e+00,-6.677975693157523374e+00,0.000000000000000000e+00,6.162746592102080534e+00,3.053993825442060661e+00
-5.617273042987287823e+01,-2.699124232537428725e+02,-2.066700017261839051e+00,-3.612757449045314484e+00,-6.677975787501550187e+00,0.000000000000000000e+00,6.162788152020230115e+00,3.053993783992906774e+00
-5.653400591204287906e+01,-2.705802208236261777e+02,-2.066700018678257145e+00,-3.612757981443161626e+00,-6.677975855577526154e+00,0.000000000000000000e+00,6.162749657912529599e+00,3.053993771169053240e+00
-5.689528139432552223e+01,-2.712480184154399581e+02,-2.066700017951546009e+00,-3.612750660681669945e+00,-6.677975588960162412e+00,0.000000000000000000e+00,6.162804699812181930e+00,3.053993888693733894e+00
-5.725655687650467485e+01,-2.719158159718980414e+02,-2.066700018415910112e+00,-3.612751014147244533e+00,-6.677975837522538427e+00,0.000000000000000000e+00,6.162782903498442266e+00,3.053994046064695489e+00
-5.761783235875396514e+01,-2.725836135567903966e+02,-2.066700018721636667e+00,-3.612759127450292151e+00,-6.677975597391411000e+00,0.000000000000000000e+00,6.162756049737924791e+00,3.053993949197758351e+00
-5.797910784090443315e+01,-2.732514111409177531e+02,-2.066700018373252234e+00,-3.612752797555240036e+00,-6.677975695141567414e+00,0.000000000000000000e+00,6.162778509361259260e+00,3.053993764675576372e+00
-5.834038332311716601e+01,-2.739192086668332422e+02,-2.066700017901903497e+00,-3.612758027356379298e+00,-6.677975625805157911e+00,0.000000000000000000e+00,6.162777013023407413e+00,3.053994194003259555e+00
-5.870165880537027192e+01,-2.745870062909440890e+02,-2.066700017635698661e+00,-3.612751959746417718e+00,-6.677975766500725996e+00,0.000000000000000000e+00,6.162788859650068396e+00,3.053993843417528886e+00
-5.906293428755481045e+01,-2.752548038695912282e+02,-2.066700018665264871e+00,-3.612753108952438286e+00,-6.677975996188327379e+00,0.000000000000000000e+00,6.162746982133612050e+00,3.053993783388952110e+00
-5.942420976983682834e+01,-2.759226014425932476e+02,-2.066700018261166782e+00,-3.612752516180576023e+00,-6.677975777037877592e+00,0.000000000000000000e+00,6.162769312934240240e+00,3.053993655708484134e+00
-5.978548525203999020e+01,-2.765903989839005703e+02,-2.066700018051024657e+00,-3.612753495311658902e+00,-6.677975726930958089e+00,0.000000000000000000e+00,6.162788081080730507e+00,3.053993766252740105e+00
-6.014676073422569402e+01,-2.772581965509875204e+02,-2.066700018191804045e+00,-3.612752371156968234e+00,-6.677975798215156189e+00,0.000000000000000000e+00,6.162780213503270765e+00,3.053993787078591815e+00
-6.050803621637880525e+01,-2.779259941145068638e+02,-2.066700018040281250e+00,-3.612757374292165480e+00,-6.677975723688977183e+00,0.000000000000000000e+00,6.162805317665749349e+00,3.053993876034168498e+00
-6.086931169862549496e+01,-2.785937916960487541e+02,-2.066700019348247430e+00,-3.612753030263054832e+00,-6.677975821915683952e+00,0.000000000000000000e+00,6.162797127205839054e+00,3.053994023885556075e+00
-6.123058718082344853e+01,-2.792615892672583868e+02,-2.066700018476943956e+00,-3.612761324416646325e+00,-6.677975697582596126e+00,0.000000000000000000e+00,6.162747957768943685e+00,3.053994122556205504e+00
-6.159186266308300617e+01,-2.799293868559753946e+02,-2.066700018612003920e+00,-3.612751861207387893e+00,-6.677975711600005582e+00,0.000000000000000000e+00,6.162762250700100530e+00,3.053993812458459800e+00
-6.195313814526890184e+01,-2.805971844163715900e+02,-2.066700018718221621e+00,-3.612758869673228901e+00,-6.677975655632838681e+00,0.000000000000000000e+00,6.162796872208836874e+00,3.053993859047716697e+00
-6.231441362749305313e+01,-2.812649820467160566e+02,-2.066700018331418587e+00,-3.612754505554318651e+00,-6.677975692818911568e+00,0.000000000000000000e+00,6.162798459288395314e+00,3.053994011215569238e+00
-6.267568910978010166e+01,-2.819327796547710250e+02,-2.066700019073038241e+00,-3.612757135337649750e+00,-6.677975636500153911e+00,0.000000000000000000e+00,6.162760899280901761e+00,3.053993941790482225e+00
-6.303696459193626822e+01,-2.826005771551463113e+02,-2.066700019239815500e+00,-3.612754177287882840e+00,-6.677975540175872027e+00,0.000000000000000000e+00,6.162779622292581472e+00,3.053993801531441399e+00
-6.339824007407924711e+01,-2.832683747720067799e+02,-2.066700019355662388e+00,-3.612747752396196166e+00,-6.677975829701519928e+00,0.000000000000000000e+00,6.162771869491550980e+00,3.053993845269139751e+00
-6.375951555632480705e+01,-2.839361723083258084e+02,-2.066700018759060953e+00,-3.612756520261982018e+00,-6.677975691680301473e+00,0.000000000000000000e+00,6.162750372811634847e+00,3.053993804364485420e+00
-6.412079103855674589e+01,-2.846039699039664583e+02,-2.066700017344820228e+00,-3.612756746979843836e+00,-6.677975809188841261e+00,0.000000000000000000e+00,6.162757607824552508e+00,3.053993754834665619e+00
-6.448206652079952050e+01,-2.852717674661465139e+02,-2.066700018101927494e+00,-3.612758877536747626e+00,-6.677975788524460832e+00,0.000000000000000000e+00,6.162758540343002522e+00,3.053993975902792535e+00
-6.484334200295448625e+01,-2.859395650753227756e+02,-2.066700018313068377e+00,-3.612747946716017733e+00,-6.677975762336501475e+00,0.000000000000000000e+00,6.162781971904873757e+00,3.053993696750654685e+00
-6.520461748523757706e+01,-2.866073625983167403e+02,-2.066700018128799776e+00,-3.612753873956851436e+00,-6.677975714755684855e+00,0.000000000000000000e+00,6.162773560134074735e+00,3.053993961370246701e+00
-6.556589296737706718e+01,-2.872751602046961921e+02,-2.066700019686224632e+00,-3.612757025042389269e+00,-6.677975766087260290e+00,0.000000000000000000e+00,6.162752578679785209e+00,3.053994041667125625e+00
-6.592716844965777057e+01,-2.879429577973345999e+02,-2.066700019606904082e+00,-3.612751150525580712e+00,-6.677975747633841053e+00,0.000000000000000000e+00,6.162743854057942450e+00,3.053993692847832175e+00
-6.628844393186842865e+01,-2.886107553592316890e+02,-2.066700018330352329e+00,-3.612744881447713663e+00,-6.677975717833811942e+00,0.000000000000000000e+00,6.162750196472670972e+00,3.053994077659076378e+00
-6.664971941408964540e+01,-2.892785529045855810e+02,-2.066700017906681008e+00,-3.612756048667944420e+00,-6.677975776342636394e+00,0.000000000000000000e+00,6.162816941626766187e+00,3.053993808770564033e+00
-6.701099489628845163e+01,-2.899463505159198462e+02,-2.066700017731055272e+00,-3.612755071882827185e+00,-6.677975853320171851e+00,0.000000000000000000e+00,6.162773451294960125e+00,3.053993925966251854e+00
-6.737227037848914790e+01,-2.906141481068556800e+02,-2.066700018817627882e+00,-3.612750771437114317e+00,-6.677975745176328637e+00,0.000000000000000000e+00,6.162755427670791875e+00,3.053993936305964052e+00
-6.773354586072736083e+01,-2.912819456250619510e+02,-2.066700018439017406e+00,-3.612752392701831905e+00,-6.677975739316061699e+00,0.000000000000000000e+00,6.162742688051372930e+00,3.053993919744807162e+00
-6.809482134289608268e+01,-2.919497432414768809e+02,-2.066700018951519446e+00,-3.612751882301215467e+00,-6.677975625034246576e+00,0.000000000000000000e+00,6.162777247379422008e+00,3.053994047469240858e+00
-6.845609682510706762e+01,-2.926175408207266742e+02,-2.066700018621407509e+00,-3.612753769932826042e+00,-6.677975718175262365e+00,0.000000000000000000e+00,6.162771493264751932e+00,3.053993852630755512e+00
-6.881737230734223942e+01,-2.932853383610891456e+02,-2.066700018273845529e+00,-3.612752366005305582e+00,-6.677975606060983615e+00,0.000000000000000000e+00,6.162795022307105519e+00,3.053994097510111860e+00
-6.917864778952120730e+01,-2.939531359396395942e+02,-2.066700019198986382e+00,-3.612754589568573760e+00,-6.677975652625470993e+00,0.000000000000000000e+00,6.162784576357118738e+00,3.053993839005474609e+00
-6.953992327174708521e+01,-2.946209335099474060e+02,-2.066700018041399911e+00,-3.612743122911739047e+00,-6.677975701028486810e+00,0.000000000000000000e+00,6.162742270129876410e+00,3.053993746501725948e+00
-6.990119875394526616e+01,-2.952887311337134406e+02,-2.066700018029291819e+00,-3.612750778140374042e+00,-6.677975601624836166e+00,0.000000000000000000e+00,6.162764056309986138e+00,3.053994028644190006e+00
-7.026247423614721299e+01,-2.959565286598376588e+02,-2.066700018638663483e+00,-3.612756152323977066e+00,-6.677975726895660991e+00,0.000000000000000000e+00,6.162801380307590726e+00,3.053994029827262313e+00
-7.062374971842073990e+01,-2.966243262717659945e+02,-2.066700017315000970e+00,-3.612759000378903185e+00,-6.677975796472680692e+00,0.000000000000000000e+00,6.162720861138062389e+00,3.053994129669112656e+00
-7.098502520059011545e+01,-2.972921238353404192e+02,-2.066700018728417909e+00,-3.612761787318493401e+00,-6.677975633448820503e+00,0.000000000000000000e+00,6.162779384459191157e+00,3.053993781406653341e+00
-7.134630068286465132e+01,-2.979599214069593813e+02,-2.066700017880058304e+00,-3.612754175279814017e+00,-6.677975690092263328e+00,0.000000000000000000e+00,6.162770013386685619e+00,3.053993694818242677e+00
-7.170757616504263865e+01,-2.986277189876206535e+02,-2.066700018415908779e+00,-3.612749725506843479e+00,-6.677975780837833497e+00,0.000000000000000000e+00,6.162751445914735449e+00,3.053993713415666278e+00
-7.206885164728761595e+01,-2.992955165619638365e+02,-2.066700018573241593e+00,-3.612756932562569023e+00,-6.677975864182344345e+00,0.000000000000000000e+00,6.162764628276279133e+00,3.053993910524712252e+00
-7.243012712953553489e+01,-2.999633141288316551e+02,-2.066700018876890699e+00,-3.612754270561171044e+00,-6.677975984786177932e+00,0.000000000000000000e+00,6.162764870045566390e+00,3.053993968357713751e+00
-7.279140261172538828e+01,-3.006311116589944845e+02,-2.066700018572634079e+00,-3.612749613076736921e+00,-6.677975771162361518e+00,0.000000000000000000e+00,6.162772596979493755e+00,3.053993876508978023e+00
-7.315267809398328325e+01,-3.012989092861726022e+02,-2.066700018397170435e+00,-3.612752294199921721e+00,-6.677975672761867543e+00,0.000000000000000000e+00,6.162764664292682326e+00,3.053993886763590293e+00
-7.351395357610351766e+01,-3.019667068419582279e+02,-2.066700018746165490e+00,-3.612756348959960562e+00,-6.677975878266191323e+00,0.000000000000000000e+00,6.162757128291658226e+00,3.053993820135455728e+00
-7.387522905831212938e+01,-3.026345044048479167e+02,-2.066700019248206566e+00,-3.612754777995302646e+00,-6.677975802106032255e+00,0.000000000000000000e+00,6.162786163334081024e+00,3.053994011309392409e+00
-7.423650454054923387e+01,-3.033023019959850899e+02,-2.066700019289009482e+00,-3.612754822658139187e+00,-6.677975679694932332e+00,0.000000000000000000e+00,6.162779132279993632e+00,3.053993906698784677e+00
-7.459778002270749653e+01,-3.039700995615110628e+02,-2.066700018497659386e+00,-3.612751345283863547e+00,-6.677975809355916503e+00,0.000000000000000000e+00,6.162749774621434362e+00,3.053994082412051725e+00
-7.495905550498255820e+01,-3.046378970995578470e+02,-2.066700018819013440e+00,-3.612750951183207881e+00,-6.677975705642836601e+00,0.000000000000000000e+00,6.162774738757926585e+00,3.053993838465807187e+00
-7.532033098714809682e+01,-3.053056947247922608e+02,-2.066700017621200480e+00,-3.612748846189742125e+00,-6.677975601583702847e+00,0.000000000000000000e+00,6.162792861181642934e+00,3.053993921819723401e+00
-7.568160646941065295e+01,-3.059734922905900021e+02,-2.066700019007412514e+00,-3.612752565377242320e+00,-6.677975906681602680e+00,0.000000000000000000e+00,6.162793120272904268e+00,3.053994027979887171e+00
-7.604288195158333963e+01,-3.066412898451207525e+02,-2.066700019010168976e+00,-3.612756180337125755e+00,-6.677975840259888329e+00,0.000000000000000000e+00,6.162748274939365167e+00,3.053993836019940122e+00
-7.640415743386519409e+01,-3.073090874064773175e+02,-2.066700017094581732e+00,-3.612748267928308277e+00,-6.677975825632795903e+00,0.000000000000000000e+00,6.162764432395459124e+00,3.053993741289977137e+00
-7.676543291607256947e+01,-3.079768850104630360e+02,-2.066700017772968856e+00,-3.612757569926306811e+00,-6.677975520137667154e+00,0.000000000000000000e+00,6.162760831870904177e+00,3.053993853033215355e+00
-7.712670839826729718e+01,-3.086446825492774906e+02,-2.066700018640660108e+00,-3.612756734432085448e+00,-6.677975778966308340e+00,0.000000000000000000e+00,6.162783432630660307e+00,3.053993719320424738e+00
-7.748798388040735574e+01,-3.093124801676654556e+02,-2.066700018187912047e+00,-3.612753748593247494e+00,-6.677975759731240579e+00,0.000000000000000000e+00,6.162787299525343876e+00,3.053993871931434345e+00
-7.784925936270619218e+01,-3.099802777187161951e+02,-2.066700017628106512e+00,-3.612751219757015519e+00,-6.677975838351617455e+00,0.000000000000000000e+00,6.162783688683041383e+00,3.053993785684517626e+00
-7.821053484486283480e+01,-3.106480752930169729e+02,-2.066700017552802304e+00,-3.612749693154483577e+00,-6.677975713015706916e+00,0.000000000000000000e+00,6.162765312022147057e+00,3.053993852964572042e+00
-7.857181032711541491e+01,-3.113158728714242329e+02,-2.066700019127301502e+00,-3.612752685947739018e+00,-6.677975880575417023e+00,0.000000000000000000e+00,6.162756923530526620e+00,3.053993880183439202e+00
-7.893308580933900487e+01,-3.119836704216843373e+02,-2.066700019015691669e+00,-3.612754690709116812e+00,-6.677975878873207094e+00,0.000000000000000000e+00,6.162758619820180250e+00,3.053994054896446375e+00
-7.929436129151279999e+01,-3.126514679874131275e+02,-2.066700018054643095e+00,-3.612756851352473042e+00,-6.677975760355384871e+00,0.000000000000000000e+00,6.162797103547067223e+00,3.053994158425926919e+00
-7.965563677377934937e+01,-3.133192656192586014e+02,-2.066700018771190361e+00,-3.612757739156979842e+00,-6.677975852708123661e+00,0.000000000000000000e+00,6.162782620949436740e+00,3.053993762612863705e+00
-8.001691225597924984e+01,-3.139870631786137665e+02,-2.066700018150260387e+00,-3.612755929575295344e+00,-6.677975841480607855e+00,0.000000000000000000e+00,6.162774099878056688e+00,3.053993844457257634e+00
-8.037818773819337537e+01,-3.146548607561632025e+02,-2.066700017616983853e+00,-3.612753984551670072e+00,-6.677975823481017592e+00,0.000000000000000000e+00,6.162775521108120991e+00,3.053993846514026611e+00
-8.073946322040791301e+01,-3.153226583308203317e+02,-2.066700018195813282e+00,-3.612755652773192327e+00,-6.677975687372649460e+00,0.000000000000000000e+00,6.162817371975141789e+00,3.053993855563828408e+00
-8.110073870264622542e+01,-3.159904558448091052e+02,-2.066700018752825052e+00,-3.612753350262287277e+00,-6.677975790017912416e+00,0.000000000000000000e+00,6.162765733943134983e+00,3.053993957674875581e+00
-8.146201418482733914e+01,-3.166582534934700561e+02,-2.066700018177585640e+00,-3.612754695255961934e+00,-6.677975699051413194e+00,0.000000000000000000e+00,6.162788769083375584e+00,3.053993933263277505e+00
-8.182328966704534423e+01,-3.173260510265230891e+02,-2.066700018334691968e+00,-3.612748299329422430e+00,-6.677975748489142660e+00,0.000000000000000000e+00,6.162773981664459555e+00,3.053993630654164182e+00
-8.218456514923693135e+01,-3.179938486536650544e+02,-2.066700018977030595e+00,-3.612755256582610652e+00,-6.677975781432708757e+00,0.000000000000000000e+00,6.162765614789177171e+00,3.053993816278108842e+00
-8.254584063148284656e+01,-3.186616461783291356e+02,-2.066700018382951143e+00,-3.612755003401391996e+00,-6.677975752664060849e+00,0.000000000000000000e+00,6.162801840421439969e+00,3.053993922060694199e+00
-8.290711611366873512e+01,-3.193294437644207164e+02,-2.066700018804116024e+00,-3.612760495936627070e+00,-6.677975795525425973e+00,0.000000000000000000e+00,6.162753242200242454e+00,3.053993920385437821e+00
-8.326839159586189965e+01,-3.199972413447080726e+02,-2.066700018575488684e+00,-3.612759029718071169e+00,-6.677975808986061246e+00,0.000000000000000000e+00,6.162776645485716465e+00,3.053993959922442603e+00
-8.362966707814219092e+01,-3.206650389109948378e+02,-2.066700019157055479e+00,-3.612757618251460467e+00,-6.677975706374764009e+00,0.000000000000000000e+00,6.162755748273352374e+00,3.053993910406775480e+00
-8.399094256036687511e+01,-3.213328364917186377e+02,-2.066700018696673080e+00,-3.612753439428207702e+00,-6.677975907158672619e+00,0.000000000000000000e+00,6.162751772517004234e+00,3.053993944468036403e+00
-8.435221804256293865e+01,-3.220006340662419575e+02,-2.066700018091177427e+00,-3.612753073583423014e+00,-6.677975733293218141e+00,0.000000000000000000e+00,6.162749524738218909e+00,3.053994031765015382e+00
-8.471349352474628347e+01,-3.226684316833018897e+02,-2.066700018549296747e+00,-3.612758600232647055e+00,-6.677975828197268093e+00,0.000000000000000000e+00,6.162785960453719625e+00,3.053993915900783396e+00
-8.507476900697457722e+01,-3.233362292613613818e+02,-2.066700018146664153e+00,-3.612759781533020575e+00,-6.677975771234383018e+00,0.000000000000000000e+00,6.162772760217775314e+00,3.053994121727312105e+00
-8.543604448921367123e+01,-3.240040267812809702e+02,-2.066700017857480365e+00,-3.612759423571503259e+00,-6.677975732006110832e+00,0.000000000000000000e+00,6.162784287364455160e+00,3.053993792768127769e+00
-8.579731997138631527e+01,-3.246718243273356848e+02,-2.066700018127070493e+00,-3.612752407282883826e+00,-6.677975586789606233e+00,0.000000000000000000e+00,6.162768217017162264e+00,3.053994001456321605e+00
-8.615859545362177130e+01,-3.253396219347068268e+02,-2.066700019348753692e+00,-3.612754768052730547e+00,-6.677975797371895617e+00,0.000000000000000000e+00,6.162763459626137141e+00,3.053993765181428177e+00
-8.651987093587310085e+01,-3.260074194984855467e+02,-2.066700018835215591e+00,-3.612753447270648177e+00,-6.677975863798190304e+00,0.000000000000000000e+00,6.162769052395324465e+00,3.053993794540898588e+00
-8.688114641802613392e+01,-3.266752170904492800e+02,-2.066700018982026599e+00,-3.612754964371467814e+00,-6.677975722375399492e+00,0.000000000000000000e+00,6.162787012944886733e+00,3.053993691101156482e+00
-8.724242190025091759e+01,-3.273430146646491607e+02,-2.066700017987782356e+00,-3.612751095086952802e+00,-6.677975728024343915e+00,0.000000000000000000e+00,6.162774777638498236e+00,3.053993841304791790e+00
-8.760369738240834181e+01,-3.280108122389902405e+02,-2.066700018807467565e+00,-3.612753058602097056e+00,-6.677975732493100836e+00,0.000000000000000000e+00,6.162767457111221425e+00,3.053993683626366806e+00
-8.796497286468061816e+01,-3.286786098168934132e+02,-2.066700019060996318e+00,-3.612759067190089990e+00,-6.677975794433232082e+00,0.000000000000000000e+00,6.162781500126224721e+00,3.053993954650661369e+00
-8.832624834689291049e+01,-3.293464073653091759e+02,-2.066700017474564444e+00,-3.612753315997387915e+00,-6.677975663094227521e+00,0.000000000000000000e+00,6.162739315840306098e+00,3.053993813519508826e+00
-8.868752382912003895e+01,-3.300142049019375463e+02,-2.066700018367966241e+00,-3.612759301883643026e+00,-6.677975765746524850e+00,0.000000000000000000e+00,6.162786429506160957e+00,3.053993717052941204e+00
-8.904879931133039861e+01,-3.306820025056596251e+02,-2.066700018984526377e+00,-3.612755589749592211e+00,-6.677975721073834414e+00,0.000000000000000000e+00,6.162752370081267195e+00,3.053994130158474540e+00
-8.941007479353805820e+01,-3.313498001087257876e+02,-2.066700018656355109e+00,-3.612755738879058764e+00,-6.677975669514466972e+00,0.000000000000000000e+00,6.162758309460733663e+00,3.053993970204881947e+00
-8.977135027570847114e+01,-3.320175976953883605e+02,-2.066700018386307125e+00,-3.612758504032305584e+00,-6.677975632959712193e+00,0.000000000000000000e+00,6.162777636951377147e+00,3.053993995680660323e+00
-9.013262575792850839e+01,-3.326853952761156847e+02,-2.066700018462151789e+00,-3.612752295299514138e+00,-6.677975475150532247e+00,0.000000000000000000e+00,6.162783405138999804e+00,3.053994161605247282e+00
-9.049390124020425219e+01,-3.333531928399696653e+02,-2.066700019000383026e+00,-3.612755260380500211e+00,-6.677975709733898313e+00,0.000000000000000000e+00,6.162790867636176451e+00,3.053993960526532714e+00
-9.085517672237824627e+01,-3.340209904102644600e+02,-2.066700018217728196e+00,-3.612752783938053103e+00,-6.677975897952816986e+00,0.000000000000000000e+00,6.162760651724479288e+00,3.053993970281551285e+00
-9.121645220458444214e+01,-3.346887879688924272e+02,-2.066700017592043803e+00,-3.612750185666555147e+00,-6.677975652996578582e+00,0.000000000000000000e+00,6.162786065167452421e+00,3.053993895497701949e+00
-9.157772768677487818e+01,-3.353565855364147978e+02,-2.066700018368632374e+00,-3.612750912276880388e+00,-6.677975840995425294e+00,0.000000000000000000e+00,6.162751845802799444e+00,3.053993916852377755e+00
-9.193900316902650616e+01,-3.360243831334444735e+02,-2.066700019187721615e+00,-3.612751925005923237e+00,-6.677975743470834225e+00,0.000000000000000000e+00,6.162783824064485216e+00,3.053994200081925570e+00
-9.230027865125082087e+01,-3.366921807397519046e+02,-2.066700018212701995e+00,-3.612752847867451322e+00,-6.677975743164914491e+00,0.000000000000000000e+00,6.162767089757030803e+00,3.053993945386348496e+00
-9.266155413345320824e+01,-3.373599782685791411e+02,-2.066700018090183111e+00,-3.612759868787399409e+00,-6.677975738323783439e+00,0.000000000000000000e+00,6.162753630382782788e+00,3.053994028837928809e+00
-9.302282961562103480e+01,-3.380277758619063206e+02,-2.066700018819845663e+00,-3.612750580015033020e+00,-6.677975624631502072e+00,0.000000000000000000e+00,6.162763886614741615e+00,3.053993951373618732e+00
-9.338410509786362468e+01,-3.386955734260201325e+02,-2.066700018271326655e+00,-3.612758644547860332e+00,-6.677975711911969370e+00,0.000000000000000000e+00,6.162770048346627227e+00,3.053993590736659325e+00
-9.374538058006905317e+01,-3.393633709963985439e+02,-2.066700018500360336e+00,-3.612755214386509373e+00,-6.677975696369438552e+00,0.000000000000000000e+00,6.162768684893755733e+00,3.053993967098330931e+00
-9.410665606233087033e+01,-3.400311685669020108e+02,-2.066700018318314402e+00,-3.612757918910094013e+00,-6.677975596261060964e+00,0.000000000000000000e+00,6.162769476236311661e+00,3.053993517183206663e+00
-9.446793154455271235e+01,-3.406989661630320256e+02,-2.066700018869579214e+00,-3.612752818984421133e+00,-6.677975728139496248e+00,0.000000000000000000e+00,6.162767108113814452e+00,3.053993868648964050e+00
-9.482920702674051938e+01,-3.413667636794885993e+02,-2.066700017930014788e+00,-3.612757455335266599e+00,-6.677975563391515657e+00,0.000000000000000000e+00,6.162766302055270984e+00,3.053993912009871359e+00
-9.519048250894678631e+01,-3.420345613177980795e+02,-2.066700018544691986e+00,-3.612751437918232167e+00,-6.677975895571499620e+00,0.000000000000000000e+00,6.162755053745914147e+00,3.053993849562763874e+00
-9.555175799114201141e+01,-3.427023588519417103e+02,-2.066700017803614564e+00,-3.612750969289339587e+00,-6.677975716589286570e+00,0.000000000000000000e+00,6.162779902113669550e+00,3.053994018438753510e+00
-9.591303347349467856e+01,-3.433701564348207285e+02,-2.066700018671397743e+00,-3.612750385911438489e+00,-6.677975845203937943e+00,0.000000000000000000e+00,6.162776870655544137e+00,3.053993790273680453e+00
-9.627430895563139757e+01,-3.440379539979978745e+02,-2.066700017908322806e+00,-3.612758442189897945e+00,-6.677975634554941031e+00,0.000000000000000000e+00,6.162768972378021459e+00,3.053993758050950191e+00
-9.663558443778298113e+01,-3.447057516124400536e+02,-2.066700018923916193e+00,-3.612753091562732166e+00,-6.677975869931213282e+00,0.000000000000000000e+00,6.162750995598750059e+00,3.053993691468028793e+00
-9.699685991997888834e+01,-3.453735491705285767e+02,-2.066700017377338661e+00,-3.612757027880471039e+00,-6.677975783749849015e+00,0.000000000000000000e+00,6.162764391758763338e+00,3.053993822321129148e+00
-9.735813540224634721e+01,-3.460413467618199093e+02,-2.066700018062933353e+00,-3.612751476095341197e+00,-6.677975653201479567e+00,0.000000000000000000e+00,6.162767303600245938e+00,3.053994083265659132e+00
-9.771941088450823543e+01,-3.467091443244796665e+02,-2.066700018434085351e+00,-3.612753486623105914e+00,-6.677975777778004662e+00,0.000000000000000000e+00,6.162775170380442979e+00,3.053993789320192498e+00
-9.808068636667873363e+01,-3.473769418643595941e+02,-2.066700018609001432e+00,-3.612757645101014603e+00,-6.677975776500788996e+00,0.000000000000000000e+00,6.162799453194162780e+00,3.053993848276765011e+00
-9.844196184889965195e+01,-3.480447394464200102e+02,-2.066700019574561065e+00,-3.612757294573898381e+00,-6.677975820277731955e+00,0.000000000000000000e+00,6.162762375520699720e+00,3.053993853875613951e+00
-9.880323733105190342e+01,-3.487125370181886410e+02,-2.066700018661578042e+00,-3.612754640543469620e+00,-6.677975860319841139e+00,0.000000000000000000e+00,6.162789058147772892e+00,3.053993734940699589e+00
-9.916451281326943956e+01,-3.493803345890872265e+02,-2.066700019092227780e+00,-3.612753634926752611e+00,-6.677975549315831927e+00,0.000000000000000000e+00,6.162757783325238492e+00,3.053993812778927008e+00
-9.952578829550806461e+01,-3.500481321631526157e+02,-2.066700018571205000e+00,-3.612755552852778607e+00,-6.677975668968135103e+00,0.000000000000000000e+00,6.162747539482048786e+00,3.053993622160777299e+00
-9.988706377770532185e+01,-3.507159297868313388e+02,-2.066700018628738089e+00,-3.612749121407688335e+00,-6.677975534978123129e+00,0.000000000000000000e+00,6.162779460939178833e+00,3.053993943344226025e+00
-1.002483392599243075e+02,-3.513837273282827027e+02,-2.066700019116671783e+00,-3.612752913812123712e+00,-6.677975795876532672e+00,0.000000000000000000e+00,6.162803551689871817e+00,3.053993990078194276e+00
-1.006096147421745997e+02,-3.520515249018419581e+02,-2.066700018763003133e+00,-3.612752846167278431e+00,-6.677975840602594637e+00,0.000000000000000000e+00,6.162736387614116573e+00,3.053993902318042686e+00
-1.009708902244000939e+02,-3.527193224605742330e+02,-2.066700018717432918e+00,-3.612757723161650780e+00,-6.677975560323734072e+00,0.000000000000000000e+00,6.162772182125439535e+00,3.053993918317946310e+00
-1.013321657065740311e+02,-3.533871200619004753e+02,-2.066700017631853292e+00,-3.612753915346982758e+00,-6.677975718697566343e+00,0.000000000000000000e+00,6.162756261156864923e+00,3.053994023332943897e+00
-1.016934411887791327e+02,-3.540549176492816628e+02,-2.066700018309265197e+00,-3.612755457096510359e+00,-6.677975821827311087e+00,0.000000000000000000e+00,6.162737438755520714e+00,3.053994044699734456e+00
-1.020547166710173457e+02,-3.547227151989609411e+02,-2.066700018563342844e+00,-3.612753307537744707e+00,-6.677975718080939593e+00,0.000000000000000000e+00,6.162811420812940533e+00,3.053994011280285470e+00
-1.024159921532654636e+02,-3.553905127408991689e+02,-2.066700018221310220e+00,-3.612759599537202160e+00,-6.677975820312991750e+00,0.000000000000000000e+00,6.162803991531620618e+00,3.053993837774428677e+00
-1.027772676353724393e+02,-3.560583103788472954e+02,-2.066700017682205903e+00,-3.612755716704909581e+00,-6.677975844235975345e+00,0.000000000000000000e+00,6.162738627456323393e+00,3.053993657094344005e+00
-1.031385431176137928e+02,-3.567261079448578016e+02,-2.066700018571999031e+00,-3.612755213776184693e+00,-6.677975679020271116e+00,0.000000000000000000e+00,6.162771031384239429e+00,3.053994069838227077e+00
-1.034998185998146454e+02,-3.573939054632857051e+02,-2.066700017382640198e+00,-3.612757605013664719e+00,-6.677975984070831039e+00,0.000000000000000000e+00,6.162786300927330707e+00,3.053993754428348417e+00
-1.038610940821271953e+02,-3.580617030847749902e+02,-2.066700017856061500e+00,-3.612755426258153602e+00,-6.677975633901400698e+00,0.000000000000000000e+00,6.162774080448061298e+00,3.053993990457943841e+00
-1.042223695642895649e+02,-3.587295006484193323e+02,-2.066700018911993730e+00,-3.612754786524688289e+00,-6.677975816671205322e+00,0.000000000000000000e+00,6.162773579047500228e+00,3.053993804908884169e+00
-1.045836450464806546e+02,-3.593972982256165665e+02,-2.066700018180134713e+00,-3.612752272546647880e+00,-6.677975682170416150e+00,0.000000000000000000e+00,6.162736927681396359e+00,3.053993971228202042e+00
-1.049449205287265272e+02,-3.600650958082890156e+02,-2.066700018787052340e+00,-3.612762696283879027e+00,-6.677975831300856591e+00,0.000000000000000000e+00,6.162790386654700470e+00,3.053993998599325632e+00
-1.053061960109117479e+02,-3.607328934018444784e+02,-2.066700018245900328e+00,-3.612757603725886391e+00,-6.677975666012391009e+00,0.000000000000000000e+00,6.162831118529515706e+00,3.053993744165965030e+00
-1.056674714931191659e+02,-3.614006909572011637e+02,-2.066700018133591499e+00,-3.612761553946751913e+00,-6.677975662987416960e+00,0.000000000000000000e+00,6.162759899584495216e+00,3.053993771619436526e+00
-1.060287469753968281e+02,-3.620684885453846960e+02,-2.066700018883052437e+00,-3.612753799897531870e+00,-6.677975548504505809e+00,0.000000000000000000e+00,6.162754536083597579e+00,3.053994009627942319e+00
-1.063900224575929769e+02,-3.627362860913134455e+02,-2.066700018635703184e+00,-3.612754040790082666e+00,-6.677975914037366678e+00,0.000000000000000000e+00,6.162790266889460078e+00,3.053993778663003145e+00
-1.067512979398028108e+02,-3.634040836870848921e+02,-2.066700018832813068e+00,-3.612755428679969683e+00,-6.677975799382281252e+00,0.000000000000000000e+00,6.162790683052759455e+00,3.053993915037338081e+00
-1.071125734220260881e+02,-3.640718812327428395e+02,-2.066700018581483445e+00,-3.612756104347716768e+00,-6.677975744133552993e+00,0.000000000000000000e+00,6.162762295133578760e+00,3.053994039830033813e+00
-1.074738489042257896e+02,-3.647396788276022903e+02,-2.066700018002076256e+00,-3.612757250083519001e+00,-6.677975767423451003e+00,0.000000000000000000e+00,6.162775811024018502e+00,3.053993762628897102e+00
-1.078351243863512252e+02,-3.654074763880044543e+02,-2.066700018562787289e+00,-3.612755443682787782e+00,-6.677975592336554023e+00,0.000000000000000000e+00,6.162784296445961374e+00,3.053994000648405205e+00
-1.081963998686464521e+02,-3.660752739771178312e+02,-2.066700018690175167e+00,-3.612753060641016312e+00,-6.677975771263307436e+00,0.000000000000000000e+00,6.162787944928466821e+00,3.053993992437844973e+00
-1.085576753508286885e+02,-3.667430715747693739e+02,-2.066700018726159715e+00,-3.612747418123528398e+00,-6.677975859607413689e+00,0.000000000000000000e+00,6.162785094836489286e+00,3.053993792444834376e+00
-1.089189508330679672e+02,-3.674108690729887030e+02,-2.066700017870876760e+00,-3.612760373289903626e+00,-6.677975793847172881e+00,0.000000000000000000e+00,6.162786162254368705e+00,3.053993779616173576e+00
-1.092802263152271962e+02,-3.680786667072082423e+02,-2.066700018012462170e+00,-3.612759404649956707e+00,-6.677975671529305046e+00,0.000000000000000000e+00,6.162769136550671156e+00,3.053993563946826750e+00
-1.096415017975361081e+02,-3.687464643007083396e+02,-2.066700019019766188e+00,-3.612753106877741871e+00,-6.677975793749034494e+00,0.000000000000000000e+00,6.162768731851007153e+00,3.053993892727114634e+00
-1.100027772797411103e+02,-3.694142618474110122e+02,-2.066700018899632063e+00,-3.612757517664694884e+00,-6.677975807294828314e+00,0.000000000000000000e+00,6.162769987925159398e+00,3.053993852355292304e+00
-1.103640527618965450e+02,-3.700820593963832721e+02,-2.066700018863157684e+00,-3.612759485260011338e+00,-6.677975679570648637e+00,0.000000000000000000e+00,6.162786824462942903e+00,3.053993973073628965e+00
-1.107253282441703277e+02,-3.707498570101977862e+02,-2.066700017755029428e+00,-3.612756161856815584e+00,-6.677975784051854546e+00,0.000000000000000000e+00,6.162788688698871198e+00,3.053993661531162029e+00
-1.110866037262993871e+02,-3.714176545769316817e+02,-2.066700018081864432e+00,-3.612752813138090158e+00,-6.677975732987991186e+00,0.000000000000000000e+00,6.162792360410685788e+00,3.053993772435647625e+00
-1.114478792086242294e+02,-3.720854521618638273e+02,-2.066700018792093640e+00,-3.612759696496619100e+00,-6.677975697568580671e+00,0.000000000000000000e+00,6.162770611430174128e+00,3.053993885404125308e+00
-1.118091546907919280e+02,-3.727532497204144875e+02,-2.066700018318690990e+00,-3.612756021961303077e+00,-6.677975811332581557e+00,0.000000000000000000e+00,6.162777491291991261e+00,3.053993996306880732e+00
-1.121704301729687501e+02,-3.734210472773588663e+02,-2.066700018231112157e+00,-3.612759597356140606e+00,-6.677975857562790551e+00,0.000000000000000000e+00,6.162789097544902006e+00,3.053993861301991686e+00
-1.125317056552703008e+02,-3.740888448348779320e+02,-2.066700019404575261e+00,-3.612761242101033332e+00,-6.677975700119540114e+00,0.000000000000000000e+00,6.162770812696805933e+00,3.053993759878206316e+00
-1.128929811373916436e+02,-3.747566424205165276e+02,-2.066700017859555594e+00,-3.612756062031879711e+00,-6.677975731663290837e+00,0.000000000000000000e+00,6.162786975037492176e+00,3.053993762866486605e+00
-1.132542566195911178e+02,-3.754244400277534055e+02,-2.066700018230434477e+00,-3.612757712996108594e+00,-6.677975710218126082e+00,0.000000000000000000e+00,6.162760251945462286e+00,3.053993918388523632e+00
-1.136155321018367204e+02,-3.760922376001444718e+02,-2.066700019120893295e+00,-3.612760899664740233e+00,-6.677975716139065376e+00,0.000000000000000000e+00,6.162776729988395985e+00,3.053993992681408365e+00
-1.139768075840484443e+02,-3.767600352055649182e+02,-2.066700018308509357e+00,-3.612752574175167375e+00,-6.677975784692783634e+00,0.000000000000000000e+00,6.162794141580822505e+00,3.053993869987047916e+00
-1.143380830661997862e+02,-3.774278327280527492e+02,-2.066700019141110012e+00,-3.612749769042893799e+00,-6.677975740233832447e+00,0.000000000000000000e+00,6.162758878870826962e+00,3.053993780585189555e+00
-1.146993585484961642e+02,-3.780956303566425731e+02,-2.066700018334883371e+00,-3.612753597206017186e+00,-6.677975598154137771e+00,0.000000000000000000e+00,6.162820110150189379e+00,3.053993630527435776e+00
-1.150606340307636941e+02,-3.787634279513139859e+02,-2.066700019031953772e+00,-3.612757614379773052e+00,-6.677975660172448258e+00,0.000000000000000000e+00,6.162813720408651719e+00,3.053993758040164153e+00
-1.154219095129132597e+02,-3.794312254878519184e+02,-2.066700019676082078e+00,-3.612753966001213346e+00,-6.677975759432522196e+00,0.000000000000000000e+00,6.162752610183019897e+00,3.053993847909697745e+00
-1.157831849951554233e+02,-3.800990230457382495e+02,-2.066700017580190174e+00,-3.612747362564270759e+00,-6.677975752078908478e+00,0.000000000000000000e+00,6.162792047030940523e+00,3.053993873176500173e+00
-1.161444604773667066e+02,-3.807668205906074377e+02,-2.066700018287404461e+00,-3.612754580429038853e+00,-6.677975874203427864e+00,0.000000000000000000e+00,6.162780832278317078e+00,3.053993875308397499e+00
-1.165057359595225535e+02,-3.814346181774045021e+02,-2.066700018412884088e+00,-3.612748622770939555e+00,-6.677975945652091738e+00,0.000000000000000000e+00,6.162773224833196117e+00,3.053993779509227124e+00
-1.168670114417635233e+02,-3.821024157590513255e+02,-2.066700018476784972e+00,-3.612753403214830517e+00,-6.677975797580219641e+00,0.000000000000000000e+00,6.162777848014514781e+00,3.053993849896558643e+00
-1.172282869239544851e+02,-3.827702132952400689e+02,-2.066700018474380673e+00,-3.612753317097013195e+00,-6.677975575874530278e+00,0.000000000000000000e+00,6.162816382200789533e+00,3.053993808362221785e+00
-1.175895624062500957e+02,-3.834380108942336278e+02,-2.066700018238747383e+00,-3.612751791198707263e+00,-6.677975811086626301e+00,0.000000000000000000e+00,6.162777561242632984e+00,3.053993834203725388e+00
-1.179508378884751920e+02,-3.841058084602345275e+02,-2.066700018510622350e+00,-3.612750909553218204e+00,-6.677975789962573572e+00,0.000000000000000000e+00,6.162769396098886077e+00,3.053993857144616353e+00
-1.183121133705970180e+02,-3.847736060970834160e+02,-2.066700018726596699e+00,-3.612757924189421210e+00,-6.677975795470620923e+00,0.000000000000000000e+00,6.162772172933018489e+00,3.053993997842158858e+00
-1.186733888528389826e+02,-3.854414036541262476e+02,-2.066700019181676673e+00,-3.612754790727712439e+00,-6.677975808449433615e+00,0.000000000000000000e+00,6.162794166318263045e+00,3.053993706009084708e+00
-1.190346643350344493e+02,-3.861092012055984810e+02,-2.066700017720392246e+00,-3.612758297042937272e+00,-6.677975821957528701e+00,0.000000000000000000e+00,6.162755851825510334e+00,3.053993923341191685e+00
-1.193959398172303992e+02,-3.867769987574935158e+02,-2.066700018116647275e+00,-3.612750362450698915e+00,-6.677975845628890461e+00,0.000000000000000000e+00,6.162770535394950677e+00,3.053994026852768773e+00
-1.197572152994840451e+02,-3.874447963733261417e+02,-2.066700018573750963e+00,-3.612754795973935895e+00,-6.677975645940216864e+00,0.000000000000000000e+00,6.162766015798538000e+00,3.053993969004491049e+00
-1.201184907816566607e+02,-3.881125939345100733e+02,-2.066700019131558985e+00,-3.612751180778196680e+00,-6.677975770775322673e+00,0.000000000000000000e+00,6.162779376269631904e+00,3.053993904231592893e+00
-1.204797662639347777e+02,-3.887803915088010172e+02,-2.066700018454274534e+00,-3.612760402632351653e+00,-6.677975940888273954e+00,0.000000000000000000e+00,6.162801355914760748e+00,3.053993913442563102e+00
-1.208410417461144704e+02,-3.894481890558228088e+02,-2.066700018846186815e+00,-3.612750168380485682e+00,-6.677975678806328474e+00,0.000000000000000000e+00,6.162762173327225312e+00,3.053993954178430226e+00
-1.212023172283235510e+02,-3.901159866230022430e+02,-2.066700018681208117e+00,-3.612751553737380661e+00,-6.677975701767625338e+00,0.000000000000000000e+00,6.162779417023098283e+00,3.053994117293592936e+00
-1.215635927106080771e+02,-3.907837842333196932e+02,-2.066700017820159552e+00,-3.612757736118889618e+00,-6.677975823190871907e+00,0.000000000000000000e+00,6.162789546781033856e+00,3.053993844863223117e+00
-1.219248681927564633e+02,-3.914515817652884948e+02,-2.066700018478885070e+00,-3.612756348340718571e+00,-6.677975814554329759e+00,0.000000000000000000e+00,6.162785909067858725e+00,3.053994075453907442e+00
-1.222861436749798969e+02,-3.921193793519554447e+02,-2.066700019584800874e+00,-3.612756372719192477e+00,-6.677975664398299926e+00,0.000000000000000000e+00,6.162789252737956858e+00,3.053993998442655844e+00
-1.226474191571957562e+02,-3.927871769433676263e+02,-2.066700018147886730e+00,-3.612759401901505907e+00,-6.677975737234796760e+00,0.000000000000000000e+00,6.162757419517463475e+00,3.053993778838131501e+00
-1.230086946394048937e+02,-3.934549745038399919e+02,-2.066700017877391993e+00,-3.612758892651427800e+00,-6.677975898188588388e+00,0.000000000000000000e+00,6.162752108777589832e+00,3.053993718079172304e+00
-1.233699701215876985e+02,-3.941227721015333145e+02,-2.066700019347124773e+00,-3.612754673181865606e+00,-6.677975777857225737e+00,0.000000000000000000e+00,6.162777703218049297e+00,3.053993738132083191e+00
-1.237312456038495299e+02,-3.947905696826223902e+02,-2.066700017614637286e+00,-3.612757060961021338e+00,-6.677975624322542991e+00,0.000000000000000000e+00,6.162756223976819214e+00,3.053993850390008369e+00
-1.240925210860920203e+02,-3.954583672228666273e+02,-2.066700018230526847e+00,-3.612757711349357859e+00,-6.677975742041474483e+00,0.000000000000000000e+00,6.162782030846279291e+00,3.053993834178377220e+00
-1.244537965682186780e+02,-3.961261647973877871e+02,-2.066700018852586584e+00,-3.612755695037418668e+00,-6.677975693941675672e+00,0.000000000000000000e+00,6.162809664559210532e+00,3.053994130967801368e+00
-1.248150720504610547e+02,-3.967939624118702113e+02,-2.066700018456021137e+00,-3.612758617317766596e+00,-6.677975824923141346e+00,0.000000000000000000e+00,6.162758380734822516e+00,3.053994049004473688e+00
-1.251763475326951180e+02,-3.974617599639489072e+02,-2.066700018039190567e+00,-3.612756168802782053e+00,-6.677975826074944443e+00,0.000000000000000000e+00,6.162749945700551457e+00,3.053993924972562723e+00
-1.255376230148651899e+02,-3.981295575459642464e+02,-2.066700018226263147e+00,-3.612756321958950689e+00,-6.677975836570674950e+00,0.000000000000000000e+00,6.162775818006505979e+00,3.053993890440928727e+00
-1.258988984971187648e+02,-3.987973550818368835e+02,-2.066700019160798707e+00,-3.612757441294379035e+00,-6.677975737888106167e+00,0.000000000000000000e+00,6.162782959378285241e+00,3.053993904512897650e+00
-1.262601739793478828e+02,-3.994651527079390121e+02,-2.066700017960277691e+00,-3.612753861726992533e+00,-6.677975818789485984e+00,0.000000000000000000e+00,6.162766559721160498e+00,3.053993890705470005e+00
-1.266214494615567219e+02,-4.001329502521414270e+02,-2.066700018784620951e+00,-3.612755866708011965e+00,-6.677975630372918303e+00,0.000000000000000000e+00,6.162776233733691988e+00,3.053994070404302263e+00
-1.269827249437872325e+02,-4.008007477962407279e+02,-2.066700018108724723e+00,-3.612755202544668975e+00,-6.677975537682147689e+00,0.000000000000000000e+00,6.162748645632808220e+00,3.053993952562887415e+00
-1.273440004260003917e+02,-4.014685453904124870e+02,-2.066700018719817233e+00,-3.612755192482319355e+00,-6.677975760701221120e+00,0.000000000000000000e+00,6.162792056743372271e+00,3.053993799538211817e+00
-1.277052759081351780e+02,-4.021363430258869016e+02,-2.066700018901872493e+00,-3.612753150145224801e+00,-6.677975769371526482e+00,0.000000000000000000e+00,6.162745097629821700e+00,3.053993843403008945e+00
-1.280665513904068291e+02,-4.028041405901178109e+02,-2.066700018318435195e+00,-3.612754278559305643e+00,-6.677975638843811623e+00,0.000000000000000000e+00,6.162767541732012688e+00,3.053993921775004949e+00
-1.284278268726293959e+02,-4.034719381002524869e+02,-2.066700018068095890e+00,-3.612752965145244577e+00,-6.677975745547342967e+00,0.000000000000000000e+00,6.162753786610058349e+00,3.053993926482936327e+00
-1.287891023548976364e+02,-4.041397356770602869e+02,-2.066700018509477488e+00,-3.612756477783495956e+00,-6.677975714228003845e+00,0.000000000000000000e+00,6.162785359565726040e+00,3.053994057628312220e+00
-1.291503778370148154e+02,-4.048075332476907988e+02,-2.066700019311902281e+00,-3.612753992747175236e+00,-6.677975566780190775e+00,0.000000000000000000e+00,6.162790481204990733e+00,3.053993713320682701e+00
-1.295116533192983752e+02,-4.054753308658994797e+02,-2.066700018849567222e+00,-3.612753249478856787e+00,-6.677975661454394363e+00,0.000000000000000000e+00,6.162807710855850551e+00,3.053994066487795589e+00
-1.298729288014339716e+02,-4.061431284459063704e+02,-2.066700017662924882e+00,-3.612764043520094948e+00,-6.677975799905449428e+00,0.000000000000000000e+00,6.162760126588347376e+00,3.053994065969644733e+00
-1.302342042836605458e+02,-4.068109260079843352e+02,-2.066700019006991518e+00,-3.612750581950793460e+00,-6.677975924686928799e+00,0.000000000000000000e+00,6.162787530647985790e+00,3.053993733808756161e+00
-1.305954797658705502e+02,-4.074787235931451619e+02,-2.066700018897171365e+00,-3.612745899293626106e+00,-6.677975696899729030e+00,0.000000000000000000e+00,6.162771153713681116e+00,3.053994180885827081e+00
-1.309567552481418033e+02,-4.081465211324832580e+02,-2.066700018304058695e+00,-3.612752133470459093e+00,-6.677975665816058282e+00,0.000000000000000000e+00,6.162800428574942480e+00,3.053993706377077011e+00
-1.313180307302995686e+02,-4.088143187197880479e+02,-2.066700019448826975e+00,-3.612750258719744867e+00,-6.677975575753934301e+00,0.000000000000000000e+00,6.162802135412619009e+00,3.053993789728701280e+00
-1.316793062125267681e+02,-4.094821162792242148e+02,-2.066700017951680568e+00,-3.612752114598706044e+00,-6.677975679927050656e+00,0.000000000000000000e+00,6.162781136715671515e+00,3.053993959084433385e+00
-1.320405816947130688e+02,-4.101499138645029916e+02,-2.066700018251432347e+00,-3.612758053611064391e+00,-6.677975779189908145e+00,0.000000000000000000e+00,6.162782221206457578e+00,3.053993839710758440e+00
-1.324018571769631194e+02,-4.108177114507271881e+02,-2.066700018154608021e+00,-3.612759076006720527e+00,-6.677975645852384901e+00,0.000000000000000000e+00,6.162774820138191778e+00,3.053993874223273952e+00
-1.327631326591695995e+02,-4.114855090416069743e+02,-2.066700017961626390e+00,-3.612750995410331178e+00,-6.677975544229564520e+00,0.000000000000000000e+00,6.162752036096462938e+00,3.053993903687879818e+00
-1.331244081413669846e+02,-4.121533066012586346e+02,-2.066700018680787121e+00,-3.612758369076808584e+00,-6.677975864118358196e+00,0.000000000000000000e+00,6.162777781743855599e+00,3.053993741379431359e+00
-1.334856836236105835e+02,-4.128211041371351371e+02,-2.066700017734103056e+00,-3.612755139653963887e+00,-6.677975868291892603e+00,0.000000000000000000e+00,6.162776262989504872e+00,3.053993952423522451e+00
-1.338469591058817230e+02,-4.134889017536010556e+02,-2.066700018112184178e+00,-3.612757995540977429e+00,-6.677975739139313305e+00,0.000000000000000000e+00,6.162781304171578434e+00,3.053993970398526159e+00
-1.342082345880727985e+02,-4.141566993153910516e+02,-2.066700018316224519e+00,-3.612756054363154501e+00,-6.677975855182785914e+00,0.000000000000000000e+00,6.162764039186791720e+00,3.053994056441751592e+00
-1.345695100701970262e+02,-4.148244968519003919e+02,-2.066700018016804030e+00,-3.612762742922778880e+00,-6.677975705107878746e+00,0.000000000000000000e+00,6.162790527438116506e+00,3.053993953255606186e+00
-1.349307855524608897e+02,-4.154922944701989422e+02,-2.066700018890627266e+00,-3.612756679560019890e+00,-6.677975656318934305e+00,0.000000000000000000e+00,6.162774750956130809e+00,3.053993697597043866e+00
-1.352920610347171930e+02,-4.161600919947458692e+02,-2.066700018519960658e+00,-3.612746187157243494e+00,-6.677975728099692532e+00,0.000000000000000000e+00,6.162756782904018849e+00,3.053993796674448369e+00
-1.356533365168974399e+02,-4.168278896285446535e+02,-2.066700018323413435e+00,-3.612757103917853208e+00,-6.677975562897670692e+00,0.000000000000000000e+00,6.162755952482562805e+00,3.053993925565731349e+00
-1.360146119991331091e+02,-4.174956872139970869e+02,-2.066700017881454077e+00,-3.612756241813186442e+00,-6.677975659252542329e+00,0.000000000000000000e+00,6.162782387570921117e+00,3.053993964221235924e+00
-1.363758874813085242e+02,-4.181634847502975845e+02,-2.066700018590870158e+00,-3.612755905743116447e+00,-6.677975602169317071e+00,0.000000000000000000e+00,6.162766656263783283e+00,3.053994067303756665e+00
-1.367371629635388786e+02,-4.188312823575134303e+02,-2.066700018528665694e+00,-3.612756394547273597e+00,-6.677975737496265829e+00,0.000000000000000000e+00,6.162723246027439039e+00,3.053993838479137857e+00
-1.370984384457258329e+02,-4.194990799748952668e+02,-2.066700018444516562e+00,-3.612748080862780764e+00,-6.677975797218735465e+00,0.000000000000000000e+00,6.162752122061553983e+00,3.053993976273795763e+00
-1.374597139279563578e+02,-4.201668774867521847e+02,-2.066700018091336410e+00,-3.612751739976186371e+00,-6.677975542658489694e+00,0.000000000000000000e+00,6.162784806155015893e+00,3.053993930342879359e+00
-1.378209894101770487e+02,-4.208346750364897275e+02,-2.066700019072396977e+00,-3.612754792283804584e+00,-6.677975710445292812e+00,0.000000000000000000e+00,6.162788640283197061e+00,3.053993946880734001e+00
-1.381822648924556063e+02,-4.215024726392117600e+02,-2.066700018683003570e+00,-3.612759208935204303e+00,-6.677975583551354788e+00,0.000000000000000000e+00,6.162784302287715121e+00,3.053993918554132048e+00
-1.385435403745497922e+02,-4.221702701769002601e+02,-2.066700017565562764e+00,-3.612760789930710814e+00,-6.677975812116033083e+00,0.000000000000000000e+00,6.162754237413500924e+00,3.053993834905993410e+00
-1.389048158568186295e+02,-4.228380677643589820e+02,-2.066700019100899066e+00,-3.612751318312867888e+00,-6.677975772622829709e+00,0.000000000000000000e+00,6.162776553958177139e+00,3.053993916167832889e+00
-1.392660913390349151e+02,-4.235058654015865613e+02,-2.066700017879226969e+00,-3.612752187387665348e+00,-6.677975592244858483e+00,0.000000000000000000e+00,6.162750629155961946e+00,3.053993997857786358e+00
-1.396273668212504333e+02,-4.241736629392290183e+02,-2.066700018215925194e+00,-3.612752729878567326e+00,-6.677975693956100578e+00,0.000000000000000000e+00,6.162768744006970500e+00,3.053993891109434866e+00
-1.399886423034657241e+02,-4.248414605185827213e+02,-2.066700018219297608e+00,-3.612754436234034472e+00,-6.677975685397733230e+00,0.000000000000000000e+00,6.162787547967820245e+00,3.053993948169221984e+00
-1.403499177856526785e+02,-4.255092581159806286e+02,-2.066700017883678964e+00,-3.612754610917537690e+00,-6.677975681380567075e+00,0.000000000000000000e+00,6.162780910437327897e+00,3.053993735107507046e+00
-1.407111932678524227e+02,-4.261770556715376301e+02,-2.066700017989280269e+00,-3.612757818476933558e+00,-6.677975797647602185e+00,0.000000000000000000e+00,6.162780989631455597e+00,3.053994037269091688e+00
-1.410724687500605512e+02,-4.268448532482851192e+02,-2.066700018319620025e+00,-3.612749423400425819e+00,-6.677975743647659002e+00,0.000000000000000000e+00,6.162775150264447888e+00,3.053993647404692258e+00
-1.414337442323172809e+02,-4.275126508019400831e+02,-2.066700018189183474e+00,-3.612759156927511928e+00,-6.677975840484716485e+00,0.000000000000000000e+00,6.162780206310475961e+00,3.053993930499723675e+00
-1.417950197145284505e+02,-4.281804483713797254e+02,-2.066700018974325204e+00,-3.612755045006892374e+00,-6.677975669994497210e+00,0.000000000000000000e+00,6.162784453524699835e+00,3.053993862622846223e+00
-1.421562951967377728e+02,-4.288482459383209289e+02,-2.066700017145905122e+00,-3.612755390975727732e+00,-6.677975859262962999e+00,0.000000000000000000e+00,6.162777883573944848e+00,3.053994130837550891e+00
-1.425175706789697472e+02,-4.295160435498957554e+02,-2.066700018940573536e+00,-3.612756004507798213e+00,-6.677975715287952418e+00,0.000000000000000000e+00,6.162770904460834309e+00,3.053994077885579195e+00
-1.428788461611356411e+02,-4.301838411075999034e+02,-2.066700017583519955e+00,-3.612755745797907370e+00,-6.677975790502098441e+00,0.000000000000000000e+00,6.162759093445699499e+00,3.053993923593135484e+00
-1.432401216434011246e+02,-4.308516386704932302e+02,-2.066700018436277375e+00,-3.612758774112935445e+00,-6.677975811905628056e+00,0.000000000000000000e+00,6.162790263753996634e+00,3.053993792675106622e+00
-1.436013971255899264e+02,-4.315194362421848950e+02,-2.066700018480740475e+00,-3.612747972187588807e+00,-6.677975659805023056e+00,0.000000000000000000e+00,6.162780529170927224e+00,3.053993833629938148e+00
-1.439626726078023182e+02,-4.321872338429529918e+02,-2.066700017590696437e+00,-3.612750463142807789e+00,-6.677975810173585991e+00,0.000000000000000000e+00,6.162756952190683535e+00,3.053993713598289084e+00
-1.443239480899829630e+02,-4.328550314369087459e+02,-2.066700018589462839e+00,-3.612751350589464394e+00,-6.677975717508688902e+00,0.000000000000000000e+00,6.162795155467877706e+00,3.053994051304796731e+00
-1.446852235722251407e+02,-4.335228290053835849e+02,-2.066700018452560350e+00,-3.612759594400013707e+00,-6.677975732136942177e+00,0.000000000000000000e+00,6.162785534584594771e+00,3.053994110132190798e+00
-1.450464990544229522e+02,-4.341906265358712176e+02,-2.066700017615678231e+00,-3.612750623138277106e+00,-6.677975810869114959e+00,0.000000000000000000e+00,6.162766490149495624e+00,3.053994019993143016e+00
-1.454077745366119814e+02,-4.348584241268616779e+02,-2.066700018784208392e+00,-3.612758989611720484e+00,-6.677975708551961098e+00,0.000000000000000000e+00,6.162800860322858121e+00,3.053993816578550291e+00
-1.457690500188696205e+02,-4.355262217019371747e+02,-2.066700019290459878e+00,-3.612759218208391854e+00,-6.677975731289017780e+00,0.000000000000000000e+00,6.162809168978517604e+00,3.053993900126275030e+00
-1.461303255011227691e+02,-4.361940192510084557e+02,-2.066700018479910916e+00,-3.612758429983829345e+00,-6.677975853155778019e+00,0.000000000000000000e+00,6.162774753135077610e+00,3.053993970317327999e+00
-1.464916009833226269e+02,-4.368618168651648830e+02,-2.066700017867667327e+00,-3.612754037219026326e+00,-6.677975678972454254e+00,0.000000000000000000e+00,6.162759093837938629e+00,3.053993770061829593e+00
-1.468528764655117413e+02,-4.375296144106799261e+02,-2.066700017824763869e+00,-3.612758318274239322e+00,-6.677975840261163754e+00,0.000000000000000000e+00,6.162762254107672533e+00,3.053993823951850040e+00
-1.472141519476694782e+02,-4.381974120094007503e+02,-2.066700018793916183e+00,-3.612753687523031054e+00,-6.677975923490769183e+00,0.000000000000000000e+00,6.162780933923679427e+00,3.053993805546800555e+00
-1.475754274299480073e+02,-4.388652095985452206e+02,-2.066700017716674775e+00,-3.612758199351590260e+00,-6.677975808498853638e+00,0.000000000000000000e+00,6.162793163667985574e+00,3.053994026822322017e+00
-1.479367029121336543e+02,-4.395330071320794900e+02,-2.066700019013384182e+00,-3.612751616944396726e+00,-6.677975864056572952e+00,0.000000000000000000e+00,6.162769756024816026e+00,3.053993825576177823e+00
-1.482979783944068970e+02,-4.402008046903384866e+02,-2.066700019150077949e+00,-3.612758969437811274e+00,-6.677975645410124450e+00,0.000000000000000000e+00,6.162773305197218221e+00,3.053994070800015059e+00
-1.486592538765206939e+02,-4.408686022882754401e+02,-2.066700019030034863e+00,-3.612754538770158064e+00,-6.677975815925793590e+00,0.000000000000000000e+00,6.162758215779120086e+00,3.053993974433224068e+00
-1.490205293588445556e+02,-4.415363998660476454e+02,-2.066700018896383106e+00,-3.612754857744588932e+00,-6.677975682528125567e+00,0.000000000000000000e+00,6.162778958822386244e+00,3.053993873919768287e+00
-1.493818048409362689e+02,-4.422041974352150646e+02,-2.066700018287920493e+00,-3.612752848255618598e+00,-6.677975565629160393e+00,0.000000000000000000e+00,6.162755191438191282e+00,3.053994124033283519e+00
-1.497430803232327889e+02,-4.428719949834419367e+02,-2.066700018799209282e+00,-3.612757974514458237e+00,-6.677975847566147038e+00,0.000000000000000000e+00,6.162797094172985268e+00,3.053993980513087791e+00
-1.501043558054072378e+02,-4.435397925623921651e+02,-2.066700017710633830e+00,-3.612755564202829284e+00,-6.677975688215929573e+00,0.000000000000000000e+00,6.162768789341256159e+00,3.053993814540747032e+00
-1.504656312876433901e+02,-4.442075901848879198e+02,-2.066700018022363139e+00,-3.612751959846365324e+00,-6.677975709205087540e+00,0.000000000000000000e+00,6.162765344365261910e+00,3.053993980108174799e+00
-1.508269067699150696e+02,-4.448753877390922753e+02,-2.066700018588704779e+00,-3.612756645870974115e+00,-6.677975804472983334e+00,0.000000000000000000e+00,6.162773891571050378e+00,3.053993835820229208e+00
-1.511881822521563947e+02,-4.455431853425028521e+02,-2.066700018861269861e+00,-3.612754215800079827e+00,-6.677975848170764728e+00,0.000000000000000000e+00,6.162777026284624426e+00,3.053994000059418568e+00
-1.515494577342523996e+02,-4.462109828888914649e+02,-2.066700019294767987e+00,-3.612751353129631138e+00,-6.677975645997907606e+00,0.000000000000000000e+00,6.162799352508469219e+00,3.053993897182441408e+00
-1.519107332165327193e+02,-4.468787805181449926e+02,-2.066700017665278555e+00,-3.612753715641113139e+00,-6.677975645763446266e+00,0.000000000000000000e+00,6.162744795179667889e+00,3.053994217112094400e+00
-1.522720086986894898e+02,-4.475465780130635949e+02,-2.066700017772665099e+00,-3.612756996451271352e+00,-6.677975887021053936e+00,0.000000000000000000e+00,6.162751859825678302e+00,3.053993715976593748e+00
-1.526332841809018248e+02,-4.482143755966109211e+02,-2.066700018297868979e+00,-3.612746721780998538e+00,-6.677975769971181030e+00,0.000000000000000000e+00,6.162768122813121252e+00,3.053994145793313741e+00
-1.529945596630924172e+02,-4.488821731965290383e+02,-2.066700019221805018e+00,-3.612753231796649533e+00,-6.677975861985439465e+00,0.000000000000000000e+00,6.162784169362686804e+00,3.053993912507253938e+00
-1.533558351454187516e+02,-4.495499707382040810e+02,-2.066700018909151559e+00,-3.612747481379461778e+00,-6.677975682229106091e+00,0.000000000000000000e+00,6.162759712758803410e+00,3.053994101247888171e+00
-1.537171106276167336e+02,-4.502177683437849396e+02,-2.066700018861342247e+00,-3.612753836179229516e+00,-6.677975798991748313e+00,0.000000000000000000e+00,6.162813589050379903e+00,3.053994073815103683e+00
-1.540783861097720262e+02,-4.508855659262900986e+02,-2.066700018791243210e+00,-3.612755717407294398e+00,-6.677975668477276194e+00,0.000000000000000000e+00,6.162764788192665044e+00,3.053993942125338812e+00
-1.544396615920174725e+02,-4.515533634934440101e+02,-2.066700018609214595e+00,-3.612757722399307259e+00,-6.677975793240075397e+00,0.000000000000000000e+00,6.162753773536186586e+00,3.053993663722626817e+00
-1.548009370742298927e+02,-4.522211610498450227e+02,-2.066700018626223212e+00,-3.612756355644322959e+00,-6.677975703428913334e+00,0.000000000000000000e+00,6.162786789966785861e+00,3.053993818683368389e+00
-1.551622125564321095e+02,-4.528889586480714797e+02,-2.066700017862563854e+00,-3.612752560416526926e+00,-6.677975652199859447e+00,0.000000000000000000e+00,6.162776843818623895e+00,3.053993737950627896e+00
-1.555234880386561258e+02,-4.535567561992766059e+02,-2.066700018080994905e+00,-3.612759613660198266e+00,-6.677975802837361918e+00,0.000000000000000000e+00,6.162764138423415083e+00,3.053993858980872833e+00
-1.558847635209051816e+02,-4.542245537517409844e+02,-2.066700018962859708e+00,-3.612757654180224876e+00,-6.677975899315312880e+00,0.000000000000000000e+00,6.162803467903952281e+00,3.053993996417550871e+00
-1.562460390031122586e+02,-4.548923513914252226e+02,-2.066700018308478271e+00,-3.612757820204195447e+00,-6.677975560511323572e+00,0.000000000000000000e+00,6.162771632590358983e+00,3.053993976497029639e+00
-1.566073144852999519e+02,-4.555601489007006535e+02,-2.066700018538268679e+00,-3.612753639203361011e+00,-6.677975795855308760e+00,0.000000000000000000e+00,6.162768311097886809e+00,3.053993781833963528e+00
-1.569685899675304483e+02,-4.562279464528481299e+02,-2.066700018464520561e+00,-3.612752369738953195e+00,-6.677975667225974910e+00,0.000000000000000000e+00,6.162762659753661332e+00,3.053993856888876479e+00
-1.573298654496960296e+02,-4.568957441016086136e+02,-2.066700018455120524e+00,-3.612759693444110187e+00,-6.677975788579648686e+00,0.000000000000000000e+00,6.162776535856355764e+00,3.053993619813004656e+00
-1.576911409319606321e+02,-4.575635416867119716e+02,-2.066700018629794577e+00,-3.612755884989984345e+00,-6.677975691578989625e+00,0.000000000000000000e+00,6.162764054097483069e+00,3.053993894457312841e+00
-1.580524164141475580e+02,-4.582313392205344940e+02,-2.066700017752986618e+00,-3.612758959379485990e+00,-6.677975630912590610e+00,0.000000000000000000e+00,6.162757877019874542e+00,3.053993636351743479e+00
-1.584136918963208416e+02,-4.588991368143482532e+02,-2.066700019189381177e+00,-3.612749939625110596e+00,-6.677975760244960313e+00,0.000000000000000000e+00,6.162796759690509774e+00,3.053993935506577717e+00
-1.587749673785248490e+02,-4.595669343254808155e+02,-2.066700018233142977e+00,-3.612758946381992242e+00,-6.677975812045388260e+00,0.000000000000000000e+00,6.162776932377018291e+00,3.053993914287351341e+00
-1.591362428607253605e+02,-4.602347319314041556e+02,-2.066700017848537296e+00,-3.612749785640934963e+00,-6.677975867612136796e+00,0.000000000000000000e+00,6.162782588128341565e+00,3.053993917207526998e+00
-1.594975183429573349e+02,-4.609025295088419512e+02,-2.066700018160502417e+00,-3.612751055453798266e+00,-6.677975949909393805e+00,0.000000000000000000e+00,6.162810498063132414e+00,3.053993662706797174e+00
-1.598587938252213974e+02,-4.615703271407160742e+02,-2.066700017291047242e+00,-3.612760619903012227e+00,-6.677975730490762096e+00,0.000000000000000000e+00,6.162782880601059610e+00,3.053994196849862064e+00
-1.620790248874413066e+02,-4.656743003697383188e+02,-1.121550537738072340e+00,-2.220230858796072937e+01,-4.103973265635330847e+01,9.451494800928397666e+00,6.162762607462195952e+00,3.053994095808899356e+00
-1.600526233832741241e+02,-4.698773611308136537e+02,-1.764010584043660956e-01,2.026401280133175220e+01,-4.203060739796458734e+01,9.451494800928397666e+00,6.162784238241192369e+00,3.053993984855325472e+00
-1.554589828552203983e+02,-4.706961951382488110e+02,7.687484217213934601e-01,4.593640051966185212e+01,-8.188340385407558486e+00,9.451494800928397666e+00,6.162776631910793945e+00,3.053993887430831666e+00
-1.521051130315278783e+02,-4.674521883881662916e+02,1.713897901171609339e+00,3.353870039628135657e+01,3.244006744650662455e+01,9.451494800928397666e+00,6.162754779310404274e+00,3.053993944614990852e+00
-1.527705555344037407e+02,-4.628338327398929550e+02,2.659047381421550504e+00,-6.654424419364206145e+00,4.618355630197752504e+01,9.451494800928397666e+00,6.162792092696391499e+00,3.053994071492268425e+00
-1.569038205235207215e+02,-4.606686207705177480e+02,3.604196862233013832e+00,-4.133264703414474184e+01,2.165212002995976448e+01,9.451494800928397666e+00,6.162781231343347876e+00,3.053993943452369297e+00
-1.610794375192215568e+02,-4.627509860395101100e+02,4.549346342075565985e+00,-4.175617623430192538e+01,-2.082365289969065358e+01,9.451494800928397666e+00,6.162778173478507426e+00,3.053993991830568078e+00
-1.618368365385717311e+02,-4.673551546983397884e+02,5.494495820962598920e+00,-7.573985491177715801e+00,-4.604168670562029320e+01,9.451494800928397666e+00,6.162769626619755137e+00,3.053994040225014306e+00
-1.585483181747308947e+02,-4.706653917244314016e+02,6.439645301565880331e+00,3.288518308765725351e+01,-3.310237063307837246e+01,9.451494800928397666e+00,6.162777113735245393e+00,3.053993790396779762e+00
-1.539392635988727136e+02,-4.699383165295556637e+02,7.384794783739546453e+00,4.609054371667370020e+01,7.270752178352736905e+00,9.451494800928397666e+00,6.162728577962423238e+00,3.053993660018815781e+00
-1.518294570325272161e+02,-4.657764973831568796e+02,8.329944263056150433e+00,2.109806760986456098e+01,4.161819180233206339e+01,9.451494800928397666e+00,6.162792227041179238e+00,3.053994025026177894e+00
-1.539674145106039020e+02,-4.616290692353544500e+02,9.275093741281200010e+00,-2.137956944048736219e+01,4.147428162714234645e+01,9.451494800928397666e+00,6.162773985404916388e+00,3.053993924591834386e+00
-1.585812897453166670e+02,-4.609332403670629787e+02,1.022024322306220512e+01,-4.613875053022940875e+01,6.958288454706945458e+00,9.451494800928397666e+00,6.162792859209386798e+00,3.053993809382911095e+00
-1.618473033626334256e+02,-4.642656835240519513e+02,1.116539270330647327e+01,-3.266013538316106946e+01,-3.332443186289471271e+01,9.451494800928397666e+00,6.162773260114602358e+00,3.053993903080677086e+00
-1.610587251475943162e+02,-4.688646146005688706e+02,1.211054218273394767e+01,7.885781166153810418e+00,-4.598931045272836826e+01,9.451494800928397666e+00,6.162755783195660975e+00,3.053993683919370206e+00
-1.568690944701462229e+02,-4.709186392954194389e+02,1.305569166359651412e+01,4.189630537947573430e+01,-2.054024653822495949e+01,9.451494800928397666e+00,6.162791131468996930e+00,3.053993851042586805e+00
-1.527505952438584416e+02,-4.687254711129976386e+02,1.400084114487381015e+01,4.118500045574090507e+01,2.193168154832708794e+01,9.451494800928397666e+00,6.162781315422385831e+00,3.053993994650611388e+00
-1.521164607255454371e+02,-4.641027126121709330e+02,1.494599062352964935e+01,6.341341105923887334e+00,4.622758455533838884e+01,9.451494800928397666e+00,6.162774445791989741e+00,3.053993806873878558e+00
-1.554922340579671811e+02,-4.608815052949757956e+02,1.589114010325425674e+01,-3.375772703406445885e+01,3.221207358084320305e+01,9.451494800928397666e+00,6.162760583445582085e+00,3.053993597389070835e+00
-1.600802209423178226e+02,-4.617314457476849157e+02,1.683628958261834541e+01,-4.587986719214595155e+01,-8.499404788220024543e+00,9.451494800928397666e+00,6.162786797732250577e+00,3.053993825753209101e+00
-1.620780971446328920e+02,-4.659481403507372193e+02,1.778143906440736544e+01,-1.997876732622270524e+01,-4.216694584655657962e+01,9.451494800928397666e+00,6.162765114447182668e+00,3.053993912430966073e+00
-1.598301096534393935e+02,-4.700369756598387312e+02,1.872658854433663933e+01,2.247987389063176167e+01,-4.088835373541019891e+01,9.451494800928397666e+00,6.162771734190354067e+00,3.053993778142875204e+00
-1.551992928520911335e+02,-4.706093027622381442e+02,1.967173802409473637e+01,4.630816724185392275e+01,-5.723270158763085647e+00,9.451494800928397666e+00,6.162776137760720196e+00,3.053993803115544026e+00
-1.520234665490004886e+02,-4.671908016011316249e+02,2.061688750410877446e+01,3.175826154889039543e+01,3.418501103601137459e+01,9.451494800928397666e+00,6.162719274291252880e+00,3.053994099886295110e+00
-1.529346176306766836e+02,-4.626145776297561270e+02,2.156203698439486871e+01,-9.111509792424994814e+00,4.576223999535067577e+01,9.451494800928397666e+00,6.162774453455843293e+00,3.053993882139473648e+00
-1.571776236597992806e+02,-4.606732064158993580e+02,2.250718646379034027e+01,-4.243005951758543404e+01,1.941371244518738237e+01,9.451494800928397666e+00,6.162783044070076599e+00,3.053993691711152092e+00
-1.612360655498243602e+02,-4.629756120345318777e+02,2.345233594479112682e+01,-4.058441313864759081e+01,-2.302405683366022515e+01,9.451494800928397666e+00,6.162756592092394570e+00,3.053994003510111632e+00
-1.617464829554247672e+02,-4.676136608343181820e+02,2.439748542461935799e+01,-5.104175696578612254e+00,-4.638048782447881990e+01,9.451494800928397666e+00,6.162793783935248015e+00,3.053993815672411127e+00
-1.582858641027254691e+02,-4.707435393251294045e+02,2.534263490365328408e+01,3.460619135868991947e+01,-3.129878530104297241e+01,9.451494800928397666e+00,6.162800263867742601e+00,3.053993762001866230e+00
-1.537222195722531808e+02,-4.697713402570821017e+02,2.628778438334184386e+01,4.563644398343384978e+01,9.721991057111313950e+00,9.451494800928397666e+00,6.162767415052949005e+00,3.053993770482676062e+00
-1.518376997124228183e+02,-4.655027799659620769e+02,2.723293386549352491e+01,1.884520521028829521e+01,4.268560363176827366e+01,9.451494800928397666e+00,6.162774461902199796e+00,3.053993663722628593e+00
-1.541941127219884606e+02,-4.614754556985183740e+02,2.817808334487348532e+01,-2.356412804336117262e+01,4.027324197946618511e+01,9.451494800928397666e+00,6.162819142127751171e+00,3.053994095175745382e+00
-1.588385658581086943e+02,-4.610270390327769405e+02,2.912323282455192697e+01,-4.644453423553192550e+01,4.484167069407386741e+00,9.451494800928397666e+00,6.162779351999795097e+00,3.053993998150617895e+00
-1.619219381101992496e+02,-4.645291581139987329e+02,3.006838230468870066e+01,-3.083372716312580408e+01,-3.502119078950286735e+01,9.451494800928397666e+00,6.162782963121595792e+00,3.053993876301345445e+00
-1.608888644932073362e+02,-4.690794087827432577e+02,3.101353178527955023e+01,1.033073187267493331e+01,-4.550250699417655653e+01,9.451494800928397666e+00,6.162794717155856361e+00,3.053993791180478201e+00
-1.565955115456148974e+02,-4.709067409872504300e+02,3.195868126375482987e+01,4.293352519248485066e+01,-1.827332181129854760e+01,9.451494800928397666e+00,6.162791797878599986e+00,3.053993889083795210e+00
-1.526000236930167659e+02,-4.684967411401755157e+02,3.290383074542830855e+01,3.995487572606657523e+01,2.409999844564885407e+01,9.451494800928397666e+00,6.162765825553715437e+00,3.053994100296291148e+00
-1.522136877091126337e+02,-4.638467124444181309e+02,3.384898022552110319e+01,3.863355033711200814e+00,4.650028709705518537e+01,9.451494800928397666e+00,6.162776907186179542e+00,3.053994161110372474e+00
-1.557566820753699517e+02,-4.608103966333162589e+02,3.479412970531378591e+01,-3.542994627979776823e+01,3.036315758695983291e+01,9.451494800928397666e+00,6.162763408558896039e+00,3.053993714037718021e+00
-1.602927269639703525e+02,-4.619041604702748032e+02,3.573927918517360069e+01,-4.536044790179857955e+01,-1.093763799907628353e+01,9.451494800928397666e+00,6.162805285079791418e+00,3.053993740863106154e+00
-1.620625454108678412e+02,-4.662215399288021445e+02,3.668442866558644511e+01,-1.769818754673541505e+01,-4.317379421504546855e+01,9.451494800928397666e+00,6.162752303060091918e+00,3.053994012373486999e+00
-1.595993887656693460e+02,-4.701844784462448956e+02,3.762957814469436357e+01,2.463156437797136533e+01,-3.962938532391521562e+01,9.451494800928397666e+00,6.162742202700100869e+00,3.053993766614844674e+00
-1.549446142597552125e+02,-4.705086647426615514e+02,3.857472762496664132e+01,4.654774647845564317e+01,-3.241863150213696088e+00,9.451494800928397666e+00,6.162758559788956703e+00,3.053993846347554886e+00
-1.519558968066852742e+02,-4.669254273409659959e+02,3.951987710595301451e+01,2.988717737240905237e+01,3.583237428027625526e+01,9.451494800928397666e+00,6.162758489246709104e+00,3.053993881893417139e+00
-1.531101556056003119e+02,-4.624043976699207406e+02,4.046502658656991258e+01,-1.154258794019116330e+01,4.521029643427171862e+01,9.451494800928397666e+00,6.162769896232437539e+00,3.053993874315815482e+00
-1.574507911035964014e+02,-4.606924087996368939e+02,4.141017606676092555e+01,-4.340635540407185999e+01,1.711988875801405285e+01,9.451494800928397666e+00,6.162776686035766005e+00,3.053994317827938954e+00
-1.613804731509587498e+02,-4.632082826257337160e+02,4.235532554641386582e+01,-3.929682067859974381e+01,-2.515873910666408619e+01,9.451494800928397666e+00,6.162802559278871328e+00,3.053994009089988637e+00
-1.616424519671485029e+02,-4.678669724224566266e+02,4.330047502558820582e+01,-2.619786158100876783e+00,-4.658689696994750307e+01,9.451494800928397666e+00,6.162776308102975165e+00,3.053994102353579709e+00
-1.580196108890910409e+02,-4.708075582069380403e+02,4.424562450631175636e+01,3.622841133921155432e+01,-2.940585827487756276e+01,9.451494800928397666e+00,6.162770620828180057e+00,3.053994090737255807e+00
-1.535144032310870728e+02,-4.695930103798264099e+02,4.519077398624736475e+01,4.505207752102123919e+01,1.214547830940122530e+01,9.451494800928397666e+00,6.162775238925178201e+00,3.053993840419257477e+00
-1.518605494000156853e+02,-4.652298933940578536e+02,4.613592346595059723e+01,1.653854140513794491e+01,4.363116996910702738e+01,9.451494800928397666e+00,6.162790158089508807e+00,3.053993671345277772e+00
-1.544286916099280234e+02,-4.613341690664703378e+02,4.708107294688318945e+01,-2.568142418195753152e+01,3.895724344910179582e+01,9.451494800928397666e+00,6.162792730717215228e+00,3.053993912752656748e+00
-1.590904651537108521e+02,-4.611344444947973784e+02,4.802622242659598584e+01,-4.661773322275149667e+01,1.997245482879708600e+00,9.451494800928397666e+00,6.162767415511765101e+00,3.053993922579508524e+00
-1.619823946195154747e+02,-4.647962427190728363e+02,4.897137190650948924e+01,-2.891928964649745737e+01,-3.661798259799550692e+01,9.451494800928397666e+00,6.162748813126373015e+00,3.053993800735887554e+00
-1.607077744874357279e+02,-4.692848244998399991e+02,4.991652138771176084e+01,1.274620549560366811e+01,-4.488581730654857438e+01,9.451494800928397666e+00,6.162754105024922602e+00,3.053993814397902629e+00
-1.563229545552996740e+02,-4.708802481672525460e+02,5.086167086683887817e+01,4.384819699711522389e+01,-1.595423653240202100e+01,9.451494800928397666e+00,6.162776711406408481e+00,3.053994111766841435e+00
-1.524618831120455411e+02,-4.682602958731803824e+02,5.180682034731479035e+01,3.861070904814118165e+01,2.619952238861514360e+01,9.451494800928397666e+00,6.162785743881099343e+00,3.053993740484922004e+00
-1.523244484504926959e+02,-4.635962703166931078e+02,5.275196982655986488e+01,1.374345300438834849e+00,4.664025531634815280e+01,9.451494800928397666e+00,6.162797494304865786e+00,3.053994027119443011e+00
-1.560245504478591840e+02,-4.607535132708571837e+02,5.369711930593329186e+01,-3.700102323093597789e+01,2.842757057979992652e+01,9.451494800928397666e+00,6.162766520553883076e+00,3.053994069912923770e+00
-1.604957052963446529e+02,-4.620879782728557075e+02,5.464226878589077074e+01,-4.471154887437242564e+01,-1.334464982523561716e+01,9.451494800928397666e+00,6.162738404495166300e+00,3.053993771468929364e+00
-1.620324140782427094e+02,-4.664937186570230097e+02,5.558741826627205285e+01,-1.536708555601671478e+01,-4.405740420215607145e+01,9.451494800928397666e+00,6.162754011666824461e+00,3.053993748504181038e+00
-1.593611193077526025e+02,-4.703194482387980315e+02,5.653256774752430402e+01,2.671294744400138299e+01,-3.825729556667559450e+01,9.451494800928397666e+00,6.162789122545119014e+00,3.053993931366091097e+00
-1.546956740531907428e+02,-4.703945684598658659e+02,5.747771722737660127e+01,4.665445024349711645e+01,-7.512022993582057051e-01,9.451494800928397666e+00,6.162792119729593843e+00,3.053993727762658761e+00
-1.519025966809931560e+02,-4.666568229996778996e+02,5.842286670799789050e+01,2.793077216544607921e+01,3.737745475025171515e+01,9.451494800928397666e+00,6.162759830369081371e+00,3.053993869620857726e+00
-1.532966683897838323e+02,-4.622038928707489731e+02,5.936801618799261604e+01,-1.394071515052928767e+01,4.452930110407899633e+01,9.451494800928397666e+00,6.162767973222946338e+00,3.053994041980786278e+00
-1.577225431037915939e+02,-4.607261731996720755e+02,6.031316566754009045e+01,-4.425874905331031783e+01,1.477719687505654989e+01,9.451494800928397666e+00,6.162777112107253430e+00,3.053993932509833975e+00
-1.615122481141260096e+02,-4.634483338487144692e+02,6.125831514767945407e+01,-3.789705464431872173e+01,-2.722160607133916344e+01,9.451494800928397666e+00,6.162766130598051006e+00,3.053994107724186780e+00
-1.615250405277176640e+02,-4.681143663046020151e+02,6.220346462871454207e+01,-1.279269589092034143e-01,-4.666032441004375642e+01,9.451494800928397666e+00,6.162776513049217364e+00,3.053993948935698199e+00
-1.577503185479452270e+02,-4.708572655492228023e+02,6.314861410806437192e+01,3.774722227609088065e+01,-2.742899269209948798e+01,9.451494800928397666e+00,6.162773719980007670e+00,3.053993927685314969e+00
-1.533164077828231200e+02,-4.694038358690135055e+02,6.409376358761115000e+01,4.433910556584476836e+01,1.453429673743752204e+01,9.451494800928397666e+00,6.162760069858745027e+00,3.053993951089408299e+00
-1.518979408715044030e+02,-4.649586166284649380e+02,6.503891306877508782e+01,1.418466712031474941e+01,4.445219228205169060e+01,9.451494800928397666e+00,6.162762569425694892e+00,3.053993644777132754e+00
-1.546704815738033005e+02,-4.612056124368367591e+02,6.598406254739234100e+01,-2.772540705948510364e+01,3.753004183953437689e+01,9.451494800928397666e+00,6.162789895323273370e+00,3.053993688522241179e+00
-1.593362685910082917e+02,-4.612551501538452499e+02,6.692921202817970538e+01,-4.665787126394910445e+01,-4.953768869589752488e-01,9.451494800928397666e+00,6.162754319627700816e+00,3.053994121114550264e+00
-1.620285003187545101e+02,-4.650661749818006001e+02,6.787436150837881144e+01,-2.692231742028169350e+01,-3.811024901063546366e+01,9.451494800928397666e+00,6.162796639791856990e+00,3.053993857013219682e+00
-1.605159720478786483e+02,-4.694802752524453240e+02,6.881951098905167896e+01,1.512528245229492718e+01,-4.414100207237297013e+01,9.451494800928397666e+00,6.162805508243505592e+00,3.053993887437462806e+00
-1.560522015072005502e+02,-4.708392362528320518e+02,6.976466046810540433e+01,4.463770582769444673e+01,-1.358961018789367969e+01,9.451494800928397666e+00,6.162769499751511226e+00,3.053993832670882647e+00
-1.523365678206842802e+02,-4.680168102535174057e+02,7.070980994803616682e+01,3.715634306365952000e+01,2.822426038748553978e+01,9.451494800928397666e+00,6.162751720952236667e+00,3.053993994026877434e+00
-1.524484267856596205e+02,-4.633521012006035562e+02,7.165495942858419198e+01,-1.118587817171482701e+00,4.664709003569593193e+01,9.451494800928397666e+00,6.162759274060878312e+00,3.053993998219727946e+00
-1.562950745508996135e+02,-4.607110174567436047e+02,7.260010890963172869e+01,-3.846647349265319349e+01,2.641083766849027725e+01,9.451494800928397666e+00,6.162781792980132067e+00,3.053993940882899771e+00
-1.606885765418682581e+02,-4.622823744203672049e+02,7.354525838936640980e+01,-4.393502036608578720e+01,-1.571356960732424923e+01,9.451494800928397666e+00,6.162780551110941474e+00,3.053993741250736527e+00
-1.619877891560268495e+02,-4.667638997151407239e+02,7.449040786954044790e+01,-1.299213025770718488e+01,-4.481525313693823875e+01,9.451494800928397666e+00,6.162776456910237677e+00,3.053993471774898882e+00
-1.591159814148491023e+02,-4.704414998777132269e+02,7.543555734845106997e+01,2.871807771691749522e+01,-3.677600137690092907e+01,9.451494800928397666e+00,6.162776775101622029e+00,3.053993876447416156e+00
-1.544531828268599156e+02,-4.702673396265741985e+02,7.638070682934696265e+01,4.662799237105730299e+01,1.741602713742920416e+00,9.451494800928397666e+00,6.162759465677344117e+00,3.053993612166669536e+00
-1.518637183160108179e+02,-4.663857553663276576e+02,7.732585630898769580e+01,2.589463629246472109e+01,3.881584211730870493e+01,9.451494800928397666e+00,6.162788514949979479e+00,3.053993944335613442e+00
-1.534936235862824958e+02,-4.620136356392854395e+02,7.827100578990530266e+01,-1.629905447051730505e+01,4.372119780356417351e+01,9.451494800928397666e+00,6.162794364611548836e+00,3.053993607478936223e+00
-1.579921039504015425e+02,-4.607744032088352242e+02,7.921615526934868967e+01,-4.498480599983526673e+01,1.239232383418186600e+01,9.451494800928397666e+00,6.162730767933626730e+00,3.053994083598092324e+00
-1.616310142904497980e+02,-4.636950802173124657e+02,8.016130475077450512e+01,-3.638910441473304047e+01,-2.920676985736529474e+01,9.451494800928397666e+00,6.162791170557658127e+00,3.053993521187559956e+00
-1.613945837859031940e+02,-4.683551363646469667e+02,8.110645422955323625e+01,2.364301777681445227e+00,-4.660056109810344083e+01,9.451494800928397666e+00,6.162793066465911629e+00,3.053993690044527920e+00
-1.574787557687190827e+02,-4.708925194985609437e+02,8.205160371046179080e+01,3.915828091835861358e+01,-2.537383189735925271e+01,9.451494800928397666e+00,6.162757557284608723e+00,3.053993811129101399e+00
-1.531287984012820402e+02,-4.692043568263256361e+02,8.299675319051158340e+01,4.349957549734481432e+01,1.688162724161321648e+01,9.451494800928397666e+00,6.162777324483914576e+00,3.053993965504176789e+00
-1.519497673935998421e+02,-4.646897241370321581e+02,8.394190267040976039e+01,1.179030892735234737e+01,4.514632695371300031e+01,9.451494800928397666e+00,6.162784352047846248e+00,3.053993856582577937e+00
-1.549187924292411367e+02,-4.610901529037669206e+02,8.488705214961619561e+01,-2.969025386393946420e+01,3.599571179605735693e+01,9.451494800928397666e+00,6.162788952950430499e+00,3.053993704807768772e+00
-1.595752745291035808e+02,-4.613888114591408680e+02,8.583220163068493491e+01,-4.656482220134064676e+01,-2.986585180619000468e+00,9.451494800928397666e+00,6.162804596720192762e+00,3.053993807571889540e+00
-1.620601236000572669e+02,-4.653381845220088167e+02,8.677735111095832110e+01,-2.484849390577085870e+01,-3.949373070768113081e+01,9.451494800928397666e+00,6.162759388873187305e+00,3.053993595593011090e+00
-1.603140046705920838e+02,-4.696652032277223157e+02,8.772250059071291162e+01,1.746118769096599266e+01,-4.327018754207455231e+01,9.451494800928397666e+00,6.162793405305913019e+00,3.053993757563163935e+00
-1.557840252603274109e+02,-4.707838225215154466e+02,8.866765007036173074e+01,4.529979185215129434e+01,-1.118619249995371057e+01,9.451494800928397666e+00,6.162763774019401453e+00,3.053994003288709180e+00
-1.522244355284466621e+02,-4.677669792015925623e+02,8.961279955040070888e+01,3.559589606284082919e+01,3.016843280545126760e+01,9.451494800928397666e+00,6.162786632305930823e+00,3.053993815083125174e+00
-1.525852688209913595e+02,-4.631149020655562936e+02,9.055794903070743374e+01,-3.608328802528027790e+00,4.652077158070230212e+01,9.451494800928397666e+00,6.162783979118690247e+00,3.053993757850455015e+00
-1.565674821792558760e+02,-4.606830305302438546e+02,9.150309851039486375e+01,-3.982213367414673399e+01,2.431871557367502135e+01,9.451494800928397666e+00,6.162779019285587800e+00,3.053993745717132668e+00
-1.608707901537356122e+02,-4.624867940594944571e+02,9.244824799079039224e+01,-4.303307659423317233e+01,-1.803763546436404397e+01,9.451494800928397666e+00,6.162778109011309624e+00,3.053993885272601183e+00
-1.619287980250658734e+02,-4.670313118194131903e+02,9.339339747190169305e+01,-1.058007741454453132e+01,-4.544517787237765560e+01,9.451494800928397666e+00,6.162745972390218263e+00,3.053994013081896775e+00
-1.588646748279296617e+02,-4.705502849078926602e+02,9.433854695116743017e+01,3.064122920807343320e+01,-3.518973076882287643e+01,9.451494800928397666e+00,6.162766709780662211e+00,3.053994044419968912e+00
-1.542178327666841255e+02,-4.701273412368306595e+02,9.528369643188385396e+01,4.646841503906387061e+01,4.229436440822708754e+00,9.451494800928397666e+00,6.162738127509896024e+00,3.053993750226974946e+00
-1.518393726892863924e+02,-4.661129981839189895e+02,9.622884591084981309e+01,2.378460537146622400e+01,4.014343061935774415e+01,9.451494800928397666e+00,6.162789939511899462e+00,3.053993897313826533e+00
-1.537004589907850232e+02,-4.618341689008989306e+02,9.717399539134130748e+01,-1.861085844837359815e+01,4.278829297715962099e+01,9.451494800928397666e+00,6.162769129130024837e+00,3.053994049407815048e+00
-1.582587041875766261e+02,-4.608369611700648534e+02,9.811914487073130431e+01,-4.558245428946389666e+01,9.972077036215228674e+00,9.451494800928397666e+00,6.162734797969164902e+00,3.053993688526050132e+00
-1.617364326644808727e+02,-4.639478175129409010e+02,9.906429435157521368e+01,-3.477728267557728259e+01,-3.110856331382681006e+01,9.451494800928397666e+00,6.162762137844788768e+00,3.053994009431590495e+00
-1.612514541276713373e+02,-4.685885953147532064e+02,1.000094438309520655e+02,4.849788344784532690e+00,-4.640777772257245459e+01,9.451494800928397666e+00,6.162780842992247265e+00,3.053994189918032287e+00
-1.572056977215810036e+02,-4.709132194658523076e+02,1.009545933119216556e+02,4.045756458054406579e+01,-2.324624170097493803e+01,9.451494800928397666e+00,6.162778702757083948e+00,3.053993673655058139e+00
-1.529521106135165383e+02,-4.689951425099785638e+02,1.018997427918064602e+02,4.253586411477574813e+01,1.918076958223554485e+01,9.451494800928397666e+00,6.162807988014993299e+00,3.053993709163859371e+00
-1.520158810285308562e+02,-4.644239833480098696e+02,1.028448922716887637e+02,9.362297993662442863e+00,4.571159221691839036e+01,9.451494800928397666e+00,6.162761494842358800e+00,3.053993627407065148e+00
-1.551729153782331991e+02,-4.609881199548963195e+02,1.037900417521068022e+02,-3.157034292716795676e+01,3.435863294122552958e+01,9.451494800928397666e+00,6.162743942027288924e+00,3.053993852405501475e+00
-1.598068007307940945e+02,-4.615350469154118400e+02,1.047351912316141096e+02,-4.633885483212065282e+01,-5.469268780720542900e+00,9.451494800928397666e+00,6.162798880790281153e+00,3.053993830210587124e+00
-1.620771741956174026e+02,-4.656114947507408033e+02,1.056803407111112136e+02,-2.270373634231508575e+01,-4.076447821198337351e+01,9.451494800928397666e+00,6.162766419951867469e+00,3.053993923328798932e+00
-1.601024488670473147e+02,-4.698390805665910079e+02,1.066254901921287228e+02,1.974724920811920725e+01,-4.227585902178300614e+01,9.451494800928397666e+00,6.162756075824215252e+00,3.053994243170524037e+00
-1.555191913181118366e+02,-4.707141649928044558e+02,1.075706396719868962e+02,4.583257468596433171e+01,-8.750843879449785589e+00,9.451494800928397666e+00,6.162790897720276106e+00,3.053993988451655373e+00
-1.521258063146933353e+02,-4.675115159640919273e+02,1.085157891520742197e+02,3.393385404201921318e+01,3.202649013528009903e+01,9.451494800928397666e+00,6.162772372750239924e+00,3.053994006464287647e+00
-1.527345839438121970e+02,-4.628853499353951975e+02,1.094609386321276645e+02,-6.087777163737613684e+00,4.626166040054786066e+01,9.451494800928397666e+00,6.162777743408303088e+00,3.053993842951251203e+00
-1.568409957509117874e+02,-4.606696323453979858e+02,1.104060881123607913e+02,-4.106411605892996164e+01,2.215717607660431199e+01,9.451494800928397666e+00,6.162794320689925165e+00,3.053993955048074582e+00
-1.610418260070622409e+02,-4.627006536453598642e+02,1.113512375923178439e+02,-4.200830059336637845e+01,-2.031021322960233988e+01,9.451494800928397666e+00,6.162767531777786800e+00,3.053993856980964150e+00
-1.618556090744002631e+02,-4.672951916189541066e+02,1.122963870724834123e+02,-8.137829719732517120e+00,-4.594538012801788796e+01,9.451494800928397666e+00,6.162756627317158120e+00,3.053994173578559845e+00
-1.586079168963956079e+02,-4.706454928049722071e+02,1.132415365525219073e+02,3.247691521667670145e+01,-3.350301182165230784e+01,9.451494800928397666e+00,6.162799520474983694e+00,3.053993897972573812e+00
-1.539902956746630593e+02,-4.699749731040735696e+02,1.141866860330948157e+02,4.617621016478416607e+01,6.705197629832942319e+00,9.451494800928397666e+00,6.162797569607574744e+00,3.053993825467635315e+00
-1.518296292948185169e+02,-4.658393300674865145e+02,1.151318355131405440e+02,2.160666302039558317e+01,4.135643037708785386e+01,9.451494800928397666e+00,6.162752701763561269e+00,3.053993888658583344e+00
-1.539165841959500938e+02,-4.616660050764756988e+02,1.160769849930340740e+02,-2.086954760487338589e+01,4.173324997459641139e+01,9.451494800928397666e+00,6.162783895652112598e+00,3.053993779599128100e+00
-1.585215828105287414e+02,-4.609136685293693176e+02,1.170221344732404702e+02,-4.604998437479010676e+01,7.523365043585274137e+00,9.451494800928397666e+00,6.162777060618137348e+00,3.053993632697599825e+00
-1.618282023216318066e+02,-4.642058243641640729e+02,1.179672839527430028e+02,-3.306619480572965131e+01,-3.292155804058740642e+01,9.451494800928397666e+00,6.162760698817959515e+00,3.053993939420780013e+00
-1.610960601135684271e+02,-4.688140766881099921e+02,1.189124334331619934e+02,7.321425484100054781e+00,-4.608252420586485698e+01,9.451494800928397666e+00,6.162767120177415237e+00,3.053993843845484779e+00
-1.569319238449656666e+02,-4.709193063305912119e+02,1.198575829126637871e+02,4.164136113936422134e+01,-2.105229568202237900e+01,9.451494800928397666e+00,6.162742357286710160e+00,3.053993642763908500e+00
-1.527868487709602334e+02,-4.687767902589311575e+02,1.208027323938346598e+02,4.145075301614750884e+01,2.142516085243023127e+01,9.451494800928397666e+00,6.162760085868323578e+00,3.053993697139556041e+00
-1.520960930564898490e+02,-4.641621528134629671e+02,1.217478818733876409e+02,6.907558888879326453e+00,4.614637467086762257e+01,9.451494800928397666e+00,6.162787260711721338e+00,3.053993970948529313e+00
-1.554321250320826948e+02,-4.608998050058233389e+02,1.226930313537580162e+02,-3.336032270599658744e+01,3.262347799029636519e+01,9.451494800928397666e+00,6.162768311907691476e+00,3.053994026863044109e+00
-1.600301863091174539e+02,-4.616934390569606990e+02,1.236381808339247783e+02,-4.598061486776003903e+01,-7.936340197469220037e+00,9.451494800928397666e+00,6.162755795138610715e+00,3.053993812561512922e+00
-1.620796034347472983e+02,-4.658853254528796128e+02,1.245833303151240727e+02,-2.049416761638680740e+01,-4.191886435485925944e+01,9.451494800928397666e+00,6.162755386936447088e+00,3.053993862927657510e+00
-1.598819085190284284e+02,-4.700014108749915636e+02,1.255284797953375033e+02,2.197694443865684377e+01,-4.116085468114366108e+01,9.451494800928397666e+00,6.162744736285238112e+00,3.053994055033460331e+00
-1.552584556433130842e+02,-4.706304625627309974e+02,1.264736292732939802e+02,4.623453053918182576e+01,-6.290516411012009534e+00,9.451494800928397666e+00,6.162788536126149630e+00,3.053994043232529432e+00
-1.520409617145856487e+02,-4.672511497382730568e+02,1.274187787549163318e+02,3.217494043818341964e+01,3.379312831528477545e+01,9.451494800928397666e+00,6.162786494876379528e+00,3.053993858938614192e+00
-1.528959459372788388e+02,-4.626641000987490315e+02,1.283639282341599994e+02,-8.549837263519227903e+00,4.587049632573364022e+01,9.451494800928397666e+00,6.162774041598098940e+00,3.053994031098269168e+00
-1.571148345270642324e+02,-4.606708611514237077e+02,1.293090777151905399e+02,-4.218888090116246303e+01,1.993238940134582293e+01,9.451494800928397666e+00,6.162743195781984262e+00,3.053994062741463900e+00
-1.612011958835401231e+02,-4.629233427139006949e+02,1.302542271954753232e+02,-4.086360869872547141e+01,-2.252481609979507127e+01,9.451494800928397666e+00,6.162782630745722301e+00,3.053993937775202117e+00
-1.617684312202887895e+02,-4.675547859464366525e+02,1.311993766741787510e+02,-5.672352634258404080e+00,-4.631443240439885045e+01,9.451494800928397666e+00,6.162788785390462820e+00,3.053994038869990213e+00
-1.583464405302804892e+02,-4.707268518715507639e+02,1.321445261535436373e+02,3.421990431273374611e+01,-3.172065909418679297e+01,9.451494800928397666e+00,6.162804742617152165e+00,3.053993907696225474e+00
-1.537712210506787187e+02,-4.698106700971245573e+02,1.330896756345815390e+02,4.575219112365401486e+01,9.161818524883150516e+00,9.451494800928397666e+00,6.162764958502761736e+00,3.053993765136562288e+00
-1.518345159449415860e+02,-4.655655321588935749e+02,1.340348251154106265e+02,1.936705803164438677e+01,4.245137899110619628e+01,9.451494800928397666e+00,6.162793655330874643e+00,3.053993779367224715e+00
-1.541413822768673185e+02,-4.615096240883698897e+02,1.349799745960806092e+02,-2.306866949956644675e+01,4.055908066532281708e+01,9.451494800928397666e+00,6.162800053097650554e+00,3.053993890158746893e+00
-1.587799894377261865e+02,-4.610043062695274898e+02,1.359251240750329259e+02,-4.638606428695578643e+01,5.053178030965267631e+00,9.451494800928397666e+00,6.162789502967936706e+00,3.053993790397635077e+00
-1.619060613072706474e+02,-4.644683641918616672e+02,1.368702735549863689e+02,-3.126072070344045528e+01,-3.464057892329027766e+01,9.451494800928397666e+00,6.162790999757512544e+00,3.053993766840473967e+00
-1.609288453123909903e+02,-4.690309370808565745e+02,1.378154230340597906e+02,9.772152260677705371e+00,-4.562572889898809336e+01,9.451494800928397666e+00,6.162768070924805386e+00,3.053993934923006748e+00
-1.566582156206749801e+02,-4.709107627216957894e+02,1.387605725148253839e+02,4.270629516807181858e+01,-1.879825665572907667e+01,9.451494800928397666e+00,6.162768638458990367e+00,3.053993837864553917e+00
-1.526334846103271445e+02,-4.685499232939496324e+02,1.397057219958954590e+02,4.024730953033902381e+01,2.360839413448674051e+01,9.451494800928397666e+00,6.162743674539397531e+00,3.053993879660402477e+00
-1.521901745138366095e+02,-4.639049799242260974e+02,1.406508714760032035e+02,4.433099521314253444e+00,4.644943347138551104e+01,9.451494800928397666e+00,6.162769112535888993e+00,3.053994039869790900e+00
-1.556956814824175694e+02,-4.608254599973585073e+02,1.415960209562526018e+02,-3.505507082110015205e+01,3.079520008758387561e+01,9.451494800928397666e+00,6.162769997364803132e+00,3.053993684712443368e+00
-1.602447936149334851e+02,-4.618635357330822444e+02,1.425411704352446236e+02,-4.549112188531564982e+01,-1.038075743874921031e+01,9.451494800928397666e+00,6.162775523787123788e+00,3.053993503761265327e+00
-1.620674043832091229e+02,-4.661588951537440266e+02,1.434863199158375835e+02,-1.822611522881674162e+01,-4.295359407614183311e+01,9.451494800928397666e+00,6.162785895145104220e+00,3.053993873202296871e+00
-1.596530131541780122e+02,-4.701517309071392106e+02,1.444314693965298773e+02,2.414391435123984309e+01,-3.992835769309663618e+01,9.451494800928397666e+00,6.162766391311407688e+00,3.053993885855479817e+00
-1.550025625006379357e+02,-4.705329541633569761e+02,1.453766188750760762e+02,4.650450733842955486e+01,-3.812232987489690750e+00,9.451494800928397666e+00,6.162771843995661136e+00,3.053993861580388103e+00
-1.519701439150113345e+02,-4.669866236774007575e+02,1.463217683556471513e+02,3.032418656777275956e+01,3.546330478590581237e+01,9.451494800928397666e+00,6.162764555780441356e+00,3.053993766073817451e+00
-1.530688941969518453e+02,-4.624517840604279968e+02,1.472669178359028308e+02,-1.098749999046771997e+01,4.534839608227704844e+01,9.451494800928397666e+00,6.162760957293994757e+00,3.053993869100666281e+00
-1.573882168409980693e+02,-4.606867134258126271e+02,1.482120673163556432e+02,-4.319322365619321857e+01,1.765070622226770070e+01,9.451494800928397666e+00,6.162770572545596792e+00,3.053993974329207273e+00
-1.613484448652105812e+02,-4.631542256457354938e+02,1.491572167957464217e+02,-3.960227708855551043e+01,-2.467512213912682384e+01,9.451494800928397666e+00,6.162790539428416814e+00,3.053994115199452519e+00
-1.616675133100892481e+02,-4.678093537633095593e+02,1.501023662764372659e+02,-3.190685067759197135e+00,-4.655128134895601022e+01,9.451494800928397666e+00,6.162790393150289425e+00,3.053993789214321186e+00
-1.580809921083622385e+02,-4.707941298301753363e+02,1.510475157570246836e+02,3.586520630933555509e+01,-2.984776065762719455e+01,9.451494800928397666e+00,6.162761952323438486e+00,3.053994068141251184e+00
-1.535612342384410169e+02,-4.696349011158943654e+02,1.519926652358900299e+02,4.519757261222029854e+01,1.159228741203706115e+01,9.451494800928397666e+00,6.162809299290813669e+00,3.053994055567176513e+00
-1.518540186908432759e+02,-4.652923859647570453e+02,1.529378147165613200e+02,1.707215929172477686e+01,4.342515111394242666e+01,9.451494800928397666e+00,6.162751276961971669e+00,3.053993792239757532e+00
-1.543742115522226186e+02,-4.613654723522075756e+02,1.538829641964126154e+02,-2.520192783713892482e+01,3.926913601838988654e+01,9.451494800928397666e+00,6.162764153636166142e+00,3.053993940440027366e+00
-1.590331864528741903e+02,-4.611086157009867748e+02,1.548281136761048629e+02,-4.658974461965576808e+01,2.568566551116119978e+00,9.451494800928397666e+00,6.162789802304017073e+00,3.053993672202761633e+00
-1.619697873747271615e+02,-4.647346875825542156e+02,1.557732631571195725e+02,-2.936601212364066882e+01,-3.626071897614068718e+01,9.451494800928397666e+00,6.162762371292791030e+00,3.053993820535505499e+00
-1.607502870354960010e+02,-4.692385572007703445e+02,1.567184126361017320e+02,1.219499988310005278e+01,-4.503869606534451009e+01,9.451494800928397666e+00,6.162783301704446437e+00,3.053993960934534346e+00
-1.563853543430703894e+02,-4.708876130094056407e+02,1.576635621164650729e+02,4.364932789788124978e+01,-1.649055810094868590e+01,9.451494800928397666e+00,6.162736060492440160e+00,3.053993800602276654e+00
-1.524924559061804530e+02,-4.683151892350986714e+02,1.586087115970957484e+02,3.892898911471210255e+01,2.572423795329732954e+01,9.451494800928397666e+00,6.162774061247798585e+00,3.053993778891859190e+00
-1.522978568470814480e+02,-4.636531988776691264e+02,1.595538610775186896e+02,1.945994038068691090e+00,4.661990324214018244e+01,9.451494800928397666e+00,6.162771676577825986e+00,3.053993940215468772e+00
-1.559628324127990879e+02,-4.607652971323354905e+02,1.604990105575892585e+02,-3.664975434720485481e+01,2.887901754452694547e+01,9.451494800928397666e+00,6.162785778356622224e+00,3.053993823935728713e+00
-1.604500100561213856e+02,-4.620448514298830105e+02,1.614441600383269417e+02,-4.487177512521246570e+01,-1.279554340206669849e+01,9.451494800928397666e+00,6.162770339447116719e+00,3.053993648382726356e+00
-1.620406118630098717e+02,-4.664314228307508188e+02,1.623893095173282575e+02,-1.590602137734833121e+01,-4.386571374049561456e+01,9.451494800928397666e+00,6.162798269745533908e+00,3.053993730392572381e+00
-1.594164161495525889e+02,-4.702896114447619880e+02,1.633344589977625105e+02,2.624195730838736651e+01,-3.858188610981395072e+01,9.451494800928397666e+00,6.162768120310985864e+00,3.053993959790588963e+00
-1.547522423315683398e+02,-4.704219181861923857e+02,1.642796084778267129e+02,4.664173383329757172e+01,-1.323067270738929713e+00,9.451494800928397666e+00,6.162763305596585361e+00,3.053993877831632009e+00
-1.519135550640732220e+02,-4.667186929602478358e+02,1.652247579582557364e+02,2.838687287563824668e+01,3.703225219712764726e+01,9.451494800928397666e+00,6.162733212794324622e+00,3.053993845634877857e+00
-1.532529350456403279e+02,-4.622490080228288321e+02,1.661699074385188339e+02,-1.339380238189272276e+01,4.469684972646814458e+01,9.451494800928397666e+00,6.162774562855291016e+00,3.053993770846077371e+00
-1.576603623284672437e+02,-4.607171440061027283e+02,1.671150569185737709e+02,-4.407427374659019392e+01,1.531863961613388092e+01,9.451494800928397666e+00,6.162746351957693491e+00,3.053994064815094056e+00
-1.614831526330388556e+02,-4.633926433611667903e+02,1.680602063972641531e+02,-3.822790629288148523e+01,-2.675499334782742622e+01,9.451494800928397666e+00,6.162760023363299311e+00,3.053993709065847106e+00
-1.615531434118251468e+02,-4.680581684320098361e+02,1.690053558779239324e+02,-6.999077551179572199e-01,-4.665525023657598780e+01,9.451494800928397666e+00,6.162778047185203611e+00,3.053994013536186714e+00
-1.578123293476972435e+02,-4.708471345616738404e+02,1.699505053589498971e+02,3.740814039390574663e+01,-2.788966213700771490e+01,9.451494800928397666e+00,6.162768891893755985e+00,3.053994206608912076e+00
-1.533609346410452190e+02,-4.694481679343007841e+02,1.708956548392850721e+02,4.451394372467619576e+01,1.398966631268782024e+01,9.451494800928397666e+00,6.162809247029313653e+00,3.053993895167151251e+00
-1.518880818622946549e+02,-4.650206712086894640e+02,1.718408043181300968e+02,1.472853077831600288e+01,4.427496703261387268e+01,9.451494800928397666e+00,6.162765384530302981e+00,3.053993553617267764e+00
-1.546144074157833188e+02,-4.612339614320703163e+02,1.727859537986829537e+02,-2.726325702873862866e+01,3.786709858297690801e+01,9.451494800928397666e+00,6.162766524574265325e+00,3.053993705341389031e+00
-1.592804511105576637e+02,-4.612262990875368587e+02,1.737311032792989636e+02,-4.666043141112714920e+01,7.662350767776443528e-02,9.451494800928397666e+00,6.162789386847092210e+00,3.053994189514498192e+00
-1.620191986190207274e+02,-4.650040344849887788e+02,1.746762527592233596e+02,-2.738747345555560031e+01,-3.777735362005256547e+01,9.451494800928397666e+00,6.162773761699698483e+00,3.053993988147130523e+00
-1.605608949735936051e+02,-4.694363445342733030e+02,1.756214022391616822e+02,1.458303147356162377e+01,-4.432310112584698203e+01,9.451494800928397666e+00,6.162776945732317380e+00,3.053993718087135711e+00
-1.561141188889062619e+02,-4.708499233064317195e+02,1.765665517189922866e+02,4.446776217906673878e+01,-1.413578771247945198e+01,9.451494800928397666e+00,6.162768029952931492e+00,3.053993973219729874e+00
-1.523641652219529874e+02,-4.680732580584082143e+02,1.775117011997070904e+02,3.749953962444973854e+01,2.776665258864577623e+01,9.451494800928397666e+00,6.162766647975832512e+00,3.053994045050373529e+00
-1.524188326792080090e+02,-4.634075283053193175e+02,1.784568506793773395e+02,-5.466817991334900206e-01,4.665729746148878831e+01,9.451494800928397666e+00,6.162801373380272452e+00,3.053994161386575090e+00
-1.562328152465674975e+02,-4.607194882677043779e+02,1.794020001600109424e+02,-3.813982525515739042e+01,2.688040070026294970e+01,9.451494800928397666e+00,6.162777109420063404e+00,3.053993788536002452e+00
-1.606452498465889960e+02,-4.622368687152587654e+02,1.803471496400736385e+02,-4.412434784303276558e+01,-1.517380436725902015e+01,9.451494800928397666e+00,6.162775079204756423e+00,3.053993862201560106e+00
-1.619993023528167555e+02,-4.667021306101055984e+02,1.812922991198184377e+02,-1.354052656318295966e+01,-4.465261952884374352e+01,9.451494800928397666e+00,6.162758509722293887e+00,3.053993802711835848e+00
-1.591727928662620002e+02,-4.704146589499919173e+02,1.822374486004353855e+02,2.826509108373212698e+01,-3.712528328411373479e+01,9.451494800928397666e+00,6.162794389719846500e+00,3.053993752385573135e+00
-1.545082096697627208e+02,-4.702976714729431365e+02,1.831825980794402255e+02,4.664583018303681428e+01,1.169875048768975523e+00,9.451494800928397666e+00,6.162761560033739094e+00,3.053993722945770095e+00
-1.518713566933364234e+02,-4.664481222664189772e+02,1.841277475589290873e+02,2.636852451012049414e+01,3.849549192429488187e+01,9.451494800928397666e+00,6.162788059096887316e+00,3.053993823400050101e+00
-1.534475431426381533e+02,-4.620563505892062039e+02,1.850728970395316253e+02,-1.576186381052506036e+01,4.391771718102489785e+01,9.451494800928397666e+00,6.162760800579778930e+00,3.053993572140173640e+00
-1.579304941558729638e+02,-4.607620659195400776e+02,1.860180465204340692e+02,-4.482950808384162400e+01,1.294284637641426983e+01,9.451494800928397666e+00,6.162765584314435330e+00,3.053993814253880945e+00
-1.616049346664690631e+02,-4.636379153435528906e+02,1.869631960001977404e+02,-3.674440299478785477e+01,-2.875849340820108679e+01,9.451494800928397666e+00,6.162775936171727587e+00,3.053994113482509931e+00
-1.614256479920382219e+02,-4.683005195723409884e+02,1.869631960007870077e+02,1.792872701269323077e+00,-4.662604309437822536e+01,0.000000000000000000e+00,6.162758761738192703e+00,3.053993872108205831e+00
-1.612463613176037427e+02,-4.729631238895898377e+02,1.869631959994233625e+02,1.792870884364934803e+00,-4.662604289192706375e+01,0.000000000000000000e+00,6.162750193951017863e+00,3.053993993675225838e+00
-1.610670746430565998e+02,-4.776257281671788064e+02,1.869631959997727222e+02,1.792874974481740491e+00,-4.662604295217199279e+01,0.000000000000000000e+00,6.162763403580489907e+00,3.053993786348156103e+00
-1.608877879686620531e+02,-4.822883324199602839e+02,1.869631959995183479e+02,1.792869646183207877e+00,-4.662604288581767520e+01,0.000000000000000000e+00,6.162743374810617958e+00,3.053993889546374074e+00
-1.607085012941757611e+02,-4.869509367248907665e+02,1.869631960003791278e+02,1.792864912875298700e+00,-4.662604285639567081e+01,0.000000000000000000e+00,6.162745733787089009e+00,3.053993580966881005e+00
-1.605292146197557770e+02,-4.916135410276477273e+02,1.869631960003517861e+02,1.792867875179710913e+00,-4.662604289585210893e+01,0.000000000000000000e+00,6.162784658564887330e+00,3.053993982506768123e+00
-1.603499279452669271e+02,-4.962761452917627025e+02,1.869631960000283470e+02,1.792866106492928768e+00,-4.662604291441978432e+01,0.000000000000000000e+00,6.162778737395307793e+00,3.053994160424882587e+00
-1.601706412708105347e+02,-5.009387495961914283e+02,1.869631960005772271e+02,1.792872585216455317e+00,-4.662604289033934890e+01,0.000000000000000000e+00,6.162766977444863237e+00,3.053994115313371616e+00
-1.599913545962706110e+02,-5.056013538517404413e+02,1.869631959994006536e+02,1.792859793673668101e+00,-4.662604295808787214e+01,0.000000000000000000e+00,6.162795043713492404e+00,3.053993932668217504e+00
-1.598120679218829423e+02,-5.102639581330252554e+02,1.869631960012888499e+02,1.792873033351597867e+00,-4.662604294840345887e+01,0.000000000000000000e+00,6.162783230497279163e+00,3.053993828997108473e+00
-1.596327812473899428e+02,-5.149265624749477865e+02,1.869631960009759837e+02,1.792868440404929542e+00,-4.662604295239728458e+01,0.000000000000000000e+00,6.162778126479311780e+00,3.053993742506177167e+00
-1.594534945729523372e+02,-5.195891667511801870e+02,1.869631959993843111e+02,1.792865708638642808e+00,-4.662604281068583134e+01,0.000000000000000000e+00,6.162786985037390863e+00,3.053993773396403100e+00
-1.592742078984625493e+02,-5.242517710410336349e+02,1.869631960003912354e+02,1.792860950591158797e+00,-4.662604291387538069e+01,0.000000000000000000e+00,6.162771519491916372e+00,3.053994001171350892e+00
-1.590949212240180088e+02,-5.289143753336527425e+02,1.869631959995396357e+02,1.792872797643452198e+00,-4.662604293164501001e+01,0.000000000000000000e+00,6.162755964838757095e+00,3.053993908824843562e+00
-1.589156345495318021e+02,-5.335769796037055812e+02,1.869631960000560582e+02,1.792867224002705484e+00,-4.662604300801915258e+01,0.000000000000000000e+00,6.162725706822417493e+00,3.053993666451521261e+00
-1.587363478750862100e+02,-5.382395839095720476e+02,1.869631959994476347e+02,1.792862572965005175e+00,-4.662604292700175534e+01,0.000000000000000000e+00,6.162766730251616032e+00,3.053993906278951620e+00
-1.585570612006669364e+02,-5.429021881918095005e+02,1.869631960003053734e+02,1.792862673044123278e+00,-4.662604291896873576e+01,0.000000000000000000e+00,6.162769647076243196e+00,3.053993756083620337e+00
-1.583777745262256644e+02,-5.475647924769490373e+02,1.869631960006432791e+02,1.792866012705827128e+00,-4.662604302788428612e+01,0.000000000000000000e+00,6.162763662175340329e+00,3.053993936658084607e+00
-1.581984878516938977e+02,-5.522273968295189661e+02,1.869631959990894359e+02,1.792865966284693746e+00,-4.662604276492495359e+01,0.000000000000000000e+00,6.162767604256201182e+00,3.053993886219033005e+00
-1.580192011772036551e+02,-5.568900010372088900e+02,1.869631960015791776e+02,1.792868559299058973e+00,-4.662604290296009424e+01,0.000000000000000000e+00,6.162767031400193218e+00,3.053993776948341843e+00
-1.578399145028413955e+02,-5.615526053310338739e+02,1.869631960000573372e+02,1.792866139627223410e+00,-4.662604300191873818e+01,0.000000000000000000e+00,6.162753402575640749e+00,3.053993911034926345e+00
-1.576606278283557856e+02,-5.662152096499767140e+02,1.869631960000295692e+02,1.792868417786068092e+00,-4.662604296276154514e+01,0.000000000000000000e+00,6.162761723022637916e+00,3.053993842652644730e+00
-1.574813411538432604e+02,-5.708778139339104882e+02,1.869631960006341558e+02,1.792868458068142878e+00,-4.662604287587369356e+01,0.000000000000000000e+00,6.162772099817932059e+00,3.053993871649077541e+00
-1.573020544793502609e+02,-5.755404182691895585e+02,1.869631960004513473e+02,1.792860231882379862e+00,-4.662604289622174747e+01,0.000000000000000000e+00,6.162757165729805031e+00,3.053993703933690185e+00
-1.571227678049003771e+02,-5.802030225136214767e+02,1.869631959998570778e+02,1.792863485818212865e+00,-4.662604286573298396e+01,0.000000000000000000e+00,6.162750540815309819e+00,3.053993948500691502e+00
-1.569434811304938080e+02,-5.848656267803939954e+02,1.869631959992021564e+02,1.792865721910054111e+00,-4.662604289194106144e+01,0.000000000000000000e+00,6.162755424397940551e+00,3.053993915850037766e+00
-1.567641944560098466e+02,-5.895282310930209633e+02,1.869631960003655706e+02,1.792869378593915819e+00,-4.662604292789273330e+01,0.000000000000000000e+00,6.162767981024046549e+00,3.053993810770090356e+00
-1.565849077814891643e+02,-5.941908354251199853e+02,1.869631960001903508e+02,1.792866769854792874e+00,-4.662604283673295669e+01,0.000000000000000000e+00,6.162732311227988369e+00,3.053993908927192802e+00
-1.564056211070329709e+02,-5.988534396848083361e+02,1.869631960009751594e+02,1.792870422902505201e+00,-4.662604302167584081e+01,0.000000000000000000e+00,6.162792356648990832e+00,3.053994015798021877e+00
-1.562263344326275671e+02,-6.035160440071360881e+02,1.869631959995464001e+02,1.792867690194804409e+00,-4.662604291320216277e+01,0.000000000000000000e+00,6.162721750876512417e+00,3.053993896731058033e+00
-1.560470477581495743e+02,-6.081786482819987896e+02,1.869631959989755501e+02,1.792870390285391968e+00,-4.662604290044663458e+01,0.000000000000000000e+00,6.162790537424600146e+00,3.053993945433303825e+00
-1.558677610837011400e+02,-6.128412525655970740e+02,1.869631960001983941e+02,1.792864247662186994e+00,-4.662604275409430699e+01,0.000000000000000000e+00,6.162775691873911832e+00,3.053993890546271572e+00
-1.556884744092625681e+02,-6.175038568461283148e+02,1.869631960003156621e+02,1.792872416882151043e+00,-4.662604282660039701e+01,0.000000000000000000e+00,6.162773455819618107e+00,3.053993855317894912e+00
-1.555091877347452680e+02,-6.221664611274570689e+02,1.869631960002453752e+02,1.792866931617632442e+00,-4.662604307826084948e+01,0.000000000000000000e+00,6.162770710639954963e+00,3.053993853888896215e+00
-1.553299010603576846e+02,-6.268290654308691501e+02,1.869631960008728413e+02,1.792866774806265884e+00,-4.662604284841252422e+01,0.000000000000000000e+00,6.162760567503227094e+00,3.053994008013988015e+00
-1.551506143858566418e+02,-6.314916697212452164e+02,1.869631960003363815e+02,1.792864930937897450e+00,-4.662604298531950064e+01,0.000000000000000000e+00,6.162752475137933672e+00,3.053994007765981955e+00
-1.549713277113559968e+02,-6.361542739971306446e+02,1.869631960002583071e+02,1.792867520516789215e+00,-4.662604287321263286e+01,0.000000000000000000e+00,6.162774771753589675e+00,3.053994088999541834e+00
-1.547920410369543447e+02,-6.408168783000813846e+02,1.869631959997385025e+02,1.792862208853911676e+00,-4.662604291221184383e+01,0.000000000000000000e+00,6.162771326868742960e+00,3.053993978704400369e+00
-1.546127543624512839e+02,-6.454794826087374986e+02,1.869631960009288605e+02,1.792866665854452979e+00,-4.662604270185068600e+01,0.000000000000000000e+00,6.162786909200679730e+00,3.053993833794745427e+00
-1.544334676880146162e+02,-6.501420868729612721e+02,1.869631959998739603e+02,1.792867612783131781e+00,-4.662604304044106840e+01,0.000000000000000000e+00,6.162778796411702231e+00,3.053993752960008745e+00
-1.542541810135387266e+02,-6.548046911816863940e+02,1.869631960006188933e+02,1.792860944391940992e+00,-4.662604288776024930e+01,0.000000000000000000e+00,6.162754088349078785e+00,3.053994189424664274e+00
-1.540748943391004957e+02,-6.594672954465685280e+02,1.869631960007145608e+02,1.792869796836431329e+00,-4.662604284461454540e+01,0.000000000000000000e+00,6.162776285456971870e+00,3.053994010740123333e+00
-1.538956076646222471e+02,-6.641298997543082123e+02,1.869631959999175592e+02,1.792864272168939177e+00,-4.662604280532719514e+01,0.000000000000000000e+00,6.162741889796074624e+00,3.053993879638678965e+00
-1.537163209901306402e+02,-6.687925040355438568e+02,1.869631960008721592e+02,1.792866314974445041e+00,-4.662604292303812059e+01,0.000000000000000000e+00,6.162786733404574058e+00,3.053993870086115336e+00
-1.535370343157541697e+02,-6.734551083245678456e+02,1.869631960009421334e+02,1.792866396202389856e+00,-4.662604292589707455e+01,0.000000000000000000e+00,6.162803675528637726e+00,3.053993969318897772e+00
-1.533577476412147860e+02,-6.781177125968015389e+02,1.869631960003268318e+02,1.792862636994696501e+00,-4.662604299772278438e+01,0.000000000000000000e+00,6.162769678570720444e+00,3.053994129079234288e+00
-1.531784609668072790e+02,-6.827803169222759152e+02,1.869631959997995523e+02,1.792868792434550329e+00,-4.662604299703896515e+01,0.000000000000000000e+00,6.162774483176063356e+00,3.053994098473206353e+00
-1.529991742923660922e+02,-6.874429211193229321e+02,1.869631959998889670e+02,1.792870343638989006e+00,-4.662604284523200704e+01,0.000000000000000000e+00,6.162746456265639772e+00,3.053993840103266688e+00
-1.528198876178402941e+02,-6.921055254815761373e+02,1.869631959994418082e+02,1.792867865697983731e+00,-4.662604289854679251e+01,0.000000000000000000e+00,6.162779226236789754e+00,3.053994018295981050e+00
-1.526406009433430313e+02,-6.967681297740673472e+02,1.869631960006109637e+02,1.792863593517424858e+00,-4.662604292639328918e+01,0.000000000000000000e+00,6.162778668472530974e+00,3.053993871520326753e+00
-1.524613142689369454e+02,-7.014307340346466617e+02,1.869631960003661675e+02,1.792860402831345068e+00,-4.662604285416087180e+01,0.000000000000000000e+00,6.162750055644612424e+00,3.053993893361140355e+00
-1.522820275944436332e+02,-7.060933383823111171e+02,1.869631959998604316e+02,1.792863006622797961e+00,-4.662604296259713976e+01,0.000000000000000000e+00,6.162770803332778158e+00,3.053994237257356748e+00
-1.521027409199631393e+02,-7.107559426426454365e+02,1.869631960008743476e+02,1.792874892827745592e+00,-4.662604290735042412e+01,0.000000000000000000e+00,6.162781248184670879e+00,3.053993829643439462e+00
-1.519234542455370445e+02,-7.154185469001091633e+02,1.869631959999126707e+02,1.792864677450766164e+00,-4.662604301338579660e+01,0.000000000000000000e+00,6.162793961395016673e+00,3.053994005130622469e+00
-1.517441675710751099e+02,-7.200811512503788663e+02,1.869631959993775752e+02,1.792871084644538815e+00,-4.662604283988708431e+01,0.000000000000000000e+00,6.162729872484598914e+00,3.053993785590536358e+00
-1.515648808966068941e+02,-7.247437555004745491e+02,1.869631959995562909e+02,1.792867590723155491e+00,-4.662604298673495151e+01,0.000000000000000000e+00,6.162758002746669739e+00,3.053993667051653649e+00
-1.513855942221648547e+02,-7.294063597745781635e+02,1.869631960000373283e+02,1.792862263232088305e+00,-4.662604298192149344e+01,0.000000000000000000e+00,6.162769439977409114e+00,3.053993768406908949e+00
-1.512063075476417850e+02,-7.340689640901912298e+02,1.869631959995151647e+02,1.792860296896146233e+00,-4.662604278476361941e+01,0.000000000000000000e+00,6.162777531632829486e+00,3.053993824087550379e+00
-1.510270208732135870e+02,-7.387315683579803363e+02,1.869631959999854018e+02,1.792870210046766166e+00,-4.662604290906380555e+01,0.000000000000000000e+00,6.162759389054603076e+00,3.053993910904650555e+00
-1.508477341986562976e+02,-7.433941726616041024e+02,1.869631959992142072e+02,1.792867755841922373e+00,-4.662604283835173646e+01,0.000000000000000000e+00,6.162796800446001200e+00,3.053993849646881475e+00
-1.506684475242738017e+02,-7.480567769520799857e+02,1.869631960014588685e+02,1.792862534495574867e+00,-4.662604286835802725e+01,0.000000000000000000e+00,6.162749056630864253e+00,3.053993901402980438e+00
-1.504891608498038806e+02,-7.527193812243277762e+02,1.869631959987775360e+02,1.792867836784223012e+00,-4.662604284436221036e+01,0.000000000000000000e+00,6.162773629720158297e+00,3.053993538261426721e+00
-1.503098741753146044e+02,-7.573819855461979387e+02,1.869631960003947313e+02,1.792869491698904971e+00,-4.662604307110157720e+01,0.000000000000000000e+00,6.162798583858307921e+00,3.053993961882958796e+00
-1.501305875008925739e+02,-7.620445897820012533e+02,1.869631959994520969e+02,1.792869360946244495e+00,-4.662604299647987460e+01,0.000000000000000000e+00,6.162808839965912888e+00,3.053993979751929100e+00
-1.499513008265628287e+02,-7.667071941065483998e+02,1.869631959996375485e+02,1.792866717424798750e+00,-4.662604282718859849e+01,0.000000000000000000e+00,6.162772167342215113e+00,3.053993778603671938e+00
-1.497720141519705237e+02,-7.713697984262093996e+02,1.869631959986646734e+02,1.792867137552523360e+00,-4.662604286975840040e+01,0.000000000000000000e+00,6.162778149291110452e+00,3.053993800578914453e+00
-1.495927274775335434e+02,-7.760324027034340588e+02,1.869631960006694271e+02,1.792870055053650491e+00,-4.662604283915116810e+01,0.000000000000000000e+00,6.162767341955575517e+00,3.053994016223792851e+00
-1.494134408031318060e+02,-7.806950069357466191e+02,1.869631959999230162e+02,1.792866580487805006e+00,-4.662604308433360245e+01,0.000000000000000000e+00,6.162782882769394455e+00,3.053993982422129605e+00
-1.492341541285402684e+02,-7.853576112179163147e+02,1.869631960001827338e+02,1.792868003695876178e+00,-4.662604297013606924e+01,0.000000000000000000e+00,6.162764538440955064e+00,3.053994265438449318e+00
-1.490548674541407479e+02,-7.900202155426286481e+02,1.869631959992582892e+02,1.792862096322713095e+00,-4.662604283056682419e+01,0.000000000000000000e+00,6.162800865085603874e+00,3.053993859785891996e+00
-1.488755807796433430e+02,-7.946828198372871839e+02,1.869631960009612044e+02,1.792875839022845419e+00,-4.662604289031115457e+01,0.000000000000000000e+00,6.162779449749546501e+00,3.053993808622653461e+00
-1.486962941051824316e+02,-7.993454241415562365e+02,1.869631960003929123e+02,1.792860528511851959e+00,-4.662604295251937714e+01,0.000000000000000000e+00,6.162791317014830739e+00,3.053993827822493845e+00
-1.485170074307530115e+02,-8.040080284083637707e+02,1.869631959988606695e+02,1.792866458508067806e+00,-4.662604296883694843e+01,0.000000000000000000e+00,6.162777287992539321e+00,3.053993936560674083e+00
-1.483377207563035540e+02,-8.086706327029966133e+02,1.869631960002760991e+02,1.792871866246579460e+00,-4.662604281639205794e+01,0.000000000000000000e+00,6.162772561080415379e+00,3.053993789423547600e+00
-1.481584340818349119e+02,-8.133332369913840694e+02,1.869631960000839399e+02,1.792868243044619447e+00,-4.662604297210604187e+01,0.000000000000000000e+00,6.162764452600001164e+00,3.053993871622121326e+00
-1.479791474073374786e+02,-8.179958412895692845e+02,1.869631959996982573e+02,1.792871432708418977e+00,-4.662604273594845239e+01,0.000000000000000000e+00,6.162776183564342425e+00,3.053993960414411291e+00
-1.477998607329404877e+02,-8.226584455772097044e+02,1.869631959994105443e+02,1.792871435584803663e+00,-4.662604301696993758e+01,0.000000000000000000e+00,6.162828224721299541e+00,3.053993654356260468e+00
-1.476205740584442765e+02,-8.273210498512648883e+02,1.869631960000074571e+02,1.792863715617052600e+00,-4.662604294469130650e+01,0.000000000000000000e+00,6.162791950540695396e+00,3.053993643355881193e+00
-1.474412873840066425e+02,-8.319836541847721492e+02,1.869631960005890221e+02,1.792870095868441815e+00,-4.662604281448218302e+01,0.000000000000000000e+00,6.162786514738859189e+00,3.053993926130092351e+00
-1.472620007094726589e+02,-8.366462584498648312e+02,1.869631960002786855e+02,1.792866454130340514e+00,-4.662604300211462771e+01,0.000000000000000000e+00,6.162763345499345569e+00,3.053993614017072034e+00
-1.470827140350518221e+02,-8.413088627252046763e+02,1.869631959995353441e+02,1.792866777675939050e+00,-4.662604298452770735e+01,0.000000000000000000e+00,6.162769749064506364e+00,3.053993809610769272e+00
-1.469034273605911096e+02,-8.459714670691232641e+02,1.869631960000222648e+02,1.792865882809723033e+00,-4.662604278667156876e+01,0.000000000000000000e+00,6.162778086553001522e+00,3.053994055829502674e+00
-1.467241406861157031e+02,-8.506340713442807555e+02,1.869631960000453432e+02,1.792870194942018935e+00,-4.662604290297436904e+01,0.000000000000000000e+00,6.162789951394017862e+00,3.053993817945525713e+00
-1.465448540116277343e+02,-8.552966756394280310e+02,1.869631960008596252e+02,1.792860909806762937e+00,-4.662604273179509562e+01,0.000000000000000000e+00,6.162780830856535275e+00,3.053993852646485152e+00
-1.463655673371924593e+02,-8.599592798947296615e+02,1.869631960008780140e+02,1.792868711513427193e+00,-4.662604288592727642e+01,0.000000000000000000e+00,6.162791251943679605e+00,3.053994086485159354e+00
-1.461862806627566158e+02,-8.646218842145253802e+02,1.869631960002565165e+02,1.792862636075927663e+00,-4.662604285472100685e+01,0.000000000000000000e+00,6.162771785769161070e+00,3.053993835427913250e+00
-1.460069939882247354e+02,-8.692844884926294071e+02,1.869631960001229913e+02,1.792865338097302086e+00,-4.662604288943580144e+01,0.000000000000000000e+00,6.162761214979828317e+00,3.053993939542961389e+00
-1.458277073138243338e+02,-8.739470927771092192e+02,1.869631959998198738e+02,1.792869333935665388e+00,-4.662604298002912628e+01,0.000000000000000000e+00,6.162771723891135700e+00,3.053993835414773983e+00
-1.456484206393147076e+02,-8.786096970310005645e+02,1.869631959996185628e+02,1.792870726555515937e+00,-4.662604297823582300e+01,0.000000000000000000e+00,6.162775110422703762e+00,3.053993632312636652e+00
-1.454691339648991288e+02,-8.832723013593127916e+02,1.869631960003111146e+02,1.792867738588473037e+00,-4.662604279488167691e+01,0.000000000000000000e+00,6.162740930324333455e+00,3.053994090485039781e+00
-1.452898472904152243e+02,-8.879349056310338710e+02,1.869631959997080628e+02,1.792868750397630828e+00,-4.662604304112355891e+01,0.000000000000000000e+00,6.162798972331345659e+00,3.053993973827464625e+00
-1.451105606159989350e+02,-8.925975099584170493e+02,1.869631960005210658e+02,1.792867162771217826e+00,-4.662604280350931418e+01,0.000000000000000000e+00,6.162761041111216365e+00,3.053993860035637553e+00
-1.449312739415261433e+02,-8.972601142190006840e+02,1.869631959992892121e+02,1.792866345686772833e+00,-4.662604278122035595e+01,0.000000000000000000e+00,6.162754554195290169e+00,3.053993996778957332e+00
-1.447519872669918755e+02,-9.019227185079363380e+02,1.869631959997326192e+02,1.792871968263373361e+00,-4.662604282303601622e+01,0.000000000000000000e+00,6.162795744907739071e+00,3.053993941454383965e+00
-1.445727005925774051e+02,-9.065853228058679179e+02,1.869631959992950954e+02,1.792868904548828857e+00,-4.662604287440992579e+01,0.000000000000000000e+00,6.162787186551054397e+00,3.053993823714668654e+00
-1.443934139181714329e+02,-9.112479270863710781e+02,1.869631959994427746e+02,1.792857772578013931e+00,-4.662604281693147357e+01,0.000000000000000000e+00,6.162747423694582061e+00,3.053993842286490512e+00
-1.442141272436890347e+02,-9.159105314118874048e+02,1.869631959996995647e+02,1.792864760169978755e+00,-4.662604296721174535e+01,0.000000000000000000e+00,6.162745045991405490e+00,3.053993983418231473e+00
-1.440348405692209610e+02,-9.205731356725352725e+02,1.869631960005026770e+02,1.792865916367531121e+00,-4.662604279510562577e+01,0.000000000000000000e+00,6.162738919433520479e+00,3.053994059393473126e+00
-1.438555538947431103e+02,-9.252357399420392312e+02,1.869631959988657286e+02,1.792867876530723770e+00,-4.662604279481473668e+01,0.000000000000000000e+00,6.162783257441510010e+00,3.053993733418590040e+00
-1.436762672202128783e+02,-9.298983442422947974e+02,1.869631960001570405e+02,1.792858119497871439e+00,-4.662604290300522791e+01,0.000000000000000000e+00,6.162751383492507173e+00,3.053993926344143794e+00
-1.434969805457969585e+02,-9.345609485716670406e+02,1.869631959990608721e+02,1.792868329836252217e+00,-4.662604283031581076e+01,0.000000000000000000e+00,6.162736902782198989e+00,3.053994235558559645e+00
-1.433176938713388040e+02,-9.392235528200590124e+02,1.869631960007506564e+02,1.792861254583137276e+00,-4.662604286855942348e+01,0.000000000000000000e+00,6.162798417190424871e+00,3.053993874181959001e+00
-1.431384071968441276e+02,-9.438861571524930696e+02,1.869631960000902495e+02,1.792865470050775789e+00,-4.662604291165681758e+01,0.000000000000000000e+00,6.162737162782947031e+00,3.053993816981789955e+00
-1.429591205223821930e+02,-9.485487613807738398e+02,1.869631959993454302e+02,1.792865886607229786e+00,-4.662604291784924726e+01,0.000000000000000000e+00,6.162759790215837086e+00,3.053993766407550048e+00
-1.427798338479367715e+02,-9.532113657116725562e+02,1.869631959995702744e+02,1.792866612250021419e+00,-4.662604300150424308e+01,0.000000000000000000e+00,6.162773672915161427e+00,3.053993946339036203e+00
-1.426005471735118704e+02,-9.578739699887858023e+02,1.869631960002109849e+02,1.792865759802535930e+00,-4.662604298990309815e+01,0.000000000000000000e+00,6.162739557365839005e+00,3.053993860128953131e+00
-1.424212604990705131e+02,-9.625365742863930336e+02,1.869631959998260413e+02,1.792871099951838243e+00,-4.662604302778059662e+01,0.000000000000000000e+00,6.162761310199451614e+00,3.053993840017843908e+00
-1.422419738245584426e+02,-9.671991785737950522e+02,1.869631960015204015e+02,1.792865077961637521e+00,-4.662604295821607536e+01,0.000000000000000000e+00,6.162778490967385281e+00,3.053993865798637408e+00
-1.420626871500965933e+02,-9.718617828386254587e+02,1.869631960010885621e+02,1.792864273272999798e+00,-4.662604305119518955e+01,0.000000000000000000e+00,6.162798520096823829e+00,3.053993831988922825e+00
-1.418834004755903493e+02,-9.765243871364361894e+02,1.869631960011153069e+02,1.792870134388533154e+00,-4.662604289037117411e+01,0.000000000000000000e+00,6.162766905739002432e+00,3.053993964954237583e+00
-1.417041138011377086e+02,-9.811869914427533104e+02,1.869631959999368576e+02,1.792867347167003800e+00,-4.662604293678031553e+01,0.000000000000000000e+00,6.162765062606920807e+00,3.053993980589071455e+00
-1.415248271266970335e+02,-9.858495957189776391e+02,1.869631959999545074e+02,1.792865504421684131e+00,-4.662604300210330166e+01,0.000000000000000000e+00,6.162783000973876213e+00,3.053993912718099057e+00
-1.413455404521621404e+02,-9.905122000337285044e+02,1.869631959997883257e+02,1.792865011339102033e+00,-4.662604297668936937e+01,0.000000000000000000e+00,6.162747631042654106e+00,3.053993990655519131e+00
-1.411662537777093576e+02,-9.951748043309202103e+02,1.869631960007460805e+02,1.792863204657679788e+00,-4.662604296669143622e+01,0.000000000000000000e+00,6.162761207219567439e+00,3.053993915556875383e+00
-1.409869671033557665e+02,-9.998374086071764850e+02,1.869631959993784278e+02,1.792865834210893849e+00,-4.662604282433964897e+01,0.000000000000000000e+00,6.162795727503142196e+00,3.053993790288790589e+00
-1.408076804288444919e+02,-1.004500012893889448e+03,1.869631960001924824e+02,1.792864499018541613e+00,-4.662604286103488960e+01,0.000000000000000000e+00,6.162775871367344394e+00,3.053994064986929491e+00
-1.406283937544359333e+02,-1.009162617166102450e+03,1.869631960003983409e+02,1.792865688767556476e+00,-4.662604278847508255e+01,0.000000000000000000e+00,6.162777781945957045e+00,3.053993737178850587e+00
-1.404491070799142562e+02,-1.013825221449614219e+03,1.869631960004391260e+02,1.792870621894090855e+00,-4.662604273453032988e+01,0.000000000000000000e+00,6.162763900323341204e+00,3.053993747050498087e+00
-1.402698204054353539e+02,-1.018487825732509918e+03,1.869631959995390673e+02,1.792867922762240385e+00,-4.662604276934896319e+01,0.000000000000000000e+00,6.162793389141367761e+00,3.053993943417131263e+00
-1.400905337310136929e+02,-1.023150430066008198e+03,1.869631960002726885e+02,1.792875690319557291e+00,-4.662604304376979059e+01,0.000000000000000000e+00,6.162772731566989570e+00,3.053993875496391119e+00
-1.399112470565952719e+02,-1.027813034358233153e+03,1.869631960004122107e+02,1.792867949081873302e+00,-4.662604287835111450e+01,0.000000000000000000e+00,6.162772924439547495e+00,3.053993802718767192e+00
-1.397319603821079568e+02,-1.032475638626865248e+03,1.869631959996132764e+02,1.792865358966345912e+00,-4.662604290921584749e+01,0.000000000000000000e+00,6.162779377145384707e+00,3.053993708899215065e+00
-1.395526737076731933e+02,-1.037138242937387759e+03,1.869631959997430499e+02,1.792861202844612700e+00,-4.662604297949779664e+01,0.000000000000000000e+00,6.162793741202317044e+00,3.053993517284648185e+00
-1.393733870331593607e+02,-1.041800847191885168e+03,1.869631959998584421e+02,1.792867117602006566e+00,-4.662604280458290873e+01,0.000000000000000000e+00,6.162727743739516484e+00,3.053993948358251664e+00
-1.391941003586950387e+02,-1.046463451514796816e+03,1.869631959993290877e+02,1.792868744082958710e+00,-4.662604277950619291e+01,0.000000000000000000e+00,6.162797262507686114e+00,3.053993909877451340e+00
-1.390148136842602185e+02,-1.051126055754732988e+03,1.869631959996474961e+02,1.792865853887367633e+00,-4.662604302323936878e+01,0.000000000000000000e+00,6.162768365200579801e+00,3.053993777864929982e+00
-1.388355270097816572e+02,-1.055788660080768977e+03,1.869631960007672546e+02,1.792864220238601813e+00,-4.662604289312474748e+01,0.000000000000000000e+00,6.162786795620355029e+00,3.053994079142265505e+00
-1.386562403353580919e+02,-1.060451264350982456e+03,1.869631959989067695e+02,1.792868146551484854e+00,-4.662604272729464583e+01,0.000000000000000000e+00,6.162803012175833928e+00,3.053994029005560940e+00
-1.384769536608012857e+02,-1.065113868624250927e+03,1.869631959999956052e+02,1.792862405826952443e+00,-4.662604285938023452e+01,0.000000000000000000e+00,6.162763634805403790e+00,3.053994066454770895e+00
-1.382976669863423922e+02,-1.069776472961282025e+03,1.869631960008926512e+02,1.792861652994463206e+00,-4.662604286085365146e+01,0.000000000000000000e+00,6.162773867094647251e+00,3.053993962591208700e+00
-1.381183803119300251e+02,-1.074439077225550363e+03,1.869631960000801882e+02,1.792867100386366985e+00,-4.662604301904796245e+01,0.000000000000000000e+00,6.162779861598809639e+00,3.053993821830055744e+00
-1.379390936374798855e+02,-1.079101681526583434e+03,1.869631960007614282e+02,1.792864105884353298e+00,-4.662604285443481444e+01,0.000000000000000000e+00,6.162751028569138256e+00,3.053993973681530250e+00
-1.377598069629852375e+02,-1.083764285819013821e+03,1.869631960001845528e+02,1.792865350592552920e+00,-4.662604290251175598e+01,0.000000000000000000e+00,6.162779323153529276e+00,3.053994133640955511e+00
-1.375805202885666745e+02,-1.088426890070171567e+03,1.869631960002602113e+02,1.792864195301048680e+00,-4.662604293186048210e+01,0.000000000000000000e+00,6.162780590310950934e+00,3.053994168281443322e+00
-1.374012336141130959e+02,-1.093089494396665486e+03,1.869631960001165396e+02,1.792870393509606863e+00,-4.662604286616772242e+01,0.000000000000000000e+00,6.162785460520532332e+00,3.053993718989992612e+00
-1.372219469395509464e+02,-1.097752098698965256e+03,1.869631959997840909e+02,1.792868889952157430e+00,-4.662604296780870072e+01,0.000000000000000000e+00,6.162764535255492504e+00,3.053994016215596297e+00
-1.370426602651816950e+02,-1.102414702953330789e+03,1.869631959998901038e+02,1.792871760594257013e+00,-4.662604298085646803e+01,0.000000000000000000e+00,6.162773782846017845e+00,3.053993864091164134e+00
-1.368633735907056632e+02,-1.107077307264571573e+03,1.869631959996775379e+02,1.792864072019310528e+00,-4.662604289360984211e+01,0.000000000000000000e+00,6.162765065307445944e+00,3.053993857025091518e+00
-1.366840869162307115e+02,-1.111739911582090372e+03,1.869631960001684092e+02,1.792860834062476538e+00,-4.662604297296806521e+01,0.000000000000000000e+00,6.162788031494561558e+00,3.053993825652471905e+00
-1.365048002417612167e+02,-1.116402515811816556e+03,1.869631960006144311e+02,1.792869203377859932e+00,-4.662604301692181963e+01,0.000000000000000000e+00,6.162809802317986474e+00,3.053993970833951632e+00
-1.363255135673495317e+02,-1.121065120141350690e+03,1.869631959997056185e+02,1.792861455564076723e+00,-4.662604292935819927e+01,0.000000000000000000e+00,6.162746356220628385e+00,3.053993810105387841e+00
-1.361462268928804917e+02,-1.125727724425433053e+03,1.869631960005838494e+02,1.792866958388590559e+00,-4.662604295070124039e+01,0.000000000000000000e+00,6.162800986783824264e+00,3.053993941087076003e+00
-1.359669402183754698e+02,-1.130390328671853695e+03,1.869631960005620783e+02,1.792863476820087953e+00,-4.662604297637741269e+01,0.000000000000000000e+00,6.162776977849570237e+00,3.053993836488714475e+00
-1.357876535439401948e+02,-1.135052932981841423e+03,1.869631959996811474e+02,1.792869700213977957e+00,-4.662604284497088969e+01,0.000000000000000000e+00,6.162760562056648794e+00,3.053994110503359671e+00
-1.356083668695219728e+02,-1.139715537272943720e+03,1.869631959998433501e+02,1.792871276176688067e+00,-4.662604296226265177e+01,0.000000000000000000e+00,6.162815588203971018e+00,3.053993804568035930e+00
-1.354290801950004379e+02,-1.144378141615797176e+03,1.869631960010479474e+02,1.792872424295218092e+00,-4.662604294163259055e+01,0.000000000000000000e+00,6.162753017820917556e+00,3.053994086088566373e+00
-1.352497935205412602e+02,-1.149040745883900399e+03,1.869631960005378915e+02,1.792866801917926134e+00,-4.662604302606310114e+01,0.000000000000000000e+00,6.162771107227421830e+00,3.053993976201502925e+00
-1.350705068460688381e+02,-1.153703350195329676e+03,1.869631959997761328e+02,1.792870864844927858e+00,-4.662604296584616037e+01,0.000000000000000000e+00,6.162814308826432885e+00,3.053993874785882134e+00
-1.348912201715855304e+02,-1.158365954460492503e+03,1.869631960005308144e+02,1.792869232046813366e+00,-4.662604290425522180e+01,0.000000000000000000e+00,6.162773212627688402e+00,3.053994027891918428e+00
-1.347119334971615388e+02,-1.163028558744495285e+03,1.869631959993869259e+02,1.792870105225559785e+00,-4.662604275898626582e+01,0.000000000000000000e+00,6.162767494539163948e+00,3.053994173123803613e+00
-1.345326468226879797e+02,-1.167691162983083586e+03,1.869631959997011279e+02,1.792862547336648626e+00,-4.662604274647907232e+01,0.000000000000000000e+00,6.162719125017249944e+00,3.053993809227495859e+00
-1.343533601482366180e+02,-1.172353767324260161e+03,1.869631959992202894e+02,1.792872006628376758e+00,-4.662604288564590149e+01,0.000000000000000000e+00,6.162754792365584322e+00,3.053993769650498624e+00
-1.341740734738184813e+02,-1.177016371629115156e+03,1.869631960011119816e+02,1.792872605933135688e+00,-4.662604297056334701e+01,0.000000000000000000e+00,6.162755051578523435e+00,3.053993729493241105e+00
-1.339947867993091961e+02,-1.181678975913631803e+03,1.869631960007032205e+02,1.792870220079095578e+00,-4.662604301627423808e+01,0.000000000000000000e+00,6.162761745754017362e+00,3.053993905704635914e+00
-1.338155001248212841e+02,-1.186341580179463790e+03,1.869631959998682476e+02,1.792866390945448973e+00,-4.662604290322330058e+01,0.000000000000000000e+00,6.162781277295904303e+00,3.053993983834294212e+00
-1.336362134503630728e+02,-1.191004184513843484e+03,1.869631959994141255e+02,1.792868227129651659e+00,-4.662604290586055811e+01,0.000000000000000000e+00,6.162767522774687201e+00,3.053993863296136535e+00
-1.334569267759342495e+02,-1.195666788755250082e+03,1.869631959999443325e+02,1.792867223847605107e+00,-4.662604303027740826e+01,0.000000000000000000e+00,6.162756051840577953e+00,3.053993593067489520e+00
-1.332776401014060639e+02,-1.200329393034571240e+03,1.869631960020355166e+02,1.792865542567473325e+00,-4.662604277817950305e+01,0.000000000000000000e+00,6.162774588714372115e+00,3.053993829695180739e+00
-1.330983534270056339e+02,-1.204991997336786426e+03,1.869631960001176196e+02,1.792863597597751379e+00,-4.662604277525249330e+01,0.000000000000000000e+00,6.162772442233396042e+00,3.053993965057929749e+00
-1.329190667524817400e+02,-1.209654601672304352e+03,1.869631960001766231e+02,1.792874356018248516e+00,-4.662604293084758922e+01,0.000000000000000000e+00,6.162758555326589338e+00,3.053993985547252432e+00
-1.327397800780612442e+02,-1.214317205951296046e+03,1.869631960002983249e+02,1.792858415347545531e+00,-4.662604290685384001e+01,0.000000000000000000e+00,6.162799304187924321e+00,3.053993906404414815e+00
-1.325604934036241787e+02,-1.218979810198954965e+03,1.869631960011731735e+02,1.792861301876364388e+00,-4.662604292764716973e+01,0.000000000000000000e+00,6.162767920474147232e+00,3.053993774009822193e+00
-1.323812067291252959e+02,-1.223642414477181774e+03,1.869631960009339195e+02,1.792869726845240486e+00,-4.662604275176661162e+01,0.000000000000000000e+00,6.162779582953684887e+00,3.053993843398135954e+00
-1.322019200546713762e+02,-1.228305018770198330e+03,1.869631959994518127e+02,1.792872822516529574e+00,-4.662604273845107627e+01,0.000000000000000000e+00,6.162773827847590979e+00,3.053993850066493820e+00
-1.320226333802092995e+02,-1.232967623058496883e+03,1.869631959996029877e+02,1.792869091372262247e+00,-4.662604305808127947e+01,0.000000000000000000e+00,6.162774176020570316e+00,3.053994086957405596e+00
-1.318433467056776180e+02,-1.237630227384160662e+03,1.869631960002307096e+02,1.792864853985815632e+00,-4.662604291731773287e+01,0.000000000000000000e+00,6.162766390065625544e+00,3.053994005006954726e+00
-1.316640600312688889e+02,-1.242292831646631839e+03,1.869631959996762589e+02,1.792863358826939368e+00,-4.662604288699293420e+01,0.000000000000000000e+00,6.162802500685641505e+00,3.053993843016099330e+00
-1.314847733568235526e+02,-1.246955435947243359e+03,1.869631960010068781e+02,1.792872296562322720e+00,-4.662604298657886659e+01,0.000000000000000000e+00,6.162754702136533425e+00,3.053994006056333532e+00
-1.313054866824128908e+02,-1.251618040273642691e+03,1.869631960006763336e+02,1.792871059691665714e+00,-4.662604278161082050e+01,0.000000000000000000e+00,6.162777707091340318e+00,3.053994077659151429e+00
-1.311262000079145480e+02,-1.256280644538269144e+03,1.869631960012488605e+02,1.792868668301134560e+00,-4.662604285997699805e+01,0.000000000000000000e+00,6.162765679228566107e+00,3.053993971022841869e+00
-1.309469133334739013e+02,-1.260943248822346959e+03,1.869631960001628954e+02,1.792871900166550736e+00,-4.662604283034026764e+01,0.000000000000000000e+00,6.162753654994553187e+00,3.053993878702704556e+00
-1.307676266589708405e+02,-1.265605853088495223e+03,1.869631960001378559e+02,1.792869989327055213e+00,-4.662604304145009593e+01,0.000000000000000000e+00,6.162755469875487613e+00,3.053993564194771970e+00
-1.305883399845307054e+02,-1.270268457374717855e+03,1.869631960002407425e+02,1.792870152730792199e+00,-4.662604285646312974e+01,0.000000000000000000e+00,6.162774796444771219e+00,3.053994018411000599e+00
-1.304090533100404627e+02,-1.274931061683942517e+03,1.869631960002201652e+02,1.792864101064806093e+00,-4.662604305777660585e+01,0.000000000000000000e+00,6.162749951004748539e+00,3.053993814582750321e+00
-1.302297666356367358e+02,-1.279593666003138424e+03,1.869631959998346247e+02,1.792866937152328033e+00,-4.662604289347709141e+01,0.000000000000000000e+00,6.162785557700213523e+00,3.053993858701053110e+00
-1.300504799611202316e+02,-1.284256270260392967e+03,1.869631960008547935e+02,1.792858449159592027e+00,-4.662604279866548751e+01,0.000000000000000000e+00,6.162744985278478360e+00,3.053993873846705398e+00
-1.298711932866580696e+02,-1.288918874544215441e+03,1.869631960003486597e+02,1.792863319970794622e+00,-4.662604288644562445e+01,0.000000000000000000e+00,6.162736961856332130e+00,3.053993796035880948e+00
-1.296919066122360107e+02,-1.293581478827706860e+03,1.869631960008598810e+02,1.792865826252876271e+00,-4.662604288479171544e+01,0.000000000000000000e+00,6.162763797792630172e+00,3.053993986129945881e+00
-1.295126199377594105e+02,-1.298244083107279948e+03,1.869631959998008881e+02,1.792863889242463760e+00,-4.662604285598182230e+01,0.000000000000000000e+00,6.162765405070499192e+00,3.053993880596039823e+00
-1.293333332633006592e+02,-1.302906687467954271e+03,1.869631960001801190e+02,1.792874300733526383e+00,-4.662604285044817942e+01,0.000000000000000000e+00,6.162764047438987092e+00,3.053993783538174078e+00
-1.291540465887906350e+02,-1.307569291706043487e+03,1.869631959995326156e+02,1.792859681593326870e+00,-4.662604286128222952e+01,0.000000000000000000e+00,6.162771010362607882e+00,3.053993955889517942e+00
-1.289747599143931893e+02,-1.312231895998798564e+03,1.869631960004412292e+02,1.792864948024212479e+00,-4.662604281589880628e+01,0.000000000000000000e+00,6.162770625180425732e+00,3.053993912360189800e+00
-1.287954732398525266e+02,-1.316894500256336414e+03,1.869631959999905462e+02,1.792868865019166646e+00,-4.662604285150559491e+01,0.000000000000000000e+00,6.162753235278382036e+00,3.053993981557798776e+00
-1.286161865653978111e+02,-1.321557104623648229e+03,1.869631959992701695e+02,1.792868629447406548e+00,-4.662604280996615103e+01,0.000000000000000000e+00,6.162773444498454545e+00,3.053993792489411163e+00
-1.284368998909388324e+02,-1.326219708858471677e+03,1.869631959999269384e+02,1.792866352325905188e+00,-4.662604286377627716e+01,0.000000000000000000e+00,6.162785982635516469e+00,3.053994059647052950e+00
-1.282576132165042395e+02,-1.330882313187928730e+03,1.869631959998756088e+02,1.792868619890650050e+00,-4.662604301606168633e+01,0.000000000000000000e+00,6.162769442198455572e+00,3.053993761294303333e+00
-1.280783265420456871e+02,-1.335544917463502316e+03,1.869631959994941894e+02,1.792867925325291489e+00,-4.662604298009701864e+01,0.000000000000000000e+00,6.162774233069650442e+00,3.053993596431913371e+00
-1.278990398675416031e+02,-1.340207521765557658e+03,1.869631959995872990e+02,1.792857066882360018e+00,-4.662604293700654523e+01,0.000000000000000000e+00,6.162774385702483926e+00,3.053994195762402164e+00
-1.277197531931560803e+02,-1.344870126022154636e+03,1.869631960009043041e+02,1.792863789417387332e+00,-4.662604289859120854e+01,0.000000000000000000e+00,6.162718691891447165e+00,3.053993860890284573e+00
-1.275404665186588602e+02,-1.349532730333341306e+03,1.869631960010055991e+02,1.792861069029488386e+00,-4.662604285585631203e+01,0.000000000000000000e+00,6.162788506887574513e+00,3.053994085250516743e+00
-1.273611798441833827e+02,-1.354195334599520493e+03,1.869631959993396322e+02,1.792862195050566099e+00,-4.662604290130526863e+01,0.000000000000000000e+00,6.162787642219375250e+00,3.053994028194477739e+00
-1.271818931697300457e+02,-1.358857938864889093e+03,1.869631960005462190e+02,1.792872117994767533e+00,-4.662604293448951154e+01,0.000000000000000000e+00,6.162761586221233046e+00,3.053994008099633284e+00
-1.270026064952389788e+02,-1.363520543139454276e+03,1.869631959994406998e+02,1.792870635840731142e+00,-4.662604292749386303e+01,0.000000000000000000e+00,6.162762955655791686e+00,3.053994045380011180e+00
-1.268233198207972237e+02,-1.368183147494423338e+03,1.869631959997072954e+02,1.792863594989121179e+00,-4.662604296691768724e+01,0.000000000000000000e+00,6.162784275843077531e+00,3.053994055118530504e+00
-1.266440331463413997e+02,-1.372845751773471875e+03,1.869631959996614796e+02,1.792875824973534149e+00,-4.662604299568356225e+01,0.000000000000000000e+00,6.162764448918286675e+00,3.053993908410642888e+00
-1.264647464719229220e+02,-1.377508356078682482e+03,1.869631960010091518e+02,1.792870615861037242e+00,-4.662604302852019345e+01,0.000000000000000000e+00,6.162758906536465631e+00,3.053993997095268309e+00
-1.262854597974344841e+02,-1.382170960363435825e+03,1.869631960000292850e+02,1.792875486903786397e+00,-4.662604298718467533e+01,0.000000000000000000e+00,6.162777784570447004e+00,3.053993972792975686e+00
-1.261061731229605556e+02,-1.386833564601664648e+03,1.869631959998895923e+02,1.792864704249720997e+00,-4.662604281120399463e+01,0.000000000000000000e+00,6.162793805848385986e+00,3.053993841344798454e+00
-1.259268864484798058e+02,-1.391496168944224110e+03,1.869631959992866541e+02,1.792865562875956220e+00,-4.662604286480539173e+01,0.000000000000000000e+00,6.162803164098023423e+00,3.053993865644967887e+00
-1.257475997740329916e+02,-1.396158773220738567e+03,1.869631960000164952e+02,1.792870169829544835e+00,-4.662604308859665991e+01,0.000000000000000000e+00,6.162743009496848501e+00,3.053993730030863052e+00
-1.255683130995333130e+02,-1.400821377482532398e+03,1.869631959995733723e+02,1.792862855370636055e+00,-4.662604284395930421e+01,0.000000000000000000e+00,6.162782826063769370e+00,3.053993677544300400e+00
-1.253890264251849231e+02,-1.405483981845649623e+03,1.869631960001390212e+02,1.792867897552277823e+00,-4.662604283167142682e+01,0.000000000000000000e+00,6.162760950016186179e+00,3.053993950496337817e+00
-1.252097397506774570e+02,-1.410146586061770222e+03,1.869631960005210942e+02,1.792860611225151279e+00,-4.662604299536909735e+01,0.000000000000000000e+00,6.162791522379075460e+00,3.053993826473020423e+00
-1.250304530761720940e+02,-1.414809190380862901e+03,1.869631960001431423e+02,1.792863193264648602e+00,-4.662604304703678082e+01,0.000000000000000000e+00,6.162742861964272123e+00,3.053993964770870928e+00
-1.248511664017132432e+02,-1.419471794676071340e+03,1.869631960001034372e+02,1.792869503371598450e+00,-4.662604292652176952e+01,0.000000000000000000e+00,6.162748504260884275e+00,3.053993910504883669e+00
-1.246718797272679780e+02,-1.424134398952646961e+03,1.869631960014105232e+02,1.792869950853694272e+00,-4.662604310756928783e+01,0.000000000000000000e+00,6.162783887829668572e+00,3.053993911167645514e+00
-1.244925930527734579e+02,-1.428797003261719055e+03,1.869631960007091038e+02,1.792861347087862489e+00,-4.662604299666340069e+01,0.000000000000000000e+00,6.162801728500000742e+00,3.053993622958626641e+00
-1.243133063783547669e+02,-1.433459607527908020e+03,1.869631959998680202e+02,1.792865512605069656e+00,-4.662604285938854076e+01,0.000000000000000000e+00,6.162770372799010410e+00,3.053993992623671883e+00
-1.241340197038695550e+02,-1.438122211796388910e+03,1.869631959996388844e+02,1.792858914320796915e+00,-4.662604301193365330e+01,0.000000000000000000e+00,6.162736660266982192e+00,3.053993966348606204e+00
-1.239547330294172269e+02,-1.442784816104249785e+03,1.869631959994595718e+02,1.792864393033625214e+00,-4.662604283681672968e+01,0.000000000000000000e+00,6.162776288755583032e+00,3.053993885229954852e+00
-1.237754463549177615e+02,-1.447447420373700879e+03,1.869631960006434497e+02,1.792866399211008321e+00,-4.662604289964566107e+01,0.000000000000000000e+00,6.162768672454885355e+00,3.053993792819127862e+00
-1.235961596805242237e+02,-1.452110024691541412e+03,1.869631960004863060e+02,1.792869141704660052e+00,-4.662604287815246096e+01,0.000000000000000000e+00,6.162797504118221248e+00,3.053993919403974466e+00
-1.234168730059744234e+02,-1.456772629012845755e+03,1.869631960005789324e+02,1.792869633242708538e+00,-4.662604295315667002e+01,0.000000000000000000e+00,6.162760268998771274e+00,3.053993841987157065e+00
-1.232375863316017330e+02,-1.461435233256808942e+03,1.869631959999470894e+02,1.792866022665084103e+00,-4.662604287789179125e+01,0.000000000000000000e+00,6.162767054443069270e+00,3.053993976751193440e+00
-1.230582996571471881e+02,-1.466097837560012977e+03,1.869631960008985629e+02,1.792868493402290930e+00,-4.662604292643660386e+01,0.000000000000000000e+00,6.162754484159099100e+00,3.053993821483662607e+00
-1.228790129826331565e+02,-1.470760441864148333e+03,1.869631960008452438e+02,1.792865845431133254e+00,-4.662604283207990363e+01,0.000000000000000000e+00,6.162763965884392903e+00,3.053994078125395362e+00
-1.226997263081433829e+02,-1.475423046131762021e+03,1.869631959994574117e+02,1.792868581123528982e+00,-4.662604292528294536e+01,0.000000000000000000e+00,6.162777688241340535e+00,3.053993693067821980e+00
-1.225204396336813062e+02,-1.480085650416004228e+03,1.869631960000476454e+02,1.792866931874555592e+00,-4.662604297131571940e+01,0.000000000000000000e+00,6.162767726069701801e+00,3.053993929171386235e+00
-1.223411529592670490e+02,-1.484748254722988349e+03,1.869631959998912407e+02,1.792864264363156712e+00,-4.662604289414630188e+01,0.000000000000000000e+00,6.162783555893581067e+00,3.053994077566747123e+00
-1.221618662847558738e+02,-1.489410858990120232e+03,1.869631960011469971e+02,1.792867863556962593e+00,-4.662604302706792936e+01,0.000000000000000000e+00,6.162782516250342013e+00,3.053993832791626062e+00
-1.219825796103532127e+02,-1.494073463302324853e+03,1.869631960005008580e+02,1.792870646294695725e+00,-4.662604283026020369e+01,0.000000000000000000e+00,6.162787543272939317e+00,3.053993939037115357e+00
-1.218032929358466419e+02,-1.498736067575067636e+03,1.869631960007636167e+02,1.792873696628721314e+00,-4.662604298530018809e+01,0.000000000000000000e+00,6.162777353233323652e+00,3.053993942756490831e+00
-1.216240062614148343e+02,-1.503398671883116776e+03,1.869631960002446363e+02,1.792864371350006536e+00,-4.662604273330572369e+01,0.000000000000000000e+00,6.162764364810925599e+00,3.053993953519078985e+00
-1.214447195869498586e+02,-1.508061276156687882e+03,1.869631959988580547e+02,1.792862744333274971e+00,-4.662604289671404700e+01,0.000000000000000000e+00,6.162741451732583364e+00,3.053994071555178991e+00
-1.212654329124626713e+02,-1.512723880478313731e+03,1.869631960001240714e+02,1.792865477029332189e+00,-4.662604290995934520e+01,0.000000000000000000e+00,6.162794782868232346e+00,3.053993912844001457e+00
-1.210861462379642859e+02,-1.517386484746122505e+03,1.869631960004243751e+02,1.792868955897429561e+00,-4.662604308534147890e+01,0.000000000000000000e+00,6.162742186383437293e+00,3.053993745139775395e+00
-1.209068595635129384e+02,-1.522049089005234691e+03,1.869631960000897379e+02,1.792864260219371841e+00,-4.662604288911926176e+01,0.000000000000000000e+00,6.162753638126448941e+00,3.053993598718812041e+00
-1.207275728890502364e+02,-1.526711693301157311e+03,1.869631959995147099e+02,1.792870192646692340e+00,-4.662604276893209487e+01,0.000000000000000000e+00,6.162758527273519249e+00,3.053993964059996458e+00
-1.205482862146570540e+02,-1.531374297576989875e+03,1.869631959996336263e+02,1.792873387549578368e+00,-4.662604268768842530e+01,0.000000000000000000e+00,6.162756303055859419e+00,3.053993839327326487e+00
-1.203689995401587538e+02,-1.536036901875846752e+03,1.869631959992969712e+02,1.792864910655642241e+00,-4.662604283431452501e+01,0.000000000000000000e+00,6.162746301694608242e+00,3.053993983096455977e+00
-1.201897128656973166e+02,-1.540699506216312329e+03,1.869631960000296544e+02,1.792866190486950728e+00,-4.662604298629054966e+01,0.000000000000000000e+00,6.162769909868361040e+00,3.053994036896025666e+00
-1.200104261912940444e+02,-1.545362110461832117e+03,1.869631959993614601e+02,1.792867921705624479e+00,-4.662604273666698873e+01,0.000000000000000000e+00,6.162773453744657459e+00,3.053993817515066489e+00
-1.198311395167999933e+02,-1.550024714794985130e+03,1.869631960006326210e+02,1.792864360859738326e+00,-4.662604292698383546e+01,0.000000000000000000e+00,6.162763790375835882e+00,3.053993929637816240e+00
-1.196518528423350034e+02,-1.554687319074231709e+03,1.869631960004786890e+02,1.792860320789684936e+00,-4.662604298956774329e+01,0.000000000000000000e+00,6.162779903353941435e+00,3.053993893817505967e+00
-1.194725661678428139e+02,-1.559349923352206361e+03,1.869631959994570138e+02,1.792865715109266178e+00,-4.662604288203678493e+01,0.000000000000000000e+00,6.162744042514602505e+00,3.053993839348009942e+00
-1.192932794934288694e+02,-1.564012527610708048e+03,1.869631959990767029e+02,1.792865460742971706e+00,-4.662604286877824933e+01,0.000000000000000000e+00,6.162797230883133359e+00,3.053994000425285016e+00
-1.191139928189743245e+02,-1.568675131966872186e+03,1.869631959999383071e+02,1.792865681387796339e+00,-4.662604308088399563e+01,0.000000000000000000e+00,6.162793136905204250e+00,3.053993807888823131e+00
-1.189347061444541254e+02,-1.573337736233851956e+03,1.869631959994482315e+02,1.792863629923429292e+00,-4.662604270205409307e+01,0.000000000000000000e+00,6.162781205594547451e+00,3.053993800006986170e+00
-1.187554194700492189e+02,-1.578000340481883768e+03,1.869631960007392024e+02,1.792866295909262719e+00,-4.662604285732898290e+01,0.000000000000000000e+00,6.162778879067509763e+00,3.053993928692602555e+00
-1.185761327954892721e+02,-1.582662944814262801e+03,1.869631959997700505e+02,1.792872052485497525e+00,-4.662604301939047247e+01,0.000000000000000000e+00,6.162771269583654288e+00,3.053994010972370443e+00
-1.183968461210340450e+02,-1.587325549092191068e+03,1.869631960002171525e+02,1.792862548535016476e+00,-4.662604286569354883e+01,0.000000000000000000e+00,6.162762128435916864e+00,3.053993852884399285e+00
-1.182175594466321087e+02,-1.591988153398126087e+03,1.869631960004892619e+02,1.792869040869154107e+00,-4.662604295755249950e+01,0.000000000000000000e+00,6.162801618299580397e+00,3.053993909995323719e+00
-1.180382727721286926e+02,-1.596650757680822380e+03,1.869631960000355377e+02,1.792858651893467936e+00,-4.662604291477406093e+01,0.000000000000000000e+00,6.162779074104092203e+00,3.053993810110340323e+00
-1.178589860976605905e+02,-1.601313361991289867e+03,1.869631960003998472e+02,1.792868642653886235e+00,-4.662604298171883244e+01,0.000000000000000000e+00,6.162777118784068975e+00,3.053994044133400365e+00
-1.176796994232372526e+02,-1.605975966267891181e+03,1.869631960004152802e+02,1.792865045141429414e+00,-4.662604298106572998e+01,0.000000000000000000e+00,6.162768651407768417e+00,3.053993924171742425e+00
-1.175004127487386256e+02,-1.610638570563582107e+03,1.869631960002658673e+02,1.792868228494063132e+00,-4.662604277089306493e+01,0.000000000000000000e+00,6.162761859536273867e+00,3.053993900737628664e+00
-1.173211260742816648e+02,-1.615301174813095940e+03,1.869631959996577564e+02,1.792865053596226721e+00,-4.662604301850699073e+01,0.000000000000000000e+00,6.162768373352069062e+00,3.053994094071793342e+00
-1.171418393998599612e+02,-1.619963779160780859e+03,1.869631959999830428e+02,1.792866176665714573e+00,-4.662604285573626584e+01,0.000000000000000000e+00,6.162766850838474753e+00,3.053993841721977187e+00
-1.169625527253514150e+02,-1.624626383396333495e+03,1.869631960001803179e+02,1.792870162216237739e+00,-4.662604276768533396e+01,0.000000000000000000e+00,6.162772391277952622e+00,3.053993967909935492e+00
-1.167832660508775717e+02,-1.629288987721279454e+03,1.869631960008902922e+02,1.792869074650803585e+00,-4.662604287701083194e+01,0.000000000000000000e+00,6.162779524348926508e+00,3.053993930435483506e+00
-1.166039793764644941e+02,-1.633951592002263624e+03,1.869631960002715800e+02,1.792866072900366037e+00,-4.662604295404879196e+01,0.000000000000000000e+00,6.162813858449337268e+00,3.053993833178008988e+00
-1.164246927019382696e+02,-1.638614196289982146e+03,1.869631960003404743e+02,1.792868981783676707e+00,-4.662604291141602886e+01,0.000000000000000000e+00,6.162756082804372149e+00,3.053993639886428024e+00
-1.162454060275074426e+02,-1.643276800590193261e+03,1.869631960012178524e+02,1.792862768260817585e+00,-4.662604277979583856e+01,0.000000000000000000e+00,6.162779104556501686e+00,3.053993989854976832e+00
-1.160661193530496575e+02,-1.647939404823739778e+03,1.869631959994759427e+02,1.792866525547780032e+00,-4.662604286917321161e+01,0.000000000000000000e+00,6.162764131517834976e+00,3.053993397450876390e+00
-1.158868326786086129e+02,-1.652602009139721986e+03,1.869631959997179536e+02,1.792869462369357736e+00,-4.662604277784461004e+01,0.000000000000000000e+00,6.162757822114262041e+00,3.053993765441717745e+00
-1.157075460041679662e+02,-1.657264613468609014e+03,1.869631960004468283e+02,1.792870112923522496e+00,-4.662604280401880885e+01,0.000000000000000000e+00,6.162766231211743495e+00,3.053993938012517173e+00
-1.155282593296777662e+02,-1.661927217692473960e+03,1.869631959998468744e+02,1.792865749616010085e+00,-4.662604304083474460e+01,0.000000000000000000e+00,6.162789093572331289e+00,3.053993914564258283e+00
-1.153489726552340500e+02,-1.666589821971144602e+03,1.869631960008100009e+02,1.792869593337931278e+00,-4.662604280934931467e+01,0.000000000000000000e+00,6.162765208986885845e+00,3.053993791315178452e+00
-1.151696859807727549e+02,-1.671252426285163665e+03,1.869631960009297416e+02,1.792861284908283448e+00,-4.662604296189432773e+01,0.000000000000000000e+00,6.162804762590119445e+00,3.053993752259476224e+00
-1.149903993062707457e+02,-1.675915030592692347e+03,1.869631960005303597e+02,1.792869758752559495e+00,-4.662604295134076438e+01,0.000000000000000000e+00,6.162799939383784675e+00,3.053993733656957588e+00
-1.148111126318422066e+02,-1.680577634919935463e+03,1.869631960001493098e+02,1.792866090802603729e+00,-4.662604271700884340e+01,0.000000000000000000e+00,6.162763217823325590e+00,3.053993800665049996e+00
-1.146318259574321559e+02,-1.685240239169369943e+03,1.869631960005491749e+02,1.792870741761657394e+00,-4.662604278185315110e+01,0.000000000000000000e+00,6.162784771116950999e+00,3.053993735865135672e+00
-1.144525392829555273e+02,-1.689902843444623613e+03,1.869631959994429451e+02,1.792867776462458318e+00,-4.662604303146819973e+01,0.000000000000000000e+00,6.162755173181247770e+00,3.053993958744460002e+00
-1.142732526084650857e+02,-1.694565447753876697e+03,1.869631959987096650e+02,1.792860688896351862e+00,-4.662604283463850408e+01,0.000000000000000000e+00,6.162796908327380585e+00,3.053994073039899337e+00
-1.140939659340121892e+02,-1.699228052035356995e+03,1.869631960000145341e+02,1.792872675289605366e+00,-4.662604289186208462e+01,0.000000000000000000e+00,6.162770086006941206e+00,3.053993701504387204e+00
-1.139146792595381896e+02,-1.703890656351100688e+03,1.869631960000209574e+02,1.792866647846577788e+00,-4.662604289994381190e+01,0.000000000000000000e+00,6.162764934640770242e+00,3.053993779922032914e+00
-1.137353925850100040e+02,-1.708553260625928715e+03,1.869631959999427409e+02,1.792864052640140038e+00,-4.662604289113418332e+01,0.000000000000000000e+00,6.162793914802286999e+00,3.053993836595965572e+00
-1.135561059106161395e+02,-1.713215864878250613e+03,1.869631959996265493e+02,1.792866089185731537e+00,-4.662604280034450710e+01,0.000000000000000000e+00,6.162772262460848083e+00,3.053994166522059572e+00
-1.133768192360978446e+02,-1.717878469192017747e+03,1.869631960002134008e+02,1.792872191405852300e+00,-4.662604284704479340e+01,0.000000000000000000e+00,6.162801984816261403e+00,3.053994104230692841e+00
-1.131975325617201520e+02,-1.722541073495383444e+03,1.869631960007126565e+02,1.792869186329843600e+00,-4.662604289506413124e+01,0.000000000000000000e+00,6.162746049319476782e+00,3.053993934058498727e+00
-1.130182458872354943e+02,-1.727203677790369056e+03,1.869631959996541752e+02,1.792867401765734003e+00,-4.662604287665248393e+01,0.000000000000000000e+00,6.162764445637818334e+00,3.053994005240732612e+00
-1.128389592127035286e+02,-1.731866282082223051e+03,1.869631960005299334e+02,1.792872789477421014e+00,-4.662604282104182829e+01,0.000000000000000000e+00,6.162819780210432086e+00,3.053993883690226063e+00
-1.126596725382567570e+02,-1.736528886339467590e+03,1.869631959998757225e+02,1.792866394441285705e+00,-4.662604286699260570e+01,0.000000000000000000e+00,6.162754767319095883e+00,3.053993858768619951e+00
-1.124803858638317280e+02,-1.741191490625134065e+03,1.869631959990609289e+02,1.792867129190303999e+00,-4.662604291506454501e+01,0.000000000000000000e+00,6.162793309683917364e+00,3.053993785027160346e+00
-1.123010991893234376e+02,-1.745854094938624485e+03,1.869631960009931504e+02,1.792865984066115193e+00,-4.662604280337986040e+01,0.000000000000000000e+00,6.162776272550037682e+00,3.053994013039406319e+00
-1.121218125148937901e+02,-1.750516699239057516e+03,1.869631960001695177e+02,1.792864226030590480e+00,-4.662604279243275585e+01,0.000000000000000000e+00,6.162750831167532084e+00,3.053993683718223107e+00
-1.119425258403716299e+02,-1.755179303512762090e+03,1.869631960010007958e+02,1.792864283106151868e+00,-4.662604290222310510e+01,0.000000000000000000e+00,6.162759771899727568e+00,3.053993952432127568e+00
-1.117632391659945910e+02,-1.759841907804336643e+03,1.869631960006775557e+02,1.792868567005128977e+00,-4.662604283717388398e+01,0.000000000000000000e+00,6.162806431763354631e+00,3.053993922711657927e+00
-1.115839524914603800e+02,-1.764504512094104484e+03,1.869631959995480770e+02,1.792864706471804626e+00,-4.662604291946978918e+01,0.000000000000000000e+00,6.162786329900629134e+00,3.053993755039551505e+00
-1.114046658170203727e+02,-1.769167116423478319e+03,1.869631960004920188e+02,1.792866296926546754e+00,-4.662604294389365123e+01,0.000000000000000000e+00,6.162772280519030588e+00,3.053993909924008765e+00
-1.112253791426342531e+02,-1.773829720684608674e+03,1.869631960008731539e+02,1.792868786188786201e+00,-4.662604272450477794e+01,0.000000000000000000e+00,6.162757993118487931e+00,3.053993491614200195e+00
-1.110460924681424189e+02,-1.778492324963833880e+03,1.869631960001498214e+02,1.792867990375790699e+00,-4.662604274124415582e+01,0.000000000000000000e+00,6.162765983053382080e+00,3.053993870694429180e+00
-1.108668057936660034e+02,-1.783154929274955975e+03,1.869631960008151736e+02,1.792866505966804969e+00,-4.662604295785496333e+01,0.000000000000000000e+00,6.162830326169308037e+00,3.053994201977696665e+00
-1.106875191192177112e+02,-1.787817533543740637e+03,1.869631960002626556e+02,1.792859269196533933e+00,-4.662604281375003268e+01,0.000000000000000000e+00,6.162792914383419252e+00,3.053994046354591152e+00
-1.105082324447207043e+02,-1.792480137850624260e+03,1.869631960000267838e+02,1.792865685767092376e+00,-4.662604275233997697e+01,0.000000000000000000e+00,6.162775604254185247e+00,3.053993855754105535e+00
-1.103289457702756664e+02,-1.797142742157194562e+03,1.869631959993145927e+02,1.792864656957223080e+00,-4.662604297743352078e+01,0.000000000000000000e+00,6.162780326351064097e+00,3.053993865596984492e+00
-1.101496590958511348e+02,-1.801805346409825233e+03,1.869631959997957722e+02,1.792866163351631625e+00,-4.662604297490952376e+01,0.000000000000000000e+00,6.162769604897569309e+00,3.053993728696120513e+00
-1.099703724213520672e+02,-1.806467950707066166e+03,1.869631959991953352e+02,1.792869403735162903e+00,-4.662604287007047077e+01,0.000000000000000000e+00,6.162766310236192702e+00,3.053993729375273247e+00
-1.097910857468770587e+02,-1.811130555027129276e+03,1.869631959996654018e+02,1.792861262761697105e+00,-4.662604283938784988e+01,0.000000000000000000e+00,6.162791970953853671e+00,3.053993827276496820e+00
-1.096117990724638247e+02,-1.815793159321675603e+03,1.869631959993791952e+02,1.792868487025299995e+00,-4.662604293042062409e+01,0.000000000000000000e+00,6.162800596028461086e+00,3.053994018279007960e+00
-1.094325123979957652e+02,-1.820455763567707891e+03,1.869631960001929940e+02,1.792870165197975485e+00,-4.662604297174436851e+01,0.000000000000000000e+00,6.162792281549235085e+00,3.053993596158291357e+00
-1.092532257234939124e+02,-1.825118367862317200e+03,1.869631960001431139e+02,1.792864585753457529e+00,-4.662604283378112058e+01,0.000000000000000000e+00,6.162778962738197919e+00,3.053993767521502534e+00
-1.090739390490316083e+02,-1.829780972174677117e+03,1.869631960003960671e+02,1.792871953007041164e+00,-4.662604290856955913e+01,0.000000000000000000e+00,6.162786331662599260e+00,3.053993671036050017e+00
-1.088946523746024724e+02,-1.834443576459716951e+03,1.869631959999159392e+02,1.792868087195449878e+00,-4.662604293322070959e+01,0.000000000000000000e+00,6.162760203578987017e+00,3.053993745179559571e+00
-1.087153657001829430e+02,-1.839106180705800170e+03,1.869631960004030304e+02,1.792871446986663564e+00,-4.662604298610610698e+01,0.000000000000000000e+00,6.162788169317292564e+00,3.053993865768279914e+00
-1.085360790256393813e+02,-1.843768785057784953e+03,1.869631960006383622e+02,1.792866883795400934e+00,-4.662604290438866173e+01,0.000000000000000000e+00,6.162778937912876565e+00,3.053993732240825487e+00
-1.083567923511601236e+02,-1.848431389334928781e+03,1.869631960003109157e+02,1.792867963170610146e+00,-4.662604282103153253e+01,0.000000000000000000e+00,6.162745615435887281e+00,3.053994013030066235e+00
-1.081775056767174021e+02,-1.853093993622721882e+03,1.869631960001825064e+02,1.792866064692623995e+00,-4.662604295656228004e+01,0.000000000000000000e+00,6.162781116242383561e+00,3.053993691781227593e+00
-1.079982190022639230e+02,-1.857756597894555171e+03,1.869631960003155768e+02,1.792866835003351644e+00,-4.662604294327147159e+01,0.000000000000000000e+00,6.162789011388692728e+00,3.053993943245519205e+00
-1.078189323277649549e+02,-1.862419202161304838e+03,1.869631960006112195e+02,1.792864634851390582e+00,-4.662604286458054048e+01,0.000000000000000000e+00,6.162748289488550135e+00,3.053993746488129268e+00
-1.076396456534005068e+02,-1.867081806438275180e+03,1.869631960008033786e+02,1.792869383580558029e+00,-4.662604284784339370e+01,0.000000000000000000e+00,6.162750139234307589e+00,3.053994075565393818e+00
-1.074603589788921880e+02,-1.871744410735990868e+03,1.869631960001756283e+02,1.792868208392522922e+00,-4.662604296168300522e+01,0.000000000000000000e+00,6.162805946844429172e+00,3.053993780957987791e+00
-1.072810723043952379e+02,-1.876407015053008308e+03,1.869631959996640944e+02,1.792867950815417055e+00,-4.662604290064571444e+01,0.000000000000000000e+00,6.162802603224912801e+00,3.053993848224578311e+00
-1.071017856299340565e+02,-1.881069619367044652e+03,1.869631960005355324e+02,1.792868607263552461e+00,-4.662604293161379587e+01,0.000000000000000000e+00,6.162764774236292986e+00,3.053994028570788721e+00
-1.069224989555462315e+02,-1.885732223609242510e+03,1.869631960000662332e+02,1.792865698275079467e+00,-4.662604292047104337e+01,0.000000000000000000e+00,6.162789073829486597e+00,3.053993713944198607e+00
-1.067432122810184154e+02,-1.890394827922275454e+03,1.869631959993933492e+02,1.792861827686945686e+00,-4.662604287427744509e+01,0.000000000000000000e+00,6.162779822043521705e+00,3.053993785323651622e+00
-1.065639256065711180e+02,-1.895057432195124875e+03,1.869631959997530259e+02,1.792863118310819459e+00,-4.662604309929542268e+01,0.000000000000000000e+00,6.162759518651135693e+00,3.053993817901240249e+00
-1.063846389321239911e+02,-1.899720036497470119e+03,1.869631959998229433e+02,1.792871193738504676e+00,-4.662604280088648778e+01,0.000000000000000000e+00,6.162725520847629035e+00,3.053993683893919009e+00
-1.062053522576865703e+02,-1.904382640787374385e+03,1.869631960000234017e+02,1.792861442040553310e+00,-4.662604300567557658e+01,0.000000000000000000e+00,6.162781008182649067e+00,3.053994200332027731e+00
-1.060260655831766172e+02,-1.909045245087390867e+03,1.869631960006505835e+02,1.792866668009152731e+00,-4.662604287398239933e+01,0.000000000000000000e+00,6.162768479224967066e+00,3.053994046522389372e+00
-1.058467789087752067e+02,-1.913707849373181034e+03,1.869631960010096350e+02,1.792864940368117610e+00,-4.662604295840154833e+01,0.000000000000000000e+00,6.162775603756955434e+00,3.053993968920130087e+00
-1.056674922342927516e+02,-1.918370453672434451e+03,1.869631960006463487e+02,1.792870988705209667e+00,-4.662604302352610119e+01,0.000000000000000000e+00,6.162771125842803066e+00,3.053993984282387331e+00
-1.054882055597634292e+02,-1.923033057953331536e+03,1.869631959996884518e+02,1.792865133769440122e+00,-4.662604307411294258e+01,0.000000000000000000e+00,6.162763072857878832e+00,3.053993797763119300e+00
-1.053089188853368512e+02,-1.927695662255065145e+03,1.869631960002498943e+02,1.792866332105593541e+00,-4.662604296411834781e+01,0.000000000000000000e+00,6.162763355851253344e+00,3.053993926248892432e+00
-1.051296322108485128e+02,-1.932358266543091759e+03,1.869631959994134434e+02,1.792866009758242063e+00,-4.662604273852254977e+01,0.000000000000000000e+00,6.162746725666038650e+00,3.053993834042922018e+00
-1.049503455364025228e+02,-1.937020870826116379e+03,1.869631960006538236e+02,1.792864349884566444e+00,-4.662604293980446357e+01,0.000000000000000000e+00,6.162745097183762510e+00,3.053994119943009622e+00
-1.047710588619551118e+02,-1.941683475079890513e+03,1.869631959993518535e+02,1.792870273613072163e+00,-4.662604302466767336e+01,0.000000000000000000e+00,6.162782727129661353e+00,3.053994093131603638e+00
-1.045917721874462245e+02,-1.946346079397711719e+03,1.869631960013083471e+02,1.792862298249055630e+00,-4.662604288792316964e+01,0.000000000000000000e+00,6.162783077370342255e+00,3.053993680707128622e+00
-1.044124855130164065e+02,-1.951008683656884841e+03,1.869631960001155164e+02,1.792869156154043075e+00,-4.662604284577742675e+01,0.000000000000000000e+00,6.162790959661388790e+00,3.053993889154812624e+00
-1.042331988385940065e+02,-1.955671287969749756e+03,1.869631959994349018e+02,1.792873722150678750e+00,-4.662604278802029967e+01,0.000000000000000000e+00,6.162762192540212958e+00,3.053993767473802023e+00
-1.040539121640629077e+02,-1.960333892281149929e+03,1.869631960002039648e+02,1.792864763003722217e+00,-4.662604289813214820e+01,0.000000000000000000e+00,6.162774002051552458e+00,3.053993675517570061e+00
-1.038746254896559265e+02,-1.964996496538617748e+03,1.869631960003643201e+02,1.792869285847302985e+00,-4.662604291921495303e+01,0.000000000000000000e+00,6.162802934718682124e+00,3.053994167245472013e+00
-1.036953388151825095e+02,-1.969659100853718428e+03,1.869631960001765663e+02,1.792866382010506410e+00,-4.662604303896548430e+01,0.000000000000000000e+00,6.162766872738444590e+00,3.053993834816586261e+00
-1.035160521407102294e+02,-1.974321705100253894e+03,1.869631960007252758e+02,1.792863233981342397e+00,-4.662604288764329397e+01,0.000000000000000000e+00,6.162747585703653996e+00,3.053993820710660945e+00
-1.033367654662857973e+02,-1.978984309380040941e+03,1.869631959998027071e+02,1.792870458605971162e+00,-4.662604288199188574e+01,0.000000000000000000e+00,6.162769537080712290e+00,3.053993975320703491e+00
-1.031574787917557927e+02,-1.983646913694419709e+03,1.869631960006750262e+02,1.792867863701853581e+00,-4.662604287663199187e+01,0.000000000000000000e+00,6.162781216201805634e+00,3.053993971241903083e+00
-1.029781921173112522e+02,-1.988309518057230889e+03,1.869631960001761115e+02,1.792868099145260574e+00,-4.662604297200532955e+01,0.000000000000000000e+00,6.162771369670112520e+00,3.053993794199509448e+00
-1.027989054429025941e+02,-1.992972122299624289e+03,1.869631960000746744e+02,1.792860641104428110e+00,-4.662604280575381210e+01,0.000000000000000000e+00,6.162783025980671070e+00,3.053993613099281301e+00
-1.026196187683900689e+02,-1.997634726584868076e+03,1.869631960008855174e+02,1.792862526920948607e+00,-4.662604272799728022e+01,0.000000000000000000e+00,6.162763874964780619e+00,3.053993994450127758e+00
-1.024403320939219526e+02,-2.002297330864702190e+03,1.869631960008115072e+02,1.792865735150172224e+00,-4.662604288034695088e+01,0.000000000000000000e+00,6.162768443545514785e+00,3.053993857021199521e+00
-1.022610454194594922e+02,-2.006959935171056713e+03,1.869631960001917435e+02,1.792870150910646387e+00,-4.662604279624501658e+01,0.000000000000000000e+00,6.162747853814363630e+00,3.053993927319601731e+00
-1.020817587450095374e+02,-2.011622539483536684e+03,1.869631960004577422e+02,1.792866310809307251e+00,-4.662604304439741298e+01,0.000000000000000000e+00,6.162784057138057214e+00,3.053993681904703106e+00
-1.019024720705674980e+02,-2.016285143752192198e+03,1.869631960008912301e+02,1.792866308937612896e+00,-4.662604287678672677e+01,0.000000000000000000e+00,6.162773566109205348e+00,3.053994086073920311e+00
-1.017231853960622345e+02,-2.020947748018863649e+03,1.869631960000279491e+02,1.792865848385271077e+00,-4.662604270007812346e+01,0.000000000000000000e+00,6.162780553722784660e+00,3.053994110512322280e+00
-1.015438987216626572e+02,-2.025610352326039674e+03,1.869631959999937862e+02,1.792870449676320366e+00,-4.662604290310326860e+01,0.000000000000000000e+00,6.162756357215705805e+00,3.053993706960039578e+00
-1.013646120471224492e+02,-2.030272956594857533e+03,1.869631960010100613e+02,1.792868551164766400e+00,-4.662604291619427244e+01,0.000000000000000000e+00,6.162776387970089864e+00,3.053994027420663837e+00
-1.011853253727311142e+02,-2.034935560876454247e+03,1.869631960002606377e+02,1.792871301099435044e+00,-4.662604298229958033e+01,0.000000000000000000e+00,6.162792494172316005e+00,3.053993974682623236e+00
-1.010060386982340788e+02,-2.039598165179438865e+03,1.869631960004641940e+02,1.792862326768345671e+00,-4.662604284088176598e+01,0.000000000000000000e+00,6.162767927443151272e+00,3.053993836072507850e+00
-1.008267520237916557e+02,-2.044260769519856240e+03,1.869631960004595612e+02,1.792869172954913326e+00,-4.662604279350505010e+01,0.000000000000000000e+00,6.162753251602540061e+00,3.053993838413667561e+00
-1.006474653493780096e+02,-2.048923373815340256e+03,1.869631960009027694e+02,1.792867699451471841e+00,-4.662604301465767520e+01,0.000000000000000000e+00,6.162768814102297377e+00,3.053993863670975806e+00
-1.004681786748638359e+02,-2.053585978078232074e+03,1.869631959999342712e+02,1.792867288094337708e+00,-4.662604295088830497e+01,0.000000000000000000e+00,6.162766437549218601e+00,3.053993711191483218e+00
-1.002888920004254771e+02,-2.058248582354414793e+03,1.869631959995465422e+02,1.792862766868217106e+00,-4.662604287859644359e+01,0.000000000000000000e+00,6.162763281431183238e+00,3.053993870776743336e+00
-1.001096053259496443e+02,-2.062911186621924571e+03,1.869631960006127542e+02,1.792865612531461039e+00,-4.662604294988239673e+01,0.000000000000000000e+00,6.162775195643562576e+00,3.053993686895229764e+00
-9.993031865146649295e+01,-2.067573790940484287e+03,1.869631959999985611e+02,1.792868860135584441e+00,-4.662604285495194745e+01,0.000000000000000000e+00,6.162785986352789180e+00,3.053994015253580052e+00
-9.975103197698231838e+01,-2.072236395187463131e+03,1.869631959991940562e+02,1.792870323928421161e+00,-4.662604296317663710e+01,0.000000000000000000e+00,6.162776546917959841e+00,3.053993848272990697e+00
-9.957174530251469946e+01,-2.076898999521228689e+03,1.869631960008118199e+02,1.792863417477001731e+00,-4.662604302522707655e+01,0.000000000000000000e+00,6.162775880418759122e+00,3.053993974290591495e+00
-9.939245862803318232e+01,-2.081561603796768395e+03,1.869631960002251958e+02,1.792866922501680449e+00,-4.662604283781448800e+01,0.000000000000000000e+00,6.162762686241468835e+00,3.053993870259475774e+00
-9.921317195360445851e+01,-2.086224208073509089e+03,1.869631959994952979e+02,1.792864561721580152e+00,-4.662604287695101846e+01,0.000000000000000000e+00,6.162777005087904492e+00,3.053993718614299357e+00
-9.903388527912636619e+01,-2.090886812367083166e+03,1.869631960007040163e+02,1.792864208555429162e+00,-4.662604295022561018e+01,0.000000000000000000e+00,6.162796720109869675e+00,3.053993824709168248e+00
-9.885459860466899329e+01,-2.095549416664206547e+03,1.869631959998955040e+02,1.792864288777590298e+00,-4.662604282917675391e+01,0.000000000000000000e+00,6.162775224755129067e+00,3.053993958696854527e+00
-9.867531193018696456e+01,-2.100212020955308162e+03,1.869631960001872812e+02,1.792868092537335478e+00,-4.662604297620590899e+01,0.000000000000000000e+00,6.162777936319748129e+00,3.053993769002621761e+00
-9.849602525581268253e+01,-2.104874625242255661e+03,1.869631959993769499e+02,1.792870072816360683e+00,-4.662604271796269018e+01,0.000000000000000000e+00,6.162747542051276284e+00,3.053993813787615252e+00
-9.831673858124504761e+01,-2.109537229560356991e+03,1.869631960006111342e+02,1.792862056898651524e+00,-4.662604293447712678e+01,0.000000000000000000e+00,6.162767904494038440e+00,3.053993900560629360e+00
-9.813745190681365216e+01,-2.114199833775510797e+03,1.869631960009277520e+02,1.792864250002124571e+00,-4.662604270678818352e+01,0.000000000000000000e+00,6.162767969278356794e+00,3.053993851215623501e+00
-9.795816523236243256e+01,-2.118862438106414629e+03,1.869631960005232543e+02,1.792869570254319367e+00,-4.662604295541579091e+01,0.000000000000000000e+00,6.162792805413007002e+00,3.053993834082135095e+00
-9.777887855788361549e+01,-2.123525042384290373e+03,1.869631960003326583e+02,1.792870274815677956e+00,-4.662604286592085856e+01,0.000000000000000000e+00,6.162780663525020408e+00,3.053993763373322512e+00
-9.759959188340374681e+01,-2.128187646690268593e+03,1.869631960008365184e+02,1.792868384449833652e+00,-4.662604271118226507e+01,0.000000000000000000e+00,6.162795700571207291e+00,3.053993745763408540e+00
-9.742030520892876666e+01,-2.132850250983265596e+03,1.869631960004797406e+02,1.792866982481865712e+00,-4.662604296229501699e+01,0.000000000000000000e+00,6.162767465819960044e+00,3.053993985190054605e+00
-9.724101853453522892e+01,-2.137512855258152285e+03,1.869631960009566001e+02,1.792868483970572635e+00,-4.662604282275137990e+01,0.000000000000000000e+00,6.162738580546945677e+00,3.053993844401950319e+00
-9.706173186001768727e+01,-2.142175459565214169e+03,1.869631959993637906e+02,1.792862078572681428e+00,-4.662604285929567993e+01,0.000000000000000000e+00,6.162765919982125418e+00,3.053993707474911279e+00
-9.688244518559238827e+01,-2.146838063856817371e+03,1.869631960004504663e+02,1.792870048907492908e+00,-4.662604288647183637e+01,0.000000000000000000e+00,6.162742572410567554e+00,3.053993829090166479e+00
-9.670315851114099814e+01,-2.151500668134880925e+03,1.869631959998690149e+02,1.792862766043776368e+00,-4.662604279747719715e+01,0.000000000000000000e+00,6.162764355300881292e+00,3.053994047895951081e+00
-9.652387183669637238e+01,-2.156163272415455140e+03,1.869631959988574579e+02,1.792864221616653042e+00,-4.662604274161670759e+01,0.000000000000000000e+00,6.162806599976083710e+00,3.053994008022148154e+00
-9.634458516224256641e+01,-2.160825876689011238e+03,1.869631959998831121e+02,1.792868517358589653e+00,-4.662604277586322610e+01,0.000000000000000000e+00,6.162762110059001763e+00,3.053994123920126480e+00
-9.616529848776448830e+01,-2.165488481008479539e+03,1.869631959997502690e+02,1.792867950721151571e+00,-4.662604294250555625e+01,0.000000000000000000e+00,6.162802750485668390e+00,3.053994048819347107e+00
-9.598601181329495091e+01,-2.170151085303408763e+03,1.869631960000309618e+02,1.792868739898958008e+00,-4.662604297291469635e+01,0.000000000000000000e+00,6.162772536114590416e+00,3.053993810924339858e+00
-9.580672513886999297e+01,-2.174813689597991925e+03,1.869631959999212540e+02,1.792870289675005946e+00,-4.662604302573991077e+01,0.000000000000000000e+00,6.162792782188309282e+00,3.053993914442546309e+00
-9.562743846441958340e+01,-2.179476293870996869e+03,1.869631960003077893e+02,1.792868782170882858e+00,-4.662604287644086298e+01,0.000000000000000000e+00,6.162768748960449017e+00,3.053993859484734230e+00
-9.544815178987515480e+01,-2.184138898198512834e+03,1.869631960005086171e+02,1.792865033422753385e+00,-4.662604291242137577e+01,0.000000000000000000e+00,6.162782016568459476e+00,3.053993975204778444e+00
-9.526886511544951475e+01,-2.188801502454473848e+03,1.869631960001747757e+02,1.792857461258458684e+00,-4.662604299648837980e+01,0.000000000000000000e+00,6.162739815657525710e+00,3.053993965135760824e+00
-9.508957844093229994e+01,-2.193464106765783526e+03,1.869631960000231459e+02,1.792866546162400709e+00,-4.662604262348531137e+01,0.000000000000000000e+00,6.162779198059039842e+00,3.053994030519364689e+00
-9.491029176650410193e+01,-2.198126711031268314e+03,1.869631959999824744e+02,1.792864988319039510e+00,-4.662604278369020960e+01,0.000000000000000000e+00,6.162757168259759055e+00,3.053993924486585687e+00
-9.473100509206059883e+01,-2.202789315303742114e+03,1.869631960005869757e+02,1.792868082836760912e+00,-4.662604299156067356e+01,0.000000000000000000e+00,6.162767520749564909e+00,3.053993710288580576e+00
-9.455171841760289908e+01,-2.207451919670267671e+03,1.869631959995038528e+02,1.792869282120029606e+00,-4.662604284152446610e+01,0.000000000000000000e+00,6.162763293892505878e+00,3.053993966554868766e+00
-9.437243174319016248e+01,-2.212114523885867129e+03,1.869631959997330739e+02,1.792867728704044872e+00,-4.662604296104428414e+01,0.000000000000000000e+00,6.162759656826832355e+00,3.053993728034324562e+00
-9.419314506870146886e+01,-2.216777128227759931e+03,1.869631959998359605e+02,1.792867093808073964e+00,-4.662604289732163210e+01,0.000000000000000000e+00,6.162793193028668348e+00,3.053993707994699047e+00
-9.401385839420231605e+01,-2.221439732498313333e+03,1.869631960004289510e+02,1.792868447620880046e+00,-4.662604284647662922e+01,0.000000000000000000e+00,6.162789810576957628e+00,3.053993871817274552e+00
-9.383457171968649391e+01,-2.226102336768918121e+03,1.869631960007380371e+02,1.792863641957582743e+00,-4.662604285686031602e+01,0.000000000000000000e+00,6.162767581863622723e+00,3.053993874542332954e+00
-9.365528504532299792e+01,-2.230764941074951366e+03,1.869631960012694947e+02,1.792864664372297634e+00,-4.662604275059916858e+01,0.000000000000000000e+00,6.162771827304531769e+00,3.053994039476987332e+00
-9.347599837083069474e+01,-2.235427545379877756e+03,1.869631959996852970e+02,1.792866229103774245e+00,-4.662604304038492131e+01,0.000000000000000000e+00,6.162775026928514421e+00,3.053993718466933238e+00
-9.329671169631559735e+01,-2.240090149629839743e+03,1.869631959994345607e+02,1.792868696200561329e+00,-4.662604292700834918e+01,0.000000000000000000e+00,6.162800378956108993e+00,3.053993797598685056e+00
-9.311742502186312720e+01,-2.244752753921784461e+03,1.869631960006169606e+02,1.792866583242448852e+00,-4.662604290064406598e+01,0.000000000000000000e+00,6.162758651592293191e+00,3.053993827050503373e+00
-9.293813834745664337e+01,-2.249415358210720115e+03,1.869631960000721165e+02,1.792867433122574683e+00,-4.662604286485257887e+01,0.000000000000000000e+00,6.162737641517272991e+00,3.053993960924648032e+00
-9.275885167295948008e+01,-2.254077962501241018e+03,1.869631960004034852e+02,1.792865176561407869e+00,-4.662604293316200454e+01,0.000000000000000000e+00,6.162787112890732111e+00,3.053993785712477482e+00
-9.257956499847463760e+01,-2.258740566793814196e+03,1.869631960000653805e+02,1.792868276799665539e+00,-4.662604283907880642e+01,0.000000000000000000e+00,6.162775818669515182e+00,3.053994046474617363e+00
-9.240027832398470764e+01,-2.263403171108163860e+03,1.869631960007761506e+02,1.792866572010098247e+00,-4.662604281172372822e+01,0.000000000000000000e+00,6.162769778575815316e+00,3.053993995509704185e+00
-9.222099164958608242e+01,-2.268065775382051470e+03,1.869631959999268815e+02,1.792866722239191857e+00,-4.662604286048042468e+01,0.000000000000000000e+00,6.162759328663021563e+00,3.053993884382301793e+00
-9.204170497512458837e+01,-2.272728379652711283e+03,1.869631960008355236e+02,1.792870746919134062e+00,-4.662604298972986783e+01,0.000000000000000000e+00,6.162801912821375794e+00,3.053994183563859099e+00
-9.186241830063013936e+01,-2.277390983981825229e+03,1.869631959997803961e+02,1.792862092412094155e+00,-4.662604296625121947e+01,0.000000000000000000e+00,6.162745738673153006e+00,3.053993907549640063e+00
-9.168313162620852097e+01,-2.282053588314538501e+03,1.869631960002746496e+02,1.792866702322646111e+00,-4.662604284635857255e+01,0.000000000000000000e+00,6.162788977273461200e+00,3.053993984210064294e+00
-9.150384495170784760e+01,-2.286716192572092496e+03,1.869631960004254836e+02,1.792871940580959222e+00,-4.662604269985384065e+01,0.000000000000000000e+00,6.162755934306846761e+00,3.053993854999812463e+00
-9.132455827725529218e+01,-2.291378796813105055e+03,1.869631959992273949e+02,1.792866870874319396e+00,-4.662604295463381021e+01,0.000000000000000000e+00,6.162763979968223893e+00,3.053993835969293968e+00
-9.114527160280057672e+01,-2.296041401112864605e+03,1.869631960008613589e+02,1.792868646324718318e+00,-4.662604292881245982e+01,0.000000000000000000e+00,6.162759329775996164e+00,3.053994106882826021e+00
-9.096598492832289651e+01,-2.300704005432550275e+03,1.869631960001393622e+02,1.792867475990653769e+00,-4.662604299768215554e+01,0.000000000000000000e+00,6.162777499404814563e+00,3.053993977355823120e+00
-9.078669825391013148e+01,-2.305366609694000999e+03,1.869631960004772679e+02,1.792864453084240139e+00,-4.662604284901710372e+01,0.000000000000000000e+00,6.162780676115360734e+00,3.053994076051634643e+00
-9.060741157942852908e+01,-2.310029214019994015e+03,1.869631960000326387e+02,1.792861307695239770e+00,-4.662604301903825643e+01,0.000000000000000000e+00,6.162786303915176234e+00,3.053994038386795840e+00
-9.042812490495275313e+01,-2.314691818271339343e+03,1.869631960005316387e+02,1.792863306809445056e+00,-4.662604289957668868e+01,0.000000000000000000e+00,6.162779136050865247e+00,3.053994074685066007e+00
-9.024883823050544152e+01,-2.319354422554891698e+03,1.869631960002638209e+02,1.792867162053722208e+00,-4.662604289398320390e+01,0.000000000000000000e+00,6.162796195545396039e+00,3.053994149251174406e+00
-9.006955155601389151e+01,-2.324017026922204423e+03,1.869631960000546940e+02,1.792865218662867965e+00,-4.662604279650336281e+01,0.000000000000000000e+00,6.162731639500456993e+00,3.053993964535637762e+00
-8.989026488148689964e+01,-2.328679631151871035e+03,1.869631960000772608e+02,1.792865908708886735e+00,-4.662604290916578265e+01,0.000000000000000000e+00,6.162750329200613386e+00,3.053993784359599228e+00
-8.971097820713059434e+01,-2.333342235425679064e+03,1.869631960007084217e+02,1.792864718177417993e+00,-4.662604289628670529e+01,0.000000000000000000e+00,6.162784163649672742e+00,3.053993961664172030e+00
-8.953169153265864111e+01,-2.338004839745911340e+03,1.869631959995241175e+02,1.792864192931300948e+00,-4.662604269720026906e+01,0.000000000000000000e+00,6.162813529760158282e+00,3.053994040799877574e+00
-8.935240485820858680e+01,-2.342667444016449281e+03,1.869631959997072386e+02,1.792863081963991911e+00,-4.662604287267741654e+01,0.000000000000000000e+00,6.162789272468059742e+00,3.053994046287256126e+00
-8.917311818375164023e+01,-2.347330048316990087e+03,1.869631959990497023e+02,1.792860731226299409e+00,-4.662604292699148800e+01,0.000000000000000000e+00,6.162784957187946944e+00,3.053993923547902778e+00
-8.899383150925132213e+01,-2.351992652612175334e+03,1.869631960007889404e+02,1.792872838106406297e+00,-4.662604307359157474e+01,0.000000000000000000e+00,6.162759187635473701e+00,3.053994019199519183e+00
-8.881454483477840256e+01,-2.356655256893069236e+03,1.869631960003348468e+02,1.792866687356374999e+00,-4.662604282205116135e+01,0.000000000000000000e+00,6.162797725337053834e+00,3.053993968898576217e+00
-8.863525816030978888e+01,-2.361317861135305975e+03,1.869631960005009716e+02,1.792865908485455240e+00,-4.662604313565356051e+01,0.000000000000000000e+00,6.162794523555835013e+00,3.053993711545370360e+00
-8.845597148586055880e+01,-2.365980465468535840e+03,1.869631960007498321e+02,1.792862323693980908e+00,-4.662604284484139328e+01,0.000000000000000000e+00,6.162740724498349643e+00,3.053993897735720164e+00
-8.827668481144566215e+01,-2.370643069766852477e+03,1.869631960006443023e+02,1.792863935721264790e+00,-4.662604279934756590e+01,0.000000000000000000e+00,6.162771190527741361e+00,3.053994018703387159e+00
-8.809739813698564603e+01,-2.375305674057716260e+03,1.869631960004502389e+02,1.792864709696228243e+00,-4.662604296009649829e+01,0.000000000000000000e+00,6.162773164130086023e+00,3.053994012192686291e+00
-8.791811146249034437e+01,-2.379968278332966747e+03,1.869631959994454178e+02,1.792872020935050825e+00,-4.662604287214924881e+01,0.000000000000000000e+00,6.162778827623363043e+00,3.053993799625374095e+00
-8.773882478796502937e+01,-2.384630882594657578e+03,1.869631959997231831e+02,1.792865657681577574e+00,-4.662604292496172320e+01,0.000000000000000000e+00,6.162780718221315013e+00,3.053993930766394804e+00
-8.755953811354501681e+01,-2.389293486931732332e+03,1.869631959999515800e+02,1.792864063773953465e+00,-4.662604296284269623e+01,0.000000000000000000e+00,6.162761519198924454e+00,3.053993923740629057e+00
-8.738025143912008730e+01,-2.393956091225957607e+03,1.869631960003893880e+02,1.792867640253510197e+00,-4.662604298316993123e+01,0.000000000000000000e+00,6.162777379784857068e+00,3.053994061464485377e+00
-8.720096476467094249e+01,-2.398618695525991370e+03,1.869631960006958593e+02,1.792866860364333847e+00,-4.662604286888631577e+01,0.000000000000000000e+00,6.162799811380760495e+00,3.053994140588807582e+00
-8.702167809014770228e+01,-2.403281299771481372e+03,1.869631959998077662e+02,1.792868558243954968e+00,-4.662604296894085110e+01,0.000000000000000000e+00,6.162801363749234262e+00,3.053993643904485022e+00
-8.684239141570699871e+01,-2.407943904079956155e+03,1.869631959994251247e+02,1.792865794773359278e+00,-4.662604286188169311e+01,0.000000000000000000e+00,6.162809581111666546e+00,3.053993848830446112e+00
-8.666310474125364749e+01,-2.412606508362045133e+03,1.869631959995695638e+02,1.792867502279003711e+00,-4.662604300382107425e+01,0.000000000000000000e+00,6.162809570525008773e+00,3.053994083548228655e+00
-8.648381806682068884e+01,-2.417269112673754535e+03,1.869631959995462580e+02,1.792865292262226573e+00,-4.662604283223661383e+01,0.000000000000000000e+00,6.162765485818445299e+00,3.053993794113442295e+00
-8.630453139230978366e+01,-2.421931716952260103e+03,1.869631960000600088e+02,1.792864920079835445e+00,-4.662604299009032616e+01,0.000000000000000000e+00,6.162712565984764801e+00,3.053994150836539134e+00
-8.612524471780405122e+01,-2.426594321224667965e+03,1.869631960004432756e+02,1.792864006343427130e+00,-4.662604298017070903e+01,0.000000000000000000e+00,6.162753545404147992e+00,3.053993789513528068e+00
-8.594595804341354039e+01,-2.431256925530114586e+03,1.869631960018704717e+02,1.792870644522173817e+00,-4.662604293393716404e+01,0.000000000000000000e+00,6.162795702818765875e+00,3.053994153929044941e+00
-8.576667136891121856e+01,-2.435919529804434660e+03,1.869631960000878621e+02,1.792868327435099385e+00,-4.662604281473525702e+01,0.000000000000000000e+00,6.162745965680793248e+00,3.053993882454830722e+00
-8.558738469444989505e+01,-2.440582134074334590e+03,1.869631960000169499e+02,1.792864521353092933e+00,-4.662604283411150874e+01,0.000000000000000000e+00,6.162755162493296801e+00,3.053993969112771101e+00
-8.540809802002561923e+01,-2.445244738401973791e+03,1.869631960002218136e+02,1.792858791640445038e+00,-4.662604298785642953e+01,0.000000000000000000e+00,6.162779679235721453e+00,3.053993945185017544e+00
-8.522881134550395643e+01,-2.449907342683779461e+03,1.869631960008483986e+02,1.792864342676839584e+00,-4.662604275046977875e+01,0.000000000000000000e+00,6.162755095548000384e+00,3.053993872874220195e+00
-8.504952467111444037e+01,-2.454569946970338151e+03,1.869631960013760477e+02,1.792868620741156382e+00,-4.662604293209113848e+01,0.000000000000000000e+00,6.162772782867004473e+00,3.053993848647756693e+00
-8.487023799661834289e+01,-2.459232551258872718e+03,1.869631960010263754e+02,1.792870111173782588e+00,-4.662604285814484939e+01,0.000000000000000000e+00,6.162771320045721701e+00,3.053994094689597372e+00
-8.469095132217557875e+01,-2.463895155533137768e+03,1.869631960000592130e+02,1.792865302287555584e+00,-4.662604298386243329e+01,0.000000000000000000e+00,6.162752320219856195e+00,3.053993896883498316e+00
-8.451166464768233766e+01,-2.468557759780057950e+03,1.869631960002850519e+02,1.792868934809644710e+00,-4.662604303000896522e+01,0.000000000000000000e+00,6.162745271240427591e+00,3.053993934268076416e+00
-8.433237797318372486e+01,-2.473220364139186131e+03,1.869631960004544737e+02,1.792865162410754554e+00,-4.662604280962366232e+01,0.000000000000000000e+00,6.162753644444734391e+00,3.053993981186997608e+00
-8.415309129876605709e+01,-2.477882968411327056e+03,1.869631959999057074e+02,1.792869617879775168e+00,-4.662604278407961544e+01,0.000000000000000000e+00,6.162761259804661940e+00,3.053993677789631711e+00
-8.397380462431354431e+01,-2.482545572656198146e+03,1.869631960006172733e+02,1.792868337669799583e+00,-4.662604283853256959e+01,0.000000000000000000e+00,6.162786642023712957e+00,3.053993718464603990e+00
-8.379451794985136814e+01,-2.487208177062890627e+03,1.869631960001963193e+02,1.792868763555416800e+00,-4.662604275607796467e+01,0.000000000000000000e+00,6.162754228954950619e+00,3.053993901369860708e+00
-8.361523127540351652e+01,-2.491870781302265186e+03,1.869631959995971044e+02,1.792872996183147993e+00,-4.662604296006757920e+01,0.000000000000000000e+00,6.162753696750681520e+00,3.053993926056498331e+00
-8.343594460092488418e+01,-2.496533385594949777e+03,1.869631959998303330e+02,1.792860196619862734e+00,-4.662604286805134279e+01,0.000000000000000000e+00,6.162774055296638132e+00,3.053993794911355586e+00
-8.325665792644423391e+01,-2.501195989852020830e+03,1.869631959998480397e+02,1.792868381079868900e+00,-4.662604311235885746e+01,0.000000000000000000e+00,6.162776952923294971e+00,3.053993782451916772e+00
-8.307737125197714079e+01,-2.505858594166475541e+03,1.869631959999822470e+02,1.792869148278192437e+00,-4.662604292906496539e+01,0.000000000000000000e+00,6.162784039927703184e+00,3.053993931248470517e+00
-8.289808457751037452e+01,-2.510521198446278049e+03,1.869631960007150724e+02,1.792866701619883596e+00,-4.662604288481801262e+01,0.000000000000000000e+00,6.162789118611569528e+00,3.053994126244726104e+00
-8.271879790305551694e+01,-2.515183802740220017e+03,1.869631959998571915e+02,1.792870286590861451e+00,-4.662604277853365886e+01,0.000000000000000000e+00,6.162752251349636445e+00,3.053994011753052185e+00
-8.253951122861037959e+01,-2.519846407065688709e+03,1.869631960006381064e+02,1.792868548784568805e+00,-4.662604278835552662e+01,0.000000000000000000e+00,6.162804720046003659e+00,3.053993954597344906e+00
-8.236022455408628673e+01,-2.524509011311473841e+03,1.869631959992454142e+02,1.792865149060517416e+00,-4.662604279484056491e+01,0.000000000000000000e+00,6.162794029107415916e+00,3.053993821542653198e+00
-8.218093787965158015e+01,-2.529171615612910500e+03,1.869631959993782573e+02,1.792866110838397420e+00,-4.662604278994876950e+01,0.000000000000000000e+00,6.162780842860878572e+00,3.053993904658479863e+00
-8.200165120526934004e+01,-2.533834219880366163e+03,1.869631960004780069e+02,1.792865513291046042e+00,-4.662604291805423884e+01,0.000000000000000000e+00,6.162791633297541871e+00,3.053993709651669164e+00
-8.182236453078998295e+01,-2.538496824172836568e+03,1.869631960005505107e+02,1.792863046782865677e+00,-4.662604287480250775e+01,0.000000000000000000e+00,6.162778796847185880e+00,3.053993944645310599e+00
-8.164307785624495750e+01,-2.543159428483694228e+03,1.869631960007675389e+02,1.792868692773958106e+00,-4.662604274916009217e+01,0.000000000000000000e+00,6.162750727681247653e+00,3.053994074934993641e+00
-8.146379118179696377e+01,-2.547822032785617921e+03,1.869631959999593676e+02,1.792867633795196314e+00,-4.662604283001491012e+01,0.000000000000000000e+00,6.162799231176692594e+00,3.053993528704511018e+00
-8.128450450740128019e+01,-2.552484637043605289e+03,1.869631960005808651e+02,1.792866364441610072e+00,-4.662604287075210152e+01,0.000000000000000000e+00,6.162779387671584175e+00,3.053993968817127147e+00
-8.110521783295558862e+01,-2.557147241372278586e+03,1.869631960002243147e+02,1.792861697112023478e+00,-4.662604280244134713e+01,0.000000000000000000e+00,6.162744256493255079e+00,3.053993921937172562e+00
-8.092593115847535046e+01,-2.561809845698591744e+03,1.869631959996667661e+02,1.792865732953096147e+00,-4.662604283589748633e+01,0.000000000000000000e+00,6.162776819034443854e+00,3.053994002771327043e+00
-8.074664448396831062e+01,-2.566472449915246671e+03,1.869631959999927346e+02,1.792861841779996412e+00,-4.662604300935328894e+01,0.000000000000000000e+00,6.162779681226686179e+00,3.053994045454877071e+00
-8.056735780956709903e+01,-2.571135054221308565e+03,1.869631959995767261e+02,1.792864556792788555e+00,-4.662604272499305580e+01,0.000000000000000000e+00,6.162787870677077784e+00,3.053993969783149076e+00
-8.038807113509206204e+01,-2.575797658504818628e+03,1.869631960000532729e+02,1.792864535400453541e+00,-4.662604300660553491e+01,0.000000000000000000e+00,6.162778513892628318e+00,3.053993838614789347e+00
-8.020878446062596367e+01,-2.580460262805569528e+03,1.869631959992563566e+02,1.792870961373390859e+00,-4.662604297450597102e+01,0.000000000000000000e+00,6.162732746671924389e+00,3.053994004554151598e+00
-8.002949778614090803e+01,-2.585122867056978066e+03,1.869631959990811083e+02,1.792870727372343431e+00,-4.662604310418615938e+01,0.000000000000000000e+00,6.162767211933970479e+00,3.053993809884705701e+00
-7.985021111168202879e+01,-2.589785471359989970e+03,1.869631959996437729e+02,1.792863337205153895e+00,-4.662604285685741701e+01,0.000000000000000000e+00,6.162782055959548089e+00,3.053993948097528222e+00
-7.967092443727254647e+01,-2.594448075662511201e+03,1.869631960004176960e+02,1.792866570764504841e+00,-4.662604280165697190e+01,0.000000000000000000e+00,6.162782268162596111e+00,3.053993955997035936e+00
-7.949163776271407755e+01,-2.599110679956577769e+03,1.869631960006622649e+02,1.792867128544632482e+00,-4.662604299450313761e+01,0.000000000000000000e+00,6.162767642882686303e+00,3.053994039454369425e+00
-7.931235108826274427e+01,-2.603773284233919185e+03,1.869631959995344630e+02,1.792867776160893767e+00,-4.662604289711784133e+01,0.000000000000000000e+00,6.162789296955279994e+00,3.053994027179046000e+00
-7.913306441391064538e+01,-2.608435888514778071e+03,1.869631959999293827e+02,1.792871109256971351e+00,-4.662604298102984046e+01,0.000000000000000000e+00,6.162766525836389064e+00,3.053993909806946405e+00
-7.895377773932885646e+01,-2.613098492851946048e+03,1.869631960013015544e+02,1.792868028127514002e+00,-4.662604280335893492e+01,0.000000000000000000e+00,6.162780280245892861e+00,3.053993945052615455e+00
-7.877449106487874531e+01,-2.617761097122832780e+03,1.869631960002493543e+02,1.792867918703577645e+00,-4.662604286078239113e+01,0.000000000000000000e+00,6.162759982443837714e+00,3.053993732583459852e+00
-7.859520439043117790e+01,-2.622423701418713335e+03,1.869631959997446700e+02,1.792863316872534307e+00,-4.662604292076969870e+01,0.000000000000000000e+00,6.162776477367571282e+00,3.053993822448320739e+00
-7.841591771600671734e+01,-2.627086305688455468e+03,1.869631959995614352e+02,1.792866893969907283e+00,-4.662604292967629505e+01,0.000000000000000000e+00,6.162788439084535774e+00,3.053993799321719216e+00
-7.823663104148943148e+01,-2.631748909971924604e+03,1.869631960010463274e+02,1.792864151679356643e+00,-4.662604276030518236e+01,0.000000000000000000e+00,6.162785794308327070e+00,3.053993830992645542e+00
-7.805734436713362356e+01,-2.636411514252062716e+03,1.869631959991311021e+02,1.792868054412094070e+00,-4.662604294107602243e+01,0.000000000000000000e+00,6.162812242954045061e+00,3.053993845094676196e+00
-7.787805769255150778e+01,-2.641074118534128047e+03,1.869631959997821582e+02,1.792870014018980607e+00,-4.662604294659383442e+01,0.000000000000000000e+00,6.162789843590643635e+00,3.053993899522236877e+00
-7.769877101811583486e+01,-2.645736722850284877e+03,1.869631960003176516e+02,1.792863399445029815e+00,-4.662604302499151743e+01,0.000000000000000000e+00,6.162782805368122396e+00,3.053993827043534282e+00
-7.751948434367518814e+01,-2.650399327161239398e+03,1.869631960008338751e+02,1.792870004259508265e+00,-4.662604285579685381e+01,0.000000000000000000e+00,6.162777814007061039e+00,3.053994045387628642e+00
-7.734019766918598293e+01,-2.655061931452646149e+03,1.869631959994928820e+02,1.792866109016381992e+00,-4.662604288539803576e+01,0.000000000000000000e+00,6.162748711795516421e+00,3.053993914762683559e+00
-7.716091099482359539e+01,-2.659724535698414456e+03,1.869631959995828936e+02,1.792866501636986243e+00,-4.662604288504351047e+01,0.000000000000000000e+00,6.162750487672036925e+00,3.053993802681373992e+00
-7.698162432025296198e+01,-2.664387139996236783e+03,1.869631960003110578e+02,1.792867611786675752e+00,-4.662604291898819753e+01,0.000000000000000000e+00,6.162807225531299338e+00,3.053993824755249165e+00
-7.680233764578227351e+01,-2.669049744260360058e+03,1.869631960006075246e+02,1.792866929369494766e+00,-4.662604277551560727e+01,0.000000000000000000e+00,6.162786936487519185e+00,3.053994029141556599e+00
-7.662305097143226362e+01,-2.673712348616473264e+03,1.869631960002250821e+02,1.792869663691910365e+00,-4.662604279363512205e+01,0.000000000000000000e+00,6.162749865185127796e+00,3.053993889654305960e+00
-7.644376429691294561e+01,-2.678374952865010073e+03,1.869631960003887059e+02,1.792864446783642096e+00,-4.662604302263660117e+01,0.000000000000000000e+00,6.162737140282669834e+00,3.053993881368018748e+00
-7.626447762244013973e+01,-2.683037557177464805e+03,1.869631960001138111e+02,1.792861392090635109e+00,-4.662604286616140570e+01,0.000000000000000000e+00,6.162785192258285250e+00,3.053993962655514149e+00
-7.608519094795714466e+01,-2.687700161458881212e+03,1.869631959999405524e+02,1.792869955959646155e+00,-4.662604274507671676e+01,0.000000000000000000e+00,6.162786827625287955e+00,3.053993923840665925e+00
-7.590590427350355185e+01,-2.692362765692063022e+03,1.869631959998804120e+02,1.792871080729859568e+00,-4.662604284221146855e+01,0.000000000000000000e+00,6.162768781454459166e+00,3.053994191764460187e+00
-7.572661759903907353e+01,-2.697025370048590958e+03,1.869631960004800248e+02,1.792867126938162414e+00,-4.662604283763485569e+01,0.000000000000000000e+00,6.162800469261641823e+00,3.053993795756247298e+00
-7.554733092457038879e+01,-2.701687974323826893e+03,1.869631960009149054e+02,1.792867466135387833e+00,-4.662604275531990083e+01,0.000000000000000000e+00,6.162765121105827859e+00,3.053993701016474382e+00
-7.536804425011817443e+01,-2.706350578609288732e+03,1.869631959997457216e+02,1.792864258913734687e+00,-4.662604294962709872e+01,0.000000000000000000e+00,6.162784796211649763e+00,3.053994127776142875e+00
-7.518875757563918683e+01,-2.711013182921217322e+03,1.869631960000948254e+02,1.792868294284646558e+00,-4.662604294788133075e+01,0.000000000000000000e+00,6.162768478548073858e+00,3.053993711750496054e+00
-7.500947090123757732e+01,-2.715675787201341791e+03,1.869631959996043520e+02,1.792868237269797271e+00,-4.662604292338328804e+01,0.000000000000000000e+00,6.162805257922060242e+00,3.053993772991452804e+00
-7.483018422673019643e+01,-2.720338391477598179e+03,1.869631960005543760e+02,1.792860188444721059e+00,-4.662604316578817532e+01,0.000000000000000000e+00,6.162781782691292953e+00,3.053993816127484884e+00
-7.465089755229865887e+01,-2.725000995767570203e+03,1.869631959993591295e+02,1.792874784874729954e+00,-4.662604294131737248e+01,0.000000000000000000e+00,6.162760037847800909e+00,3.053993622075559689e+00
-7.447161087781098843e+01,-2.729663600024950028e+03,1.869631960005624762e+02,1.792864415380856835e+00,-4.662604297711750689e+01,0.000000000000000000e+00,6.162773849561984818e+00,3.053993674256915813e+00
-7.429232420341436693e+01,-2.734326204379929550e+03,1.869631960011959677e+02,1.792866046976984373e+00,-4.662604283934786054e+01,0.000000000000000000e+00,6.162778008322919554e+00,3.053993901898178098e+00
-7.411303752888636609e+01,-2.738988808636357135e+03,1.869631960011146532e+02,1.792870631518444169e+00,-4.662604275700677192e+01,0.000000000000000000e+00,6.162828008475340624e+00,3.053993704138753706e+00
-7.393375085443571493e+01,-2.743651412901362619e+03,1.869631960004947757e+02,1.792868117386584137e+00,-4.662604283577265107e+01,0.000000000000000000e+00,6.162807005398047266e+00,3.053993789082964039e+00
-7.375446417996850812e+01,-2.748314017219272955e+03,1.869631959997357171e+02,1.792864978143131172e+00,-4.662604301066492951e+01,0.000000000000000000e+00,6.162770111405523998e+00,3.053994033874406711e+00
-7.357517750551294000e+01,-2.752976621556875216e+03,1.869631959993580494e+02,1.792866616920455680e+00,-4.662604308665968489e+01,0.000000000000000000e+00,6.162779601149440900e+00,3.053993778615644139e+00
-7.339589083101900258e+01,-2.757639225798438474e+03,1.869631960000302229e+02,1.792868485353799057e+00,-4.662604284284208234e+01,0.000000000000000000e+00,6.162794186586342704e+00,3.053993962771836657e+00
-7.321660415658269017e+01,-2.762301830107581736e+03,1.869631960005935127e+02,1.792869161703020131e+00,-4.662604305279325700e+01,0.000000000000000000e+00,6.162759063774496227e+00,3.053993890395283461e+00
-7.303731748207793828e+01,-2.766964434369161609e+03,1.869631959998127400e+02,1.792868332659002029e+00,-4.662604287861399399e+01,0.000000000000000000e+00,6.162764640549216466e+00,3.053993896491526971e+00
-7.285803080763592732e+01,-2.771627038659800291e+03,1.869631959988429628e+02,1.792870064728020019e+00,-4.662604284232013185e+01,0.000000000000000000e+00,6.162770578109848074e+00,3.053993921332087247e+00
-7.267874413316656046e+01,-2.776289642947498578e+03,1.869631960003020481e+02,1.792864973325562605e+00,-4.662604280175746396e+01,0.000000000000000000e+00,6.162793641765595964e+00,3.053993900630426861e+00
-7.249945745868369329e+01,-2.780952247212334441e+03,1.869631959995097077e+02,1.792868171642798769e+00,-4.662604300824481385e+01,0.000000000000000000e+00,6.162809918242168727e+00,3.053994096204191599e+00
-7.232017078421716860e+01,-2.785614851566994730e+03,1.869631960000871800e+02,1.792864101028973867e+00,-4.662604292878317835e+01,0.000000000000000000e+00,6.162765265230808254e+00,3.053993914709182356e+00
-7.214088410978069987e+01,-2.790277455842463041e+03,1.869631959997443005e+02,1.792859293605945759e+00,-4.662604291664619183e+01,0.000000000000000000e+00,6.162782589304870662e+00,3.053994231114089519e+00
-7.196159743534130371e+01,-2.794940060162770806e+03,1.869631960002865014e+02,1.792868001520832699e+00,-4.662604286741134274e+01,0.000000000000000000e+00,6.162742596358675939e+00,3.053994055999444512e+00
-7.178231076087462270e+01,-2.799602664405330870e+03,1.869631960004817586e+02,1.792863328633929498e+00,-4.662604280338946694e+01,0.000000000000000000e+00,6.162787100808852614e+00,3.053993917907718458e+00
-7.160302408644989214e+01,-2.804265268723299869e+03,1.869631960003734150e+02,1.792865807723104110e+00,-4.662604295458712755e+01,0.000000000000000000e+00,6.162738522654894524e+00,3.053994038741882022e+00
-7.142373741190037606e+01,-2.808927872954895065e+03,1.869631960009490399e+02,1.792860835178273105e+00,-4.662604273382367381e+01,0.000000000000000000e+00,6.162775008611747651e+00,3.053993859792333065e+00
-7.124445073749106427e+01,-2.813590477251515495e+03,1.869631960001359232e+02,1.792863999057560775e+00,-4.662604285617261723e+01,0.000000000000000000e+00,6.162789196901904631e+00,3.053993789450014429e+00
-7.106516406302817757e+01,-2.818253081556621055e+03,1.869631960001916298e+02,1.792867601575318215e+00,-4.662604282819946633e+01,0.000000000000000000e+00,6.162790856104700232e+00,3.053993855934884039e+00
-7.088587738856340081e+01,-2.822915685801859127e+03,1.869631960005651763e+02,1.792861772869629000e+00,-4.662604284425034962e+01,0.000000000000000000e+00,6.162754702347743141e+00,3.053993806247781162e+00
-7.070659071410888430e+01,-2.827578290158998698e+03,1.869631960001021866e+02,1.792867934100053739e+00,-4.662604276327914476e+01,0.000000000000000000e+00,6.162749746928377625e+00,3.053994011741032910e+00
-7.052730403964564232e+01,-2.832240894428007323e+03,1.869631959995173816e+02,1.792868099119066860e+00,-4.662604290694176257e+01,0.000000000000000000e+00,6.162759414701535654e+00,3.053994075017941512e+00
-7.034801736518070925e+01,-2.836903498692206540e+03,1.869631960015541097e+02,1.792865363727969008e+00,-4.662604289822653669e+01,0.000000000000000000e+00,6.162761055587384185e+00,3.053993759746729708e+00
-7.016873069073224656e+01,-2.841566103010229654e+03,1.869631959988137453e+02,1.792862846800464816e+00,-4.662604281291832820e+01,0.000000000000000000e+00,6.162721637179879863e+00,3.053993828994383986e+00
-6.998944401626303602e+01,-2.846228707270409814e+03,1.869631959996002593e+02,1.792863845460601180e+00,-4.662604283092077395e+01,0.000000000000000000e+00,6.162781076496769650e+00,3.053993765466312293e+00
-6.981015734180687105e+01,-2.850891311608694195e+03,1.869631959997004742e+02,1.792867866062023863e+00,-4.662604288604370595e+01,0.000000000000000000e+00,6.162780081302230428e+00,3.053993766809585786e+00
-6.963087066726264140e+01,-2.855553915837180284e+03,1.869631960003662243e+02,1.792864842674559034e+00,-4.662604298989592877e+01,0.000000000000000000e+00,6.162711676876091005e+00,3.053993799976545631e+00
-6.945158399289344686e+01,-2.860216520182487784e+03,1.869631960007017426e+02,1.792863355676015624e+00,-4.662604297417555443e+01,0.000000000000000000e+00,6.162730718587470236e+00,3.053994021461342356e+00
-6.927229731839797466e+01,-2.864879124455684632e+03,1.869631960001491677e+02,1.792864939316440864e+00,-4.662604281780519955e+01,0.000000000000000000e+00,6.162762832369536703e+00,3.053993828222822060e+00
-6.909301064395380365e+01,-2.869541728733055152e+03,1.869631960013633432e+02,1.792870572330550250e+00,-4.662604289568891147e+01,0.000000000000000000e+00,6.162761324577829214e+00,3.053994036876300999e+00
-6.891372396948001722e+01,-2.874204333048493936e+03,1.869631959996586090e+02,1.792869098193046185e+00,-4.662604284038273050e+01,0.000000000000000000e+00,6.162775109124306816e+00,3.053993694805424930e+00
-6.873443729502592703e+01,-2.878866937356286599e+03,1.869631960005979749e+02,1.792866343546321906e+00,-4.662604264348371430e+01,0.000000000000000000e+00,6.162745763920026043e+00,3.053993761635323878e+00
-6.855515062054787734e+01,-2.883529541634703946e+03,1.869631959994256363e+02,1.792865784713759680e+00,-4.662604291157985870e+01,0.000000000000000000e+00,6.162743570221047129e+00,3.053993860128871862e+00
-6.837586394605874318e+01,-2.888192145937350688e+03,1.869631959993672012e+02,1.792868614187862031e+00,-4.662604295832129253e+01,0.000000000000000000e+00,6.162789431812444541e+00,3.053993944267828997e+00
-6.819657727159686544e+01,-2.892854750201644038e+03,1.869631960004660698e+02,1.792871066313119988e+00,-4.662604273917110476e+01,0.000000000000000000e+00,6.162751007031674000e+00,3.053993774654051752e+00
-6.801729059712894809e+01,-2.897517354467038786e+03,1.869631960006555857e+02,1.792867056773807422e+00,-4.662604286363619366e+01,0.000000000000000000e+00,6.162776914689973573e+00,3.053993792033967036e+00
-6.783800392271659518e+01,-2.902179958789407465e+03,1.869631959992445331e+02,1.792863557540997910e+00,-4.662604308877156001e+01,0.000000000000000000e+00,6.162782073931397875e+00,3.053993959888528398e+00
-6.765871724824275191e+01,-2.906842563062803038e+03,1.869631959999435935e+02,1.792866797023883851e+00,-4.662604289825271309e+01,0.000000000000000000e+00,6.162775117041523032e+00,3.053993819473937332e+00
-6.747943057374702391e+01,-2.911505167388262635e+03,1.869631959995365378e+02,1.792865761171863692e+00,-4.662604291264002399e+01,0.000000000000000000e+00,6.162752849937540134e+00,3.053993758033419770e+00
-6.730014389932948404e+01,-2.916167771651998919e+03,1.869631960005333440e+02,1.792871860286158858e+00,-4.662604281127819661e+01,0.000000000000000000e+00,6.162781205003543761e+00,3.053993676600479379e+00
-6.712085722486975214e+01,-2.920830375942277442e+03,1.869631960003454765e+02,1.792866918493342565e+00,-4.662604289577181760e+01,0.000000000000000000e+00,6.162788917846609316e+00,3.053993863818733612e+00
-6.694157055041100080e+01,-2.925492980243710463e+03,1.869631959997557829e+02,1.792868248439591916e+00,-4.662604282422186230e+01,0.000000000000000000e+00,6.162776411477084437e+00,3.053993875133033331e+00
-6.676228387597842584e+01,-2.930155584558614009e+03,1.869631960001210871e+02,1.792875567128264569e+00,-4.662604285903086065e+01,0.000000000000000000e+00,6.162785786337402705e+00,3.053994048071826395e+00
-6.658299720141646105e+01,-2.934818188806541002e+03,1.869631960010761986e+02,1.792863990132297580e+00,-4.662604280864516682e+01,0.000000000000000000e+00,6.162774579193981417e+00,3.053993960903548466e+00
-6.640371052702766974e+01,-2.939480793090369843e+03,1.869631960004441282e+02,1.792868663448998534e+00,-4.662604284094507534e+01,0.000000000000000000e+00,6.162723698485655710e+00,3.053993832129858088e+00
-6.622442385253054908e+01,-2.944143397364846805e+03,1.869631959992023553e+02,1.792876127457895929e+00,-4.662604287672176184e+01,0.000000000000000000e+00,6.162780971409608455e+00,3.053994052567556849e+00
-6.604513717812695006e+01,-2.948806001682878559e+03,1.869631959995383284e+02,1.792865939398245123e+00,-4.662604285591216779e+01,0.000000000000000000e+00,6.162833697107935826e+00,3.053994067368227316e+00
-6.586585050368834970e+01,-2.953468605984258829e+03,1.869631960009444356e+02,1.792864134411873422e+00,-4.662604286295690059e+01,0.000000000000000000e+00,6.162758158002609399e+00,3.053993732121723426e+00
-6.568656382910552338e+01,-2.958131210269498297e+03,1.869631959998613411e+02,1.792869644910243032e+00,-4.662604301388667238e+01,0.000000000000000000e+00,6.162789379417900726e+00,3.053993771428223258e+00
-6.550727715468234180e+01,-2.962793814533365094e+03,1.869631959998646380e+02,1.792864379404530473e+00,-4.662604296006955451e+01,0.000000000000000000e+00,6.162774037544472172e+00,3.053993916292146338e+00
-6.532799048024776312e+01,-2.967456418850646060e+03,1.869631960008106262e+02,1.792864672915781110e+00,-4.662604282484593909e+01,0.000000000000000000e+00,6.162766069484412412e+00,3.053993920951597385e+00
-6.514870380576007847e+01,-2.972119023080379520e+03,1.869631959997733475e+02,1.792866670005981655e+00,-4.662604298343179465e+01,0.000000000000000000e+00,6.162766134535479168e+00,3.053994155455836967e+00
-6.496941713126970797e+01,-2.976781627414147351e+03,1.869631960002086828e+02,1.792871559690426331e+00,-4.662604287775793210e+01,0.000000000000000000e+00,6.162780647279499036e+00,3.053994074564261751e+00
-6.479013045681881522e+01,-2.981444231714748639e+03,1.869631959994033252e+02,1.792871108549220827e+00,-4.662604279374928495e+01,0.000000000000000000e+00,6.162750471182314449e+00,3.053994078104789178e+00
-6.461084378234440351e+01,-2.986106835994105495e+03,1.869631959999576907e+02,1.792869270588443698e+00,-4.662604309215319631e+01,0.000000000000000000e+00,6.162759100476163709e+00,3.053994004840014043e+00
-6.443155710795615221e+01,-2.990769440251875949e+03,1.869631960010370904e+02,1.792863174819080641e+00,-4.662604264037074131e+01,0.000000000000000000e+00,6.162738746024991165e+00,3.053993879592753036e+00
-6.425227043350409417e+01,-2.995432044542507811e+03,1.869631960004565485e+02,1.792866257368096905e+00,-4.662604284441500369e+01,0.000000000000000000e+00,6.162778243667854206e+00,3.053993876587272727e+00
-6.407298375895769027e+01,-3.000094648873461665e+03,1.869631959999713331e+02,1.792864063066737623e+00,-4.662604295159261625e+01,0.000000000000000000e+00,6.162739756087978193e+00,3.053994081712843034e+00
-6.389369708452597507e+01,-3.004757253099905938e+03,1.869631960004948610e+02,1.792868450379046408e+00,-4.662604299459516000e+01,0.000000000000000000e+00,6.162758154226925633e+00,3.053993682445066415e+00
-6.371441041008330330e+01,-3.009419857466471512e+03,1.869631960019634391e+02,1.792863777796863900e+00,-4.662604291678115942e+01,0.000000000000000000e+00,6.162737803053847330e+00,3.053993762824946501e+00
-6.353512373561296300e+01,-3.014082461719249295e+03,1.869631960000477875e+02,1.792871014519595851e+00,-4.662604281329151235e+01,0.000000000000000000e+00,6.162758597473555255e+00,3.053994070129281369e+00
-6.335583706114848468e+01,-3.018745066004215005e+03,1.869631960007448583e+02,1.792870016364504604e+00,-4.662604288443384348e+01,0.000000000000000000e+00,6.162757911750711415e+00,3.053993854718824341e+00
-6.317655038663777844e+01,-3.023407670339285687e+03,1.869631960005076792e+02,1.792862625601880477e+00,-4.662604276625116739e+01,0.000000000000000000e+00,6.162773603859434957e+00,3.053993947383603302e+00
-6.299726371228065602e+01,-3.028070274595125738e+03,1.869631959986854781e+02,1.792869541140538425e+00,-4.662604290980869592e+01,0.000000000000000000e+00,6.162744997417519244e+00,3.053993917874526343e+00
-6.281797703778956077e+01,-3.032732878891396467e+03,1.869631960001977120e+02,1.792869513325005881e+00,-4.662604298382869672e+01,0.000000000000000000e+00,6.162779869758930218e+00,3.053993855116370337e+00
-6.263869036333765905e+01,-3.037395483198481543e+03,1.869631959997200852e+02,1.792876317668944397e+00,-4.662604301734072010e+01,0.000000000000000000e+00,6.162769374100007802e+00,3.053993880009335804e+00
-6.245940368881279170e+01,-3.042058087501257432e+03,1.869631959991667429e+02,1.792865427537251755e+00,-4.662604295647521013e+01,0.000000000000000000e+00,6.162747965543088569e+00,3.053993977449748431e+00
-6.228011701437907277e+01,-3.046720691750218521e+03,1.869631960001248387e+02,1.792868892441205064e+00,-4.662604286772734952e+01,0.000000000000000000e+00,6.162764286537105285e+00,3.053993956172568858e+00
-6.210083033992096091e+01,-3.051383296048248667e+03,1.869631959997988417e+02,1.792864058478683909e+00,-4.662604272525526738e+01,0.000000000000000000e+00,6.162783834977665798e+00,3.053994073619579641e+00
-6.192154366547161004e+01,-3.056045900297613571e+03,1.869631960002604956e+02,1.792866400056487119e+00,-4.662604278554898229e+01,0.000000000000000000e+00,6.162780574267626044e+00,3.053994051030672008e+00
-6.174225699097369358e+01,-3.060708504647328937e+03,1.869631959990555856e+02,1.792872279172211591e+00,-4.662604298675241665e+01,0.000000000000000000e+00,6.162801829709089851e+00,3.053993878001105777e+00
-6.156297031652270846e+01,-3.065371108903251297e+03,1.869631960009779164e+02,1.792863136427236492e+00,-4.662604290010349928e+01,0.000000000000000000e+00,6.162781701470473550e+00,3.053993964419000839e+00
-6.138368364198166915e+01,-3.070033713205833465e+03,1.869631960006093152e+02,1.792865857139709140e+00,-4.662604284616597994e+01,0.000000000000000000e+00,6.162752286063719609e+00,3.053994067980773330e+00
-6.120439696768268334e+01,-3.074696317515898500e+03,1.869631960001380548e+02,1.792863639688177191e+00,-4.662604277158741439e+01,0.000000000000000000e+00,6.162771050283522456e+00,3.053993832061298264e+00
-6.102511029313973268e+01,-3.079358921770208326e+03,1.869631959994382839e+02,1.792872038231591469e+00,-4.662604272723726950e+01,0.000000000000000000e+00,6.162790921174724268e+00,3.053993590221291576e+00
-6.084582361862783983e+01,-3.084021526052870286e+03,1.869631959999196624e+02,1.792867772168950324e+00,-4.662604290754824632e+01,0.000000000000000000e+00,6.162769578896658551e+00,3.053993504532932501e+00
-6.066653694422940646e+01,-3.088684130363638360e+03,1.869631959997311128e+02,1.792866300453582085e+00,-4.662604297900644923e+01,0.000000000000000000e+00,6.162776038773493781e+00,3.053993684704490175e+00
-6.048725026974032204e+01,-3.093346734699183344e+03,1.869631959996751505e+02,1.792864225714394300e+00,-4.662604311165058135e+01,0.000000000000000000e+00,6.162742519881728498e+00,3.053993892611561733e+00
-6.030796359527810324e+01,-3.098009338964444851e+03,1.869631959992473185e+02,1.792864546318383878e+00,-4.662604286460256020e+01,0.000000000000000000e+00,6.162767231409042701e+00,3.053994184972778303e+00
-6.012867692084493143e+01,-3.102671943225940595e+03,1.869631959999113349e+02,1.792873396452542734e+00,-4.662604301862754852e+01,0.000000000000000000e+00,6.162765045551966026e+00,3.053993965160843427e+00
-5.994939024635439040e+01,-3.107334547516709790e+03,1.869631960005584119e+02,1.792864122853670805e+00,-4.662604299814169195e+01,0.000000000000000000e+00,6.162777174802625879e+00,3.053994006167970454e+00
-5.977010357192323653e+01,-3.111997151788985775e+03,1.869631960003319762e+02,1.792866653191514281e+00,-4.662604289143008884e+01,0.000000000000000000e+00,6.162794417385515366e+00,3.053993912352274798e+00
-5.959081689739153376e+01,-3.116659756083529373e+03,1.869631959998630464e+02,1.792864008812706800e+00,-4.662604295458748993e+01,0.000000000000000000e+00,6.162784401481751217e+00,3.053993806404715627e+00
-5.941153022298885134e+01,-3.121322360380747341e+03,1.869631960005150972e+02,1.792871098553241449e+00,-4.662604303743344758e+01,0.000000000000000000e+00,6.162741047791473470e+00,3.053993707675223046e+00
-5.923224354853083184e+01,-3.125984964688842410e+03,1.869631960001159996e+02,1.792862136639706394e+00,-4.662604292546076579e+01,0.000000000000000000e+00,6.162763680451184278e+00,3.053993836992319633e+00
-5.905295687400140991e+01,-3.130647568963039703e+03,1.869631959996248156e+02,1.792868691894492938e+00,-4.662604290178001065e+01,0.000000000000000000e+00,6.162758049411173999e+00,3.053993808890732353e+00
-5.887367019958286107e+01,-3.135310173282910455e+03,1.869631960000787103e+02,1.792872499334104974e+00,-4.662604314059048960e+01,0.000000000000000000e+00,6.162746109258576688e+00,3.053993776661884318e+00
-5.869438352512423762e+01,-3.139972777547932310e+03,1.869631960007911573e+02,1.792866402973962714e+00,-4.662604285736213683e+01,0.000000000000000000e+00,6.162760103701217851e+00,3.053993745279767857e+00
-5.851509685069691358e+01,-3.144635381849702753e+03,1.869631959999685762e+02,1.792865006158231855e+00,-4.662604304421945045e+01,0.000000000000000000e+00,6.162764211167471196e+00,3.053993786895576434e+00
-5.833581017616236863e+01,-3.149297986123995543e+03,1.869631960006359179e+02,1.792869915650684431e+00,-4.662604283522080095e+01,0.000000000000000000e+00,6.162756442012916835e+00,3.053993805148853102e+00
-5.815652350170819318e+01,-3.153960590421489997e+03,1.869631960012090985e+02,1.792868188289960862e+00,-4.662604296119641845e+01,0.000000000000000000e+00,6.162767933741539750e+00,3.053993771670593382e+00
-5.797723682728526029e+01,-3.158623194700733166e+03,1.869631960007544080e+02,1.792864473910011691e+00,-4.662604296539190329e+01,0.000000000000000000e+00,6.162804281992235289e+00,3.053993922920911874e+00
-5.779795015281008119e+01,-3.163285799026117274e+03,1.869631960000934328e+02,1.792857926233215160e+00,-4.662604296640503065e+01,0.000000000000000000e+00,6.162761508474348560e+00,3.053993815305956261e+00
-5.761866347836004110e+01,-3.167948403353095728e+03,1.869631959997401225e+02,1.792872010522264636e+00,-4.662604277968640787e+01,0.000000000000000000e+00,6.162742248580373783e+00,3.053993709994847539e+00
-5.743937680393788270e+01,-3.172611007575560507e+03,1.869631960008421458e+02,1.792869726582417167e+00,-4.662604293708638181e+01,0.000000000000000000e+00,6.162744688777280544e+00,3.053993916132708097e+00
-5.726009012939459808e+01,-3.177273611867299223e+03,1.869631960007781117e+02,1.792862658223634886e+00,-4.662604292525984562e+01,0.000000000000000000e+00,6.162700601915564569e+00,3.053994026676304596e+00
-5.708080345493103636e+01,-3.181936216129904551e+03,1.869631960001900666e+02,1.792866317517079366e+00,-4.662604293454444360e+01,0.000000000000000000e+00,6.162793126529093612e+00,3.053994087331824314e+00
-5.690151678051953610e+01,-3.186598820424218047e+03,1.869631959995956834e+02,1.792869354133116433e+00,-4.662604295570178436e+01,0.000000000000000000e+00,6.162770138468789405e+00,3.053994003763103926e+00
-5.672223010603635629e+01,-3.191261424742273903e+03,1.869631959990929886e+02,1.792868359278559032e+00,-4.662604299420543441e+01,0.000000000000000000e+00,6.162780783578146071e+00,3.053993959792117074e+00
-5.654294343151060076e+01,-3.195924029010823233e+03,1.869631960010403589e+02,1.792870201122766627e+00,-4.662604289618432318e+01,0.000000000000000000e+00,6.162785537876533049e+00,3.053993869482838353e+00
-5.636365675711250844e+01,-3.200586633294930380e+03,1.869631959995062402e+02,1.792875730350816932e+00,-4.662604281509040760e+01,0.000000000000000000e+00,6.162758906505633405e+00,3.053994057061038436e+00
-5.618437008272433530e+01,-3.205249237563225961e+03,1.869631960004103632e+02,1.792866840562620467e+00,-4.662604301933047424e+01,0.000000000000000000e+00,6.162784019247381728e+00,3.053994055836047217e+00
-5.600508340820012165e+01,-3.209911841900949639e+03,1.869631960006381348e+02,1.792869601508784161e+00,-4.662604277672723185e+01,0.000000000000000000e+00,6.162781347031786261e+00,3.053993847750086754e+00
-5.582579673375530405e+01,-3.214574446202303534e+03,1.869631960000755555e+02,1.792871779066743221e+00,-4.662604282720854343e+01,0.000000000000000000e+00,6.162797859967866110e+00,3.053993893397525028e+00
-5.564651005931406047e+01,-3.219237050469153473e+03,1.869631959997676631e+02,1.792862171247912251e+00,-4.662604280223679609e+01,0.000000000000000000e+00,6.162777261036677778e+00,3.053993817526589716e+00
-5.546722338479008130e+01,-3.223899654761425609e+03,1.869631960003258655e+02,1.792865497615770964e+00,-4.662604284122702580e+01,0.000000000000000000e+00,6.162779481238822576e+00,3.053993837150486890e+00
-5.528793671035349178e+01,-3.228562259025542517e+03,1.869631959997840909e+02,1.792863718442554655e+00,-4.662604316161394991e+01,0.000000000000000000e+00,6.162750184108455542e+00,3.053993793273444446e+00
-5.510865003586104649e+01,-3.233224863328994616e+03,1.869631960002183177e+02,1.792873447941452314e+00,-4.662604302096960396e+01,0.000000000000000000e+00,6.162756953529219928e+00,3.053993779286985344e+00
-5.492936336146835430e+01,-3.237887467594894133e+03,1.869631960001844959e+02,1.792864050610722293e+00,-4.662604296613562838e+01,0.000000000000000000e+00,6.162743234734972653e+00,3.053993600622111337e+00
-5.475007668694924945e+01,-3.242550071960151854e+03,1.869631959994393924e+02,1.792864441122285823e+00,-4.662604286709229484e+01,0.000000000000000000e+00,6.162798930914948237e+00,3.053994059546449424e+00
-5.457079001247978312e+01,-3.247212676175914567e+03,1.869631960001327684e+02,1.792868309354655576e+00,-4.662604315300284696e+01,0.000000000000000000e+00,6.162760053055137632e+00,3.053993811064800834e+00
-5.439150333799760517e+01,-3.251875280506339550e+03,1.869631960002762412e+02,1.792867970668663435e+00,-4.662604287799292280e+01,0.000000000000000000e+00,6.162719789039562635e+00,3.053994047673612933e+00
-5.421221666362900748e+01,-3.256537884779653723e+03,1.869631959995323882e+02,1.792865891916221699e+00,-4.662604298354312959e+01,0.000000000000000000e+00,6.162781759395172365e+00,3.053994147881450516e+00
-5.403292998913666878e+01,-3.261200489054021546e+03,1.869631959992244958e+02,1.792864636511709797e+00,-4.662604290098067850e+01,0.000000000000000000e+00,6.162745192770674230e+00,3.053993758651154522e+00
-5.385364331465556376e+01,-3.265863093345151356e+03,1.869631960005130509e+02,1.792863152482781608e+00,-4.662604289964831139e+01,0.000000000000000000e+00,6.162774932102636605e+00,3.053993992589314477e+00
-5.367435664021972741e+01,-3.270525697679807763e+03,1.869631959997917647e+02,1.792862283836198278e+00,-4.662604289981076988e+01,0.000000000000000000e+00,6.162772461034506932e+00,3.053993885300361200e+00
-5.349506996574326934e+01,-3.275188301947115178e+03,1.869631960009541558e+02,1.792869293488660754e+00,-4.662604291559730285e+01,0.000000000000000000e+00,6.162775156543977673e+00,3.053993673177737289e+00
-5.331578329127813021e+01,-3.279850906234289596e+03,1.869631959991380086e+02,1.792870239582255332e+00,-4.662604303390433813e+01,0.000000000000000000e+00,6.162763940898565274e+00,3.053994328424331162e+00
-5.313649661678857683e+01,-3.284513510517897430e+03,1.869631959997617230e+02,1.792861644419888378e+00,-4.662604287901863387e+01,0.000000000000000000e+00,6.162783658822495347e+00,3.053993900334798894e+00
-5.295720994233659695e+01,-3.289176114803553446e+03,1.869631960005837925e+02,1.792869676008910673e+00,-4.662604290950824293e+01,0.000000000000000000e+00,6.162759364641235749e+00,3.053993861146929945e+00
-5.277792326790113009e+01,-3.293838719118958124e+03,1.869631960008577209e+02,1.792862068004775322e+00,-4.662604291411737734e+01,0.000000000000000000e+00,6.162789045346499073e+00,3.053993860300721064e+00
-5.259863659340262387e+01,-3.298501323318290360e+03,1.869631960001358948e+02,1.792867139616236782e+00,-4.662604273613093397e+01,0.000000000000000000e+00,6.162770750239201512e+00,3.053993893453309738e+00
-5.241934991898512664e+01,-3.303163927721180698e+03,1.869631960001183018e+02,1.792864444429649096e+00,-4.662604302421812008e+01,0.000000000000000000e+00,6.162768536813109321e+00,3.053994077301574350e+00
-5.224006324447178429e+01,-3.307826531995679488e+03,1.869631960004085727e+02,1.792872972145746591e+00,-4.662604296660610004e+01,0.000000000000000000e+00,6.162748661782251780e+00,3.053993709067439166e+00
-5.206077657006240855e+01,-3.312489136248179420e+03,1.869631959997388435e+02,1.792866712843464994e+00,-4.662604295762651674e+01,0.000000000000000000e+00,6.162761451198456086e+00,3.053994055107887018e+00
-5.188148989551152823e+01,-3.317151740559823793e+03,1.869631959996865191e+02,1.792870493608579308e+00,-4.662604272123964932e+01,0.000000000000000000e+00,6.162739877235907215e+00,3.053993936870444514e+00
-5.170220322114015943e+01,-3.321814344858083132e+03,1.869631960009010356e+02,1.792868435239112879e+00,-4.662604287885703513e+01,0.000000000000000000e+00,6.162763163798966382e+00,3.053993842062732167e+00
-5.152291654666289844e+01,-3.326476949161265111e+03,1.869631959997102797e+02,1.792863941669086802e+00,-4.662604278193113316e+01,0.000000000000000000e+00,6.162772178150540014e+00,3.053993896946061604e+00
-5.134362987220602292e+01,-3.331139553421503933e+03,1.869631959999141486e+02,1.792870160261547108e+00,-4.662604296680139271e+01,0.000000000000000000e+00,6.162809904957803120e+00,3.053994146699937851e+00
-5.116434319767969896e+01,-3.335802157691121010e+03,1.869631959997043964e+02,1.792862934511260775e+00,-4.662604280159591497e+01,0.000000000000000000e+00,6.162748946371202408e+00,3.053994079796841454e+00
-5.098505652330361926e+01,-3.340464762005314242e+03,1.869631960014186234e+02,1.792869171338540069e+00,-4.662604267744028874e+01,0.000000000000000000e+00,6.162759568645349795e+00,3.053993725433191475e+00
-5.080576984875130364e+01,-3.345127366288520989e+03,1.869631959989147845e+02,1.792873855773910785e+00,-4.662604298263808289e+01,0.000000000000000000e+00,6.162780755380686593e+00,3.053994016515586996e+00
-5.062648317431324330e+01,-3.349789970581585294e+03,1.869631960007338876e+02,1.792871610767080126e+00,-4.662604274079063060e+01,0.000000000000000000e+00,6.162788928443512226e+00,3.053993855945126956e+00
-5.044719649984481435e+01,-3.354452574888996423e+03,1.869631960000374988e+02,1.792866142746104119e+00,-4.662604299214567050e+01,0.000000000000000000e+00,6.162745686399296652e+00,3.053993764916802522e+00
-5.026790982540257602e+01,-3.359115179137491850e+03,1.869631959997557829e+02,1.792866029989150567e+00,-4.662604283491667445e+01,0.000000000000000000e+00,6.162777704480205898e+00,3.053993713413823308e+00
-5.008862315092076045e+01,-3.363777783449167146e+03,1.869631960001832454e+02,1.792868369816044805e+00,-4.662604290640271643e+01,0.000000000000000000e+00,6.162782540147444976e+00,3.053993931930351291e+00
-4.990933647647104010e+01,-3.368440387811069741e+03,1.869631960007672546e+02,1.792865435075472913e+00,-4.662604292023100783e+01,0.000000000000000000e+00,6.162796245528197936e+00,3.053994113504892916e+00
-4.973004980202122738e+01,-3.373102992059620192e+03,1.869631959998307877e+02,1.792868378784414185e+00,-4.662604276335540021e+01,0.000000000000000000e+00,6.162797374162152231e+00,3.053993975058422627e+00
-4.955076312756172996e+01,-3.377765596326835748e+03,1.869631960001089794e+02,1.792867598806006990e+00,-4.662604300054280060e+01,0.000000000000000000e+00,6.162802171858005273e+00,3.053993713205825689e+00
-4.937147645304700205e+01,-3.382428200642195861e+03,1.869631960009109264e+02,1.792870966929568821e+00,-4.662604281210978030e+01,0.000000000000000000e+00,6.162760965065742447e+00,3.053993997734240740e+00
-4.919218977866695752e+01,-3.387090804866214057e+03,1.869631959993262456e+02,1.792862927944727902e+00,-4.662604296698747675e+01,0.000000000000000000e+00,6.162813155585034508e+00,3.053993756493258438e+00
-4.901290310416755602e+01,-3.391753409208690755e+03,1.869631960002086828e+02,1.792865638131969419e+00,-4.662604287372266754e+01,0.000000000000000000e+00,6.162763685935512825e+00,3.053993821878116854e+00
-4.883361642968744576e+01,-3.396416013451756953e+03,1.869631960002282938e+02,1.792869050992409008e+00,-4.662604282040446435e+01,0.000000000000000000e+00,6.162763336946136761e+00,3.053993680772905339e+00
-4.865432975518400127e+01,-3.401078617781829962e+03,1.869631960005020517e+02,1.792870089466160666e+00,-4.662604289324101359e+01,0.000000000000000000e+00,6.162816861214868602e+00,3.053993923335414973e+00
-4.847504308077041912e+01,-3.405741222058029507e+03,1.869631960003180779e+02,1.792868873738058477e+00,-4.662604287625759980e+01,0.000000000000000000e+00,6.162813362849618670e+00,3.053993707472443475e+00
-4.829575640633646572e+01,-3.410403826367380589e+03,1.869631959996217745e+02,1.792871548069797649e+00,-4.662604290438913068e+01,0.000000000000000000e+00,6.162762230673263453e+00,3.053994273879220067e+00
-4.811646973190690346e+01,-3.415066430640314138e+03,1.869631959999881019e+02,1.792869325522949531e+00,-4.662604294127398674e+01,0.000000000000000000e+00,6.162783590636860431e+00,3.053993850657583220e+00
-4.793718305737994712e+01,-3.419729034926117947e+03,1.869631959998124842e+02,1.792868602720945059e+00,-4.662604293754452556e+01,0.000000000000000000e+00,6.162799874828196245e+00,3.053993521556796154e+00
-4.775789638292499717e+01,-3.424391639254545225e+03,1.869631959995461727e+02,1.792862143036361378e+00,-4.662604294884879863e+01,0.000000000000000000e+00,6.162792826079737551e+00,3.053993769748205800e+00
-4.757860970849602467e+01,-3.429054243500044777e+03,1.869631959987756034e+02,1.792864289403792943e+00,-4.662604280590053207e+01,0.000000000000000000e+00,6.162769252025890765e+00,3.053993819486285677e+00
-4.739932303400251357e+01,-3.433716847826693538e+03,1.869631959999734363e+02,1.792864515243532297e+00,-4.662604283397742932e+01,0.000000000000000000e+00,6.162775947945389632e+00,3.053993755984886871e+00
-4.722003635961083035e+01,-3.438379452095562101e+03,1.869631960003667075e+02,1.792872527290706230e+00,-4.662604284072714478e+01,0.000000000000000000e+00,6.162782882466823153e+00,3.053994030451158803e+00
-4.704074968512014721e+01,-3.443042056360952301e+03,1.869631960004114433e+02,1.792875329661722805e+00,-4.662604297018992128e+01,0.000000000000000000e+00,6.162762533216173289e+00,3.053993701213591372e+00
-4.686146301062665032e+01,-3.447704660673235139e+03,1.869631959999781259e+02,1.792863781359197439e+00,-4.662604293689048518e+01,0.000000000000000000e+00,6.162752809437675339e+00,3.053993809532835613e+00
-4.668217633611057948e+01,-3.452367264950011304e+03,1.869631960005227427e+02,1.792865588683900446e+00,-4.662604317325021697e+01,0.000000000000000000e+00,6.162754667267539510e+00,3.053993645785717526e+00
-4.650288966166770166e+01,-3.457029869222195430e+03,1.869631960001284483e+02,1.792865860202251360e+00,-4.662604283832254026e+01,0.000000000000000000e+00,6.162773537854922878e+00,3.053993938319079948e+00
-4.632360298727728321e+01,-3.461692473519554824e+03,1.869631960008227338e+02,1.792867154772918692e+00,-4.662604279174697552e+01,0.000000000000000000e+00,6.162813383147265789e+00,3.053993915214583410e+00
-4.614431631273324541e+01,-3.466355077855021591e+03,1.869631959993734540e+02,1.792868803960475876e+00,-4.662604287427368632e+01,0.000000000000000000e+00,6.162768598947004683e+00,3.053994224319413586e+00
-4.596502963828633170e+01,-3.471017682130101093e+03,1.869631959999584012e+02,1.792865956074713996e+00,-4.662604306903935480e+01,0.000000000000000000e+00,6.162798147784470437e+00,3.053994000543310605e+00
-4.578574296382900854e+01,-3.475680286408152369e+03,1.869631959999840660e+02,1.792865403463697715e+00,-4.662604285672892956e+01,0.000000000000000000e+00,6.162785704721009949e+00,3.053993667175921356e+00
-4.560645628934859275e+01,-3.480342890705559967e+03,1.869631959997831530e+02,1.792861807272585262e+00,-4.662604300443661032e+01,0.000000000000000000e+00,6.162764391487567828e+00,3.053993915787733382e+00
-4.542716961487916905e+01,-3.485005494979259765e+03,1.869631959996132196e+02,1.792867628182231776e+00,-4.662604296898488343e+01,0.000000000000000000e+00,6.162736409809812521e+00,3.053993683836517814e+00
-4.524788294044009973e+01,-3.489668099288184294e+03,1.869631960006497309e+02,1.792865931794192624e+00,-4.662604299563556509e+01,0.000000000000000000e+00,6.162785326517861151e+00,3.053993931124373784e+00
-4.506859626589731249e+01,-3.494330703529063157e+03,1.869631960000280060e+02,1.792868177484154391e+00,-4.662604291146922009e+01,0.000000000000000000e+00,6.162777399332579620e+00,3.053993807578722741e+00
-4.488930959151467448e+01,-3.498993307876918607e+03,1.869631960009721752e+02,1.792863403725804883e+00,-4.662604291172913662e+01,0.000000000000000000e+00,6.162772717484123142e+00,3.053993665132550994e+00
-4.471002291707983289e+01,-3.503655912119751974e+03,1.869631959989789891e+02,1.792859908341615904e+00,-4.662604302500153608e+01,0.000000000000000000e+00,6.162783770946878015e+00,3.053993922948186945e+00
-4.453073624265666552e+01,-3.508318516421455115e+03,1.869631960000677111e+02,1.792872459914597760e+00,-4.662604282777260067e+01,0.000000000000000000e+00,6.162777004876657472e+00,3.053994080779215636e+00
-4.435144956815846484e+01,-3.512981120698642371e+03,1.869631959994004546e+02,1.792863304598682150e+00,-4.662604292897756153e+01,0.000000000000000000e+00,6.162798533267671353e+00,3.053993810259918007e+00
-4.417216289365780568e+01,-3.517643725027424352e+03,1.869631960009534168e+02,1.792869517065741380e+00,-4.662604284293957591e+01,0.000000000000000000e+00,6.162783659318900042e+00,3.053993920221784286e+00
-4.399287621920950642e+01,-3.522306329316189021e+03,1.869631960005061444e+02,1.792859093925907921e+00,-4.662604287355767241e+01,0.000000000000000000e+00,6.162813062279827392e+00,3.053993718822494152e+00
-4.381358954475953738e+01,-3.526968933575133633e+03,1.869631960003611937e+02,1.792863950009440543e+00,-4.662604292001804396e+01,0.000000000000000000e+00,6.162776327535419263e+00,3.053993731318814131e+00
-4.363430287024647214e+01,-3.531631537884244608e+03,1.869631960001320294e+02,1.792868150890618129e+00,-4.662604285191410725e+01,0.000000000000000000e+00,6.162784590834852416e+00,3.053993647742281325e+00
-4.345501619583303210e+01,-3.536294142140644908e+03,1.869631960001039488e+02,1.792864949796516782e+00,-4.662604279143734942e+01,0.000000000000000000e+00,6.162733874799048550e+00,3.053993992872262808e+00
-4.327572952139850315e+01,-3.540956746438030223e+03,1.869631959989144718e+02,1.792870030912129931e+00,-4.662604301887693481e+01,0.000000000000000000e+00,6.162780888101898391e+00,3.053993995697026342e+00
-4.309644284692821259e+01,-3.545619350739624679e+03,1.869631960009243983e+02,1.792867698136505705e+00,-4.662604282783633636e+01,0.000000000000000000e+00,6.162772335713268212e+00,3.053993826579828763e+00
-4.291715617246298820e+01,-3.550281955077004568e+03,1.869631959998358184e+02,1.792863365858888391e+00,-4.662604288300968136e+01,0.000000000000000000e+00,6.162771630758682839e+00,3.053993643728629248e+00
-4.273786949796676282e+01,-3.554944559298097829e+03,1.869631960003240465e+02,1.792865445373307720e+00,-4.662604276441133777e+01,0.000000000000000000e+00,6.162774072690178961e+00,3.053994015458468159e+00
-4.255858282350416033e+01,-3.559607163627654700e+03,1.869631960007468479e+02,1.792863893250768115e+00,-4.662604274003135174e+01,0.000000000000000000e+00,6.162751731245921683e+00,3.053994055386822115e+00
-4.237929614910269294e+01,-3.564269767896908888e+03,1.869631960000402557e+02,1.792865765243705889e+00,-4.662604288992942259e+01,0.000000000000000000e+00,6.162777177235749804e+00,3.053993928747519959e+00
-4.220000947457700846e+01,-3.568932372194954041e+03,1.869631959994375165e+02,1.792861046269938807e+00,-4.662604267498946342e+01,0.000000000000000000e+00,6.162786341181782923e+00,3.053994074510274270e+00
-4.202072280007740090e+01,-3.573594976483600931e+03,1.869631960005679900e+02,1.792866612245701541e+00,-4.662604257731876345e+01,0.000000000000000000e+00,6.162767491579954182e+00,3.053993762605381246e+00
-4.184143612573760862e+01,-3.578257580770256482e+03,1.869631960003559641e+02,1.792865095377313533e+00,-4.662604301020988373e+01,0.000000000000000000e+00,6.162778325335767526e+00,3.053994049305539082e+00
-4.166214945122179358e+01,-3.582920185025413048e+03,1.869631960001143796e+02,1.792862956855391099e+00,-4.662604296394780334e+01,0.000000000000000000e+00,6.162801615917770093e+00,3.053993976004166555e+00
-4.148286277676907474e+01,-3.587582789368911108e+03,1.869631960001577795e+02,1.792866171018581367e+00,-4.662604286236595641e+01,0.000000000000000000e+00,6.162798240778478487e+00,3.053993823368164939e+00
-4.130357610230209531e+01,-3.592245393663973573e+03,1.869631959992103702e+02,1.792867484811112133e+00,-4.662604290506033777e+01,0.000000000000000000e+00,6.162751058733797471e+00,3.053993641944793946e+00
-4.112428942781846075e+01,-3.596907997967876327e+03,1.869631960009618297e+02,1.792865287532982688e+00,-4.662604291800117551e+01,0.000000000000000000e+00,6.162760430386957644e+00,3.053994003131599300e+00
-4.094500275336071837e+01,-3.601570602249232252e+03,1.869631960001685798e+02,1.792867106440255043e+00,-4.662604296651891644e+01,0.000000000000000000e+00,6.162764426982914046e+00,3.053993865016802367e+00
-4.076571607892857685e+01,-3.606233206548771705e+03,1.869631959990637426e+02,1.792860250378308207e+00,-4.662604297103984408e+01,0.000000000000000000e+00,6.162736933330156930e+00,3.053993944434617358e+00
-4.058642940437658098e+01,-3.610895810774761685e+03,1.869631959998339994e+02,1.792864958627982341e+00,-4.662604285935985615e+01,0.000000000000000000e+00,6.162743702553562741e+00,3.053993849963202667e+00
-4.040714272997426804e+01,-3.615558415113594947e+03,1.869631959996530668e+02,1.792863218259135749e+00,-4.662604282043521664e+01,0.000000000000000000e+00,6.162793754527243095e+00,3.053993852830971356e+00
-4.022785605552400057e+01,-3.620221019394463838e+03,1.869631960010157741e+02,1.792866410888641626e+00,-4.662604299015879405e+01,0.000000000000000000e+00,6.162753182124958151e+00,3.053993972046719740e+00
-4.004856938104472874e+01,-3.624883623655035990e+03,1.869631960017572112e+02,1.792864428727604764e+00,-4.662604301376867255e+01,0.000000000000000000e+00,6.162770748364648554e+00,3.053993933753933465e+00
-3.986928270659637974e+01,-3.629546227969431129e+03,1.869631959997013837e+02,1.792863906699386778e+00,-4.662604291884307628e+01,0.000000000000000000e+00,6.162767852829971638e+00,3.053993844587198581e+00
-3.968999603215366534e+01,-3.634208832294345029e+03,1.869631960005786482e+02,1.792866498527197816e+00,-4.662604287188902674e+01,0.000000000000000000e+00,6.162741671987669534e+00,3.053993720521691380e+00
-3.951070935765583414e+01,-3.638871436551059560e+03,1.869631960004513473e+02,1.792867482368698306e+00,-4.662604283368719393e+01,0.000000000000000000e+00,6.162736222102253691e+00,3.053993865251508844e+00
-3.933142268322355051e+01,-3.643534040794560042e+03,1.869631959994864303e+02,1.792865868706041477e+00,-4.662604282171892578e+01,0.000000000000000000e+00,6.162758973663140516e+00,3.053993970926697443e+00
-3.915213600874587030e+01,-3.648196645113363047e+03,1.869631959998968114e+02,1.792864984443115040e+00,-4.662604293663541455e+01,0.000000000000000000e+00,6.162762421050960171e+00,3.053993987826263634e+00
-3.897284933419479103e+01,-3.652859249448284118e+03,1.869631960003051745e+02,1.792863372598573424e+00,-4.662604297828436017e+01,0.000000000000000000e+00,6.162763893003059934e+00,3.053993680868431593e+00
-3.879356265977028784e+01,-3.657521853699849999e+03,1.869631960004970495e+02,1.792864582462794676e+00,-4.662604284392325837e+01,0.000000000000000000e+00,6.162786277307171545e+00,3.053993984371213166e+00
-3.861427598536690908e+01,-3.662184457991820636e+03,1.869631960007851319e+02,1.792863846864155342e+00,-4.662604279956097031e+01,0.000000000000000000e+00,6.162763045500140535e+00,3.053993876315510558e+00
-3.843498931084122461e+01,-3.666847062335576538e+03,1.869631960001280788e+02,1.792861752020812771e+00,-4.662604296832972750e+01,0.000000000000000000e+00,6.162735569101710276e+00,3.053993769682723070e+00
-3.825570263640754831e+01,-3.671509666568471857e+03,1.869631959997481374e+02,1.792866783300059996e+00,-4.662604293392560351e+01,0.000000000000000000e+00,6.162767584990058722e+00,3.053993803625807413e+00
-3.807641596195336575e+01,-3.676172270886442675e+03,1.869631960002240021e+02,1.792865638015623819e+00,-4.662604296489978850e+01,0.000000000000000000e+00,6.162742238460761079e+00,3.053993919325680206e+00
-3.789712928753223764e+01,-3.680834875117110641e+03,1.869631959997676631e+02,1.792865642944845739e+00,-4.662604277598893532e+01,0.000000000000000000e+00,6.162780454079696213e+00,3.053994021660114466e+00
-3.771784261304831176e+01,-3.685497479433389799e+03,1.869631960000590993e+02,1.792865353309430976e+00,-4.662604272978159514e+01,0.000000000000000000e+00,6.162776094766499568e+00,3.053993822672988578e+00
-3.753855593858065021e+01,-3.690160083736340312e+03,1.869631960006273630e+02,1.792865077663404749e+00,-4.662604302455495997e+01,0.000000000000000000e+00,6.162818766097618806e+00,3.053994045629503162e+00
-3.735926926411115545e+01,-3.694822688005672717e+03,1.869631960003661391e+02,1.792870821653412827e+00,-4.662604286392408426e+01,0.000000000000000000e+00,6.162764546171219493e+00,3.053993954172436798e+00
-3.717998258963730507e+01,-3.699485292343083074e+03,1.869631959996899297e+02,1.792871397732961336e+00,-4.662604291095129128e+01,0.000000000000000000e+00,6.162801923537210236e+00,3.053994260845771080e+00
-3.700069591518931134e+01,-3.704147896578050677e+03,1.869631960007081943e+02,1.792867936175025045e+00,-4.662604288555263565e+01,0.000000000000000000e+00,6.162758578344123883e+00,3.053994062958549360e+00
-3.682140924066987964e+01,-3.708810500865884023e+03,1.869631959998403090e+02,1.792868574910755797e+00,-4.662604300312721506e+01,0.000000000000000000e+00,6.162794939667563199e+00,3.053993753884609141e+00
-3.664212256630315068e+01,-3.713473105154888344e+03,1.869631960004716404e+02,1.792864711678364031e+00,-4.662604292794968330e+01,0.000000000000000000e+00,6.162786662225911094e+00,3.053993759021044863e+00
-3.646283589180301021e+01,-3.718135709461720580e+03,1.869631960006028919e+02,1.792868827943715271e+00,-4.662604299801917307e+01,0.000000000000000000e+00,6.162783227339166281e+00,3.053994121385394500e+00
-3.628354921736031713e+01,-3.722798313755684376e+03,1.869631960005714006e+02,1.792865490479585322e+00,-4.662604277092721361e+01,0.000000000000000000e+00,6.162778573709836394e+00,3.053994059174298226e+00
-3.610426254290186421e+01,-3.727460918091085205e+03,1.869631960003578968e+02,1.792867312098330501e+00,-4.662604293903365971e+01,0.000000000000000000e+00,6.162758798677644201e+00,3.053993870151835210e+00
-3.592497586848055846e+01,-3.732123522339534702e+03,1.869631960004078053e+02,1.792865047887106655e+00,-4.662604300671799251e+01,0.000000000000000000e+00,6.162784262582763795e+00,3.053993954135127087e+00
-3.574568919390838317e+01,-3.736786126652171788e+03,1.869631960001091500e+02,1.792861199370029412e+00,-4.662604299635067662e+01,0.000000000000000000e+00,6.162747624162768112e+00,3.053993612903849186e+00
-3.556640251949974640e+01,-3.741448730910695758e+03,1.869631959995610089e+02,1.792865451559007450e+00,-4.662604303695048458e+01,0.000000000000000000e+00,6.162763202083922920e+00,3.053993883304975121e+00
-3.538711584506391716e+01,-3.746111335215808595e+03,1.869631959997126103e+02,1.792866124526860894e+00,-4.662604290191670486e+01,0.000000000000000000e+00,6.162740253350171393e+00,3.053993928642271261e+00
-3.520782917059047179e+01,-3.750773939488165070e+03,1.869631959997925321e+02,1.792860198345174849e+00,-4.662604284825996359e+01,0.000000000000000000e+00,6.162798636215443437e+00,3.053993709102609699e+00
-3.502854249611895199e+01,-3.755436543782857825e+03,1.869631959998319530e+02,1.792868110344800758e+00,-4.662604281064935918e+01,0.000000000000000000e+00,6.162773509014451534e+00,3.053994054985574635e+00
-3.484925582162514246e+01,-3.760099148016956860e+03,1.869631960002958522e+02,1.792869087483829338e+00,-4.662604293347527573e+01,0.000000000000000000e+00,6.162820226803919610e+00,3.053993768618845195e+00
-3.466996914714324873e+01,-3.764761752368826819e+03,1.869631960006011582e+02,1.792871460627742497e+00,-4.662604294746864753e+01,0.000000000000000000e+00,6.162767317818662605e+00,3.053993844442123073e+00
-3.449068247268890275e+01,-3.769424356678120603e+03,1.869631960001796358e+02,1.792865573295880921e+00,-4.662604292664104833e+01,0.000000000000000000e+00,6.162754920451821050e+00,3.053993886668359359e+00
-3.431139579828101915e+01,-3.774086960930259465e+03,1.869631959997041974e+02,1.792864927800821739e+00,-4.662604291805685364e+01,0.000000000000000000e+00,6.162757258705813257e+00,3.053993948420027138e+00
-3.413210912381346418e+01,-3.778749565244462701e+03,1.869631959998558273e+02,1.792868138380670606e+00,-4.662604285480299637e+01,0.000000000000000000e+00,6.162774002237083160e+00,3.053993810874490400e+00
-3.395282244930248794e+01,-3.783412169511191223e+03,1.869631960006291251e+02,1.792868258903460355e+00,-4.662604294187212162e+01,0.000000000000000000e+00,6.162801922484076655e+00,3.053994087677646352e+00
-3.377353577489983394e+01,-3.788074773791592634e+03,1.869631960000633910e+02,1.792865747224116291e+00,-4.662604293448586645e+01,0.000000000000000000e+00,6.162780121630222041e+00,3.053994084340684534e+00
-3.359424910045513712e+01,-3.792737378138557233e+03,1.869631960004785469e+02,1.792862719617881240e+00,-4.662604301215655767e+01,0.000000000000000000e+00,6.162760067415120169e+00,3.053993915597630782e+00
-3.341496242593847654e+01,-3.797399982362612263e+03,1.869631960003285656e+02,1.792867880857015317e+00,-4.662604292286123098e+01,0.000000000000000000e+00,6.162791563455069621e+00,3.053993888966296311e+00
-3.323567575144439701e+01,-3.802062586661927980e+03,1.869631960001982804e+02,1.792867071284283353e+00,-4.662604295953267552e+01,0.000000000000000000e+00,6.162777578968436920e+00,3.053993788874522330e+00
-3.305638907700815565e+01,-3.806725190971642405e+03,1.869631960003313509e+02,1.792866125250184739e+00,-4.662604292417435659e+01,0.000000000000000000e+00,6.162787261057498966e+00,3.053993721979657128e+00
-3.287710240257274563e+01,-3.811387795284758795e+03,1.869631959996377759e+02,1.792866068215200448e+00,-4.662604273102418517e+01,0.000000000000000000e+00,6.162768938149358000e+00,3.053993728321422019e+00
-3.269781572810006054e+01,-3.816050399587551510e+03,1.869631960008357225e+02,1.792863711035312058e+00,-4.662604299261792562e+01,0.000000000000000000e+00,6.162738021391469090e+00,3.053993880969297248e+00
-3.251852905360390622e+01,-3.820713003866470444e+03,1.869631960005214921e+02,1.792872770399883464e+00,-4.662604278800910862e+01,0.000000000000000000e+00,6.162765846623824650e+00,3.053993972019237280e+00
-3.233924237920994926e+01,-3.825375608150307471e+03,1.869631960001436255e+02,1.792866173037925170e+00,-4.662604297138824450e+01,0.000000000000000000e+00,6.162760132614014452e+00,3.053993799725061464e+00
-3.215995570468895437e+01,-3.830038212399721488e+03,1.869631960002134292e+02,1.792867502817519609e+00,-4.662604309208688136e+01,0.000000000000000000e+00,6.162773236227492291e+00,3.053993888147953140e+00
-3.198066903026939301e+01,-3.834700816754420430e+03,1.869631959998343120e+02,1.792865618110850434e+00,-4.662604294085412704e+01,0.000000000000000000e+00,6.162741210932749070e+00,3.053993529847490507e+00
-3.180138235579853401e+01,-3.839363420995341130e+03,1.869631960001844959e+02,1.792866401867943660e+00,-4.662604287239712875e+01,0.000000000000000000e+00,6.162762363000351407e+00,3.053994072789564473e+00
-3.162209568133793169e+01,-3.844026025275449683e+03,1.869631960002196251e+02,1.792864287097825970e+00,-4.662604300557382686e+01,0.000000000000000000e+00,6.162763863357287875e+00,3.053993903553231970e+00
-3.144280900682075952e+01,-3.848688629578689415e+03,1.869631959999574065e+02,1.792870929516945600e+00,-4.662604297037012202e+01,0.000000000000000000e+00,6.162766363656405844e+00,3.053993900774055970e+00
-3.126352233237695089e+01,-3.853351233858737032e+03,1.869631960002301128e+02,1.792862138735646926e+00,-4.662604303282099494e+01,0.000000000000000000e+00,6.162773090912408769e+00,3.053993796129877758e+00
-3.108423565791215992e+01,-3.858013838178812421e+03,1.869631960006306031e+02,1.792862980571709786e+00,-4.662604294078887790e+01,0.000000000000000000e+00,6.162786773572956456e+00,3.053993883234446649e+00
-3.090494898347259678e+01,-3.862676442455394408e+03,1.869631960003130189e+02,1.792863521187543219e+00,-4.662604279250081163e+01,0.000000000000000000e+00,6.162801338453844480e+00,3.053993954467011385e+00
-3.072566230904978468e+01,-3.867339046764751401e+03,1.869631959992179304e+02,1.792863639869137549e+00,-4.662604305980119079e+01,0.000000000000000000e+00,6.162769091276167011e+00,3.053993697961039366e+00
-3.054637563451005278e+01,-3.872001651039103308e+03,1.869631960001005950e+02,1.792865536398530635e+00,-4.662604274454155018e+01,0.000000000000000000e+00,6.162762699603591798e+00,3.053993795997511640e+00
-3.036708896013519521e+01,-3.876664255322477857e+03,1.869631959996651176e+02,1.792868245052554377e+00,-4.662604285456246345e+01,0.000000000000000000e+00,6.162796801454469175e+00,3.053994080419228485e+00
-3.018780228567625556e+01,-3.881326859630077251e+03,1.869631959993486134e+02,1.792862206157438187e+00,-4.662604285771229229e+01,0.000000000000000000e+00,6.162787201587295094e+00,3.053993960763482285e+00
-3.000851561121119815e+01,-3.885989463868113489e+03,1.869631959995865600e+02,1.792868208920347151e+00,-4.662604282352008056e+01,0.000000000000000000e+00,6.162734388805874985e+00,3.053993974535834877e+00
-2.982922893668940389e+01,-3.890652068201174188e+03,1.869631960000673701e+02,1.792866432717745484e+00,-4.662604299893268234e+01,0.000000000000000000e+00,6.162764993168685201e+00,3.053993838844083708e+00
-2.964994226223900498e+01,-3.895314672456610879e+03,1.869631960001321715e+02,1.792864812975947686e+00,-4.662604275887668592e+01,0.000000000000000000e+00,6.162795831982432304e+00,3.053993711562051683e+00
-2.947065558777893912e+01,-3.899977276743269613e+03,1.869631959998060040e+02,1.792862658369047013e+00,-4.662604281859279354e+01,0.000000000000000000e+00,6.162780554911597264e+00,3.053993900927901795e+00
-2.929136891328233361e+01,-3.904639881056061768e+03,1.869631959997107344e+02,1.792861715543047296e+00,-4.662604289188347906e+01,0.000000000000000000e+00,6.162754558774627078e+00,3.053993723170885133e+00
-2.911208223888816704e+01,-3.909302485331078060e+03,1.869631960003106030e+02,1.792863854968351767e+00,-4.662604281303806175e+01,0.000000000000000000e+00,6.162765443726862635e+00,3.053993790968909661e+00
-2.893279556441050815e+01,-3.913965089666221502e+03,1.869631959992774739e+02,1.792863374021311351e+00,-4.662604290643153604e+01,0.000000000000000000e+00,6.162762770747873375e+00,3.053994043088028132e+00
-2.875350888999039967e+01,-3.918627693927240216e+03,1.869631960006047962e+02,1.792864696637493038e+00,-4.662604283225484636e+01,0.000000000000000000e+00,6.162775863494104556e+00,3.053993589458273927e+00
-2.857422221547867380e+01,-3.923290298218156295e+03,1.869631960009266152e+02,1.792866285303575280e+00,-4.662604297826592870e+01,0.000000000000000000e+00,6.162783016162109995e+00,3.053993936787017027e+00
-2.839493554101286321e+01,-3.927952902540620016e+03,1.869631960000130846e+02,1.792871713423830116e+00,-4.662604299243209027e+01,0.000000000000000000e+00,6.162741004030918290e+00,3.053994091005600708e+00
-2.821564886655807669e+01,-3.932615506787461527e+03,1.869631960005536371e+02,1.792868205776400270e+00,-4.662604279429333332e+01,0.000000000000000000e+00,6.162765888109645651e+00,3.053994058730573169e+00
-2.803636219210472902e+01,-3.937278111071347666e+03,1.869631960001708819e+02,1.792870695832790018e+00,-4.662604287586284357e+01,0.000000000000000000e+00,6.162759262371864111e+00,3.053993704435669088e+00
-2.785707551761415601e+01,-3.941940715337942038e+03,1.869631959995447232e+02,1.792859132557978130e+00,-4.662604274062680076e+01,0.000000000000000000e+00,6.162764194715021127e+00,3.053993868641032172e+00
-2.767778884314533983e+01,-3.946603319665224262e+03,1.869631960001053983e+02,1.792863458299007728e+00,-4.662604279018391651e+01,0.000000000000000000e+00,6.162755105150087509e+00,3.053993816153226071e+00
-2.749850216862404295e+01,-3.951265923912921608e+03,1.869631960007757243e+02,1.792866830187495264e+00,-4.662604293331568073e+01,0.000000000000000000e+00,6.162743398821691976e+00,3.053993809127171222e+00
-2.731921549420978224e+01,-3.955928528204462964e+03,1.869631960009672014e+02,1.792867899943185073e+00,-4.662604283724989074e+01,0.000000000000000000e+00,6.162746405110408610e+00,3.053993830057998071e+00
-2.713992881977053173e+01,-3.960591132556820412e+03,1.869631960002138840e+02,1.792865589333768161e+00,-4.662604289420944070e+01,0.000000000000000000e+00,6.162775080963781349e+00,3.053993836259846439e+00
-2.696064214534928638e+01,-3.965253736837937595e+03,1.869631960009295142e+02,1.792870440018020428e+00,-4.662604294526207127e+01,0.000000000000000000e+00,6.162734547608935465e+00,3.053993771614997410e+00
-2.678135547084555768e+01,-3.969916341068566908e+03,1.869631960008230180e+02,1.792869705623588272e+00,-4.662604280996068695e+01,0.000000000000000000e+00,6.162758757905522522e+00,3.053993941596718109e+00
-2.660206879634357335e+01,-3.974578945398722226e+03,1.869631960004552411e+02,1.792865791356085481e+00,-4.662604289484362852e+01,0.000000000000000000e+00,6.162760872200253814e+00,3.053994099838861498e+00
-2.642278212187735065e+01,-3.979241549701797794e+03,1.869631959997404920e+02,1.792862197391884571e+00,-4.662604290632548043e+01,0.000000000000000000e+00,6.162814892422142421e+00,3.053993728907406613e+00
-2.624349544745043517e+01,-3.983904153968681385e+03,1.869631959993536725e+02,1.792862612208489193e+00,-4.662604289162996452e+01,0.000000000000000000e+00,6.162756019988841594e+00,3.053994056402749901e+00
-2.606420877298226557e+01,-3.988566758264220880e+03,1.869631960001609059e+02,1.792866563200073982e+00,-4.662604300201234508e+01,0.000000000000000000e+00,6.162740341920912357e+00,3.053993738704208205e+00
-2.588492209855250437e+01,-3.993229362576967560e+03,1.869631960002102460e+02,1.792863803331914196e+00,-4.662604286536964793e+01,0.000000000000000000e+00,6.162801588581587886e+00,3.053993829884374289e+00
-2.570563542407022695e+01,-3.997891966804533695e+03,1.869631960001250093e+02,1.792865864103846407e+00,-4.662604306057724557e+01,0.000000000000000000e+00,6.162772105523900201e+00,3.053993766565636037e+00
-2.552634874957525568e+01,-4.002554571115794715e+03,1.869631959995743671e+02,1.792870730175063265e+00,-4.662604294116032122e+01,0.000000000000000000e+00,6.162787652190619525e+00,3.053993776378572722e+00
-2.534706207514892284e+01,-4.007217175392401259e+03,1.869631959997553281e+02,1.792867401490447765e+00,-4.662604271304675763e+01,0.000000000000000000e+00,6.162767136821895697e+00,3.053993878935966855e+00
-2.516777540072566310e+01,-4.011879779722764852e+03,1.869631959992890984e+02,1.792866955636810644e+00,-4.662604292273155693e+01,0.000000000000000000e+00,6.162744465707381103e+00,3.053993954432478120e+00
-2.498848872618833994e+01,-4.016542384026688069e+03,1.869631960004667519e+02,1.792868122141702436e+00,-4.662604287792149194e+01,0.000000000000000000e+00,6.162728629821828896e+00,3.053994038055606985e+00
-2.480920205181240945e+01,-4.021204988329386197e+03,1.869631960009039346e+02,1.792869404456232330e+00,-4.662604293623773799e+01,0.000000000000000000e+00,6.162761662178119160e+00,3.053993892508298558e+00
-2.462991537727989311e+01,-4.025867592573812999e+03,1.869631960005224585e+02,1.792866292115799842e+00,-4.662604277250733986e+01,0.000000000000000000e+00,6.162788168794084420e+00,3.053993741141075802e+00
-2.445062870283303624e+01,-4.030530196906570382e+03,1.869631960007718021e+02,1.792873338957658325e+00,-4.662604280600566398e+01,0.000000000000000000e+00,6.162775484389353409e+00,3.053993711563517621e+00
-2.427134202835915744e+01,-4.035192801171971951e+03,1.869631960005529265e+02,1.792871134919904907e+00,-4.662604264597783299e+01,0.000000000000000000e+00,6.162762763603789828e+00,3.053993875094736854e+00
-2.409205535388544206e+01,-4.039855405478779630e+03,1.869631960003663096e+02,1.792868193947062538e+00,-4.662604287886363608e+01,0.000000000000000000e+00,6.162794068891114918e+00,3.053993856903082893e+00
-2.391276867943041040e+01,-4.044518009737338161e+03,1.869631959990986161e+02,1.792868394968074819e+00,-4.662604276190659647e+01,0.000000000000000000e+00,6.162747053671054687e+00,3.053993920258788020e+00
-2.373348200502993421e+01,-4.049180614034327846e+03,1.869631960001367759e+02,1.792868026082726551e+00,-4.662604288664284979e+01,0.000000000000000000e+00,6.162785159482907282e+00,3.053994116339608489e+00
-2.355419533048427994e+01,-4.053843218315787453e+03,1.869631960003651443e+02,1.792866768177291625e+00,-4.662604285615996957e+01,0.000000000000000000e+00,6.162749002156669320e+00,3.053994036601953344e+00
-2.337490865603225032e+01,-4.058505822649447055e+03,1.869631960004004156e+02,1.792865786031317743e+00,-4.662604285351599742e+01,0.000000000000000000e+00,6.162788910243282459e+00,3.053993953699640329e+00
-2.319562198157997202e+01,-4.063168426922256913e+03,1.869631960008860290e+02,1.792863569306905935e+00,-4.662604301057587008e+01,0.000000000000000000e+00,6.162784678426955765e+00,3.053993953418181917e+00
-2.301633530715046305e+01,-4.067831031213458573e+03,1.869631960001752020e+02,1.792863155055422375e+00,-4.662604301171322874e+01,0.000000000000000000e+00,6.162763207556579914e+00,3.053993779826928545e+00
-2.283704863268466312e+01,-4.072493635464154977e+03,1.869631960004918483e+02,1.792865610164796397e+00,-4.662604319499769900e+01,0.000000000000000000e+00,6.162768393184614446e+00,3.053994124412476197e+00
-2.265776195821321082e+01,-4.077156239786353581e+03,1.869631960003394795e+02,1.792864728580750411e+00,-4.662604294736219401e+01,0.000000000000000000e+00,6.162787960771914264e+00,3.053994068312006149e+00
-2.247847528375287496e+01,-4.081818844064668156e+03,1.869631960000266133e+02,1.792866272497780855e+00,-4.662604291793282130e+01,0.000000000000000000e+00,6.162800202278296169e+00,3.053993919919720579e+00
-2.229918860930201419e+01,-4.086481448329109298e+03,1.869631959992857446e+02,1.792860381105534584e+00,-4.662604281843000820e+01,0.000000000000000000e+00,6.162788677540008031e+00,3.053993989933189379e+00
-2.211990193481076972e+01,-4.091144052627609653e+03,1.869631959988137737e+02,1.792862476140356209e+00,-4.662604266274565390e+01,0.000000000000000000e+00,6.162799471090361969e+00,3.053993925542014320e+00
-2.194061526031645926e+01,-4.095806656932114493e+03,1.869631960005881695e+02,1.792867292911827448e+00,-4.662604296865827536e+01,0.000000000000000000e+00,6.162781403541866432e+00,3.053993866244594901e+00
-2.176132858586849395e+01,-4.100469261213229402e+03,1.869631960015346408e+02,1.792863461987955320e+00,-4.662604300212797170e+01,0.000000000000000000e+00,6.162756963240168417e+00,3.053993712638918723e+00
-2.158204191142987938e+01,-4.105131865505069982e+03,1.869631959997038280e+02,1.792868233799705502e+00,-4.662604310629439652e+01,0.000000000000000000e+00,6.162771330431282557e+00,3.053993704651871255e+00
-2.140275523700998050e+01,-4.109794469763131019e+03,1.869631960006338716e+02,1.792863586745055082e+00,-4.662604300300164795e+01,0.000000000000000000e+00,6.162775442315041374e+00,3.053993764506822473e+00
-2.122346856249879465e+01,-4.114457074027182898e+03,1.869631960002211883e+02,1.792870489270761425e+00,-4.662604290890689640e+01,0.000000000000000000e+00,6.162790878485420620e+00,3.053993939927829526e+00
-2.104418188803513345e+01,-4.119119678421370736e+03,1.869631960006090026e+02,1.792869614634573727e+00,-4.662604298912571466e+01,0.000000000000000000e+00,6.162798401577163077e+00,3.053993940688162656e+00
-2.086489521358834409e+01,-4.123782282654247865e+03,1.869631959999867661e+02,1.792863889193305749e+00,-4.662604271605304973e+01,0.000000000000000000e+00,6.162769127440070882e+00,3.053993721519578486e+00
-2.068560853909382757e+01,-4.128444886968726678e+03,1.869631960002767528e+02,1.792868148602069667e+00,-4.662604301897608394e+01,0.000000000000000000e+00,6.162753998879067829e+00,3.053993780528567736e+00
-2.050632186471081653e+01,-4.133107491273589403e+03,1.869631959999549906e+02,1.792867585502640582e+00,-4.662604305066910371e+01,0.000000000000000000e+00,6.162745466283740647e+00,3.053993826417729540e+00
-2.032703519018312122e+01,-4.137770095517534173e+03,1.869631959999464073e+02,1.792872253978121666e+00,-4.662604304727238969e+01,0.000000000000000000e+00,6.162761976610861225e+00,3.053993794284941110e+00
-2.014774851574727776e+01,-4.142432699784343640e+03,1.869631960003177653e+02,1.792866791176518149e+00,-4.662604284314642911e+01,0.000000000000000000e+00,6.162733293563026571e+00,3.053993997581244013e+00
-1.996846184132628821e+01,-4.147095304070105158e+03,1.869631960003438849e+02,1.792870001524668577e+00,-4.662604287472591835e+01,0.000000000000000000e+00,6.162765867539247822e+00,3.053993896277448883e+00
-1.978917516672209231e+01,-4.151757908404758382e+03,1.869631960002743369e+02,1.792863069371238405e+00,-4.662604284010256350e+01,0.000000000000000000e+00,6.162784752831054647e+00,3.053993675413701148e+00
-1.960988849232580478e+01,-4.156420512682667322e+03,1.869631959989690699e+02,1.792860979752744388e+00,-4.662604288507263561e+01,0.000000000000000000e+00,6.162748151656209039e+00,3.053993931757409186e+00
-1.943060181789181584e+01,-4.161083116988802431e+03,1.869631960006902887e+02,1.792869461955212573e+00,-4.662604301346197389e+01,0.000000000000000000e+00,6.162746676478687569e+00,3.053993952243509558e+00
-1.925131514342183081e+01,-4.165745721265791872e+03,1.869631960000372715e+02,1.792863803632289033e+00,-4.662604274664968074e+01,0.000000000000000000e+00,6.162769085862152885e+00,3.053993802969023452e+00
-1.907202846896242221e+01,-4.170408325560786579e+03,1.869631959993894270e+02,1.792871060956628515e+00,-4.662604278574143990e+01,0.000000000000000000e+00,6.162787148822343575e+00,3.053993807447872300e+00
-1.889274179452073099e+01,-4.175070929878809693e+03,1.869631960003137010e+02,1.792873041483585839e+00,-4.662604290104663818e+01,0.000000000000000000e+00,6.162786499932476403e+00,3.053993703333945486e+00
-1.871345512005839140e+01,-4.179733534117819545e+03,1.869631960013161347e+02,1.792866892174666882e+00,-4.662604286557886013e+01,0.000000000000000000e+00,6.162768540287027363e+00,3.053993900337137024e+00
-1.853416844551538745e+01,-4.184396138451940715e+03,1.869631960005700932e+02,1.792869500605888788e+00,-4.662604297604161019e+01,0.000000000000000000e+00,6.162749845900141743e+00,3.053993934300957669e+00
-1.835488177111761487e+01,-4.189058742768376760e+03,1.869631959995120667e+02,1.792868952908073688e+00,-4.662604297053513136e+01,0.000000000000000000e+00,6.162790600087789450e+00,3.053993849767846935e+00
-1.817559509659244554e+01,-4.193721347013854029e+03,1.869631960007936868e+02,1.792860945487814162e+00,-4.662604273703922075e+01,0.000000000000000000e+00,6.162757809088994954e+00,3.053993869041131681e+00
-1.799630842217687743e+01,-4.198383951298125794e+03,1.869631960001667892e+02,1.792868827676484367e+00,-4.662604299069948155e+01,0.000000000000000000e+00,6.162774635060185524e+00,3.053994173226176834e+00
-1.781702174776349779e+01,-4.203046555572810576e+03,1.869631960007650662e+02,1.792866034907738326e+00,-4.662604291109747834e+01,0.000000000000000000e+00,6.162791294223228356e+00,3.053993740028967618e+00
-1.763773507323409362e+01,-4.207709159883720531e+03,1.869631959997732338e+02,1.792864077172213966e+00,-4.662604289462529294e+01,0.000000000000000000e+00,6.162754715175394971e+00,3.053993875980245853e+00
-1.745844839878181176e+01,-4.212371764147788781e+03,1.869631959998364437e+02,1.792863590742734825e+00,-4.662604292537037054e+01,0.000000000000000000e+00,6.162779060783418750e+00,3.053994164875982964e+00
-1.727916172433836195e+01,-4.217034368468373941e+03,1.869631960004279847e+02,1.792868060225097260e+00,-4.662604277449624135e+01,0.000000000000000000e+00,6.162814866168289996e+00,3.053993912458092375e+00
-1.709987504990550988e+01,-4.221696972768458181e+03,1.869631960002991775e+02,1.792870495323325208e+00,-4.662604290532642892e+01,0.000000000000000000e+00,6.162788458433535510e+00,3.053993855233443799e+00
-1.692058837539689975e+01,-4.226359577057357455e+03,1.869631960003030997e+02,1.792868711602198184e+00,-4.662604306410894850e+01,0.000000000000000000e+00,6.162785772607151102e+00,3.053994090564683184e+00
-1.674130170096897530e+01,-4.231022181334665220e+03,1.869631960009462830e+02,1.792866184423238529e+00,-4.662604280783050825e+01,0.000000000000000000e+00,6.162777187182271632e+00,3.053993665989681361e+00
-1.656201502652453073e+01,-4.235684785629689031e+03,1.869631960003844142e+02,1.792864008475983484e+00,-4.662604283223826940e+01,0.000000000000000000e+00,6.162772288019550793e+00,3.053993823953134790e+00
-1.638272835198750954e+01,-4.240347389903813564e+03,1.869631960004311679e+02,1.792866804586531027e+00,-4.662604282177228043e+01,0.000000000000000000e+00,6.162734704846447364e+00,3.053993999596602560e+00
-1.620344167759600040e+01,-4.245009994237645515e+03,1.869631959993505461e+02,1.792866769486691769e+00,-4.662604306814574784e+01,0.000000000000000000e+00,6.162770135630160517e+00,3.053993842017661997e+00
-1.602415500311356666e+01,-4.249672598474166989e+03,1.869631960001389928e+02,1.792864091391780157e+00,-4.662604301645392724e+01,0.000000000000000000e+00,6.162773232288959235e+00,3.053993981392323143e+00
-1.584486832868103434e+01,-4.254335202796904014e+03,1.869631960005331166e+02,1.792866115135038685e+00,-4.662604287125475366e+01,0.000000000000000000e+00,6.162784892248754254e+00,3.053993918691052745e+00
-1.566558165415472104e+01,-4.258997807064411973e+03,1.869631959995405168e+02,1.792866329049874752e+00,-4.662604280097723830e+01,0.000000000000000000e+00,6.162757795810631656e+00,3.053993954197321337e+00
-1.548629497972612157e+01,-4.263660411383398241e+03,1.869631960009130296e+02,1.792870490847146003e+00,-4.662604284388282139e+01,0.000000000000000000e+00,6.162787314334345901e+00,3.053993739359614157e+00
-1.530700830527539402e+01,-4.268323015614151700e+03,1.869631959999107664e+02,1.792869707870290874e+00,-4.662604286016892274e+01,0.000000000000000000e+00,6.162772184864360625e+00,3.053993783653996541e+00
-1.512772163083890931e+01,-4.272985619948639396e+03,1.869631959997396393e+02,1.792866511660047513e+00,-4.662604293878783324e+01,0.000000000000000000e+00,6.162798108888821957e+00,3.053994000563090339e+00
-1.494843495629681662e+01,-4.277648224242541801e+03,1.869631960001262030e+02,1.792867854829557572e+00,-4.662604281040066923e+01,0.000000000000000000e+00,6.162765478091173144e+00,3.053993667035607817e+00
-1.476914828186963113e+01,-4.282310828556749584e+03,1.869631960009895977e+02,1.792861654125548876e+00,-4.662604281673290529e+01,0.000000000000000000e+00,6.162782888026184125e+00,3.053993858418432072e+00
-1.458986160734156456e+01,-4.286973432839404268e+03,1.869631960000056097e+02,1.792870255753244546e+00,-4.662604292767074554e+01,0.000000000000000000e+00,6.162762733050120900e+00,3.053993961497053267e+00
-1.441057493295312852e+01,-4.291636037115317777e+03,1.869631959995875832e+02,1.792865858034765392e+00,-4.662604276462381847e+01,0.000000000000000000e+00,6.162749214057545721e+00,3.053993892384328390e+00
-1.423128825846658430e+01,-4.296298641354683241e+03,1.869631959989334575e+02,1.792866016733624113e+00,-4.662604285922810021e+01,0.000000000000000000e+00,6.162780661763314072e+00,3.053993722169086933e+00
-1.405200158401605925e+01,-4.300961245710223011e+03,1.869631960005072813e+02,1.792868361945350930e+00,-4.662604294514653702e+01,0.000000000000000000e+00,6.162777218341264351e+00,3.053993882261427206e+00
-1.387271490951566477e+01,-4.305623849976082965e+03,1.869631960003299866e+02,1.792866936950225032e+00,-4.662604285022406003e+01,0.000000000000000000e+00,6.162774392754195141e+00,3.053993740871002505e+00
-1.369342823509254181e+01,-4.310286454253954616e+03,1.869631959993995451e+02,1.792868393269170690e+00,-4.662604279242649596e+01,0.000000000000000000e+00,6.162765391600109943e+00,3.053993841671190701e+00
-1.351414156064844363e+01,-4.314949058503127162e+03,1.869631960001633786e+02,1.792866270460587774e+00,-4.662604275335954185e+01,0.000000000000000000e+00,6.162749893195546669e+00,3.053993850740267746e+00
-1.333485488615828629e+01,-4.319611662872974193e+03,1.869631960004224709e+02,1.792865789519243691e+00,-4.662604283074814759e+01,0.000000000000000000e+00,6.162765558422563572e+00,3.053993733330402804e+00
-1.315556821164705958e+01,-4.324274267154610243e+03,1.869631959991002361e+02,1.792869054959479014e+00,-4.662604292163477737e+01,0.000000000000000000e+00,6.162745057133132143e+00,3.053993553852460519e+00
-1.297628153726319589e+01,-4.328936871375120063e+03,1.869631959997810782e+02,1.792870359337461750e+00,-4.662604305201480059e+01,0.000000000000000000e+00,6.162796493798894382e+00,3.053993743354829871e+00
-1.279699486277786136e+01,-4.333599475729794904e+03,1.869631960002229789e+02,1.792862868474196292e+00,-4.662604288696998367e+01,0.000000000000000000e+00,6.162771479829205923e+00,3.053993757224437999e+00
-1.261770818832189001e+01,-4.338262079997959518e+03,1.869631959998197317e+02,1.792870043062678720e+00,-4.662604295265761323e+01,0.000000000000000000e+00,6.162762846540764450e+00,3.053993859796254817e+00
-1.243842151384859207e+01,-4.342924684272822560e+03,1.869631960007079670e+02,1.792867797053737444e+00,-4.662604304356016627e+01,0.000000000000000000e+00,6.162787050943845379e+00,3.053993702387490128e+00
-1.225913483935040915e+01,-4.347587288563398943e+03,1.869631960009099600e+02,1.792868597687612642e+00,-4.662604280151381886e+01,0.000000000000000000e+00,6.162725798421917922e+00,3.053993904597593456e+00
-1.207984816493869928e+01,-4.352249892867223025e+03,1.869631959996755768e+02,1.792865781642596801e+00,-4.662604291826279734e+01,0.000000000000000000e+00,6.162781255433608329e+00,3.053993612354906961e+00
-1.190056149044178824e+01,-4.356912497121501474e+03,1.869631960007878035e+02,1.792867860785799738e+00,-4.662604276732940178e+01,0.000000000000000000e+00,6.162750739720586957e+00,3.053993955406520300e+00
-1.172127481602344723e+01,-4.361575101435211764e+03,1.869631960002523101e+02,1.792869126461658524e+00,-4.662604301713960098e+01,0.000000000000000000e+00,6.162794704538163693e+00,3.053994026016341401e+00
-1.154198814152380415e+01,-4.366237705735497002e+03,1.869631960003914060e+02,1.792856990973287212e+00,-4.662604290747844260e+01,0.000000000000000000e+00,6.162752093734940928e+00,3.053993709473738161e+00
-1.136270146714500839e+01,-4.370900309992649454e+03,1.869631959998585273e+02,1.792866154073853746e+00,-4.662604286508573637e+01,0.000000000000000000e+00,6.162781794084270182e+00,3.053993947467483761e+00
-1.118341479262097771e+01,-4.375562914313933106e+03,1.869631960000293134e+02,1.792865097962514254e+00,-4.662604296975175089e+01,0.000000000000000000e+00,6.162781706236245327e+00,3.053993999481829036e+00
-1.100412811820083370e+01,-4.380225518575827664e+03,1.869631959993811279e+02,1.792867067916420698e+00,-4.662604294364303570e+01,0.000000000000000000e+00,6.162749902966156768e+00,3.053993874816686827e+00
-1.082484144370391554e+01,-4.384888122868492246e+03,1.869631960001847233e+02,1.792868081350366571e+00,-4.662604289846230898e+01,0.000000000000000000e+00,6.162776519210495074e+00,3.053994106108990358e+00
-1.064555476923454158e+01,-4.389550727197422020e+03,1.869631959997257127e+02,1.792867901821226351e+00,-4.662604300093346410e+01,0.000000000000000000e+00,6.162776774091799581e+00,3.053993978856088809e+00
-1.046626809475861641e+01,-4.394213331458204266e+03,1.869631959997085175e+02,1.792875567866623276e+00,-4.662604292276819251e+01,0.000000000000000000e+00,6.162777544622628945e+00,3.053994005882077811e+00
-1.028698142029650597e+01,-4.398875935748435040e+03,1.869631959996040962e+02,1.792869840170892237e+00,-4.662604283907951697e+01,0.000000000000000000e+00,6.162783092220724512e+00,3.053993858363263314e+00
-1.010769474590706984e+01,-4.403538540051433301e+03,1.869631959996654871e+02,1.792868082760909365e+00,-4.662604276356869093e+01,0.000000000000000000e+00,6.162774075210839975e+00,3.053993911718284604e+00
-9.928408071330609985e+00,-4.408201144348267917e+03,1.869631960008306635e+02,1.792866813211720700e+00,-4.662604278524733559e+01,0.000000000000000000e+00,6.162747803923132039e+00,3.053993771494352583e+00
-9.749121396880138235e+00,-4.412863748636472337e+03,1.869631960003944471e+02,1.792867937380727028e+00,-4.662604285886931876e+01,0.000000000000000000e+00,6.162760202160959544e+00,3.053993899416514779e+00
-9.569834722448067765e+00,-4.417526352963721365e+03,1.869631959999536264e+02,1.792867433892137541e+00,-4.662604291056532446e+01,0.000000000000000000e+00,6.162750345650905182e+00,3.053993792835747900e+00
-9.390548047992432146e+00,-4.422188957228192521e+03,1.869631960012854961e+02,1.792864508371107668e+00,-4.662604290530237705e+01,0.000000000000000000e+00,6.162770166665515248e+00,3.053993529308170807e+00
-9.211261373532616759e+00,-4.426851561489120286e+03,1.869631959998136495e+02,1.792865148174903611e+00,-4.662604288641127681e+01,0.000000000000000000e+00,6.162778213914865688e+00,3.053993680012744072e+00
-9.031974699084470259e+00,-4.431514165787989441e+03,1.869631960003522693e+02,1.792872676063635762e+00,-4.662604300716186145e+01,0.000000000000000000e+00,6.162773002121976873e+00,3.053993942457059241e+00
-8.852688024558322155e+00,-4.436176770043249235e+03,1.869631960009798206e+02,1.792860043569682871e+00,-4.662604280426725012e+01,0.000000000000000000e+00,6.162791588988883795e+00,3.053993819698796131e+00
-8.673401350142230015e+00,-4.440839374353196945e+03,1.869631960001555626e+02,1.792863756345698834e+00,-4.662604305847307273e+01,0.000000000000000000e+00,6.162803242751330401e+00,3.053993924145196548e+00
-8.494114675684805604e+00,-4.445501978665213755e+03,1.869631960004048494e+02,1.792863842134138297e+00,-4.662604280822210967e+01,0.000000000000000000e+00,6.162790819867440817e+00,3.053993812615102499e+00
-8.314828001213237840e+00,-4.450164582961915585e+03,1.869631960005235385e+02,1.792864411742058905e+00,-4.662604286724052827e+01,0.000000000000000000e+00,6.162773702307664969e+00,3.053994036484351859e+00
-8.135541326714246679e+00,-4.454827187214768855e+03,1.869631960001604796e+02,1.792867049967141524e+00,-4.662604284115920450e+01,0.000000000000000000e+00,6.162772642889699171e+00,3.053994002851242229e+00
-7.956254652251977255e+00,-4.459489791559185505e+03,1.869631959994576107e+02,1.792861789660435745e+00,-4.662604293469836847e+01,0.000000000000000000e+00,6.162750562217795824e+00,3.053993957029707662e+00
-7.776967977786165775e+00,-4.464152395829739362e+03,1.869631960000684785e+02,1.792869280965233569e+00,-4.662604289162444360e+01,0.000000000000000000e+00,6.162776049513059462e+00,3.053993831348053689e+00
-7.597681303421715882e+00,-4.468815000118302123e+03,1.869631960005445137e+02,1.792867964032119676e+00,-4.662604289672039926e+01,0.000000000000000000e+00,6.162778895730390616e+00,3.053993892149681422e+00
-7.418394628967396542e+00,-4.473477604382075697e+03,1.869631959996647197e+02,1.792864730914355942e+00,-4.662604281807369944e+01,0.000000000000000000e+00,6.162779669540168648e+00,3.053994017456213683e+00
-7.239107954459135463e+00,-4.478140208672980407e+03,1.869631960002748770e+02,1.792860041566338491e+00,-4.662604297467864711e+01,0.000000000000000000e+00,6.162776719262524239e+00,3.053993705425810834e+00
-7.059821279986515208e+00,-4.482802812961430391e+03,1.869631960005774829e+02,1.792871497597004371e+00,-4.662604271520021371e+01,0.000000000000000000e+00,6.162764029957449985e+00,3.053993877509716626e+00
-6.880534605569358142e+00,-4.487465417254044041e+03,1.869631960004687130e+02,1.792868020802219853e+00,-4.662604292805032458e+01,0.000000000000000000e+00,6.162796124187836178e+00,3.053993991570966848e+00
-6.701247931033414318e+00,-4.492128021546347554e+03,1.869631960001595132e+02,1.792864761696905118e+00,-4.662604275485046657e+01,0.000000000000000000e+00,6.162805722764251648e+00,3.053993965838750935e+00
-6.521961256622126335e+00,-4.496790625871180964e+03,1.869631959998388595e+02,1.792863975401665089e+00,-4.662604274322430342e+01,0.000000000000000000e+00,6.162802867298995402e+00,3.053993952617543695e+00
-6.342674582130157113e+00,-4.501453230182635707e+03,1.869631959998536388e+02,1.792867277822467464e+00,-4.662604293881537387e+01,0.000000000000000000e+00,6.162775474297102818e+00,3.053993786951967770e+00
-6.163387907618720796e+00,-4.506115834384710979e+03,1.869631959996454214e+02,1.792865619255419318e+00,-4.662604275441798052e+01,0.000000000000000000e+00,6.162781072592228071e+00,3.053993782107545130e+00
-5.984101233171036149e+00,-4.510778438704488508e+03,1.869631960013625189e+02,1.792869029551625193e+00,-4.662604286256103592e+01,0.000000000000000000e+00,6.162759861334398792e+00,3.053993854744549097e+00
-5.804814558715238881e+00,-4.515441042952203134e+03,1.869631960007965574e+02,1.792866118145969745e+00,-4.662604298304080430e+01,0.000000000000000000e+00,6.162750971863709459e+00,3.053993831863401009e+00
-5.625527884279748037e+00,-4.520103647301959427e+03,1.869631960005880558e+02,1.792865357504696444e+00,-4.662604289483059006e+01,0.000000000000000000e+00,6.162803922501016274e+00,3.053993925356027983e+00
-5.446241209800500194e+00,-4.524766251560238743e+03,1.869631960010736123e+02,1.792864209647748286e+00,-4.662604269842128701e+01,0.000000000000000000e+00,6.162795003062567112e+00,3.053994130358179238e+00
-5.266954535344678945e+00,-4.529428855900948292e+03,1.869631960002226947e+02,1.792866198626354102e+00,-4.662604292973333742e+01,0.000000000000000000e+00,6.162752960615799580e+00,3.053994034940359370e+00
-5.087667860850796586e+00,-4.534091460170472601e+03,1.869631960002598419e+02,1.792876105684527488e+00,-4.662604271390345190e+01,0.000000000000000000e+00,6.162790564835441742e+00,3.053993926884488452e+00
-4.908381186375242677e+00,-4.538754064472609571e+03,1.869631960003664233e+02,1.792859622026437227e+00,-4.662604284221278306e+01,0.000000000000000000e+00,6.162773639803729608e+00,3.053993845036113708e+00
-4.729094512010051155e+00,-4.543416668736623251e+03,1.869631960015200320e+02,1.792872548818015499e+00,-4.662604289520994882e+01,0.000000000000000000e+00,6.162787693621186058e+00,3.053993734187475440e+00
-4.549807837574437741e+00,-4.548079272974084233e+03,1.869631959996769126e+02,1.792867480766490385e+00,-4.662604298667913838e+01,0.000000000000000000e+00,6.162765720046547990e+00,3.053993555178692088e+00
-4.370521163058175951e+00,-4.552741877279830078e+03,1.869631960002367919e+02,1.792867938242228121e+00,-4.662604300816387592e+01,0.000000000000000000e+00,6.162780085001847930e+00,3.053994038059242300e+00
-4.191234488568502670e+00,-4.557404481598605344e+03,1.869631960000534434e+02,1.792865737666621717e+00,-4.662604288896245919e+01,0.000000000000000000e+00,6.162741837704269088e+00,3.053994087594867679e+00
-4.011947814163963955e+00,-4.562067085862648128e+03,1.869631959999605897e+02,1.792873869956277844e+00,-4.662604297258285868e+01,0.000000000000000000e+00,6.162769071039782887e+00,3.053994022999996449e+00
-3.832661139640352932e+00,-4.566729690174170173e+03,1.869631960005148983e+02,1.792865656375928873e+00,-4.662604276809314285e+01,0.000000000000000000e+00,6.162729335824050025e+00,3.053993895170935780e+00
-3.653374465209987321e+00,-4.571392294484108788e+03,1.869631959999256026e+02,1.792867943158934940e+00,-4.662604292025379493e+01,0.000000000000000000e+00,6.162787251263754484e+00,3.053993876846092359e+00
-3.474087790774712303e+00,-4.576054898778434108e+03,1.869631960000597815e+02,1.792865845345963383e+00,-4.662604287516973045e+01,0.000000000000000000e+00,6.162774170467246293e+00,3.053993943974126157e+00
-3.294801116279635789e+00,-4.580717502999358658e+03,1.869631960010255511e+02,1.792867686149377970e+00,-4.662604286050142122e+01,0.000000000000000000e+00,6.162768669767466179e+00,3.053993643048881435e+00
-3.115514441817501812e+00,-4.585380107361494083e+03,1.869631960006637712e+02,1.792866557423820062e+00,-4.662604297031519707e+01,0.000000000000000000e+00,6.162767994355800916e+00,3.053993894650346874e+00
-2.936227767357356466e+00,-4.590042711616690212e+03,1.869631959994045189e+02,1.792865484351177541e+00,-4.662604294945802508e+01,0.000000000000000000e+00,6.162753716481393695e+00,3.053993746876292992e+00
-2.756941092848450570e+00,-4.594705315922647060e+03,1.869631960006618954e+02,1.792860956880867995e+00,-4.662604292662340555e+01,0.000000000000000000e+00,6.162793801386976078e+00,3.053993959205099529e+00
-2.577654418420555427e+00,-4.599367920223781766e+03,1.869631960003557367e+02,1.792867311563509647e+00,-4.662604273970367075e+01,0.000000000000000000e+00,6.162760589734701533e+00,3.053993729213803743e+00
-2.398367743968275789e+00,-4.604030524491755386e+03,1.869631959999064463e+02,1.792865762611728364e+00,-4.662604294469966959e+01,0.000000000000000000e+00,6.162777972755641542e+00,3.053994092079022504e+00
-2.219081069580885579e+00,-4.608693128804015032e+03,1.869631960001668745e+02,1.792870341722833993e+00,-4.662604278184925022e+01,0.000000000000000000e+00,6.162768792973589704e+00,3.053993761898421866e+00
-2.039794395043456277e+00,-4.613355733070752649e+03,1.869631960003717950e+02,1.792863090487453182e+00,-4.662604286268250320e+01,0.000000000000000000e+00,6.162772550484866052e+00,3.053993840138793825e+00
-1.860507720600689696e+00,-4.618018337396558309e+03,1.869631960010335661e+02,1.792869399251546314e+00,-4.662604275742191362e+01,0.000000000000000000e+00,6.162778037357146133e+00,3.053994045441479788e+00
-1.681221046087317372e+00,-4.622680941658953088e+03,1.869631959999013588e+02,1.792868057820189209e+00,-4.662604291715162219e+01,0.000000000000000000e+00,6.162735711696019081e+00,3.053993772518841077e+00
-1.501934371711136196e+00,-4.627343545977882059e+03,1.869631959999868798e+02,1.792864592292245263e+00,-4.662604288187899471e+01,0.000000000000000000e+00,6.162778863744272861e+00,3.053993800748234566e+00
-1.322647697173629178e+00,-4.632006150244172204e+03,1.869631960002008668e+02,1.792862428267173014e+00,-4.662604282463922090e+01,0.000000000000000000e+00,6.162761559441561232e+00,3.053993656976538240e+00
-1.143361022716099962e+00,-4.636668754517241723e+03,1.869631960002608935e+02,1.792868748822488145e+00,-4.662604282728667471e+01,0.000000000000000000e+00,6.162777867056309589e+00,3.053993798998125175e+00
-9.640743483118006107e-01,-4.641331358824350900e+03,1.869631960003069366e+02,1.792867895227643116e+00,-4.662604283117740778e+01,0.000000000000000000e+00,6.162767799415855841e+00,3.053993776846804842e+00
-7.847876738240647798e-01,-4.645993963110898221e+03,1.869631960000414495e+02,1.792861325751808454e+00,-4.662604275929975728e+01,0.000000000000000000e+00,6.162776064198451920e+00,3.053993715969926193e+00
-6.055009993326988527e-01,-4.650656567406798786e+03,1.869631959988666381e+02,1.792864500957311868e+00,-4.662604276175243712e+01,0.000000000000000000e+00,6.162788743395427815e+00,3.053993860970745100e+00
-4.262143248820176034e-01,-4.655319171649470263e+03,1.869631959991324948e+02,1.792864100920438464e+00,-4.662604278796876400e+01,0.000000000000000000e+00,6.162799008949370716e+00,3.053994002936044172e+00
-2.469276504188020471e-01,-4.659981775964969529e+03,1.869631959997465174e+02,1.792866792306517354e+00,-4.662604290571498211e+01,0.000000000000000000e+00,6.162763413113939492e+00,3.053993870450748993e+00
-6.764097598959113722e-02,-4.664644380272919989e+03,1.869631960003675317e+02,1.792868429682741072e+00,-4.662604294710212827e+01,0.000000000000000000e+00,6.162752746169057438e+00,3.053993731773563702e+00
1.116456985550546011e-01,-4.669306984549826666e+03,1.869631960009534737e+02,1.792869963427074165e+00,-4.662604284536821098e+01,0.000000000000000000e+00,6.162777922037206757e+00,3.053993948973884986e+00
2.909323730279904097e-01,-4.673969588809091874e+03,1.869631960001199502e+02,1.792862511900453759e+00,-4.662604294316832920e+01,0.000000000000000000e+00,6.162814458157585662e+00,3.053993856427235087e+00
4.702190474359100314e-01,-4.678632193130680207e+03,1.869631960004792859e+02,1.792869133493584455e+00,-4.662604292052230193e+01,0.000000000000000000e+00,6.162806425262682630e+00,3.053993979277126680e+00
6.495057218877764438e-01,-4.683294797421849580e+03,1.869631960001143511e+02,1.792867748284872942e+00,-4.662604302993822358e+01,0.000000000000000000e+00,6.162777854078633766e+00,3.053993584913357484e+00
8.287923964109430441e-01,-4.687957401730157471e+03,1.869631960001775042e+02,1.792866020496458379e+00,-4.662604285559235962e+01,0.000000000000000000e+00,6.162764218515564885e+00,3.053993783346869328e+00
1.008079070834770441e+00,-4.692620005996010150e+03,1.869631959994806891e+02,1.792872740106012053e+00,-4.662604279172504107e+01,0.000000000000000000e+00,6.162765794382152329e+00,3.053993680716593051e+00
1.187365745305128506e+00,-4.697282610271896374e+03,1.869631960003870574e+02,1.792871207694896274e+00,-4.662604304204671024e+01,0.000000000000000000e+00,6.162765777820789381e+00,3.053993689888930163e+00
1.366652419773307203e+00,-4.701945214558080806e+03,1.869631959999381365e+02,1.792870562822905578e+00,-4.662604284902494811e+01,0.000000000000000000e+00,6.162788756478559726e+00,3.053993826436210313e+00
1.545939094184621831e+00,-4.706607818860923544e+03,1.869631959996832222e+02,1.792867718211335282e+00,-4.662604279953348652e+01,0.000000000000000000e+00,6.162770858706343446e+00,3.053993843091226790e+00
1.725225768680843430e+00,-4.711270423170225513e+03,1.869631959995487591e+02,1.792867148099116958e+00,-4.662604287161769889e+01,0.000000000000000000e+00,6.162739804919100450e+00,3.053993851619224209e+00
1.904512443141565425e+00,-4.715933027423734529e+03,1.869631960004451798e+02,1.792863982882385798e+00,-4.662604297194170755e+01,0.000000000000000000e+00,6.162762478782171982e+00,3.053993545544491095e+00
2.083799117641218945e+00,-4.720595631713988951e+03,1.869631959997564934e+02,1.792866772509783990e+00,-4.662604289991424622e+01,0.000000000000000000e+00,6.162793184823507353e+00,3.053993910263191225e+00
2.263085792078131764e+00,-4.725258236036117523e+03,1.869631959999702531e+02,1.792866038315978461e+00,-4.662604274875008770e+01,0.000000000000000000e+00,6.162785557286415639e+00,3.053993990253376367e+00
2.442372466531511410e+00,-4.729920840336300898e+03,1.869631960003372058e+02,1.792868556962327053e+00,-4.662604308462243807e+01,0.000000000000000000e+00,6.162804295827498002e+00,3.053993998654028097e+00
2.621659140969142321e+00,-4.734583444596740264e+03,1.869631960006095994e+02,1.792864833608416530e+00,-4.662604290692529219e+01,0.000000000000000000e+00,6.162781257355156583e+00,3.053993844704851579e+00
2.800945815430720742e+00,-4.739246048865211378e+03,1.869631960007761506e+02,1.792871979611051714e+00,-4.662604304202282890e+01,0.000000000000000000e+00,6.162787014797265428e+00,3.053993834884145553e+00
2.980232489933491546e+00,-4.743908653195931038e+03,1.869631959997644515e+02,1.792865266093432997e+00,-4.662604276195742870e+01,0.000000000000000000e+00,6.162791778304819168e+00,3.053993840799912540e+00
3.159519164386479506e+00,-4.748571257451209021e+03,1.869631959991268957e+02,1.792868324984396633e+00,-4.662604285694489192e+01,0.000000000000000000e+00,6.162763497367920174e+00,3.053993735025643641e+00
3.338805838839029150e+00,-4.753233861786978196e+03,1.869631960004363691e+02,1.792865943027569298e+00,-4.662604283740041211e+01,0.000000000000000000e+00,6.162776887221361299e+00,3.053994034743816588e+00
3.523169816906631446e+00,-4.758028508615780993e+03,1.869631960004079474e+02,1.843638926696218761e+00,-4.794646787611056737e+01,0.000000000000000000e+00,6.162779614624876778e+00,3.053994059011276185e+00
3.712611098727763626e+00,-4.762955197791361570e+03,1.869631960003676454e+02,1.894415310612586278e+00,-4.926689240308267870e+01,0.000000000000000000e+00,6.162783567155000419e+00,3.053993921966157377e+00
3.907129683996849234e+00,-4.768013929514954725e+03,1.869631959992651105e+02,1.945187586675504843e+00,-5.058731728340615064e+01,0.000000000000000000e+00,6.162760220919802912e+00,3.053993877421753211e+00
4.106725572990105100e+00,-4.773204703781641001e+03,1.869631960005792166e+02,1.995953307029406210e+00,-5.190774222524272119e+01,0.000000000000000000e+00,6.162771379530251892e+00,3.053993770706244337e+00
4.311398765614939066e+00,-4.778527520459348125e+03,1.869631959998895638e+02,2.046739253517257051e+00,-5.322816702920329135e+01,0.000000000000000000e+00,6.162785606647107173e+00,3.053993898907607196e+00
4.521149261817634546e+00,-4.783982379672810566e+03,1.869631959994267447e+02,2.097507575305979532e+00,-5.454859190725392182e+01,0.000000000000000000e+00,6.162805787549832992e+00,3.053993834431478760e+00
4.735977061734235605e+00,-4.789569281318008507e+03,1.869631960011399485e+02,2.148279369174828091e+00,-5.586901686371602693e+01,0.000000000000000000e+00,6.162741909283489861e+00,3.053993948035734540e+00
4.955882165258564065e+00,-4.795288225516999773e+03,1.869631959990907433e+02,2.199048939556646598e+00,-5.718944161334631815e+01,0.000000000000000000e+00,6.162758156561058520e+00,3.053994207325923860e+00
5.180864572395044831e+00,-4.801139212114657312e+03,1.869631960001536299e+02,2.249829913165297235e+00,-5.850986635603521790e+01,0.000000000000000000e+00,6.162789568162049036e+00,3.053993763385040250e+00
5.410924283119927125e+00,-4.807122241203715930e+03,1.869631960000485833e+02,2.300598781149284289e+00,-5.983029116743479392e+01,0.000000000000000000e+00,6.162759623073279514e+00,3.053994002634029759e+00
5.646061297563582215e+00,-4.813237312868345725e+03,1.869631960007387477e+02,2.351368880123627658e+00,-6.115071620103985595e+01,0.000000000000000000e+00,6.162750029546916863e+00,3.053993550416524094e+00
5.886275615663750571e+00,-4.819484426927195273e+03,1.869631960007649525e+02,2.402145611382805690e+00,-6.247114076107873615e+01,0.000000000000000000e+00,6.162738952113691049e+00,3.053993813329765050e+00
6.131567237284551553e+00,-4.825863583480018860e+03,1.869631960001355822e+02,2.452913620777760428e+00,-6.379156570833943363e+01,0.000000000000000000e+00,6.162792444370961853e+00,3.053994074415186777e+00
6.381936162566589132e+00,-4.832374782541101922e+03,1.869631959993106420e+02,2.503687238573519824e+00,-6.511199053655937519e+01,0.000000000000000000e+00,6.162764729194205593e+00,3.053993916122823116e+00
6.637382391535961546e+00,-4.839018024081875410e+03,1.869631959997913668e+02,2.554456083212748307e+00,-6.643241532402684868e+01,0.000000000000000000e+00,6.162785812590306556e+00,3.053993971052005652e+00
6.897905924076876083e+00,-4.845793308118638379e+03,1.869631960005215774e+02,2.605234811642119563e+00,-6.775284015023748907e+01,0.000000000000000000e+00,6.162762174891625477e+00,3.053993887465309420e+00
7.163506760258776751e+00,-4.852700634602987520e+03,1.869631959993875228e+02,2.656007204887943729e+00,-6.907326509439828044e+01,0.000000000000000000e+00,6.162769783669218349e+00,3.053993966162310780e+00
7.434184900113709915e+00,-4.859740003628176055e+03,1.869631960005702354e+02,2.706778744740627296e+00,-7.039368985631767828e+01,0.000000000000000000e+00,6.162758119805380019e+00,3.053993800414986026e+00
7.709940343542137420e+00,-4.866911415098275938e+03,1.869631959999835544e+02,2.757553400961017420e+00,-7.171411480421586759e+01,0.000000000000000000e+00,6.162755625446866503e+00,3.053993866635257071e+00
7.990773090704890613e+00,-4.874214869005902074e+03,1.869631959993210728e+02,2.808322520222683583e+00,-7.303453947006151736e+01,0.000000000000000000e+00,6.162786635622299336e+00,3.053993898702821674e+00
8.276683141360122065e+00,-4.881650365451327161e+03,1.869631960006028635e+02,2.859103023018696899e+00,-7.435496441315810046e+01,0.000000000000000000e+00,6.162740939556805131e+00,3.053993850889320516e+00
8.567670495724271973e+00,-4.889217904407561946e+03,1.869631960004253415e+02,2.909873298759717564e+00,-7.567538922664597578e+01,0.000000000000000000e+00,6.162785008377486662e+00,3.053993800028568462e+00
8.863735153673300005e+00,-4.896917485774395573e+03,1.869631959999702246e+02,2.960643599905017354e+00,-7.699581405230922826e+01,0.000000000000000000e+00,6.162777246013641630e+00,3.053993824042378957e+00
9.164877115278725839e+00,-4.904749109677213710e+03,1.869631959995908517e+02,3.011413281780903173e+00,-7.831623877550298118e+01,0.000000000000000000e+00,6.162766227463231772e+00,3.053994012091440613e+00
9.471096380542592286e+00,-4.912712776041728830e+03,1.869631959994664498e+02,3.062193434705506423e+00,-7.963666342345872806e+01,0.000000000000000000e+00,6.162764425124131584e+00,3.053993733277240441e+00
9.782392949382824554e+00,-4.920808484859771852e+03,1.869631960004154507e+02,3.112967979043378186e+00,-8.095708853493157164e+01,0.000000000000000000e+00,6.162750343752305682e+00,3.053993937413443049e+00
1.009876682191276664e+01,-4.929036236200128769e+03,1.869631959999423714e+02,3.163736329462235375e+00,-8.227751335487633355e+01,0.000000000000000000e+00,6.162775496230845640e+00,3.053994026835318731e+00
1.042021799805125681e+01,-4.937396030034162322e+03,1.869631960002962217e+02,3.214511553717885661e+00,-8.359793820325108982e+01,0.000000000000000000e+00,6.162751468971401358e+00,3.053994111942186951e+00
1.074674647781252190e+01,-4.945887866308330558e+03,1.869631959996656576e+02,3.265282357310835604e+00,-8.491836312056726399e+01,0.000000000000000000e+00,6.162793897735495463e+00,3.053993640082577787e+00
1.107835226120493743e+01,-4.954511745111901291e+03,1.869631959998076809e+02,3.316059650495278177e+00,-8.623878777468203793e+01,0.000000000000000000e+00,6.162767166431098786e+00,3.053993927780365603e+00
1.141503534822809307e+01,-4.963267666341072982e+03,1.869631960003932534e+02,3.366834963522967517e+00,-8.755921247430312349e+01,0.000000000000000000e+00,6.162775943006097101e+00,3.053994151990132355e+00
1.175679573891537544e+01,-4.972155630111557002e+03,1.869631960003486313e+02,3.417597094183995488e+00,-8.887963742470121531e+01,0.000000000000000000e+00,6.162796606027002078e+00,3.053994068052486188e+00
1.210363343318124940e+01,-4.981175636384461541e+03,1.869631960006724682e+02,3.468379665488265484e+00,-9.020006242933571627e+01,0.000000000000000000e+00,6.162772864389099325e+00,3.053993908526213108e+00
1.245554843115569454e+01,-4.990327685070932603e+03,1.869631960003804068e+02,3.519150915993725981e+00,-9.152048712046128287e+01,0.000000000000000000e+00,6.162802081143094135e+00,3.053993878776515292e+00
1.281254073268802784e+01,-4.999611776250742878e+03,1.869631959998498871e+02,3.569922613052999072e+00,-9.284091191341354943e+01,0.000000000000000000e+00,6.162785768034268585e+00,3.053993869959000129e+00
1.317461033789523306e+01,-5.009027909993889807e+03,1.869631959998186801e+02,3.620698083238284237e+00,-9.416133670496948582e+01,0.000000000000000000e+00,6.162773045941579930e+00,3.053993975832256513e+00
1.354175724663969582e+01,-5.018576086127766757e+03,1.869631960003773941e+02,3.671466075884421976e+00,-9.548176164579359693e+01,0.000000000000000000e+00,6.162778820229271481e+00,3.053993850586696368e+00
1.391398145919424678e+01,-5.028256304779153652e+03,1.869631959995083719e+02,3.722244906510555840e+00,-9.680218633275413254e+01,0.000000000000000000e+00,6.162807018623188249e+00,3.053993816629101854e+00
1.429128297522765401e+01,-5.038068565922543712e+03,1.869631960001869970e+02,3.773019620909316085e+00,-9.812261115040736570e+01,0.000000000000000000e+00,6.162785330285519336e+00,3.053993881650634012e+00
1.467366179495428646e+01,-5.048012869552309894e+03,1.869631959995614352e+02,3.823786106597180989e+00,-9.944303624247025652e+01,0.000000000000000000e+00,6.162782657152015453e+00,3.053993960734429969e+00
1.506111791828083568e+01,-5.058089215605001300e+03,1.869631960002390372e+02,3.874560068917490607e+00,-1.007634610735990179e+02,0.000000000000000000e+00,6.162738518492111517e+00,3.053993903439704560e+00
1.545365134525088457e+01,-5.068297604215028514e+03,1.869631959998725961e+02,3.925334022999287242e+00,-1.020838858655711192e+02,0.000000000000000000e+00,6.162775387186709253e+00,3.053993864466808983e+00
1.585126207582311331e+01,-5.078638035288894571e+03,1.869631959998015702e+02,3.976107965578562276e+00,-1.034043104730765492e+02,0.000000000000000000e+00,6.162756666879672274e+00,3.053993834370284155e+00
1.625395011003859835e+01,-5.089110508846905759e+03,1.869631960006230145e+02,4.026878825795039418e+00,-1.047247355831194966e+02,0.000000000000000000e+00,6.162805959225196695e+00,3.053993977995119735e+00
1.666171544798429949e+01,-5.099715024863440703e+03,1.869631959998901891e+02,4.077650043183028927e+00,-1.060451602030353229e+02,0.000000000000000000e+00,6.162773240332313662e+00,3.053993876906217153e+00
1.707455808942759035e+01,-5.110451583388888139e+03,1.869631959994473220e+02,4.128423833420793443e+00,-1.073655851530874230e+02,0.000000000000000000e+00,6.162798897892265870e+00,3.053993858676531392e+00
1.749247803463632778e+01,-5.121320184385524954e+03,1.869631959995452632e+02,4.179197488698638274e+00,-1.086860098774748309e+02,0.000000000000000000e+00,6.162766471016427161e+00,3.053993957207912224e+00
1.791547528340905870e+01,-5.132320827884258506e+03,1.869631960007147029e+02,4.229975657782550691e+00,-1.100064347690959039e+02,0.000000000000000000e+00,6.162783734595302931e+00,3.053993890032090874e+00
1.834354983566855068e+01,-5.143453513765758544e+03,1.869631959990470875e+02,4.280743607367544890e+00,-1.113268595866434367e+02,0.000000000000000000e+00,6.162800395185113800e+00,3.053993826175607662e+00
1.877670169174839643e+01,-5.154718242229801035e+03,1.869631960008314593e+02,4.331520473760313017e+00,-1.126472844249843348e+02,0.000000000000000000e+00,6.162719627260533350e+00,3.053994275369241951e+00
1.921493085139977453e+01,-5.166115013160269882e+03,1.869631959996536352e+02,4.382289072399575325e+00,-1.139677092823765889e+02,0.000000000000000000e+00,6.162778243025642588e+00,3.053993897907286925e+00
1.965823731473516744e+01,-5.177643826595161954e+03,1.869631959998424691e+02,4.433068667323229128e+00,-1.152881340520813040e+02,0.000000000000000000e+00,6.162784618009450988e+00,3.053993735753354866e+00
2.010662108160878958e+01,-5.189304682517788933e+03,1.869631960004990674e+02,4.483839208221109374e+00,-1.166085588230452856e+02,0.000000000000000000e+00,6.162739671247646100e+00,3.053993683358297684e+00
2.056008215218504631e+01,-5.201097580878208646e+03,1.869631960004948326e+02,4.534609185581328639e+00,-1.179289839352564115e+02,0.000000000000000000e+00,6.162775673484092387e+00,3.053993978425021627e+00
2.101862052633147471e+01,-5.213022521752250213e+03,1.869631960004975042e+02,4.585384138341822791e+00,-1.192494087841431707e+02,0.000000000000000000e+00,6.162750614157536333e+00,3.053993970302375516e+00
2.148223620419757296e+01,-5.225079505016831718e+03,1.869631960006165627e+02,4.636159908481919167e+00,-1.205698335151460299e+02,0.000000000000000000e+00,6.162791478625658570e+00,3.053994053899684591e+00
2.195092918562085060e+01,-5.237268530928651671e+03,1.869631960006790337e+02,4.686935557570463651e+00,-1.218902583415761427e+02,0.000000000000000000e+00,6.162783027702015026e+00,3.053993954904667074e+00
2.242469947069302449e+01,-5.249589599217365503e+03,1.869631959992859151e+02,4.737702681158720175e+00,-1.232106830318086566e+02,0.000000000000000000e+00,6.162766327077177309e+00,3.053993859823332713e+00
2.290354705934684887e+01,-5.262042710062703918e+03,1.869631960007645546e+02,4.788476509078518184e+00,-1.245311079077883107e+02,0.000000000000000000e+00,6.162762279039628588e+00,3.053993757312666091e+00
2.338747195171470850e+01,-5.274627863326906663e+03,1.869631960005827693e+02,4.839253359126353793e+00,-1.258515327152274921e+02,0.000000000000000000e+00,6.162761090096781302e+00,3.053993889514757143e+00
2.387647414768534659e+01,-5.287345059115330514e+03,1.869631960004185203e+02,4.890021046879181377e+00,-1.271719575442160419e+02,0.000000000000000000e+00,6.162789282601452534e+00,3.053993978461083891e+00
2.437055364725956252e+01,-5.300194297279528655e+03,1.869631960007405382e+02,4.940793553495931967e+00,-1.284923822565716591e+02,0.000000000000000000e+00,6.162776934133946227e+00,3.053994036184025429e+00
2.486971045050079354e+01,-5.313175578071764903e+03,1.869631959998709476e+02,4.991567108149161491e+00,-1.298128072247435796e+02,0.000000000000000000e+00,6.162807557268475733e+00,3.053993821964404720e+00
2.537394455739273269e+01,-5.326288901267624169e+03,1.869631960006265388e+02,5.042340497515781728e+00,-1.311332319912015407e+02,0.000000000000000000e+00,6.162776596726261324e+00,3.053994126713056367e+00
2.588325596786992477e+01,-5.339534266944311639e+03,1.869631960002985238e+02,5.093110680804623591e+00,-1.324536569267021093e+02,0.000000000000000000e+00,6.162770932968567372e+00,3.053994115661705422e+00
2.639764468204012005e+01,-5.352911675170723356e+03,1.869631960013225296e+02,5.143886417031542813e+00,-1.337740818224266661e+02,0.000000000000000000e+00,6.162816497067202803e+00,3.053993846628168196e+00
2.691711069976754800e+01,-5.366421125796737215e+03,1.869631960006279598e+02,5.194660203837917933e+00,-1.350945067594611828e+02,0.000000000000000000e+00,6.162763362971103831e+00,3.053993836168512388e+00
2.744165402116269092e+01,-5.380062618957643281e+03,1.869631960001506172e+02,5.245432098179834135e+00,-1.364149313968003128e+02,0.000000000000000000e+00,6.162762931179096348e+00,3.053994313406488192e+00
2.797127464612658088e+01,-5.393836154555127905e+03,1.869631960000118909e+02,5.296206264254822216e+00,-1.377353562574189425e+02,0.000000000000000000e+00,6.162805046150128696e+00,3.053993723360744816e+00
2.850597257483769553e+01,-5.407741732669198427e+03,1.869631959988502388e+02,5.346975642708191145e+00,-1.390557811098574916e+02,0.000000000000000000e+00,6.162781402312363710e+00,3.053993706347603698e+00
2.904574780712133375e+01,-5.421779353283284763e+03,1.869631960001635775e+02,5.397749880363844177e+00,-1.403762059876116552e+02,0.000000000000000000e+00,6.162771235459064023e+00,3.053994058116028310e+00
2.959060034302179432e+01,-5.435949016323249452e+03,1.869631959992570671e+02,5.448524170220793827e+00,-1.416966307851435545e+02,0.000000000000000000e+00,6.162756783471331268e+00,3.053993797179667347e+00
3.014053018253518346e+01,-5.450250721896578398e+03,1.869631960005087876e+02,5.499291951488602059e+00,-1.430170555334018729e+02,0.000000000000000000e+00,6.162760513381949856e+00,3.053993868198553230e+00
3.069553732568330062e+01,-5.464684469889037246e+03,1.869631960004368807e+02,5.550067170697785990e+00,-1.443374805019427356e+02,0.000000000000000000e+00,6.162774173610999995e+00,3.053993859614259065e+00
3.125562177250293416e+01,-5.479250260476089352e+03,1.869631960016680523e+02,5.600840891555622036e+00,-1.456579053836969706e+02,0.000000000000000000e+00,6.162788209427315422e+00,3.053994152719476052e+00
3.182078352298800183e+01,-5.493948093486696962e+03,1.869631959996364969e+02,5.651615420397976486e+00,-1.469783301217469784e+02,0.000000000000000000e+00,6.162757871420406985e+00,3.053993962904748560e+00
3.239102257705462051e+01,-5.508777968965873697e+03,1.869631960005134488e+02,5.702382644542709045e+00,-1.482987546376506600e+02,0.000000000000000000e+00,6.162782847458982971e+00,3.053993902128023130e+00
3.296633893472912291e+01,-5.523739886916750947e+03,1.869631960002252811e+02,5.753163187116013155e+00,-1.496191798170611094e+02,0.000000000000000000e+00,6.162784085707803783e+00,3.053993885990250234e+00
3.354673259605375790e+01,-5.538833847378705286e+03,1.869631960000509423e+02,5.803943160904210252e+00,-1.509396045833485687e+02,0.000000000000000000e+00,6.162764633273152270e+00,3.053993843140521136e+00
3.413220356102282693e+01,-5.554059850308763998e+03,1.869631960004782059e+02,5.854706323935802814e+00,-1.522600292647785807e+02,0.000000000000000000e+00,6.162748595416863928e+00,3.053993981814898007e+00
3.472275182957798734e+01,-5.569417895754078927e+03,1.869631960004255404e+02,5.905487866815803955e+00,-1.535804541016717621e+02,0.000000000000000000e+00,6.162755463507229692e+00,3.053993754745359723e+00
3.531837740187050656e+01,-5.584907983709613291e+03,1.869631960000444622e+02,5.956261711409013060e+00,-1.549008790313735346e+02,0.000000000000000000e+00,6.162758370632527516e+00,3.053993860321078557e+00
3.591908027769748202e+01,-5.600530114068333205e+03,1.869631960005319513e+02,6.007024886855210966e+00,-1.562213037951316892e+02,0.000000000000000000e+00,6.162772467277684463e+00,3.053994221510822449e+00
3.652486045718065810e+01,-5.616284286922746105e+03,1.869631959993335215e+02,6.057804722923759044e+00,-1.575417287426051303e+02,0.000000000000000000e+00,6.162803565374082915e+00,3.053993709644306165e+00
3.713571794032834106e+01,-5.632170502304076763e+03,1.869631959995763566e+02,6.108571759986909377e+00,-1.588621535047539339e+02,0.000000000000000000e+00,6.162765547909768493e+00,3.053993773526221922e+00
3.775165272706196617e+01,-5.648188760124174223e+03,1.869631960000037907e+02,6.159348147014607200e+00,-1.601825782388031882e+02,0.000000000000000000e+00,6.162764103541375604e+00,3.053994021038875850e+00
3.837266481743360913e+01,-5.664339060437207081e+03,1.869631960009525358e+02,6.210122447709395921e+00,-1.615030033060718893e+02,0.000000000000000000e+00,6.162805615716775876e+00,3.053994057609656476e+00
3.899875421145297594e+01,-5.680621403257847305e+03,1.869631960000898232e+02,6.260894841725551885e+00,-1.628234281625577182e+02,0.000000000000000000e+00,6.162751585188292580e+00,3.053993658497577091e+00
3.962992090902687892e+01,-5.697035788556080661e+03,1.869631960007326654e+02,6.311669055348036572e+00,-1.641438529989714823e+02,0.000000000000000000e+00,6.162777629931485812e+00,3.053993971666154827e+00
4.026616491037982115e+01,-5.713582216311751836e+03,1.869631960008768772e+02,6.362438394663236352e+00,-1.654642776283025114e+02,0.000000000000000000e+00,6.162794647927800185e+00,3.053994079070384338e+00
4.090748621524469542e+01,-5.730260686543621887e+03,1.869631960003606537e+02,6.413216256988904185e+00,-1.667847025965091632e+02,0.000000000000000000e+00,6.162758281778098812e+00,3.053993669935181288e+00
4.155388482385710347e+01,-5.747071199283194801e+03,1.869631960008291287e+02,6.463986059050658817e+00,-1.681051274076605182e+02,0.000000000000000000e+00,6.162780505895365302e+00,3.053993979801228331e+00
4.220536073602117000e+01,-5.764013754485062236e+03,1.869631960000574509e+02,6.514759469756464583e+00,-1.694255522239656955e+02,0.000000000000000000e+00,6.162769323996023729e+00,3.053993906207672637e+00
4.286191395175821839e+01,-5.781088352232032776e+03,1.869631959998692423e+02,6.565531093580712962e+00,-1.707459770712871716e+02,0.000000000000000000e+00,6.162774789620141469e+00,3.053994252057304681e+00
4.352354447121112457e+01,-5.798294992439678026e+03,1.869631960010829346e+02,6.616308570720695670e+00,-1.720664018651932281e+02,0.000000000000000000e+00,6.162798625356391113e+00,3.053994102800152710e+00
4.419025229424540413e+01,-5.815633675104012582e+03,1.869631960003204085e+02,6.667077323015227819e+00,-1.733868264694621928e+02,0.000000000000000000e+00,6.162789946728554291e+00,3.053993895387888013e+00
4.486203742098373226e+01,-5.833104400246265868e+03,1.869631960003517008e+02,6.717848868301369514e+00,-1.747072515141331337e+02,0.000000000000000000e+00,6.162765193659524243e+00,3.053993929716225519e+00
4.553889985124456530e+01,-5.850707167933924211e+03,1.869631959991782537e+02,6.768625849411647799e+00,-1.760276764515616037e+02,0.000000000000000000e+00,6.162779956318146013e+00,3.053994020761864103e+00
4.622083958520774871e+01,-5.868441978047405428e+03,1.869631959997010711e+02,6.819400068774209345e+00,-1.773481013155438859e+02,0.000000000000000000e+00,6.162785819980152624e+00,3.053994018955160428e+00
4.690785662287447622e+01,-5.886308830623859649e+03,1.869631959996781347e+02,6.870170322937571683e+00,-1.786685261170491401e+02,0.000000000000000000e+00,6.162757906436231892e+00,3.053993946884079769e+00
4.759487366041497580e+01,-5.904175683201797256e+03,1.869631960001792947e+02,6.870166195336025794e+00,-1.786685258833614967e+02,0.000000000000000000e+00,6.162790643831385751e+00,3.053993990564166428e+00
4.828189069794717625e+01,-5.922042535842961115e+03,1.869631960000120330e+02,6.870170027907406052e+00,-1.786685260298716003e+02,0.000000000000000000e+00,6.162744562477918464e+00,3.053994113445110070e+00
4.896890773556820164e+01,-5.939909388442905765e+03,1.869631959995874695e+02,6.870173386246094971e+00,-1.786685260686842298e+02,0.000000000000000000e+00,6.162785622030150456e+00,3.053993981332423946e+00
4.965592477321965248e+01,-5.957776241071111144e+03,1.869631959990408063e+02,6.870175060285698798e+00,-1.786685260613588753e+02,0.000000000000000000e+00,6.162777878393393749e+00,3.053993798125862025e+00
5.034294181079810926e+01,-5.975643093640199368e+03,1.869631960002570565e+02,6.870175445126253777e+00,-1.786685259794834337e+02,0.000000000000000000e+00,6.162772768610945029e+00,3.053993876985202416e+00
5.102995884837240936e+01,-5.993509946241823855e+03,1.869631960000089066e+02,6.870173661423264910e+00,-1.786685261306845689e+02,0.000000000000000000e+00,6.162757616846440634e+00,3.053994146394663378e+00
5.171697588596053663e+01,-6.011376798805011276e+03,1.869631960004824407e+02,6.870171884184869349e+00,-1.786685260256534491e+02,0.000000000000000000e+00,6.162765891799963924e+00,3.053993996052767113e+00
5.240399292350468130e+01,-6.029243651467770178e+03,1.869631959998783941e+02,6.870167240251169538e+00,-1.786685259956620655e+02,0.000000000000000000e+00,6.162762849013519784e+00,3.053993926391999292e+00
5.309100996109054194e+01,-6.047110504070980824e+03,1.869631960009165255e+02,6.870174623777888456e+00,-1.786685258818925206e+02,0.000000000000000000e+00,6.162816386654450973e+00,3.053993864482066112e+00
5.377802699859233115e+01,-6.064977356722473814e+03,1.869631959992875920e+02,6.870171831141781205e+00,-1.786685260475514951e+02,0.000000000000000000e+00,6.162775987944031364e+00,3.053993629273313637e+00
5.446504403632067692e+01,-6.082844209276216134e+03,1.869631960000463380e+02,6.870168477434632770e+00,-1.786685259986278425e+02,0.000000000000000000e+00,6.162767558859559180e+00,3.053993799454581826e+00
5.515206107387226808e+01,-6.100711061895828607e+03,1.869631960000221511e+02,6.870164195046664091e+00,-1.786685262606169147e+02,0.000000000000000000e+00,6.162764562752703235e+00,3.053994109197482931e+00
5.583907811143722455e+01,-6.118577914471833537e+03,1.869631959994987369e+02,6.870171455292163998e+00,-1.786685258886373333e+02,0.000000000000000000e+00,6.162743774599507951e+00,3.053994128213372239e+00
5.652609514901125465e+01,-6.136444767115946888e+03,1.869631960007176588e+02,6.870162065596407075e+00,-1.786685259755003017e+02,0.000000000000000000e+00,6.162783293531607143e+00,3.053993930057121720e+00
5.721311218658522790e+01,-6.154311619732885447e+03,1.869631960002598134e+02,6.870166900786461639e+00,-1.786685261167841645e+02,0.000000000000000000e+00,6.162777566390934325e+00,3.053993721305524822e+00
5.790012922420918073e+01,-6.172178472260856324e+03,1.869631960003567883e+02,6.870166573125609411e+00,-1.786685259938888350e+02,0.000000000000000000e+00,6.162776971459262398e+00,3.053993896713987244e+00
5.858714626172833562e+01,-6.190045324880339649e+03,1.869631960008185274e+02,6.870163173586701255e+00,-1.786685259893260138e+02,0.000000000000000000e+00,6.162779364206722121e+00,3.053993894368496775e+00
5.927416329937806694e+01,-6.207912177453064032e+03,1.869631959985410390e+02,6.870167823174740285e+00,-1.786685261141322769e+02,0.000000000000000000e+00,6.162772993484458617e+00,3.053993921235503173e+00
5.996118033699464434e+01,-6.225779030082724603e+03,1.869631960009033662e+02,6.870170709979315227e+00,-1.786685261946559820e+02,0.000000000000000000e+00,6.162744758137247203e+00,3.053993930222946851e+00
6.064819737450803672e+01,-6.243645882740494926e+03,1.869631959999927631e+02,6.870171960206709727e+00,-1.786685259962724786e+02,0.000000000000000000e+00,6.162765386615679297e+00,3.053993843739629455e+00
6.133521441205710545e+01,-6.261512735309819618e+03,1.869631959996201545e+02,6.870170486024965051e+00,-1.786685262189564583e+02,0.000000000000000000e+00,6.162772611492797203e+00,3.053993664779716788e+00
6.202223144970855628e+01,-6.279379587918740071e+03,1.869631959994702584e+02,6.870174752766019743e+00,-1.786685259757096560e+02,0.000000000000000000e+00,6.162751020239323196e+00,3.053993994264020184e+00
6.270924848730507506e+01,-6.297246440545602127e+03,1.869631960002807034e+02,6.870167938922355333e+00,-1.786685262098683040e+02,0.000000000000000000e+00,6.162772393387883518e+00,3.053993627730225757e+00
6.339626552488565636e+01,-6.315113293140916539e+03,1.869631959998810089e+02,6.870174110008488988e+00,-1.786685260704157372e+02,0.000000000000000000e+00,6.162788111133797209e+00,3.053993968395361858e+00
6.408328256241595966e+01,-6.332980145749467738e+03,1.869631959997806803e+02,6.870169801823101885e+00,-1.786685260337541763e+02,0.000000000000000000e+00,6.162748623210699606e+00,3.053993703634287016e+00
6.477029960002413134e+01,-6.350846998351170441e+03,1.869631959997228989e+02,6.870167744452608360e+00,-1.786685260048766963e+02,0.000000000000000000e+00,6.162806930372156877e+00,3.053993773646338727e+00
6.545731663760940933e+01,-6.368713850920978985e+03,1.869631960011953709e+02,6.870175493234670583e+00,-1.786685258230248508e+02,0.000000000000000000e+00,6.162732260540097151e+00,3.053993969652810669e+00
6.614433367522325113e+01,-6.386580703563625320e+03,1.869631959998659738e+02,6.870168138371196775e+00,-1.786685260150271972e+02,0.000000000000000000e+00,6.162799362488453170e+00,3.053993727446757234e+00
6.683135071282279682e+01,-6.404447556155101665e+03,1.869631960007833982e+02,6.870173983339779689e+00,-1.786685260063819101e+02,0.000000000000000000e+00,6.162735964334582484e+00,3.053993724444161284e+00
6.751836775040608529e+01,-6.422314408788385663e+03,1.869631959995659543e+02,6.870176895425329278e+00,-1.786685260715588299e+02,0.000000000000000000e+00,6.162767105776809196e+00,3.053993968269720138e+00
6.820538478799404913e+01,-6.440181261342070684e+03,1.869631960001060804e+02,6.870167459048446723e+00,-1.786685259355951416e+02,0.000000000000000000e+00,6.162767874985733307e+00,3.053993698862017769e+00
6.889240182555879244e+01,-6.458048113984172232e+03,1.869631960007982912e+02,6.870169091740324419e+00,-1.786685260828877801e+02,0.000000000000000000e+00,6.162780672865891596e+00,3.053993880409886064e+00
6.957941886314041824e+01,-6.475914966571678633e+03,1.869631959999355217e+02,6.870170649381353911e+00,-1.786685258998278414e+02,0.000000000000000000e+00,6.162750916586479555e+00,3.053993648593144705e+00
7.026643590072139034e+01,-6.493781819189618545e+03,1.869631959998085620e+02,6.870163029578047365e+00,-1.786685262165533459e+02,0.000000000000000000e+00,6.162738956665910095e+00,3.053993950580740524e+00
7.095345293831084632e+01,-6.511648671790324443e+03,1.869631959998337720e+02,6.870174973560601472e+00,-1.786685260619515532e+02,0.000000000000000000e+00,6.162780862096301604e+00,3.053993668709234388e+00
7.164046997590727983e+01,-6.529515524381769865e+03,1.869631960003307825e+02,6.870171459363053401e+00,-1.786685261384850207e+02,0.000000000000000000e+00,6.162772248366136019e+00,3.053993878129527051e+00
7.232748701350587339e+01,-6.547382376959657449e+03,1.869631960003571294e+02,6.870170839958552378e+00,-1.786685259610236756e+02,0.000000000000000000e+00,6.162771013389527930e+00,3.053993896518246487e+00
7.301450405106295705e+01,-6.565249229596744044e+03,1.869631959994947010e+02,6.870175307982058222e+00,-1.786685258008302810e+02,0.000000000000000000e+00,6.162757014822240365e+00,3.053993757067426706e+00
7.370152108869170604e+01,-6.583116082179883051e+03,1.869631960002156177e+02,6.870168283437715573e+00,-1.786685258965537741e+02,0.000000000000000000e+00,6.162783387346847164e+00,3.053993964877727230e+00
7.438853812625936257e+01,-6.600982934774454407e+03,1.869631959997331876e+02,6.870177753266260900e+00,-1.786685258945216788e+02,0.000000000000000000e+00,6.162778274939769041e+00,3.053993754622616574e+00
7.507555516382758753e+01,-6.618849787411309990e+03,1.869631960004982716e+02,6.870169872864821059e+00,-1.786685260109966578e+02,0.000000000000000000e+00,6.162754676069917004e+00,3.053993971427710896e+00
7.576257220145269855e+01,-6.636716639997022867e+03,1.869631959998784225e+02,6.870171972804601346e+00,-1.786685259512052824e+02,0.000000000000000000e+00,6.162804396027683929e+00,3.053993956897538276e+00
7.644958923897944203e+01,-6.654583492604308049e+03,1.869631959992734380e+02,6.870172025802303573e+00,-1.786685258862435717e+02,0.000000000000000000e+00,6.162784351466301658e+00,3.053993810549328281e+00
7.713660627658018143e+01,-6.672450345180749537e+03,1.869631960005451674e+02,6.870173012939829960e+00,-1.786685260562461508e+02,0.000000000000000000e+00,6.162773657821383644e+00,3.053993779823977572e+00
7.782362331421535373e+01,-6.690317197834305261e+03,1.869631959994027284e+02,6.870166743247635210e+00,-1.786685259704827899e+02,0.000000000000000000e+00,6.162762283948893582e+00,3.053993759756568505e+00
7.851064035175903655e+01,-6.708184050401260720e+03,1.869631960002158166e+02,6.870168559718297097e+00,-1.786685260044773145e+02,0.000000000000000000e+00,6.162789146074473479e+00,3.053994095639413597e+00
7.919765738937753952e+01,-6.726050903024847685e+03,1.869631960006438192e+02,6.870172541927437315e+00,-1.786685259496825040e+02,0.000000000000000000e+00,6.162762312655395647e+00,3.053993835419706926e+00
7.988467442691808174e+01,-6.743917755600759847e+03,1.869631959997642241e+02,6.870166279737218495e+00,-1.786685260435591829e+02,0.000000000000000000e+00,6.162792675140740251e+00,3.053994001180351692e+00
8.057169146452821451e+01,-6.761784608264836606e+03,1.869631959998375805e+02,6.870175192954516952e+00,-1.786685261020373616e+02,0.000000000000000000e+00,6.162741542171152886e+00,3.053994013512331129e+00
8.125870850215366659e+01,-6.779651460858171049e+03,1.869631959998418154e+02,6.870168759162004868e+00,-1.786685260539103695e+02,0.000000000000000000e+00,6.162766226113021162e+00,3.053993932873657613e+00
