4.866766820933332127e+01,2.353190825380727347e+01,-2.413268674799189828e+00,1.644088917064443628e-02,3.077036077047445362e-05,0.000000000000000000e+00,4.468042788433505663e+00,4.360411774386419914e+00
4.792357031930226441e+01,2.287796574405430050e+01,-2.413262075787112604e+00,-7.438033031973763975e+00,-6.636471220657051084e+00,0.000000000000000000e+00,4.476551867353260938e+00,4.360409994808606804e+00
4.717934115840718334e+01,2.220356263428376664e+01,-2.413285387083705658e+00,-7.449165208835472285e+00,-6.636413639893708805e+00,0.000000000000000000e+00,4.477571548413810554e+00,4.360408404508735458e+00
4.643537102638273950e+01,2.156580953634253106e+01,-2.413275915356581258e+00,-7.439733402996044020e+00,-6.636442204043813575e+00,0.000000000000000000e+00,4.506129097685962037e+00,4.360411756727563315e+00
4.569121266080399124e+01,2.089842427747874254e+01,-2.413302895913009838e+00,-7.401401688218505193e+00,-6.636503857280829699e+00,0.000000000000000000e+00,4.489652994896228932e+00,4.360414124300406868e+00
4.494713740713577010e+01,2.020722225988205523e+01,-2.413310991962057006e+00,-7.440376071177901451e+00,-6.636428299516206941e+00,0.000000000000000000e+00,4.454546482304860611e+00,4.360412865166077623e+00
4.420290941898938541e+01,1.956412744415789007e+01,-2.413266252087325814e+00,-7.471864133902272442e+00,-6.636490057293229050e+00,0.000000000000000000e+00,4.460638459594019167e+00,4.360406429714950072e+00
4.345917009589138047e+01,1.890832266454568256e+01,-2.413273323596526243e+00,-7.456859359367511431e+00,-6.636392801053293766e+00,0.000000000000000000e+00,4.464884174776827308e+00,4.360411826247969636e+00
4.271499345514548907e+01,1.823256071295121572e+01,-2.413283252487792740e+00,-7.378165168360443005e+00,-6.636399134710768699e+00,0.000000000000000000e+00,4.489368104594564812e+00,4.360413447541641396e+00
4.197087495309333605e+01,1.755734993782920483e+01,-2.413263704462964121e+00,-7.438669373010907471e+00,-6.636396140428663770e+00,0.000000000000000000e+00,4.527544993507151894e+00,4.360415232254441165e+00
4.122696478869864478e+01,1.692086122436151641e+01,-2.413287711476509667e+00,-7.450548319882278392e+00,-6.636497344101736751e+00,0.000000000000000000e+00,4.532997318305803880e+00,4.360410576975633390e+00
4.048278413495732053e+01,1.624781821896011635e+01,-2.413241865463608971e+00,-7.448237401396219148e+00,-6.636350218937684176e+00,0.000000000000000000e+00,4.505455324922601257e+00,4.360411233978532586e+00
3.973890796901576294e+01,1.559594744300053470e+01,-2.413258132156892444e+00,-7.447034816323659712e+00,-6.636340843425830194e+00,0.000000000000000000e+00,4.464150292806994713e+00,4.360411286078196724e+00
3.899445724391906509e+01,1.489600498973326381e+01,-2.413279046354571467e+00,-7.430061995705543154e+00,-6.636345621482274915e+00,0.000000000000000000e+00,4.431313242491921045e+00,4.360411966475393974e+00
3.825029902194555831e+01,1.425032182746797105e+01,-2.413262742402595862e+00,-7.416657244517604219e+00,-6.636454014105808596e+00,0.000000000000000000e+00,4.508730519452000429e+00,4.360406936189636262e+00
3.750626300266961977e+01,1.356372003492021605e+01,-2.413284977803989317e+00,-7.468623114938480079e+00,-6.636443613368371963e+00,0.000000000000000000e+00,4.469682734840348282e+00,4.360415650368214102e+00
3.676213291495316327e+01,1.293571235532679431e+01,-2.413249755752379322e+00,-7.430362627184547542e+00,-6.636345579296854424e+00,0.000000000000000000e+00,4.527363074192995995e+00,4.360409361558386543e+00
3.601823501503812963e+01,1.224573160677595318e+01,-2.413277966790270401e+00,-7.444642311295487147e+00,-6.636302901118102504e+00,0.000000000000000000e+00,4.492066183187085393e+00,4.360410939919799667e+00
3.527428510337067991e+01,1.158479394780711758e+01,-2.413245754692090461e+00,-7.405056714414212315e+00,-6.636406413350520950e+00,0.000000000000000000e+00,4.487126008915863551e+00,4.360411203601966434e+00
3.452996699966680438e+01,1.092053566608819537e+01,-2.413265795482366194e+00,-7.434946877462834003e+00,-6.636438463093664808e+00,0.000000000000000000e+00,4.479276357332273584e+00,4.360417638346827829e+00
3.378585401543062261e+01,1.027663606385642581e+01,-2.413272119089087120e+00,-7.432971745480196901e+00,-6.636451413068263250e+00,0.000000000000000000e+00,4.528697865400139300e+00,4.360411156476058814e+00
3.304162913923376266e+01,9.605348228359854801e+00,-2.413261270705066242e+00,-7.436376700561863728e+00,-6.636392400391032176e+00,0.000000000000000000e+00,4.493285263732459178e+00,4.360411492803331512e+00
3.229770605369156300e+01,8.949159109129492862e+00,-2.413277035699428197e+00,-7.447228160000473274e+00,-6.636411933525740992e+00,0.000000000000000000e+00,4.476569468780051686e+00,4.360414861928771479e+00
3.155356542366510197e+01,8.266682811587839907e+00,-2.413280480207663725e+00,-7.414804908281444895e+00,-6.636418500047138735e+00,0.000000000000000000e+00,4.460659375196567744e+00,4.360412799818024432e+00
3.080977509025858652e+01,7.622193063895772447e+00,-2.413292066927344770e+00,-7.418266048910213684e+00,-6.636528709815991967e+00,0.000000000000000000e+00,4.484411263844002349e+00,4.360412179973536695e+00
3.006549406817553916e+01,6.942913478396863347e+00,-2.413276230057965765e+00,-7.450725030056010390e+00,-6.636659941804758489e+00,0.000000000000000000e+00,4.488812264507968663e+00,4.360413401881195306e+00
2.932147232927882996e+01,6.291216154837051988e+00,-2.413278329998711946e+00,-7.444141208382887065e+00,-6.636377784473342700e+00,0.000000000000000000e+00,4.496175542802876457e+00,4.360415763787087506e+00
2.857742684407955736e+01,5.600667636389738746e+00,-2.413301564370170738e+00,-7.437001672681060604e+00,-6.636378793421899402e+00,0.000000000000000000e+00,4.481562541474848338e+00,4.360410774751866114e+00
2.783321574088620309e+01,4.932545213670000983e+00,-2.413293956790135919e+00,-7.429999953957944214e+00,-6.636563474024238296e+00,0.000000000000000000e+00,4.510930436793636034e+00,4.360412101212442160e+00
2.708903428212088471e+01,4.297311107010956199e+00,-2.413283798398905056e+00,-7.433090110179916721e+00,-6.636566879619353543e+00,0.000000000000000000e+00,4.530784295474891366e+00,4.360408471803821406e+00
2.634524720794580688e+01,3.648546944100035994e+00,-2.413254727722145887e+00,-7.417636469250830977e+00,-6.636521470396659517e+00,0.000000000000000000e+00,4.507906192096297282e+00,4.360413810367518295e+00
2.560109129021829233e+01,2.956637604429456445e+00,-2.413296728319634710e+00,-7.412159694040571623e+00,-6.636429434509586223e+00,0.000000000000000000e+00,4.547102424399990461e+00,4.360411346480444372e+00
2.485711389819834949e+01,2.305710536922663145e+00,-2.413275066128440560e+00,-7.421166086105839277e+00,-6.636425194180168852e+00,0.000000000000000000e+00,4.526443430398224166e+00,4.360413186030030808e+00
2.411294947315913362e+01,1.648698126400094166e+00,-2.413250289157363504e+00,-7.453082430069775555e+00,-6.636252201289732255e+00,0.000000000000000000e+00,4.552211589198726038e+00,4.360408877753087609e+00
2.336880315614560288e+01,9.651832487405032079e-01,-2.413281692685889990e+00,-7.408487844897775787e+00,-6.636469580401844759e+00,0.000000000000000000e+00,4.453456983472221964e+00,4.360415977616939998e+00
2.262479933868101512e+01,3.329564374398631399e-01,-2.413251637407614503e+00,-7.439129989896078321e+00,-6.636410714416099310e+00,0.000000000000000000e+00,4.515507193423451859e+00,4.360411266521825979e+00
2.188054737065295896e+01,-3.390952168112604803e-01,-2.413288198695360709e+00,-7.492687290506106379e+00,-6.636437956057902099e+00,0.000000000000000000e+00,4.511784863088208475e+00,4.360407765148800685e+00
2.113664161569537114e+01,-1.024067592654858361e+00,-2.413275245060208185e+00,-7.466884030496060198e+00,-6.636476364656487270e+00,0.000000000000000000e+00,4.561651715459616341e+00,4.360412811545091749e+00
2.039248596140744496e+01,-1.689666627312209624e+00,-2.413280004725053995e+00,-7.411803411870884872e+00,-6.636424064301796655e+00,0.000000000000000000e+00,4.467488990990201358e+00,4.360411771855401852e+00
1.964825454130665960e+01,-2.359698621699050758e+00,-2.413277123825867676e+00,-7.441075123599262042e+00,-6.636422520723049168e+00,0.000000000000000000e+00,4.483993533472509618e+00,4.360408594455368991e+00
1.890446832917446329e+01,-2.989798773352499772e+00,-2.413298822008101752e+00,-7.439904994837170271e+00,-6.636358213782546756e+00,0.000000000000000000e+00,4.538367872948790627e+00,4.360411515226924273e+00
1.816040700199495106e+01,-3.658837795741384458e+00,-2.413253322009195401e+00,-7.431354123128261158e+00,-6.636302863930260365e+00,0.000000000000000000e+00,4.516473080830593290e+00,4.360411867136054553e+00
1.741607367058385591e+01,-4.330305947336035466e+00,-2.413298276909724205e+00,-7.473480172357359841e+00,-6.636429606238618106e+00,0.000000000000000000e+00,4.481732249987713246e+00,4.360417827089476894e+00
1.667228258955746867e+01,-4.995221681229134347e+00,-2.413268526285535120e+00,-7.440611280195968291e+00,-6.636557351499267732e+00,0.000000000000000000e+00,4.524214224056173350e+00,4.360413939585495946e+00
1.592800744546605429e+01,-5.672633081480877415e+00,-2.413257842449521018e+00,-7.451588576577071521e+00,-6.636446923435777911e+00,0.000000000000000000e+00,4.505085587880129694e+00,4.360411753258635947e+00
1.518371328984218138e+01,-6.320257462848402952e+00,-2.413249757604001289e+00,-7.427066793481142959e+00,-6.636436814546566865e+00,0.000000000000000000e+00,4.485263781059667387e+00,4.360413675892254481e+00
1.443964499157530490e+01,-6.981527275061054638e+00,-2.413288504123161982e+00,-7.460554374248097531e+00,-6.636272506190418419e+00,0.000000000000000000e+00,4.537104790467521021e+00,4.360414275116615279e+00
1.369550521600955406e+01,-7.661117816967296434e+00,-2.413304131978896372e+00,-7.467761648428711929e+00,-6.636421062378068392e+00,0.000000000000000000e+00,4.469890360327995360e+00,4.360411932876526286e+00
1.295166493841122879e+01,-8.324614356601435006e+00,-2.413275999838328190e+00,-7.434953244781283388e+00,-6.636509282754411210e+00,0.000000000000000000e+00,4.490620830957947618e+00,4.360418369378826320e+00
1.220774277106338523e+01,-8.976034634858223171e+00,-2.413303630804190192e+00,-7.449708491133160138e+00,-6.636374051227859283e+00,0.000000000000000000e+00,4.518253837336820844e+00,4.360410386649621550e+00
1.146362595045139088e+01,-9.653400394442209986e+00,-2.413291727382044449e+00,-7.440368548566151929e+00,-6.636563295688520547e+00,0.000000000000000000e+00,4.536673883706257016e+00,4.360410988228491824e+00
1.071934445117489254e+01,-1.031380624664599388e+01,-2.413257172408878937e+00,-7.449404950013806648e+00,-6.636382613125656249e+00,0.000000000000000000e+00,4.537324287599526329e+00,4.360410012388279632e+00
9.975291636858250044e+00,-1.095832387237028804e+01,-2.413247800448281577e+00,-7.459015227752440858e+00,-6.636275980975373301e+00,0.000000000000000000e+00,4.514018645644043204e+00,4.360422381628052513e+00
9.231313225958592383e+00,-1.162848220504458219e+01,-2.413239498223565427e+00,-7.459995383320984885e+00,-6.636511590095787838e+00,0.000000000000000000e+00,4.478709129357329566e+00,4.360414336020400405e+00
8.487034155922358991e+00,-1.229734659368298999e+01,-2.413322311681306953e+00,-7.451675285280354721e+00,-6.636302639042132689e+00,0.000000000000000000e+00,4.534011389654873270e+00,4.360409442999777063e+00
7.742977731925624774e+00,-1.297371084128392837e+01,-2.413227933103663680e+00,-7.402139770418713738e+00,-6.636489638775564082e+00,0.000000000000000000e+00,4.537565091543224405e+00,4.360403853155333742e+00
6.999291206438607027e+00,-1.361022801850529262e+01,-2.413265891597988766e+00,-7.445563477218604120e+00,-6.636348987660435128e+00,0.000000000000000000e+00,4.530764530171654592e+00,4.360411121144093904e+00
6.254931083721271712e+00,-1.426893636497232443e+01,-2.413270932265137780e+00,-7.454534096993706171e+00,-6.636448093509158319e+00,0.000000000000000000e+00,4.506444873718748134e+00,4.360409230794354940e+00
5.510679119633296708e+00,-1.494461545660372970e+01,-2.413241819055054194e+00,-7.421658466251535913e+00,-6.636464366704724505e+00,0.000000000000000000e+00,4.543470319541086155e+00,4.360408799436751970e+00
4.766622292120129778e+00,-1.560847075265221129e+01,-2.413268617456659104e+00,-7.468548462535583354e+00,-6.636423828227014710e+00,0.000000000000000000e+00,4.477418384437958032e+00,4.360412032099532098e+00
4.022686831256956808e+00,-1.627122608033263873e+01,-2.413245783774770281e+00,-7.461564358604821479e+00,-6.636456968621593511e+00,0.000000000000000000e+00,4.615478861855231152e+00,4.360413174188225049e+00
3.278706185897732883e+00,-1.694857743060812894e+01,-2.413278388401054464e+00,-7.423971031732004455e+00,-6.636449535728076832e+00,0.000000000000000000e+00,4.504291426452923908e+00,4.360418938451910087e+00
2.534443072102624317e+00,-1.758787350223860813e+01,-2.413252626244032140e+00,-7.447217199337195837e+00,-6.636512782102091279e+00,0.000000000000000000e+00,4.481643092236105019e+00,4.360413253125017263e+00
1.790468099065139818e+00,-1.824710684853567599e+01,-2.413298010894378454e+00,-7.441806055508935813e+00,-6.636409081061676041e+00,0.000000000000000000e+00,4.502441001905797435e+00,4.360418769733620969e+00
1.046180925126985795e+00,-1.892552090106974561e+01,-2.413298576998793799e+00,-7.452985240478084528e+00,-6.636412200471569989e+00,0.000000000000000000e+00,4.513513114815307148e+00,4.360414236964137658e+00
3.021488874272941771e-01,-1.961318410134549239e+01,-2.413265974908054723e+00,-7.444286799587771064e+00,-6.636380359735227330e+00,0.000000000000000000e+00,4.505656467446269353e+00,4.360408722905079415e+00
-4.417070772013690361e-01,-2.026215225155073085e+01,-2.413311822328661371e+00,-7.435832154339562017e+00,-6.636243535302520868e+00,0.000000000000000000e+00,4.453499940536306489e+00,4.360412228382460675e+00
-1.185922058203991991e+00,-2.092316590975560686e+01,-2.413291758326472358e+00,-7.425969550482777848e+00,-6.636345850579029815e+00,0.000000000000000000e+00,4.547219225589494762e+00,4.360417261094304386e+00
-1.930126702980356157e+00,-2.158514635556625549e+01,-2.413258799825171774e+00,-7.440048055489306478e+00,-6.636420594105863380e+00,0.000000000000000000e+00,4.554745458773555633e+00,4.360416657828861453e+00
-2.674163538979707599e+00,-2.225618976981616370e+01,-2.413243162224864236e+00,-7.423836647237481046e+00,-6.636413269869711584e+00,0.000000000000000000e+00,4.498560103716912728e+00,4.360413262141394242e+00
-3.418297282927078573e+00,-2.291187886136661334e+01,-2.413315662035543152e+00,-7.453151878766735905e+00,-6.636530576633948186e+00,0.000000000000000000e+00,4.504577925414651851e+00,4.360414138690181574e+00
-4.162201666026375868e+00,-2.359329940375739909e+01,-2.413267710464713556e+00,-7.442922381815738397e+00,-6.636414803263702034e+00,0.000000000000000000e+00,4.490191426003654840e+00,4.360413811377644500e+00
-4.906528899112212017e+00,-2.422201471950005569e+01,-2.413292958832272461e+00,-7.467325684475720315e+00,-6.636406831136610229e+00,0.000000000000000000e+00,4.541150628110258047e+00,4.360411432769912388e+00
-5.650661553626603606e+00,-2.489396118872473807e+01,-2.413247746802825944e+00,-7.440843966588324143e+00,-6.636348771814890135e+00,0.000000000000000000e+00,4.595423756201950205e+00,4.360414537604372143e+00
-6.394408097534351576e+00,-2.554468263640229253e+01,-2.413245678849374798e+00,-7.439653012569814372e+00,-6.636358068886547557e+00,0.000000000000000000e+00,4.496661767954318378e+00,4.360411262349075834e+00
-7.138619794874462521e+00,-2.622893973761730635e+01,-2.413243509567054357e+00,-7.446871025545556577e+00,-6.636282769983322893e+00,0.000000000000000000e+00,4.529040723145892677e+00,4.360408246521031650e+00
-7.882572589859412560e+00,-2.690912394085733439e+01,-2.413294037614690080e+00,-7.426818741458259154e+00,-6.636203861467365961e+00,0.000000000000000000e+00,4.471339702357971291e+00,4.360410507083399168e+00
-8.626879098211682972e+00,-2.757171688952921684e+01,-2.413236813953447690e+00,-7.445473014746512241e+00,-6.636514436738183420e+00,0.000000000000000000e+00,4.463955097008829753e+00,4.360411172375346034e+00
-9.370964776470655622e+00,-2.823871267660519280e+01,-2.413277480751010007e+00,-7.436465287969846294e+00,-6.636297738117344913e+00,0.000000000000000000e+00,4.549105314009792345e+00,4.360412367226615515e+00
-1.011496664807907031e+01,-2.890851294813569794e+01,-2.413256300595049364e+00,-7.433762057459186501e+00,-6.636497571964895315e+00,0.000000000000000000e+00,4.474931001029459843e+00,4.360409724950335963e+00
-1.085918173457177005e+01,-2.955991181771935672e+01,-2.413241531110181803e+00,-7.480608522887007616e+00,-6.636481591295147808e+00,0.000000000000000000e+00,4.461506714283845376e+00,4.360411848013446168e+00
-1.160311503639325004e+01,-3.022786611985543459e+01,-2.413295856292291042e+00,-7.444221353896123716e+00,-6.636407755048206347e+00,0.000000000000000000e+00,4.478486239440546690e+00,4.360408965090478262e+00
-1.234736691607124826e+01,-3.089339703668928649e+01,-2.413295067395652804e+00,-7.399153722266723854e+00,-6.636405264191290954e+00,0.000000000000000000e+00,4.449844977898083087e+00,4.360413420388417727e+00
-1.309097121685072196e+01,-3.155196553339637688e+01,-2.413267337902011533e+00,-7.407858406850016841e+00,-6.636338072837832947e+00,0.000000000000000000e+00,4.466557358494768870e+00,4.360413989455402373e+00
-1.383557541183447093e+01,-3.223850234090188138e+01,-2.413260701226497051e+00,-7.438361277115932424e+00,-6.636293054492106158e+00,0.000000000000000000e+00,4.500514959115871960e+00,4.360409646949583440e+00
-1.457935380868671693e+01,-3.287716512449679129e+01,-2.413280972809179303e+00,-7.450769956190622878e+00,-6.636431393593069217e+00,0.000000000000000000e+00,4.524303659972505720e+00,4.360409990298452776e+00
-1.532376081665428025e+01,-3.353397562746302896e+01,-2.413283435024696111e+00,-7.465091386845771559e+00,-6.636330643320567546e+00,0.000000000000000000e+00,4.518633057869807068e+00,4.360411146049433917e+00
-1.606765813614129712e+01,-3.420489440293319205e+01,-2.413259462381664111e+00,-7.460035658122428970e+00,-6.636502152776212249e+00,0.000000000000000000e+00,4.510734439784989114e+00,4.360412922319836682e+00
-1.681180207500117518e+01,-3.487173445263201899e+01,-2.413261348231991565e+00,-7.418677574286651755e+00,-6.636506324743156604e+00,0.000000000000000000e+00,4.502219696511676084e+00,4.360410533594878402e+00
-1.755605811991297216e+01,-3.551828253922876399e+01,-2.413277676287741702e+00,-7.418915120829406185e+00,-6.636420166287197553e+00,0.000000000000000000e+00,4.553605372380724603e+00,4.360409148580597360e+00
-1.829982901000599682e+01,-3.619633158965843478e+01,-2.413301617070946925e+00,-7.453384725127578214e+00,-6.636449655440703310e+00,0.000000000000000000e+00,4.538356093301094241e+00,4.360413584207001314e+00
-1.904385987882842812e+01,-3.684954463484851317e+01,-2.413276010362252144e+00,-7.435493247934700456e+00,-6.636441488768871189e+00,0.000000000000000000e+00,4.484132018854148249e+00,4.360410871646805298e+00
-1.978816544856962167e+01,-3.752430840459317096e+01,-2.413245953731909310e+00,-7.471337912303309459e+00,-6.636337919286149578e+00,0.000000000000000000e+00,4.527428134587474062e+00,4.360411512956305913e+00
-2.053200936124097353e+01,-3.814617333037621449e+01,-2.413264621587454695e+00,-7.446386530467020926e+00,-6.636452289061194776e+00,0.000000000000000000e+00,4.511892966270548477e+00,4.360408531589840209e+00
-2.127614902604907243e+01,-3.884992320113908448e+01,-2.413289535299797173e+00,-7.448009637336505229e+00,-6.636602173523317383e+00,0.000000000000000000e+00,4.484435299161364519e+00,4.360410546871231752e+00
-2.202019744574122484e+01,-3.950494892478264575e+01,-2.413258425698576293e+00,-7.448760126569609064e+00,-6.636492488157145431e+00,0.000000000000000000e+00,4.528440776766784026e+00,4.360412809614085283e+00
-2.276408062649455033e+01,-4.016162164011772973e+01,-2.413268086127775547e+00,-7.448533781547998167e+00,-6.636430778993807067e+00,0.000000000000000000e+00,4.526593089395952063e+00,4.360410045332217877e+00
-2.350830483553451344e+01,-4.082146333915660108e+01,-2.413275503040904990e+00,-7.464824410334269800e+00,-6.636316580178029056e+00,0.000000000000000000e+00,4.452680276257436454e+00,4.360410042580579848e+00
-2.425264445044834005e+01,-4.149844725768168985e+01,-2.413254261232491427e+00,-7.442005543266946965e+00,-6.636430714439208067e+00,0.000000000000000000e+00,4.508945591225050009e+00,4.360412463305297415e+00
-2.499670578591587145e+01,-4.215589979449960367e+01,-2.413267306013652025e+00,-7.426502511161030107e+00,-6.636413040791555140e+00,0.000000000000000000e+00,4.510828955624842429e+00,4.360411941314125350e+00
-2.574071198592752197e+01,-4.283988573171808412e+01,-2.413269197738402205e+00,-7.475898110925674800e+00,-6.636397026751681416e+00,0.000000000000000000e+00,4.504684983780656182e+00,4.360412956326658929e+00
-2.648476423463919005e+01,-4.346767035045041183e+01,-2.413257063126179602e+00,-7.460280020220978692e+00,-6.636424854400733153e+00,0.000000000000000000e+00,4.626480449754906132e+00,4.360411199640269686e+00
-2.722884299946299436e+01,-4.414318734090219465e+01,-2.413294127187905591e+00,-7.456143942870617991e+00,-6.636415127220420374e+00,0.000000000000000000e+00,4.508681414411037203e+00,4.360411715350079653e+00
-2.797280965906990247e+01,-4.482178032661243350e+01,-2.413308319671784830e+00,-7.462033321190383539e+00,-6.636534069746339526e+00,0.000000000000000000e+00,4.507542833293888940e+00,4.360406717915982888e+00
-2.871704591572646592e+01,-4.547380045079207633e+01,-2.413285983039755944e+00,-7.438494288141252575e+00,-6.636475673885866122e+00,0.000000000000000000e+00,4.514645416897294261e+00,4.360409445103822001e+00
-2.946090820324992876e+01,-4.614897998693265180e+01,-2.413282724138727353e+00,-7.408667759693667421e+00,-6.636522566521258604e+00,0.000000000000000000e+00,4.527388434837668285e+00,4.360412542789670276e+00
-3.020525346430774150e+01,-4.682236107143366866e+01,-2.413289097567373087e+00,-7.433148639225149346e+00,-6.636294891455041700e+00,0.000000000000000000e+00,4.454998161261667811e+00,4.360409322319321213e+00
-3.094919658131129125e+01,-4.747893289482704660e+01,-2.413266224640320701e+00,-7.430157963433072332e+00,-6.636295799509166038e+00,0.000000000000000000e+00,4.514310589171053323e+00,4.360412548621723339e+00
-3.169332665491953449e+01,-4.814610900165698126e+01,-2.413257827465456806e+00,-7.455861675115037279e+00,-6.636436059581033220e+00,0.000000000000000000e+00,4.534299639839430185e+00,4.360415531915175613e+00
-3.243746749242210115e+01,-4.879904914309648944e+01,-2.413284235991266957e+00,-7.408942709392951187e+00,-6.636260182505881566e+00,0.000000000000000000e+00,4.506252962641877247e+00,4.360410944704700142e+00
-3.318136734958837053e+01,-4.946638000645356215e+01,-2.413286532292779896e+00,-7.410154199442897216e+00,-6.636273979298791481e+00,0.000000000000000000e+00,4.554969468488916817e+00,4.360411613656718366e+00
-3.392557965088667515e+01,-5.010572889423561094e+01,-2.413278686463106837e+00,-7.433799567144471432e+00,-6.636491739937217638e+00,0.000000000000000000e+00,4.521288998722185148e+00,4.360413097370873459e+00
-3.466982590874626879e+01,-5.075210089499764621e+01,-2.413281934543784590e+00,-7.450678882493923183e+00,-6.636361033236660489e+00,0.000000000000000000e+00,4.494709560169200202e+00,4.360411635286450149e+00
-3.541374698758009743e+01,-5.142551469031946709e+01,-2.413239306364067360e+00,-7.404641439426316474e+00,-6.636487597500711821e+00,0.000000000000000000e+00,4.488184491083774930e+00,4.360409468919727694e+00
-3.615794837979295551e+01,-5.209106416537953521e+01,-2.413288132069483005e+00,-7.441090138011809074e+00,-6.636392789738854603e+00,0.000000000000000000e+00,4.499491764558653628e+00,4.360412292974448434e+00
-3.690212504474130384e+01,-5.278914979734029345e+01,-2.413238885010325241e+00,-7.436905999930946365e+00,-6.636310353934952388e+00,0.000000000000000000e+00,4.442540206725340113e+00,4.360411448508443755e+00
-3.764609397093726528e+01,-5.342320379530617913e+01,-2.413288790338397050e+00,-7.474744044354078909e+00,-6.636408965915594038e+00,0.000000000000000000e+00,4.460816479212703634e+00,4.360411648173259991e+00
-3.838996768448746622e+01,-5.410535205671508407e+01,-2.413289158555336655e+00,-7.446886167610257345e+00,-6.636326925153064771e+00,0.000000000000000000e+00,4.517974558550514885e+00,4.360414377615160042e+00
-3.913411750135301759e+01,-5.478089804274824814e+01,-2.413258383329593748e+00,-7.426101016966023316e+00,-6.636410609061253574e+00,0.000000000000000000e+00,4.509512007387463051e+00,4.360411182855788326e+00
-3.987813619991516134e+01,-5.541547246791336079e+01,-2.413270144344096924e+00,-7.466826220232289479e+00,-6.636483665804238541e+00,0.000000000000000000e+00,4.484688634305788568e+00,4.360414265002030554e+00
-4.062238910996307339e+01,-5.607073993834172398e+01,-2.413314584387320938e+00,-7.449950892451389528e+00,-6.636407584465988663e+00,0.000000000000000000e+00,4.453961669729995521e+00,4.360411489809928653e+00
-4.136654709849556610e+01,-5.677710550551357471e+01,-2.413252693879205157e+00,-7.435260897615186160e+00,-6.636343543346921336e+00,0.000000000000000000e+00,4.526291439896466429e+00,4.360414175984755225e+00
-4.211058047242077151e+01,-5.740101625482790837e+01,-2.413330522124765842e+00,-7.465919138332814065e+00,-6.636490201058395044e+00,0.000000000000000000e+00,4.476816128746744283e+00,4.360416898954465381e+00
-4.285442374703254842e+01,-5.808546501130051354e+01,-2.413272556502549904e+00,-7.444138254903679197e+00,-6.636337266646666677e+00,0.000000000000000000e+00,4.506681598362697549e+00,4.360405760957259957e+00
-4.359863517876015493e+01,-5.878154160899799052e+01,-2.413310164451680340e+00,-7.456772367047814321e+00,-6.636578211210280465e+00,0.000000000000000000e+00,4.505222957965965946e+00,4.360414019585954648e+00
-4.434250583263608547e+01,-5.941012983302284312e+01,-2.413275483892375561e+00,-7.426021257920671026e+00,-6.636435108733660826e+00,0.000000000000000000e+00,4.480653080562213120e+00,4.360412975009380077e+00
-4.508687425198219501e+01,-6.006005905719099758e+01,-2.413240520454478233e+00,-7.444961883205955644e+00,-6.636378007066074503e+00,0.000000000000000000e+00,4.496474392444425483e+00,4.360414500184425890e+00
-4.583071415293536433e+01,-6.075691337535982228e+01,-2.413245722068723342e+00,-7.452304509571501256e+00,-6.636483292940900114e+00,0.000000000000000000e+00,4.452657400244251384e+00,4.360412669110973027e+00
-4.657505933904832318e+01,-6.140400198245524876e+01,-2.413272316960098252e+00,-7.482763999157706181e+00,-6.636401275133519739e+00,0.000000000000000000e+00,4.488678900860451293e+00,4.360417197801128353e+00
-4.731913227630767693e+01,-6.206010196493274123e+01,-2.413261012890878909e+00,-7.430827518046466906e+00,-6.636396153374965579e+00,0.000000000000000000e+00,4.477176693390485518e+00,4.360412146180610904e+00
-4.806286726102296569e+01,-6.272425908217869761e+01,-2.413260601242690928e+00,-7.432137248514015582e+00,-6.636326631434986467e+00,0.000000000000000000e+00,4.502696263176613201e+00,4.360417824070291992e+00
-4.880728412818803719e+01,-6.338941179956243843e+01,-2.413298332388659428e+00,-7.420882549032177700e+00,-6.636413588291984134e+00,0.000000000000000000e+00,4.498233957142415029e+00,4.360412559583902947e+00
-4.955139639541945229e+01,-6.407590799834117945e+01,-2.413288038657906309e+00,-7.480741742457590604e+00,-6.636442144731786286e+00,0.000000000000000000e+00,4.444194583992108427e+00,4.360404009963595229e+00
-5.029527360172775019e+01,-6.474520694759371509e+01,-2.413294784523827285e+00,-7.466229594696376815e+00,-6.636380661661240410e+00,0.000000000000000000e+00,4.488789942922846166e+00,4.360417157671954591e+00
-5.103946080390927165e+01,-6.537046533811712834e+01,-2.413302309607913809e+00,-7.441554306156235477e+00,-6.636423770786032961e+00,0.000000000000000000e+00,4.548939135798024225e+00,4.360414687446809268e+00
-5.178351353134915769e+01,-6.603024361696432720e+01,-2.413268464757091447e+00,-7.420965337087637614e+00,-6.636224004627383266e+00,0.000000000000000000e+00,4.514349591311615839e+00,4.360414514531276708e+00
-5.252760532819945638e+01,-6.670088659313826440e+01,-2.413258746546288691e+00,-7.445205434901912334e+00,-6.636307649114944418e+00,0.000000000000000000e+00,4.515669888791445707e+00,4.360411425192990187e+00
-5.327170195068062952e+01,-6.738503085892764943e+01,-2.413284794022809265e+00,-7.432819073568427193e+00,-6.636530438673075238e+00,0.000000000000000000e+00,4.501579408874927246e+00,4.360408600727734729e+00
-5.401550984541834310e+01,-6.803991246070813759e+01,-2.413286898119181956e+00,-7.476009081056313121e+00,-6.636365848063900508e+00,0.000000000000000000e+00,4.434569045251971708e+00,4.360414693742798775e+00
-5.475973803009564023e+01,-6.869546973163191694e+01,-2.413266738711316695e+00,-7.443746722182293496e+00,-6.636281171262655043e+00,0.000000000000000000e+00,4.553165928761413461e+00,4.360414758368829524e+00
-5.550379838121693865e+01,-6.938185477795505562e+01,-2.413262536854917872e+00,-7.462080976267347232e+00,-6.636359509568956483e+00,0.000000000000000000e+00,4.519735944545880457e+00,4.360411407670158113e+00
-5.624788805235425571e+01,-7.002787801770294607e+01,-2.413275882164748865e+00,-7.451258347171428653e+00,-6.636530464066727752e+00,0.000000000000000000e+00,4.462546260553719613e+00,4.360413418262744756e+00
-5.699214572646560129e+01,-7.070021769843611992e+01,-2.413273869904536184e+00,-7.444215377868315109e+00,-6.636576260454747356e+00,0.000000000000000000e+00,4.443019676900729742e+00,4.360414493449813911e+00
-5.773614396468311583e+01,-7.136101835509646207e+01,-2.413272715917655464e+00,-7.473551517410316869e+00,-6.636437626761859221e+00,0.000000000000000000e+00,4.451110315064145340e+00,4.360412735579321186e+00
-5.848024325715201144e+01,-7.202292261475842849e+01,-2.413277762094032219e+00,-7.403523363307322747e+00,-6.636416623653142999e+00,0.000000000000000000e+00,4.533635056399050178e+00,4.360409438326008136e+00
-5.922423476500441808e+01,-7.266524262756239239e+01,-2.413251104772449196e+00,-7.437842973245336609e+00,-6.636503802967606447e+00,0.000000000000000000e+00,4.437446341200807609e+00,4.360416793267020807e+00
-5.996856076472437280e+01,-7.336150273992930693e+01,-2.413292544782513094e+00,-7.459675210687967351e+00,-6.636255062078073585e+00,0.000000000000000000e+00,4.493912393410150585e+00,4.360410442361907002e+00
-6.071271080650570440e+01,-7.402785521269439073e+01,-2.413269527596268560e+00,-7.423958467236339231e+00,-6.636529581040320203e+00,0.000000000000000000e+00,4.517756822013057949e+00,4.360407726822620234e+00
-6.145690051986703395e+01,-7.468176291621347218e+01,-2.413279242105057509e+00,-7.473933292506270476e+00,-6.636435417654871216e+00,0.000000000000000000e+00,4.531967502003185544e+00,4.360412057094356086e+00
-6.220068425013352709e+01,-7.534613676872646693e+01,-2.413266802371969000e+00,-7.440234614674136715e+00,-6.636538357426082335e+00,0.000000000000000000e+00,4.496096286646285911e+00,4.360414268856984243e+00
-6.294479027439419383e+01,-7.600038047803631969e+01,-2.413214321686920183e+00,-7.420660821303286525e+00,-6.636402807707377782e+00,0.000000000000000000e+00,4.538078480470649545e+00,4.360409293078517656e+00
-6.368913198392699115e+01,-7.666238054956154713e+01,-2.413275566934333760e+00,-7.445894425397920457e+00,-6.636479708612408324e+00,0.000000000000000000e+00,4.536407592645647746e+00,4.360409018567068529e+00
-6.443314856216063902e+01,-7.735026259638333102e+01,-2.413287009583410025e+00,-7.466171708567410192e+00,-6.636505597692280212e+00,0.000000000000000000e+00,4.486997598088601436e+00,4.360414496018247377e+00
-6.517714741979908410e+01,-7.799357531881254602e+01,-2.413268517580724026e+00,-7.471050290406695105e+00,-6.636430976666035875e+00,0.000000000000000000e+00,4.481654223206293253e+00,4.360416664779561025e+00
-6.592114465098102016e+01,-7.865528392611430775e+01,-2.413294638236912704e+00,-7.439222457131688060e+00,-6.636483895877463901e+00,0.000000000000000000e+00,4.502747950591325932e+00,4.360408710080606376e+00
-6.666493907591234347e+01,-7.933038626379655511e+01,-2.413273874165839050e+00,-7.449548173083266889e+00,-6.636388310815545033e+00,0.000000000000000000e+00,4.561291087935072319e+00,4.360408473435630761e+00
-6.740936935248687689e+01,-7.998721270913907233e+01,-2.413279316710815969e+00,-7.393350101776936967e+00,-6.636386051665223107e+00,0.000000000000000000e+00,4.485217809453411419e+00,4.360413463225528474e+00
-6.815314359775794628e+01,-8.065178695470089565e+01,-2.413284775113011538e+00,-7.446160387456773222e+00,-6.636464425882043550e+00,0.000000000000000000e+00,4.466259402504721976e+00,4.360411501795502076e+00
-6.889743292711550282e+01,-8.130541865700757853e+01,-2.413293503853310984e+00,-7.429777513232290076e+00,-6.636587313629949136e+00,0.000000000000000000e+00,4.502834515527860404e+00,4.360412425167608852e+00
-6.964159793472116178e+01,-8.199791186801888898e+01,-2.413253939712550977e+00,-7.447045188659688009e+00,-6.636380517571377702e+00,0.000000000000000000e+00,4.456607766520550129e+00,4.360415695502315891e+00
-7.038549721496897860e+01,-8.264551931386498040e+01,-2.413298148890885564e+00,-7.427929717820852318e+00,-6.636378363883405740e+00,0.000000000000000000e+00,4.435899803446719858e+00,4.360412003554896998e+00
-7.112978083566561338e+01,-8.331108093781359969e+01,-2.413272261864464419e+00,-7.433020938963102786e+00,-6.636359712199817018e+00,0.000000000000000000e+00,4.529984574010590848e+00,4.360412775335755775e+00
-7.187363040924026336e+01,-8.395428087490121527e+01,-2.413281794781227063e+00,-7.423554953177438520e+00,-6.636409391478447439e+00,0.000000000000000000e+00,4.506894426199982817e+00,4.360412610852322679e+00
-7.261784787138269337e+01,-8.461797204631508862e+01,-2.413237672902730058e+00,-7.425223764246050351e+00,-6.636285945897829386e+00,0.000000000000000000e+00,4.538859203101614170e+00,4.360413295452850946e+00
-7.336196874750528707e+01,-8.525671776998495943e+01,-2.413305182974545993e+00,-7.457199722723774293e+00,-6.636480611601626833e+00,0.000000000000000000e+00,4.477463454380015584e+00,4.360408936148834513e+00
-7.410589227310799743e+01,-8.595148387415822810e+01,-2.413257797599122068e+00,-7.426684217909127028e+00,-6.636485111357290023e+00,0.000000000000000000e+00,4.442915130391032363e+00,4.360410992538978014e+00
-7.484997860170480521e+01,-8.663575371368763456e+01,-2.413291573590525818e+00,-7.460601171936836806e+00,-6.636429825134634086e+00,0.000000000000000000e+00,4.488643773741037180e+00,4.360410129316748318e+00
-7.559415466502787240e+01,-8.729517221100448410e+01,-2.413297621842161789e+00,-7.449289164371270644e+00,-6.636506848624964761e+00,0.000000000000000000e+00,4.563361233540456752e+00,4.360412175193602913e+00
-7.633810590429349929e+01,-8.796855751141875146e+01,-2.413306072263595503e+00,-7.410423513455746125e+00,-6.636315612571631384e+00,0.000000000000000000e+00,4.487641229127058651e+00,4.360411308062289493e+00
-7.708231286522790526e+01,-8.860603156049614881e+01,-2.413265578969133518e+00,-7.416468334837333032e+00,-6.636462278963154660e+00,0.000000000000000000e+00,4.528365961280865548e+00,4.360411321267553042e+00
-7.782656492494044187e+01,-8.927716237098954366e+01,-2.413286335157615259e+00,-7.422604823443809785e+00,-6.636457450581643158e+00,0.000000000000000000e+00,4.483462903269789024e+00,4.360412392215598842e+00
-7.857052415302568704e+01,-8.992546345032293686e+01,-2.413267271733064767e+00,-7.424635625126818184e+00,-6.636541811609397712e+00,0.000000000000000000e+00,4.541216348052385499e+00,4.360414777643143225e+00
-7.931455828127076302e+01,-9.061330913478114724e+01,-2.413281924434935721e+00,-7.427172475862006351e+00,-6.636339258166779054e+00,0.000000000000000000e+00,4.435267016047227173e+00,4.360407953384183521e+00
-8.005839517392051619e+01,-9.127690249084079710e+01,-2.413282399897830111e+00,-7.450825105004991400e+00,-6.636403736553667443e+00,0.000000000000000000e+00,4.478177134682774785e+00,4.360412408343105284e+00
-8.080281038248426739e+01,-9.193071607592577266e+01,-2.413274546397624842e+00,-7.453205988126306636e+00,-6.636483548972560875e+00,0.000000000000000000e+00,4.496632045361795171e+00,4.360411338314373886e+00
-8.154690260941765700e+01,-9.258206791974367889e+01,-2.413292051182068132e+00,-7.417821454499512690e+00,-6.636353128909510346e+00,0.000000000000000000e+00,4.507663806528154460e+00,4.360406749403167304e+00
-8.229086033768727759e+01,-9.327004371056342791e+01,-2.413311446521570591e+00,-7.452102414767139749e+00,-6.636281580651302470e+00,0.000000000000000000e+00,4.506178637284206090e+00,4.360410141274239315e+00
-8.303499710532884137e+01,-9.391197825543574140e+01,-2.413288095187599680e+00,-7.501271231617939961e+00,-6.636381387106920826e+00,0.000000000000000000e+00,4.463704626435166745e+00,4.360412310446154294e+00
-8.377890553579428001e+01,-9.460143901889608742e+01,-2.413287031446282427e+00,-7.401179999863251702e+00,-6.636625655990239459e+00,0.000000000000000000e+00,4.508022219570815281e+00,4.360410430475999632e+00
-8.452294469284983336e+01,-9.524131265726822448e+01,-2.413265673451687743e+00,-7.447576618527391723e+00,-6.636306383359375616e+00,0.000000000000000000e+00,4.487363123011918198e+00,4.360412248575086025e+00
-8.526723340450621436e+01,-9.590690688504525951e+01,-2.413282539919731295e+00,-7.457046057326149224e+00,-6.636431888310640126e+00,0.000000000000000000e+00,4.512833465029229885e+00,4.360410144971543112e+00
-8.601139072878419256e+01,-9.658524935781450438e+01,-2.413245896356123854e+00,-7.464557471752788942e+00,-6.636409837129813916e+00,0.000000000000000000e+00,4.596001971593454805e+00,4.360412540707815587e+00
-8.675534236074788907e+01,-9.724614123366404783e+01,-2.413309191913980634e+00,-7.404182943683177420e+00,-6.636435571027443636e+00,0.000000000000000000e+00,4.536368795845872270e+00,4.360410234959100073e+00
-8.749969552315050692e+01,-9.793177084641207841e+01,-2.413272295586367466e+00,-7.414128382234111747e+00,-6.636400106231989504e+00,0.000000000000000000e+00,4.484649732913134734e+00,4.360413150979683294e+00
-8.824370134722083492e+01,-9.856832513758622838e+01,-2.413292962776154571e+00,-7.457486176371101116e+00,-6.636326091505090119e+00,0.000000000000000000e+00,4.496291159789379321e+00,4.360407204428611294e+00
-8.898771862069456517e+01,-9.922211908920205303e+01,-2.413270989363165864e+00,-7.419268656888823088e+00,-6.636427492023643460e+00,0.000000000000000000e+00,4.552714869741910420e+00,4.360416022797403812e+00
-8.973156885840846542e+01,-9.988392928639432000e+01,-2.413274926922369890e+00,-7.485365588152192551e+00,-6.636490274916654108e+00,0.000000000000000000e+00,4.480835595559915951e+00,4.360411626107262961e+00
-9.047609433379858501e+01,-1.005709593439257219e+02,-2.413289483206148223e+00,-7.421180111587941219e+00,-6.636474420887695125e+00,0.000000000000000000e+00,4.506340855304104664e+00,4.360410666944630087e+00
-9.121973877317189761e+01,-1.012232519080319832e+02,-2.413266859173724743e+00,-7.428925902661069003e+00,-6.636453689679645329e+00,0.000000000000000000e+00,4.490915091518448143e+00,4.360411974626801523e+00
-9.196398738136677764e+01,-1.018699549700409079e+02,-2.413280137478090559e+00,-7.464464153676273028e+00,-6.636480304658081586e+00,0.000000000000000000e+00,4.462461060793351919e+00,4.360412425915183299e+00
-9.270821363252302660e+01,-1.025473384077465226e+02,-2.413311714168282940e+00,-7.405430449263961101e+00,-6.636493341244379174e+00,0.000000000000000000e+00,4.524497378149078486e+00,4.360411686542609466e+00
-9.345241127873222808e+01,-1.032391771517947632e+02,-2.413268448693593360e+00,-7.432302499142021013e+00,-6.636418771020663243e+00,0.000000000000000000e+00,4.514882471914628326e+00,4.360405145017469231e+00
-9.419609716298816693e+01,-1.038925292711787733e+02,-2.413310196620291670e+00,-7.433619117892440009e+00,-6.636455622794429132e+00,0.000000000000000000e+00,4.510646119254841047e+00,4.360417127919391511e+00
-9.494047241871648168e+01,-1.045237699299909480e+02,-2.413304502951435282e+00,-7.450245381783174636e+00,-6.636566078928233026e+00,0.000000000000000000e+00,4.533716167406232067e+00,4.360410299934348366e+00
-9.568431137551748122e+01,-1.052135825604200505e+02,-2.413288285178452064e+00,-7.458531160805171645e+00,-6.636386654724066858e+00,0.000000000000000000e+00,4.484206575525575111e+00,4.360411344214479179e+00
-9.642839401516425824e+01,-1.058530321350649785e+02,-2.413287079384565992e+00,-7.452202084451630348e+00,-6.636621297189465807e+00,0.000000000000000000e+00,4.514810836777749969e+00,4.360408192912939462e+00
-9.717238440437313329e+01,-1.065473124678274246e+02,-2.413257047959655566e+00,-7.445915791698153541e+00,-6.636323393746432764e+00,0.000000000000000000e+00,4.529448894828182581e+00,4.360409816903496605e+00
-9.791674700973730694e+01,-1.071825964187919880e+02,-2.413274904138523524e+00,-7.466847058668566461e+00,-6.636313440709630029e+00,0.000000000000000000e+00,4.437386550058427304e+00,4.360410980578248719e+00
-9.866078795604890672e+01,-1.078340979805994237e+02,-2.413291466387424755e+00,-7.455239218060616402e+00,-6.636398953143526569e+00,0.000000000000000000e+00,4.449376124063914695e+00,4.360417748424417539e+00
-9.940489145569902973e+01,-1.085096723857894858e+02,-2.413286106740200498e+00,-7.461887123958391044e+00,-6.636467390424137136e+00,0.000000000000000000e+00,4.447907075778678276e+00,4.360408630649723172e+00
-1.001488935424467144e+02,-1.092127000451315979e+02,-2.413291891992313420e+00,-7.411256709666798947e+00,-6.636613807646173591e+00,0.000000000000000000e+00,4.473875260650069130e+00,4.360413985461715214e+00
-1.008932113608408940e+02,-1.098273182849890333e+02,-2.413299523686167181e+00,-7.440268114403182587e+00,-6.636476226494325559e+00,0.000000000000000000e+00,4.460250301872523693e+00,4.360413677914109165e+00
-1.016372223868540345e+02,-1.105167403016141066e+02,-2.413280037776752263e+00,-7.450122030182313893e+00,-6.636388473116283215e+00,0.000000000000000000e+00,4.570313901032686310e+00,4.360412675907450186e+00
-1.023812096346346721e+02,-1.111675242980462599e+02,-2.413263627537681089e+00,-7.418508056833024611e+00,-6.636330713152542415e+00,0.000000000000000000e+00,4.510536232387997835e+00,4.360415698512198013e+00
-1.031253365794864294e+02,-1.118231092708264924e+02,-2.413295141715402714e+00,-7.466795834435864698e+00,-6.636559123234008872e+00,0.000000000000000000e+00,4.520985661041675208e+00,4.360409930533753808e+00
-1.038694549298796943e+02,-1.124955664549930390e+02,-2.413261307108448772e+00,-7.439210486600819294e+00,-6.636339222604155097e+00,0.000000000000000000e+00,4.509624904222399699e+00,4.360416517303105977e+00
-1.046133024349025646e+02,-1.131918147838341611e+02,-2.413268001414758057e+00,-7.443663206794249199e+00,-6.636475121357549689e+00,0.000000000000000000e+00,4.476832806407824883e+00,4.360410533348706430e+00
-1.053573875576964838e+02,-1.138141216346566580e+02,-2.413241648218996005e+00,-7.447967643441078422e+00,-6.636424163209625249e+00,0.000000000000000000e+00,4.503776570588660100e+00,4.360415659460162630e+00
-1.061016240004992000e+02,-1.144784996567643134e+02,-2.413287542349419112e+00,-7.461973719199727739e+00,-6.636516158978110091e+00,0.000000000000000000e+00,4.487070962643225691e+00,4.360411398228945856e+00
-1.068456372640930567e+02,-1.151839487527918777e+02,-2.413276883181498800e+00,-7.480218530207284999e+00,-6.636298125426198347e+00,0.000000000000000000e+00,4.490089887178997152e+00,4.360410841689994932e+00
-1.075896233109999258e+02,-1.158307004295153462e+02,-2.413271239413591562e+00,-7.453283983836052506e+00,-6.636449370407441428e+00,0.000000000000000000e+00,4.495855005105712010e+00,4.360411193948841024e+00
-1.083338939016098550e+02,-1.165058890804282612e+02,-2.413244497276478828e+00,-7.445863095073255167e+00,-6.636484576768017618e+00,0.000000000000000000e+00,4.421605005846813263e+00,4.360414156785489048e+00
-1.090779745261898910e+02,-1.171458038507736319e+02,-2.413274617481203865e+00,-7.408640895797384829e+00,-6.636496775227256784e+00,0.000000000000000000e+00,4.517500418930891826e+00,4.360416672694888085e+00
-1.098222875391821844e+02,-1.178200118127103622e+02,-2.413258256717102146e+00,-7.437367183763839762e+00,-6.636540969857764871e+00,0.000000000000000000e+00,4.468717903530512459e+00,4.360410303791083741e+00
-1.105661117929325030e+02,-1.184902100053527647e+02,-2.413259156904457914e+00,-7.444618667704254733e+00,-6.636515157164958545e+00,0.000000000000000000e+00,4.503504505006764802e+00,4.360412442716643966e+00
-1.113100698282936207e+02,-1.191371158034695412e+02,-2.413262921865655830e+00,-7.446006131926979243e+00,-6.636411288592210411e+00,0.000000000000000000e+00,4.511267233217142625e+00,4.360403477519837701e+00
-1.120543130984975733e+02,-1.198133114450430270e+02,-2.413271039721613054e+00,-7.441494044134010721e+00,-6.636592346259407194e+00,0.000000000000000000e+00,4.491350685585368652e+00,4.360410458989355753e+00
-1.127983797510200077e+02,-1.204758061676088374e+02,-2.413274832153711191e+00,-7.487015305103642326e+00,-6.636451345836825055e+00,0.000000000000000000e+00,4.505872438214734821e+00,4.360415625645934767e+00
-1.135426827052883283e+02,-1.211486789652524152e+02,-2.413293942059236752e+00,-7.448520314718719781e+00,-6.636421974574990834e+00,0.000000000000000000e+00,4.480199766413986318e+00,4.360411228821202023e+00
-1.142867965422105527e+02,-1.217986999889951676e+02,-2.413264599867756655e+00,-7.432135806575559833e+00,-6.636558901731559601e+00,0.000000000000000000e+00,4.544259503477367623e+00,4.360406851188117550e+00
-1.150305749852734323e+02,-1.224441576789479598e+02,-2.413262477422127628e+00,-7.481156537463562906e+00,-6.636462589975318238e+00,0.000000000000000000e+00,4.539753388729709016e+00,4.360412057707040212e+00
-1.157749342000783628e+02,-1.231361969077694454e+02,-2.413241902539335459e+00,-7.440973612268739323e+00,-6.636391448901836299e+00,0.000000000000000000e+00,4.495313060203788957e+00,4.360415968825729571e+00
-1.165188506570802787e+02,-1.238071022286573992e+02,-2.413250685162728004e+00,-7.455699491479724550e+00,-6.636362226928740782e+00,0.000000000000000000e+00,4.518335729495366770e+00,4.360413457536242987e+00
-1.172627215090397073e+02,-1.244523893038441429e+02,-2.413259679508482414e+00,-7.409844085393959112e+00,-6.636322062149342393e+00,0.000000000000000000e+00,4.449271747104453389e+00,4.360409937016781257e+00
-1.180068362896543590e+02,-1.251143689321684604e+02,-2.413286099921020167e+00,-7.449216890349275921e+00,-6.636345021975616376e+00,0.000000000000000000e+00,4.516515006897237505e+00,4.360411943680033708e+00
-1.187509900276649830e+02,-1.257836843552052386e+02,-2.413262639710403779e+00,-7.460650073678142924e+00,-6.636188646395901891e+00,0.000000000000000000e+00,4.520295522085249651e+00,4.360413447961861699e+00
-1.194952302878483010e+02,-1.264428380047574052e+02,-2.413238066557715555e+00,-7.453726138431562731e+00,-6.636352378787091055e+00,0.000000000000000000e+00,4.543712927963382775e+00,4.360408875486218250e+00
-1.202391508582282285e+02,-1.271005431741583180e+02,-2.413290303626296041e+00,-7.441553867308599912e+00,-6.636441555964297301e+00,0.000000000000000000e+00,4.545904738337695150e+00,4.360416540990544654e+00
-1.209833417804092619e+02,-1.277689661549762832e+02,-2.413304287158485995e+00,-7.437490008260497554e+00,-6.636385817029499812e+00,0.000000000000000000e+00,4.504716098314569983e+00,4.360411955934544892e+00
-1.217272479141857531e+02,-1.284567437091979798e+02,-2.413292479726580009e+00,-7.423935510099813229e+00,-6.636505499972559896e+00,0.000000000000000000e+00,4.474665598603547068e+00,4.360411104153437911e+00
-1.224714672432653657e+02,-1.291069063882568173e+02,-2.413268321100159763e+00,-7.441015342683716227e+00,-6.636557059827421945e+00,0.000000000000000000e+00,4.471656081524530535e+00,4.360410459802793071e+00
-1.232153416834708679e+02,-1.297647275277258530e+02,-2.413264383765527654e+00,-7.452223805951016189e+00,-6.636504363255401273e+00,0.000000000000000000e+00,4.469156331564857254e+00,4.360412449115542266e+00
-1.239596127402188870e+02,-1.304330819147096747e+02,-2.413244914354661486e+00,-7.446886968060684175e+00,-6.636448983698914894e+00,0.000000000000000000e+00,4.518268126009468588e+00,4.360410599362100292e+00
-1.247034948748670331e+02,-1.311019933692485324e+02,-2.413244852018114894e+00,-7.400226005923591366e+00,-6.636401844220658930e+00,0.000000000000000000e+00,4.491783745946849926e+00,4.360416587343989292e+00
-1.254476871821178463e+02,-1.317458350276497754e+02,-2.413258484430177209e+00,-7.432164043599975400e+00,-6.636340080920451356e+00,0.000000000000000000e+00,4.487680219954231831e+00,4.360412412116843939e+00
-1.261915124045306129e+02,-1.324221857018034143e+02,-2.413275394331611423e+00,-7.406211683106995736e+00,-6.636218743697311240e+00,0.000000000000000000e+00,4.440767848836425280e+00,4.360410446568524279e+00
-1.269358560677691656e+02,-1.330620266702721608e+02,-2.413277711138170911e+00,-7.433163837636681315e+00,-6.636398974861396738e+00,0.000000000000000000e+00,4.470694441188152624e+00,4.360406540538027897e+00
-1.276799581016250897e+02,-1.337527843607180102e+02,-2.413263723220367751e+00,-7.454028987754367286e+00,-6.636437822446287882e+00,0.000000000000000000e+00,4.459180043934007465e+00,4.360413506842214737e+00
-1.284238663934300462e+02,-1.344094991757139610e+02,-2.413280568098679080e+00,-7.424715579910380114e+00,-6.636364977181155922e+00,0.000000000000000000e+00,4.484540072978016489e+00,4.360413394257563802e+00
-1.291682115434529408e+02,-1.350649202802658522e+02,-2.413293758871645878e+00,-7.438777548642341308e+00,-6.636527821017384809e+00,0.000000000000000000e+00,4.474675363712446341e+00,4.360407579263038791e+00
-1.299121679881241391e+02,-1.357311629576371672e+02,-2.413259795766307114e+00,-7.448287721997500554e+00,-6.636352475195184120e+00,0.000000000000000000e+00,4.485160747752829025e+00,4.360412530843214896e+00
-1.306561367148908346e+02,-1.363939857496176558e+02,-2.413276478806433811e+00,-7.461609245766246623e+00,-6.636450264087617512e+00,0.000000000000000000e+00,4.487421980310692504e+00,4.360411700051284534e+00
-1.314002265324493521e+02,-1.370692807469620220e+02,-2.413292793922284574e+00,-7.450960243415101658e+00,-6.636498557915338381e+00,0.000000000000000000e+00,4.548586116349756736e+00,4.360416089819150187e+00
-1.321443752095734396e+02,-1.377210845205409271e+02,-2.413253228272244311e+00,-7.441784096285063654e+00,-6.636524197246577828e+00,0.000000000000000000e+00,4.481072340444056223e+00,4.360409065508402016e+00
-1.328885904577457779e+02,-1.383890204865507485e+02,-2.413254022018758160e+00,-7.436303247160181762e+00,-6.636416623887650523e+00,0.000000000000000000e+00,4.464191284063433685e+00,4.360408579911161375e+00
-1.336324679972201466e+02,-1.390560151705456065e+02,-2.413276042721851589e+00,-7.441262980725929843e+00,-6.636438601157817807e+00,0.000000000000000000e+00,4.461938621658684490e+00,4.360409692520569536e+00
-1.343765925086811137e+02,-1.397246551248068727e+02,-2.413273021581904043e+00,-7.457187484132050237e+00,-6.636522908934614051e+00,0.000000000000000000e+00,4.507717896844696703e+00,4.360414211464937573e+00
-1.351206314486869644e+02,-1.403675792413518764e+02,-2.413301621489023052e+00,-7.419668357223759614e+00,-6.636578360689100897e+00,0.000000000000000000e+00,4.513025329671633834e+00,4.360415183394099614e+00
-1.358647686969097492e+02,-1.410421864767432396e+02,-2.413259147906985813e+00,-7.451784814560689973e+00,-6.636477047176701838e+00,0.000000000000000000e+00,4.463845335967620898e+00,4.360413839137524228e+00
-1.366090671605341811e+02,-1.417102364813943609e+02,-2.413243483848852122e+00,-7.445467706757256110e+00,-6.636404068477709473e+00,0.000000000000000000e+00,4.535453757539420927e+00,4.360410626745971463e+00
-1.373530208565993291e+02,-1.423657712222874068e+02,-2.413274265826482079e+00,-7.409640067722525814e+00,-6.636485240312393508e+00,0.000000000000000000e+00,4.521221286670712658e+00,4.360411470175936444e+00
-1.380971901471309025e+02,-1.430480120258231409e+02,-2.413287137825047335e+00,-7.406167039674743435e+00,-6.636393933370899667e+00,0.000000000000000000e+00,4.475579716079653991e+00,4.360411513939691730e+00
-1.388411500640409599e+02,-1.436917754148570907e+02,-2.413284657435225800e+00,-7.435129919169063406e+00,-6.636356134343373014e+00,0.000000000000000000e+00,4.535497612199007378e+00,4.360411081293698921e+00
-1.395854224661673868e+02,-1.443572839340774578e+02,-2.413284643442154653e+00,-7.476910321542122873e+00,-6.636524251259993790e+00,0.000000000000000000e+00,4.496047734527190975e+00,4.360413212537442185e+00
-1.403295745395504071e+02,-1.450186536253364125e+02,-2.413281127128567238e+00,-7.441600467663526786e+00,-6.636491045557760593e+00,0.000000000000000000e+00,4.541155032866730501e+00,4.360415186795338904e+00
-1.410735326833963086e+02,-1.457025364169021486e+02,-2.413275290513036353e+00,-7.444860938947297946e+00,-6.636462966013040976e+00,0.000000000000000000e+00,4.587921325587817734e+00,4.360412957865130501e+00
-1.418173323552640568e+02,-1.463655123586462139e+02,-2.413272347908899995e+00,-7.430431044523692741e+00,-6.636502786964787681e+00,0.000000000000000000e+00,4.514300733616860128e+00,4.360412586242680355e+00
-1.425615355036234178e+02,-1.470162906867734307e+02,-2.413289545380715495e+00,-7.460869493272326736e+00,-6.636512971144853168e+00,0.000000000000000000e+00,4.570156564076326866e+00,4.360410700493498659e+00
-1.433055117383894697e+02,-1.476544218203439698e+02,-2.413253508686973081e+00,-7.422022676766363070e+00,-6.636475907001329944e+00,0.000000000000000000e+00,4.464066055403741018e+00,4.360412636335284198e+00
-1.440497065931289740e+02,-1.483545520534063940e+02,-2.413323116290804204e+00,-7.436701994882582767e+00,-6.636415508464232893e+00,0.000000000000000000e+00,4.580817040182873612e+00,4.360412421686185702e+00
-1.447938314272235800e+02,-1.490035558215109575e+02,-2.413271855867441307e+00,-7.422697347559233272e+00,-6.636240917303252829e+00,0.000000000000000000e+00,4.506828345688263404e+00,4.360414004134322674e+00
-1.455380465532329879e+02,-1.496521214338537504e+02,-2.413270004923823375e+00,-7.443450619469976992e+00,-6.636471390011370985e+00,0.000000000000000000e+00,4.492170509708658166e+00,4.360410943305581100e+00
-1.462820955468807540e+02,-1.503502466358695813e+02,-2.413271999544241098e+00,-7.451611840401298537e+00,-6.636576372552950076e+00,0.000000000000000000e+00,4.475045558264263867e+00,4.360415019509062517e+00
-1.470258723814460495e+02,-1.510029637160996003e+02,-2.413274141747549173e+00,-7.451868144496062385e+00,-6.636463073035815619e+00,0.000000000000000000e+00,4.538856918123753914e+00,4.360409272742066022e+00
-1.477701282192378187e+02,-1.516726425230637290e+02,-2.413265931554131605e+00,-7.419234950817768848e+00,-6.636452834207240414e+00,0.000000000000000000e+00,4.441450845913473167e+00,4.360411720523971191e+00
-1.485140878828315749e+02,-1.523034453430921360e+02,-2.413298995537155989e+00,-7.465096498000495906e+00,-6.636520250218340244e+00,0.000000000000000000e+00,4.485776913446808400e+00,4.360408393580985198e+00
-1.492582927754594664e+02,-1.529882531193227919e+02,-2.413274168224931238e+00,-7.449238597502976233e+00,-6.636361149197698595e+00,0.000000000000000000e+00,4.486539748727381038e+00,4.360414805839581298e+00
-1.500023464801127204e+02,-1.536705334910034253e+02,-2.413268531477270162e+00,-7.435428387692843089e+00,-6.636457099394250214e+00,0.000000000000000000e+00,4.459745574269192048e+00,4.360412092136538575e+00
-1.507464873731198338e+02,-1.543324706250669465e+02,-2.413240269891481216e+00,-7.453452499605867310e+00,-6.636340008649148636e+00,0.000000000000000000e+00,4.450945727154646647e+00,4.360414492763902139e+00
-1.514906892202381243e+02,-1.549715338053668461e+02,-2.413229292572304008e+00,-7.419475010737330400e+00,-6.636393953813112923e+00,0.000000000000000000e+00,4.442157344948199693e+00,4.360413235822741207e+00
-1.522344927205620309e+02,-1.556549524967594493e+02,-2.413280689520128419e+00,-7.441702316329211975e+00,-6.636331951262430806e+00,0.000000000000000000e+00,4.508056739681587821e+00,4.360409840296714634e+00
-1.529789097448273765e+02,-1.563218088419635592e+02,-2.413255697220705542e+00,-7.441404750175665050e+00,-6.636409159245051370e+00,0.000000000000000000e+00,4.496475888600541815e+00,4.360412645452012015e+00
-1.537228877791982313e+02,-1.569920670288313147e+02,-2.413237558684606210e+00,-7.401174173259862599e+00,-6.636344515932296240e+00,0.000000000000000000e+00,4.508424527334931042e+00,4.360414358499624221e+00
-1.544670293326745139e+02,-1.576352638641501756e+02,-2.413270516964109547e+00,-7.427547586337772678e+00,-6.636490939780523846e+00,0.000000000000000000e+00,4.466335557667325595e+00,4.360413413711958341e+00
-1.552111062416018115e+02,-1.582905057422417769e+02,-2.413290636371661080e+00,-7.439107701177458232e+00,-6.636332620012696637e+00,0.000000000000000000e+00,4.424322860716364936e+00,4.360408466853678000e+00
-1.559551295020912676e+02,-1.589892971108376685e+02,-2.413282960637095798e+00,-7.459056218917479164e+00,-6.636495313330145862e+00,0.000000000000000000e+00,4.504268348119195409e+00,4.360412679029985306e+00
-1.566993576680008289e+02,-1.596006713412801901e+02,-2.413269119873653779e+00,-7.472535274975391495e+00,-6.636418589843146698e+00,0.000000000000000000e+00,4.522695079980804778e+00,4.360413221270736273e+00
-1.574432513929331208e+02,-1.602994984949928039e+02,-2.413295588008769421e+00,-7.459697186879010289e+00,-6.636435878520730469e+00,0.000000000000000000e+00,4.506448660139455775e+00,4.360411254808385983e+00
-1.581873563934467199e+02,-1.609509051147413459e+02,-2.413256027530590764e+00,-7.479430022470443973e+00,-6.636423014044114943e+00,0.000000000000000000e+00,4.498978823895919632e+00,4.360410244152167714e+00
-1.589315629092750157e+02,-1.616130871206756581e+02,-2.413289458351953964e+00,-7.433584479538299483e+00,-6.636369308041301096e+00,0.000000000000000000e+00,4.517182078282806046e+00,4.360411765520265881e+00
-1.596753646254560124e+02,-1.622868298702916263e+02,-2.413293190104247365e+00,-7.458499388924910711e+00,-6.636298313270154736e+00,0.000000000000000000e+00,4.469752950799418478e+00,4.360411763478974301e+00
-1.604197479742324788e+02,-1.629522619418151237e+02,-2.413279190772620542e+00,-7.426100013932819266e+00,-6.636347043879382568e+00,0.000000000000000000e+00,4.514520436800052217e+00,4.360413087039556324e+00
-1.611635222205488560e+02,-1.636196914389774122e+02,-2.413300780958719916e+00,-7.431322025273177090e+00,-6.636347418677191357e+00,0.000000000000000000e+00,4.525661528167789882e+00,4.360416380251041168e+00
-1.619078594308901700e+02,-1.642690241206630617e+02,-2.413283282165588517e+00,-7.425083699682557103e+00,-6.636468632051647276e+00,0.000000000000000000e+00,4.499098309323406042e+00,4.360413869305743262e+00
-1.626517134475992350e+02,-1.649317515403009509e+02,-2.413280942785511307e+00,-7.421135752122177465e+00,-6.636581946549275912e+00,0.000000000000000000e+00,4.456299679789881729e+00,4.360414891272014870e+00
-1.633960392853737460e+02,-1.655935574105162686e+02,-2.413287869778892869e+00,-7.495625922881409942e+00,-6.636398400376567253e+00,0.000000000000000000e+00,4.512826785725664536e+00,4.360414584222283452e+00
-1.641398503035409249e+02,-1.662459683838429498e+02,-2.413282326563237934e+00,-7.404645267836006184e+00,-6.636345624253482178e+00,0.000000000000000000e+00,4.462181649318873511e+00,4.360409040815111936e+00
-1.648840512258950923e+02,-1.669246187368494532e+02,-2.413263667071822827e+00,-7.454614121842931596e+00,-6.636323114283246838e+00,0.000000000000000000e+00,4.498178935264856904e+00,4.360407710118714419e+00
-1.656282238069348693e+02,-1.675750837207053223e+02,-2.413260829857251100e+00,-7.427639308246798855e+00,-6.636452656326342847e+00,0.000000000000000000e+00,4.486887115618356070e+00,4.360414316477494445e+00
-1.663722123342985810e+02,-1.682599785722492527e+02,-2.413248637186848899e+00,-7.458128560881298164e+00,-6.636361312226788378e+00,0.000000000000000000e+00,4.513703608560359015e+00,4.360410687814598063e+00
-1.671161482017971593e+02,-1.689066380454299008e+02,-2.413290416901597180e+00,-7.412651119589708237e+00,-6.636475522599265986e+00,0.000000000000000000e+00,4.507641895791664410e+00,4.360409742435474634e+00
-1.678604040827916322e+02,-1.696005421765940753e+02,-2.413246351344130680e+00,-7.467952223396334688e+00,-6.636474192746428358e+00,0.000000000000000000e+00,4.501233778767148586e+00,4.360415617050784398e+00
-1.686043549724681725e+02,-1.702565103194699816e+02,-2.413263376693337570e+00,-7.478221379337393060e+00,-6.636313899931924887e+00,0.000000000000000000e+00,4.493569125979663070e+00,4.360414545737970826e+00
-1.693486504014538525e+02,-1.709126931443478838e+02,-2.413316808848915862e+00,-7.451574497619042781e+00,-6.636459358951567467e+00,0.000000000000000000e+00,4.508549950737045897e+00,4.360406034765304639e+00
-1.700926219356643116e+02,-1.715655625682734637e+02,-2.413283258274695697e+00,-7.421503620753235886e+00,-6.636482861029135982e+00,0.000000000000000000e+00,4.549459421198215558e+00,4.360417479420811482e+00
-1.708367059396412060e+02,-1.722447681161108051e+02,-2.413241745375100056e+00,-7.424778490936405184e+00,-6.636413619458623181e+00,0.000000000000000000e+00,4.542809875835398969e+00,4.360417392640144385e+00
-1.715809281770492305e+02,-1.729109296002534109e+02,-2.413276232282370426e+00,-7.443570266414773151e+00,-6.636502595728136278e+00,0.000000000000000000e+00,4.509272431080858290e+00,4.360409151325940869e+00
-1.723249690652041295e+02,-1.735347883155362183e+02,-2.413296586025815316e+00,-7.423903120276962753e+00,-6.636468942357655720e+00,0.000000000000000000e+00,4.478757531176285944e+00,4.360411060057132637e+00
-1.730690851836543800e+02,-1.742525059388800628e+02,-2.413257595221037111e+00,-7.459173577202878214e+00,-6.636510350184557261e+00,0.000000000000000000e+00,4.545800713780787206e+00,4.360413133133660857e+00
-1.738131725708930162e+02,-1.748709790091157288e+02,-2.413295445375998050e+00,-7.409095217664436461e+00,-6.636523700136989667e+00,0.000000000000000000e+00,4.537613885571896155e+00,4.360414406817103128e+00
-1.745571812063708990e+02,-1.755546099634288737e+02,-2.413269635143292735e+00,-7.473519869402634797e+00,-6.636402404452228510e+00,0.000000000000000000e+00,4.525757764277719808e+00,4.360411234437699513e+00
-1.753011186525022538e+02,-1.762134902723369692e+02,-2.413277188002798557e+00,-7.435373963090563976e+00,-6.636421890566958304e+00,0.000000000000000000e+00,4.513384832157967708e+00,4.360413467142969957e+00
-1.760451443556872277e+02,-1.768863317995048874e+02,-2.413300560621123303e+00,-7.447103971605217865e+00,-6.636387774197810785e+00,0.000000000000000000e+00,4.448646065507158021e+00,4.360413008327405748e+00
-1.767894860958450636e+02,-1.775531732855985183e+02,-2.413308557980623270e+00,-7.430000771256626280e+00,-6.636394693947988088e+00,0.000000000000000000e+00,4.529728669495423965e+00,4.360406105746228889e+00
-1.775334991331730805e+02,-1.781867319658439328e+02,-2.413273781006891827e+00,-7.438483466095308749e+00,-6.636410793825647580e+00,0.000000000000000000e+00,4.492052581395411082e+00,4.360406694875352152e+00
-1.782774163158432543e+02,-1.788637986627152259e+02,-2.413273031702932947e+00,-7.467735198089521909e+00,-6.636475099764721719e+00,0.000000000000000000e+00,4.513965078136649822e+00,4.360412718534555587e+00
-1.790216994191752349e+02,-1.795207153165347336e+02,-2.413296011261938823e+00,-7.475714515129828541e+00,-6.636401425372770113e+00,0.000000000000000000e+00,4.516054766607578763e+00,4.360415411110936112e+00
-1.797657998934586487e+02,-1.801874132175521197e+02,-2.413287229763654285e+00,-7.432704269573165767e+00,-6.636349352772858978e+00,0.000000000000000000e+00,4.473505538741778587e+00,4.360415650800076648e+00
-1.805097308695592915e+02,-1.808372477693009444e+02,-2.413309982116278896e+00,-7.439829758793444547e+00,-6.636357592604656297e+00,0.000000000000000000e+00,4.533643262842117494e+00,4.360412259586031070e+00
-1.812540063935884405e+02,-1.815152266614577741e+02,-2.413262810308029582e+00,-7.454031899046967169e+00,-6.636503451999257841e+00,0.000000000000000000e+00,4.550279282897527366e+00,4.360407537153670354e+00
-1.819979448274572462e+02,-1.821769561127863142e+02,-2.413241839923020216e+00,-7.441288003153893271e+00,-6.636451653767940329e+00,0.000000000000000000e+00,4.482284875813064673e+00,4.360409522996687492e+00
-1.827416988497761849e+02,-1.828390872434412699e+02,-2.413291080463685123e+00,-7.437368734441774265e+00,-6.636431238721733905e+00,0.000000000000000000e+00,4.515661109861613731e+00,4.360407812020730134e+00
-1.834860461521052457e+02,-1.835108337485745835e+02,-2.413249101285605658e+00,-7.460216997101523084e+00,-6.636443125734347248e+00,0.000000000000000000e+00,4.500705605929992359e+00,4.360411235771803895e+00
-1.842302417752137274e+02,-1.841859449471148196e+02,-2.413291024181004829e+00,-7.442123541454707336e+00,-6.636305274191646397e+00,0.000000000000000000e+00,4.482158754474887985e+00,4.360414168635068144e+00
-1.849744423477673934e+02,-1.848468894857665532e+02,-2.413262249656062064e+00,-7.439477502640765572e+00,-6.636450453205986477e+00,0.000000000000000000e+00,4.542942834922009787e+00,4.360414219866198593e+00
-1.857184229355731588e+02,-1.855248630982198677e+02,-2.413284247354392065e+00,-7.422000392682384984e+00,-6.636452296413570373e+00,0.000000000000000000e+00,4.519968059694083884e+00,4.360409866096756737e+00
-1.864624461647024418e+02,-1.861807538212920576e+02,-2.413287824351002531e+00,-7.460823948963187568e+00,-6.636360297711966894e+00,0.000000000000000000e+00,4.482202333727821397e+00,4.360407158716395060e+00
-1.872065723792227061e+02,-1.868479815962211319e+02,-2.413279055002771845e+00,-7.469272389908564236e+00,-6.636510049274726875e+00,0.000000000000000000e+00,4.499278238281405606e+00,4.360410873941860110e+00
-1.879504353280373721e+02,-1.875154460946740755e+02,-2.413275508385104740e+00,-7.438086316285902555e+00,-6.636444220843644715e+00,0.000000000000000000e+00,4.482227601017169327e+00,4.360413524645935901e+00
-1.886946088092573746e+02,-1.881677982927323285e+02,-2.413334661673471437e+00,-7.454374440385167055e+00,-6.636539799696223874e+00,0.000000000000000000e+00,4.477502795218637921e+00,4.360412900573121142e+00
-1.894388067205393043e+02,-1.888305114273589993e+02,-2.413280813052459006e+00,-7.470880546043249026e+00,-6.636318684485488895e+00,0.000000000000000000e+00,4.510364457740098310e+00,4.360413167545914348e+00
-1.901828104620855129e+02,-1.895034839467907375e+02,-2.413260144112182815e+00,-7.458401935058058818e+00,-6.636456382213134830e+00,0.000000000000000000e+00,4.474273306670410122e+00,4.360411377347024775e+00
-1.909266213874454650e+02,-1.901541457156447166e+02,-2.413262763972904068e+00,-7.450460033804767512e+00,-6.636356169525076787e+00,0.000000000000000000e+00,4.520094760932750866e+00,4.360412652584825466e+00
-1.916713840197813852e+02,-1.908232144816607843e+02,-2.413278507713682242e+00,-7.438547871135636314e+00,-6.636527082438202108e+00,0.000000000000000000e+00,4.541798963943143974e+00,4.360413655276823341e+00
-1.924153337530749468e+02,-1.914805644641646438e+02,-2.413269624512321077e+00,-7.436717681216999942e+00,-6.636540740410582728e+00,0.000000000000000000e+00,4.456706381478287682e+00,4.360412267890813709e+00
-1.931590664146231404e+02,-1.921500313018251518e+02,-2.413283772181299636e+00,-7.431433367227979758e+00,-6.636393410311637098e+00,0.000000000000000000e+00,4.470488523659660096e+00,4.360410748902097566e+00
-1.939032593704644398e+02,-1.928054485308941253e+02,-2.413252737571935480e+00,-7.455977832644233416e+00,-6.636553266436384213e+00,0.000000000000000000e+00,4.476637961860228998e+00,4.360413871878805026e+00
-1.946472338773197635e+02,-1.934689862841808292e+02,-2.413297353270629664e+00,-7.428959537042429950e+00,-6.636532581188924418e+00,0.000000000000000000e+00,4.437246108475839002e+00,4.360412038308258964e+00
-1.953914846885334953e+02,-1.941097100532822139e+02,-2.413293900065673903e+00,-7.460466934953131179e+00,-6.636450869830644805e+00,0.000000000000000000e+00,4.506965719401435422e+00,4.360412579431033109e+00
-1.961356909273741280e+02,-1.948072060015616387e+02,-2.413315089398922364e+00,-7.430711468275021048e+00,-6.636374797671654058e+00,0.000000000000000000e+00,4.440610981507390420e+00,4.360408640173258910e+00
-1.968795907959166698e+02,-1.954416633046228640e+02,-2.413241309313249872e+00,-7.429992729224429659e+00,-6.636406760003152883e+00,0.000000000000000000e+00,4.528228239014794987e+00,4.360408039855443008e+00
-1.976235394631351028e+02,-1.961134946400604520e+02,-2.413275611754194472e+00,-7.446840753050751438e+00,-6.636462186581884914e+00,0.000000000000000000e+00,4.506791779152991673e+00,4.360408756121000096e+00
-1.983677360343843930e+02,-1.967735179646451229e+02,-2.413266611960671604e+00,-7.413017979738075525e+00,-6.636544524151497093e+00,0.000000000000000000e+00,4.517664263846263850e+00,4.360412658188710822e+00
-1.991119353935752372e+02,-1.974501271861749387e+02,-2.413298849323900708e+00,-7.455539643619461643e+00,-6.636380866292857839e+00,0.000000000000000000e+00,4.577209620590705796e+00,4.360414788535619479e+00
-1.998559060059312174e+02,-1.981108378154568470e+02,-2.413306942154978874e+00,-7.424639861392820173e+00,-6.636460518549277765e+00,0.000000000000000000e+00,4.466653226445406411e+00,4.360407230383608557e+00
-2.005998237411705247e+02,-1.987623105665955734e+02,-2.413292749114646973e+00,-7.436231829000329974e+00,-6.636519915093769484e+00,0.000000000000000000e+00,4.526619713163453795e+00,4.360414512506250340e+00
-2.013440597936585732e+02,-1.994486750499429490e+02,-2.413281178704936192e+00,-7.435247631684716474e+00,-6.636408593587300508e+00,0.000000000000000000e+00,4.463026905080208273e+00,4.360413157832151221e+00
-2.020882591635882761e+02,-2.001235537674766647e+02,-2.413266393963851897e+00,-7.451569353641185778e+00,-6.636511150716424723e+00,0.000000000000000000e+00,4.505608139751839047e+00,4.360411114165697377e+00
-2.028322750856962955e+02,-2.007619937513140940e+02,-2.413285598973825774e+00,-7.479326781896550536e+00,-6.636466963417315235e+00,0.000000000000000000e+00,4.472717726499238822e+00,4.360415433883032321e+00
-2.035764284086119460e+02,-2.014251900102555055e+02,-2.413294028775388345e+00,-7.455964438404778960e+00,-6.636322725256770028e+00,0.000000000000000000e+00,4.512197643627827937e+00,4.360413363482043003e+00
-2.043205759306194977e+02,-2.020930299367519751e+02,-2.413266785549726734e+00,-7.427126693962271098e+00,-6.636422185166187759e+00,0.000000000000000000e+00,4.447593804627855363e+00,4.360409041815853648e+00
-2.050642352695925297e+02,-2.027694034512255143e+02,-2.413244319646320246e+00,-7.414572225906477243e+00,-6.636416342960886006e+00,0.000000000000000000e+00,4.491281557070221808e+00,4.360409484207012909e+00
-2.058087622887484542e+02,-2.034283017612008564e+02,-2.413304785421870324e+00,-7.462773409958813886e+00,-6.636437052843181306e+00,0.000000000000000000e+00,4.563837633480805955e+00,4.360412103294448727e+00
-2.065527388808034459e+02,-2.041151825801580628e+02,-2.413297686159793454e+00,-7.451755431424561316e+00,-6.636221235061535495e+00,0.000000000000000000e+00,4.561188067019746661e+00,4.360411766174387971e+00
-2.072969823862725320e+02,-2.047349661067777333e+02,-2.413245328015766855e+00,-7.433916457984518722e+00,-6.636535620691717874e+00,0.000000000000000000e+00,4.501444778630633969e+00,4.360410756577446811e+00
-2.080408001932057971e+02,-2.054283952072248383e+02,-2.413275817165012160e+00,-7.432326630570595505e+00,-6.636534687747718486e+00,0.000000000000000000e+00,4.542428147379023784e+00,4.360411370550981935e+00
-2.087851777457082392e+02,-2.060844065515770183e+02,-2.413251824913151378e+00,-7.456056009487288527e+00,-6.636378527952470741e+00,0.000000000000000000e+00,4.456570480098127618e+00,4.360415438463185467e+00
-2.095290475558899459e+02,-2.067619255621958700e+02,-2.413290050560577438e+00,-7.477010817881560634e+00,-6.636382068253009692e+00,0.000000000000000000e+00,4.534871863157949434e+00,4.360408223428008156e+00
-2.102731775521240820e+02,-2.074024022254116630e+02,-2.413290189999319324e+00,-7.438350983362984614e+00,-6.636385315330243451e+00,0.000000000000000000e+00,4.518448724723076459e+00,4.360410325797439590e+00
-2.110170246173330497e+02,-2.080746003360406462e+02,-2.413283285260206412e+00,-7.449027521606098823e+00,-6.636445518769570562e+00,0.000000000000000000e+00,4.518916496059805610e+00,4.360412157735255256e+00
-2.117615890084565820e+02,-2.087542973592046565e+02,-2.413254641303812953e+00,-7.450221520634563888e+00,-6.636524254667484080e+00,0.000000000000000000e+00,4.509749121321147136e+00,4.360413575289889820e+00
-2.125054088537397092e+02,-2.094023751488329879e+02,-2.413282117838805085e+00,-7.451284258438682251e+00,-6.636361027586652916e+00,0.000000000000000000e+00,4.398170281920297242e+00,4.360411264405691156e+00
-2.132496667977551965e+02,-2.100842353361092876e+02,-2.413268134176965951e+00,-7.430604314704271296e+00,-6.636450613697237877e+00,0.000000000000000000e+00,4.503963980282523316e+00,4.360414193141148864e+00
-2.139934373814672313e+02,-2.107117392190473595e+02,-2.413264128432065725e+00,-7.460072895133940563e+00,-6.636425246023443414e+00,0.000000000000000000e+00,4.453139933859529442e+00,4.360410140034253423e+00
-2.147376297404410082e+02,-2.114077077560647240e+02,-2.413302458731010791e+00,-7.441152049432729676e+00,-6.636366326415857664e+00,0.000000000000000000e+00,4.466148174035771135e+00,4.360409251383515539e+00
-2.154815105583958825e+02,-2.120673805977166637e+02,-2.413250021808103885e+00,-7.426418355996806220e+00,-6.636512811940773027e+00,0.000000000000000000e+00,4.531905980863690786e+00,4.360411682510269671e+00
-2.162259179287540007e+02,-2.127258874696833004e+02,-2.413301700806553818e+00,-7.453607304561665536e+00,-6.636438779990085024e+00,0.000000000000000000e+00,4.463413262445445895e+00,4.360413142771314199e+00
-2.169699245604952011e+02,-2.133893188308360607e+02,-2.413266254023653801e+00,-7.449587535368609181e+00,-6.636377766923788890e+00,0.000000000000000000e+00,4.459556838402565226e+00,4.360412361624746325e+00
-2.177138758795329352e+02,-2.140332421540556993e+02,-2.413279434482209052e+00,-7.481546626224695906e+00,-6.636487291832471769e+00,0.000000000000000000e+00,4.485786007829263511e+00,4.360409933720712061e+00
-2.184581317693595963e+02,-2.147032439782547613e+02,-2.413265245186289043e+00,-7.463728305346138292e+00,-6.636561543168877364e+00,0.000000000000000000e+00,4.436507408332674984e+00,4.360410128515844086e+00
-2.192017986841165396e+02,-2.153548490845842593e+02,-2.413270048189228856e+00,-7.431209003460028661e+00,-6.636437329741759150e+00,0.000000000000000000e+00,4.514524395101414456e+00,4.360411068223281283e+00
-2.199463577556813334e+02,-2.160441612500981989e+02,-2.413272606232165440e+00,-7.439938283891175175e+00,-6.636502201279209423e+00,0.000000000000000000e+00,4.526611109828090562e+00,4.360413196439849592e+00
-2.206903833660754231e+02,-2.167214276311787557e+02,-2.413286836407160685e+00,-7.450624992815689573e+00,-6.636374961567777397e+00,0.000000000000000000e+00,4.467179573510014379e+00,4.360407299554707627e+00
-2.214343215394042659e+02,-2.173597983797451150e+02,-2.413290416450558862e+00,-7.433469925290711267e+00,-6.636460196424694757e+00,0.000000000000000000e+00,4.511096974167847051e+00,4.360413197964807530e+00
-2.221784862935379010e+02,-2.180183852380977214e+02,-2.413230236256173722e+00,-7.474665233473994697e+00,-6.636348009784924784e+00,0.000000000000000000e+00,4.476025292387461718e+00,4.360408819090104693e+00
-2.229225632268943116e+02,-2.186879541493341037e+02,-2.413257859243701287e+00,-7.455258716768484284e+00,-6.636307068692811839e+00,0.000000000000000000e+00,4.470208151845895372e+00,4.360410224064288798e+00
-2.236664151074594997e+02,-2.193420219428905114e+02,-2.413258052564065448e+00,-7.465218506740790794e+00,-6.636470506815482118e+00,0.000000000000000000e+00,4.512994336004126694e+00,4.360410448619934876e+00
-2.244105388176969029e+02,-2.199897544458673906e+02,-2.413248570847621011e+00,-7.428034234225024512e+00,-6.636344875142960120e+00,0.000000000000000000e+00,4.462594097457699860e+00,4.360410841142161154e+00
-2.251546824469620276e+02,-2.206649150787905853e+02,-2.413276502555107950e+00,-7.378612084304060126e+00,-6.636362930154227513e+00,0.000000000000000000e+00,4.528313184007640047e+00,4.360411380796472613e+00
-2.258988834543643520e+02,-2.213557134024146080e+02,-2.413294985167250939e+00,-7.442793123569906300e+00,-6.636381632220007099e+00,0.000000000000000000e+00,4.511729609043090505e+00,4.360410440612088934e+00
-2.266428235634569148e+02,-2.220052494966372194e+02,-2.413273399176165679e+00,-7.452105224383553050e+00,-6.636409419023293843e+00,0.000000000000000000e+00,4.538860382464956267e+00,4.360410045434292670e+00
-2.273868753449324629e+02,-2.226720601027834618e+02,-2.413289926711454036e+00,-7.462345254112646487e+00,-6.636335031947255381e+00,0.000000000000000000e+00,4.540374472154622865e+00,4.360414374611790045e+00
-2.281309683771904702e+02,-2.233151092769965089e+02,-2.413272637142750643e+00,-7.461108251580645501e+00,-6.636434634627819129e+00,0.000000000000000000e+00,4.500792516429320322e+00,4.360412285419949185e+00
-2.288750701553150577e+02,-2.239774931892470420e+02,-2.413289156622161702e+00,-7.467024586822195609e+00,-6.636493937562386591e+00,0.000000000000000000e+00,4.505453095159056787e+00,4.360412995767475763e+00
-2.296193244169679986e+02,-2.246734714872915788e+02,-2.413300861862811342e+00,-7.426355242510324750e+00,-6.636475236520714915e+00,0.000000000000000000e+00,4.532672993746995616e+00,4.360408394858549919e+00
-2.303633307349815311e+02,-2.253263198315481475e+02,-2.413281602376156521e+00,-7.455365946671886235e+00,-6.636501398467561152e+00,0.000000000000000000e+00,4.504604873077393989e+00,4.360415207015945427e+00
-2.311073549919080961e+02,-2.259866912728377599e+02,-2.413293958138595929e+00,-7.435232622694795346e+00,-6.636443483188025461e+00,0.000000000000000000e+00,4.480863626954109336e+00,4.360409668674345873e+00
-2.318513067035863173e+02,-2.266632648494110924e+02,-2.413248880706519106e+00,-7.428812279703828736e+00,-6.636570342295135205e+00,0.000000000000000000e+00,4.515877752495374153e+00,4.360408463193174100e+00
-2.325953983394771001e+02,-2.273145453144312853e+02,-2.413266909900582124e+00,-7.443206424474556826e+00,-6.636393134552075246e+00,0.000000000000000000e+00,4.471557628399661866e+00,4.360409313803091713e+00
-2.333397712391106609e+02,-2.279569639577971429e+02,-2.413279457102257997e+00,-7.439716283030194610e+00,-6.636458487600033429e+00,0.000000000000000000e+00,4.560694405967924858e+00,4.360405466980573408e+00
-2.340838200470920469e+02,-2.286414604498060044e+02,-2.413233686784761467e+00,-7.438190012461953771e+00,-6.636377575441184895e+00,0.000000000000000000e+00,4.485714800830404414e+00,4.360410031876799763e+00
-2.348279603599230256e+02,-2.292960116116791198e+02,-2.413306808470458531e+00,-7.433699548703628146e+00,-6.636520040056296033e+00,0.000000000000000000e+00,4.488369762457061540e+00,4.360412096989183084e+00
-2.355718570658578130e+02,-2.299483312409821849e+02,-2.413272079811873638e+00,-7.469587637096974042e+00,-6.636308624452879279e+00,0.000000000000000000e+00,4.462906738319469824e+00,4.360416858960925346e+00
-2.363158425310236055e+02,-2.306313750316765550e+02,-2.413252926180761371e+00,-7.442271894431806700e+00,-6.636380451799126945e+00,0.000000000000000000e+00,4.449812303650157119e+00,4.360412771290361533e+00
-2.370598744673390570e+02,-2.313184893515848728e+02,-2.413286388206405064e+00,-7.424199125547253253e+00,-6.636517261969734349e+00,0.000000000000000000e+00,4.505561451920445215e+00,4.360414669883420302e+00
-2.378042629513306281e+02,-2.319917230200127847e+02,-2.413247644207036746e+00,-7.421526570976497261e+00,-6.636524790224010317e+00,0.000000000000000000e+00,4.467306481033760157e+00,4.360414818295699213e+00
-2.385484212187337221e+02,-2.326232833383362220e+02,-2.413279123054466790e+00,-7.458265818566854222e+00,-6.636479769786608252e+00,0.000000000000000000e+00,4.540508461549187302e+00,4.360410080939246313e+00
-2.392921191708702793e+02,-2.332716964196287961e+02,-2.413281552435675881e+00,-7.464769371826251998e+00,-6.636579202009827760e+00,0.000000000000000000e+00,4.472497135002993396e+00,4.360412537439946945e+00
-2.400363926849890959e+02,-2.339547154422234598e+02,-2.413257541628782032e+00,-7.434099258279752043e+00,-6.636594979604311995e+00,0.000000000000000000e+00,4.446231541296538303e+00,4.360409399368369243e+00
-2.407803300322974280e+02,-2.346050199719311991e+02,-2.413279722273149908e+00,-7.444134337987319050e+00,-6.636328578366141429e+00,0.000000000000000000e+00,4.423809579285291171e+00,4.360410251483170185e+00
-2.415245677869958456e+02,-2.352787537262947239e+02,-2.413299160796727794e+00,-7.420131513746676788e+00,-6.636401403265351995e+00,0.000000000000000000e+00,4.473510609061918331e+00,4.360410006395789573e+00
-2.422685585231019161e+02,-2.359494422585617599e+02,-2.413297301650339843e+00,-7.417931854454044682e+00,-6.636402049333705477e+00,0.000000000000000000e+00,4.477305140098007286e+00,4.360411790505595242e+00
-2.430126566136479482e+02,-2.366237138089693133e+02,-2.413241278552759272e+00,-7.468140620269956287e+00,-6.636402976555070055e+00,0.000000000000000000e+00,4.491956952129020131e+00,4.360412052957499895e+00
-2.437568365258329663e+02,-2.372684694478932101e+02,-2.413280585718875493e+00,-7.437036830893963391e+00,-6.636263518773414916e+00,0.000000000000000000e+00,4.451080902431304054e+00,4.360413438029267397e+00
-2.445008318442365294e+02,-2.379364799816671052e+02,-2.413301143751645839e+00,-7.441104824482087210e+00,-6.636520606532692490e+00,0.000000000000000000e+00,4.438293799041610477e+00,4.360411913026949193e+00
-2.452449719699731645e+02,-2.385944540732070038e+02,-2.413289328993940330e+00,-7.444075369192636238e+00,-6.636416481721906457e+00,0.000000000000000000e+00,4.449458776832451612e+00,4.360416504697170126e+00
-2.459890487453144203e+02,-2.392404759032014283e+02,-2.413271611534058003e+00,-7.442395241260093997e+00,-6.636552043964658587e+00,0.000000000000000000e+00,4.502562269225410141e+00,4.360413687659171700e+00
-2.467331267476603784e+02,-2.399033469814376929e+02,-2.413291270239958930e+00,-7.419330853815602644e+00,-6.636456818051559736e+00,0.000000000000000000e+00,4.513714571863496339e+00,4.360405982004664338e+00
-2.474773079307908006e+02,-2.406021250187121439e+02,-2.413266170186682213e+00,-7.428005796661847349e+00,-6.636195186861710837e+00,0.000000000000000000e+00,4.522022012895764220e+00,4.360414630333375285e+00
-2.482213479629456288e+02,-2.412600764977750885e+02,-2.413266703103576827e+00,-7.419818004637821041e+00,-6.636423119371170465e+00,0.000000000000000000e+00,4.525734600629669480e+00,4.360412680408638053e+00
-2.489653340171863647e+02,-2.419263965176400291e+02,-2.413286837444562849e+00,-7.434904295614321867e+00,-6.636414907194258639e+00,0.000000000000000000e+00,4.548772412679951138e+00,4.360412146928948296e+00
-2.497093606095919256e+02,-2.425615542315938455e+02,-2.413292443544036825e+00,-7.437343234121137847e+00,-6.636379917274846996e+00,0.000000000000000000e+00,4.499123866780166736e+00,4.360412104503372355e+00
-2.504536092374074485e+02,-2.432421926622549506e+02,-2.413264926893016860e+00,-7.445332747040193766e+00,-6.636430210089873327e+00,0.000000000000000000e+00,4.444591849403681572e+00,4.360408618634064482e+00
-2.511977527183031498e+02,-2.439144600134567042e+02,-2.413290574886287398e+00,-7.436739673876743950e+00,-6.636257970401366002e+00,0.000000000000000000e+00,4.440155173238785835e+00,4.360407140755796718e+00
-2.519416199991376004e+02,-2.445812874940795325e+02,-2.413271116217488466e+00,-7.430501035659801801e+00,-6.636389162910779405e+00,0.000000000000000000e+00,4.527579683970555102e+00,4.360413427883755411e+00
-2.526861137461106637e+02,-2.452407637899010240e+02,-2.413270506052834108e+00,-7.454065230324034452e+00,-6.636403305800428143e+00,0.000000000000000000e+00,4.432874511617186819e+00,4.360411847830661713e+00
-2.534298566803979327e+02,-2.459031481218100623e+02,-2.413276161543898013e+00,-7.449833351712680241e+00,-6.636524513831822070e+00,0.000000000000000000e+00,4.531690836057175709e+00,4.360408921183386965e+00
-2.541737962986444188e+02,-2.465693159077453060e+02,-2.413274534306962593e+00,-7.421865901222643558e+00,-6.636460009042928654e+00,0.000000000000000000e+00,4.467430912434378953e+00,4.360411821067622817e+00
-2.549178854402875629e+02,-2.472296758499301745e+02,-2.413261650231750988e+00,-7.423964731978647258e+00,-6.636499954028370674e+00,0.000000000000000000e+00,4.473818071997911261e+00,4.360410517020502752e+00
-2.556623042426949723e+02,-2.478907408409138782e+02,-2.413269835423441645e+00,-7.427560180074216589e+00,-6.636453350273055385e+00,0.000000000000000000e+00,4.481955068776608542e+00,4.360407192386857034e+00
-2.564063131042058217e+02,-2.485520937964444386e+02,-2.413295451796916957e+00,-7.430462923023569033e+00,-6.636485966515899726e+00,0.000000000000000000e+00,4.473347954094639256e+00,4.360414118114626980e+00
-2.571500927549450353e+02,-2.492404149232225450e+02,-2.413245721415755884e+00,-7.450754822954110956e+00,-6.636502636749076700e+00,0.000000000000000000e+00,4.559585518323553188e+00,4.360414663422186976e+00
-2.578942479291153518e+02,-2.499033310623931641e+02,-2.413267469707205848e+00,-7.412506809587648959e+00,-6.636390396016932591e+00,0.000000000000000000e+00,4.538791182331274321e+00,4.360417188763253904e+00
-2.586383206660476048e+02,-2.505554805809112793e+02,-2.413266146373360677e+00,-7.431963003599910245e+00,-6.636507219156009718e+00,0.000000000000000000e+00,4.459675227072589010e+00,4.360416992894780464e+00
-2.593824550722454205e+02,-2.512123963941631075e+02,-2.413269287616523595e+00,-7.427394934729043996e+00,-6.636441399058131019e+00,0.000000000000000000e+00,4.455443396278577772e+00,4.360408414186863091e+00
-2.601266227868973147e+02,-2.518515199860774487e+02,-2.413277336129212358e+00,-7.480330018093082955e+00,-6.636402633539550955e+00,0.000000000000000000e+00,4.531290724589890573e+00,4.360412006368391324e+00
-2.608705562389980628e+02,-2.525324402101691703e+02,-2.413228479971539553e+00,-7.437339540540926386e+00,-6.636315088657676498e+00,0.000000000000000000e+00,4.544148662857983467e+00,4.360414737190816403e+00
-2.616147976440620937e+02,-2.531923283879458211e+02,-2.413275184071542512e+00,-7.436957973761129992e+00,-6.636449031697604362e+00,0.000000000000000000e+00,4.475160898793209441e+00,4.360415994367872194e+00
-2.623590678343604168e+02,-2.538430928151019828e+02,-2.413267844911242133e+00,-7.445601723979984321e+00,-6.636375780620212161e+00,0.000000000000000000e+00,4.487841100598219057e+00,4.360411842528485238e+00
-2.631029185942328468e+02,-2.545159629537320995e+02,-2.413291343516061449e+00,-7.467897630535630604e+00,-6.636563768444719180e+00,0.000000000000000000e+00,4.490285342070472474e+00,4.360414412370986703e+00
-2.638470273761985823e+02,-2.551996912280514493e+02,-2.413304357929851651e+00,-7.438300377268397767e+00,-6.636300442727078419e+00,0.000000000000000000e+00,4.498013225864475828e+00,4.360412473580455917e+00
-2.645911614533229113e+02,-2.558546271720789491e+02,-2.413288873580385463e+00,-7.440073544097668190e+00,-6.636256019015395857e+00,0.000000000000000000e+00,4.512207154945113707e+00,4.360408844821843211e+00
-2.653352823103668925e+02,-2.565240290691131690e+02,-2.413281847188278206e+00,-7.428395453920801472e+00,-6.636395206453326701e+00,0.000000000000000000e+00,4.497543128534647217e+00,4.360414206959226213e+00
-2.660791949706037371e+02,-2.571874679588793811e+02,-2.413264937459334014e+00,-7.439727192675325895e+00,-6.636398368335527209e+00,0.000000000000000000e+00,4.446541088713952483e+00,4.360413445133729304e+00
-2.668232134129366955e+02,-2.578165938913264199e+02,-2.413286611868055154e+00,-7.428883730742686708e+00,-6.636429663617848362e+00,0.000000000000000000e+00,4.513963904023976070e+00,4.360414108206083661e+00
-2.675674205241990080e+02,-2.585028555172258962e+02,-2.413233900738699145e+00,-7.463207628333276666e+00,-6.636393287289765297e+00,0.000000000000000000e+00,4.539815750503856329e+00,4.360416870363728492e+00
-2.683115237313393209e+02,-2.591934048307585954e+02,-2.413261359927170613e+00,-7.428864281606621489e+00,-6.636297844276999314e+00,0.000000000000000000e+00,4.556598965420620040e+00,4.360407460953302561e+00
-2.690554533135598376e+02,-2.598478172362143255e+02,-2.413279669298543428e+00,-7.439102756197142341e+00,-6.636427966305775250e+00,0.000000000000000000e+00,4.547482668389499771e+00,4.360409718569514759e+00
-2.697996948871729614e+02,-2.605047407125317136e+02,-2.413296054184360884e+00,-7.475733565270394010e+00,-6.636315414209117414e+00,0.000000000000000000e+00,4.488969828361949688e+00,4.360411292629088109e+00
-2.705436296497342710e+02,-2.611400510095453456e+02,-2.413261627817763433e+00,-7.432066187634716492e+00,-6.636512078010984084e+00,0.000000000000000000e+00,4.531039549035350333e+00,4.360409422753618536e+00
-2.712877639365160576e+02,-2.618234766226179886e+02,-2.413240906819904552e+00,-7.420502319865300400e+00,-6.636533695319746684e+00,0.000000000000000000e+00,4.461402297487148338e+00,4.360409541191227589e+00
-2.720317243210416223e+02,-2.625033616189069221e+02,-2.413253299019340492e+00,-7.440631047388067465e+00,-6.636445834709945757e+00,0.000000000000000000e+00,4.521131421376940906e+00,4.360414929639731874e+00
-2.727758745812517986e+02,-2.631427675325351743e+02,-2.413283034858267229e+00,-7.393128353885694004e+00,-6.636469680950804140e+00,0.000000000000000000e+00,4.584783441231770951e+00,4.360414696105660681e+00
-2.735201667046838452e+02,-2.638162556401634902e+02,-2.413249221426250646e+00,-7.421360463702274757e+00,-6.636482365010218487e+00,0.000000000000000000e+00,4.475260894673432688e+00,4.360414236784302844e+00
-2.742643770572296944e+02,-2.644704170483139478e+02,-2.413302075964300020e+00,-7.439474963429239196e+00,-6.636341291204457704e+00,0.000000000000000000e+00,4.484436060653400169e+00,4.360411403448509304e+00
-2.750082341571828124e+02,-2.651398561413731727e+02,-2.413257321439821634e+00,-7.410540153847750666e+00,-6.636551788382006656e+00,0.000000000000000000e+00,4.526495052712074418e+00,4.360414780753403718e+00
-2.757522666301094887e+02,-2.658161549899055558e+02,-2.413256769122744227e+00,-7.437416995532795561e+00,-6.636457706965552816e+00,0.000000000000000000e+00,4.525863599659954772e+00,4.360415175616781269e+00
-2.764964103409259906e+02,-2.664455116503632439e+02,-2.413270278970642835e+00,-7.425587569760271123e+00,-6.636444018984405169e+00,0.000000000000000000e+00,4.575115266426133864e+00,4.360412722734936963e+00
-2.772407437136537283e+02,-2.671382132082018757e+02,-2.413259891101954047e+00,-7.425389452669895363e+00,-6.636328377919812560e+00,0.000000000000000000e+00,4.538291663727894054e+00,4.360407073049536564e+00
-2.779847068588796901e+02,-2.677878526184605334e+02,-2.413269688837595073e+00,-7.434126688544641759e+00,-6.636543746499179441e+00,0.000000000000000000e+00,4.537229859372312823e+00,4.360410565049164688e+00
-2.787282168944724958e+02,-2.684543209139125679e+02,-2.413277488075011856e+00,-7.427974617340972863e+00,-6.636288857147913056e+00,0.000000000000000000e+00,4.527956730550504183e+00,4.360416187361079388e+00
-2.794726651813955414e+02,-2.691207561907485797e+02,-2.413262147973453065e+00,-7.426411510660107851e+00,-6.636384917780352666e+00,0.000000000000000000e+00,4.477920406084986205e+00,4.360415103546140259e+00
-2.802169690322121482e+02,-2.698016491785345465e+02,-2.413289745738534720e+00,-7.449333487247867147e+00,-6.636482652415125472e+00,0.000000000000000000e+00,4.460232193938560741e+00,4.360410437293222863e+00
-2.809609625880888757e+02,-2.704745325136999554e+02,-2.413273273627896565e+00,-7.443336217566156598e+00,-6.636412533945747150e+00,0.000000000000000000e+00,4.535005843810925086e+00,4.360415283781160056e+00
-2.817050959245019044e+02,-2.711131316477004134e+02,-2.413274059084883127e+00,-7.464495744256619325e+00,-6.636357371864760601e+00,0.000000000000000000e+00,4.496798398023054588e+00,4.360411062789208536e+00
-2.824493868032052433e+02,-2.718000528986572704e+02,-2.413226745469819523e+00,-7.453544199747273780e+00,-6.636576258347758106e+00,0.000000000000000000e+00,4.527660998860860708e+00,4.360411503036859315e+00
-2.831933086885929356e+02,-2.724543915532759684e+02,-2.413272575248256668e+00,-7.448066128337829994e+00,-6.636372706416882927e+00,0.000000000000000000e+00,4.516360336077458015e+00,4.360413143916132661e+00
-2.839370330693807887e+02,-2.731098908855724972e+02,-2.413291817515792914e+00,-7.459590937416671785e+00,-6.636371573166215398e+00,0.000000000000000000e+00,4.483118875736325393e+00,4.360414782819306723e+00
-2.846811686212859058e+02,-2.737687768672791435e+02,-2.413304487056065817e+00,-7.454549402810367376e+00,-6.636342423324158801e+00,0.000000000000000000e+00,4.466878188438388797e+00,4.360413490644596379e+00
-2.854256170520574187e+02,-2.744538439310851459e+02,-2.413267625811021944e+00,-7.424487732343521884e+00,-6.636524969144034891e+00,0.000000000000000000e+00,4.526413545576922104e+00,4.360408606141224830e+00
-2.861695686553221663e+02,-2.751174128462126305e+02,-2.413243628612132152e+00,-7.429251143153274839e+00,-6.636327034581157136e+00,0.000000000000000000e+00,4.516358837065900467e+00,4.360408437762229639e+00
-2.869138049486402338e+02,-2.757555145914959098e+02,-2.413287366353023433e+00,-7.462772999851895683e+00,-6.636352006223908973e+00,0.000000000000000000e+00,4.520868486475729142e+00,4.360409975970232388e+00
-2.876575695873598875e+02,-2.764457339115606374e+02,-2.413264195420875335e+00,-7.441670095949505459e+00,-6.636575352256143034e+00,0.000000000000000000e+00,4.490486347463577665e+00,4.360408858670402843e+00
-2.884016885875715275e+02,-2.770979835424685689e+02,-2.413271809489689002e+00,-7.465863988840299115e+00,-6.636365712584978205e+00,0.000000000000000000e+00,4.449100253106198721e+00,4.360414175580957341e+00
-2.891457900053825938e+02,-2.777588602494079737e+02,-2.413293714038255100e+00,-7.429012970476420286e+00,-6.636435248403521392e+00,0.000000000000000000e+00,4.533766904703907308e+00,4.360412992250814135e+00
-2.898901748926746222e+02,-2.784150351326791792e+02,-2.413273542071849853e+00,-7.402696420933223997e+00,-6.636520374754438123e+00,0.000000000000000000e+00,4.547743640971419588e+00,4.360409114123246610e+00
-2.906340670270819260e+02,-2.790628178696537702e+02,-2.413277572206927069e+00,-7.462708877910383620e+00,-6.636361865183711295e+00,0.000000000000000000e+00,4.518926658924791617e+00,4.360406319256175500e+00
-2.913780726409088970e+02,-2.797268840373603211e+02,-2.413226506092601475e+00,-7.441961619748322043e+00,-6.636326910996938722e+00,0.000000000000000000e+00,4.548932619708529579e+00,4.360414602433433373e+00
-2.921222284087634762e+02,-2.804077854598415342e+02,-2.413279196666807902e+00,-7.422112296982273705e+00,-6.636502020345470321e+00,0.000000000000000000e+00,4.510834518703477514e+00,4.360406679167244448e+00
-2.928665881235663164e+02,-2.810741533344627214e+02,-2.413292692055433175e+00,-7.449802566195016240e+00,-6.636441606039643837e+00,0.000000000000000000e+00,4.498184820920287486e+00,4.360410829001891919e+00
-2.936099510991668922e+02,-2.817327350040711167e+02,-2.413292589927118925e+00,-7.422048941714220582e+00,-6.636372839774772103e+00,0.000000000000000000e+00,4.501355192849986864e+00,4.360410026130603356e+00
-2.943544490792052102e+02,-2.823979127757876881e+02,-2.413290246112083981e+00,-7.455643135818236900e+00,-6.636347340263984762e+00,0.000000000000000000e+00,4.482286172743171981e+00,4.360416720788261813e+00
-2.950984985139935475e+02,-2.830548332294873148e+02,-2.413283101328674629e+00,-7.427584723681246004e+00,-6.636485316256773181e+00,0.000000000000000000e+00,4.504227954864453487e+00,4.360410615261334222e+00
-2.958424741795197974e+02,-2.837207665740552898e+02,-2.413273178547034714e+00,-7.460300170147514009e+00,-6.636267078571377986e+00,0.000000000000000000e+00,4.471849566979803292e+00,4.360410816311357074e+00
-2.965866059744338941e+02,-2.843886980498138541e+02,-2.413255294661321049e+00,-7.447706554299043269e+00,-6.636446572258798859e+00,0.000000000000000000e+00,4.534453969127095085e+00,4.360412988180160099e+00
-2.973308707534015412e+02,-2.850598274677007566e+02,-2.413291525525166570e+00,-7.459247795645840284e+00,-6.636445236857827723e+00,0.000000000000000000e+00,4.458567326288333632e+00,4.360415158431354854e+00
-2.980747809679170359e+02,-2.857174159639922664e+02,-2.413224038406127647e+00,-7.417261531410249908e+00,-6.636481069238129749e+00,0.000000000000000000e+00,4.492370883316994856e+00,4.360414713271710596e+00
-2.988189545210385631e+02,-2.863981325126133015e+02,-2.413270332524372286e+00,-7.462646711734989502e+00,-6.636545473456262556e+00,0.000000000000000000e+00,4.548676067516334243e+00,4.360411504147565509e+00
-2.995630528364342808e+02,-2.870460347667208225e+02,-2.413244131720475139e+00,-7.464848328722686333e+00,-6.636344957683866674e+00,0.000000000000000000e+00,4.514226200197851924e+00,4.360414384065377291e+00
-3.003069273364326932e+02,-2.876956134463253534e+02,-2.413288153343618792e+00,-7.447808018055689594e+00,-6.636412099494895855e+00,0.000000000000000000e+00,4.494864799017039836e+00,4.360414567231751803e+00
-3.010511127828085591e+02,-2.883611243680317102e+02,-2.413309908680037363e+00,-7.430039744683019087e+00,-6.636367646745569893e+00,0.000000000000000000e+00,4.466497406613014753e+00,4.360415870870405719e+00
-3.017950546468691186e+02,-2.890407715255401513e+02,-2.413304470866821205e+00,-7.432813923180795257e+00,-6.636424040013481296e+00,0.000000000000000000e+00,4.464231473010944917e+00,4.360411024522191425e+00
-3.025391072327959705e+02,-2.897024337823402220e+02,-2.413262656152347141e+00,-7.441271385093527257e+00,-6.636474985568557194e+00,0.000000000000000000e+00,4.527608596274939501e+00,4.360408437592368180e+00
-3.032832686016593016e+02,-2.903749430849260307e+02,-2.413239955926615110e+00,-7.432248966788618461e+00,-6.636520807373160302e+00,0.000000000000000000e+00,4.530036715900307875e+00,4.360412382498854100e+00
-3.040275727197035849e+02,-2.910265887706818262e+02,-2.413278628399134540e+00,-7.423289194609351327e+00,-6.636411979324981836e+00,0.000000000000000000e+00,4.522845586321730060e+00,4.360410400352605187e+00
-3.047715454946221030e+02,-2.916947931657983872e+02,-2.413289012868581107e+00,-7.425556712729531661e+00,-6.636457909540968814e+00,0.000000000000000000e+00,4.559725893791378049e+00,4.360410541515482130e+00
-3.055154509466798345e+02,-2.923509667199857063e+02,-2.413245197387149155e+00,-7.449541939449597194e+00,-6.636394951925406183e+00,0.000000000000000000e+00,4.481197760991766366e+00,4.360407091191892626e+00
-3.062597673846164525e+02,-2.930168962693023786e+02,-2.413277182795946274e+00,-7.447045754241982785e+00,-6.636253625866118888e+00,0.000000000000000000e+00,4.518777302644105376e+00,4.360409759746784353e+00
-3.070036331065127797e+02,-2.936971519600973579e+02,-2.413297973044026268e+00,-7.474748983467255137e+00,-6.636424735209468295e+00,0.000000000000000000e+00,4.525593642951563744e+00,4.360412580445743203e+00
-3.077478133850566451e+02,-2.943169327318851174e+02,-2.413261033052557458e+00,-7.439861191226738057e+00,-6.636279047148361698e+00,0.000000000000000000e+00,4.516238074584010498e+00,4.360414742325970039e+00
-3.084919884158573495e+02,-2.950186565304801434e+02,-2.413284011115448990e+00,-7.449883978739774371e+00,-6.636529566813195835e+00,0.000000000000000000e+00,4.473294784487351627e+00,4.360414903496850236e+00
-3.092360133014702797e+02,-2.956835411851180879e+02,-2.413317510328279791e+00,-7.456178094871970252e+00,-6.636370815704098369e+00,0.000000000000000000e+00,4.457398909974462420e+00,4.360410903402734739e+00
-3.099801326165967907e+02,-2.963393374611929971e+02,-2.413274411779946949e+00,-7.431843799011834228e+00,-6.636345258739454245e+00,0.000000000000000000e+00,4.495484360136345003e+00,4.360409269606552840e+00
-3.107239910724058518e+02,-2.969985239438979079e+02,-2.413244924372019540e+00,-7.450139012242573244e+00,-6.636512820552762371e+00,0.000000000000000000e+00,4.442836680329077303e+00,4.360415032366327104e+00
-3.114681648681142292e+02,-2.976703828113189161e+02,-2.413295630241830469e+00,-7.444594456140034566e+00,-6.636268403662006321e+00,0.000000000000000000e+00,4.519221758140732348e+00,4.360412955340065899e+00
-3.122120356697764691e+02,-2.983485470299936537e+02,-2.413285957022546668e+00,-7.428604432354712017e+00,-6.636388166709663139e+00,0.000000000000000000e+00,4.490153006682689352e+00,4.360410708218747544e+00
-3.129566971197046996e+02,-2.990036385948812949e+02,-2.413252040009814081e+00,-7.424257983378750758e+00,-6.636420735296710838e+00,0.000000000000000000e+00,4.567706144577221572e+00,4.360413685274624918e+00
-3.137005167616949279e+02,-2.996547268339132870e+02,-2.413254042443651048e+00,-7.435218059347085351e+00,-6.636476559952290799e+00,0.000000000000000000e+00,4.474485026849092328e+00,4.360414721940094829e+00
-3.144444631958273249e+02,-3.003154370237837725e+02,-2.413269751338517288e+00,-7.466673777537871537e+00,-6.636629527148403263e+00,0.000000000000000000e+00,4.566083020416295213e+00,4.360415964219997775e+00
-3.151888489178188024e+02,-3.009688063607508184e+02,-2.413292075489970934e+00,-7.438998305018461821e+00,-6.636550824393429693e+00,0.000000000000000000e+00,4.496487771854613236e+00,4.360405969039240937e+00
-3.159330857511404815e+02,-3.016351824367914105e+02,-2.413295467380381698e+00,-7.423335503486138798e+00,-6.636455604937402164e+00,0.000000000000000000e+00,4.476051321696304264e+00,4.360408159865732713e+00
-3.166770253201391370e+02,-3.022846106615500616e+02,-2.413271360194849890e+00,-7.453085860429501608e+00,-6.636425375627218237e+00,0.000000000000000000e+00,4.525283615415849781e+00,4.360411506988282504e+00
-3.174208545578254075e+02,-3.029676712163284833e+02,-2.413256718061184802e+00,-7.436654090088800295e+00,-6.636447515763508775e+00,0.000000000000000000e+00,4.463265337980964809e+00,4.360413646555341138e+00
-3.181650350792168638e+02,-3.036305378108385753e+02,-2.413288188931472344e+00,-7.411569668719670823e+00,-6.636454671795454452e+00,0.000000000000000000e+00,4.504135086154184897e+00,4.360408894650202427e+00
-3.189091739126875495e+02,-3.043131591276618337e+02,-2.413273960796044282e+00,-7.457541134422949192e+00,-6.636477886404847482e+00,0.000000000000000000e+00,4.518599182548348914e+00,4.360408937633362569e+00
-3.196530985310087090e+02,-3.049514480602928757e+02,-2.413249057439874612e+00,-7.445682167191540302e+00,-6.636536982993066935e+00,0.000000000000000000e+00,4.521119185043326993e+00,4.360407318317657044e+00
-3.203973683196205684e+02,-3.056314704543192988e+02,-2.413263027139599171e+00,-7.434217044314507028e+00,-6.636313789543846653e+00,0.000000000000000000e+00,4.497538052447121792e+00,4.360410305212917059e+00
-3.211414165214448531e+02,-3.062794941096238972e+02,-2.413275370979719003e+00,-7.432990623592217183e+00,-6.636416053281216421e+00,0.000000000000000000e+00,4.489831363166765676e+00,4.360412418507434218e+00
-3.218855132384385342e+02,-3.069492614509457553e+02,-2.413230285933108732e+00,-7.441002254964718787e+00,-6.636456975351378240e+00,0.000000000000000000e+00,4.512460763636515715e+00,4.360409247451658032e+00
-3.226292968946685846e+02,-3.076253247672920565e+02,-2.413311409831677690e+00,-7.431025853611057386e+00,-6.636367469853943213e+00,0.000000000000000000e+00,4.592237471768120471e+00,4.360412929344476218e+00
-3.233736887329995966e+02,-3.082820520229331578e+02,-2.413294973098508045e+00,-7.453811615026568305e+00,-6.636434534118350825e+00,0.000000000000000000e+00,4.509183172013141672e+00,4.360414524940229519e+00
-3.241175582323866138e+02,-3.089555076293839875e+02,-2.413253299165734944e+00,-7.437564089651037769e+00,-6.636474585637378354e+00,0.000000000000000000e+00,4.519581016343604318e+00,4.360415456279373991e+00
-3.248618994633345665e+02,-3.096085918190608481e+02,-2.413250009562160514e+00,-7.438110870370564065e+00,-6.636538861255951716e+00,0.000000000000000000e+00,4.443001742536585752e+00,4.360411121040373317e+00
-3.256058100786397063e+02,-3.102633624861945805e+02,-2.413325087622161913e+00,-7.426266485249620075e+00,-6.636424634271008927e+00,0.000000000000000000e+00,4.529843835509426597e+00,4.360413454509155073e+00
-3.263501665066186774e+02,-3.109349240261922205e+02,-2.413277867901756135e+00,-7.408481354138401365e+00,-6.636363160127118022e+00,0.000000000000000000e+00,4.474314918464243895e+00,4.360416590136967585e+00
-3.270942213137002454e+02,-3.115696067199981485e+02,-2.413257250110725227e+00,-7.434256669500602932e+00,-6.636366007542902956e+00,0.000000000000000000e+00,4.489399578934710533e+00,4.360414991438246624e+00
-3.278382600542113323e+02,-3.122551542772781659e+02,-2.413285030504785045e+00,-7.445060819583831702e+00,-6.636436911002136618e+00,0.000000000000000000e+00,4.462618174664981119e+00,4.360412714310469617e+00
-3.285822594986089484e+02,-3.129313975548557210e+02,-2.413297215992203260e+00,-7.439855969160236171e+00,-6.636470559446505213e+00,0.000000000000000000e+00,4.468461330136781484e+00,4.360409272518439572e+00
-3.293262532769824702e+02,-3.135842670960595910e+02,-2.413300897480921137e+00,-7.445199244903985658e+00,-6.636541772846611842e+00,0.000000000000000000e+00,4.563500557342488939e+00,4.360406156050065540e+00
-3.300703155902230606e+02,-3.142346883126208468e+02,-2.413289251898449450e+00,-7.407034782759153835e+00,-6.636284419047747463e+00,0.000000000000000000e+00,4.534124713543763896e+00,4.360415444410819852e+00
-3.308143819579543674e+02,-3.149090475964655980e+02,-2.413248008263564781e+00,-7.468521860019382785e+00,-6.636465350802232877e+00,0.000000000000000000e+00,4.500875095285687522e+00,4.360410178720226959e+00
-3.315583183589190526e+02,-3.155719592983812731e+02,-2.413258962492612625e+00,-7.419438692701671556e+00,-6.636303244560590286e+00,0.000000000000000000e+00,4.531092154323767218e+00,4.360410170044958456e+00
-3.323026010617787733e+02,-3.162264907713533262e+02,-2.413291619489023709e+00,-7.445233729049633098e+00,-6.636369414445425718e+00,0.000000000000000000e+00,4.529040552413901466e+00,4.360409255666202633e+00
-3.330464357036414071e+02,-3.169124208627825965e+02,-2.413277856047054026e+00,-7.432662179881223352e+00,-6.636471329504784578e+00,0.000000000000000000e+00,4.496829837428017562e+00,4.360413798479217284e+00
-3.337907580500234985e+02,-3.175647966651614524e+02,-2.413272959935181206e+00,-7.457979787366726399e+00,-6.636330962358408136e+00,0.000000000000000000e+00,4.487445530174215769e+00,4.360410795223205405e+00
-3.345348809648692168e+02,-3.182430385898806549e+02,-2.413268859206438854e+00,-7.450920561178131507e+00,-6.636301044403291272e+00,0.000000000000000000e+00,4.513521601040539899e+00,4.360413968694343723e+00
-3.352791392291132411e+02,-3.188845392375023380e+02,-2.413331565843580773e+00,-7.423962082364834458e+00,-6.636396318842630038e+00,0.000000000000000000e+00,4.509613029579097265e+00,4.360412164578737482e+00
-3.360231009170021252e+02,-3.195527962245294589e+02,-2.413249771170622449e+00,-7.455418145493905691e+00,-6.636536638368417229e+00,0.000000000000000000e+00,4.450663875209073694e+00,4.360417190329801684e+00
-3.367671727525141705e+02,-3.202493466487246678e+02,-2.413287427973324295e+00,-7.419790307697637033e+00,-6.636514211300987398e+00,0.000000000000000000e+00,4.479812101446997374e+00,4.360416181286769444e+00
-3.375110168438357618e+02,-3.209036486968900590e+02,-2.413286800244360375e+00,-7.432225380298349116e+00,-6.636474411441160903e+00,0.000000000000000000e+00,4.501020911968774740e+00,4.360410806872059730e+00
-3.382550306044053059e+02,-3.215844255859766463e+02,-2.413290221675665759e+00,-7.420458213379744095e+00,-6.636309845804834850e+00,0.000000000000000000e+00,4.499989952555766948e+00,4.360417571665778702e+00
-3.389992501571825301e+02,-3.222222740532650391e+02,-2.413277262134767565e+00,-7.448190050738367596e+00,-6.636334290284929160e+00,0.000000000000000000e+00,4.536481429853550296e+00,4.360413799233890053e+00
-3.397435010998297003e+02,-3.228657225574409040e+02,-2.413297599226486234e+00,-7.445679019761489492e+00,-6.636388619412839418e+00,0.000000000000000000e+00,4.519708446039754079e+00,4.360413024006240867e+00
-3.404874629910627277e+02,-3.235464098926777297e+02,-2.413290976734564719e+00,-7.426288962991374198e+00,-6.636480865237466276e+00,0.000000000000000000e+00,4.554849252155265482e+00,4.360412780337477479e+00
-3.412314619133672977e+02,-3.242468081339402488e+02,-2.413277709825293993e+00,-7.445334038673955490e+00,-6.636501569608718398e+00,0.000000000000000000e+00,4.483778317659834478e+00,4.360411361494262117e+00
-3.419755864088798489e+02,-3.248872003362757823e+02,-2.413250142629394634e+00,-7.464625630330002259e+00,-6.636431077060214179e+00,0.000000000000000000e+00,4.516272107527770530e+00,4.360410479235480530e+00
-3.427196660608046841e+02,-3.255289312095121659e+02,-2.413265150206170162e+00,-7.449107798373237443e+00,-6.636366442695428525e+00,0.000000000000000000e+00,4.466999748035142659e+00,4.360413739504122255e+00
-3.434639257232289538e+02,-3.262107388725295891e+02,-2.413270834722837765e+00,-7.433009909563506490e+00,-6.636493389676580534e+00,0.000000000000000000e+00,4.461195510373402229e+00,4.360415270021730905e+00
-3.442078822907588460e+02,-3.268600374397143469e+02,-2.413252918072605446e+00,-7.456016227678500918e+00,-6.636394767916010018e+00,0.000000000000000000e+00,4.526262268501929142e+00,4.360406946207464607e+00
-3.449520798380424367e+02,-3.275489998335628457e+02,-2.413286779019954142e+00,-7.425224928625508980e+00,-6.636439376471144236e+00,0.000000000000000000e+00,4.485349976255226245e+00,4.360407955455677609e+00
-3.456959271122295263e+02,-3.281765022261523086e+02,-2.413278372271032701e+00,-7.405859529726112278e+00,-6.636451539904500763e+00,0.000000000000000000e+00,4.542802658555359585e+00,4.360409758952930481e+00
-3.464399507295087233e+02,-3.288723503029074777e+02,-2.413275532010285662e+00,-7.456852675892961635e+00,-6.636435075801552230e+00,0.000000000000000000e+00,4.519320758927119819e+00,4.360411562325351653e+00
-3.471843734098673622e+02,-3.295343912623149549e+02,-2.413270554003591695e+00,-7.418153705117974894e+00,-6.636441816939130156e+00,0.000000000000000000e+00,4.484719020564480907e+00,4.360410285505941452e+00
-3.479282461185460420e+02,-3.301914938456114896e+02,-2.413261805508827074e+00,-7.417354523069576544e+00,-6.636501905648091615e+00,0.000000000000000000e+00,4.527839910458353323e+00,4.360410061089838862e+00
-3.486724142682728029e+02,-3.308468346653130538e+02,-2.413295793461396332e+00,-7.430294480187418671e+00,-6.636232492177432718e+00,0.000000000000000000e+00,4.483330980722662673e+00,4.360416915211343003e+00
-3.494163920326273569e+02,-3.315044347072662845e+02,-2.413263620790075947e+00,-7.444888804245929137e+00,-6.636361659745723784e+00,0.000000000000000000e+00,4.497541456633771695e+00,4.360411482221828727e+00
-3.501605862312057980e+02,-3.321299358479275270e+02,-2.413291418975154201e+00,-7.435977415027488213e+00,-6.636592328173478883e+00,0.000000000000000000e+00,4.559119402872750193e+00,4.360417264137255167e+00
-3.509046606656812628e+02,-3.328563880438407523e+02,-2.413295271366361128e+00,-7.440886651335759439e+00,-6.636407072667184437e+00,0.000000000000000000e+00,4.509422902976047531e+00,4.360410273866885511e+00
-3.516486604282850976e+02,-3.334980811812575325e+02,-2.413304957775016746e+00,-7.474658245868879725e+00,-6.636364744343439703e+00,0.000000000000000000e+00,4.507643771064893556e+00,4.360413525864777817e+00
-3.523928526593884953e+02,-3.341689908577835126e+02,-2.413252053833328414e+00,-7.436211109924347973e+00,-6.636479398202161484e+00,0.000000000000000000e+00,4.486904782496566213e+00,4.360413078650036134e+00
-3.531366199844670177e+02,-3.348306956813397051e+02,-2.413263458046726928e+00,-7.456595603078508994e+00,-6.636434642295936825e+00,0.000000000000000000e+00,4.511048312987479214e+00,4.360413254191748855e+00
-3.538809698396077010e+02,-3.355040531667057166e+02,-2.413275408628480889e+00,-7.434089807148877682e+00,-6.636226315643559914e+00,0.000000000000000000e+00,4.488864759213145206e+00,4.360412134574860765e+00
-3.546249890472241759e+02,-3.361394683244312773e+02,-2.413305863866271661e+00,-7.457254157552466012e+00,-6.636180272713333217e+00,0.000000000000000000e+00,4.517859665941228897e+00,4.360412096392542125e+00
-3.553691311427886603e+02,-3.368126727660819029e+02,-2.413257424095025527e+00,-7.449621549122727338e+00,-6.636502555774375089e+00,0.000000000000000000e+00,4.433437308102877061e+00,4.360416601619808041e+00
-3.561131520576298044e+02,-3.374867983781751377e+02,-2.413263466528548840e+00,-7.440739657514740202e+00,-6.636467403583119484e+00,0.000000000000000000e+00,4.517880237721462855e+00,4.360414964338041877e+00
-3.568572513353873319e+02,-3.381591767961434698e+02,-2.413279258480278244e+00,-7.450467040932092111e+00,-6.636562609191558160e+00,0.000000000000000000e+00,4.467057143036344158e+00,4.360413290632969563e+00
-3.576015077133025670e+02,-3.387873925006720697e+02,-2.413293043867854148e+00,-7.455589067658589641e+00,-6.636509503781713448e+00,0.000000000000000000e+00,4.487259538366667577e+00,4.360414345689070714e+00
-3.583453265585038139e+02,-3.394821399534209263e+02,-2.413271815833613054e+00,-7.453210673826639265e+00,-6.636461817653859008e+00,0.000000000000000000e+00,4.529336197474578718e+00,4.360410070930107018e+00
-3.590894730168640763e+02,-3.401317742593171829e+02,-2.413272783787524300e+00,-7.444073875081036462e+00,-6.636431573293692487e+00,0.000000000000000000e+00,4.528267635301141958e+00,4.360416072965813683e+00
-3.598336245819969008e+02,-3.408104617505779288e+02,-2.413250512460579866e+00,-7.447713192457009690e+00,-6.636390309132523591e+00,0.000000000000000000e+00,4.499339713347278114e+00,4.360411417121555999e+00
-3.605776887720343211e+02,-3.414592460075038503e+02,-2.413286074727181152e+00,-7.438303469262699252e+00,-6.636422131041942230e+00,0.000000000000000000e+00,4.505457497037726355e+00,4.360410897096548943e+00
-3.613220371348670596e+02,-3.421188454364757945e+02,-2.413286123692643947e+00,-7.417559421581256807e+00,-6.636452536226078003e+00,0.000000000000000000e+00,4.420492828624660753e+00,4.360409563024754576e+00
-3.620658065692415448e+02,-3.427979623092930979e+02,-2.413260640775450216e+00,-7.439732299138747784e+00,-6.636360864371376955e+00,0.000000000000000000e+00,4.634849965496362856e+00,4.360413004635733891e+00
-3.628099867680041370e+02,-3.434512203503807655e+02,-2.413244300582330748e+00,-7.462147212815271047e+00,-6.636396096787628096e+00,0.000000000000000000e+00,4.491877543451429311e+00,4.360407239872077234e+00
-3.635538487870998665e+02,-3.441187033374746420e+02,-2.413239869017286487e+00,-7.414716060468977687e+00,-6.636444967527976857e+00,0.000000000000000000e+00,4.525600517368510545e+00,4.360414036446753627e+00
-3.642981230110856927e+02,-3.447773943879964804e+02,-2.413262646400580191e+00,-7.437327056305934825e+00,-6.636280336648300526e+00,0.000000000000000000e+00,4.486973786918222906e+00,4.360410266689774161e+00
-3.650423246036435216e+02,-3.454517773974469037e+02,-2.413238817940209557e+00,-7.458988231586565654e+00,-6.636504471309876863e+00,0.000000000000000000e+00,4.542114503881603760e+00,4.360411751111472611e+00
-3.657863979898758089e+02,-3.461162555152726554e+02,-2.413270818400075512e+00,-7.450048861580979676e+00,-6.636533405094642291e+00,0.000000000000000000e+00,4.541789922612538000e+00,4.360414376546236426e+00
-3.665302496685047799e+02,-3.467494627685508704e+02,-2.413299832427175495e+00,-7.431095921547098193e+00,-6.636503630417458943e+00,0.000000000000000000e+00,4.550133924170970623e+00,4.360410551120963873e+00
-3.672745640195919350e+02,-3.474344629855687003e+02,-2.413300909086882662e+00,-7.450300101236576822e+00,-6.636402494372955374e+00,0.000000000000000000e+00,4.523671414179445627e+00,4.360414715859818102e+00
-3.680184854862689576e+02,-3.481265920235646831e+02,-2.413287609933280731e+00,-7.463689108771555780e+00,-6.636427663047596681e+00,0.000000000000000000e+00,4.576437883541356832e+00,4.360411969066384508e+00
-3.687625926825994043e+02,-3.487789174463881636e+02,-2.413286700072104995e+00,-7.425664385700656567e+00,-6.636394103385009124e+00,0.000000000000000000e+00,4.508852875784898906e+00,4.360415941935831263e+00
-3.695068548105531931e+02,-3.494425507166253624e+02,-2.413291317938210501e+00,-7.459940450701001424e+00,-6.636507282084808779e+00,0.000000000000000000e+00,4.472374354032145227e+00,4.360412375939463736e+00
-3.702505234105665295e+02,-3.501018481899111521e+02,-2.413259629795546424e+00,-7.456674307719608485e+00,-6.636370860551957129e+00,0.000000000000000000e+00,4.505107445106383501e+00,4.360411341461571055e+00
-3.709950499873685885e+02,-3.507437467459090499e+02,-2.413271051644570342e+00,-7.418132274131443715e+00,-6.636436881257556486e+00,0.000000000000000000e+00,4.497027169138287483e+00,4.360414928039061166e+00
-3.717389280295229810e+02,-3.514072569995485651e+02,-2.413285722602978023e+00,-7.441652491856785900e+00,-6.636520098944122203e+00,0.000000000000000000e+00,4.500587228438752696e+00,4.360413510725745567e+00
-3.724831486053970480e+02,-3.520686679788623223e+02,-2.413262252946865249e+00,-7.444337448451813444e+00,-6.636481815384136063e+00,0.000000000000000000e+00,4.549913278857777854e+00,4.360413076665289545e+00
-3.732271048513441087e+02,-3.527619531433170437e+02,-2.413286613274433723e+00,-7.459119791153179690e+00,-6.636495949249412440e+00,0.000000000000000000e+00,4.522285987510525018e+00,4.360410484135036846e+00
-3.739712550510743085e+02,-3.534130627237021258e+02,-2.413302805879925739e+00,-7.461720977935375920e+00,-6.636394056782278561e+00,0.000000000000000000e+00,4.515597595908872108e+00,4.360415260797035231e+00
-3.747153253509490582e+02,-3.540863215698472004e+02,-2.413293936332199241e+00,-7.431778327284214392e+00,-6.636484785082370053e+00,0.000000000000000000e+00,4.550025604328373774e+00,4.360416338137202530e+00
-3.754595154058675348e+02,-3.547480872289339118e+02,-2.413247480660579924e+00,-7.431665056737858599e+00,-6.636496974753091749e+00,0.000000000000000000e+00,4.540815203689568591e+00,4.360411314824470530e+00
-3.762035263702536554e+02,-3.553946269217325380e+02,-2.413301099731966826e+00,-7.427265348449109794e+00,-6.636454328367331179e+00,0.000000000000000000e+00,4.484967739943707343e+00,4.360413447345937499e+00
-3.769475254098168193e+02,-3.560643976733611566e+02,-2.413277289818735571e+00,-7.457598293376749510e+00,-6.636412222600823974e+00,0.000000000000000000e+00,4.543405873121290739e+00,4.360412859450171652e+00
-3.776915449850345681e+02,-3.567558274607895328e+02,-2.413285234455059491e+00,-7.431550844712381476e+00,-6.636541520453638654e+00,0.000000000000000000e+00,4.498320603685961316e+00,4.360413567503653276e+00
-3.784357892515429853e+02,-3.573770558148879104e+02,-2.413281888667739405e+00,-7.443499495959146728e+00,-6.636545747771239512e+00,0.000000000000000000e+00,4.506779396884490474e+00,4.360413845473946282e+00
-3.791797397436431538e+02,-3.580483355796911269e+02,-2.413284971061025797e+00,-7.461534261031047777e+00,-6.636450769303735342e+00,0.000000000000000000e+00,4.552347537830988777e+00,4.360412877249856045e+00
-3.799239737103680454e+02,-3.587265922364899779e+02,-2.413264908147973564e+00,-7.431365283070833883e+00,-6.636510986648223920e+00,0.000000000000000000e+00,4.522603270424864874e+00,4.360412057898514604e+00
-3.806678265370495069e+02,-3.593719706863836336e+02,-2.413269389018121824e+00,-7.447529445962720374e+00,-6.636451367732443707e+00,0.000000000000000000e+00,4.526535430824638162e+00,4.360415959183434609e+00
-3.814119123706338428e+02,-3.600537508899900558e+02,-2.413263827115092575e+00,-7.443712621641483729e+00,-6.636491730240000386e+00,0.000000000000000000e+00,4.481680212469809632e+00,4.360412027984684968e+00
-3.821563206424572741e+02,-3.607210245175465957e+02,-2.413236599875120625e+00,-7.398679217778713735e+00,-6.636370842741209586e+00,0.000000000000000000e+00,4.539507623565172345e+00,4.360414784691851509e+00
-3.829001249593655984e+02,-3.613631498338588699e+02,-2.413226079639498423e+00,-7.438029121882326677e+00,-6.636382951365511040e+00,0.000000000000000000e+00,4.429707648760357053e+00,4.360406229338060768e+00
-3.836443162194645993e+02,-3.620336913727191472e+02,-2.413258305566704287e+00,-7.402618193133460700e+00,-6.636476434967852001e+00,0.000000000000000000e+00,4.461172421215571227e+00,4.360412779506765979e+00
-3.843884698330634819e+02,-3.627099450139580767e+02,-2.413300495411766722e+00,-7.443649682371575871e+00,-6.636454436556911141e+00,0.000000000000000000e+00,4.499347552111788495e+00,4.360410382633660653e+00
-3.851323869756463978e+02,-3.633506786650013964e+02,-2.413258620188690973e+00,-7.415633001946795311e+00,-6.636318907452595006e+00,0.000000000000000000e+00,4.559294106989943529e+00,4.360419041128424489e+00
-3.858765667242636255e+02,-3.640267294614823754e+02,-2.413274831389428776e+00,-7.452296633785914892e+00,-6.636419537519639533e+00,0.000000000000000000e+00,4.492530518179411736e+00,4.360407576077154346e+00
-3.866206670500259293e+02,-3.646773791950343480e+02,-2.413255862135160967e+00,-7.407132048154107196e+00,-6.636391345237983685e+00,0.000000000000000000e+00,4.575367976814636251e+00,4.360411177302464303e+00
-3.873646816209285930e+02,-3.653385147751800446e+02,-2.413264772670245861e+00,-7.400383190325686478e+00,-6.636502635404396777e+00,0.000000000000000000e+00,4.462895036504549218e+00,4.360408856496574614e+00
-3.881086598925713247e+02,-3.660198249408569495e+02,-2.413256981163955039e+00,-7.432643340951786470e+00,-6.636334784800069109e+00,0.000000000000000000e+00,4.521224944026358550e+00,4.360410230792143516e+00
-3.888530398613752936e+02,-3.666771644554403906e+02,-2.413270371047433027e+00,-7.456842359455430724e+00,-6.636575688269623186e+00,0.000000000000000000e+00,4.529543860316079140e+00,4.360409243279748992e+00
-3.895970246794505556e+02,-3.673541348837695750e+02,-2.413323707033379506e+00,-7.475362300986960307e+00,-6.636388990129260534e+00,0.000000000000000000e+00,4.515577551640649112e+00,4.360415118931364908e+00
-3.903409665709740466e+02,-3.680062234015359763e+02,-2.413289564185801428e+00,-7.386261978780308546e+00,-6.636494106623851863e+00,0.000000000000000000e+00,4.470713192332876673e+00,4.360414207766554640e+00
-3.910849215153838259e+02,-3.686611939958402218e+02,-2.413274670442932202e+00,-7.445069094384993313e+00,-6.636373400198817940e+00,0.000000000000000000e+00,4.483911032072431802e+00,4.360410992356474225e+00
-3.918296029923849915e+02,-3.693306501731607909e+02,-2.413303348080940047e+00,-7.408909168851121052e+00,-6.636482738144125371e+00,0.000000000000000000e+00,4.495680581848948698e+00,4.360412312607653718e+00
-3.925733521457559050e+02,-3.699774564863745354e+02,-2.413254248002607572e+00,-7.466685037954730042e+00,-6.636316322015421321e+00,0.000000000000000000e+00,4.490947491306489070e+00,4.360409699298525510e+00
-3.933172981444176912e+02,-3.706584441631503637e+02,-2.413256158738448676e+00,-7.437756393905901930e+00,-6.636502938672443896e+00,0.000000000000000000e+00,4.499694317126597731e+00,4.360415257747424000e+00
-3.940613367988302684e+02,-3.713226902361549264e+02,-2.413276309093463023e+00,-7.416947573200336485e+00,-6.636516539828537731e+00,0.000000000000000000e+00,4.529465385524694909e+00,4.360406740709604989e+00
-3.948056417152909034e+02,-3.719846963871830781e+02,-2.413274707188966417e+00,-7.443204095764561323e+00,-6.636438062567680873e+00,0.000000000000000000e+00,4.461255116971529766e+00,4.360417414641454492e+00
-3.955495623067623683e+02,-3.726336418620015252e+02,-2.413281879330594570e+00,-7.429399143231590230e+00,-6.636377190616608246e+00,0.000000000000000000e+00,4.489334389390339908e+00,4.360414854630279891e+00
-3.962936235359763941e+02,-3.733144621905721579e+02,-2.413259507949427896e+00,-7.413877614808768612e+00,-6.636409391804861890e+00,0.000000000000000000e+00,4.511659087520407674e+00,4.360411341733271051e+00
-3.970377482394458752e+02,-3.739577586748815747e+02,-2.413283293021060594e+00,-7.434592153699077777e+00,-6.636469432452801520e+00,0.000000000000000000e+00,4.512412830018480037e+00,4.360412670290091164e+00
-3.977818086565080193e+02,-3.746375861138157006e+02,-2.413287112245416921e+00,-7.440654282181791146e+00,-6.636446403267560967e+00,0.000000000000000000e+00,4.489557717635137557e+00,4.360409205776947239e+00
-3.985258601109680967e+02,-3.753047302097407965e+02,-2.413258029725547704e+00,-7.451159595986879047e+00,-6.636428615317201185e+00,0.000000000000000000e+00,4.559585046495794103e+00,4.360409009882880937e+00
-3.992698545836389599e+02,-3.759760134605679127e+02,-2.413261878099516533e+00,-7.463380981129784431e+00,-6.636420825431386561e+00,0.000000000000000000e+00,4.484879756446998655e+00,4.360409262925790230e+00
-4.000140491035833747e+02,-3.766293427218523107e+02,-2.413291287546107888e+00,-7.450607171006709883e+00,-6.636333385573752963e+00,0.000000000000000000e+00,4.491393333190527137e+00,4.360409903186038605e+00
-4.007583298961569653e+02,-3.772876321726308220e+02,-2.413315431712024672e+00,-7.449109446322932371e+00,-6.636551047557324168e+00,0.000000000000000000e+00,4.491651670429354759e+00,4.360419021009390050e+00
-4.015021977337470958e+02,-3.779534515357238433e+02,-2.413269766164872099e+00,-7.417644228096654579e+00,-6.636322491989214534e+00,0.000000000000000000e+00,4.442307471686228304e+00,4.360410147669545822e+00
-4.022462588873985965e+02,-3.786240084447914001e+02,-2.413234989168254963e+00,-7.436130170034907394e+00,-6.636436392368253223e+00,0.000000000000000000e+00,4.516736599737940949e+00,4.360415573046328319e+00
-4.029904560715824573e+02,-3.793062818324274303e+02,-2.413280009591681097e+00,-7.461106681207994029e+00,-6.636483797542378937e+00,0.000000000000000000e+00,4.518142421517302054e+00,4.360409307603689832e+00
-4.037343262172169602e+02,-3.799396861883149654e+02,-2.413282360330241350e+00,-7.462777723100536775e+00,-6.636439593493412836e+00,0.000000000000000000e+00,4.522376674707667021e+00,4.360413218416158365e+00
-4.044784946574052356e+02,-3.806460794638925904e+02,-2.413288035976960622e+00,-7.444393017126396117e+00,-6.636395432188561649e+00,0.000000000000000000e+00,4.502489387037805102e+00,4.360414104678905112e+00
-4.052227410404843226e+02,-3.812934460652924713e+02,-2.413296884898377570e+00,-7.433411883834554423e+00,-6.636526307167890160e+00,0.000000000000000000e+00,4.487353331066909590e+00,4.360411125529266130e+00
-4.059667927297862775e+02,-3.819494198363501027e+02,-2.413241870466798833e+00,-7.440589035809436425e+00,-6.636470584346048973e+00,0.000000000000000000e+00,4.504205753918474109e+00,4.360412302930259720e+00
-4.067106206874814802e+02,-3.826001533948891051e+02,-2.413268367038704731e+00,-7.455964265051992612e+00,-6.636349868552665399e+00,0.000000000000000000e+00,4.486436693420102095e+00,4.360414144277975801e+00
-4.074550085828059309e+02,-3.832668899173228851e+02,-2.413282337022741864e+00,-7.476113576492664947e+00,-6.636481911610808027e+00,0.000000000000000000e+00,4.499149307518262475e+00,4.360411393965915039e+00
-4.081990231662464907e+02,-3.839378645050465479e+02,-2.413256050414350096e+00,-7.467288567184552583e+00,-6.636570228416021955e+00,0.000000000000000000e+00,4.503943527495615662e+00,4.360412127976522889e+00
-4.089429993018013079e+02,-3.845958782254483026e+02,-2.413279167262289082e+00,-7.447423203432043337e+00,-6.636402625501876429e+00,0.000000000000000000e+00,4.510051822248129838e+00,4.360411639124653682e+00
-4.096869142512481972e+02,-3.852726620088115510e+02,-2.413282974312842555e+00,-7.413220267631225546e+00,-6.636483127829501782e+00,0.000000000000000000e+00,4.429082796596744309e+00,4.360410408839165086e+00
-4.104313786246689233e+02,-3.859691036260051646e+02,-2.413280730807181307e+00,-7.442170693292106343e+00,-6.636533251811622236e+00,0.000000000000000000e+00,4.486792441587682312e+00,4.360409942599486222e+00
-4.111754757627151662e+02,-3.865954190540344939e+02,-2.413236781934793296e+00,-7.460639771627848305e+00,-6.636453690456291632e+00,0.000000000000000000e+00,4.534324493938380662e+00,4.360413927090316832e+00
-4.119193795025350369e+02,-3.872625266261836146e+02,-2.413255182095876528e+00,-7.400372354006315767e+00,-6.636388857427996335e+00,0.000000000000000000e+00,4.550742615230337407e+00,4.360413259942418129e+00
-4.126634717444016474e+02,-3.879362440723277246e+02,-2.413251583214225171e+00,-7.411910545755343804e+00,-6.636529153366593548e+00,0.000000000000000000e+00,4.515925646285203321e+00,4.360412396130845636e+00
-4.134076441607431889e+02,-3.885907628817684554e+02,-2.413272440166845278e+00,-7.453996156483884583e+00,-6.636323660328234730e+00,0.000000000000000000e+00,4.455017828774053612e+00,4.360411248389789662e+00
-4.141516736004329573e+02,-3.892414417016443622e+02,-2.413267802810777685e+00,-7.424723476252540699e+00,-6.636307936350126724e+00,0.000000000000000000e+00,4.505587937076898974e+00,4.360411942730538115e+00
-4.148956559433173084e+02,-3.899181023137666102e+02,-2.413251693623919003e+00,-7.401117323581423157e+00,-6.636386669904842606e+00,0.000000000000000000e+00,4.536245791576988928e+00,4.360413010659375921e+00
-4.156398455742368014e+02,-3.905773448043174199e+02,-2.413275505461633053e+00,-7.434607921576348311e+00,-6.636524941511472875e+00,0.000000000000000000e+00,4.488815655077925904e+00,4.360408166446432254e+00
-4.163838446585710926e+02,-3.912362517868946838e+02,-2.413247962047937456e+00,-7.475258333234843455e+00,-6.636376312497976215e+00,0.000000000000000000e+00,4.489847049377204691e+00,4.360405280985292009e+00
-4.171277210629641559e+02,-3.918906045282632817e+02,-2.413240343914293984e+00,-7.440228339398604618e+00,-6.636286761061652939e+00,0.000000000000000000e+00,4.476306440980326151e+00,4.360413977062122193e+00
-4.178721114728693919e+02,-3.925623836895825889e+02,-2.413308574207978285e+00,-7.464083658482629779e+00,-6.636378861623314585e+00,0.000000000000000000e+00,4.504831180083351150e+00,4.360403940526651922e+00
-4.186161809530621554e+02,-3.932136032072760372e+02,-2.413258544032168107e+00,-7.456859004599590612e+00,-6.636531083410538656e+00,0.000000000000000000e+00,4.492499124549521383e+00,4.360413948052033639e+00
-4.193602142395478722e+02,-3.939081566588490091e+02,-2.413284569688407988e+00,-7.431511110427649669e+00,-6.636454237055729344e+00,0.000000000000000000e+00,4.493449625799047276e+00,4.360407414876522836e+00
-4.201043716509130377e+02,-3.945364685066101060e+02,-2.413282369102223601e+00,-7.417977959938474974e+00,-6.636315694877829685e+00,0.000000000000000000e+00,4.517199167709288865e+00,4.360414260105772932e+00
-4.208484185047200867e+02,-3.952104026577923150e+02,-2.413285828476276151e+00,-7.448915772754041598e+00,-6.636526864715885488e+00,0.000000000000000000e+00,4.490160487564371472e+00,4.360416147018375099e+00
-4.215926878529252235e+02,-3.959001428986255178e+02,-2.413243785338427205e+00,-7.465286401252712700e+00,-6.636583174136176488e+00,0.000000000000000000e+00,4.546977853306954920e+00,4.360409323719530938e+00
-4.223365925813905619e+02,-3.965647577618063337e+02,-2.413285170288692605e+00,-7.468352017273691246e+00,-6.636406235749046978e+00,0.000000000000000000e+00,4.494596573213134327e+00,4.360410339860449902e+00
-4.230807486144128120e+02,-3.972330293630367919e+02,-2.413278215884662181e+00,-7.419716212954968526e+00,-6.636356410480748202e+00,0.000000000000000000e+00,4.532572287322076399e+00,4.360412583547360832e+00
-4.238248562844227081e+02,-3.978872739159767775e+02,-2.413287907930261156e+00,-7.452139355245924968e+00,-6.636222560839529550e+00,0.000000000000000000e+00,4.551674000181727742e+00,4.360409927732048274e+00
-4.245690477116182251e+02,-3.985355231762339372e+02,-2.413275525803625143e+00,-7.438865301948140996e+00,-6.636256854096751034e+00,0.000000000000000000e+00,4.543965291111470073e+00,4.360406804184289165e+00
-4.253129053001002262e+02,-3.992077619835901032e+02,-2.413263996067341211e+00,-7.422282377790174301e+00,-6.636496131336453885e+00,0.000000000000000000e+00,4.539539583193047179e+00,4.360410192634431858e+00
-4.260569673070244789e+02,-3.998705476632232489e+02,-2.413249651109933058e+00,-7.406860570219940598e+00,-6.636406935465045898e+00,0.000000000000000000e+00,4.537985714995003583e+00,4.360414515807322644e+00
-4.268010732375279872e+02,-4.005628050133831266e+02,-2.413268078124145344e+00,-7.448607948190223205e+00,-6.636240468125275349e+00,0.000000000000000000e+00,4.514569857425573929e+00,4.360408223849943532e+00
-4.275448778871862032e+02,-4.011884859941442301e+02,-2.413255883697451143e+00,-7.448439026596380685e+00,-6.636458005246900882e+00,0.000000000000000000e+00,4.487149605802981611e+00,4.360411974338503249e+00
-4.282890212152263985e+02,-4.018629968700868176e+02,-2.413253962080552206e+00,-7.430782263906744234e+00,-6.636400689159946964e+00,0.000000000000000000e+00,4.460680904315677431e+00,4.360411423957108568e+00
-4.290335102085464314e+02,-4.025336461461632780e+02,-2.413258541250354217e+00,-7.489232781164319341e+00,-6.636356902726486595e+00,0.000000000000000000e+00,4.477832830459200331e+00,4.360411753879070318e+00
-4.297772071647081589e+02,-4.031688884362925478e+02,-2.413226102237007176e+00,-7.445983098600500227e+00,-6.636385182539456196e+00,0.000000000000000000e+00,4.567947553892241608e+00,4.360418714112841876e+00
-4.305214998611625674e+02,-4.038599087442507880e+02,-2.413287437531704605e+00,-7.414370924971102284e+00,-6.636547218676429161e+00,0.000000000000000000e+00,4.526939077320903060e+00,4.360410594088239833e+00
-4.312654631610233764e+02,-4.045079585849069872e+02,-2.413287747901203151e+00,-7.475970310125798157e+00,-6.636434238306915923e+00,0.000000000000000000e+00,4.513422614957863566e+00,4.360412964923299661e+00
-4.320098748863933338e+02,-4.051638757676566343e+02,-2.413251726499732186e+00,-7.432496271779208463e+00,-6.636322806338969649e+00,0.000000000000000000e+00,4.488915126810067768e+00,4.360414144670602177e+00
-4.327536970227710071e+02,-4.058155915471399453e+02,-2.413293439334961210e+00,-7.464342236290474553e+00,-6.636350450223747366e+00,0.000000000000000000e+00,4.507933062814425185e+00,4.360411545852256765e+00
-4.334976353735908106e+02,-4.065237081193697009e+02,-2.413303486832217626e+00,-7.423255024388165424e+00,-6.636383657069700348e+00,0.000000000000000000e+00,4.531151965382285596e+00,4.360406069400226237e+00
-4.342416792804056058e+02,-4.071688232028991479e+02,-2.413257510877202083e+00,-7.443843679655056889e+00,-6.636426617113960091e+00,0.000000000000000000e+00,4.459949035739523282e+00,4.360414068564621104e+00
-4.349859384882470863e+02,-4.078214273743057561e+02,-2.413246420365673384e+00,-7.440698964617342703e+00,-6.636353076549657004e+00,0.000000000000000000e+00,4.561919292784558877e+00,4.360406339188516611e+00
-4.357299248227612338e+02,-4.085056595103879431e+02,-2.413301091048207780e+00,-7.455104368948681781e+00,-6.636387877697996984e+00,0.000000000000000000e+00,4.498535232644107040e+00,4.360407810926819394e+00
-4.364742151293165762e+02,-4.091504438561609049e+02,-2.413285100147390505e+00,-7.448104621758210087e+00,-6.636497037747489891e+00,0.000000000000000000e+00,4.519268662972434569e+00,4.360417425638670075e+00
-4.372182312675284948e+02,-4.098091439795156816e+02,-2.413278487026022212e+00,-7.422311440243956504e+00,-6.636400664850188313e+00,0.000000000000000000e+00,4.484850980958642985e+00,4.360408176093051758e+00
-4.379624517599344813e+02,-4.104999634117451706e+02,-2.413284379587098627e+00,-7.462709973652875028e+00,-6.636425543859751919e+00,0.000000000000000000e+00,4.508491046720228823e+00,4.360416103586798542e+00
-4.387063371325172625e+02,-4.111435544770267825e+02,-2.413262439114928437e+00,-7.446788780110931150e+00,-6.636470942256289085e+00,0.000000000000000000e+00,4.480981418941361483e+00,4.360409466509381993e+00
-4.394504244998922786e+02,-4.118122595615367345e+02,-2.413294877961784657e+00,-7.447531467897833934e+00,-6.636350034385178454e+00,0.000000000000000000e+00,4.485113933070518755e+00,4.360412465151979333e+00
-4.401944765139227229e+02,-4.125085907014388908e+02,-2.413234039490481209e+00,-7.415916608593768444e+00,-6.636421446196308693e+00,0.000000000000000000e+00,4.462495191063497124e+00,4.360413996172878726e+00
-4.409385089134897839e+02,-4.131457150933887874e+02,-2.413253463018103062e+00,-7.454913786448176261e+00,-6.636428280495871412e+00,0.000000000000000000e+00,4.520172086052505200e+00,4.360412962167696804e+00
-4.416825138324095974e+02,-4.137894053998289223e+02,-2.413279413287470643e+00,-7.437477496513609232e+00,-6.636342329808720741e+00,0.000000000000000000e+00,4.507082265240456742e+00,4.360409377464671721e+00
-4.424269842792101031e+02,-4.144604062421984167e+02,-2.413288257098706868e+00,-7.423446691067818293e+00,-6.636338033329406194e+00,0.000000000000000000e+00,4.494635854490378613e+00,4.360413429851397460e+00
-4.431709030877919986e+02,-4.151490135245003898e+02,-2.413300391660975652e+00,-7.424531206137476858e+00,-6.636331633188208734e+00,0.000000000000000000e+00,4.428482032259015710e+00,4.360405953891346442e+00
-4.439150843854966979e+02,-4.157900151376040299e+02,-2.413260056580107893e+00,-7.458989987609811578e+00,-6.636556347117022803e+00,0.000000000000000000e+00,4.495807106416939369e+00,4.360414986521790937e+00
-4.446589504116524267e+02,-4.164623395621748614e+02,-2.413270110950348268e+00,-7.463781196348183933e+00,-6.636325780652438056e+00,0.000000000000000000e+00,4.482353456625570054e+00,4.360416733980567727e+00
-4.454031182332616368e+02,-4.171188179143330217e+02,-2.413272865508534260e+00,-7.469637661084728819e+00,-6.636273276130069121e+00,0.000000000000000000e+00,4.569984191934111095e+00,4.360409214308869075e+00
-4.461472509211229180e+02,-4.177946111799572009e+02,-2.413270085524376274e+00,-7.470781706289267632e+00,-6.636330601637334681e+00,0.000000000000000000e+00,4.516254907057990486e+00,4.360408891925309227e+00
-4.468913035021950009e+02,-4.184615064381845855e+02,-2.413271099322723323e+00,-7.432325737413294497e+00,-6.636572846413791638e+00,0.000000000000000000e+00,4.529828462996536409e+00,4.360410792125894552e+00
-4.476352820806869772e+02,-4.191164824946523595e+02,-2.413266950860372795e+00,-7.486931708667227348e+00,-6.636366025930702683e+00,0.000000000000000000e+00,4.505122422525730919e+00,4.360410616990492372e+00
-4.483792840276862535e+02,-4.197783681548999652e+02,-2.413284060829657740e+00,-7.425131739945626919e+00,-6.636304328485809201e+00,0.000000000000000000e+00,4.515404491277694277e+00,4.360412829983526528e+00
-4.491237139350653251e+02,-4.204298073188323883e+02,-2.413320308491662569e+00,-7.445600180812938618e+00,-6.636418099082788125e+00,0.000000000000000000e+00,4.477260076101766018e+00,4.360411540731930380e+00
-4.498677312406510964e+02,-4.211083691191608409e+02,-2.413301460501692475e+00,-7.425229303750517929e+00,-6.636568964748206234e+00,0.000000000000000000e+00,4.496132942615035155e+00,4.360409832054901180e+00
-4.506118053234637273e+02,-4.217462815019129607e+02,-2.413267353915732549e+00,-7.436543694508887192e+00,-6.636287050332084547e+00,0.000000000000000000e+00,4.504336222765709330e+00,4.360411308864497570e+00
-4.513560330703218142e+02,-4.224492617199105098e+02,-2.413276633485762712e+00,-7.428968508883659005e+00,-6.636516960706457802e+00,0.000000000000000000e+00,4.537445852313424233e+00,4.360413001665613741e+00
-4.520998222354072595e+02,-4.230841727187921606e+02,-2.413288621962960789e+00,-7.440915669932364196e+00,-6.636455671612235818e+00,0.000000000000000000e+00,4.519265711094248239e+00,4.360413024582253882e+00
-4.528439413633959703e+02,-4.237519605102410196e+02,-2.413275636232430799e+00,-7.447738334188591658e+00,-6.636516007958445762e+00,0.000000000000000000e+00,4.526135509636919352e+00,4.360413167488121466e+00
-4.535882225928529010e+02,-4.244033075661043881e+02,-2.413246634368563903e+00,-7.462533475111596815e+00,-6.636410798209803730e+00,0.000000000000000000e+00,4.477173419250077835e+00,4.360410307305028432e+00
-4.543319367426308872e+02,-4.250763056774893016e+02,-2.413305323645889011e+00,-7.428800582699532029e+00,-6.636547310907956465e+00,0.000000000000000000e+00,4.534421426512754927e+00,4.360408552425805162e+00
-4.550759241816761005e+02,-4.257280020902458091e+02,-2.413277806483616228e+00,-7.475493672185629990e+00,-6.636315831102291618e+00,0.000000000000000000e+00,4.515053582448466329e+00,4.360415205965885832e+00
-4.558202199409691389e+02,-4.264008447950953382e+02,-2.413304761874724758e+00,-7.451979696017434485e+00,-6.636431012348147362e+00,0.000000000000000000e+00,4.489472741688958379e+00,4.360414007518264690e+00
-4.565644662248201939e+02,-4.270816585548148510e+02,-2.413259865768304202e+00,-7.440253237386281526e+00,-6.636531739020614218e+00,0.000000000000000000e+00,4.470207397527581783e+00,4.360412184776277122e+00
-4.573083026719690452e+02,-4.277279529365454209e+02,-2.413254295767995661e+00,-7.430087816463630368e+00,-6.636428249448129257e+00,0.000000000000000000e+00,4.458563419517433957e+00,4.360414097081718232e+00
-4.580525998069680895e+02,-4.283903175035800359e+02,-2.413253239721049770e+00,-7.438616819671395319e+00,-6.636446236628798623e+00,0.000000000000000000e+00,4.477464663233113207e+00,4.360410133618978890e+00
-4.587968412393698259e+02,-4.290581642041357213e+02,-2.413250909561111435e+00,-7.425162414871996575e+00,-6.636442553549984247e+00,0.000000000000000000e+00,4.553698194445107816e+00,4.360413342732667452e+00
-4.595406212957174148e+02,-4.297516004315814939e+02,-2.413269405482324270e+00,-7.437761995357092815e+00,-6.636407003558105977e+00,0.000000000000000000e+00,4.410462629051965955e+00,4.360411635336795655e+00
-4.602848740347248508e+02,-4.303676811474988426e+02,-2.413267199676142116e+00,-7.418896273256201823e+00,-6.636417824526812836e+00,0.000000000000000000e+00,4.488662647663165473e+00,4.360411243704469086e+00
-4.610288931622881137e+02,-4.310596232344814212e+02,-2.413287605636833977e+00,-7.454520614785715260e+00,-6.636459879210518054e+00,0.000000000000000000e+00,4.542476009138092685e+00,4.360421033665237367e+00
-4.617728433502142025e+02,-4.317187869573522789e+02,-2.413285707060428553e+00,-7.467687693124113402e+00,-6.636616569586427872e+00,0.000000000000000000e+00,4.513433337695974323e+00,4.360416564855277954e+00
-4.625170286268036079e+02,-4.323860877713610193e+02,-2.413274744197107857e+00,-7.456620069024254782e+00,-6.636350298368228984e+00,0.000000000000000000e+00,4.529408858813191330e+00,4.360415717274636727e+00
-4.632612430642630557e+02,-4.330445470917743478e+02,-2.413248792765958051e+00,-7.433575511403718750e+00,-6.636418959362316627e+00,0.000000000000000000e+00,4.472273647933853624e+00,4.360413287755299017e+00
-4.640052863194115957e+02,-4.336895820643873094e+02,-2.413269083923862635e+00,-7.418916855802154764e+00,-6.636564052275389258e+00,0.000000000000000000e+00,4.492402197255212393e+00,4.360415571606178986e+00
-4.647490537677838915e+02,-4.343566011025034186e+02,-2.413300394093332191e+00,-7.424633088649102319e+00,-6.636204550769164712e+00,0.000000000000000000e+00,4.504340826201608472e+00,4.360408747121154782e+00
-4.654932703806897507e+02,-4.350294747678030944e+02,-2.413270689098167665e+00,-7.434871971255211598e+00,-6.636451854513362392e+00,0.000000000000000000e+00,4.412353316402172432e+00,4.360413541353122646e+00
-4.662372559665604967e+02,-4.357016705997536405e+02,-2.413240797357667500e+00,-7.409991156299843951e+00,-6.636507891608130372e+00,0.000000000000000000e+00,4.517850749369176633e+00,4.360413271670300794e+00
-4.669814241090007840e+02,-4.363799217796573089e+02,-2.413221746203487950e+00,-7.428620951136280404e+00,-6.636483271058021494e+00,0.000000000000000000e+00,4.558012022055637935e+00,4.360411109870528712e+00
-4.677254512479622122e+02,-4.370084545203208677e+02,-2.413288962078215416e+00,-7.462444294148103729e+00,-6.636424426290312262e+00,0.000000000000000000e+00,4.542884451906566312e+00,4.360413166064163626e+00
-4.684695406732107585e+02,-4.377014345465674978e+02,-2.413301877815590135e+00,-7.460372093450874154e+00,-6.636388440640754283e+00,0.000000000000000000e+00,4.542818603645935482e+00,4.360410556559271456e+00
-4.692137784278602908e+02,-4.383692250412465796e+02,-2.413265617621995318e+00,-7.397945124835847430e+00,-6.636377282562730962e+00,0.000000000000000000e+00,4.554691793325773119e+00,4.360411752242495886e+00
-4.699578523421156433e+02,-4.390149168088850615e+02,-2.413266843996479061e+00,-7.425126280419393154e+00,-6.636490447336738541e+00,0.000000000000000000e+00,4.506107755838765883e+00,4.360411230843596719e+00
-4.707018854929176541e+02,-4.396915267693692044e+02,-2.413304845059280446e+00,-7.454374984879284405e+00,-6.636435821104286426e+00,0.000000000000000000e+00,4.513001472486716459e+00,4.360417028824857155e+00
-4.714461131514767658e+02,-4.403338828918795684e+02,-2.413257105186676910e+00,-7.419303190240420065e+00,-6.636522066537110298e+00,0.000000000000000000e+00,4.568321104236222396e+00,4.360413494333659656e+00
-4.721900978907470972e+02,-4.410105624873190209e+02,-2.413301140953580948e+00,-7.436036652701591088e+00,-6.636409356763104839e+00,0.000000000000000000e+00,4.503109971834907022e+00,4.360408712524401764e+00
-4.729342072192856676e+02,-4.416632509580332453e+02,-2.413273965555406519e+00,-7.451223138034406723e+00,-6.636410629243957082e+00,0.000000000000000000e+00,4.480568079082479116e+00,4.360411174989694771e+00
-4.736783082930796240e+02,-4.423438279392312893e+02,-2.413275798951462381e+00,-7.451309300805567304e+00,-6.636391951160393710e+00,0.000000000000000000e+00,4.466054886045989214e+00,4.360410928231430283e+00
-4.744223653718767650e+02,-4.429848534459390521e+02,-2.413289506387507721e+00,-7.423510399153726347e+00,-6.636574548342970559e+00,0.000000000000000000e+00,4.458988409897314931e+00,4.360417061956010087e+00
-4.751662032120522099e+02,-4.436397857706076024e+02,-2.413293058034809313e+00,-7.410253432640324434e+00,-6.636300205587259526e+00,0.000000000000000000e+00,4.562367588095437299e+00,4.360410968697089551e+00
-4.759105099033656643e+02,-4.443187689477962294e+02,-2.413273259743583310e+00,-7.420953727355811935e+00,-6.636499656427775840e+00,0.000000000000000000e+00,4.537701556287001559e+00,4.360412809448564353e+00
-4.766545103908303531e+02,-4.449832612262011367e+02,-2.413255867337442240e+00,-7.453809727453752920e+00,-6.636466368164198215e+00,0.000000000000000000e+00,4.429164239344087761e+00,4.360416596279608648e+00
-4.773987459591725155e+02,-4.456626937123622270e+02,-2.413243982776742680e+00,-7.435580184679892568e+00,-6.636394683195653066e+00,0.000000000000000000e+00,4.473635557338342394e+00,4.360411187060329929e+00
-4.781426018356394820e+02,-4.463352418695766346e+02,-2.413292449947306295e+00,-7.455080074937899148e+00,-6.636449037225420788e+00,0.000000000000000000e+00,4.507455004728336156e+00,4.360414211385719163e+00
-4.788867221275443171e+02,-4.469915851326773577e+02,-2.413267681639185369e+00,-7.425590863810261233e+00,-6.636460434135340591e+00,0.000000000000000000e+00,4.524897546587837383e+00,4.360412019985966836e+00
-4.796309500615041088e+02,-4.476487234559439798e+02,-2.413259164393890988e+00,-7.432954237275597897e+00,-6.636444102092515784e+00,0.000000000000000000e+00,4.478986527587472288e+00,4.360410382718201028e+00
-4.803747489199301413e+02,-4.483151769762146159e+02,-2.413282290180663647e+00,-7.435757026002980830e+00,-6.636274458942272858e+00,0.000000000000000000e+00,4.488290394455157539e+00,4.360415787386231479e+00
-4.811186347887424972e+02,-4.489858776975375463e+02,-2.413289447679686006e+00,-7.463945280480703381e+00,-6.636457410651574129e+00,0.000000000000000000e+00,4.452525221985832005e+00,4.360412320870291403e+00
-4.818631311958064316e+02,-4.496182848591965353e+02,-2.413302441757583239e+00,-7.486441752460617494e+00,-6.636660923531052525e+00,0.000000000000000000e+00,4.449879589793016343e+00,4.360406484899137958e+00
-4.826071098906330121e+02,-4.502874299622919239e+02,-2.413278919452876536e+00,-7.438470489619826154e+00,-6.636405544244754928e+00,0.000000000000000000e+00,4.503085594814121961e+00,4.360408621159166387e+00
-4.833513778276273456e+02,-4.509635302873978162e+02,-2.413264095435701417e+00,-7.455204037007698403e+00,-6.636345801220816298e+00,0.000000000000000000e+00,4.504289004764847171e+00,4.360415414258563160e+00
-4.840955452757135618e+02,-4.516198012296168827e+02,-2.413271761616627931e+00,-7.441408387474282904e+00,-6.636418071967997712e+00,0.000000000000000000e+00,4.496355602512012162e+00,4.360413711893780686e+00
-4.848393261752918306e+02,-4.522963155328919242e+02,-2.413256841382180440e+00,-7.448681777031179507e+00,-6.636324091150445525e+00,0.000000000000000000e+00,4.539334203497429776e+00,4.360406369334627996e+00
-4.855836121868027817e+02,-4.529670985279161641e+02,-2.413244828979687728e+00,-7.411302467115380210e+00,-6.636366093730975635e+00,0.000000000000000000e+00,4.486003438015436551e+00,4.360409875031961313e+00
-4.863276010537321667e+02,-4.536250950085014892e+02,-2.413243848777880007e+00,-7.453303966062461150e+00,-6.636483054494376255e+00,0.000000000000000000e+00,4.546440685761894862e+00,4.360413915517222350e+00
-4.870718397909369060e+02,-4.542875858338753687e+02,-2.413285876371940031e+00,-7.452916969917036560e+00,-6.636503025453253990e+00,0.000000000000000000e+00,4.504663745404455355e+00,4.360411235202087177e+00
-4.878158222549975562e+02,-4.549473434815519113e+02,-2.413248840648679838e+00,-7.439723875365872097e+00,-6.636455095793788672e+00,0.000000000000000000e+00,4.492508266193867783e+00,4.360411227165633896e+00
-4.885598713395280015e+02,-4.556027872922687152e+02,-2.413258696505605982e+00,-7.460924770762503933e+00,-6.636549238445920373e+00,0.000000000000000000e+00,4.516883577066276523e+00,4.360414150432555758e+00
-4.893038582668100389e+02,-4.562665507483368970e+02,-2.413264274896871786e+00,-7.466585338938794614e+00,-6.636514128559796610e+00,0.000000000000000000e+00,4.452335552666690788e+00,4.360408958727347795e+00
-4.900479645737268584e+02,-4.569457857422323741e+02,-2.413261056889766998e+00,-7.445598739777997466e+00,-6.636398576376879355e+00,0.000000000000000000e+00,4.487816802272300620e+00,4.360412673584773025e+00
-4.907919259460543344e+02,-4.576093581214494748e+02,-2.413289282602060215e+00,-7.409768713840188425e+00,-6.636424200192176492e+00,0.000000000000000000e+00,4.531184558374181215e+00,4.360407170112400088e+00
-4.915362339540938024e+02,-4.582557077851649865e+02,-2.413330311497401848e+00,-7.456386953859629685e+00,-6.636399031576954322e+00,0.000000000000000000e+00,4.478821182338298179e+00,4.360411421183577829e+00
-4.922801624741790079e+02,-4.589242447955715534e+02,-2.413244319644505698e+00,-7.448731569619302384e+00,-6.636374304494463416e+00,0.000000000000000000e+00,4.417111722039003041e+00,4.360412486859961412e+00
-4.930242396565037097e+02,-4.595833851573375455e+02,-2.413281035691306808e+00,-7.444295669474200849e+00,-6.636334091747549735e+00,0.000000000000000000e+00,4.508138090286698763e+00,4.360411294135564830e+00
-4.937682499504473981e+02,-4.602699889899242862e+02,-2.413263841808341414e+00,-7.421719659010744152e+00,-6.636424668632276536e+00,0.000000000000000000e+00,4.498567096025345435e+00,4.360409958688207688e+00
-4.945125133081448325e+02,-4.609214656786857631e+02,-2.413252089495868447e+00,-7.445912532025125152e+00,-6.636321039874125916e+00,0.000000000000000000e+00,4.442048454144875258e+00,4.360414339223726898e+00
-4.952568236220285485e+02,-4.616015731264153032e+02,-2.413277837805817505e+00,-7.447802794789727621e+00,-6.636345327622151125e+00,0.000000000000000000e+00,4.506752634145268388e+00,4.360409513918884983e+00
-4.960005733525165965e+02,-4.622793102539590109e+02,-2.413277392341587113e+00,-7.446349661774995354e+00,-6.636366148322204950e+00,0.000000000000000000e+00,4.525711181428396124e+00,4.360411785640796012e+00
-4.967448400040241268e+02,-4.629055301139651988e+02,-2.413312372465648004e+00,-7.425338736368355619e+00,-6.636264046681774609e+00,0.000000000000000000e+00,4.512952855829456489e+00,4.360414445979867715e+00
-4.974889202473584646e+02,-4.635463480371446963e+02,-2.413244690899672307e+00,-7.448646022291049995e+00,-6.636456810870061673e+00,0.000000000000000000e+00,4.442562756457474116e+00,4.360405283508218766e+00
-4.982327875485092932e+02,-4.642426548406467077e+02,-2.413257940170984828e+00,-7.457942457670950098e+00,-6.636422037992396383e+00,0.000000000000000000e+00,4.500733165841094063e+00,4.360408264219029384e+00
-4.989770489817567523e+02,-4.649032478468350860e+02,-2.413312940065055923e+00,-7.419037614935906078e+00,-6.636385442394391099e+00,0.000000000000000000e+00,4.548833754064872004e+00,4.360413690029167455e+00
-4.997211518060009325e+02,-4.655867030546302203e+02,-2.413282600900926056e+00,-7.453751641271387562e+00,-6.636498905271900561e+00,0.000000000000000000e+00,4.518367504234020338e+00,4.360412523836703080e+00
-5.004650846468047689e+02,-4.662390212539676781e+02,-2.413275196893065910e+00,-7.451187043478037175e+00,-6.636426008251000042e+00,0.000000000000000000e+00,4.523476163103732794e+00,4.360414014482335787e+00
-5.012094316572328125e+02,-4.668973029709182470e+02,-2.413267951768164554e+00,-7.450410429983239879e+00,-6.636401196679649672e+00,0.000000000000000000e+00,4.495521019862906087e+00,4.360410904679203448e+00
-5.019534214787479414e+02,-4.675507841894655598e+02,-2.413236506464517817e+00,-7.414922983361726949e+00,-6.636241482090777133e+00,0.000000000000000000e+00,4.518495178775305376e+00,4.360413001617270190e+00
-5.026976062929535942e+02,-4.681956557479505250e+02,-2.413299289479645449e+00,-7.430632728309279678e+00,-6.636300884810131251e+00,0.000000000000000000e+00,4.551843105119929511e+00,4.360406673804919642e+00
-5.034415816887718051e+02,-4.688762331909624663e+02,-2.413265412173899449e+00,-7.439995127632815120e+00,-6.636465696995256458e+00,0.000000000000000000e+00,4.528580541971488849e+00,4.360410000043576595e+00
-5.041855811516306858e+02,-4.695703708293189607e+02,-2.413293494025237518e+00,-7.426394768922512490e+00,-6.636427846462570557e+00,0.000000000000000000e+00,4.522031977024064453e+00,4.360409894980266543e+00
-5.049294655321784830e+02,-4.702124827795830697e+02,-2.413276578958711394e+00,-7.452716422997354151e+00,-6.636398049352255413e+00,0.000000000000000000e+00,4.467045148908130869e+00,4.360408972269897099e+00
-5.056737540550457197e+02,-4.708790844336855343e+02,-2.413267850249337876e+00,-7.442731267562368913e+00,-6.636440442944476104e+00,0.000000000000000000e+00,4.519902156668545778e+00,4.360409784065667260e+00
-5.064177754789565142e+02,-4.715316277757428338e+02,-2.413268428348558370e+00,-7.433618833047780150e+00,-6.636477249195681161e+00,0.000000000000000000e+00,4.469703783230101202e+00,4.360412716369743258e+00
-5.071620504970674688e+02,-4.722009870672678176e+02,-2.413254184340529740e+00,-7.412623200793514222e+00,-6.636374137605093537e+00,0.000000000000000000e+00,4.510546655097810387e+00,4.360412367403795564e+00
-5.079058238913380023e+02,-4.728742301497244398e+02,-2.413273017096206452e+00,-7.430556249686293135e+00,-6.636334096247721526e+00,0.000000000000000000e+00,4.501162345045374380e+00,4.360410203471292157e+00
-5.086501298771430015e+02,-4.735346515798624409e+02,-2.413258819379275444e+00,-7.443865497841304801e+00,-6.636296059826142901e+00,0.000000000000000000e+00,4.508556875749573756e+00,4.360407479779427220e+00
-5.093941426239471753e+02,-4.742081386599459734e+02,-2.413319414490369130e+00,-7.461102263395326339e+00,-6.636507665866250072e+00,0.000000000000000000e+00,4.472724471645382671e+00,4.360416072691590372e+00
-5.101382235553036821e+02,-4.748632548320519504e+02,-2.413274271602565690e+00,-7.424883773859058955e+00,-6.636474777146670334e+00,0.000000000000000000e+00,4.509047930138613047e+00,4.360413335048164640e+00
-5.108825358317369023e+02,-4.755035250386062557e+02,-2.413279718685483743e+00,-7.454368222066825034e+00,-6.636612156475738544e+00,0.000000000000000000e+00,4.457460213617309819e+00,4.360409564593254572e+00
-5.116264749594350860e+02,-4.761709849203831482e+02,-2.413262010476526775e+00,-7.446102094888377820e+00,-6.636387537082179655e+00,0.000000000000000000e+00,4.524938056527382457e+00,4.360407106152085710e+00
-5.123702476862347339e+02,-4.768188411971607366e+02,-2.413265112132182644e+00,-7.466013950660663312e+00,-6.636501606672122300e+00,0.000000000000000000e+00,4.520054628256493956e+00,4.360411769688009365e+00
-5.131145632938794279e+02,-4.775418370253433977e+02,-2.413266798395225177e+00,-7.424442783278127678e+00,-6.636409086992570039e+00,0.000000000000000000e+00,4.488027706674050599e+00,4.360414438636479595e+00
-5.138587329381031168e+02,-4.781835396514696299e+02,-2.413305413105618857e+00,-7.445259093216392010e+00,-6.636457983463462718e+00,0.000000000000000000e+00,4.516887468075759138e+00,4.360410106424776444e+00
-5.146028611335036658e+02,-4.788431330197491320e+02,-2.413300800011994429e+00,-7.448780702072048676e+00,-6.636503716706538825e+00,0.000000000000000000e+00,4.460222417970384434e+00,4.360415002381733629e+00
-5.153467921884949874e+02,-4.794959896001568040e+02,-2.413259249832368614e+00,-7.465436387164169574e+00,-6.636415762551314934e+00,0.000000000000000000e+00,4.455125996948340550e+00,4.360408759549403435e+00
-5.160910542510994219e+02,-4.801718261116557755e+02,-2.413271574635229566e+00,-7.464067730165649728e+00,-6.636380028895214167e+00,0.000000000000000000e+00,4.547507508273352705e+00,4.360415314614927595e+00
-5.168350583804939333e+02,-4.808351007576352458e+02,-2.413305028991185264e+00,-7.452228294379835916e+00,-6.636511342239360900e+00,0.000000000000000000e+00,4.549096572735303212e+00,4.360410445395465295e+00
-5.175791496011561321e+02,-4.815004640188525400e+02,-2.413238590233567571e+00,-7.452265468670353776e+00,-6.636338184718393762e+00,0.000000000000000000e+00,4.514589678087277846e+00,4.360409462679552206e+00
-5.183233005728214948e+02,-4.821392159571654474e+02,-2.413267842568330934e+00,-7.430500524975841792e+00,-6.636401639527267804e+00,0.000000000000000000e+00,4.499128169770467700e+00,4.360410041453276264e+00
-5.190671897070168370e+02,-4.828349668278840454e+02,-2.413292538988117020e+00,-7.439145317266199875e+00,-6.636377011022668526e+00,0.000000000000000000e+00,4.503980786887591847e+00,4.360411212696184258e+00
-5.198114178676896699e+02,-4.834790422990784009e+02,-2.413287066682430204e+00,-7.420431741664874181e+00,-6.636493079998079025e+00,0.000000000000000000e+00,4.471957005408915720e+00,4.360409591795908923e+00
-5.205555105711041506e+02,-4.841366572156803159e+02,-2.413240615062580030e+00,-7.461124387139912884e+00,-6.636356383172673290e+00,0.000000000000000000e+00,4.552574755950576701e+00,4.360411907979487189e+00
-5.212995250675146508e+02,-4.847900889626200751e+02,-2.413246117654976430e+00,-7.384990858220265686e+00,-6.636361203997777736e+00,0.000000000000000000e+00,4.528173160730353253e+00,4.360410907676185666e+00
-5.220434562614133256e+02,-4.854805178772816703e+02,-2.413299410264387657e+00,-7.424112833768298891e+00,-6.636415964902776743e+00,0.000000000000000000e+00,4.519877146877703034e+00,4.360408046569042462e+00
-5.227876997944372306e+02,-4.861449264516912194e+02,-2.413243565753254050e+00,-7.421416995195909472e+00,-6.636403788293229411e+00,0.000000000000000000e+00,4.531705109124080977e+00,4.360412226770773891e+00
-5.235318651290629077e+02,-4.868054989830291674e+02,-2.413257507005946323e+00,-7.423579653820620905e+00,-6.636429796328529918e+00,0.000000000000000000e+00,4.484107326621451506e+00,4.360411608309826548e+00
-5.242759218461420687e+02,-4.874605402975936386e+02,-2.413284500128367149e+00,-7.439069055876853298e+00,-6.636439018076925045e+00,0.000000000000000000e+00,4.525022384561441235e+00,4.360412688861985409e+00
-5.250199646244044516e+02,-4.881275811991995965e+02,-2.413295648541536664e+00,-7.468916510206928372e+00,-6.636392665451667838e+00,0.000000000000000000e+00,4.507347951627156846e+00,4.360413948186964817e+00
-5.257638806438465053e+02,-4.888095121942465084e+02,-2.413252516149208660e+00,-7.427370266207759641e+00,-6.636435421115451483e+00,0.000000000000000000e+00,4.541511526676993427e+00,4.360408529454381288e+00
-5.265082029230186436e+02,-4.894297576370188949e+02,-2.413300392240858017e+00,-7.431229693052747720e+00,-6.636440875148217344e+00,0.000000000000000000e+00,4.467692790424917959e+00,4.360412571536172344e+00
-5.272523212956679117e+02,-4.901168100317719336e+02,-2.413306452797734369e+00,-7.443720491853962784e+00,-6.636497051836531824e+00,0.000000000000000000e+00,4.474629173912551217e+00,4.360408958987110672e+00
-5.279962559732207410e+02,-4.907861791769677211e+02,-2.413297812464173742e+00,-7.434553142686578298e+00,-6.636638429007985174e+00,0.000000000000000000e+00,4.441577166864602688e+00,4.360410962195453877e+00
-5.287403196039654176e+02,-4.914454597738072152e+02,-2.413287176876301565e+00,-7.454000846181379814e+00,-6.636496133959711941e+00,0.000000000000000000e+00,4.509872874867481229e+00,4.360413501639850864e+00
-5.294844230090643578e+02,-4.920960532187432364e+02,-2.413284545689589056e+00,-7.405568359870504658e+00,-6.636558355231605866e+00,0.000000000000000000e+00,4.601740186233628016e+00,4.360412745303773541e+00
-5.302282366513941270e+02,-4.927802042009393517e+02,-2.413273896308101296e+00,-7.404329422450347309e+00,-6.636334909281019101e+00,0.000000000000000000e+00,4.517307096236322650e+00,4.360412583615062232e+00
-5.309723354918212408e+02,-4.934323666137238433e+02,-2.413256924984181762e+00,-7.456696641225737388e+00,-6.636397832210699121e+00,0.000000000000000000e+00,4.456439203095951207e+00,4.360413330980813740e+00
-5.317167227133401184e+02,-4.941062120296059561e+02,-2.413268241449516349e+00,-7.447544444553063414e+00,-6.636492148878964770e+00,0.000000000000000000e+00,4.466366944771942293e+00,4.360409758365002553e+00
-5.324606609740425256e+02,-4.947539172382884090e+02,-2.413286817691862485e+00,-7.453722475648108414e+00,-6.636310714382675613e+00,0.000000000000000000e+00,4.593906005310059548e+00,4.360412942675864656e+00
-5.332049310276614733e+02,-4.954150061750852387e+02,-2.413252334582871139e+00,-7.421010521005121596e+00,-6.636436373414817069e+00,0.000000000000000000e+00,4.501506633348448361e+00,4.360409913111668700e+00
-5.339488593888285095e+02,-4.961047274142123342e+02,-2.413296631610954979e+00,-7.455350345222825581e+00,-6.636306983476651489e+00,0.000000000000000000e+00,4.509445264361437111e+00,4.360409972834624170e+00
-5.346929143312461292e+02,-4.967484800712375659e+02,-2.413323378587455714e+00,-7.434676336369641092e+00,-6.636447638421384632e+00,0.000000000000000000e+00,4.525455815320891695e+00,4.360409962420298768e+00
-5.354368939777930336e+02,-4.974217811883843297e+02,-2.413309108405642167e+00,-7.424856869137060222e+00,-6.636548914593384474e+00,0.000000000000000000e+00,4.444792783216063192e+00,4.360411452473307747e+00
-5.361811177994975424e+02,-4.980766049238092705e+02,-2.413260362581374885e+00,-7.440400276227910226e+00,-6.636340086512110048e+00,0.000000000000000000e+00,4.530388169725544145e+00,4.360409307410391122e+00
-5.369250274995459904e+02,-4.987301491152397830e+02,-2.413265657833902456e+00,-7.405383411159843554e+00,-6.636324919255787158e+00,0.000000000000000000e+00,4.493288452927908239e+00,4.360411435669363733e+00
-5.376691418356195982e+02,-4.994045791238633569e+02,-2.413274470506758362e+00,-7.457112521225067070e+00,-6.636378330501939260e+00,0.000000000000000000e+00,4.466221959964936872e+00,4.360409632897240151e+00
-5.384133533633699926e+02,-5.000821547798715869e+02,-2.413271320564752020e+00,-7.454205142787101224e+00,-6.636363580936302853e+00,0.000000000000000000e+00,4.527855126255322382e+00,4.360415352584729121e+00
-5.391575141524614310e+02,-5.007344686249831511e+02,-2.413287498861716340e+00,-7.454936555575858215e+00,-6.636488864974880997e+00,0.000000000000000000e+00,4.535978092442510601e+00,4.360416515481014166e+00
-5.399015109877593659e+02,-5.014106692367054734e+02,-2.413273997119178560e+00,-7.436473546008267377e+00,-6.636387598026135315e+00,0.000000000000000000e+00,4.507995933062398208e+00,4.360411815407969627e+00
-5.406458358176131469e+02,-5.020886650381527829e+02,-2.413303577453051574e+00,-7.424669844637764804e+00,-6.636544958589715826e+00,0.000000000000000000e+00,4.493780519937904394e+00,4.360411219203323085e+00
-5.413897099904011156e+02,-5.027491853839040914e+02,-2.413290632473914510e+00,-7.469953805160256977e+00,-6.636428733347516484e+00,0.000000000000000000e+00,4.498335878610760119e+00,4.360417650481383411e+00
-5.421337807206882644e+02,-5.033860772292414936e+02,-2.413275386188920901e+00,-7.419485529644687993e+00,-6.636528631864916150e+00,0.000000000000000000e+00,4.472528131375470117e+00,4.360412682720842703e+00
-5.428778692300841158e+02,-5.040427239025494828e+02,-2.413269677551511005e+00,-7.491055494034727147e+00,-6.636464044132071471e+00,0.000000000000000000e+00,4.462075760761143428e+00,4.360419023210344136e+00
-5.436221704685766554e+02,-5.047457646616809939e+02,-2.413264995630807874e+00,-7.460885565974449740e+00,-6.636449308642523803e+00,0.000000000000000000e+00,4.482213743092987812e+00,4.360411417512501941e+00
-5.443661331079208594e+02,-5.053555345952170228e+02,-2.413266260450488865e+00,-7.412006780203265421e+00,-6.636515061318541520e+00,0.000000000000000000e+00,4.473995243878621686e+00,4.360417296018726852e+00
-5.451100579049559656e+02,-5.060623259922396642e+02,-2.413264597562858160e+00,-7.422151124024503055e+00,-6.636359531906353304e+00,0.000000000000000000e+00,4.509063256263710961e+00,4.360409932386591692e+00
-5.458540841897487326e+02,-5.067067547766750977e+02,-2.413283613377781744e+00,-7.439699000144232244e+00,-6.636251701891211496e+00,0.000000000000000000e+00,4.535610418247591369e+00,4.360412265729977754e+00
-5.465984927387644348e+02,-5.073560765832492621e+02,-2.413293229249159122e+00,-7.437102613195362366e+00,-6.636378320213871973e+00,0.000000000000000000e+00,4.440015636570012525e+00,4.360415368225390331e+00
-5.473422013601922345e+02,-5.080176043771795662e+02,-2.413235117420772458e+00,-7.431365091799929878e+00,-6.636362107461113879e+00,0.000000000000000000e+00,4.486127591827393069e+00,4.360414434960672381e+00
-5.480864016672741172e+02,-5.086802502635724750e+02,-2.413243856185015801e+00,-7.408285521575169064e+00,-6.636507461677491726e+00,0.000000000000000000e+00,4.500712706505463956e+00,4.360414504685848236e+00
-5.488305412969461941e+02,-5.093690484713066553e+02,-2.413275795916710820e+00,-7.435474593677308341e+00,-6.636517788481898883e+00,0.000000000000000000e+00,4.453643598423682626e+00,4.360412591984458075e+00
-5.495743576075827832e+02,-5.100444343174717119e+02,-2.413267717137131729e+00,-7.460484833632429869e+00,-6.636663764668288223e+00,0.000000000000000000e+00,4.505846660217414978e+00,4.360413927633128850e+00
-5.503188135900807083e+02,-5.107047893418362605e+02,-2.413282533546103004e+00,-7.385467010881535010e+00,-6.636194761808170917e+00,0.000000000000000000e+00,4.520473547633663713e+00,4.360416659123297123e+00
-5.510629110683744329e+02,-5.113514982961675059e+02,-2.413315407394867940e+00,-7.427402335861398974e+00,-6.636448957878760879e+00,0.000000000000000000e+00,4.488160921998532338e+00,4.360413330667105569e+00
-5.518068861185182641e+02,-5.120179631286772519e+02,-2.413238373217815536e+00,-7.458775841615830515e+00,-6.636327007976600356e+00,0.000000000000000000e+00,4.429090152736766761e+00,4.360415992109372141e+00
-5.525507853534678588e+02,-5.126657218848777120e+02,-2.413275748699181378e+00,-7.454118081633986925e+00,-6.636359196751023148e+00,0.000000000000000000e+00,4.480003082537633574e+00,4.360413546786873873e+00
-5.532948176937387643e+02,-5.133649279334963467e+02,-2.413277452258700162e+00,-7.444714134315156606e+00,-6.636342979602576797e+00,0.000000000000000000e+00,4.512376545018420337e+00,4.360410931975554405e+00
-5.540390601194110332e+02,-5.139963820657044380e+02,-2.413294911690675004e+00,-7.447865307201113616e+00,-6.636348406238433029e+00,0.000000000000000000e+00,4.497965996572751202e+00,4.360410052819730709e+00
-5.547832550973644175e+02,-5.146861264896126613e+02,-2.413263338160461569e+00,-7.462140026517367630e+00,-6.636460241942485183e+00,0.000000000000000000e+00,4.485441608093566401e+00,4.360414301934389059e+00
-5.555274624340247556e+02,-5.153298597067275750e+02,-2.413292221192527176e+00,-7.464335639455538463e+00,-6.636263414566523799e+00,0.000000000000000000e+00,4.514314296358783452e+00,4.360411401333171177e+00
-5.562714341973472756e+02,-5.160176483048091995e+02,-2.413233909695203572e+00,-7.442881297433062926e+00,-6.636320174756490609e+00,0.000000000000000000e+00,4.477911992151050846e+00,4.360412988898476172e+00
-5.570155546356760397e+02,-5.166575259606280497e+02,-2.413270508698732275e+00,-7.421243042045124305e+00,-6.636428843546435807e+00,0.000000000000000000e+00,4.504783793956973703e+00,4.360412102914004606e+00
-5.577594026207053730e+02,-5.173281122896620445e+02,-2.413234619100145029e+00,-7.433058807979984195e+00,-6.636569987966037587e+00,0.000000000000000000e+00,4.486673699073716826e+00,4.360412266693487027e+00
-5.585034612552384488e+02,-5.180050785460099405e+02,-2.413274181829446530e+00,-7.429315950542172864e+00,-6.636534653532947026e+00,0.000000000000000000e+00,4.513786961572009204e+00,4.360413884439619636e+00
-5.592479473286646225e+02,-5.186693113617446897e+02,-2.413273536205147174e+00,-7.447973589891211610e+00,-6.636432466164611021e+00,0.000000000000000000e+00,4.501620106565580315e+00,4.360413794521586617e+00
-5.599916825720023326e+02,-5.193025575884726095e+02,-2.413269493719659486e+00,-7.457397001695031058e+00,-6.636559762383848593e+00,0.000000000000000000e+00,4.506345405900303192e+00,4.360414193584216669e+00
-5.607359257125883687e+02,-5.199812766984779273e+02,-2.413298068936645002e+00,-7.446679311606672513e+00,-6.636351496809137274e+00,0.000000000000000000e+00,4.547216309533708589e+00,4.360408284254256195e+00
-5.614799500400347370e+02,-5.206526187396400474e+02,-2.413305590552390800e+00,-7.423807794959153661e+00,-6.636420166838027157e+00,0.000000000000000000e+00,4.487559852154687334e+00,4.360406675470649418e+00
-5.622239085317745548e+02,-5.212970653312692093e+02,-2.413282550276398375e+00,-7.442212474305275549e+00,-6.636343870250521526e+00,0.000000000000000000e+00,4.415029580828316647e+00,4.360407517276733813e+00
-5.629679321969648527e+02,-5.219700942501659711e+02,-2.413273589759116433e+00,-7.425165952339385811e+00,-6.636587976731011196e+00,0.000000000000000000e+00,4.526073375835943047e+00,4.360411375007307022e+00
-5.637122385375882914e+02,-5.226633146126577003e+02,-2.413304618492039477e+00,-7.459603450670569735e+00,-6.636378478389140412e+00,0.000000000000000000e+00,4.507524034378288746e+00,4.360411475648775514e+00
-5.644564284964358194e+02,-5.233017412410811176e+02,-2.413270100128850792e+00,-7.421779247145585678e+00,-6.636404889435699950e+00,0.000000000000000000e+00,4.515851484825548212e+00,4.360413099808840620e+00
-5.652003024321601288e+02,-5.239561240552037589e+02,-2.413262865809497448e+00,-7.406518674591542784e+00,-6.636285320674755184e+00,0.000000000000000000e+00,4.500280543271168554e+00,4.360410978929807335e+00
-5.659442743806224598e+02,-5.246502430487089441e+02,-2.413301502488351957e+00,-7.437157980739712571e+00,-6.636451204493353906e+00,0.000000000000000000e+00,4.509827263988595014e+00,4.360410919779636352e+00
-5.666885311019379969e+02,-5.252965412317349774e+02,-2.413253931336385438e+00,-7.445137244503284180e+00,-6.636331107881964897e+00,0.000000000000000000e+00,4.544915869959115007e+00,4.360412204171121964e+00
-5.674327403546625419e+02,-5.259601427026485680e+02,-2.413300499559914325e+00,-7.451333578093077392e+00,-6.636505256335598624e+00,0.000000000000000000e+00,4.524774956161763839e+00,4.360412609282603214e+00
-5.681764882797239125e+02,-5.266017970330381104e+02,-2.413274742089275726e+00,-7.458337958926543720e+00,-6.636468061463657087e+00,0.000000000000000000e+00,4.561595222546741546e+00,4.360413465942866829e+00
-5.689207071282622792e+02,-5.272709800683271624e+02,-2.413287086665699910e+00,-7.441341066521271586e+00,-6.636371536299193075e+00,0.000000000000000000e+00,4.484276871486489568e+00,4.360414849225776379e+00
-5.696649230899623717e+02,-5.279572767942685232e+02,-2.413265839758753639e+00,-7.447959081372250267e+00,-6.636405883099378400e+00,0.000000000000000000e+00,4.541782924344762051e+00,4.360412567861867039e+00
-5.704090960707271734e+02,-5.286012083373551604e+02,-2.413270079366115262e+00,-7.451641135053906240e+00,-6.636528091566527010e+00,0.000000000000000000e+00,4.472113278238953882e+00,4.360410399593903641e+00
-5.711530485095112226e+02,-5.292740368056269062e+02,-2.413256271382854035e+00,-7.450699784734037934e+00,-6.636279820846763045e+00,0.000000000000000000e+00,4.512767631608975982e+00,4.360413314655997574e+00
-5.718970366541965404e+02,-5.299434117713360592e+02,-2.413240048914233160e+00,-7.442565602466474139e+00,-6.636460912733302742e+00,0.000000000000000000e+00,4.446765052914475547e+00,4.360415090486250200e+00
-5.726412298512544794e+02,-5.306148165794591023e+02,-2.413288691701504618e+00,-7.435970322038032876e+00,-6.636394474404703203e+00,0.000000000000000000e+00,4.492090326176867876e+00,4.360408795265014348e+00
-5.733852235815221547e+02,-5.312673092206345018e+02,-2.413250805235305219e+00,-7.444338996330871261e+00,-6.636400871866035445e+00,0.000000000000000000e+00,4.561758111023426210e+00,4.360401782443092955e+00
-5.741292924655276693e+02,-5.319371105431006299e+02,-2.413276612810254740e+00,-7.435790242623073532e+00,-6.636469429254225894e+00,0.000000000000000000e+00,4.552316294829662269e+00,4.360408020727777334e+00
-5.748734531938857799e+02,-5.325655602983076733e+02,-2.413298606886201902e+00,-7.419596403411143903e+00,-6.636345147597808136e+00,0.000000000000000000e+00,4.441082912271062888e+00,4.360413905888895769e+00
-5.756176782169493436e+02,-5.332645451243943171e+02,-2.413309824437533280e+00,-7.456571421696815527e+00,-6.636363080773214129e+00,0.000000000000000000e+00,4.438837786430632981e+00,4.360412421842132069e+00
-5.763616604587815573e+02,-5.339234290591741683e+02,-2.413277923940886804e+00,-7.433092261718361904e+00,-6.636430196033867190e+00,0.000000000000000000e+00,4.476769324775918157e+00,4.360411845717470314e+00
-5.771056014985141474e+02,-5.345593898114103695e+02,-2.413263311716519421e+00,-7.450625991127894032e+00,-6.636292568912195655e+00,0.000000000000000000e+00,4.496181133478944325e+00,4.360410113401938403e+00
-5.778498816191034848e+02,-5.352517041193680143e+02,-2.413284826740862421e+00,-7.408245729239816946e+00,-6.636270607463780280e+00,0.000000000000000000e+00,4.530751673234566290e+00,4.360410987078809697e+00
-5.785940832605655260e+02,-5.359161134568820444e+02,-2.413271751482044980e+00,-7.436179244803546418e+00,-6.636521167436518098e+00,0.000000000000000000e+00,4.530151198765049791e+00,4.360412470789469808e+00
-5.793376817679361466e+02,-5.365812928243783517e+02,-2.413295516312499611e+00,-7.423046489873107667e+00,-6.636437828247705895e+00,0.000000000000000000e+00,4.493198474981507040e+00,4.360413023657586429e+00
-5.800818749663877725e+02,-5.372336497116590408e+02,-2.413256395983957248e+00,-7.420818205657292665e+00,-6.636376298225151515e+00,0.000000000000000000e+00,4.502955466444197974e+00,4.360414212940683321e+00
-5.808261971437134434e+02,-5.379178592575619859e+02,-2.413296159729696466e+00,-7.439668662735074989e+00,-6.636447983408237938e+00,0.000000000000000000e+00,4.491901670188604534e+00,4.360409955512997371e+00
-5.815702016266939154e+02,-5.385752573761997155e+02,-2.413288724502244076e+00,-7.451602308405623099e+00,-6.636399598056991422e+00,0.000000000000000000e+00,4.489388600026578580e+00,4.360411728068960713e+00
-5.823140784327576966e+02,-5.392157667897643023e+02,-2.413262505046153361e+00,-7.424617903392817908e+00,-6.636488336834141855e+00,0.000000000000000000e+00,4.508459930255109605e+00,4.360408906834482679e+00
-5.830581311819225903e+02,-5.399075471093671013e+02,-2.413273092518145813e+00,-7.461878793465394288e+00,-6.636355679088149273e+00,0.000000000000000000e+00,4.498147719480805939e+00,4.360410166042907321e+00
-5.838021934409023288e+02,-5.405745082096192391e+02,-2.413277865034245906e+00,-7.422242937180675071e+00,-6.636472556662577738e+00,0.000000000000000000e+00,4.500465588308498077e+00,4.360417082080784823e+00
-5.845466125696475501e+02,-5.412241885782540294e+02,-2.413284331136010152e+00,-7.437399025840689681e+00,-6.636399659292548492e+00,0.000000000000000000e+00,4.553677146597739700e+00,4.360414075231386910e+00
-5.852906018118152360e+02,-5.418869983057855961e+02,-2.413283861624666127e+00,-7.422233037263982425e+00,-6.636376896813244386e+00,0.000000000000000000e+00,4.518439076235094554e+00,4.360409530889489460e+00
-5.860346676648064204e+02,-5.425713948945922311e+02,-2.413262641679366105e+00,-7.470585989204569621e+00,-6.636400127648345304e+00,0.000000000000000000e+00,4.488992906282602391e+00,4.360415587920393854e+00
-5.867788161664778954e+02,-5.432269606793262255e+02,-2.413259902660529033e+00,-7.443424992113524041e+00,-6.636424949742374402e+00,0.000000000000000000e+00,4.467257698369366814e+00,4.360409828544480781e+00
-5.875229084679184552e+02,-5.438454683735827757e+02,-2.413271750185568720e+00,-7.478072358454662449e+00,-6.636328121007705860e+00,0.000000000000000000e+00,4.532927756603158720e+00,4.360415309763039815e+00
-5.882667561034094206e+02,-5.445507808855772964e+02,-2.413270505386307274e+00,-7.445082900807457271e+00,-6.636508396261640463e+00,0.000000000000000000e+00,4.508249389527810180e+00,4.360411846358710264e+00
-5.890113555546336102e+02,-5.452001892349035188e+02,-2.413271116079879430e+00,-7.441446955528260077e+00,-6.636372199038818920e+00,0.000000000000000000e+00,4.482384638240926478e+00,4.360407898630862533e+00
-5.897551557820156631e+02,-5.458579794809213581e+02,-2.413291598541249083e+00,-7.424578343120950663e+00,-6.636344219601151728e+00,0.000000000000000000e+00,4.511448471179085651e+00,4.360410195601685857e+00
-5.904990350599229032e+02,-5.465195853583544476e+02,-2.413250119684448691e+00,-7.409624749213288730e+00,-6.636420156764084588e+00,0.000000000000000000e+00,4.527906150948578734e+00,4.360402791876511586e+00
-5.912432152391943418e+02,-5.472194097899555345e+02,-2.413290569713420819e+00,-7.414060194360430067e+00,-6.636339034683747862e+00,0.000000000000000000e+00,4.551731306729011273e+00,4.360411334961224128e+00
-5.919874050221255857e+02,-5.478723946211706561e+02,-2.413254963050487145e+00,-7.475095428515571072e+00,-6.636367136709005798e+00,0.000000000000000000e+00,4.563866405871834786e+00,4.360415043654020550e+00
-5.927314135330209410e+02,-5.485030322829991292e+02,-2.413252523054445042e+00,-7.440939083890088845e+00,-6.636509312670249905e+00,0.000000000000000000e+00,4.497892845492850178e+00,4.360413044138326200e+00
-5.934754059629262883e+02,-5.491668571740671041e+02,-2.413253423303462597e+00,-7.469353456244506972e+00,-6.636401946846148370e+00,0.000000000000000000e+00,4.490198594632624385e+00,4.360409462803447767e+00
-5.942197671821668337e+02,-5.498516102031770743e+02,-2.413283171194418042e+00,-7.437767897332047795e+00,-6.636330558248741518e+00,0.000000000000000000e+00,4.532552506910737300e+00,4.360412634281377819e+00
-5.949636943214012490e+02,-5.505267991595929971e+02,-2.413290821658364838e+00,-7.408103141156965776e+00,-6.636450236536076908e+00,0.000000000000000000e+00,4.501878191119805805e+00,4.360413366336769236e+00
-5.957077195310422439e+02,-5.511704855045816203e+02,-2.413288517148888701e+00,-7.447411768043272318e+00,-6.636525225468948186e+00,0.000000000000000000e+00,4.512117560720216858e+00,4.360413403572893642e+00
-5.964518083049383677e+02,-5.518483218648843831e+02,-2.413273614305164294e+00,-7.421041613960684735e+00,-6.636305077547449471e+00,0.000000000000000000e+00,4.459682693310967672e+00,4.360414152438591984e+00
-5.971958804056488361e+02,-5.524901829205208514e+02,-2.413261395541022480e+00,-7.429733474143404237e+00,-6.636529314029418813e+00,0.000000000000000000e+00,4.464220124541603774e+00,4.360410623664174423e+00
-5.979400672185593066e+02,-5.531521313121451158e+02,-2.413282584719413038e+00,-7.410411177665315208e+00,-6.636457615299709900e+00,0.000000000000000000e+00,4.537789474596974237e+00,4.360410575548460343e+00
-5.986840095888464930e+02,-5.538533671211096134e+02,-2.413304528356658984e+00,-7.431791572676759827e+00,-6.636494311356322839e+00,0.000000000000000000e+00,4.517802778076221770e+00,4.360412356898653918e+00
-5.994279190949990834e+02,-5.545082818902191093e+02,-2.413296782048862887e+00,-7.450351017296580558e+00,-6.636369798739062631e+00,0.000000000000000000e+00,4.559776931859207849e+00,4.360411887566317368e+00
-6.001720895108015839e+02,-5.551393992232573282e+02,-2.413266954143976850e+00,-7.428061453772588862e+00,-6.636526592278174874e+00,0.000000000000000000e+00,4.516118611202981192e+00,4.360410262401093640e+00
-6.009163754097133960e+02,-5.558280442197610682e+02,-2.413261880210799681e+00,-7.438427101185865808e+00,-6.636382204950423080e+00,0.000000000000000000e+00,4.480061086639175905e+00,4.360409931188394594e+00
-6.016605440807745708e+02,-5.564706074536430833e+02,-2.413284077685033502e+00,-7.443022316729502208e+00,-6.636254788840457941e+00,0.000000000000000000e+00,4.560097222169454234e+00,4.360414617442996743e+00
-6.024044763369660132e+02,-5.571499141661181511e+02,-2.413258034631577065e+00,-7.419776232614242240e+00,-6.636462369759684066e+00,0.000000000000000000e+00,4.485780544719593976e+00,4.360412069174377514e+00
-6.031486354185000209e+02,-5.578235788475286654e+02,-2.413252196553021367e+00,-7.440142097276114974e+00,-6.636489782949182015e+00,0.000000000000000000e+00,4.512629940729720346e+00,4.360413691568099992e+00
-6.038927107582831013e+02,-5.584841475420042798e+02,-2.413281084699967938e+00,-7.446230904719932653e+00,-6.636368530134901356e+00,0.000000000000000000e+00,4.476192410775499120e+00,4.360410120921586419e+00
-6.046365285404785936e+02,-5.591328810752813752e+02,-2.413305533961126681e+00,-7.442440454713196374e+00,-6.636422815050352142e+00,0.000000000000000000e+00,4.594506679230075719e+00,4.360410761285780978e+00
-6.053808634412987431e+02,-5.598108878749777659e+02,-2.413314129607093239e+00,-7.465727453662062807e+00,-6.636473143158553079e+00,0.000000000000000000e+00,4.499780897726626705e+00,4.360411855548558258e+00
-6.061248325318238130e+02,-5.604612918623389533e+02,-2.413251250846887075e+00,-7.403791408186222611e+00,-6.636501031759981295e+00,0.000000000000000000e+00,4.498549608711640779e+00,4.360412453062597393e+00
-6.068690296274614866e+02,-5.611404202171071347e+02,-2.413279363730723936e+00,-7.450779853359901672e+00,-6.636293050264012727e+00,0.000000000000000000e+00,4.485590899831572997e+00,4.360407457807443876e+00
-6.076129283002321699e+02,-5.617836361075129616e+02,-2.413245078384743447e+00,-7.424716416090206828e+00,-6.636418090839962147e+00,0.000000000000000000e+00,4.529638495451532521e+00,4.360408269821233418e+00
-6.083571701407772707e+02,-5.624631872084087263e+02,-2.413270972075062915e+00,-7.449313432470474616e+00,-6.636289383003882492e+00,0.000000000000000000e+00,4.471146034911474665e+00,4.360411943271486734e+00
-6.091013208691031195e+02,-5.631170772063045433e+02,-2.413278710308488062e+00,-7.453469020446738647e+00,-6.636356029634590925e+00,0.000000000000000000e+00,4.453470989576339356e+00,4.360412274818148859e+00
-6.098451230855886251e+02,-5.637734734792435347e+02,-2.413301456259727473e+00,-7.448178074151120320e+00,-6.636469157485299419e+00,0.000000000000000000e+00,4.484992286196353817e+00,4.360412702562461718e+00
-6.105894384567940278e+02,-5.644447641158013766e+02,-2.413292659653669237e+00,-7.445016537514158372e+00,-6.636421699479645220e+00,0.000000000000000000e+00,4.455890101511377210e+00,4.360410245846527033e+00
-6.113334809364483817e+02,-5.651162131275200409e+02,-2.413256760564402192e+00,-7.459752539207064714e+00,-6.636436858500075253e+00,0.000000000000000000e+00,4.477888580033996924e+00,4.360413171576652758e+00
-6.120777382693942172e+02,-5.657786642591122472e+02,-2.413291567185117170e+00,-7.440846980754352025e+00,-6.636272386689687330e+00,0.000000000000000000e+00,4.500352373706027365e+00,4.360406161474347009e+00
-6.128217761008399975e+02,-5.664386642850411135e+02,-2.413284364457035203e+00,-7.471734442960659806e+00,-6.636393391436573808e+00,0.000000000000000000e+00,4.513229228819528593e+00,4.360411410420430123e+00
-6.135656759471704618e+02,-5.671179280078417833e+02,-2.413269614290164178e+00,-7.480278827215274262e+00,-6.636217945123361162e+00,0.000000000000000000e+00,4.481633005737920783e+00,4.360411413157276428e+00
-6.143096408054694848e+02,-5.677590896955855442e+02,-2.413300031265729118e+00,-7.414322737869864177e+00,-6.636404526227340561e+00,0.000000000000000000e+00,4.535194947477641847e+00,4.360409305837158023e+00
-6.150538342731894090e+02,-5.684438881914618378e+02,-2.413273079086929673e+00,-7.411464859931007787e+00,-6.636402195011117833e+00,0.000000000000000000e+00,4.502675693784260247e+00,4.360413813640779956e+00
-6.157980238232812553e+02,-5.690795439071332567e+02,-2.413278386050711433e+00,-7.454899936924693549e+00,-6.636403962812317481e+00,0.000000000000000000e+00,4.486766191773728707e+00,4.360411373223505471e+00
-6.165421741368041921e+02,-5.697651000613676615e+02,-2.413272417529896074e+00,-7.429098267664788757e+00,-6.636423815374500101e+00,0.000000000000000000e+00,4.552181289561331390e+00,4.360411779928965004e+00
-6.172861616696737883e+02,-5.704046327133286240e+02,-2.413263472375035690e+00,-7.425664033514546070e+00,-6.636253374630943114e+00,0.000000000000000000e+00,4.517717254259589588e+00,4.360413762627374012e+00
-6.180302541737517004e+02,-5.710742427187473140e+02,-2.413275605840683458e+00,-7.423619868848936321e+00,-6.636322588607752593e+00,0.000000000000000000e+00,4.470533841672314601e+00,4.360409152928544252e+00
-6.187743596850399399e+02,-5.717589481808055325e+02,-2.413283876041398823e+00,-7.402321469998263126e+00,-6.636510615375581956e+00,0.000000000000000000e+00,4.488929786086242046e+00,4.360415588721644475e+00
-6.195183228719786257e+02,-5.724152384489840415e+02,-2.413277062693974795e+00,-7.411347650239543228e+00,-6.636360993801987185e+00,0.000000000000000000e+00,4.502370420824891362e+00,4.360411088084106268e+00
-6.202625976769932095e+02,-5.730784544327327694e+02,-2.413276535340976192e+00,-7.449343490890085739e+00,-6.636449351753902270e+00,0.000000000000000000e+00,4.484877443894341731e+00,4.360415228363247131e+00
-6.210063464105237472e+02,-5.737274981235360656e+02,-2.413253750327807978e+00,-7.441668518984938530e+00,-6.636205996159629805e+00,0.000000000000000000e+00,4.478996093900228459e+00,4.360419281600592889e+00
-6.217505810649457771e+02,-5.744146183852493550e+02,-2.413266459542626308e+00,-7.441404218022802830e+00,-6.636422719329120312e+00,0.000000000000000000e+00,4.500010413364919692e+00,4.360409384610619554e+00
-6.224947252801561035e+02,-5.750509423195056797e+02,-2.413272231347016739e+00,-7.432852007241146808e+00,-6.636481362834431685e+00,0.000000000000000000e+00,4.487904864979811670e+00,4.360413744916702861e+00
-6.232389378948546437e+02,-5.757354162567323783e+02,-2.413267064491723790e+00,-7.456548886877881088e+00,-6.636454085768087374e+00,0.000000000000000000e+00,4.491262814343921050e+00,4.360411102901839975e+00
-6.239827572100779207e+02,-5.764329489018165305e+02,-2.413254513409337942e+00,-7.420992402060596405e+00,-6.636319262163620891e+00,0.000000000000000000e+00,4.494966496206412643e+00,4.360412519832006062e+00
-6.247271299069929000e+02,-5.770578168149970679e+02,-2.413294075308566988e+00,-7.446214816908385714e+00,-6.636257721817870880e+00,0.000000000000000000e+00,4.497700756879805972e+00,4.360410612086030646e+00
-6.254710835309947470e+02,-5.777304450020320701e+02,-2.413301732815942735e+00,-7.432537597376454919e+00,-6.636532913440504444e+00,0.000000000000000000e+00,4.490230493204228068e+00,4.360410441799459136e+00
-6.262153121040524866e+02,-5.783964448871306558e+02,-2.413291524680242883e+00,-7.453296873341620277e+00,-6.636488946444394799e+00,0.000000000000000000e+00,4.546084490491510977e+00,4.360412402504697305e+00
-6.269593281462383629e+02,-5.790293354457226087e+02,-2.413274968077156135e+00,-7.440728252508858276e+00,-6.636483524859951189e+00,0.000000000000000000e+00,4.521465398193328156e+00,4.360415752316233906e+00
-6.277033457798503377e+02,-5.797053261541043412e+02,-2.413294750697441593e+00,-7.461555400018421658e+00,-6.636405580156683470e+00,0.000000000000000000e+00,4.518307691067541043e+00,4.360412077455447566e+00
-6.284474354349806617e+02,-5.803612605591683860e+02,-2.413265449936979667e+00,-7.431973648118265885e+00,-6.636332863741297494e+00,0.000000000000000000e+00,4.526698448876208758e+00,4.360411138423963884e+00
-6.291914017885965222e+02,-5.810339795996328576e+02,-2.413273816131400018e+00,-7.445750876043657485e+00,-6.636511236266017022e+00,0.000000000000000000e+00,4.503480667353392697e+00,4.360412120602110697e+00
-6.299352981801564511e+02,-5.817040750469867589e+02,-2.413253699748773240e+00,-7.452686351887753524e+00,-6.636439170109430741e+00,0.000000000000000000e+00,4.570536114896831315e+00,4.360417785173676286e+00
-6.306795191044401463e+02,-5.823542813008274379e+02,-2.413261994013720546e+00,-7.466599840939532662e+00,-6.636449627336459933e+00,0.000000000000000000e+00,4.473724589040553035e+00,4.360412888553951483e+00
-6.314235376394276500e+02,-5.830437948361491181e+02,-2.413304849196453272e+00,-7.416396178642511217e+00,-6.636382024447392780e+00,0.000000000000000000e+00,4.489822790050715717e+00,4.360410786888007095e+00
-6.321676793617417616e+02,-5.836845448465160189e+02,-2.413274666043487837e+00,-7.416834514147319979e+00,-6.636371301361888797e+00,0.000000000000000000e+00,4.511640538598679306e+00,4.360414893103306433e+00
-6.329117137137841382e+02,-5.843546916289911906e+02,-2.413306058786941044e+00,-7.457265393438929912e+00,-6.636568453701132242e+00,0.000000000000000000e+00,4.469348625039907930e+00,4.360414496644089866e+00
-6.336556425548141078e+02,-5.850207059957913316e+02,-2.413313910144704089e+00,-7.410600517181630487e+00,-6.636465842315139696e+00,0.000000000000000000e+00,4.464691669245747008e+00,4.360412334146921864e+00
-6.343998913962676625e+02,-5.857157225187652330e+02,-2.413293277448339325e+00,-7.432941955793880062e+00,-6.636388608115106003e+00,0.000000000000000000e+00,4.531361626511496432e+00,4.360414691277138211e+00
-6.351443384966228223e+02,-5.863488476053543081e+02,-2.413235911566478986e+00,-7.431749453950946993e+00,-6.636538862889858059e+00,0.000000000000000000e+00,4.463573205237380215e+00,4.360408788718251216e+00
-6.358882377142340374e+02,-5.870042142262159359e+02,-2.413276189767268765e+00,-7.428454868851123827e+00,-6.636449104752035311e+00,0.000000000000000000e+00,4.511036698565063396e+00,4.360413918502321629e+00
-6.366323509564309688e+02,-5.876986514061168236e+02,-2.413278086072709883e+00,-7.445109017134599050e+00,-6.636520132190455890e+00,0.000000000000000000e+00,4.531722911639668894e+00,4.360415198832833461e+00
-6.373763743753784183e+02,-5.883211980389274913e+02,-2.413279717462604168e+00,-7.462707945436465984e+00,-6.636507381434227248e+00,0.000000000000000000e+00,4.522995057073589287e+00,4.360411997775308635e+00
-6.381205167717056383e+02,-5.890166499607888682e+02,-2.413286082420218470e+00,-7.430531120765558661e+00,-6.636455198877670547e+00,0.000000000000000000e+00,4.541531854849357508e+00,4.360416825450974976e+00
-6.388644631807580936e+02,-5.896510350588984011e+02,-2.413287393578520845e+00,-7.425841048611384387e+00,-6.636491247135409388e+00,0.000000000000000000e+00,4.530663856901855802e+00,4.360411594083245745e+00
-6.396087005335519962e+02,-5.903312527486286854e+02,-2.413251934559212497e+00,-7.455197097964240349e+00,-6.636443415993237060e+00,0.000000000000000000e+00,4.541414347593832446e+00,4.360408597625523797e+00
-6.403526374718220495e+02,-5.909930202925803542e+02,-2.413252660308611741e+00,-7.439731107486942996e+00,-6.636407075336362205e+00,0.000000000000000000e+00,4.427708323614774955e+00,4.360416108077941111e+00
-6.410966030269113389e+02,-5.916447973530775926e+02,-2.413280089602440892e+00,-7.452461548978995154e+00,-6.636307918176445497e+00,0.000000000000000000e+00,4.547468265374265073e+00,4.360412936351066193e+00
-6.418406489233419734e+02,-5.923156952925385212e+02,-2.413263022230746735e+00,-7.419391883771105256e+00,-6.636422803999856512e+00,0.000000000000000000e+00,4.495713442884942346e+00,4.360413520603776405e+00
-6.425848131686258284e+02,-5.929857759662205581e+02,-2.413290641325915420e+00,-7.441299800673540688e+00,-6.636569608848172486e+00,0.000000000000000000e+00,4.466036127810220968e+00,4.360409537050309758e+00
-6.433290021991382446e+02,-5.936730825811723662e+02,-2.413288835660025278e+00,-7.433918271341960704e+00,-6.636341887663837369e+00,0.000000000000000000e+00,4.439411170766665471e+00,4.360413322474877340e+00
-6.440730745547953120e+02,-5.943315499526711392e+02,-2.413280654249142732e+00,-7.446989193949396402e+00,-6.636510559882808913e+00,0.000000000000000000e+00,4.469512470619036115e+00,4.360413807910947348e+00
-6.448170565090102855e+02,-5.949828429218499650e+02,-2.413274657904309617e+00,-7.448506430469330475e+00,-6.636528446774097922e+00,0.000000000000000000e+00,4.564690032592915614e+00,4.360413046481361299e+00
-6.455614068492230899e+02,-5.956042836748547415e+02,-2.413269777185880205e+00,-7.444980856985886852e+00,-6.636518777035303351e+00,0.000000000000000000e+00,4.506794161460216941e+00,4.360411433710690510e+00
-6.463054646457683248e+02,-5.963097062891979476e+02,-2.413283278671835674e+00,-7.421195787584987436e+00,-6.636374624502044739e+00,0.000000000000000000e+00,4.481836659661682098e+00,4.360416545908765151e+00
-6.470492847342713958e+02,-5.969582347915951459e+02,-2.413293346945728057e+00,-7.448861172282614795e+00,-6.636363408178380219e+00,0.000000000000000000e+00,4.550368986944348215e+00,4.360410319045174177e+00
-6.477933686690964805e+02,-5.976340487643791448e+02,-2.413277189165909054e+00,-7.470318724956698020e+00,-6.636340943129076742e+00,0.000000000000000000e+00,4.533725785320185331e+00,4.360411174538622703e+00
-6.485376824717412774e+02,-5.983008370669787155e+02,-2.413265277237359285e+00,-7.461645537151218477e+00,-6.636459938437397454e+00,0.000000000000000000e+00,4.522719569265468920e+00,4.360415555144516730e+00
-6.492816455436179695e+02,-5.989468563810891055e+02,-2.413296690282757062e+00,-7.458334348039876716e+00,-6.636361220214773482e+00,0.000000000000000000e+00,4.510974153997091562e+00,4.360409929858621858e+00
-6.500256540660913060e+02,-5.996218040879025466e+02,-2.413270823035059909e+00,-7.436974355102139000e+00,-6.636371395566342812e+00,0.000000000000000000e+00,4.521874423609493654e+00,4.360407332661074165e+00
-6.507698663485008410e+02,-6.002907285779700715e+02,-2.413329154892978057e+00,-7.461554582775852928e+00,-6.636232957621535533e+00,0.000000000000000000e+00,4.530808098294033748e+00,4.360414247600107096e+00
-6.515137096749318744e+02,-6.009562190423501988e+02,-2.413293663984789283e+00,-7.430020890458289173e+00,-6.636274211554784586e+00,0.000000000000000000e+00,4.517987678655040362e+00,4.360411139223174359e+00
-6.522579721445772520e+02,-6.016242542240471494e+02,-2.413268919266828405e+00,-7.423022036256026190e+00,-6.636379308295834889e+00,0.000000000000000000e+00,4.517293493445444952e+00,4.360413613590480963e+00
-6.530023707072414254e+02,-6.022495475798476718e+02,-2.413285332419011553e+00,-7.419136924771922104e+00,-6.636431518212534186e+00,0.000000000000000000e+00,4.494536994586209033e+00,4.360411060102372893e+00
-6.537461883589992340e+02,-6.029355640372424432e+02,-2.413278474921856986e+00,-7.429329758750129464e+00,-6.636501095688879914e+00,0.000000000000000000e+00,4.481271224805451148e+00,4.360415642473303599e+00
-6.544904129782087239e+02,-6.035912459137023234e+02,-2.413325749022608324e+00,-7.444809034069437281e+00,-6.636393309672573793e+00,0.000000000000000000e+00,4.513067036278293642e+00,4.360407820759513164e+00
-6.552345240661777552e+02,-6.042860445071095228e+02,-2.413250920203879879e+00,-7.437787691959488079e+00,-6.636465723511826731e+00,0.000000000000000000e+00,4.490882611660849122e+00,4.360408422468377232e+00
-6.559785348071154658e+02,-6.049414836835478582e+02,-2.413258090357954799e+00,-7.447382794503359271e+00,-6.636460802246185509e+00,0.000000000000000000e+00,4.528083355722200665e+00,4.360414541935230481e+00
-6.567225198007142808e+02,-6.056008603516522726e+02,-2.413248094983046155e+00,-7.426468882768372914e+00,-6.636497065910104354e+00,0.000000000000000000e+00,4.453271302306323953e+00,4.360417699776115263e+00
-6.574664698798645759e+02,-6.062481615427720953e+02,-2.413314391559943317e+00,-7.440417517267986725e+00,-6.636344697045202246e+00,0.000000000000000000e+00,4.462608310579105897e+00,4.360417798603557493e+00
-6.582107860728258402e+02,-6.069248629929290928e+02,-2.413310476788281811e+00,-7.447624084300325187e+00,-6.636478933463055618e+00,0.000000000000000000e+00,4.466177556333063237e+00,4.360410907277058712e+00
-6.589546865232604205e+02,-6.075726984186528625e+02,-2.413277549951270196e+00,-7.419101324008136267e+00,-6.636485431608939223e+00,0.000000000000000000e+00,4.512533307032362551e+00,4.360420078279735101e+00
-6.596987926180111117e+02,-6.082404428593827106e+02,-2.413263921492172503e+00,-7.432103049379443327e+00,-6.636477430458263882e+00,0.000000000000000000e+00,4.526575309827688187e+00,4.360411996862107564e+00
-6.604430071691475632e+02,-6.089288090417727517e+02,-2.413267336908837546e+00,-7.421648321555726291e+00,-6.636528766095730170e+00,0.000000000000000000e+00,4.545454528306836828e+00,4.360418904526904171e+00
-6.611868109619250617e+02,-6.095867069012215325e+02,-2.413279656297163456e+00,-7.436463669198484006e+00,-6.636527609053069376e+00,0.000000000000000000e+00,4.458813497153567340e+00,4.360418460033305799e+00
-6.619310467701063772e+02,-6.102364139847542219e+02,-2.413247815408567476e+00,-7.481764137317205687e+00,-6.636585899753500328e+00,0.000000000000000000e+00,4.515848056519787157e+00,4.360413320859673370e+00
-6.626750748345596094e+02,-6.109014804383870114e+02,-2.413292496303434120e+00,-7.438470307717691909e+00,-6.636377267373482880e+00,0.000000000000000000e+00,4.496229060034058200e+00,4.360411424221667609e+00
-6.634194353952606207e+02,-6.115575499243468585e+02,-2.413247687416718357e+00,-7.439638295804458679e+00,-6.636380347534152513e+00,0.000000000000000000e+00,4.493069316305748906e+00,4.360415075338471169e+00
-6.641632933535510119e+02,-6.122223510057284557e+02,-2.413278125530176954e+00,-7.446680297413694305e+00,-6.636435499196243981e+00,0.000000000000000000e+00,4.568605618884923558e+00,4.360409373155792245e+00
-6.649075941190890262e+02,-6.128945618280068857e+02,-2.413240773607800982e+00,-7.422061001855779772e+00,-6.636433659668091067e+00,0.000000000000000000e+00,4.447635678886840971e+00,4.360408999544138631e+00
-6.656514053137635756e+02,-6.135692588483931331e+02,-2.413264225674737862e+00,-7.437009189392128405e+00,-6.636360609825144863e+00,0.000000000000000000e+00,4.550781981548262856e+00,4.360414802031746362e+00
-6.663955546814786430e+02,-6.142226412802622235e+02,-2.413274279644024745e+00,-7.431725408401280042e+00,-6.636284601018302531e+00,0.000000000000000000e+00,4.525107352217726309e+00,4.360411868401631530e+00
-6.671395608924333374e+02,-6.148627925688607547e+02,-2.413268061174582702e+00,-7.465578716036985085e+00,-6.636600136926489313e+00,0.000000000000000000e+00,4.543205273532694655e+00,4.360413899070468169e+00
-6.678837405209762892e+02,-6.155761228571919901e+02,-2.413244919886049722e+00,-7.418135589046174871e+00,-6.636393997536965017e+00,0.000000000000000000e+00,4.519193145825468605e+00,4.360410314361022444e+00
-6.686277360147458921e+02,-6.162291404745823229e+02,-2.413267292619180715e+00,-7.416475816642186025e+00,-6.636379759186042726e+00,0.000000000000000000e+00,4.539349578050258849e+00,4.360411305652925229e+00
-6.693718316427041373e+02,-6.168929030756817156e+02,-2.413302605965512271e+00,-7.442862118738651667e+00,-6.636360019465319837e+00,0.000000000000000000e+00,4.520373753438279962e+00,4.360408549374401588e+00
-6.701159550525350141e+02,-6.175160188220422697e+02,-2.413301309386482352e+00,-7.439597644384498665e+00,-6.636516293655796872e+00,0.000000000000000000e+00,4.465122957508214974e+00,4.360408108985454945e+00
-6.708600292570196189e+02,-6.182010843824185713e+02,-2.413289721623511852e+00,-7.441102884482597268e+00,-6.636340104482933100e+00,0.000000000000000000e+00,4.503579050967163155e+00,4.360409379021052523e+00
-6.716039737273953278e+02,-6.188653582354463651e+02,-2.413261981820198354e+00,-7.465125202751537792e+00,-6.636493985597299528e+00,0.000000000000000000e+00,4.499376073394440567e+00,4.360409511484126810e+00
-6.723481458122176946e+02,-6.195174658207760103e+02,-2.413304051348853285e+00,-7.448672148591117370e+00,-6.636373027469119279e+00,0.000000000000000000e+00,4.535202418397411783e+00,4.360413229277673608e+00
-6.730924300528300819e+02,-6.201757957579152389e+02,-2.413252654966269173e+00,-7.449543899858040774e+00,-6.636328777350233743e+00,0.000000000000000000e+00,4.427609125447759197e+00,4.360414562479496325e+00
-6.738361863040437356e+02,-6.208652040371737257e+02,-2.413269737645772128e+00,-7.403238314566251255e+00,-6.636430834212170282e+00,0.000000000000000000e+00,4.539545253146926029e+00,4.360408942437423718e+00
-6.745804873357825500e+02,-6.215429562869645679e+02,-2.413266134798063067e+00,-7.442814059787038694e+00,-6.636565594351513830e+00,0.000000000000000000e+00,4.544959780524868265e+00,4.360413351003892046e+00
-6.753243519430540118e+02,-6.222006234242606979e+02,-2.413271770830761831e+00,-7.441080179107278703e+00,-6.636502236076388783e+00,0.000000000000000000e+00,4.514314446419095184e+00,4.360415243487740788e+00
-6.760685052490434828e+02,-6.228578323769587541e+02,-2.413231797427362046e+00,-7.468095967307661454e+00,-6.636514205570121838e+00,0.000000000000000000e+00,4.521254176113583156e+00,4.360413468131909553e+00
-6.768128445214532576e+02,-6.235246497264084837e+02,-2.413275752804858509e+00,-7.411441757204144665e+00,-6.636348601754342269e+00,0.000000000000000000e+00,4.460579984868126679e+00,4.360411749382072877e+00
-6.775569582205564529e+02,-6.241686674965105794e+02,-2.413242199204220118e+00,-7.424655655371027230e+00,-6.636424252715817040e+00,0.000000000000000000e+00,4.567351092728151762e+00,4.360411769734743537e+00
-6.783006760185014627e+02,-6.248302566195657164e+02,-2.413279022708656019e+00,-7.474113266498465080e+00,-6.636271307965826871e+00,0.000000000000000000e+00,4.508792886505432307e+00,4.360411934077490059e+00
-6.790448911182730853e+02,-6.254853255641214673e+02,-2.413269690584975535e+00,-7.403856962522745278e+00,-6.636476998027546870e+00,0.000000000000000000e+00,4.523564684595536178e+00,4.360408504781400296e+00
-6.797892449143273552e+02,-6.261496937667700422e+02,-2.413279673555644766e+00,-7.448230632371940274e+00,-6.636486195634527796e+00,0.000000000000000000e+00,4.506850384326323677e+00,4.360410291564057239e+00
-6.805333674110561333e+02,-6.268460674072475740e+02,-2.413260905265352196e+00,-7.423872487113274410e+00,-6.636517579182894977e+00,0.000000000000000000e+00,4.472605467293520931e+00,4.360407793638668039e+00
-6.812771446320523410e+02,-6.274896483258039552e+02,-2.413240914429846118e+00,-7.467494327013970867e+00,-6.636329485715844356e+00,0.000000000000000000e+00,4.515672413481046199e+00,4.360414197875446263e+00
-6.820213669261039513e+02,-6.281386718757167955e+02,-2.413244863852349376e+00,-7.433345166633815282e+00,-6.636480793685564095e+00,0.000000000000000000e+00,4.584391606292840926e+00,4.360410636659290518e+00
-6.827650776559516999e+02,-6.288180568912445096e+02,-2.413290629520937092e+00,-7.450139171651216863e+00,-6.636547324448457630e+00,0.000000000000000000e+00,4.445200567695608562e+00,4.360408756669063024e+00
-6.835092620125518579e+02,-6.294943718319186701e+02,-2.413267824345941559e+00,-7.418922853356010094e+00,-6.636534006319912748e+00,0.000000000000000000e+00,4.492130919085796315e+00,4.360411320367692412e+00
-6.842536052906658597e+02,-6.301557447040307807e+02,-2.413256049283201143e+00,-7.481298836450894107e+00,-6.636463187677011710e+00,0.000000000000000000e+00,4.494112911055250237e+00,4.360410410596212039e+00
-6.849975908906061477e+02,-6.308122315573258447e+02,-2.413290999046112439e+00,-7.481174418805542459e+00,-6.636386852541560799e+00,0.000000000000000000e+00,4.487647223212732683e+00,4.360412938176086328e+00
-6.857416605261537370e+02,-6.314493634506251283e+02,-2.413260043816699785e+00,-7.420417569245682188e+00,-6.636341534908837048e+00,0.000000000000000000e+00,4.525992748982790914e+00,4.360412783648613733e+00
-6.864858790282203245e+02,-6.321103675031695275e+02,-2.413283478501871748e+00,-7.422707390544062811e+00,-6.636485835471695793e+00,0.000000000000000000e+00,4.541163279313945367e+00,4.360410376195957838e+00
-6.872299625988385969e+02,-6.328066376748828361e+02,-2.413266645167853941e+00,-7.454833772013619964e+00,-6.636417821968194630e+00,0.000000000000000000e+00,4.595271220192286066e+00,4.360411340948689762e+00
-6.879740403964293591e+02,-6.334888725809997823e+02,-2.413277430618973263e+00,-7.444481922270751895e+00,-6.636383974236877314e+00,0.000000000000000000e+00,4.483286252288618101e+00,4.360408525649785538e+00
-6.887182623317783055e+02,-6.341434656673092150e+02,-2.413251770154796194e+00,-7.442199645608762459e+00,-6.636424826270868493e+00,0.000000000000000000e+00,4.526667315172652195e+00,4.360413155258024531e+00
-6.894620821125588463e+02,-6.348051306158321268e+02,-2.413267845864959682e+00,-7.409422551917900002e+00,-6.636370064439737426e+00,0.000000000000000000e+00,4.491430819318628309e+00,4.360410973753246822e+00
-6.902063814887428634e+02,-6.354479333758041548e+02,-2.413294503170993810e+00,-7.474516972132366099e+00,-6.636340053194474287e+00,0.000000000000000000e+00,4.477887049242143647e+00,4.360408991347935803e+00
-6.909504882020879677e+02,-6.361469751751722015e+02,-2.413283669009901988e+00,-7.423882064571861505e+00,-6.636247866644590765e+00,0.000000000000000000e+00,4.484290414247809053e+00,4.360412489002627900e+00
-6.916944397522846657e+02,-6.367786620329579819e+02,-2.413284713704684670e+00,-7.434707925322488364e+00,-6.636343024795173129e+00,0.000000000000000000e+00,4.451974024038175770e+00,4.360412250866089856e+00
-6.924384266351546557e+02,-6.374510948032390161e+02,-2.413238029780357508e+00,-7.468244506998458654e+00,-6.636445377485397756e+00,0.000000000000000000e+00,4.444132552060630736e+00,4.360415378270567466e+00
-6.931827993926760882e+02,-6.381243093046480226e+02,-2.413272450891910559e+00,-7.452114857356999522e+00,-6.636375812422412146e+00,0.000000000000000000e+00,4.480762972812346590e+00,4.360412225906959094e+00
-6.939266289685373295e+02,-6.387860508302319431e+02,-2.413299625824803396e+00,-7.434177869613413314e+00,-6.636474498543303291e+00,0.000000000000000000e+00,4.488244091833136551e+00,4.360411121577909555e+00
-6.946707982578172960e+02,-6.394140955162349655e+02,-2.413261305438187510e+00,-7.418982089124832591e+00,-6.636351095551596302e+00,0.000000000000000000e+00,4.511402373314692404e+00,4.360411001647549689e+00
-6.954146023878289498e+02,-6.401073607125682656e+02,-2.413268256965112268e+00,-7.457090114991888008e+00,-6.636398043374991396e+00,0.000000000000000000e+00,4.569165239154111546e+00,4.360415560928096568e+00
-6.961588242500616843e+02,-6.407475055854672519e+02,-2.413297155922573989e+00,-7.447319668931524639e+00,-6.636374908233123371e+00,0.000000000000000000e+00,4.532916514364434768e+00,4.360411167667830767e+00
-6.969029956169400748e+02,-6.414411936294419547e+02,-2.413261895302973414e+00,-7.456022462597833744e+00,-6.636603508051037714e+00,0.000000000000000000e+00,4.474625581333971702e+00,4.360415509577205029e+00
-6.976469490928523101e+02,-6.420875370150473600e+02,-2.413284397869732700e+00,-7.416573318492480915e+00,-6.636372133193364498e+00,0.000000000000000000e+00,4.547237952143627915e+00,4.360410967078997224e+00
-6.983911244879009246e+02,-6.427741781522597648e+02,-2.413312540160033048e+00,-7.431980451470209026e+00,-6.636362997482414983e+00,0.000000000000000000e+00,4.533936466117776121e+00,4.360414342628935458e+00
-6.991350759855985189e+02,-6.433980556732776677e+02,-2.413274741575718974e+00,-7.424199682642014686e+00,-6.636369812268672952e+00,0.000000000000000000e+00,4.479296963078125415e+00,4.360407768360293090e+00
-6.998790720017528884e+02,-6.441060919753379039e+02,-2.413256200535938145e+00,-7.433976409892336434e+00,-6.636507998710717615e+00,0.000000000000000000e+00,4.529672824955394361e+00,4.360411569048117997e+00
-7.006232015267486304e+02,-6.447590559930800964e+02,-2.413279419330502940e+00,-7.425031740752085163e+00,-6.636463321518746739e+00,0.000000000000000000e+00,4.489503727339746675e+00,4.360417069925634159e+00
-7.013673936663128643e+02,-6.454129097097865042e+02,-2.413299085994522919e+00,-7.432380488766889393e+00,-6.636374553018151268e+00,0.000000000000000000e+00,4.573532029924010978e+00,4.360411702582400295e+00
-7.021114057456132969e+02,-6.460857136338219107e+02,-2.413263059037664693e+00,-7.437884260303728290e+00,-6.636513913871024073e+00,0.000000000000000000e+00,4.478184825710044947e+00,4.360409091048150110e+00
-7.028556525752320567e+02,-6.467413977152117468e+02,-2.413265777784439958e+00,-7.457178802778695825e+00,-6.636423925129569135e+00,0.000000000000000000e+00,4.431383005951637699e+00,4.360412891586096684e+00
-7.035996624197321125e+02,-6.474165235197547190e+02,-2.413274676908465644e+00,-7.448244776920372345e+00,-6.636398875525716612e+00,0.000000000000000000e+00,4.503325358357748165e+00,4.360411929755230176e+00
-7.043439889419770452e+02,-6.480859068880155291e+02,-2.413251535631276479e+00,-7.441183103758088002e+00,-6.636456223315500225e+00,0.000000000000000000e+00,4.472054053609424429e+00,4.360412605457765878e+00
-7.050878357888615255e+02,-6.486988708669193784e+02,-2.413283861570771016e+00,-7.436096818005420772e+00,-6.636432321442999438e+00,0.000000000000000000e+00,4.434187493559370807e+00,4.360414333714964563e+00
-7.058320703130523270e+02,-6.493868183495950461e+02,-2.413308187028029739e+00,-7.453695375287870739e+00,-6.636399942400018404e+00,0.000000000000000000e+00,4.526461223060607608e+00,4.360412465120439229e+00
-7.065762259938610441e+02,-6.500878423624861853e+02,-2.413282209560791980e+00,-7.425467131043436808e+00,-6.636628190497413371e+00,0.000000000000000000e+00,4.536891666384370581e+00,4.360411677298703381e+00
-7.073201583251924376e+02,-6.507349152685623039e+02,-2.413248204190918234e+00,-7.425028277795447273e+00,-6.636413541214697176e+00,0.000000000000000000e+00,4.514403740394141273e+00,4.360420793367031145e+00
-7.080640198540593246e+02,-6.514021588043892734e+02,-2.413277430963633119e+00,-7.458059930831879569e+00,-6.636576354822331325e+00,0.000000000000000000e+00,4.479802181249895376e+00,4.360411109066714808e+00
-7.088083717633708147e+02,-6.520356704181999703e+02,-2.413288508398597543e+00,-7.445000332346530136e+00,-6.636374035689440731e+00,0.000000000000000000e+00,4.503470985707313190e+00,4.360411827379069294e+00
-7.095524936143342529e+02,-6.526769981176629472e+02,-2.413303539702721157e+00,-7.446463450655286032e+00,-6.636363421135746954e+00,0.000000000000000000e+00,4.527310486962007552e+00,4.360407797895320847e+00
-7.102962620695519718e+02,-6.533853719714088584e+02,-2.413239871611407406e+00,-7.421543140046422238e+00,-6.636500334746179952e+00,0.000000000000000000e+00,4.514840552183813749e+00,4.360408837747230315e+00
-7.110406090589067389e+02,-6.540408197188741042e+02,-2.413247024075163782e+00,-7.413868800902786660e+00,-6.636385293473924918e+00,0.000000000000000000e+00,4.491906826173305056e+00,4.360411378903272350e+00
-7.117846323534596422e+02,-6.546974364110924398e+02,-2.413247101058454192e+00,-7.432439974308280739e+00,-6.636416777719390758e+00,0.000000000000000000e+00,4.504827170884371235e+00,4.360408465041429871e+00
-7.125285944653340948e+02,-6.553925641400034010e+02,-2.413250829101157624e+00,-7.457777402122552246e+00,-6.636493555898880459e+00,0.000000000000000000e+00,4.575328208088144777e+00,4.360412395917594885e+00
-7.132726279784490089e+02,-6.560279855465305445e+02,-2.413275733044034865e+00,-7.446523586516107684e+00,-6.636512964134340997e+00,0.000000000000000000e+00,4.566333207979958786e+00,4.360414185412269106e+00
-7.140168554009082982e+02,-6.566883718803543388e+02,-2.413249266768187962e+00,-7.427069310355546072e+00,-6.636411636540740844e+00,0.000000000000000000e+00,4.462536786449419424e+00,4.360408730592724602e+00
-7.147609849568784739e+02,-6.573689224312167880e+02,-2.413273843742111957e+00,-7.470205716806376905e+00,-6.636344524152780977e+00,0.000000000000000000e+00,4.536575201045600636e+00,4.360413153576963907e+00
-7.155051432193722576e+02,-6.580315998358688603e+02,-2.413294128250900616e+00,-7.444605807950235743e+00,-6.636534166745759578e+00,0.000000000000000000e+00,4.527352317592878705e+00,4.360411908354469901e+00
-7.162491501250498231e+02,-6.586976534424002239e+02,-2.413297186576243369e+00,-7.407519063412789428e+00,-6.636408470609389987e+00,0.000000000000000000e+00,4.527740679642358046e+00,4.360409047928973436e+00
-7.169931630295271816e+02,-6.593446370645813204e+02,-2.413305261701751636e+00,-7.441075128522547821e+00,-6.636289387008293517e+00,0.000000000000000000e+00,4.494060818708789817e+00,4.360415886747760261e+00
-7.177373347588489878e+02,-6.600200230637215100e+02,-2.413298726525879623e+00,-7.420930933860485190e+00,-6.636288182626792320e+00,0.000000000000000000e+00,4.462345144873244074e+00,4.360409790986428114e+00
-7.184810883413623515e+02,-6.606668047741935652e+02,-2.413277256494611223e+00,-7.415689203380769534e+00,-6.636482913080527624e+00,0.000000000000000000e+00,4.482587283622882168e+00,4.360410329550822084e+00
-7.192254361939175169e+02,-6.613367527424128411e+02,-2.413288685834367620e+00,-7.461341890793135256e+00,-6.636453292112211244e+00,0.000000000000000000e+00,4.476964854253315806e+00,4.360410150699614462e+00
-7.199694273001985039e+02,-6.620004722199330445e+02,-2.413266790407448514e+00,-7.421711948294110961e+00,-6.636474300742258414e+00,0.000000000000000000e+00,4.519162780146121605e+00,4.360415209906953748e+00
-7.207134372769003221e+02,-6.626454898345939455e+02,-2.413280891535578121e+00,-7.406322564879946668e+00,-6.636420832257984515e+00,0.000000000000000000e+00,4.525255522700017075e+00,4.360408981394242822e+00
-7.214575693641818361e+02,-6.633501991625221308e+02,-2.413284433720718436e+00,-7.445982036803302506e+00,-6.636289805597276548e+00,0.000000000000000000e+00,4.442506652182517612e+00,4.360413481270756009e+00
-7.222016752098247707e+02,-6.639905990116086514e+02,-2.413242686760103783e+00,-7.453240346645801040e+00,-6.636433544085950764e+00,0.000000000000000000e+00,4.526826420165076748e+00,4.360415629403203930e+00
-7.229456087022632573e+02,-6.646600631554362053e+02,-2.413272494585077865e+00,-7.421619784638796347e+00,-6.636389110935588143e+00,0.000000000000000000e+00,4.523021450438253765e+00,4.360409411700804760e+00
-7.236899480316956215e+02,-6.653309777793286912e+02,-2.413284181078904744e+00,-7.443919562486186692e+00,-6.636396805117122710e+00,0.000000000000000000e+00,4.501266385086269750e+00,4.360413354121293494e+00
-7.244339292033192805e+02,-6.659894744819251855e+02,-2.413296521544008755e+00,-7.439410309597382032e+00,-6.636473869290528071e+00,0.000000000000000000e+00,4.484883139868645507e+00,4.360409744781604147e+00
-7.251779839807467170e+02,-6.666619491286363655e+02,-2.413253893439544218e+00,-7.435224407999983853e+00,-6.636490972806130983e+00,0.000000000000000000e+00,4.512482289808786184e+00,4.360414761095504410e+00
-7.259222107043859751e+02,-6.672943952077931726e+02,-2.413308637801625522e+00,-7.422283343679326073e+00,-6.636379947517228928e+00,0.000000000000000000e+00,4.463363750035102662e+00,4.360411462040724828e+00
-7.266662085841912813e+02,-6.679881323630746692e+02,-2.413315191605172938e+00,-7.463714475373199875e+00,-6.636462655090180185e+00,0.000000000000000000e+00,4.508496859982358274e+00,4.360410135124393349e+00
-7.274104150211267097e+02,-6.686502830252117064e+02,-2.413279600751574883e+00,-7.422056791992897473e+00,-6.636303471014015187e+00,0.000000000000000000e+00,4.508181712766248239e+00,4.360410847439046833e+00
-7.281544778540122707e+02,-6.692921586083666625e+02,-2.413284997266977427e+00,-7.432895121299615049e+00,-6.636444931686101611e+00,0.000000000000000000e+00,4.569014292692808787e+00,4.360410954794622818e+00
-7.288983188471751191e+02,-6.699820172723809719e+02,-2.413278290136976700e+00,-7.471999360471063056e+00,-6.636324054835440300e+00,0.000000000000000000e+00,4.511028221899419322e+00,4.360413089352751292e+00
-7.296425846873153205e+02,-6.706297492411697476e+02,-2.413250371433089292e+00,-7.478198667268281419e+00,-6.636361454382628366e+00,0.000000000000000000e+00,4.484663244295303386e+00,4.360412806269254204e+00
-7.303867778876798411e+02,-6.712958887772992966e+02,-2.413273553379795100e+00,-7.445527025640181762e+00,-6.636497121201048621e+00,0.000000000000000000e+00,4.539334228592905696e+00,4.360410510829839659e+00
-7.311306404314111660e+02,-6.719571891318009875e+02,-2.413272680582325247e+00,-7.448872763291044308e+00,-6.636416498537689002e+00,0.000000000000000000e+00,4.553434598677208456e+00,4.360413862315594358e+00
-7.318747471657825372e+02,-6.725875086424183564e+02,-2.413305232522464649e+00,-7.493976703844479559e+00,-6.636335817395894843e+00,0.000000000000000000e+00,4.456371243177990493e+00,4.360413651242997624e+00
-7.326185899305077101e+02,-6.732951736180939406e+02,-2.413284425709394831e+00,-7.466210482058809106e+00,-6.636399612038141882e+00,0.000000000000000000e+00,4.504633096576071694e+00,4.360408918991156568e+00
-7.333630126064587103e+02,-6.739532866405662617e+02,-2.413291349342092662e+00,-7.466310528804253721e+00,-6.636520267937649820e+00,0.000000000000000000e+00,4.491393563171114600e+00,4.360413643578925580e+00
-7.341072389972664496e+02,-6.746014934872977165e+02,-2.413239565176270585e+00,-7.460025274208470059e+00,-6.636514831882504240e+00,0.000000000000000000e+00,4.485469837365761769e+00,4.360415450399602655e+00
-7.348509557459797179e+02,-6.752726696639128932e+02,-2.413288534072871361e+00,-7.448755251843956593e+00,-6.636318356180842315e+00,0.000000000000000000e+00,4.491007507312625435e+00,4.360409170907807663e+00
-7.355952019130451163e+02,-6.759365218591362918e+02,-2.413292513223648683e+00,-7.402382474385476918e+00,-6.636478175791923562e+00,0.000000000000000000e+00,4.509295764155430319e+00,4.360413938207085671e+00
-7.363393886687914573e+02,-6.765990438354700700e+02,-2.413247296789806207e+00,-7.437314280010639322e+00,-6.636449573142351177e+00,0.000000000000000000e+00,4.459498866360019242e+00,4.360411727493288758e+00
-7.370832584565658863e+02,-6.772671827131403006e+02,-2.413248913209815605e+00,-7.452991830688975305e+00,-6.636312870623769733e+00,0.000000000000000000e+00,4.516451679449552614e+00,4.360413181075279532e+00
-7.378275113710886899e+02,-6.779266813960711033e+02,-2.413243779966669500e+00,-7.450636700473994622e+00,-6.636349418664226008e+00,0.000000000000000000e+00,4.485217578305647379e+00,4.360410366566347840e+00
-7.385714687118213533e+02,-6.785968604156005313e+02,-2.413288421125397765e+00,-7.427890832825085887e+00,-6.636387615582515664e+00,0.000000000000000000e+00,4.550679703053377878e+00,4.360410829460250604e+00
-7.393155623087014874e+02,-6.792665840275833489e+02,-2.413268235694481234e+00,-7.457707255485627407e+00,-6.636462442915488147e+00,0.000000000000000000e+00,4.520611884293132654e+00,4.360412093605769535e+00
-7.400597726191858783e+02,-6.799446618168909708e+02,-2.413245030524861612e+00,-7.448896888409443307e+00,-6.636423816084555227e+00,0.000000000000000000e+00,4.491992402400989626e+00,4.360411732292101661e+00
-7.408038846486447255e+02,-6.805739310801105830e+02,-2.413256087244037396e+00,-7.457804288682616800e+00,-6.636500294880502970e+00,0.000000000000000000e+00,4.566654474676119513e+00,4.360410289536098105e+00
-7.415478528891395626e+02,-6.812433410720224174e+02,-2.413302740508650679e+00,-7.439402855268627768e+00,-6.636459340180926425e+00,0.000000000000000000e+00,4.423183528575054702e+00,4.360414950251265687e+00
-7.422920340377725097e+02,-6.819227481129162243e+02,-2.413283680368843775e+00,-7.470684550695423809e+00,-6.636248514408227273e+00,0.000000000000000000e+00,4.487978409717229056e+00,4.360408649506975820e+00
-7.430361420294588015e+02,-6.825823951259965270e+02,-2.413237439315227384e+00,-7.419402180179301531e+00,-6.636357067502785867e+00,0.000000000000000000e+00,4.558731608677801361e+00,4.360409798420172400e+00
-7.437801252546155411e+02,-6.832406386529036126e+02,-2.413295287169717973e+00,-7.435175195962943739e+00,-6.636507126956234792e+00,0.000000000000000000e+00,4.484492363685154359e+00,4.360413785475704351e+00
-7.445240729046065553e+02,-6.839063659747829433e+02,-2.413289582812804035e+00,-7.462869131709471304e+00,-6.636434760211128214e+00,0.000000000000000000e+00,4.558553866548025191e+00,4.360411007326828070e+00
-7.452682487185746822e+02,-6.845777895801189743e+02,-2.413268899261838296e+00,-7.424278919816664768e+00,-6.636452072585984574e+00,0.000000000000000000e+00,4.510359607445289853e+00,4.360410082978538604e+00
-7.460124491684342729e+02,-6.852150814405166557e+02,-2.413300040625612652e+00,-7.461465725797950199e+00,-6.636468066137496180e+00,0.000000000000000000e+00,4.535560403877021862e+00,4.360410786168158026e+00
-7.467562684346247579e+02,-6.859032487192405370e+02,-2.413255343715785095e+00,-7.467063999502825844e+00,-6.636504925734789673e+00,0.000000000000000000e+00,4.572881526494294135e+00,4.360420477558889729e+00
-7.475006238376042802e+02,-6.865811958950225744e+02,-2.413259271569321296e+00,-7.422485854713321451e+00,-6.636333981590182063e+00,0.000000000000000000e+00,4.519017205650369462e+00,4.360407584094104116e+00
-7.482447501085697468e+02,-6.872240773960448905e+02,-2.413296938196724195e+00,-7.456029627456483233e+00,-6.636469298411466156e+00,0.000000000000000000e+00,4.518877676590266290e+00,4.360410048718586395e+00
-7.489887882278663938e+02,-6.878796677698414896e+02,-2.413300439972300815e+00,-7.419169339538941088e+00,-6.636478128439777358e+00,0.000000000000000000e+00,4.463273884448247131e+00,4.360413051680443353e+00
-7.497327252388315628e+02,-6.885427829488694442e+02,-2.413209493604633771e+00,-7.432145037119388675e+00,-6.636444811818387635e+00,0.000000000000000000e+00,4.531264852922026520e+00,4.360407278176643864e+00
-7.504768838309815919e+02,-6.891867599322036995e+02,-2.413284839190562803e+00,-7.419469387563820462e+00,-6.636406506291907981e+00,0.000000000000000000e+00,4.511365907560778155e+00,4.360410244803400559e+00
-7.512210311475772642e+02,-6.898498813742199900e+02,-2.413271959529101007e+00,-7.472215380698028042e+00,-6.636494957716928766e+00,0.000000000000000000e+00,4.420431155787629685e+00,4.360408650941638875e+00
-7.519649212792910475e+02,-6.905249729417018898e+02,-2.413262110024396279e+00,-7.406777306048051734e+00,-6.636523836553907429e+00,0.000000000000000000e+00,4.511879972303027841e+00,4.360410696065015301e+00
-7.527092393110381181e+02,-6.911744890163380433e+02,-2.413287921926723367e+00,-7.442967664339549039e+00,-6.636316313342992323e+00,0.000000000000000000e+00,4.471810310636533892e+00,4.360416188751440991e+00
-7.534532444822307298e+02,-6.918595490337040701e+02,-2.413281017086338576e+00,-7.432415915105847759e+00,-6.636395581974913860e+00,0.000000000000000000e+00,4.526892816827771782e+00,4.360411153989517175e+00
-7.541970658394437805e+02,-6.925339181797997981e+02,-2.413294117115867277e+00,-7.403684311627079850e+00,-6.636447470190340425e+00,0.000000000000000000e+00,4.575134411456417638e+00,4.360411217558855412e+00
-7.549413585617238596e+02,-6.931674536901373358e+02,-2.413274119585294475e+00,-7.420402454337173381e+00,-6.636473007208207875e+00,0.000000000000000000e+00,4.476373691349880168e+00,4.360413222882386641e+00
-7.556855055960550089e+02,-6.938674673329583129e+02,-2.413311056024565193e+00,-7.416246573962547828e+00,-6.636438983799372693e+00,0.000000000000000000e+00,4.522567146189420129e+00,4.360408817782277957e+00
-7.564296692818122665e+02,-6.945461442888052943e+02,-2.413288876634605895e+00,-7.454496987642249550e+00,-6.636477158021712341e+00,0.000000000000000000e+00,4.469146870909503910e+00,4.360411686565933920e+00
-7.571736675577783444e+02,-6.951982576299783432e+02,-2.413252940670596480e+00,-7.444193448619870423e+00,-6.636416402928719371e+00,0.000000000000000000e+00,4.460917789106755293e+00,4.360413554954216231e+00
-7.579175404214109903e+02,-6.958616671697662923e+02,-2.413310249660174378e+00,-7.428349385162814400e+00,-6.636332541071886304e+00,0.000000000000000000e+00,4.502396045789755163e+00,4.360413310128715025e+00
-7.586617606129085516e+02,-6.965215598846912144e+02,-2.413299469393625607e+00,-7.422800306007514948e+00,-6.636298677604775875e+00,0.000000000000000000e+00,4.501600801122092044e+00,4.360413684529503620e+00
-7.594060723761930376e+02,-6.971818027827273454e+02,-2.413277157670917994e+00,-7.443137203393806800e+00,-6.636468885966298359e+00,0.000000000000000000e+00,4.522785630460986361e+00,4.360416055261147505e+00
-7.601500233733114555e+02,-6.978286339624984294e+02,-2.413256985375153096e+00,-7.427826545789346646e+00,-6.636316226174709065e+00,0.000000000000000000e+00,4.549574138875671636e+00,4.360419659471554077e+00
-7.608938175986489796e+02,-6.985184900904193910e+02,-2.413258544137622419e+00,-7.482669632638510926e+00,-6.636469996204684918e+00,0.000000000000000000e+00,4.447523071569842834e+00,4.360411847478798286e+00
-7.616379326162696088e+02,-6.991654486456784525e+02,-2.413282570693227047e+00,-7.461888519785316198e+00,-6.636357621002575868e+00,0.000000000000000000e+00,4.468451944063447812e+00,4.360413545319100415e+00
-7.623824082499419319e+02,-6.998086021243772166e+02,-2.413272405547574273e+00,-7.404679704576278887e+00,-6.636455348068957427e+00,0.000000000000000000e+00,4.568336695085522869e+00,4.360411550350429266e+00
-7.631261139551165797e+02,-7.004740541656896085e+02,-2.413297102947914219e+00,-7.422415499902539793e+00,-6.636625599042264234e+00,0.000000000000000000e+00,4.461849143029718689e+00,4.360415523708938146e+00
-7.638703025411855378e+02,-7.011360215371391860e+02,-2.413279245397925266e+00,-7.445011957105437617e+00,-6.636555542141728381e+00,0.000000000000000000e+00,4.496289860323934739e+00,4.360416878586202749e+00
-7.646145534492538900e+02,-7.018271425434613775e+02,-2.413276148699727841e+00,-7.461176822444218537e+00,-6.636559592778191963e+00,0.000000000000000000e+00,4.460406354053378486e+00,4.360409986331509558e+00
-7.653584884946102420e+02,-7.024628684485340955e+02,-2.413296085935430657e+00,-7.442892735334954324e+00,-6.636466024559231514e+00,0.000000000000000000e+00,4.517042715874981518e+00,4.360410864125666919e+00
-7.661026484046311680e+02,-7.031411206871226796e+02,-2.413271626504359002e+00,-7.451915442207216245e+00,-6.636496390878182439e+00,0.000000000000000000e+00,4.495501911665399142e+00,4.360411522114422844e+00
-7.668465553016764034e+02,-7.038109905854668114e+02,-2.413249242945471273e+00,-7.456747877167083871e+00,-6.636322904895141761e+00,0.000000000000000000e+00,4.490552254042214031e+00,4.360414933280626570e+00
-7.675907744429384820e+02,-7.044842688566374136e+02,-2.413297212923761315e+00,-7.427143616379999536e+00,-6.636492548698897487e+00,0.000000000000000000e+00,4.462496865332960638e+00,4.360409304376926087e+00
-7.683347014489038429e+02,-7.051541889712416378e+02,-2.413285164177498388e+00,-7.461496431841375454e+00,-6.636464929472876584e+00,0.000000000000000000e+00,4.489286832861845156e+00,4.360415612286554499e+00
-7.690789356454660037e+02,-7.058135577154760085e+02,-2.413266008815961872e+00,-7.446811277921884908e+00,-6.636562402508718428e+00,0.000000000000000000e+00,4.466148937208321179e+00,4.360410550074097280e+00
-7.698230000435615921e+02,-7.064812846225340763e+02,-2.413274863957855843e+00,-7.463368437540401246e+00,-6.636469337684820502e+00,0.000000000000000000e+00,4.507045993836008790e+00,4.360411097585874529e+00
-7.705669666356128573e+02,-7.071241837649361059e+02,-2.413274356304822899e+00,-7.430968967059741637e+00,-6.636266848402431862e+00,0.000000000000000000e+00,4.533608840408415830e+00,4.360412038381563882e+00
-7.713112785777889258e+02,-7.077876073164394484e+02,-2.413275729350425003e+00,-7.417908383908679681e+00,-6.636579960322753102e+00,0.000000000000000000e+00,4.545710854990619332e+00,4.360408843834659542e+00
-7.720554050587167012e+02,-7.084741369388337944e+02,-2.413267826679938111e+00,-7.405383044638956136e+00,-6.636588522274853297e+00,0.000000000000000000e+00,4.461244231662127468e+00,4.360406427200455681e+00
-7.727994843912827037e+02,-7.091242084696497159e+02,-2.413271963377113583e+00,-7.435978136664332716e+00,-6.636406349806821758e+00,0.000000000000000000e+00,4.485456427714352046e+00,4.360412811824354584e+00
-7.735434796175405836e+02,-7.097814219506894915e+02,-2.413284181313314569e+00,-7.441832943137870693e+00,-6.636434258290690558e+00,0.000000000000000000e+00,4.508763177746682338e+00,4.360414705887548870e+00
-7.742874391611358078e+02,-7.104626290676317240e+02,-2.413268487196061240e+00,-7.438093076141369941e+00,-6.636363177084998455e+00,0.000000000000000000e+00,4.512464767165374369e+00,4.360411544244827908e+00
-7.750316652487975944e+02,-7.111317827368573035e+02,-2.413300015306222512e+00,-7.435024778299117898e+00,-6.636250596846795524e+00,0.000000000000000000e+00,4.527915688298896235e+00,4.360413709108018843e+00
-7.757759127988980481e+02,-7.117624164276018064e+02,-2.413269810551098349e+00,-7.437817041046391076e+00,-6.636316145861280269e+00,0.000000000000000000e+00,4.498719228141082382e+00,4.360410606525753963e+00
-7.765197559514433578e+02,-7.124285518757659474e+02,-2.413316466007740857e+00,-7.424192123282939981e+00,-6.636455843132412546e+00,0.000000000000000000e+00,4.530738196360114323e+00,4.360408020828292486e+00
-7.772639392742134987e+02,-7.130949941384766362e+02,-2.413261911014651595e+00,-7.415359728305998210e+00,-6.636236967104564677e+00,0.000000000000000000e+00,4.544749938579306203e+00,4.360415968909815199e+00
-7.780078605969582668e+02,-7.137790125606584297e+02,-2.413285098625820524e+00,-7.406941510756368530e+00,-6.636510276414624876e+00,0.000000000000000000e+00,4.462162664799131484e+00,4.360407046920206753e+00
-7.787518925443220041e+02,-7.144389457167950468e+02,-2.413297834364172889e+00,-7.468479520882440603e+00,-6.636381992358420412e+00,0.000000000000000000e+00,4.566874327316009285e+00,4.360413966313178236e+00
-7.794960650121724939e+02,-7.150999240932711700e+02,-2.413284861438338869e+00,-7.450930837939531592e+00,-6.636464615268597989e+00,0.000000000000000000e+00,4.520164967429229463e+00,4.360409877893260067e+00
-7.802401979774898564e+02,-7.157466666478590014e+02,-2.413302125052186664e+00,-7.397233900049176469e+00,-6.636470395763919505e+00,0.000000000000000000e+00,4.470843109750334499e+00,4.360411255218561877e+00
-7.809842975317113769e+02,-7.164240495162662228e+02,-2.413284039648420087e+00,-7.436974738550513386e+00,-6.636481775801711613e+00,0.000000000000000000e+00,4.511717097482031313e+00,4.360411490538796286e+00
-7.817283514183983471e+02,-7.170886839195120501e+02,-2.413281443497182988e+00,-7.461900458282427095e+00,-6.636354074073387288e+00,0.000000000000000000e+00,4.490695029708674291e+00,4.360415627009409434e+00
-7.824724254094317075e+02,-7.177477989644194167e+02,-2.413270467148302956e+00,-7.427856366341690553e+00,-6.636428557392508587e+00,0.000000000000000000e+00,4.509132411210843294e+00,4.360412374456984708e+00
-7.832163555357127507e+02,-7.184308813741934046e+02,-2.413253404071169950e+00,-7.471300579007377429e+00,-6.636256177427735103e+00,0.000000000000000000e+00,4.569811478394887772e+00,4.360413182930239273e+00
-7.839605403869917382e+02,-7.190751577190067110e+02,-2.413280549133630881e+00,-7.404616172311456523e+00,-6.636337294266240860e+00,0.000000000000000000e+00,4.581360806564051202e+00,4.360412083715385911e+00
-7.847046894605460921e+02,-7.197354748403147369e+02,-2.413276509709592954e+00,-7.416334896177159131e+00,-6.636630963667740524e+00,0.000000000000000000e+00,4.601410924722467044e+00,4.360411213393995844e+00
-7.854488846716641319e+02,-7.203928928764664761e+02,-2.413268634763174880e+00,-7.451309269981625683e+00,-6.636529082119927203e+00,0.000000000000000000e+00,4.545838873703315741e+00,4.360411178553001754e+00
-7.861927554425498101e+02,-7.210639262751976730e+02,-2.413292117884918930e+00,-7.464949037520459463e+00,-6.636411257601365854e+00,0.000000000000000000e+00,4.539355506270886131e+00,4.360411630720142817e+00
-7.869370268145688669e+02,-7.217374358448199700e+02,-2.413272922767851991e+00,-7.443760538441913432e+00,-6.636412898990400322e+00,0.000000000000000000e+00,4.514888887904532133e+00,4.360410519040806676e+00
-7.876810788061109179e+02,-7.223984957726136145e+02,-2.413283826771130958e+00,-7.444149101344874175e+00,-6.636384646586590108e+00,0.000000000000000000e+00,4.483312757864154285e+00,4.360411500175573885e+00
-7.884249840946389440e+02,-7.230564566015593755e+02,-2.413324040251847880e+00,-7.416425210347595609e+00,-6.636334536414201679e+00,0.000000000000000000e+00,4.525407160503213788e+00,4.360411861597047967e+00
-7.891689772439409580e+02,-7.236981208986470619e+02,-2.413271981461713178e+00,-7.438388326189320665e+00,-6.636473355027291632e+00,0.000000000000000000e+00,4.565044772249200022e+00,4.360415573208956452e+00
-7.899133009561861627e+02,-7.243826674355291289e+02,-2.413320405320112716e+00,-7.433655063297381460e+00,-6.636426596076573148e+00,0.000000000000000000e+00,4.521962858371814775e+00,4.360414645568781111e+00
-7.906575059803849399e+02,-7.250467872761120134e+02,-2.413298994003255427e+00,-7.446335546000709904e+00,-6.636459355686789685e+00,0.000000000000000000e+00,4.564463751870214026e+00,4.360408725896035342e+00
-7.914012247506448148e+02,-7.256927213831088466e+02,-2.413257461461248532e+00,-7.437349228686217728e+00,-6.636349162437441329e+00,0.000000000000000000e+00,4.523461649846082011e+00,4.360413925843687366e+00
-7.921453959755405094e+02,-7.263750102202324115e+02,-2.413285600197138780e+00,-7.404179782828284040e+00,-6.636330358824133135e+00,0.000000000000000000e+00,4.496931608514804779e+00,4.360415700473515344e+00
-7.928897830880935089e+02,-7.270355527621388774e+02,-2.413252891824841484e+00,-7.416346956083789799e+00,-6.636602145721705703e+00,0.000000000000000000e+00,4.548557912652686497e+00,4.360412347837325342e+00
-7.936336024024736844e+02,-7.277321993817648718e+02,-2.413247572429932930e+00,-7.432278501792811021e+00,-6.636394649405767510e+00,0.000000000000000000e+00,4.525631512024938630e+00,4.360410784759984892e+00
-7.943778246331121409e+02,-7.283683395207193598e+02,-2.413280907020241450e+00,-7.447008159822391171e+00,-6.636494810071721595e+00,0.000000000000000000e+00,4.494237664520060349e+00,4.360412679712487360e+00
-7.951215998334325832e+02,-7.290069492120136374e+02,-2.413246376616297262e+00,-7.419525707203272091e+00,-6.636396296483773050e+00,0.000000000000000000e+00,4.478700564547716922e+00,4.360410014896913822e+00
-7.958661446881988013e+02,-7.297168845938307413e+02,-2.413294386926524204e+00,-7.431246011902026716e+00,-6.636540460557298182e+00,0.000000000000000000e+00,4.558034715914303980e+00,4.360414283985578621e+00
-7.966100631325700760e+02,-7.303650523405825652e+02,-2.413278018682206039e+00,-7.461592337185341428e+00,-6.636454165479248601e+00,0.000000000000000000e+00,4.496983323835732627e+00,4.360410247707148912e+00
-7.973543452382940586e+02,-7.310129977731829740e+02,-2.413271523553186970e+00,-7.430417792178383607e+00,-6.636540918843346404e+00,0.000000000000000000e+00,4.502680724299206183e+00,4.360416393946706215e+00
-7.980984750261817453e+02,-7.316831039154504879e+02,-2.413291198383789471e+00,-7.448285677108962055e+00,-6.636367164318787815e+00,0.000000000000000000e+00,4.476747408148023410e+00,4.360415001958231507e+00
-7.988422285611648022e+02,-7.323443107321264733e+02,-2.413279560962766190e+00,-7.438661333788347818e+00,-6.636478012834162499e+00,0.000000000000000000e+00,4.476054642064692501e+00,4.360410876629299715e+00
-7.995862899942085278e+02,-7.330221899699221240e+02,-2.413260620156568059e+00,-7.444436886078433346e+00,-6.636443216532772915e+00,0.000000000000000000e+00,4.537591525668825732e+00,4.360413649128971336e+00
-8.003302576135397430e+02,-7.336816579034909864e+02,-2.413286189972026818e+00,-7.446017686623529030e+00,-6.636471141741321134e+00,0.000000000000000000e+00,4.481200326362228203e+00,4.360414569738835233e+00
-8.010743102505463185e+02,-7.343353045024227868e+02,-2.413305582635368207e+00,-7.433608445043993207e+00,-6.636484707419379347e+00,0.000000000000000000e+00,4.480344055597445418e+00,4.360407329559337519e+00
-8.018184898539522010e+02,-7.350014416557013419e+02,-2.413264617301049686e+00,-7.462048841604678628e+00,-6.636374803375065135e+00,0.000000000000000000e+00,4.508948043323765198e+00,4.360410276484886438e+00
-8.025626702777697119e+02,-7.356923897307322022e+02,-2.413267775748893396e+00,-7.435842947557620874e+00,-6.636202583140342171e+00,0.000000000000000000e+00,4.562369103674782878e+00,4.360411642149125022e+00
-8.033066657319645856e+02,-7.363432740200485114e+02,-2.413266218890699921e+00,-7.458710863042286476e+00,-6.636420974112849258e+00,0.000000000000000000e+00,4.412066660115463002e+00,4.360411580118268127e+00
-8.040507356429219499e+02,-7.369931561271283726e+02,-2.413232317087877554e+00,-7.430203251975665779e+00,-6.636540432749312934e+00,0.000000000000000000e+00,4.533711303443807239e+00,4.360410440563125434e+00
-8.047949233142478533e+02,-7.376426091141356665e+02,-2.413243653619751239e+00,-7.424100053835091195e+00,-6.636334470218441695e+00,0.000000000000000000e+00,4.522867358978636787e+00,4.360414363251894798e+00
-8.055389662156389932e+02,-7.383204303466228566e+02,-2.413290357363029770e+00,-7.440110965712737112e+00,-6.636230767076309434e+00,0.000000000000000000e+00,4.533870638171617173e+00,4.360418385142712516e+00
-8.062828786589318497e+02,-7.389773074958801544e+02,-2.413318110222748558e+00,-7.438817853042072770e+00,-6.636463223660018507e+00,0.000000000000000000e+00,4.500506894883266717e+00,4.360412539198815551e+00
-8.070273858010448293e+02,-7.396621806756903652e+02,-2.413266483358053272e+00,-7.413580525192144499e+00,-6.636507818507038969e+00,0.000000000000000000e+00,4.520025663704212882e+00,4.360410807840978897e+00
-8.077712382010203100e+02,-7.403008970140037945e+02,-2.413262595169913372e+00,-7.414418300469065137e+00,-6.636451210732137618e+00,0.000000000000000000e+00,4.580579628480071719e+00,4.360414782147351787e+00
-8.085151441039668043e+02,-7.409604957984080329e+02,-2.413284112762075218e+00,-7.439002715577267999e+00,-6.636425391338748980e+00,0.000000000000000000e+00,4.503980769578863175e+00,4.360414271591063873e+00
-8.092594427316583960e+02,-7.416584568858884268e+02,-2.413298658040768707e+00,-7.418697065838091298e+00,-6.636566955987849958e+00,0.000000000000000000e+00,4.520814849349320319e+00,4.360414003997406418e+00
-8.100034106995000229e+02,-7.423068510426070361e+02,-2.413282797799020329e+00,-7.434699807742516597e+00,-6.636269986511928565e+00,0.000000000000000000e+00,4.518644793660889114e+00,4.360413197177633648e+00
-8.107475246640937030e+02,-7.429773245195344771e+02,-2.413256564407264548e+00,-7.464039356607947262e+00,-6.636505539427675515e+00,0.000000000000000000e+00,4.505011393717991197e+00,4.360414513664180980e+00
-8.114917123554939735e+02,-7.436177358781128532e+02,-2.413262703963754863e+00,-7.432220908449380659e+00,-6.636363941729712224e+00,0.000000000000000000e+00,4.506557184777543412e+00,4.360411597994628075e+00
-8.122356203949173050e+02,-7.443006072828806055e+02,-2.413252871482406636e+00,-7.416503817543738997e+00,-6.636392202263682982e+00,0.000000000000000000e+00,4.506868520909734777e+00,4.360416158902914674e+00
-8.129798815708973052e+02,-7.449821802579652967e+02,-2.413284053932512219e+00,-7.420335724783639897e+00,-6.636517316106923303e+00,0.000000000000000000e+00,4.525171128421535016e+00,4.360409414675130435e+00
-8.137238254785909248e+02,-7.456435380446117733e+02,-2.413272731775735647e+00,-7.411835555036098810e+00,-6.636392622119077878e+00,0.000000000000000000e+00,4.511607448522198638e+00,4.360412706910597791e+00
-8.144677485058701905e+02,-7.462794882921079989e+02,-2.413287627357989962e+00,-7.407877630870084218e+00,-6.636481009908788309e+00,0.000000000000000000e+00,4.490036193755599925e+00,4.360412851400196743e+00
-8.152120309496211803e+02,-7.469460920452283972e+02,-2.413260006284115189e+00,-7.465499270224756678e+00,-6.636311081532729972e+00,0.000000000000000000e+00,4.559975416404564719e+00,4.360410583989257738e+00
-8.159562000527432701e+02,-7.476210126386938555e+02,-2.413302479826869185e+00,-7.449004932678077395e+00,-6.636427636163438670e+00,0.000000000000000000e+00,4.511531016356285839e+00,4.360408777525512036e+00
-8.167000231805021713e+02,-7.482703254279034581e+02,-2.413283620176147171e+00,-7.428968378628760583e+00,-6.636376540050737738e+00,0.000000000000000000e+00,4.565874620200412792e+00,4.360410360851578737e+00
-8.174445370754206124e+02,-7.489398656383174284e+02,-2.413256735233379136e+00,-7.451784922519733456e+00,-6.636328568201157019e+00,0.000000000000000000e+00,4.514736939132006022e+00,4.360414262826957987e+00
-8.181881980805510466e+02,-7.496020028025403690e+02,-2.413306233338160300e+00,-7.472325183600932341e+00,-6.636426437263628131e+00,0.000000000000000000e+00,4.468967027591689956e+00,4.360412242230114366e+00
-8.189324206450721704e+02,-7.502572913699577839e+02,-2.413249408064260138e+00,-7.434820818375722951e+00,-6.636373357551098806e+00,0.000000000000000000e+00,4.538074173522663735e+00,4.360412680461549506e+00
-8.196764973449971876e+02,-7.509170187180063749e+02,-2.413284195359164830e+00,-7.430252053234962517e+00,-6.636616247491383902e+00,0.000000000000000000e+00,4.497703092757801002e+00,4.360409486198671303e+00
-8.204204415260383030e+02,-7.515835998971174376e+02,-2.413298362950496934e+00,-7.426234704766335959e+00,-6.636397990534436353e+00,0.000000000000000000e+00,4.496243540050244292e+00,4.360410880526414346e+00
-8.211645936167241189e+02,-7.522706146891766821e+02,-2.413249532119908114e+00,-7.449362182440872004e+00,-6.636351292124754053e+00,0.000000000000000000e+00,4.465608457831402589e+00,4.360415919795874728e+00
-8.219089133743405000e+02,-7.529241033570083346e+02,-2.413273297065206879e+00,-7.442480797101239887e+00,-6.636365393747968078e+00,0.000000000000000000e+00,4.497142164299877010e+00,4.360412691584094169e+00
-8.226527786424567239e+02,-7.535795196324423841e+02,-2.413249558355828661e+00,-7.452513618818398911e+00,-6.636362215498222916e+00,0.000000000000000000e+00,4.456508708099669036e+00,4.360413470858549800e+00
-8.233970235703515073e+02,-7.542680540476026181e+02,-2.413258349839083827e+00,-7.464085056995950929e+00,-6.636427445210288489e+00,0.000000000000000000e+00,4.516930930118804532e+00,4.360409260302663625e+00
-8.241410070591520025e+02,-7.549313532072543467e+02,-2.413263623419056092e+00,-7.470570970736231331e+00,-6.636367804735842313e+00,0.000000000000000000e+00,4.487731282816324274e+00,4.360410440768531792e+00
-8.248850706361083667e+02,-7.555647444639172363e+02,-2.413293667543758847e+00,-7.426871962200228161e+00,-6.636492341567422848e+00,0.000000000000000000e+00,4.476262753538748029e+00,4.360411857627489951e+00
-8.256292298201798303e+02,-7.562448227021742468e+02,-2.413254223425499223e+00,-7.458357095153468563e+00,-6.636488821769193969e+00,0.000000000000000000e+00,4.517007605407060922e+00,4.360413086553982964e+00
-8.263732711118586849e+02,-7.569154248385550545e+02,-2.413273830869806957e+00,-7.427811852120162150e+00,-6.636402812018545205e+00,0.000000000000000000e+00,4.518493123731549765e+00,4.360414464396877854e+00
-8.271175630527685598e+02,-7.575846868270440382e+02,-2.413272001994329230e+00,-7.439646241711725061e+00,-6.636403018664490894e+00,0.000000000000000000e+00,4.547812183360131044e+00,4.360418048024421012e+00
-8.278615631657346512e+02,-7.582312950128364264e+02,-2.413276167774407011e+00,-7.451208256877825065e+00,-6.636447806714428133e+00,0.000000000000000000e+00,4.520620401885072859e+00,4.360411782821937976e+00
-8.286055121609516618e+02,-7.589342987458832113e+02,-2.413266286610876943e+00,-7.427982456177137038e+00,-6.636380819665112618e+00,0.000000000000000000e+00,4.570544396269148102e+00,4.360411491409078799e+00
-8.293496397595137068e+02,-7.595506549131014253e+02,-2.413270921126859481e+00,-7.438113945498553647e+00,-6.636519015779960284e+00,0.000000000000000000e+00,4.500545637938447641e+00,4.360405731138190077e+00
-8.300936063327936836e+02,-7.602191160283657609e+02,-2.413257892405797911e+00,-7.439369725601477690e+00,-6.636450736737836031e+00,0.000000000000000000e+00,4.513414502407404605e+00,4.360407436704795359e+00
-8.308376814207275629e+02,-7.608469755847740998e+02,-2.413252504891873595e+00,-7.481586062675409821e+00,-6.636401483431371595e+00,0.000000000000000000e+00,4.481921701853562645e+00,4.360412912418322406e+00
-8.315817495606549983e+02,-7.615374126831164858e+02,-2.413275168205233800e+00,-7.430836298210746982e+00,-6.636457772013956813e+00,0.000000000000000000e+00,4.468158673081719989e+00,4.360415403650400812e+00
-8.323258201422798948e+02,-7.622067734639279024e+02,-2.413241302510126918e+00,-7.460465301777366776e+00,-6.636462448989828289e+00,0.000000000000000000e+00,4.470212558511615697e+00,4.360415424761982628e+00
-8.330699244368847758e+02,-7.628882371077139624e+02,-2.413259162731759222e+00,-7.425100494133663354e+00,-6.636478785545431691e+00,0.000000000000000000e+00,4.539710553400512438e+00,4.360413712521092222e+00
-8.338142570099495288e+02,-7.635172320134247457e+02,-2.413274948675203646e+00,-7.449749475226137285e+00,-6.636436949397792162e+00,0.000000000000000000e+00,4.466090367550807017e+00,4.360410363446921345e+00
-8.345584551392621506e+02,-7.641960188017874316e+02,-2.413278161206039218e+00,-7.439638680557515649e+00,-6.636398363059289096e+00,0.000000000000000000e+00,4.550019408766065254e+00,4.360410817816787521e+00
-8.353021228563866316e+02,-7.648654292319673687e+02,-2.413274848062441080e+00,-7.443304383765751098e+00,-6.636516283368804281e+00,0.000000000000000000e+00,4.543482907413125105e+00,4.360413169000287859e+00
-8.360462036090921174e+02,-7.655323228212372442e+02,-2.413277951842946578e+00,-7.430766620708191716e+00,-6.636323676150454709e+00,0.000000000000000000e+00,4.503175864857076327e+00,4.360413033137561456e+00
-8.367903708406017813e+02,-7.661873838346613184e+02,-2.413283550568250835e+00,-7.456923784608459727e+00,-6.636427818433176640e+00,0.000000000000000000e+00,4.509231341757731215e+00,4.360409154827748601e+00
-8.375341849465959285e+02,-7.668693733933253043e+02,-2.413286109999772666e+00,-7.442821734414694745e+00,-6.636487336776537127e+00,0.000000000000000000e+00,4.531696086604036999e+00,4.360408762053210374e+00
-8.382787162218745607e+02,-7.675250996153367851e+02,-2.413278218735429359e+00,-7.453437731903505892e+00,-6.636465247418476210e+00,0.000000000000000000e+00,4.473344022226684480e+00,4.360412118772884149e+00
-8.390225882279271445e+02,-7.681747259761916666e+02,-2.413289557012025632e+00,-7.425224022346803565e+00,-6.636519315974145350e+00,0.000000000000000000e+00,4.481715017884225105e+00,4.360411450199242367e+00
-8.397665001485330549e+02,-7.688504736972519140e+02,-2.413258507065959346e+00,-7.401712596989011850e+00,-6.636484038137009378e+00,0.000000000000000000e+00,4.522572201578984874e+00,4.360410807816772483e+00
-8.405109188503759015e+02,-7.695169191871376597e+02,-2.413267147024463100e+00,-7.464688638652627439e+00,-6.636456529105587698e+00,0.000000000000000000e+00,4.557094147735097245e+00,4.360409453530684765e+00
-8.412547274176728251e+02,-7.701842914164362810e+02,-2.413287458061165847e+00,-7.433760917440847216e+00,-6.636326748302081135e+00,0.000000000000000000e+00,4.557287429041332771e+00,4.360415007182078639e+00
-8.419989691302071151e+02,-7.708591213991585391e+02,-2.413293713019236009e+00,-7.450352954030861063e+00,-6.636593055172014033e+00,0.000000000000000000e+00,4.518556144872966307e+00,4.360409432284644282e+00
-8.427430121550125932e+02,-7.714984070557826499e+02,-2.413275327725969976e+00,-7.422534854718374042e+00,-6.636376454019562665e+00,0.000000000000000000e+00,4.501931164029939758e+00,4.360412984921285151e+00
-8.434873115817846383e+02,-7.721639195510349509e+02,-2.413285189047242429e+00,-7.418723495501924781e+00,-6.636530281713415746e+00,0.000000000000000000e+00,4.426719406574401994e+00,4.360408892698972139e+00
-8.442313952735029261e+02,-7.728300646922501755e+02,-2.413282801924513610e+00,-7.459372149650865147e+00,-6.636429259098366451e+00,0.000000000000000000e+00,4.494221071620841279e+00,4.360411877075272891e+00
-8.449753032196805407e+02,-7.734884605833722162e+02,-2.413291541701307885e+00,-7.411925252041335455e+00,-6.636266659755079900e+00,0.000000000000000000e+00,4.579923312772773869e+00,4.360410885699881334e+00
-8.457194139892895919e+02,-7.741506903265826622e+02,-2.413229891079271106e+00,-7.442613944755559707e+00,-6.636407872657861695e+00,0.000000000000000000e+00,4.505505217112276917e+00,4.360412612979478020e+00
-8.464637322685451863e+02,-7.748076677166335458e+02,-2.413299062894473934e+00,-7.442649845079488458e+00,-6.636449786981944321e+00,0.000000000000000000e+00,4.471245696268102421e+00,4.360412034212420629e+00
-8.472075107711835926e+02,-7.754880745753077917e+02,-2.413268808391721088e+00,-7.457245644100781057e+00,-6.636446976765920880e+00,0.000000000000000000e+00,4.514910122585993335e+00,4.360409441902014294e+00
-8.479516503484502437e+02,-7.761375501623700757e+02,-2.413240274257504314e+00,-7.419496617991704568e+00,-6.636421450254932353e+00,0.000000000000000000e+00,4.527935628506874366e+00,4.360409400086806997e+00
-8.486957220553886145e+02,-7.768319592010013821e+02,-2.413238754959913912e+00,-7.450778647325374315e+00,-6.636386028753032740e+00,0.000000000000000000e+00,4.494895848972901398e+00,4.360414640341105930e+00
-8.494398479506919557e+02,-7.774709803332340243e+02,-2.413255848375486234e+00,-7.432128964077691080e+00,-6.636491483794127788e+00,0.000000000000000000e+00,4.496858737333627509e+00,4.360412354263202062e+00
-8.501839873751428058e+02,-7.781316495792843853e+02,-2.413267175685504640e+00,-7.419612146221937543e+00,-6.636483814470473419e+00,0.000000000000000000e+00,4.476667300961626239e+00,4.360418012097319718e+00
-8.509278934675376149e+02,-7.788123712685766122e+02,-2.413298783558375682e+00,-7.432427847403639376e+00,-6.636429071391698464e+00,0.000000000000000000e+00,4.497786728902377185e+00,4.360416232973484796e+00
-8.516720271468490182e+02,-7.794665741980144276e+02,-2.413275389135901339e+00,-7.452859138588681986e+00,-6.636275854328339108e+00,0.000000000000000000e+00,4.479791026742144133e+00,4.360412800882383699e+00
-8.524159066666821900e+02,-7.801310557559346535e+02,-2.413272502426446753e+00,-7.441819745740988701e+00,-6.636454522502903686e+00,0.000000000000000000e+00,4.502691824241201068e+00,4.360409274700981719e+00
-8.531602562488726562e+02,-7.807820531948640337e+02,-2.413263462220061495e+00,-7.422410357000623904e+00,-6.636274010303555571e+00,0.000000000000000000e+00,4.509938247988287685e+00,4.360409885584374479e+00
-8.539042199746052120e+02,-7.814647071051230114e+02,-2.413255512291406557e+00,-7.421365233833712161e+00,-6.636427155797672839e+00,0.000000000000000000e+00,4.522023064313546392e+00,4.360412206124997248e+00
-8.546483280108644749e+02,-7.821103449858584327e+02,-2.413317820810285674e+00,-7.476678858376172521e+00,-6.636374900602953097e+00,0.000000000000000000e+00,4.508448956105337579e+00,4.360411747850740483e+00
-8.553924569017348176e+02,-7.827898590588440584e+02,-2.413286708269367420e+00,-7.430570290476484097e+00,-6.636407852888706493e+00,0.000000000000000000e+00,4.513687943218094745e+00,4.360414296770081855e+00
-8.561365566986460180e+02,-7.834482648656427273e+02,-2.413268929635601356e+00,-7.429773305735700717e+00,-6.636366221237669727e+00,0.000000000000000000e+00,4.528014709301385388e+00,4.360413802175904685e+00
-8.568806926740953713e+02,-7.841016484196225065e+02,-2.413294659142177778e+00,-7.454311335572382013e+00,-6.636462257863779968e+00,0.000000000000000000e+00,4.535257764674651249e+00,4.360410227587007803e+00
-8.576247184903401148e+02,-7.848001550882260062e+02,-2.413286026580746313e+00,-7.437589842682209351e+00,-6.636462521495562150e+00,0.000000000000000000e+00,4.455771690999908330e+00,4.360413303638922322e+00
-8.583687197839539067e+02,-7.854475318371581807e+02,-2.413289161468398891e+00,-7.436782638272982027e+00,-6.636464681330052073e+00,0.000000000000000000e+00,4.558822474547699066e+00,4.360413409637777349e+00
-8.591130378390404303e+02,-7.860954672634720737e+02,-2.413280394044679422e+00,-7.408576314924596673e+00,-6.636466375890989866e+00,0.000000000000000000e+00,4.493640233415312935e+00,4.360412455781166763e+00
-8.598568921193188999e+02,-7.867867178777543131e+02,-2.413277823947873824e+00,-7.432483441639839761e+00,-6.636535859787432656e+00,0.000000000000000000e+00,4.469546731583056598e+00,4.360415791391628382e+00
-8.606007472460099734e+02,-7.874533245026908617e+02,-2.413285884036761253e+00,-7.428420029960860482e+00,-6.636466590687700062e+00,0.000000000000000000e+00,4.487025648687289703e+00,4.360415148530056406e+00
-8.613451186840741229e+02,-7.881015115886730200e+02,-2.413248743662088192e+00,-7.429524238449964457e+00,-6.636440682208962549e+00,0.000000000000000000e+00,4.478910269399719368e+00,4.360414583862048943e+00
-8.620889754620363874e+02,-7.887598638591263125e+02,-2.413258249692687762e+00,-7.437871558691977469e+00,-6.636376271348407130e+00,0.000000000000000000e+00,4.524463674520562861e+00,4.360416317343023707e+00
-8.628333537017128947e+02,-7.894406446348015152e+02,-2.413258555524127491e+00,-7.435834458985137729e+00,-6.636421641960529527e+00,0.000000000000000000e+00,4.572701589885374673e+00,4.360408428754874777e+00
-8.635774120558363620e+02,-7.900628456899074763e+02,-2.413256824467715944e+00,-7.447206833881840460e+00,-6.636468906733355766e+00,0.000000000000000000e+00,4.491018697434653539e+00,4.360412502828951098e+00
-8.643216430415425293e+02,-7.907518224187112992e+02,-2.413277163968223782e+00,-7.450144273923872795e+00,-6.636365368144762300e+00,0.000000000000000000e+00,4.528565916027421423e+00,4.360412699622638222e+00
-8.650655497126224418e+02,-7.914152258258791335e+02,-2.413305647180233660e+00,-7.421780211016743678e+00,-6.636550160097304918e+00,0.000000000000000000e+00,4.465350360123232498e+00,4.360414218175316492e+00
-8.658095320807996131e+02,-7.920588588319711789e+02,-2.413310251801463746e+00,-7.441112827932310658e+00,-6.636570978522779996e+00,0.000000000000000000e+00,4.513471396887045906e+00,4.360412173558535720e+00
-8.665535373582985130e+02,-7.927331442188180972e+02,-2.413262842602584612e+00,-7.466572900151865255e+00,-6.636369743571586710e+00,0.000000000000000000e+00,4.530375721523016708e+00,4.360415579705115618e+00
-8.672975533250274793e+02,-7.934066118529960931e+02,-2.413320005203897445e+00,-7.444353786937652373e+00,-6.636377861462771754e+00,0.000000000000000000e+00,4.482500141146957162e+00,4.360413964041031321e+00
-8.680420229866166437e+02,-7.940709740334245907e+02,-2.413272789013423569e+00,-7.429797480249107799e+00,-6.636416548140161353e+00,0.000000000000000000e+00,4.484311194470053330e+00,4.360409635720229105e+00
-8.687860580042336096e+02,-7.947272599132465984e+02,-2.413280306159635735e+00,-7.448258136215467395e+00,-6.636409521618649165e+00,0.000000000000000000e+00,4.445512511395471655e+00,4.360415202227295950e+00
-8.695301144270594023e+02,-7.954004141209917407e+02,-2.413268733527192733e+00,-7.444654367162087283e+00,-6.636405705187730319e+00,0.000000000000000000e+00,4.517499838470357965e+00,4.360416036237568349e+00
-8.702741980134507003e+02,-7.960327880016552626e+02,-2.413261293851261424e+00,-7.457793784291461670e+00,-6.636285841907331395e+00,0.000000000000000000e+00,4.489868342595288553e+00,4.360412571919853875e+00
-8.710181383761336065e+02,-7.967341635687741928e+02,-2.413263002847280791e+00,-7.430414473795498687e+00,-6.636400036606647568e+00,0.000000000000000000e+00,4.508595058449366810e+00,4.360418756001696927e+00
-8.717622462809006265e+02,-7.973947175799019078e+02,-2.413247418931996791e+00,-7.441289939542233611e+00,-6.636402223177324089e+00,0.000000000000000000e+00,4.456123051142337310e+00,4.360418568207187207e+00
-8.725065662845242969e+02,-7.980696196052911091e+02,-2.413287954986588435e+00,-7.412401414538712707e+00,-6.636363160297667818e+00,0.000000000000000000e+00,4.549766634307000679e+00,4.360414972641247999e+00
-8.732506825419119423e+02,-7.987118550799597188e+02,-2.413296282461812936e+00,-7.457719988033992387e+00,-6.636325777373048851e+00,0.000000000000000000e+00,4.531772233826242946e+00,4.360414516590513934e+00
-8.739944242640661969e+02,-7.993900312552545984e+02,-2.413310336931763889e+00,-7.421761995680046020e+00,-6.636443360838768513e+00,0.000000000000000000e+00,4.473813934712205231e+00,4.360414004057899362e+00
-8.747385741879957095e+02,-8.000352967578714924e+02,-2.413291487592407858e+00,-7.421151705418308708e+00,-6.636358692614058974e+00,0.000000000000000000e+00,4.502783772720306388e+00,4.360410340220365555e+00
-8.754827806782910784e+02,-8.006903150468315289e+02,-2.413258239193883270e+00,-7.431259087387304341e+00,-6.636402837257110221e+00,0.000000000000000000e+00,4.510251516331128308e+00,4.360410966179666836e+00
-8.762269931542325594e+02,-8.013681548709306526e+02,-2.413247562119249512e+00,-7.438617344147312238e+00,-6.636577944744127322e+00,0.000000000000000000e+00,4.536988027883469776e+00,4.360416644252071094e+00
-8.769708551145533875e+02,-8.020388415638478818e+02,-2.413266077202934845e+00,-7.459157467761906801e+00,-6.636579041179289540e+00,0.000000000000000000e+00,4.486986411081380410e+00,4.360415093707840306e+00
-8.777149751475189987e+02,-8.026928699135829675e+02,-2.413272463827285108e+00,-7.459943924655223491e+00,-6.636350854052707859e+00,0.000000000000000000e+00,4.487179124198000579e+00,4.360414655495559622e+00
-8.784588004207663516e+02,-8.033508939795639208e+02,-2.413319550390490509e+00,-7.440110319238636194e+00,-6.636517738622239371e+00,0.000000000000000000e+00,4.519167708550814844e+00,4.360408091837927991e+00
-8.792032913753956791e+02,-8.040147359851657711e+02,-2.413270820142109141e+00,-7.433357703869534205e+00,-6.636356935529191148e+00,0.000000000000000000e+00,4.523716213258385466e+00,4.360413006316307793e+00
-8.799472708027566341e+02,-8.046814312260235056e+02,-2.413248583147578508e+00,-7.390769288839496021e+00,-6.636346253486355096e+00,0.000000000000000000e+00,4.465893318302311066e+00,4.360407258087839466e+00
-8.806914218122433340e+02,-8.053600203959202872e+02,-2.413248612107768754e+00,-7.416958271080755338e+00,-6.636407703367900979e+00,0.000000000000000000e+00,4.457764033054042230e+00,4.360409288798749117e+00
-8.814352779708531216e+02,-8.060324726196677148e+02,-2.413269132151904639e+00,-7.446953180619872548e+00,-6.636434009625897801e+00,0.000000000000000000e+00,4.535752393982306785e+00,4.360409878382728088e+00
-8.821793471906298691e+02,-8.066793517680556533e+02,-2.413266663237779941e+00,-7.423943168841739215e+00,-6.636530679372218522e+00,0.000000000000000000e+00,4.480550811026371427e+00,4.360408929025973102e+00
-8.829234741501286408e+02,-8.073464319110490806e+02,-2.413277161168855933e+00,-7.424984420138789787e+00,-6.636373415322606384e+00,0.000000000000000000e+00,4.513606303540490750e+00,4.360409829997173858e+00
-8.836675366569808148e+02,-8.080057202426177128e+02,-2.413288132590504009e+00,-7.404968596922737234e+00,-6.636301320391148728e+00,0.000000000000000000e+00,4.566314586701959222e+00,4.360413463697928371e+00
-8.844119162840066792e+02,-8.086601249479740545e+02,-2.413290123059159242e+00,-7.485648018549152738e+00,-6.636386459789909154e+00,0.000000000000000000e+00,4.494272039228433435e+00,4.360412647016174148e+00
-8.851559031817007508e+02,-8.093411714736723752e+02,-2.413286197488478724e+00,-7.423451677463161147e+00,-6.636267781347881645e+00,0.000000000000000000e+00,4.545925418900655046e+00,4.360415733186156828e+00
-8.858996292966862711e+02,-8.099904258395868055e+02,-2.413293317281695050e+00,-7.461419559984207694e+00,-6.636333502204938561e+00,0.000000000000000000e+00,4.475841920617884995e+00,4.360409514806830700e+00
-8.866438369829126032e+02,-8.106603249438076091e+02,-2.413275216458206529e+00,-7.434091988724602196e+00,-6.636383471865817896e+00,0.000000000000000000e+00,4.478053690132555609e+00,4.360413456512320707e+00
-8.873880613031342364e+02,-8.113278281328744015e+02,-2.413272832486283104e+00,-7.426363082552361661e+00,-6.636340040982624977e+00,0.000000000000000000e+00,4.422433007578607800e+00,4.360414821517965223e+00
-8.881321107987623691e+02,-8.119883327844585210e+02,-2.413319927386462282e+00,-7.462541924476777666e+00,-6.636395921632721517e+00,0.000000000000000000e+00,4.473686427866617521e+00,4.360417228511924037e+00
-8.888762787573446076e+02,-8.126566666926637481e+02,-2.413273594464377503e+00,-7.427028621385010076e+00,-6.636385873965980231e+00,0.000000000000000000e+00,4.506120283212980304e+00,4.360413329845184371e+00
-8.896203553742454915e+02,-8.132813749119511613e+02,-2.413289556601514896e+00,-7.489869164847818617e+00,-6.636467170657933679e+00,0.000000000000000000e+00,4.478125359816594653e+00,4.360412561949541299e+00
-8.903642465743248522e+02,-8.139831368384959660e+02,-2.413292373873176189e+00,-7.455620894459029202e+00,-6.636541135691076398e+00,0.000000000000000000e+00,4.518780138627368714e+00,4.360411386077394091e+00
-8.911084971720092653e+02,-8.146379243373319241e+02,-2.413290380150028724e+00,-7.445492101560823528e+00,-6.636440454078641693e+00,0.000000000000000000e+00,4.540843560180229943e+00,4.360409035944872613e+00
-8.918525405283298824e+02,-8.153162103100501099e+02,-2.413295991176825250e+00,-7.426980075139719695e+00,-6.636557155177857048e+00,0.000000000000000000e+00,4.540035866544216425e+00,4.360405623090585436e+00
-8.925964000270017777e+02,-8.159631419380206125e+02,-2.413242691469616563e+00,-7.436980862636864309e+00,-6.636372828081265496e+00,0.000000000000000000e+00,4.530389380466055549e+00,4.360414026966794587e+00
-8.933405299665954544e+02,-8.166352374928507061e+02,-2.413288760345449369e+00,-7.453694948129196973e+00,-6.636469783402834999e+00,0.000000000000000000e+00,4.489825504677543933e+00,4.360413276356026380e+00
-8.940848545555952569e+02,-8.172908986779402767e+02,-2.413226864615750422e+00,-7.423595997173691785e+00,-6.636385025310282515e+00,0.000000000000000000e+00,4.502747250455586325e+00,4.360418694014723151e+00
-8.948288158405737249e+02,-8.179645065045266392e+02,-2.413293618834379650e+00,-7.447979866129707638e+00,-6.636271357825894945e+00,0.000000000000000000e+00,4.436768626664379767e+00,4.360407628386166579e+00
-8.955730161690586328e+02,-8.186217531656216124e+02,-2.413278926532478774e+00,-7.478067419649310210e+00,-6.636353206188875475e+00,0.000000000000000000e+00,4.539893854266889406e+00,4.360416857079771447e+00
-8.963171149682756322e+02,-8.192906433974670790e+02,-2.413295723185572506e+00,-7.422287718393995704e+00,-6.636266061988767895e+00,0.000000000000000000e+00,4.534810663976478473e+00,4.360412899894708261e+00
-8.970610780122664210e+02,-8.199381879937446911e+02,-2.413242791257995457e+00,-7.447909006185050806e+00,-6.636463929794947703e+00,0.000000000000000000e+00,4.508249150556089546e+00,4.360410191558295345e+00
-8.978051216503704381e+02,-8.205850321139271273e+02,-2.413283634835742930e+00,-7.449180351909063802e+00,-6.636370584711014153e+00,0.000000000000000000e+00,4.514950767764375428e+00,4.360411777675088807e+00
-8.985492983507060671e+02,-8.212893449920674129e+02,-2.413254605929396668e+00,-7.433411818292163353e+00,-6.636497135363971012e+00,0.000000000000000000e+00,4.509812145928040472e+00,4.360411787546216722e+00
-8.992932574398747647e+02,-8.219195629839894082e+02,-2.413272145500805710e+00,-7.424671791231787665e+00,-6.636435967506407074e+00,0.000000000000000000e+00,4.480836885816017023e+00,4.360412475590658588e+00
-9.000374856884124029e+02,-8.225924222913517951e+02,-2.413281463224122181e+00,-7.395052467335244017e+00,-6.636384425648361507e+00,0.000000000000000000e+00,4.493961526913260229e+00,4.360409975179350361e+00
-9.007816622612187984e+02,-8.232553474767655644e+02,-2.413267419408368752e+00,-7.418049989832110391e+00,-6.636386328138804913e+00,0.000000000000000000e+00,4.502000984905152769e+00,4.360410982127906898e+00
-9.015254442403801249e+02,-8.239749853367828791e+02,-2.413256367731025698e+00,-7.449237027979243031e+00,-6.636443615295057441e+00,0.000000000000000000e+00,4.459101277951347697e+00,4.360408969765814824e+00
-9.022699316464784260e+02,-8.246118536944970856e+02,-2.413283673697422138e+00,-7.444101025032608732e+00,-6.636244677935102310e+00,0.000000000000000000e+00,4.503263217878101798e+00,4.360414832322014433e+00
-9.030134325661451840e+02,-8.252596917509368950e+02,-2.413270338402228710e+00,-7.397496182363735961e+00,-6.636430722928014170e+00,0.000000000000000000e+00,4.469662376698440909e+00,4.360409596470217863e+00
-9.037578302917358997e+02,-8.258952264298766295e+02,-2.413270687304820861e+00,-7.411365424260664803e+00,-6.636360330719704770e+00,0.000000000000000000e+00,4.458896625831314964e+00,4.360412740352976435e+00
-9.045020085437440684e+02,-8.265837375791306840e+02,-2.413266415529311093e+00,-7.462852176054026287e+00,-6.636412982981316766e+00,0.000000000000000000e+00,4.530675908444432132e+00,4.360413470900259547e+00
-9.052457785565014774e+02,-8.272449985130328969e+02,-2.413267617068556081e+00,-7.446539889496210485e+00,-6.636334538135294281e+00,0.000000000000000000e+00,4.481789457608524430e+00,4.360411281870891109e+00
-9.059899416642396091e+02,-8.278988572948110232e+02,-2.413289184997409187e+00,-7.456814566329566851e+00,-6.636448421387416197e+00,0.000000000000000000e+00,4.558992965159077926e+00,4.360415156203606202e+00
-9.067341529954306907e+02,-8.285996187487412499e+02,-2.413263964841353637e+00,-7.456398832759457029e+00,-6.636517921875807247e+00,0.000000000000000000e+00,4.514614432553203827e+00,4.360414668752344625e+00
-9.074783153643293190e+02,-8.292535421694119577e+02,-2.413266038035899008e+00,-7.463624038746305978e+00,-6.636416521996888029e+00,0.000000000000000000e+00,4.480956589618258157e+00,4.360413815749557997e+00
-9.082221486180380907e+02,-8.298693728442764268e+02,-2.413261841048530254e+00,-7.439139069006079019e+00,-6.636440153186986990e+00,0.000000000000000000e+00,4.511080187241359063e+00,4.360413985474074217e+00
-9.089664621497038297e+02,-8.305524306924877465e+02,-2.413283153562791661e+00,-7.450045094026892301e+00,-6.636394488023321436e+00,0.000000000000000000e+00,4.576054686284475537e+00,4.360407871183647366e+00
-9.097104446078628825e+02,-8.312044552832721820e+02,-2.413266240703711318e+00,-7.452261604397775407e+00,-6.636418992729351096e+00,0.000000000000000000e+00,4.512121278812655234e+00,4.360412913283896685e+00
-9.104545092269847828e+02,-8.318816174835193351e+02,-2.413271699057903952e+00,-7.404737641202425280e+00,-6.636414169832943521e+00,0.000000000000000000e+00,4.501069369835117406e+00,4.360411815653860934e+00
-9.111985725414742774e+02,-8.325640797480778019e+02,-2.413242076519191315e+00,-7.441534765401102369e+00,-6.636439555377569910e+00,0.000000000000000000e+00,4.505996216678364696e+00,4.360410886019244536e+00
-9.119425936272599529e+02,-8.332410716254311183e+02,-2.413292944377443572e+00,-7.465158879670315883e+00,-6.636282128053605511e+00,0.000000000000000000e+00,4.535925055587318511e+00,4.360408320192502352e+00
-9.126868479853739018e+02,-8.338790376555418788e+02,-2.413286576833588271e+00,-7.452890567353125384e+00,-6.636511165733965711e+00,0.000000000000000000e+00,4.471990853780489772e+00,4.360412052478884526e+00
-9.134309231766969788e+02,-8.345384717251911297e+02,-2.413265418408655272e+00,-7.444975263721434366e+00,-6.636383072519916659e+00,0.000000000000000000e+00,4.496397907091441937e+00,4.360417911589239637e+00
-9.141748211803823096e+02,-8.352106642027829366e+02,-2.413286557501689522e+00,-7.414466990322256201e+00,-6.636419465173848842e+00,0.000000000000000000e+00,4.467133072881821043e+00,4.360409830791045493e+00
-9.149191257190003626e+02,-8.358486449619057339e+02,-2.413277069438656941e+00,-7.456525808546142997e+00,-6.636533808285933311e+00,0.000000000000000000e+00,4.480202662077418019e+00,4.360410564249751708e+00
-9.156630421700199349e+02,-8.365357121443223605e+02,-2.413280556834148438e+00,-7.458348012074456079e+00,-6.636354236826959685e+00,0.000000000000000000e+00,4.451711711905830704e+00,4.360408852772257760e+00
-9.164070555115282559e+02,-8.371970071915092149e+02,-2.413287074808462940e+00,-7.406286976290401114e+00,-6.636462776954372700e+00,0.000000000000000000e+00,4.542894743882018638e+00,4.360415745531410536e+00
-9.171511516937121087e+02,-8.378697378431320431e+02,-2.413277504219088598e+00,-7.435381624730749373e+00,-6.636518215101960827e+00,0.000000000000000000e+00,4.511076486591751866e+00,4.360414269532447484e+00
-9.178954052782003146e+02,-8.385112088596075637e+02,-2.413250033834775987e+00,-7.455575728385287704e+00,-6.636436036251814663e+00,0.000000000000000000e+00,4.493875235685840686e+00,4.360414388487498627e+00
-9.186394837666908870e+02,-8.391977472748067157e+02,-2.413266105630968994e+00,-7.466200318086444021e+00,-6.636421121456614891e+00,0.000000000000000000e+00,4.539029160477768166e+00,4.360411199210842526e+00
-9.193836653533103345e+02,-8.398582960339033434e+02,-2.413238965042120210e+00,-7.453015881955009192e+00,-6.636290418044363371e+00,0.000000000000000000e+00,4.446881288070192895e+00,4.360411695417709232e+00
-9.201278314806628487e+02,-8.405347910883427858e+02,-2.413265195872638991e+00,-7.436763998156776800e+00,-6.636292079769667396e+00,0.000000000000000000e+00,4.497899444006012715e+00,4.360414689359576101e+00
-9.208716465528411845e+02,-8.412015364728408713e+02,-2.413267087380969844e+00,-7.452549680726916037e+00,-6.636262438808880226e+00,0.000000000000000000e+00,4.429956190765574675e+00,4.360413116492406260e+00
-9.216157566375761689e+02,-8.418413318179628959e+02,-2.413229143049292258e+00,-7.435484290308806976e+00,-6.636404266215966352e+00,0.000000000000000000e+00,4.501300761912307102e+00,4.360406890587096740e+00
-9.223598310474574191e+02,-8.424728983403581424e+02,-2.413295705751629772e+00,-7.436751330590473330e+00,-6.636477216736533791e+00,0.000000000000000000e+00,4.561518572860206788e+00,4.360411773909461886e+00
-9.231039341408254586e+02,-8.432004672712180309e+02,-2.413287744435236970e+00,-7.433212767848250024e+00,-6.636370441984171364e+00,0.000000000000000000e+00,4.532794537907427035e+00,4.360410735656020442e+00
-9.238479750267113104e+02,-8.438311926646654229e+02,-2.413291063778968848e+00,-7.403782702087609024e+00,-6.636478256296309830e+00,0.000000000000000000e+00,4.551967857499808368e+00,4.360414282904343075e+00
-9.245923901486148679e+02,-8.444956919403575739e+02,-2.413288744271025799e+00,-7.403231367053218825e+00,-6.636374906822839925e+00,0.000000000000000000e+00,4.507743499600831427e+00,4.360416418820520335e+00
-9.253361751191068834e+02,-8.451765016641850252e+02,-2.413277691488340260e+00,-7.423414613111599003e+00,-6.636379674710637389e+00,0.000000000000000000e+00,4.470374841383911502e+00,4.360412364156076137e+00
-9.260802202615209353e+02,-8.458293764545607019e+02,-2.413280294297436512e+00,-7.425308934809124572e+00,-6.636610236116111672e+00,0.000000000000000000e+00,4.493663986327572246e+00,4.360414913202183662e+00
-9.268241835873282071e+02,-8.464986068000399655e+02,-2.413269435234663973e+00,-7.418123287962096413e+00,-6.636480746679497500e+00,0.000000000000000000e+00,4.507077125642400262e+00,4.360408742117513725e+00
-9.275682550999400746e+02,-8.471622712045890466e+02,-2.413271880751883369e+00,-7.406772116924758009e+00,-6.636380641039291817e+00,0.000000000000000000e+00,4.502697659492677751e+00,4.360415521090219571e+00
-9.283121976495954186e+02,-8.477990145583688673e+02,-2.413293366865006284e+00,-7.480443914263905647e+00,-6.636416646747121284e+00,0.000000000000000000e+00,4.434925303021294951e+00,4.360413617062118163e+00
-9.290568006398941634e+02,-8.484619989009694336e+02,-2.413297024048055128e+00,-7.433314326751049528e+00,-6.636486666040281257e+00,0.000000000000000000e+00,4.520119253630785927e+00,4.360412395392601503e+00
-9.298005334410656815e+02,-8.491452313642548688e+02,-2.413231836284249976e+00,-7.453367930290972332e+00,-6.636479680562661798e+00,0.000000000000000000e+00,4.502405729058052586e+00,4.360408499894065315e+00
-9.305448956298090479e+02,-8.497963984260425150e+02,-2.413271961580799818e+00,-7.419673936389983737e+00,-6.636373118446107000e+00,0.000000000000000000e+00,4.469735678084353125e+00,4.360415637236612518e+00
-9.312890003174641151e+02,-8.504704719349422248e+02,-2.413258685933444614e+00,-7.442965788200885946e+00,-6.636448113087841882e+00,0.000000000000000000e+00,4.506724805830680580e+00,4.360413841613535624e+00
-9.320330092423145061e+02,-8.511373087988780526e+02,-2.413247750257246249e+00,-7.429942941458819838e+00,-6.636384734655329076e+00,0.000000000000000000e+00,4.490596481369117043e+00,4.360417548513729535e+00
-9.327770760357537938e+02,-8.517928114425282047e+02,-2.413300362833437962e+00,-7.458939244535661928e+00,-6.636426960239931283e+00,0.000000000000000000e+00,4.541077267406489426e+00,4.360415309375953008e+00
-9.335213372671108800e+02,-8.524873558907470397e+02,-2.413249242290983254e+00,-7.428077388108469847e+00,-6.636414683105614110e+00,0.000000000000000000e+00,4.474346221347261121e+00,4.360411527467836557e+00
-9.342650992455170353e+02,-8.531261691797988078e+02,-2.413278585500345574e+00,-7.410738538552609000e+00,-6.636458889158215690e+00,0.000000000000000000e+00,4.573531068548763123e+00,4.360414091913756174e+00
-9.350092173804382583e+02,-8.538134978460474258e+02,-2.413275091720053833e+00,-7.438727949839341491e+00,-6.636477591869221371e+00,0.000000000000000000e+00,4.508570641046556915e+00,4.360408629862835284e+00
-9.357533394248159766e+02,-8.544593929467257567e+02,-2.413275827790442030e+00,-7.441274688261893644e+00,-6.636363329541322464e+00,0.000000000000000000e+00,4.520604832936415463e+00,4.360412919592032033e+00
-9.364973880806971920e+02,-8.551335365723831501e+02,-2.413271060395570711e+00,-7.413990014424410191e+00,-6.636349388350448741e+00,0.000000000000000000e+00,4.497012063079202981e+00,4.360414449690297012e+00
-9.372415108222596700e+02,-8.558164579384135777e+02,-2.413293141346581905e+00,-7.468916326716583676e+00,-6.636354107484361720e+00,0.000000000000000000e+00,4.483536535970984005e+00,4.360416075566051930e+00
-9.379855584519693821e+02,-8.564468944359772422e+02,-2.413299122908060923e+00,-7.405717053089576396e+00,-6.636382100954147489e+00,0.000000000000000000e+00,4.490418947707668806e+00,4.360407679940503378e+00
-9.387298367604302030e+02,-8.571030440759794828e+02,-2.413278489756565559e+00,-7.448792709961718828e+00,-6.636413321231762197e+00,0.000000000000000000e+00,4.492289022528790809e+00,4.360411121014125868e+00
-9.394737767762975409e+02,-8.577729561105945777e+02,-2.413304432424876467e+00,-7.473206540254278885e+00,-6.636514554070794603e+00,0.000000000000000000e+00,4.501931412040257818e+00,4.360410817404385853e+00
-9.402176922314096146e+02,-8.584386019292016954e+02,-2.413276247670586905e+00,-7.442247596314668812e+00,-6.636512166510061483e+00,0.000000000000000000e+00,4.525469924885935136e+00,4.360413029113568761e+00
-9.409620697514435506e+02,-8.591126962509504210e+02,-2.413273669941021993e+00,-7.448777247833993087e+00,-6.636491732607461280e+00,0.000000000000000000e+00,4.512606497253918825e+00,4.360415858397343136e+00
-9.417058719895043168e+02,-8.597767002846212563e+02,-2.413279257072517225e+00,-7.427898218224077809e+00,-6.636466530870284153e+00,0.000000000000000000e+00,4.497195843930092529e+00,4.360415355472910370e+00
-9.424501914024546068e+02,-8.604280569398973739e+02,-2.413278061168707467e+00,-7.425676692177768601e+00,-6.636457772869579941e+00,0.000000000000000000e+00,4.482005231207470963e+00,4.360415498989744343e+00
-9.431943551696542727e+02,-8.610868205252274947e+02,-2.413256554443949042e+00,-7.430156163561213667e+00,-6.636608354726763359e+00,0.000000000000000000e+00,4.502140410716561902e+00,4.360410200721608120e+00
-9.439384488969789118e+02,-8.617517647823747211e+02,-2.413273211212946912e+00,-7.457459576736057194e+00,-6.636520565190386023e+00,0.000000000000000000e+00,4.485884758147039797e+00,4.360411709549978809e+00
-9.446825156115764912e+02,-8.624597161615556615e+02,-2.413272707593253852e+00,-7.471339968194216752e+00,-6.636510902055382743e+00,0.000000000000000000e+00,4.487620051760489837e+00,4.360410783005791657e+00
-9.454265383331279509e+02,-8.630813826286674839e+02,-2.413250447384916342e+00,-7.423332512686869222e+00,-6.636455889329327285e+00,0.000000000000000000e+00,4.434391328301193091e+00,4.360414365153641114e+00
-9.461704270051765207e+02,-8.637524465333807484e+02,-2.413266648997159702e+00,-7.463076294871874516e+00,-6.636469395347345035e+00,0.000000000000000000e+00,4.535347975331023740e+00,4.360408248136800502e+00
-9.469147242350841225e+02,-8.643993108296075434e+02,-2.413237352324376861e+00,-7.436237060881955685e+00,-6.636352980154200054e+00,0.000000000000000000e+00,4.508306317595613066e+00,4.360418240584439609e+00
-9.476588339352393859e+02,-8.650843941615831909e+02,-2.413269162004766155e+00,-7.451053223995648622e+00,-6.636400315504855207e+00,0.000000000000000000e+00,4.492270342678834183e+00,4.360409827231157109e+00
-9.484029062533219303e+02,-8.657337058766249811e+02,-2.413247146386365838e+00,-7.440180740813130633e+00,-6.636525657731343841e+00,0.000000000000000000e+00,4.528236348090630692e+00,4.360408855139554340e+00
-9.491467519023387922e+02,-8.664091275062771729e+02,-2.413272158783360322e+00,-7.465041364678675073e+00,-6.636565785260307493e+00,0.000000000000000000e+00,4.468099409903774522e+00,4.360408549689829272e+00
-9.498911337130419952e+02,-8.670480821805563210e+02,-2.413280313628222817e+00,-7.432053221411684341e+00,-6.636366430297545804e+00,0.000000000000000000e+00,4.454158838729527226e+00,4.360408516534246992e+00
-9.506350079601431844e+02,-8.677405177277554458e+02,-2.413274402337817204e+00,-7.462657569514854039e+00,-6.636452432232665899e+00,0.000000000000000000e+00,4.456424009839477840e+00,4.360410899661214756e+00
-9.513789365046637840e+02,-8.683971272291814785e+02,-2.413265585438919114e+00,-7.445073371588107669e+00,-6.636358094896805504e+00,0.000000000000000000e+00,4.455209374680155321e+00,4.360410292470862537e+00
-9.521230359952024855e+02,-8.690712360114824833e+02,-2.413271749911583886e+00,-7.419169556658854248e+00,-6.636456498956269101e+00,0.000000000000000000e+00,4.493746975439614211e+00,4.360409326658444940e+00
-9.528675023056428017e+02,-8.697286184816463219e+02,-2.413278975989199715e+00,-7.451115579287943547e+00,-6.636336199880787490e+00,0.000000000000000000e+00,4.518613357632064620e+00,4.360416003093964932e+00
-9.536113790702485176e+02,-8.703767201837905532e+02,-2.413296666127193291e+00,-7.468979964875019029e+00,-6.636468563695248513e+00,0.000000000000000000e+00,4.520582010796498906e+00,4.360413236258358083e+00
-9.543554791037265659e+02,-8.710502971721476797e+02,-2.413252448276830719e+00,-7.439424440869118804e+00,-6.636446919840160774e+00,0.000000000000000000e+00,4.490416183255664606e+00,4.360413647993548025e+00
-9.550994066611760900e+02,-8.717231340644926831e+02,-2.413300242391118733e+00,-7.429396279068233078e+00,-6.636425885126426394e+00,0.000000000000000000e+00,4.484118094188048964e+00,4.360411661332759259e+00
-9.558436499390858216e+02,-8.723749891200010325e+02,-2.413258822947541127e+00,-7.424234052115860294e+00,-6.636434773846282553e+00,0.000000000000000000e+00,4.540215595205951971e+00,4.360411559804073356e+00
-9.565876270348821890e+02,-8.730412756823930067e+02,-2.413262526836435828e+00,-7.423682713601174932e+00,-6.636447172571843467e+00,0.000000000000000000e+00,4.493423494760901526e+00,4.360414883595877811e+00
-9.573317552985183738e+02,-8.736807584036771459e+02,-2.413243951497965334e+00,-7.405480524644546314e+00,-6.636248921643393750e+00,0.000000000000000000e+00,4.523380543091810146e+00,4.360413227778090040e+00
-9.580759600973121906e+02,-8.743888773122489511e+02,-2.413246364349865392e+00,-7.454177148157713262e+00,-6.636482737772077201e+00,0.000000000000000000e+00,4.496911334734029708e+00,4.360411125103538232e+00
-9.588197759000926226e+02,-8.750371930628639348e+02,-2.413279332978246039e+00,-7.438587226431385702e+00,-6.636450780270292782e+00,0.000000000000000000e+00,4.473747076697076608e+00,4.360409604083060664e+00
-9.595639009262213222e+02,-8.756947721001475884e+02,-2.413285651919190311e+00,-7.423568746176702149e+00,-6.636532653482356992e+00,0.000000000000000000e+00,4.503083408379009889e+00,4.360413603710044050e+00
-9.603078280200202244e+02,-8.763375739402684985e+02,-2.413268466991077332e+00,-7.422930107906044128e+00,-6.636438064936538872e+00,0.000000000000000000e+00,4.500934728962290521e+00,4.360413193354461647e+00
-9.610521067319441499e+02,-8.770344006826376244e+02,-2.413280948765328393e+00,-7.439119582566527278e+00,-6.636464023657036471e+00,0.000000000000000000e+00,4.488229619319572095e+00,4.360412772255375380e+00
-9.617961805507825375e+02,-8.776895851943662592e+02,-2.413286529860561913e+00,-7.404698936400953002e+00,-6.636294475960241357e+00,0.000000000000000000e+00,4.524041611308358135e+00,4.360414411808130275e+00
-9.625405041560117070e+02,-8.783529033001661901e+02,-2.413302959463557329e+00,-7.425055658342445852e+00,-6.636299227464232509e+00,0.000000000000000000e+00,4.566441814023646906e+00,4.360413829591616164e+00
-9.632847195062563515e+02,-8.790072719170947266e+02,-2.413251335825219002e+00,-7.416751996421877990e+00,-6.636419551526262062e+00,0.000000000000000000e+00,4.557586038631160186e+00,4.360409563109380215e+00
-9.640284910199173964e+02,-8.796853579150360929e+02,-2.413297779121500675e+00,-7.440658709230422829e+00,-6.636485851124194646e+00,0.000000000000000000e+00,4.537056553224020128e+00,4.360409755732645998e+00
-9.647724645690647094e+02,-8.803295362056331896e+02,-2.413310549648688852e+00,-7.443198018725102116e+00,-6.636438102243618964e+00,0.000000000000000000e+00,4.472751530973749112e+00,4.360408803788800469e+00
-9.655167706056654424e+02,-8.810026658983139214e+02,-2.413230747050618685e+00,-7.439525611442898700e+00,-6.636372590478605282e+00,0.000000000000000000e+00,4.444843598008914931e+00,4.360415066246270399e+00
-9.662607128212900989e+02,-8.816564131075792830e+02,-2.413262850415211602e+00,-7.433715715154782799e+00,-6.636473612708519987e+00,0.000000000000000000e+00,4.500242395947646301e+00,4.360411621747694255e+00
-9.670046684619337611e+02,-8.823435947683427685e+02,-2.413267079335645882e+00,-7.426929715507105456e+00,-6.636514959524264512e+00,0.000000000000000000e+00,4.473393338113799800e+00,4.360413765537026975e+00
-9.677489384826508285e+02,-8.830112701064610974e+02,-2.413293745795364931e+00,-7.441357744062596424e+00,-6.636355058999278356e+00,0.000000000000000000e+00,4.427865252883037783e+00,4.360413698992437581e+00
-9.684930010083072602e+02,-8.836658550483314229e+02,-2.413277034683201538e+00,-7.451465580149299051e+00,-6.636508176813735282e+00,0.000000000000000000e+00,4.514749727872114704e+00,4.360410049623902218e+00
-9.692372118947052968e+02,-8.843285850889485573e+02,-2.413260282114301436e+00,-7.434279240486342033e+00,-6.636496263300113441e+00,0.000000000000000000e+00,4.453910247001631184e+00,4.360413836288647538e+00
-9.699813165855795205e+02,-8.849821887388158075e+02,-2.413276184374798294e+00,-7.457670282203734402e+00,-6.636418584442640878e+00,0.000000000000000000e+00,4.490282286803572553e+00,4.360411605163857729e+00
-9.707253669794359894e+02,-8.856390354030717162e+02,-2.413297622899769124e+00,-7.397213269523589929e+00,-6.636298705681185517e+00,0.000000000000000000e+00,4.482858332385121436e+00,4.360409522614198785e+00
-9.714694486412937522e+02,-8.863221982872041735e+02,-2.413261193803591276e+00,-7.444957371804424184e+00,-6.636485494471707547e+00,0.000000000000000000e+00,4.539345958576900486e+00,4.360411672315882115e+00
-9.722134735108900259e+02,-8.869648634438622139e+02,-2.413296460363266505e+00,-7.429214509340936523e+00,-6.636500556293612796e+00,0.000000000000000000e+00,4.542808360096167064e+00,4.360411543929894052e+00
-9.729574798808877176e+02,-8.876639031332117611e+02,-2.413262137741093660e+00,-7.425176999252508736e+00,-6.636467802461938348e+00,0.000000000000000000e+00,4.523770298469862006e+00,4.360406293814442336e+00
-9.737017149512978449e+02,-8.883014781446194092e+02,-2.413283339643657932e+00,-7.433675165762585912e+00,-6.636358979995716112e+00,0.000000000000000000e+00,4.463192512198019379e+00,4.360405971388805924e+00
-9.744455179445423028e+02,-8.889721695512979522e+02,-2.413279517584165923e+00,-7.416251123756032904e+00,-6.636338786239355692e+00,0.000000000000000000e+00,4.494525450563768842e+00,4.360413108010752659e+00
-9.751898024142740269e+02,-8.896667584906335833e+02,-2.413254133704302973e+00,-7.439602052817776645e+00,-6.636530831132875008e+00,0.000000000000000000e+00,4.502800319151605279e+00,4.360410648302314840e+00
-9.759338365002089404e+02,-8.902817811502965242e+02,-2.413260407087678860e+00,-7.448952377481171006e+00,-6.636550568069061740e+00,0.000000000000000000e+00,4.538258430605269567e+00,4.360414074008269303e+00
-9.766779751771304063e+02,-8.909550159811637968e+02,-2.413329058837415442e+00,-7.391124438433552157e+00,-6.636311398450147614e+00,0.000000000000000000e+00,4.536008249314954277e+00,4.360413462106332183e+00
-9.774218990858876168e+02,-8.916239576304461707e+02,-2.413274150502370929e+00,-7.467187595317308357e+00,-6.636494813897767742e+00,0.000000000000000000e+00,4.500618815048214927e+00,4.360412906854210568e+00
-9.781661122441483940e+02,-8.922839366165285355e+02,-2.413241232934853375e+00,-7.442840918001855322e+00,-6.636339779574877973e+00,0.000000000000000000e+00,4.500772047431421008e+00,4.360410147351881704e+00
-9.789102724116934269e+02,-8.929723941019902895e+02,-2.413237183159874899e+00,-7.433290501841314679e+00,-6.636432925147781603e+00,0.000000000000000000e+00,4.525943510674918180e+00,4.360413092014060688e+00
-9.796543590477091357e+02,-8.936148699420879211e+02,-2.413261072419481845e+00,-7.452131201591358334e+00,-6.636414521391118093e+00,0.000000000000000000e+00,4.439963684507558739e+00,4.360413805521520914e+00
-9.803982484090547587e+02,-8.942938721042154384e+02,-2.413302917573234119e+00,-7.409042872972349869e+00,-6.636300354783899458e+00,0.000000000000000000e+00,4.482730188608522681e+00,4.360413138787355258e+00
-9.811424507832183508e+02,-8.949627759344466540e+02,-2.413299143989142692e+00,-7.457718887722443846e+00,-6.636518119029012119e+00,0.000000000000000000e+00,4.558333247836907631e+00,4.360411304256323284e+00
-9.818865202622210973e+02,-8.956225799328649373e+02,-2.413266364515110229e+00,-7.394936274501930029e+00,-6.636227247745623892e+00,0.000000000000000000e+00,4.465935282149230190e+00,4.360414237555803929e+00
-9.826305947424182250e+02,-8.962447335057811415e+02,-2.413267176437425388e+00,-7.444189213505208791e+00,-6.636295520430526729e+00,0.000000000000000000e+00,4.503779805480397691e+00,4.360412547375140946e+00
-9.833746927338435171e+02,-8.969500017715012063e+02,-2.413264722947612295e+00,-7.438649339622688039e+00,-6.636325387130399100e+00,0.000000000000000000e+00,4.546281626668805309e+00,4.360413673102821797e+00
-9.841186227964459476e+02,-8.976058143197138861e+02,-2.413286511011065727e+00,-7.423960270576543508e+00,-6.636357209105259614e+00,0.000000000000000000e+00,4.474186168068126079e+00,4.360413389420183528e+00
-9.848628429556933952e+02,-8.982619683362984233e+02,-2.413294478669411713e+00,-7.408396585173290916e+00,-6.636453688764576420e+00,0.000000000000000000e+00,4.500624011294881655e+00,4.360414027469756704e+00
-9.856070963385506047e+02,-8.989172354124709727e+02,-2.413253365713750043e+00,-7.455313818584947683e+00,-6.636401094314057225e+00,0.000000000000000000e+00,4.490752201935594101e+00,4.360411038494881986e+00
-9.863511915610595224e+02,-8.995985437325999783e+02,-2.413298545443937737e+00,-7.403816911295559855e+00,-6.636440536579355509e+00,0.000000000000000000e+00,4.469205626106753648e+00,4.360414161634493802e+00
-9.870949361739011465e+02,-9.002268209041208138e+02,-2.413250154327927888e+00,-7.464964043171308461e+00,-6.636461616265097341e+00,0.000000000000000000e+00,4.529195733901959287e+00,4.360412420131705602e+00
-9.878389850701807973e+02,-9.009379474352107309e+02,-2.413258790846986024e+00,-7.473210358016937782e+00,-6.636371518458124896e+00,0.000000000000000000e+00,4.520524299976043991e+00,4.360416475481416754e+00
-9.885831253091126882e+02,-9.015781168315839977e+02,-2.413282862908013193e+00,-7.419767026629589424e+00,-6.636527102606520678e+00,0.000000000000000000e+00,4.476818055238585004e+00,4.360409758827614723e+00
-9.893273521547711198e+02,-9.022539565499339460e+02,-2.413244160710990460e+00,-7.441457282692516273e+00,-6.636502175722426955e+00,0.000000000000000000e+00,4.581054239746056744e+00,4.360407084897900631e+00
-9.900714703558890051e+02,-9.029326775498857387e+02,-2.413283660968641442e+00,-7.407372125221716175e+00,-6.636405293171026010e+00,0.000000000000000000e+00,4.533825279356781479e+00,4.360412727097658703e+00
-9.908152061950951293e+02,-9.035847239189668016e+02,-2.413275397076135143e+00,-7.456261008947390856e+00,-6.636487778206427990e+00,0.000000000000000000e+00,4.515074672614709073e+00,4.360411051550402206e+00
-9.915594494536253478e+02,-9.042407282197664244e+02,-2.413276749350763861e+00,-7.402285428973924830e+00,-6.636353576842553892e+00,0.000000000000000000e+00,4.474940985622954059e+00,4.360411053532271097e+00
-9.923036108449801986e+02,-9.049044295048022377e+02,-2.413247556088351065e+00,-7.434420368340988183e+00,-6.636323624632448848e+00,0.000000000000000000e+00,4.493790958150339243e+00,4.360411328810194220e+00
-9.930477242666446500e+02,-9.055573263129565476e+02,-2.413288546601537909e+00,-7.459306482522285897e+00,-6.636461859064468172e+00,0.000000000000000000e+00,4.484266721927006039e+00,4.360415168560066945e+00
-9.937917361839070054e+02,-9.062267592261069922e+02,-2.413271561316567393e+00,-7.450963569015990551e+00,-6.636271495655459596e+00,0.000000000000000000e+00,4.463632612637261410e+00,4.360413760605739597e+00
-9.945359033767035726e+02,-9.069016270322943001e+02,-2.413301598475658505e+00,-7.446958446050522262e+00,-6.636358506455344752e+00,0.000000000000000000e+00,4.554984941608093862e+00,4.360413594797750036e+00
-9.952800120214594699e+02,-9.075447397573439048e+02,-2.413257370778980171e+00,-7.404687144828963064e+00,-6.636431526645346857e+00,0.000000000000000000e+00,4.494644696856116894e+00,4.360412996405431230e+00
-9.960240684315663202e+02,-9.082096890080980529e+02,-2.413298356844531423e+00,-7.460485485304110043e+00,-6.636546103108158512e+00,0.000000000000000000e+00,4.529480387928910723e+00,4.360410748677650439e+00
-9.967682774287914071e+02,-9.088702926033655558e+02,-2.413265527337471461e+00,-7.449361458735345387e+00,-6.636428765231996429e+00,0.000000000000000000e+00,4.512515739963467887e+00,4.360411082438198527e+00
-9.975121597785955601e+02,-9.095410555441241058e+02,-2.413291004704709142e+00,-7.445551019976512919e+00,-6.636360414176964539e+00,0.000000000000000000e+00,4.556449164842155675e+00,4.360411879390791334e+00
-9.982562241678934924e+02,-9.102251484718971142e+02,-2.413276294194702576e+00,-7.465001761013056125e+00,-6.636358202219543756e+00,0.000000000000000000e+00,4.520012082159913902e+00,4.360407215538511849e+00
-9.990004152039556402e+02,-9.108836077909462574e+02,-2.413273817648726727e+00,-7.423491719463521932e+00,-6.636438298426044824e+00,0.000000000000000000e+00,4.482369746228678231e+00,4.360410546622791372e+00
-9.997444545306544796e+02,-9.115426068048468551e+02,-2.413289679105537378e+00,-7.417780855487599467e+00,-6.636313782521448879e+00,0.000000000000000000e+00,4.486821174976157067e+00,4.360414096982986543e+00
-1.000488551366114507e+03,-9.122040525201934997e+02,-2.413273448551993550e+00,-7.451855425266565192e+00,-6.636481280417055650e+00,0.000000000000000000e+00,4.515897008641746702e+00,4.360412368963438645e+00
-1.001232519937583902e+03,-9.128730172210273395e+02,-2.413263390452345281e+00,-7.409834535075917827e+00,-6.636544641886965579e+00,0.000000000000000000e+00,4.556326487991019469e+00,4.360415190898403459e+00
-1.001976784894162279e+03,-9.135253946298639676e+02,-2.413277253057768412e+00,-7.405579114634503135e+00,-6.636586761366733533e+00,0.000000000000000000e+00,4.505254197838047148e+00,4.360413342644898549e+00
-1.002720865035264296e+03,-9.141590456996437979e+02,-2.413284251321151874e+00,-7.451687496645743813e+00,-6.636473910039800472e+00,0.000000000000000000e+00,4.492627638030071147e+00,4.360409360635110865e+00
-1.003464721863414979e+03,-9.148583687142117924e+02,-2.413282318378826119e+00,-7.433487160693498019e+00,-6.636469611546614189e+00,0.000000000000000000e+00,4.499526953753177239e+00,4.360415368562834182e+00
-1.004209083138650158e+03,-9.155205329642329843e+02,-2.413297271220809392e+00,-7.452986631415690510e+00,-6.636457988984441059e+00,0.000000000000000000e+00,4.504570536090951371e+00,4.360406728405981980e+00
-1.004952901615646965e+03,-9.161851822702323034e+02,-2.413261659127199366e+00,-7.479125984640722535e+00,-6.636520067077883667e+00,0.000000000000000000e+00,4.465980540466991222e+00,4.360415361202310436e+00
-1.005696937058664389e+03,-9.168439714151269300e+02,-2.413282470145631464e+00,-7.456693686572495317e+00,-6.636415501209302903e+00,0.000000000000000000e+00,4.539394557207419467e+00,4.360411429624065249e+00
-1.006441251713671932e+03,-9.175110206570958553e+02,-2.413259729513777874e+00,-7.423660027467155587e+00,-6.636536100749154343e+00,0.000000000000000000e+00,4.513808408929472549e+00,4.360414356765942578e+00
-1.007185300579679733e+03,-9.181544246716026692e+02,-2.413242560497468769e+00,-7.409699786564307722e+00,-6.636312673293971010e+00,0.000000000000000000e+00,4.488105904185284878e+00,4.360414398047558926e+00
-1.007929249311371336e+03,-9.188226552101162952e+02,-2.413248643006412841e+00,-7.446155778195182151e+00,-6.636516476390724506e+00,0.000000000000000000e+00,4.597800712840813375e+00,4.360409007161654138e+00
-1.008673394866175158e+03,-9.195185029165920696e+02,-2.413287995594948665e+00,-7.445368383611222107e+00,-6.636328547586256121e+00,0.000000000000000000e+00,4.514236927900007856e+00,4.360411807513255411e+00
-1.009417550060276994e+03,-9.201642901464915667e+02,-2.413253394397409934e+00,-7.455434997807135922e+00,-6.636357597486088444e+00,0.000000000000000000e+00,4.480364307035511473e+00,4.360410804062910373e+00
-1.010161826376798899e+03,-9.208452822514940408e+02,-2.413303037917416738e+00,-7.449318979316151612e+00,-6.636378228018577907e+00,0.000000000000000000e+00,4.461346539483981744e+00,4.360412344867643952e+00
-1.010905820936733335e+03,-9.214792748388581458e+02,-2.413264176377366343e+00,-7.409578367362865237e+00,-6.636449303405321132e+00,0.000000000000000000e+00,4.463091311805287731e+00,4.360411533772451165e+00
-1.011649873493130713e+03,-9.221542111327981956e+02,-2.413255087957476341e+00,-7.501289173241190156e+00,-6.636330762918187354e+00,0.000000000000000000e+00,4.495388613650689535e+00,4.360410639198763150e+00
-1.012393914948410952e+03,-9.228204683634596677e+02,-2.413280361386205275e+00,-7.431611340986171932e+00,-6.636518485413078317e+00,0.000000000000000000e+00,4.507671875675129947e+00,4.360410590753029503e+00
-1.013138033580464935e+03,-9.234977974366579474e+02,-2.413266226488524957e+00,-7.445279758980974272e+00,-6.636427192656522145e+00,0.000000000000000000e+00,4.479251947032000025e+00,4.360412339185757880e+00
-1.013882052746954400e+03,-9.241709500742921364e+02,-2.413268255260375472e+00,-7.417294066127007923e+00,-6.636353471411631233e+00,0.000000000000000000e+00,4.470083389604448065e+00,4.360414602147309360e+00
-1.014626184972570968e+03,-9.248220123245182549e+02,-2.413309179603604804e+00,-7.478694401626171384e+00,-6.636526510315526650e+00,0.000000000000000000e+00,4.469944345607443026e+00,4.360412513587450967e+00
-1.015370200556771692e+03,-9.254639396453139852e+02,-2.413268998319584302e+00,-7.399340880126886510e+00,-6.636365622405929088e+00,0.000000000000000000e+00,4.465039081872962612e+00,4.360410104587959523e+00
-1.016114201585738215e+03,-9.261333755700559323e+02,-2.413258139110985301e+00,-7.453277359725264617e+00,-6.636318135619740488e+00,0.000000000000000000e+00,4.484534371344346404e+00,4.360408852337012142e+00
-1.016858484140626842e+03,-9.267708831319831688e+02,-2.413290807309936614e+00,-7.412522433948375067e+00,-6.636513681826905042e+00,0.000000000000000000e+00,4.504575284806549007e+00,4.360410908955079989e+00
-1.017602395480535051e+03,-9.274681572968506771e+02,-2.413269507318553497e+00,-7.443793131770304328e+00,-6.636367217951465669e+00,0.000000000000000000e+00,4.504753572121940053e+00,4.360408794749405459e+00
-1.018346462141762800e+03,-9.281267669479302640e+02,-2.413254256481461191e+00,-7.438021359874361416e+00,-6.636378541979725654e+00,0.000000000000000000e+00,4.494625672507511993e+00,4.360412221283784362e+00
-1.019090507588788455e+03,-9.287836693363842642e+02,-2.413271938316358778e+00,-7.455156213292504219e+00,-6.636360943134044454e+00,0.000000000000000000e+00,4.538836190334087917e+00,4.360412407694528980e+00
-1.019834661600674167e+03,-9.294636127051597896e+02,-2.413297555484445134e+00,-7.431147079276442469e+00,-6.636438078256700734e+00,0.000000000000000000e+00,4.528368105817609290e+00,4.360415136463615227e+00
-1.020578854897585302e+03,-9.300804158153805474e+02,-2.413240560627748277e+00,-7.416581090548437061e+00,-6.636546391162069902e+00,0.000000000000000000e+00,4.416735142247518731e+00,4.360412331549995635e+00
-1.021322785113048667e+03,-9.307701863758134095e+02,-2.413265808092647013e+00,-7.440250387392036480e+00,-6.636552740779102955e+00,0.000000000000000000e+00,4.492403781899207971e+00,4.360408626432468182e+00
-1.022066911808873897e+03,-9.314427872766888186e+02,-2.413277728919454468e+00,-7.456038037362326953e+00,-6.636503934103416213e+00,0.000000000000000000e+00,4.499517077614744842e+00,4.360412567127302630e+00
-1.022810926157451149e+03,-9.320865857808765895e+02,-2.413280019870039261e+00,-7.476721837590814879e+00,-6.636598917744978898e+00,0.000000000000000000e+00,4.498984120445003398e+00,4.360414935740999809e+00
-1.023554874568391938e+03,-9.327839496435892670e+02,-2.413281582551096260e+00,-7.398668587598048241e+00,-6.636355505347733441e+00,0.000000000000000000e+00,4.513280598491893336e+00,4.360412247026262733e+00
-1.024299032374773788e+03,-9.334103153589870772e+02,-2.413270442262104076e+00,-7.467883691216322006e+00,-6.636456685268311340e+00,0.000000000000000000e+00,4.509204658568155111e+00,4.360410568497060879e+00
-1.025043180010578453e+03,-9.341205071222550487e+02,-2.413264441788166792e+00,-7.430237165891429463e+00,-6.636421303127529647e+00,0.000000000000000000e+00,4.479923536761436509e+00,4.360414900749033151e+00
-1.025787228658625281e+03,-9.347684841161370741e+02,-2.413282204128064379e+00,-7.465350684443188278e+00,-6.636473706899713498e+00,0.000000000000000000e+00,4.496269328697821699e+00,4.360410259338638461e+00
-1.026531403444929992e+03,-9.354265554439565449e+02,-2.413298736987262494e+00,-7.444586483357265472e+00,-6.636244796564643167e+00,0.000000000000000000e+00,4.509305899134771423e+00,4.360410271818212280e+00
-1.027275583211637922e+03,-9.360883292404058693e+02,-2.413300920083507162e+00,-7.479201434235691615e+00,-6.636455035529985835e+00,0.000000000000000000e+00,4.584631237158977690e+00,4.360415655794088075e+00
-1.028019841585266249e+03,-9.367383795826325468e+02,-2.413295497801531742e+00,-7.434352083789759646e+00,-6.636345622987551707e+00,0.000000000000000000e+00,4.517670079311730369e+00,4.360408811433929444e+00
-1.028763628975098982e+03,-9.374264421543779235e+02,-2.413262313937692749e+00,-7.420349997567763367e+00,-6.636437294095574480e+00,0.000000000000000000e+00,4.487761843982652543e+00,4.360413278822611538e+00
-1.029507513348859220e+03,-9.380513675253406518e+02,-2.413291317303269068e+00,-7.439851082050334519e+00,-6.636412009584819138e+00,0.000000000000000000e+00,4.559215082909874539e+00,4.360412977890023356e+00
-1.030251689897651431e+03,-9.387428647490949061e+02,-2.413221324065142781e+00,-7.430212229726713247e+00,-6.636339896951977124e+00,0.000000000000000000e+00,4.512522629227847304e+00,4.360412562306175133e+00
-1.030995852828384841e+03,-9.394233011522526340e+02,-2.413286277332713059e+00,-7.437463300854743053e+00,-6.636319961916095522e+00,0.000000000000000000e+00,4.507526561746338700e+00,4.360412733408702834e+00
-1.031739927504154139e+03,-9.400852385237411681e+02,-2.413287080356684822e+00,-7.422125513486487414e+00,-6.636436386027405376e+00,0.000000000000000000e+00,4.507419905538177396e+00,4.360414755939048703e+00
-1.032483717111446140e+03,-9.407277636680078103e+02,-2.413288509952880023e+00,-7.460058689949962130e+00,-6.636275652565116090e+00,0.000000000000000000e+00,4.517213525968318599e+00,4.360410135702483814e+00
-1.033228375221569422e+03,-9.413863437048399874e+02,-2.413272971657659749e+00,-7.428302713660952072e+00,-6.636334828631785143e+00,0.000000000000000000e+00,4.498842259503395447e+00,4.360412289341098813e+00
-1.033972237156633128e+03,-9.420622786940605238e+02,-2.413263250688229444e+00,-7.434696803972983936e+00,-6.636490049859230744e+00,0.000000000000000000e+00,4.545218272085423727e+00,4.360413287421230244e+00
-1.034716467376984610e+03,-9.427367937862240979e+02,-2.413270962914096707e+00,-7.468428758888841834e+00,-6.636330095619782377e+00,0.000000000000000000e+00,4.481046533297789125e+00,4.360417683432915581e+00
-1.035460447821946900e+03,-9.433988385390046005e+02,-2.413273306305354637e+00,-7.445403779688129831e+00,-6.636500179309781089e+00,0.000000000000000000e+00,4.501544403486718693e+00,4.360408770538647616e+00
-1.036204543692918833e+03,-9.440408034714680525e+02,-2.413266806366839656e+00,-7.460638492428977031e+00,-6.636477404743244435e+00,0.000000000000000000e+00,4.487935593214017693e+00,4.360413047790598462e+00
-1.036948820951593461e+03,-9.447293839527425234e+02,-2.413258931234662619e+00,-7.468044150064516273e+00,-6.636285556607270486e+00,0.000000000000000000e+00,4.530326828923591620e+00,4.360412494457052368e+00
-1.037692775514799223e+03,-9.453711925050137097e+02,-2.413243922229821870e+00,-7.446618749708688867e+00,-6.636490346031320264e+00,0.000000000000000000e+00,4.450479508674391127e+00,4.360411746709535130e+00
-1.038436799276574448e+03,-9.460539655547898974e+02,-2.413277277670169862e+00,-7.495302345793082743e+00,-6.636406307372168634e+00,0.000000000000000000e+00,4.538683770716908761e+00,4.360410923011794004e+00
-1.039180848675848210e+03,-9.466922389657985377e+02,-2.413297673816293010e+00,-7.461681254423714549e+00,-6.636529895591102068e+00,0.000000000000000000e+00,4.486120008059572228e+00,4.360406097364768030e+00
-1.039924751501010860e+03,-9.473487962715178128e+02,-2.413250791684549590e+00,-7.458396682844271375e+00,-6.636541710207832345e+00,0.000000000000000000e+00,4.494302556279878402e+00,4.360411321242856353e+00
-1.040668971495707410e+03,-9.480497269801853690e+02,-2.413312702833388279e+00,-7.437791633870975971e+00,-6.636504482973113461e+00,0.000000000000000000e+00,4.466911731505361693e+00,4.360414936384570339e+00
-1.041413068108013476e+03,-9.487160129599650418e+02,-2.413255097671346494e+00,-7.447922612611470150e+00,-6.636394809665453032e+00,0.000000000000000000e+00,4.490271201129679035e+00,4.360414194000894028e+00
-1.042157004005526687e+03,-9.493652841800961824e+02,-2.413306534631659783e+00,-7.436584268983395418e+00,-6.636389091958735165e+00,0.000000000000000000e+00,4.513085619146687044e+00,4.360410029681389688e+00
-1.042901183684117086e+03,-9.500179463115788394e+02,-2.413277675213039597e+00,-7.447063066870816428e+00,-6.636436439699630263e+00,0.000000000000000000e+00,4.485029614611950599e+00,4.360411211961388922e+00
-1.043645400277012868e+03,-9.506901080042989634e+02,-2.413261086549445267e+00,-7.445612413093008364e+00,-6.636405826826177190e+00,0.000000000000000000e+00,4.565390155892743884e+00,4.360412862440382398e+00
-1.044389512572994590e+03,-9.513549750059218013e+02,-2.413258489187173339e+00,-7.442524774826469347e+00,-6.636587546253406522e+00,0.000000000000000000e+00,4.492487916491387345e+00,4.360413418443502387e+00
-1.045133298812920430e+03,-9.520145726737997620e+02,-2.413267125129251678e+00,-7.427261378990926310e+00,-6.636557134987820739e+00,0.000000000000000000e+00,4.536268693149489550e+00,4.360411955033736575e+00
-1.045877488682522880e+03,-9.526622152844640823e+02,-2.413294760080105128e+00,-7.471858610284550117e+00,-6.636360195146663088e+00,0.000000000000000000e+00,4.493158548594598400e+00,4.360410388313660235e+00
-1.046621556092121182e+03,-9.533531881107346635e+02,-2.413272317268046585e+00,-7.419336531427179082e+00,-6.636410099848556676e+00,0.000000000000000000e+00,4.450572483886501729e+00,4.360411939647443447e+00
-1.047365700052428110e+03,-9.540013764847027460e+02,-2.413285183621112662e+00,-7.439206246542429568e+00,-6.636407950911227260e+00,0.000000000000000000e+00,4.485727812742757337e+00,4.360409131713161024e+00
-1.048109858946909299e+03,-9.546913294237460832e+02,-2.413255115954578756e+00,-7.427450172847362531e+00,-6.636353752103143933e+00,0.000000000000000000e+00,4.524616764204153263e+00,4.360414488360974339e+00
-1.048853880999899047e+03,-9.553155031040897711e+02,-2.413297218349628626e+00,-7.430928193234261236e+00,-6.636332138296805461e+00,0.000000000000000000e+00,4.531727017681205893e+00,4.360416091888827061e+00
-1.049597959619755329e+03,-9.560139404852042162e+02,-2.413272604813657018e+00,-7.418071002356622756e+00,-6.636321776020979613e+00,0.000000000000000000e+00,4.542442033501833620e+00,4.360412726805093619e+00
-1.050342056270805870e+03,-9.566601764159316872e+02,-2.413264879244129801e+00,-7.475732720355926730e+00,-6.636307146681539315e+00,0.000000000000000000e+00,4.523936844724999240e+00,4.360409648605677368e+00
-1.051086122920805337e+03,-9.573235324537647557e+02,-2.413286475971955003e+00,-7.463612873469758213e+00,-6.636267100376244343e+00,0.000000000000000000e+00,4.542206325102343456e+00,4.360407309373839801e+00
-1.051830544096983203e+03,-9.579685553801966762e+02,-2.413265888682230020e+00,-7.435109661540201920e+00,-6.636442037755186263e+00,0.000000000000000000e+00,4.463865574763534738e+00,4.360413054355281481e+00
-1.052574438418787395e+03,-9.586683590225342186e+02,-2.413274274224717075e+00,-7.413306854161897164e+00,-6.636375117197984785e+00,0.000000000000000000e+00,4.480571589002243726e+00,4.360413560945231026e+00
-1.053318351720358578e+03,-9.593130602598184851e+02,-2.413269281169020175e+00,-7.423205310623973041e+00,-6.636557195408424370e+00,0.000000000000000000e+00,4.451847259675757229e+00,4.360410489065076334e+00
-1.054062378505778270e+03,-9.599789839323343585e+02,-2.413259786109100968e+00,-7.411876153541740564e+00,-6.636311990356944968e+00,0.000000000000000000e+00,4.473820223758447234e+00,4.360411657711904532e+00
-1.054806699660761069e+03,-9.606449550705945057e+02,-2.413296622973366556e+00,-7.455021714217734186e+00,-6.636466358777243002e+00,0.000000000000000000e+00,4.523929235011150851e+00,4.360412640630373815e+00
-1.055550659204869589e+03,-9.613055592667460587e+02,-2.413266088013850119e+00,-7.467739396977671973e+00,-6.636315805127356526e+00,0.000000000000000000e+00,4.483300364817879746e+00,4.360409818662344783e+00
-1.056294746663864544e+03,-9.619559323241861648e+02,-2.413290631584356305e+00,-7.454112427345889635e+00,-6.636423507861848314e+00,0.000000000000000000e+00,4.545502962885868747e+00,4.360409835057588168e+00
-1.057038677656758182e+03,-9.626251121039648524e+02,-2.413291285017543863e+00,-7.445684186901005752e+00,-6.636309970757387156e+00,0.000000000000000000e+00,4.480703392759084913e+00,4.360415627158647389e+00
-1.057782872735405590e+03,-9.632912033904509599e+02,-2.413268015058123162e+00,-7.449113516302358740e+00,-6.636222586564673342e+00,0.000000000000000000e+00,4.510716035655391032e+00,4.360415998024394391e+00
-1.058526971296144893e+03,-9.639426326138110426e+02,-2.413295923573195001e+00,-7.433485882203163087e+00,-6.636553400878979048e+00,0.000000000000000000e+00,4.534056854532144243e+00,4.360409711479276140e+00
-1.059271042381309599e+03,-9.646232613965956944e+02,-2.413256079940246046e+00,-7.422493322694609041e+00,-6.636300899277444820e+00,0.000000000000000000e+00,4.505447992684630698e+00,4.360409449083419098e+00
-1.060015264582764758e+03,-9.653053486376526280e+02,-2.413283868084221684e+00,-7.439868630320891185e+00,-6.636546052398800022e+00,0.000000000000000000e+00,4.492418947828596743e+00,4.360414398633007949e+00
-1.060759097502434543e+03,-9.659765842135254843e+02,-2.413291526603596804e+00,-7.457253995131700286e+00,-6.636390157847583460e+00,0.000000000000000000e+00,4.505999463798965543e+00,4.360412631440638620e+00
-1.061503432404499335e+03,-9.666057404703061593e+02,-2.413236333552599255e+00,-7.450411244858697657e+00,-6.636287733407375988e+00,0.000000000000000000e+00,4.480973215256902620e+00,4.360412733982525602e+00
-1.062247495170295906e+03,-9.672652198072644296e+02,-2.413241813725778506e+00,-7.425795890684261380e+00,-6.636439719588366870e+00,0.000000000000000000e+00,4.525400041018160735e+00,4.360416264850052848e+00
-1.062991348800851256e+03,-9.679449082677012939e+02,-2.413293808169677757e+00,-7.419295832603495455e+00,-6.636397481398748077e+00,0.000000000000000000e+00,4.468353415569289666e+00,4.360416726557016176e+00
-1.063735670367466582e+03,-9.685925678401453069e+02,-2.413274540339215513e+00,-7.422049506982354217e+00,-6.636397709095568587e+00,0.000000000000000000e+00,4.565633188599138137e+00,4.360411990822129269e+00
-1.064479913005955495e+03,-9.692678253603643270e+02,-2.413264408231192704e+00,-7.430804230202712191e+00,-6.636462625497022927e+00,0.000000000000000000e+00,4.479672509297456529e+00,4.360412427581210615e+00
-1.065223785019247998e+03,-9.699201045548334150e+02,-2.413286343828636049e+00,-7.424590128721578530e+00,-6.636451998728965407e+00,0.000000000000000000e+00,4.533297932971786182e+00,4.360408911055147385e+00
-1.065967657006397985e+03,-9.705791004816130680e+02,-2.413308004372565208e+00,-7.440760206629083662e+00,-6.636322346336836375e+00,0.000000000000000000e+00,4.506160432562920981e+00,4.360415264992349549e+00
-1.066711613524048744e+03,-9.712667569971280273e+02,-2.413295393076334339e+00,-7.430914399617268629e+00,-6.636517274988964488e+00,0.000000000000000000e+00,4.525148244155718480e+00,4.360411787358754232e+00
-1.067455834852705038e+03,-9.719425515819380053e+02,-2.413261690696369755e+00,-7.419544717394055411e+00,-6.636300520714299545e+00,0.000000000000000000e+00,4.485357240615697627e+00,4.360406213605595660e+00
-1.068200267651812510e+03,-9.726135631021373911e+02,-2.413266639132658931e+00,-7.431188342375059541e+00,-6.636364092443501228e+00,0.000000000000000000e+00,4.512818416339796634e+00,4.360407724999303625e+00
-1.068944310598095399e+03,-9.732554806649184229e+02,-2.413294402445401943e+00,-7.456860301206037711e+00,-6.636381442342244696e+00,0.000000000000000000e+00,4.492167193582925044e+00,4.360411966639067494e+00
-1.069688400001291711e+03,-9.738942037538417935e+02,-2.413260572395464987e+00,-7.404988831214082801e+00,-6.636478996184751900e+00,0.000000000000000000e+00,4.509821996763759167e+00,4.360414008984516698e+00
-1.070432210738005551e+03,-9.745792861941790761e+02,-2.413282610813390239e+00,-7.428813317389103332e+00,-6.636244660956200470e+00,0.000000000000000000e+00,4.512816919781459823e+00,4.360408803712463310e+00
-1.071176295835732844e+03,-9.752374980775981612e+02,-2.413283315263174078e+00,-7.443084505656019978e+00,-6.636331089791961624e+00,0.000000000000000000e+00,4.488879271950996674e+00,4.360413184430285582e+00
-1.071920489987682913e+03,-9.758922906411484064e+02,-2.413283831625046894e+00,-7.463902171698129528e+00,-6.636489693496184117e+00,0.000000000000000000e+00,4.490027539260749379e+00,4.360410480839678193e+00
-1.072664615680771476e+03,-9.765738221683932352e+02,-2.413245209004238223e+00,-7.432969163830778214e+00,-6.636508104863866109e+00,0.000000000000000000e+00,4.479583132753433006e+00,4.360411657096883609e+00
-1.073408441305029328e+03,-9.772382826818572994e+02,-2.413282201229544288e+00,-7.456851554233366208e+00,-6.636409375371245645e+00,0.000000000000000000e+00,4.540322606985183640e+00,4.360413307978320496e+00
-1.074152529492798976e+03,-9.779149658100269562e+02,-2.413251685619176357e+00,-7.428187735159045069e+00,-6.636442325576402013e+00,0.000000000000000000e+00,4.460894126368131651e+00,4.360410126424821620e+00
-1.074896619288327656e+03,-9.785700139188155617e+02,-2.413251552103590214e+00,-7.456744273187269734e+00,-6.636316417527972078e+00,0.000000000000000000e+00,4.485482062683805893e+00,4.360417538915099200e+00
-1.075640843286695599e+03,-9.792327109260555744e+02,-2.413282829063292390e+00,-7.434823938383542163e+00,-6.636467476207983829e+00,0.000000000000000000e+00,4.492993938285241740e+00,4.360412672809495405e+00
-1.076384927356658409e+03,-9.798900008946358184e+02,-2.413274076737070395e+00,-7.444871283556358854e+00,-6.636522668771100086e+00,0.000000000000000000e+00,4.461444465334807319e+00,4.360410559222128946e+00
-1.077129095431585029e+03,-9.805614416781857017e+02,-2.413256600845513411e+00,-7.454458435234334601e+00,-6.636388811259148923e+00,0.000000000000000000e+00,4.474223422316558008e+00,4.360412179770197127e+00
-1.077873128034525735e+03,-9.812268974864516622e+02,-2.413286691534065387e+00,-7.448594253041019186e+00,-6.636326794533006002e+00,0.000000000000000000e+00,4.452071274690395875e+00,4.360413354858319934e+00
-1.078617254396339149e+03,-9.818757787024430854e+02,-2.413273142060429421e+00,-7.454323868920900154e+00,-6.636488630873771832e+00,0.000000000000000000e+00,4.501448760029790108e+00,4.360410163499658154e+00
-1.079361200838069863e+03,-9.825379969921093561e+02,-2.413266496986662624e+00,-7.466847444019255597e+00,-6.636433041301170732e+00,0.000000000000000000e+00,4.524484080555205345e+00,4.360411672126396354e+00
-1.080105148416208294e+03,-9.832118925838265113e+02,-2.413270116837908486e+00,-7.446976019246309697e+00,-6.636374260478706155e+00,0.000000000000000000e+00,4.437816574616713972e+00,4.360414286908903314e+00
-1.080849335122204138e+03,-9.838606415444068034e+02,-2.413300444866739891e+00,-7.445226661992402128e+00,-6.636383681912955801e+00,0.000000000000000000e+00,4.473232309219797642e+00,4.360408362537072868e+00
-1.081593559604163147e+03,-9.845476505672238545e+02,-2.413242027947958945e+00,-7.403026097650691639e+00,-6.636479250724280021e+00,0.000000000000000000e+00,4.465890849872544699e+00,4.360408220347527397e+00
-1.082337539593338306e+03,-9.852116040562855233e+02,-2.413283598539170960e+00,-7.453528098834673266e+00,-6.636318769433292353e+00,0.000000000000000000e+00,4.559954454562819670e+00,4.360413029881439861e+00
-1.083081808817580622e+03,-9.858533736492217940e+02,-2.413263298757974962e+00,-7.467349379085712613e+00,-6.636245868226914091e+00,0.000000000000000000e+00,4.503923925430827424e+00,4.360410619736104110e+00
-1.083825806318852301e+03,-9.865165506834504185e+02,-2.413267077515544035e+00,-7.417964471719044717e+00,-6.636481668096153363e+00,0.000000000000000000e+00,4.524243649558613356e+00,4.360410496555259030e+00
-1.084569925789599893e+03,-9.871873700049440004e+02,-2.413246431275088977e+00,-7.443017334990933875e+00,-6.636364690269348721e+00,0.000000000000000000e+00,4.516494699143977165e+00,4.360409363613070965e+00
-1.085313813915561241e+03,-9.878489993897183012e+02,-2.413276554386089234e+00,-7.479384338864590198e+00,-6.636391854067079876e+00,0.000000000000000000e+00,4.517861054470950322e+00,4.360414856110397253e+00
-1.086058067859783250e+03,-9.885182391908347199e+02,-2.413263454091347349e+00,-7.462868972259779632e+00,-6.636536124920391799e+00,0.000000000000000000e+00,4.498102169261967376e+00,4.360411093818947315e+00
-1.086802155696384261e+03,-9.891749351553187353e+02,-2.413258955229691693e+00,-7.471597543383008855e+00,-6.636463338625780750e+00,0.000000000000000000e+00,4.535573360698889722e+00,4.360413716148188179e+00
-1.087545967682725859e+03,-9.898401398680033481e+02,-2.413283860627414956e+00,-7.441698079751391859e+00,-6.636437171262600465e+00,0.000000000000000000e+00,4.470957202789947793e+00,4.360413967285186487e+00
-1.088290162985638290e+03,-9.905086735690296109e+02,-2.413259986722724904e+00,-7.465365034552288392e+00,-6.636518597667000918e+00,0.000000000000000000e+00,4.477347426262675789e+00,4.360408389486362779e+00
-1.089034498063369711e+03,-9.911355864997688059e+02,-2.413286267896794346e+00,-7.432643379244393778e+00,-6.636351229486745495e+00,0.000000000000000000e+00,4.516740602189989851e+00,4.360412675445273223e+00
-1.089778504804515705e+03,-9.918221576359293294e+02,-2.413267678790981030e+00,-7.448095553792292378e+00,-6.636429574026920797e+00,0.000000000000000000e+00,4.476278043203370416e+00,4.360415749054335599e+00
-1.090522765037405861e+03,-9.924778277884844329e+02,-2.413275806777600341e+00,-7.415158708015246347e+00,-6.636465693633340379e+00,0.000000000000000000e+00,4.535054529219226360e+00,4.360410411433466749e+00
-1.091266567237422350e+03,-9.931477483105379633e+02,-2.413290440217630728e+00,-7.414542170154254208e+00,-6.636387934080424600e+00,0.000000000000000000e+00,4.491556324407690148e+00,4.360411002905502542e+00
-1.092010629918564064e+03,-9.938147630656667388e+02,-2.413276219852786841e+00,-7.461623828027896366e+00,-6.636663076720914489e+00,0.000000000000000000e+00,4.502176722883612925e+00,4.360415341939298806e+00
-1.092754703986411414e+03,-9.944998715647565177e+02,-2.413271956113788086e+00,-7.430031309358732905e+00,-6.636602201733420081e+00,0.000000000000000000e+00,4.513616345067136493e+00,4.360411803316140755e+00
-1.093498838886098156e+03,-9.951550497212502933e+02,-2.413246396960603946e+00,-7.440336377204220142e+00,-6.636428240792844768e+00,0.000000000000000000e+00,4.487436862505851387e+00,4.360410535378970387e+00
-1.094242964039490062e+03,-9.958287981885529234e+02,-2.413275127601183456e+00,-7.439895860943135375e+00,-6.636393404643247784e+00,0.000000000000000000e+00,4.511493640322510323e+00,4.360415105352773324e+00
-1.094986890842783396e+03,-9.964852122381345225e+02,-2.413294755708609074e+00,-7.440979114828184748e+00,-6.636405968069327699e+00,0.000000000000000000e+00,4.482372793993325111e+00,4.360410777547908623e+00
-1.095731170479635921e+03,-9.971308102584420112e+02,-2.413282106256837700e+00,-7.437055147256388388e+00,-6.636343851868845789e+00,0.000000000000000000e+00,4.509135211839689461e+00,4.360410878493950371e+00
-1.096475045240450072e+03,-9.977842206097074040e+02,-2.413305726778323113e+00,-7.411177962476939385e+00,-6.636331752365664194e+00,0.000000000000000000e+00,4.509165426571358104e+00,4.360413841235725840e+00
-1.097219363619858314e+03,-9.984930701828625388e+02,-2.413229336366915945e+00,-7.454333840018967372e+00,-6.636335615369494789e+00,0.000000000000000000e+00,4.521369611151216716e+00,4.360414928032642301e+00
-1.097963468592984100e+03,-9.991361197987123433e+02,-2.413289879067444854e+00,-7.436019397583051749e+00,-6.636504828375212384e+00,0.000000000000000000e+00,4.548816281449234111e+00,4.360410179588871671e+00
-1.098707484015922319e+03,-9.998106470312752663e+02,-2.413268045751315150e+00,-7.439385258510049503e+00,-6.636474269305466578e+00,0.000000000000000000e+00,4.488538817100261369e+00,4.360413491219768289e+00
-1.099451450860717387e+03,-1.000459987887646321e+03,-2.413265440884841073e+00,-7.384992832431611198e+00,-6.636485490392460385e+00,0.000000000000000000e+00,4.485458643689787195e+00,4.360412072888693480e+00
-1.100195631301237881e+03,-1.001113990560607476e+03,-2.413268282568049816e+00,-7.426365803483129469e+00,-6.636477269940277424e+00,0.000000000000000000e+00,4.483702966713341453e+00,4.360411624898900662e+00
-1.100939758976970552e+03,-1.001809458144518089e+03,-2.413314710397853169e+00,-7.460054764332672228e+00,-6.636427316976918789e+00,0.000000000000000000e+00,4.501748924258516915e+00,4.360413862960370146e+00
-1.101683850844771541e+03,-1.002471714071964357e+03,-2.413268790763360983e+00,-7.446083530597781497e+00,-6.636468360226461805e+00,0.000000000000000000e+00,4.538368246963145225e+00,4.360406353782750877e+00
-1.102427593295268480e+03,-1.003134071644414803e+03,-2.413270577596962507e+00,-7.430144917786734915e+00,-6.636616419575419812e+00,0.000000000000000000e+00,4.473523130988256824e+00,4.360411000427401262e+00
-1.103171792976412689e+03,-1.003770830842924966e+03,-2.413272619494602811e+00,-7.466609335685576276e+00,-6.636374928321504996e+00,0.000000000000000000e+00,4.521757620574184955e+00,4.360408411224534930e+00
-1.103916016034508630e+03,-1.004433674553915353e+03,-2.413296788217377031e+00,-7.406902558974214124e+00,-6.636309937116747548e+00,0.000000000000000000e+00,4.513985875654919155e+00,4.360412017471232637e+00
-1.104659889751932724e+03,-1.005115576180628182e+03,-2.413307547116164464e+00,-7.436257958725787987e+00,-6.636407494670715224e+00,0.000000000000000000e+00,4.512089803124597509e+00,4.360413495055924571e+00
-1.105404211373843282e+03,-1.005751247931555554e+03,-2.413268103426011280e+00,-7.421753013656486431e+00,-6.636402163569123047e+00,0.000000000000000000e+00,4.548104712993416676e+00,4.360411247428419124e+00
-1.106148165135361069e+03,-1.006429128349406824e+03,-2.413290139082725716e+00,-7.476724888744564979e+00,-6.636366936584671805e+00,0.000000000000000000e+00,4.543359629037852621e+00,4.360409512536113752e+00
-1.106892510421575935e+03,-1.007088290627126639e+03,-2.413297804212866549e+00,-7.445336132214956493e+00,-6.636370692031413832e+00,0.000000000000000000e+00,4.531108079151178636e+00,4.360411552179288996e+00
-1.107636425099044345e+03,-1.007787840498621904e+03,-2.413246885432779543e+00,-7.464367467788964206e+00,-6.636483353931923901e+00,0.000000000000000000e+00,4.471603487528786225e+00,4.360412885977826392e+00
-1.108380475055214220e+03,-1.008409220257685206e+03,-2.413307930171537219e+00,-7.451466081999689628e+00,-6.636384552948267235e+00,0.000000000000000000e+00,4.537270084074923382e+00,4.360414212340860018e+00
-1.109124399412920866e+03,-1.009090987848015743e+03,-2.413315549068235644e+00,-7.470672014244437165e+00,-6.636496430531320101e+00,0.000000000000000000e+00,4.529511344978021548e+00,4.360414299999038512e+00
-1.109868749700560329e+03,-1.009746920049208939e+03,-2.413242698630839733e+00,-7.460429378879886109e+00,-6.636384987230122157e+00,0.000000000000000000e+00,4.575642919273474440e+00,4.360413797309620421e+00
-1.110612910689925229e+03,-1.010421800561937744e+03,-2.413298440194397099e+00,-7.475000506930233435e+00,-6.636333976770003140e+00,0.000000000000000000e+00,4.477947979365090703e+00,4.360412611907910296e+00
-1.111356800851119488e+03,-1.011060230414680859e+03,-2.413249279913924461e+00,-7.458980645450342450e+00,-6.636470347711559192e+00,0.000000000000000000e+00,4.498357100631135808e+00,4.360412086505379037e+00
-1.112101084205869483e+03,-1.011726595273003909e+03,-2.413262836937946521e+00,-7.459944670358750862e+00,-6.636316865570602630e+00,0.000000000000000000e+00,4.582632609456807948e+00,4.360412477513181173e+00
-1.112845186942009605e+03,-1.012382279859435471e+03,-2.413285295544467246e+00,-7.416669176064223379e+00,-6.636372354721961742e+00,0.000000000000000000e+00,4.513325157765695650e+00,4.360408817166218753e+00
-1.113588839315556925e+03,-1.013061781987580162e+03,-2.413249473488086050e+00,-7.434318503267715705e+00,-6.636489858941555298e+00,0.000000000000000000e+00,4.461516061588235438e+00,4.360411910960378279e+00
-1.114333012416287829e+03,-1.013722484939157994e+03,-2.413245274358516657e+00,-7.434497861110599182e+00,-6.636476602193211782e+00,0.000000000000000000e+00,4.493390030080790076e+00,4.360413880482098214e+00
-1.115077319175706862e+03,-1.014409136045280661e+03,-2.413280426812768109e+00,-7.470460390371825632e+00,-6.636395457470349868e+00,0.000000000000000000e+00,4.517377173535140678e+00,4.360418100242847927e+00
-1.115821205764896149e+03,-1.015073612716078514e+03,-2.413284790916544242e+00,-7.428767138531624070e+00,-6.636542083274711956e+00,0.000000000000000000e+00,4.534117180294420457e+00,4.360416922111671312e+00
-1.116565437797566119e+03,-1.015727091748184421e+03,-2.413251737725889079e+00,-7.438273176104494233e+00,-6.636430568554957610e+00,0.000000000000000000e+00,4.514262034178323724e+00,4.360414505408114927e+00
-1.117309445187800520e+03,-1.016429981475908676e+03,-2.413282065303993473e+00,-7.457404186187861939e+00,-6.636546477576008130e+00,0.000000000000000000e+00,4.493700227317894758e+00,4.360410967124170867e+00
-1.118053508069049940e+03,-1.017060122530577132e+03,-2.413274509815904967e+00,-7.457585616950029639e+00,-6.636486943789108750e+00,0.000000000000000000e+00,4.469740090667318810e+00,4.360416673274301047e+00
-1.118797712574594925e+03,-1.017720925462422542e+03,-2.413284863686721682e+00,-7.432590412873099517e+00,-6.636395865905332592e+00,0.000000000000000000e+00,4.403536465698095093e+00,4.360412395288739695e+00
-1.119541808339653244e+03,-1.018364532127471080e+03,-2.413288649068822345e+00,-7.447381980450881400e+00,-6.636391564441921354e+00,0.000000000000000000e+00,4.525451750026348030e+00,4.360410318938202856e+00
-1.121034079397410096e+03,-1.019700571073671540e+03,-2.039804848195857279e+00,-1.493936793202998814e+01,-1.331025302778505548e+01,3.735012882645467158e+00,4.564245447417293100e+00,4.360411261281028850e+00
-1.121937995031765240e+03,-1.021505172692380597e+03,-1.666247150298211022e+00,-9.059359363783174857e+00,-1.783785016117060707e+01,3.735012882645467158e+00,4.504159576283532473e+00,4.360413228196008184e+00
-1.122128660173935941e+03,-1.023499777783169066e+03,-1.292782708899632871e+00,-1.913528031252933914e+00,-1.990584844415827348e+01,3.735012882645467158e+00,4.560835269849325080e+00,4.360414336431630566e+00
-1.121579702317308602e+03,-1.025393080127403437e+03,-9.192987077818397523e-01,5.490618894979241382e+00,-1.922887189950104414e+01,3.735012882645467158e+00,4.499419611098963045e+00,4.360409563996993754e+00
-1.120366894581364704e+03,-1.026993239556611343e+03,-5.457301537054962681e-01,1.212278208285666103e+01,-1.590052870681086716e+01,3.735012882645467158e+00,4.509776148619872416e+00,4.360410665187280266e+00
-1.118657986185216032e+03,-1.028019680985114292e+03,-1.722650154343747242e-01,1.709299713254941722e+01,-1.037981001854456053e+01,3.735012882645467158e+00,4.539908912439044819e+00,4.360408627702864415e+00
-1.116687673568989112e+03,-1.028382178426409610e+03,2.012186572286565334e-01,1.968326442019275291e+01,-3.427704708001136691e+00,3.735012882645467158e+00,4.510738148150722715e+00,4.360414536500184290e+00
-1.114728663000478946e+03,-1.027999392397934571e+03,5.747529799395550976e-01,1.957145284957491072e+01,3.996903485663307887e+00,3.735012882645467158e+00,4.451531920296748268e+00,4.360409440819585924e+00
-1.113049912868550336e+03,-1.026908809250692229e+03,9.482338990609152640e-01,1.680306121934605201e+01,1.087048415290321124e+01,3.735012882645467158e+00,4.470469382234692368e+00,4.360416508790564194e+00
-1.111883935119118405e+03,-1.025281280163816518e+03,1.321743082209164255e+00,1.163282281830821852e+01,1.624521259998427780e+01,3.735012882645467158e+00,4.490757049086477437e+00,4.360414411367667498e+00
-1.111391130406212596e+03,-1.023330127449990528e+03,1.695235812006384624e+00,4.911024361446029829e+00,1.937982857064435649e+01,3.735012882645467158e+00,4.504482351545931351e+00,4.360410080529947052e+00
-1.111639324908255730e+03,-1.021328609935506393e+03,2.068750436193125264e+00,-2.491354772490623315e+00,1.984209752557806539e+01,3.735012882645467158e+00,4.533574404103237754e+00,4.360413552439200480e+00
-1.112594567157855863e+03,-1.019564532840181641e+03,2.442222243410957727e+00,-9.545425502811111684e+00,1.756851491752233230e+01,3.735012882645467158e+00,4.519853111969193371e+00,4.360412554004567731e+00
-1.114124741073908126e+03,-1.018285357232687716e+03,2.815773263923398329e+00,-1.532437557584010612e+01,1.287250076851756830e+01,3.735012882645467158e+00,4.522376035672740713e+00,4.360410588766802320e+00
-1.116019252378956935e+03,-1.017660177941403163e+03,3.189282542460654568e+00,-1.895587057015528032e+01,6.401179676477917191e+00,3.735012882645467158e+00,4.495096624528934548e+00,4.360412854011403105e+00
-1.118016618850014538e+03,-1.017728235872557434e+03,3.562772714255974194e+00,-1.996568489375813016e+01,-9.524602578961521848e-01,3.735012882645467158e+00,4.506750076460430243e+00,4.360412810336925737e+00
-1.119841424819065878e+03,-1.018574758340817652e+03,3.936227788509503611e+00,-1.827968510783045630e+01,-8.175097175150517259e+00,3.735012882645467158e+00,4.418442760797542945e+00,4.360413513691525189e+00
-1.121242330426737453e+03,-1.019995147763596492e+03,4.309735113721216315e+00,-1.398043573920354632e+01,-1.427018180831099770e+01,3.735012882645467158e+00,4.477436777742650698e+00,4.360411534208632034e+00
-1.122025884720573686e+03,-1.021849728352825878e+03,4.683218888765797949e+00,-7.840446038442316024e+00,-1.839759261518598166e+01,3.735012882645467158e+00,4.512019216452501702e+00,4.360413324247573108e+00
-1.122084127846467254e+03,-1.023844971764505203e+03,5.056745070014708077e+00,-5.781042147775791173e-01,-1.998833230863429122e+01,3.735012882645467158e+00,4.502990654510850455e+00,4.360410587652416403e+00
-1.121408973147971210e+03,-1.025724230942718805e+03,5.430268675920210342e+00,6.766111936282747763e+00,-1.882290969360737876e+01,3.735012882645467158e+00,4.562006929541362332e+00,4.360415242275781367e+00
-1.120093594305839588e+03,-1.027226512322440840e+03,5.803776184010805750e+00,1.317435784105357932e+01,-1.506187431895148521e+01,3.735012882645467158e+00,4.488524974548663948e+00,4.360414249275015308e+00
-1.118319511687604290e+03,-1.028154580782880203e+03,6.177246227648065080e+00,1.775829304818983445e+01,-9.223875448101502172e+00,3.735012882645467158e+00,4.563106549041807014e+00,4.360412444619082173e+00
-1.116331006199691728e+03,-1.028365554274736041e+03,6.550770357928551668e+00,1.988829798637756952e+01,-2.114139564011929817e+00,3.735012882645467158e+00,4.567187820698233480e+00,4.360411919867933861e+00
-1.114402465156793596e+03,-1.027840273159946946e+03,6.924250987068465868e+00,1.927382122391450281e+01,5.287005156967539143e+00,3.735012882645467158e+00,4.505871349063990117e+00,4.360411244542637732e+00
-1.112800107573740661e+03,-1.026648481779299345e+03,7.297763969215124824e+00,1.599093777921621573e+01,1.195931768657482230e+01,3.735012882645467158e+00,4.481698207667969669e+00,4.360413990631638370e+00
-1.111744069579605821e+03,-1.024914366330455323e+03,7.671263358315494330e+00,1.056055911287425531e+01,1.698240409567275577e+01,3.735012882645467158e+00,4.524120108418248520e+00,4.360410208164298140e+00
-1.111380656645168301e+03,-1.022979353247399899e+03,8.044757444815262559e+00,3.644266857195361808e+00,1.966406251855476128e+01,3.735012882645467158e+00,4.484095880867663197e+00,4.360409030513296536e+00
-1.111759873764591248e+03,-1.021011422241036371e+03,8.418255558404045047e+00,-3.742681290696341811e+00,1.963412332632667656e+01,3.735012882645467158e+00,4.482445940345582081e+00,4.360415231898910449e+00
-1.112829388208282808e+03,-1.019313614055210223e+03,8.791743724412818040e+00,-1.072966616275996188e+01,1.689663466824613991e+01,3.735012882645467158e+00,4.500206027681659116e+00,4.360410698523764061e+00
-1.114441889127562263e+03,-1.018137537680332798e+03,9.165293252807941826e+00,-1.612686035540255958e+01,1.182966959329897172e+01,3.735012882645467158e+00,4.471337277133141441e+00,4.360415607687345485e+00
-1.116374273588095321e+03,-1.017610697086604773e+03,9.538765419381142863e+00,-1.932471975552394738e+01,5.131373026019847572e+00,3.735012882645467158e+00,4.502670124362579074e+00,4.360409826836900926e+00
-1.118361030595158581e+03,-1.017862097855278989e+03,9.912264395708238141e+00,-1.988603530075747372e+01,-2.274337538013166515e+00,3.735012882645467158e+00,4.477645133459479787e+00,4.360413259126725727e+00
-1.120127693966924880e+03,-1.018776800401260743e+03,1.028577772476125496e+01,-1.765384232475565796e+01,-9.366702176819480030e+00,3.735012882645467158e+00,4.570442291953747294e+00,4.360416034096800786e+00
-1.121430983960148978e+03,-1.020299514101093564e+03,1.065925902048936358e+01,-1.299560873588578325e+01,-1.516733041775305857e+01,3.735012882645467158e+00,4.548163468824545141e+00,4.360412757877541345e+00
-1.122090933094216552e+03,-1.022204634609154027e+03,1.103276826851145564e+01,-6.610050777508149622e+00,-1.887644440107640520e+01,3.735012882645467158e+00,4.550801155229614814e+00,4.360415904205680704e+00
-1.122016465771965613e+03,-1.024197682729390635e+03,1.140627105952417253e+01,7.616445345455716831e-01,-1.998294259866073119e+01,3.735012882645467158e+00,4.544788400713096088e+00,4.360415237606092731e+00
-1.121218244257623383e+03,-1.026043282420944479e+03,1.177977282918375401e+01,7.975125967091875268e+00,-1.833389025229729086e+01,3.735012882645467158e+00,4.511355117896036937e+00,4.360411713946219514e+00
-1.119805764464681033e+03,-1.027439419582123946e+03,1.215327796676480077e+01,1.413836396818445351e+01,-1.415680441133908829e+01,3.735012882645467158e+00,4.538017674836374304e+00,4.360410069987566750e+00
-1.117974413133646749e+03,-1.028245636745619549e+03,1.252676277089542367e+01,1.831128968729733941e+01,-8.027703303934291768e+00,3.735012882645467158e+00,4.473584644315367065e+00,4.360413234779612957e+00
-1.115976060620070712e+03,-1.028334119050766731e+03,1.290026759027852599e+01,1.998585264981088017e+01,-7.914443562237030161e-01,3.735012882645467158e+00,4.505196550761690233e+00,4.360415744003996785e+00
-1.114087038521326804e+03,-1.027655607369744985e+03,1.327376623585696080e+01,1.889404392495994855e+01,6.553673446291824689e+00,3.735012882645467158e+00,4.445724593851735129e+00,4.360410359682138193e+00
-1.112567056762276707e+03,-1.026372508624627926e+03,1.364729174500663689e+01,1.521123910865597395e+01,1.299529146785100409e+01,3.735012882645467158e+00,4.509696764272802305e+00,4.360416874285340860e+00
-1.111626424015158818e+03,-1.024597023516842228e+03,1.402075430823759561e+01,9.409177515188243746e+00,1.764483514541369757e+01,3.735012882645467158e+00,4.512137366117848991e+00,4.360411970904685575e+00
-1.111394047707649861e+03,-1.022596665168002346e+03,1.439427041289307496e+01,2.287596549827590309e+00,1.986143936862240267e+01,3.735012882645467158e+00,4.446600586940464339e+00,4.360409991925730644e+00
-1.111902588737921178e+03,-1.020661523216861156e+03,1.476778716445923756e+01,-5.070887886490728746e+00,1.933946525126051696e+01,3.735012882645467158e+00,4.526315788453000977e+00,4.360413944122300656e+00
-1.113081526290897500e+03,-1.019055535031907539e+03,1.514132542138542981e+01,-1.177672390451703777e+01,1.615062486245712492e+01,3.735012882645467158e+00,4.529497001151986169e+00,4.360418212656140824e+00
-1.114768649771857326e+03,-1.017970909789635925e+03,1.551481253755531142e+01,-1.686462054172536185e+01,1.073499549089283889e+01,3.735012882645467158e+00,4.551283939986311644e+00,4.360416373067760532e+00
-1.116731112059057750e+03,-1.017602288893897139e+03,1.588825564252430489e+01,-1.961075732400543004e+01,3.838995226575283137e+00,3.735012882645467158e+00,4.505576226214214941e+00,4.360408440502589578e+00
-1.118698335502938335e+03,-1.017975345108978786e+03,1.626179483521074332e+01,-1.969215908891569455e+01,-3.586477975146884933e+00,3.735012882645467158e+00,4.528723869739873287e+00,4.360416839490161678e+00
-1.120399379163548247e+03,-1.019045453688964244e+03,1.663528487210999884e+01,-1.699447429889278993e+01,-1.051729476170330635e+01,3.735012882645467158e+00,4.508159223004431837e+00,4.360419128581738413e+00
-1.121599042350650507e+03,-1.020591434162916926e+03,1.700881248396948919e+01,-1.198141021957389540e+01,-1.599772319019921163e+01,3.735012882645467158e+00,4.529988899950216030e+00,4.360410354789291176e+00
-1.122132243430902008e+03,-1.022533891400827770e+03,1.738231349813107229e+01,-5.354504332988920368e+00,-1.927253539562737217e+01,3.735012882645467158e+00,4.517844797926681366e+00,4.360415239655796249e+00
-1.121925614862159364e+03,-1.024536680853041389e+03,1.775581712118081157e+01,2.047234845483743904e+00,-1.988970516345426987e+01,3.735012882645467158e+00,4.573452199569761234e+00,4.360414080414381388e+00
-1.121007627549431845e+03,-1.026311726320867365e+03,1.812930675012976778e+01,9.192238098491651854e+00,-1.776448588234592663e+01,3.735012882645467158e+00,4.504357995093393185e+00,4.360415685624709603e+00
-1.119504543607678215e+03,-1.027644440669478172e+03,1.850278969833477305e+01,1.500917577368577405e+01,-1.318944350370812124e+01,3.735012882645467158e+00,4.549177528889969402e+00,4.360414551873889266e+00
-1.117623759554571279e+03,-1.028331515892245989e+03,1.887630844589543244e+01,1.880882102267871048e+01,-6.795918458416124963e+00,3.735012882645467158e+00,4.516373487220963767e+00,4.360408755365845934e+00
-1.115624639790246192e+03,-1.028272031350394855e+03,1.924978294576838067e+01,1.999415581689469690e+01,5.346536048751876491e-01,3.735012882645467158e+00,4.453519261459620182e+00,4.360416873693880646e+00
-1.113783495358303981e+03,-1.027484439559043267e+03,1.962329766010338616e+01,1.839266191293644326e+01,7.791559697520398231e+00,3.735012882645467158e+00,4.504683634297530936e+00,4.360412642717040654e+00
-1.112352653169163432e+03,-1.026069246401630835e+03,1.999680145629281469e+01,1.432006928284935654e+01,1.397397158197675004e+01,3.735012882645467158e+00,4.509794220381245999e+00,4.360412379545425487e+00
-1.111530836681888331e+03,-1.024264354851548433e+03,2.037029103473549085e+01,8.225439693785435935e+00,1.822985453690901281e+01,3.735012882645467158e+00,4.528764294405514867e+00,4.360411991301618606e+00
-1.111430724167269318e+03,-1.022275591506591809e+03,2.074381215687597901e+01,1.015423557021883472e+00,1.997182650911966917e+01,3.735012882645467158e+00,4.463022058870047992e+00,4.360414321777719593e+00
-1.112066543968327323e+03,-1.020383129674731663e+03,2.111732026816603280e+01,-6.331689027420750016e+00,1.895980924261702683e+01,3.735012882645467158e+00,4.512370000237633683e+00,4.360410933780705101e+00
-1.113349900785912041e+03,-1.018834547047279898e+03,2.149084084297258812e+01,-1.283278662014837046e+01,1.533357786968953818e+01,3.735012882645467158e+00,4.494597022414476228e+00,4.360414953259206250e+00
-1.115104723730502201e+03,-1.017858739720879726e+03,2.186427579344670136e+01,-1.753590219672994266e+01,9.592970001677057823e+00,3.735012882645467158e+00,4.498244235057047291e+00,4.360411912225748310e+00
-1.117088138209693398e+03,-1.017634845475703401e+03,2.223778649968815913e+01,-1.982226221433299429e+01,2.529697621293712118e+00,3.735012882645467158e+00,4.477759913105066936e+00,4.360411955012196472e+00
-1.119027231813536901e+03,-1.018078333666595768e+03,2.261133299283464027e+01,-1.939257274341729698e+01,-4.882600671190852282e+00,3.735012882645467158e+00,4.476230755729063482e+00,4.360416739415474474e+00
-1.120654563593069952e+03,-1.019275269750509324e+03,2.298480832307764743e+01,-1.628244976340852546e+01,-1.162157577729418634e+01,3.735012882645467158e+00,4.469436505925418857e+00,4.360412732724003426e+00
-1.121745829816682772e+03,-1.020944991698949025e+03,2.335827436489298137e+01,-1.088475904265488303e+01,-1.675793829608715413e+01,3.735012882645467158e+00,4.513604370451534287e+00,4.360415846635928183e+00
-1.122150036362769015e+03,-1.022909051127215662e+03,2.373180954604594817e+01,-4.016874977748832620e+00,-1.958364352998609448e+01,3.735012882645467158e+00,4.592164915568416106e+00,4.360408745695247390e+00
-1.121812108881575796e+03,-1.024859610351694982e+03,2.410535571350813910e+01,3.403964648621498057e+00,-1.970882143602889514e+01,3.735012882645467158e+00,4.508368041535872450e+00,4.360410203622527625e+00
-1.120778202346735952e+03,-1.026562559995407810e+03,2.447882575383280468e+01,1.034747114031829440e+01,-1.711665692536763217e+01,3.735012882645467158e+00,4.569931299105807199e+00,4.360413345894437853e+00
-1.119191282871400517e+03,-1.027792687555574730e+03,2.485231948226267917e+01,1.589043718381370951e+01,-1.216414548331201750e+01,3.735012882645467158e+00,4.503090633429751577e+00,4.360411884136456528e+00
-1.117269441778578994e+03,-1.028360146863172986e+03,2.522583268247301191e+01,1.921100853788760432e+01,-5.534301251687123724e+00,3.735012882645467158e+00,4.545912509536314872e+00,4.360410576647661962e+00
-1.115278300593866334e+03,-1.028160460935084075e+03,2.559933208676627814e+01,1.991656841316321547e+01,1.858622550226024739e+00,3.735012882645467158e+00,4.453742113967336991e+00,4.360408838605219550e+00
-1.113492460324125886e+03,-1.027288216767290805e+03,2.597280650924597367e+01,1.785183968817459998e+01,8.995253804492017835e+00,3.735012882645467158e+00,4.499197532959655632e+00,4.360415470519365400e+00
-1.112158068278781684e+03,-1.025789279244897216e+03,2.634631368355376679e+01,1.333414222695241413e+01,1.489170003040698731e+01,3.735012882645467158e+00,4.477719403680376686e+00,4.360414860825271965e+00
-1.111458530900095411e+03,-1.023919368235890033e+03,2.671984281221069324e+01,7.015113060866504213e+00,1.873456012622441591e+01,3.735012882645467158e+00,4.505492071703804058e+00,4.360413340148179273e+00
-1.111491433541025117e+03,-1.021900621410406643e+03,2.709335204218426796e+01,-3.367436624796177336e-01,1.999409826699798032e+01,3.735012882645467158e+00,4.507313697944325348e+00,4.360408378601007939e+00
-1.112251057258583614e+03,-1.020054684030043859e+03,2.746682628272419890e+01,-7.632111606325167052e+00,1.849663789598305286e+01,3.735012882645467158e+00,4.539520272585044758e+00,4.360409297729086475e+00
-1.113633526149747013e+03,-1.018595680980689394e+03,2.784033163392073718e+01,-1.382262150482619489e+01,1.444902423837315553e+01,3.735012882645467158e+00,4.494505008588690842e+00,4.360416944153623575e+00
-1.115447866212903136e+03,-1.017771020342948759e+03,2.821382008741803915e+01,-1.814170783821916189e+01,8.408844334486390792e+00,3.735012882645467158e+00,4.474944767142249979e+00,4.360414420348971198e+00
-1.117443865641315597e+03,-1.017637192966227644e+03,2.858730899409185966e+01,-1.994562813129920542e+01,1.208937034565277235e+00,3.735012882645467158e+00,4.488800796706526874e+00,4.360414310651506753e+00
-1.119346386484126469e+03,-1.018280882419541285e+03,2.896081964526253216e+01,-1.899641661166840123e+01,-6.157251893944502896e+00,3.735012882645467158e+00,4.603227124659571068e+00,4.360414756485050169e+00
-1.120892904216944544e+03,-1.019524500554203541e+03,2.933434958916226520e+01,-1.547491458504160455e+01,-1.267462970814015044e+01,3.735012882645467158e+00,4.531944437829436012e+00,4.360413557085735192e+00
-1.121870775471286152e+03,-1.021255994925261120e+03,2.970784836104238380e+01,-9.756632919943937665e+00,-1.744428924690866722e+01,3.735012882645467158e+00,4.523033293773313090e+00,4.360409644022706033e+00
-1.122144475481419022e+03,-1.023260800673383187e+03,3.008130717808772303e+01,-2.726273966765563550e+00,-1.980868049401822972e+01,3.735012882645467158e+00,4.556467499291965595e+00,4.360412994439911927e+00
-1.121676305936005292e+03,-1.025191115936356937e+03,3.045486626060489854e+01,4.682826370833541141e+00,-1.944139526704467613e+01,3.735012882645467158e+00,4.597996969044096716e+00,4.360411058507694726e+00
-1.120531281002574815e+03,-1.026848091863839727e+03,3.082837969941463641e+01,1.146045567978936219e+01,-1.639361170106573695e+01,3.735012882645467158e+00,4.520187780429975710e+00,4.360413462129628215e+00
-1.118866861169446565e+03,-1.027954337710492609e+03,3.120186591158163836e+01,1.666224658833604977e+01,-1.108530435043235407e+01,3.735012882645467158e+00,4.569553527645933144e+00,4.360410693288313766e+00
-1.116912949752767418e+03,-1.028364437583104291e+03,3.157534666984778227e+01,1.954712004975540651e+01,-4.248295289989850509e+00,3.735012882645467158e+00,4.512782793117217750e+00,4.360416123368180408e+00
-1.114938898766911962e+03,-1.028058215318370230e+03,3.194882969499141012e+01,1.973257438723441481e+01,3.174351231781687321e+00,3.735012882645467158e+00,4.498991860645782381e+00,4.360409163121463649e+00
-1.113216185754058870e+03,-1.027047454092214593e+03,3.232235824115256406e+01,1.724762467923743259e+01,1.015929102960256181e+01,3.735012882645467158e+00,4.528325842967443116e+00,4.360412333858688427e+00
-1.111983339633630749e+03,-1.025496607927898367e+03,3.269585322522276982e+01,1.235135777279190172e+01,1.574346365145884263e+01,3.735012882645467158e+00,4.459128585942082168e+00,4.360410613822022441e+00
-1.111409931731320739e+03,-1.023555124974324258e+03,3.306933373831155620e+01,5.707662490703498293e+00,1.915685369672864269e+01,3.735012882645467158e+00,4.500825361820998793e+00,4.360412778420228896e+00
-1.111574740990552527e+03,-1.021556362789203831e+03,3.344286844663039915e+01,-1.646697708053034725e+00,1.992861952472377851e+01,3.735012882645467158e+00,4.517722305440694086e+00,4.360413980102177511e+00
-1.112455460507157341e+03,-1.019764360136006758e+03,3.381633017874640501e+01,-8.812966618085246395e+00,1.795250964482336187e+01,3.735012882645467158e+00,4.548849120232082655e+00,4.360410956334162869e+00
-1.113931009618510870e+03,-1.018406161355679956e+03,3.418986164336995159e+01,-1.475894716493529479e+01,1.350075604705606835e+01,3.735012882645467158e+00,4.551999715851128947e+00,4.360413596319160590e+00
-1.115797073064633878e+03,-1.017665099770318761e+03,3.456337955771662251e+01,-1.870474534184542037e+01,7.187646374341715827e+00,3.735012882645467158e+00,4.495830182022436006e+00,4.360410869392516986e+00
-1.117796559998508201e+03,-1.017711368375838674e+03,3.493685859644749314e+01,-1.995054138981109659e+01,-1.166422515692128181e-01,3.735012882645467158e+00,4.504845136744632050e+00,4.360413085091690455e+00
-1.119654042464962004e+03,-1.018478965450898727e+03,3.531037164552304120e+01,-1.858504522725982966e+01,-7.404952540176697795e+00,3.735012882645467158e+00,4.486355131633948723e+00,4.360411402307513562e+00
-1.121113159068139112e+03,-1.019817041100920051e+03,3.568388190719906561e+01,-1.456169588013127836e+01,-1.367196968632752530e+01,3.735012882645467158e+00,4.501127033598868010e+00,4.360411310969007914e+00
-1.121973111587901712e+03,-1.021634826070149302e+03,3.605735119255967192e+01,-8.618498053041172113e+00,-1.805401365600387464e+01,3.735012882645467158e+00,4.472819113665635449e+00,4.360410675041456408e+00
-1.122114778715021430e+03,-1.023598372181292234e+03,3.643084741411433924e+01,-1.418979858192519927e+00,-1.994651811781521644e+01,3.735012882645467158e+00,4.539190585246533516e+00,4.360418372087713657e+00
-1.121519037963474375e+03,-1.025543512326573818e+03,3.680435197124641888e+01,5.918872833657722765e+00,-1.908857971819295329e+01,3.735012882645467158e+00,4.539020053023464563e+00,4.360408052014498104e+00
-1.120267796991240175e+03,-1.027050716858685064e+03,3.717790281674069774e+01,1.252781666350364276e+01,-1.559858249963020960e+01,3.735012882645467158e+00,4.529874085077228330e+00,4.360415816354093366e+00
-1.118533688666019998e+03,-1.028104165891799994e+03,3.755135938544299989e+01,1.731963161362292425e+01,-9.957628595812192174e+00,3.735012882645467158e+00,4.498101474869693028e+00,4.360409703057543496e+00
-1.116556017818923010e+03,-1.028397384366141296e+03,3.792487531047317617e+01,1.974996784875964551e+01,-2.943832933336367308e+00,3.735012882645467158e+00,4.527234617953222795e+00,4.360404597973149166e+00
-1.114606966890183003e+03,-1.027946896418271535e+03,3.829835427363546074e+01,1.947628583166236638e+01,4.475982520697726841e+00,3.735012882645467158e+00,4.542903359045130429e+00,4.360416238753991536e+00
-1.112955645824472413e+03,-1.026802943021722513e+03,3.867185637379718344e+01,1.650751050124883790e+01,1.127879504787093445e+01,3.735012882645467158e+00,4.482467056909579028e+00,4.360414185858396685e+00
-1.111829739279515252e+03,-1.025141213507450402e+03,3.904535819970533339e+01,1.125479787767509521e+01,1.652619543607988462e+01,3.735012882645467158e+00,4.522931923426007472e+00,4.360418750895732387e+00
-1.111384774162216672e+03,-1.023174127798906397e+03,3.941887135525144714e+01,4.451942705722656157e+00,1.949483443332715638e+01,3.735012882645467158e+00,4.452708941693877875e+00,4.360408774858379743e+00
-1.111681189698083244e+03,-1.021229668723389636e+03,3.979236169296353154e+01,-3.005421238425006525e+00,1.977536192734094200e+01,3.735012882645467158e+00,4.473626712890174772e+00,4.360409535002827575e+00
-1.112679238338451796e+03,-1.019506731107678775e+03,4.016586405259251791e+01,-9.989482905981310168e+00,1.732916507902440983e+01,3.735012882645467158e+00,4.488013319030468296e+00,4.360407325559963354e+00
-1.114240314630661715e+03,-1.018235946934094954e+03,4.053939849975577658e+01,-1.561529770561169350e+01,1.249332975153000191e+01,3.735012882645467158e+00,4.547116307954341963e+00,4.360415701933699317e+00
-1.116150041325550319e+03,-1.017659243690789708e+03,4.091287218338945308e+01,-1.912376467503292332e+01,5.934888095275669073e+00,3.735012882645467158e+00,4.408540553731165268e+00,4.360416710610264701e+00
-1.118144594043373218e+03,-1.017771780778168363e+03,4.128638072429197337e+01,-1.992821549666534864e+01,-1.442026895025604105e+00,3.735012882645467158e+00,4.457854680820672044e+00,4.360409297884756619e+00
-1.119948967128127151e+03,-1.018644249266335919e+03,4.165988299749777468e+01,-1.804452804255646114e+01,-8.619904485201237421e+00,3.735012882645467158e+00,4.489681925971242826e+00,4.360414567721590196e+00
-1.121314253672721406e+03,-1.020115241290332506e+03,4.203339465024363619e+01,-1.367905890972870431e+01,-1.460927772594804530e+01,3.735012882645467158e+00,4.514611195398150478e+00,4.360407886464231275e+00
-1.122052585548932484e+03,-1.021976254432703627e+03,4.240684960219900290e+01,-7.341342384260270748e+00,-1.858425232583401154e+01,3.735012882645467158e+00,4.506905458610630966e+00,4.360412250805237200e+00
-1.122061681475506248e+03,-1.023943246159143769e+03,4.278038731681365903e+01,-9.341726426315197229e-02,-1.999665012653570173e+01,3.735012882645467158e+00,4.539137741832614203e+00,4.360411154857215088e+00
-1.121340700070884623e+03,-1.025831699820727863e+03,4.315388917406411196e+01,7.189093815838264234e+00,-1.865167748495857580e+01,3.735012882645467158e+00,4.520398060484305702e+00,4.360416137624148369e+00
-1.119988925053208732e+03,-1.027296960039524265e+03,4.352739261705048790e+01,1.356157759207019531e+01,-1.473494449548172724e+01,3.735012882645467158e+00,4.474368829866649300e+00,4.360410609545450455e+00
-1.118192725287191479e+03,-1.028191362347730774e+03,4.390093018810626546e+01,1.796832049137984910e+01,-8.786222138819114846e+00,3.735012882645467158e+00,4.467807813287357988e+00,4.360410812273905812e+00
-1.116199432562987113e+03,-1.028338858844408378e+03,4.427437565628142835e+01,1.993322429636724280e+01,-1.626224746004865107e+00,3.735012882645467158e+00,4.522623661921231886e+00,4.360413545534923330e+00
-1.114284938520118203e+03,-1.027777212474689804e+03,4.464787335186645123e+01,1.918544600734331951e+01,5.758046486657623753e+00,3.735012882645467158e+00,4.544251172424105256e+00,4.360411346591845039e+00
-1.112711653868509075e+03,-1.026522237716321797e+03,4.502137174832455457e+01,1.573892594925926147e+01,1.234870814483596213e+01,3.735012882645467158e+00,4.514111682604950104e+00,4.360411816300820753e+00
-1.111697940422441661e+03,-1.024815085442415693e+03,4.539492409900714875e+01,1.017665410326334197e+01,1.723610987391678506e+01,3.735012882645467158e+00,4.480124788476316233e+00,4.360416082609767763e+00
-1.111382950013777872e+03,-1.022836672934034823e+03,4.576841406927317024e+01,3.152994867925093647e+00,1.974719021319842582e+01,3.735012882645467158e+00,4.514592140839310375e+00,4.360413839575127959e+00
-1.111809950044593961e+03,-1.020871296154913011e+03,4.614188744993353453e+01,-4.305968029484104953e+00,1.953507203305796835e+01,3.735012882645467158e+00,4.484935743565938715e+00,4.360412057847472767e+00
-1.112920772843144505e+03,-1.019211669421869487e+03,4.651536119084864396e+01,-1.107993276927741455e+01,1.662940957649864870e+01,3.735012882645467158e+00,4.543226148874864201e+00,4.360416988088498869e+00
-1.114561262794049981e+03,-1.018055997258983211e+03,4.688887561497109147e+01,-1.639796486103639239e+01,1.143079678463601034e+01,3.735012882645467158e+00,4.400325377261154358e+00,4.360409150528166577e+00
-1.116505990094193976e+03,-1.017611831608295347e+03,4.726238868504775326e+01,-1.949669776831229484e+01,4.656007658255817638e+00,3.735012882645467158e+00,4.494113402045750938e+00,4.360410345176898517e+00
-1.118486499439475665e+03,-1.017882761124151102e+03,4.763589323310944224e+01,-1.979826539411298114e+01,-2.760773583022776201e+00,3.735012882645467158e+00,4.497767120810770791e+00,4.360414014738370980e+00
-1.120229899935431149e+03,-1.018869946943835316e+03,4.800938250862136414e+01,-1.743322876851408765e+01,-9.796947836044020974e+00,3.735012882645467158e+00,4.456463360680097630e+00,4.360409556237988760e+00
-1.121495279524268881e+03,-1.020410420560215471e+03,4.838289778737480162e+01,-1.264380313730549332e+01,-1.548236073275497837e+01,3.735012882645467158e+00,4.536942952449762423e+00,4.360412857339800219e+00
-1.122108782621268347e+03,-1.022338219984764919e+03,4.875638304475889839e+01,-6.126166283265184198e+00,-1.903273852767306806e+01,3.735012882645467158e+00,4.512353596055684868e+00,4.360411977202922174e+00
-1.121985624893859267e+03,-1.024332576998087688e+03,4.912991178174129914e+01,1.232492031358765949e+00,-1.995864754385110373e+01,3.735012882645467158e+00,4.508028236283874612e+00,4.360408073720324573e+00
-1.121142448549682513e+03,-1.026122650895432798e+03,4.950341227718347881e+01,8.425267447251206576e+00,-1.813270711520009826e+01,3.735012882645467158e+00,4.553472281481011130e+00,4.360409883391266561e+00
-1.119695806394051942e+03,-1.027517743210331446e+03,4.987692107826827481e+01,1.446468813922805374e+01,-1.380639746014640146e+01,3.735012882645467158e+00,4.448617112921890104e+00,4.360412605576639677e+00
-1.117845357414370710e+03,-1.028257367493620450e+03,5.025039252076894769e+01,1.849592206291477936e+01,-7.576273437550804069e+00,3.735012882645467158e+00,4.466302607871036834e+00,4.360416494466932136e+00
-1.115846017167424861e+03,-1.028333855309284218e+03,5.062392804868174068e+01,2.002601940925282165e+01,-3.015019365452320521e-01,3.735012882645467158e+00,4.468760420912429865e+00,4.360411533082000801e+00
-1.113973211459337790e+03,-1.027598030240445723e+03,5.099743716544399774e+01,1.873392254276678059e+01,7.014837569486790159e+00,3.735012882645467158e+00,4.492789958862384303e+00,4.360415682873889587e+00
-1.112485714975580549e+03,-1.026257538091197148e+03,5.137091500523577992e+01,1.486234241681518142e+01,1.336389783750445481e+01,3.735012882645467158e+00,4.491025281822466297e+00,4.360412896133843752e+00
-1.111588475045055247e+03,-1.024465774657953034e+03,5.174441121440058566e+01,8.941903357618436132e+00,1.787030760551852993e+01,3.735012882645467158e+00,4.571496960474947358e+00,4.360413031499282610e+00
-1.111404881116337947e+03,-1.022477265747272668e+03,5.211791224209549256e+01,1.815178676163963667e+00,1.991249761552725772e+01,3.735012882645467158e+00,4.477766755367660778e+00,4.360410713883980272e+00
-1.111960730180406927e+03,-1.020556558360705139e+03,5.249139543702405319e+01,-5.556806769786815536e+00,1.920898564325090518e+01,3.735012882645467158e+00,4.486257307240631320e+00,4.360411110287868652e+00
-1.113179132369876243e+03,-1.018973179835317296e+03,5.286492862045025731e+01,-1.220121290487912447e+01,1.585673640276549534e+01,3.735012882645467158e+00,4.505249194532132684e+00,4.360416955682685725e+00
-1.114891887517139594e+03,-1.017939362639056071e+03,5.323840525569504933e+01,-1.715190698866110708e+01,1.031797569810532700e+01,3.735012882645467158e+00,4.483442455004630567e+00,4.360409338176588712e+00
-1.116863108090180731e+03,-1.017607555302448304e+03,5.361191675783256727e+01,-1.968821819805872408e+01,3.356580685678571818e+00,3.735012882645467158e+00,4.502961981713424322e+00,4.360414309530280974e+00
-1.118821078780067410e+03,-1.018029830883286991e+03,5.398541910546938993e+01,-1.955787272734917792e+01,-4.067593137015142801e+00,3.735012882645467158e+00,4.519904008382916949e+00,4.360410127214849219e+00
-1.120495753960593674e+03,-1.019091878601637291e+03,5.435893460105862118e+01,-1.674838464498928303e+01,-1.093102755332152043e+01,3.735012882645467158e+00,4.481809699943025471e+00,4.360419495221916186e+00
-1.121655754676149627e+03,-1.020725691650097474e+03,5.473241262922972794e+01,-1.162073739123125193e+01,-1.628716198054028652e+01,3.735012882645467158e+00,4.522618579886675150e+00,4.360410940437405181e+00
-1.122141692461105322e+03,-1.022673091570378347e+03,5.510593087457982620e+01,-4.853504850253409053e+00,-1.939756693221229256e+01,3.735012882645467158e+00,4.527305429326680120e+00,4.360410754240208853e+00
-1.121886329337682355e+03,-1.024666774337011020e+03,5.547940372101621875e+01,2.543272045956353367e+00,-1.983313526859150144e+01,3.735012882645467158e+00,4.501037699204028186e+00,4.360412709038595125e+00
-1.120924906151784853e+03,-1.026436055549188268e+03,5.585293238177984421e+01,9.618781054314441192e+00,-1.753398229642888850e+01,3.735012882645467158e+00,4.514259540523949177e+00,4.360407255301700147e+00
-1.119389954835169419e+03,-1.027706911284714351e+03,5.622637633456628947e+01,1.534546201995145687e+01,-1.281707626842478831e+01,3.735012882645467158e+00,4.553028540182709527e+00,4.360409671231172624e+00
-1.117493253399617970e+03,-1.028348725008938118e+03,5.659996239535398388e+01,1.896323336778362645e+01,-6.332857083936270115e+00,3.735012882645467158e+00,4.528631867849173709e+00,4.360409938346443859e+00
-1.115495975927801965e+03,-1.028212238047562550e+03,5.697344546511784813e+01,1.996326398517236811e+01,1.024636335706280876e+00,3.735012882645467158e+00,4.552390343801660855e+00,4.360412611199643074e+00
-1.113674157567180828e+03,-1.027382998860992757e+03,5.734692418836372951e+01,1.824901652703701771e+01,8.240695876683544085e+00,3.735012882645467158e+00,4.527693079478050109e+00,4.360409700973535863e+00
-1.112278619150754821e+03,-1.025967822527755288e+03,5.772044265253943962e+01,1.393203064583007666e+01,1.432067950592669270e+01,3.735012882645467158e+00,4.527705642655468488e+00,4.360407294346568818e+00
-1.111501375371388804e+03,-1.024119638896858305e+03,5.809392304276773444e+01,7.789126378327322797e+00,1.842583002591769414e+01,3.735012882645467158e+00,4.439708483540035999e+00,4.360411056275736996e+00
-1.111450355806526659e+03,-1.022129953298589953e+03,5.846745082357409018e+01,4.952853945591730311e-01,1.999026992705867656e+01,3.735012882645467158e+00,4.518716573362346445e+00,4.360412094851463749e+00
-1.112132578093634265e+03,-1.020249847326599365e+03,5.884093499605283029e+01,-6.810523077353018984e+00,1.879837884710662621e+01,3.735012882645467158e+00,4.554027055580694316e+00,4.360413239174965483e+00
-1.113453247351166965e+03,-1.018748714362039095e+03,5.921445037398068223e+01,-1.318888915765292680e+01,1.501417029226377231e+01,3.735012882645467158e+00,4.492418970986744142e+00,4.360413824971295149e+00
-1.115230843039334104e+03,-1.017846102308571744e+03,5.958791885508176023e+01,-1.776100287112217657e+01,9.159842712974111123e+00,3.735012882645467158e+00,4.506220645392084556e+00,4.360409831224698607e+00
-1.117219992140919203e+03,-1.017636846802000491e+03,5.996141083988424469e+01,-1.990173064889386367e+01,2.042592838601152927e+00,3.735012882645467158e+00,4.493256471455532086e+00,4.360417469550870173e+00
-1.119146503079137119e+03,-1.018164152529914986e+03,6.033491713938144585e+01,-1.926290291555543277e+01,-5.356560718128451803e+00,3.735012882645467158e+00,4.431587219708475800e+00,4.360408190922515637e+00
-1.120745037457493027e+03,-1.019369423913841501e+03,6.070844710443933678e+01,-1.599227762163398658e+01,-1.201705399560687226e+01,3.735012882645467158e+00,4.463055233616384676e+00,4.360416149304709776e+00
-1.121794223593432207e+03,-1.021058770154954914e+03,6.108192842182226201e+01,-1.051448818951379316e+01,-1.702041753805555402e+01,3.735012882645467158e+00,4.516654814489844405e+00,4.360411002977067518e+00
-1.122150600858068628e+03,-1.023034781740165954e+03,6.145541552550356101e+01,-3.579627029837997299e+00,-1.967686469104812019e+01,3.735012882645467158e+00,4.504175375543685078e+00,4.360410550073283709e+00
-1.121764411325277251e+03,-1.025035302993369214e+03,6.182895202003304291e+01,3.829506060530190048e+00,-1.962005987978617583e+01,3.735012882645467158e+00,4.528154842435309746e+00,4.360412258665525620e+00
-1.120688867431675817e+03,-1.026689053286921762e+03,6.220242200147158940e+01,1.075630661639906727e+01,-1.685800308404007453e+01,3.735012882645467158e+00,4.537281242118136326e+00,4.360414075679828194e+00
-1.119072237719910390e+03,-1.027866840786623698e+03,6.257595566499484363e+01,1.615769277232091028e+01,-1.177144625849182802e+01,3.735012882645467158e+00,4.448787570691410842e+00,4.360412297898021983e+00
-1.117137953559355537e+03,-1.028360761274655715e+03,6.294947497210796428e+01,1.939069132936621287e+01,-5.061533297531007669e+00,3.735012882645467158e+00,4.481824508670634089e+00,4.360411527187196157e+00
-1.115152092219281485e+03,-1.028141706919406033e+03,6.332292405407152103e+01,1.985024986363317367e+01,2.346134214627970671e+00,3.735012882645467158e+00,4.516863838171556012e+00,4.360406490621032916e+00
-1.113388624910344788e+03,-1.027196194091416828e+03,6.369644733108296464e+01,1.761529711241611906e+01,9.430440368518324235e+00,3.735012882645467158e+00,4.446902864943569789e+00,4.360412403965333361e+00
-1.112090864539768290e+03,-1.025670416373116950e+03,6.406996534441506697e+01,1.294972148620205310e+01,1.521409947966808573e+01,3.735012882645467158e+00,4.511480783815740914e+00,4.360418053594950827e+00
-1.111437874066663881e+03,-1.023804287355064957e+03,6.444346259257842746e+01,6.496131827438348161e+00,1.890020322582555679e+01,3.735012882645467158e+00,4.491375479436101159e+00,4.360411907845026747e+00
-1.111519326310022507e+03,-1.021794945071214443e+03,6.481697630359477103e+01,-8.433433712558179307e-01,1.998000121564351161e+01,3.735012882645467158e+00,4.519615346746794771e+00,4.360413394783309471e+00
-1.112324505278815877e+03,-1.019972229894606357e+03,6.519046724954577599e+01,-8.081374793688736347e+00,1.830507421260041667e+01,3.735012882645467158e+00,4.456955774641905066e+00,4.360411854104785156e+00
-1.113741795600471733e+03,-1.018551737797411079e+03,6.556392049397192068e+01,-1.417705607564990089e+01,1.410567018586055710e+01,3.735012882645467158e+00,4.464545594460970435e+00,4.360417339740237708e+00
-1.115576225020159654e+03,-1.017746763068738119e+03,6.593749766981378002e+01,-1.836052707377577775e+01,7.961313477612038447e+00,3.735012882645467158e+00,4.486409732517164350e+00,4.360410947696707673e+00
-1.117574688373168783e+03,-1.017672085623938983e+03,6.631095482378503903e+01,-1.998478832771987967e+01,7.192085697928374266e-01,3.735012882645467158e+00,4.488478214491905760e+00,4.360410386116392978e+00
-1.119461321145657394e+03,-1.018338644268999474e+03,6.668447327047461215e+01,-1.887449229281431329e+01,-6.621888031715952749e+00,3.735012882645467158e+00,4.539038585307931584e+00,4.360408329087977819e+00
-1.120976639655185863e+03,-1.019621503316019016e+03,6.705796508261410338e+01,-1.517227538632008965e+01,-1.305007087525465082e+01,3.735012882645467158e+00,4.459634418744048645e+00,4.360409880089878065e+00
-1.121911195258204998e+03,-1.021393332434302124e+03,6.743146663964070342e+01,-9.336471977550791834e+00,-1.767881452993522728e+01,3.735012882645467158e+00,4.522395940358134858e+00,4.360413957439009280e+00
-1.122136222038696587e+03,-1.023373347631304341e+03,6.780496998623974036e+01,-2.288733540805826916e+00,-1.986970244133021879e+01,3.735012882645467158e+00,4.520655871246648694e+00,4.360416397586878823e+00
-1.121620752575752249e+03,-1.025329754861588981e+03,6.817846809428789356e+01,5.171394237203018385e+00,-1.932111724524769514e+01,3.735012882645467158e+00,4.522877609179885461e+00,4.360413465306241854e+00
-1.120435906144357205e+03,-1.026927736042491688e+03,6.855198946253591430e+01,1.182840830434808055e+01,-1.610804912037449199e+01,3.735012882645467158e+00,4.577148155757511994e+00,4.360411875539290882e+00
-1.118744964149010457e+03,-1.028023723265194576e+03,6.892548217221241202e+01,1.687472209220102570e+01,-1.067378866768174994e+01,3.735012882645467158e+00,4.503192683233048221e+00,4.360410350711053873e+00
-1.116781026476227225e+03,-1.028371783232010785e+03,6.929896093105298860e+01,1.964070559249831760e+01,-3.768086649481601214e+00,3.735012882645467158e+00,4.510062631996009763e+00,4.360411692939151429e+00
-1.114815117726147264e+03,-1.028008322250789661e+03,6.967247453263495061e+01,1.968585252031882504e+01,3.657441527925359370e+00,3.735012882645467158e+00,4.533945558168629653e+00,4.360416290558299046e+00
-1.113118202541227447e+03,-1.026958841457544622e+03,7.004600841859368643e+01,1.691626109491827634e+01,1.057853039654243155e+01,3.735012882645467158e+00,4.462133204333243341e+00,4.360407372469595089e+00
-1.111923915116774197e+03,-1.025367001147590145e+03,7.041947812353292591e+01,1.195525810715199988e+01,1.604094955242983289e+01,3.735012882645467158e+00,4.481771881157256665e+00,4.360409278318240212e+00
-1.111397797403202958e+03,-1.023426511644050038e+03,7.079295113751244628e+01,5.278909918804285617e+00,1.929180545526941870e+01,3.735012882645467158e+00,4.440123347308281510e+00,4.360411962828412591e+00
-1.111611482351202540e+03,-1.021432771259932679e+03,7.116649064456476026e+01,-2.154507325716042754e+00,1.988218470218728129e+01,3.735012882645467158e+00,4.560370029155222049e+00,4.360407030136562945e+00
-1.112536067395128612e+03,-1.019668739305534814e+03,7.153997546766578353e+01,-9.276226518839557400e+00,1.773099298869345830e+01,3.735012882645467158e+00,4.485936889894848179e+00,4.360408318855350629e+00
-1.114044062766459319e+03,-1.018334836152928119e+03,7.191352213732531595e+01,-1.507915795295036965e+01,1.313528665338297508e+01,3.735012882645467158e+00,4.473769397971985029e+00,4.360414739061573286e+00
-1.115926902588993244e+03,-1.017687559477711829e+03,7.228698035827370916e+01,-1.886190049821103187e+01,6.727913219016319779e+00,3.735012882645467158e+00,4.482929580944191805e+00,4.360412425825478167e+00
-1.117925554506792196e+03,-1.017719043081383916e+03,7.228695631090690199e+01,-1.998146031793775279e+01,-6.068618129284920615e-01,0.000000000000000000e+00,4.463256592244215781e+00,4.360410440382214148e+00
-1.119924586141735062e+03,-1.017789630069124883e+03,7.228698642456190271e+01,-1.999606230301512966e+01,-6.067058746345893594e-01,0.000000000000000000e+00,4.520089013392074584e+00,4.360412652759557695e+00
-1.121923363334752366e+03,-1.017821811623764575e+03,7.228697237429429379e+01,-2.000066876798086213e+01,-6.068331097333240498e-01,0.000000000000000000e+00,4.534701252185450393e+00,4.360410474945169312e+00
-1.123921892702025389e+03,-1.017896785681221559e+03,7.228695005788549111e+01,-1.995863064407039644e+01,-6.069024582647346566e-01,0.000000000000000000e+00,4.457951401174496731e+00,4.360417126899843510e+00
-1.125920735816041997e+03,-1.017978277499483283e+03,7.228700300934023915e+01,-1.997899679616914526e+01,-6.068087472641492397e-01,0.000000000000000000e+00,4.527568131039236832e+00,4.360407967966564158e+00
-1.127919536140229638e+03,-1.018022350320891292e+03,7.228697688008742261e+01,-1.999523972196990940e+01,-6.067958285780403749e-01,0.000000000000000000e+00,4.452963611563910185e+00,4.360409247408239430e+00
-1.129918380129967545e+03,-1.018110426268174820e+03,7.228699375575025954e+01,-1.996107261133855104e+01,-6.068939478085138006e-01,0.000000000000000000e+00,4.469890871610935790e+00,4.360412948284174917e+00
-1.131916894727629824e+03,-1.018159048187867711e+03,7.228700019562278101e+01,-1.999114081480086824e+01,-6.069090195688653377e-01,0.000000000000000000e+00,4.488528323327066971e+00,4.360413515517814531e+00
-1.133915685757521032e+03,-1.018207269548506019e+03,7.228698194941853217e+01,-2.000436889922269401e+01,-6.069191408037382107e-01,0.000000000000000000e+00,4.517552220894978987e+00,4.360411695662662623e+00
-1.135914549556308884e+03,-1.018283004103926942e+03,7.228700707277921822e+01,-1.996420626106789697e+01,-6.068688926575298570e-01,0.000000000000000000e+00,4.590868254752228594e+00,4.360409338462089224e+00
-1.137913419539929919e+03,-1.018331862698450095e+03,7.228702477782996993e+01,-2.000766102766196752e+01,-6.069385669289485419e-01,0.000000000000000000e+00,4.448830777313617979e+00,4.360415901950750239e+00
-1.139912253815025679e+03,-1.018400252156629108e+03,7.228697653265591327e+01,-1.999526341988149625e+01,-6.068061825652558694e-01,0.000000000000000000e+00,4.514461549774508420e+00,4.360410860200612859e+00
-1.141911088393049567e+03,-1.018477223885082140e+03,7.228701448164368060e+01,-1.999640114943892755e+01,-6.068709968350385342e-01,0.000000000000000000e+00,4.546400784169672527e+00,4.360410617634935981e+00
-1.143909784334028245e+03,-1.018521067226449190e+03,7.228699728774262212e+01,-1.999390207474291259e+01,-6.068144559072831123e-01,0.000000000000000000e+00,4.520452255905540895e+00,4.360415090124202919e+00
-1.145908274651258125e+03,-1.018612136144418741e+03,7.228697140027165347e+01,-1.996160633621872194e+01,-6.068931138113621282e-01,0.000000000000000000e+00,4.455712067473854177e+00,4.360417429253753419e+00
-1.147907294027366788e+03,-1.018652940422474671e+03,7.228698382525377042e+01,-1.997182627416002987e+01,-6.067743210421497890e-01,0.000000000000000000e+00,4.538265990570428343e+00,4.360411459437782966e+00
-1.149905978719761151e+03,-1.018713048756236958e+03,7.228699376760386031e+01,-1.998633129839456046e+01,-6.068501011580290649e-01,0.000000000000000000e+00,4.519231928301716827e+00,4.360411674435286322e+00
-1.151904619451897133e+03,-1.018763687997022771e+03,7.228698747325250906e+01,-2.002450271258691217e+01,-6.067787529376031941e-01,0.000000000000000000e+00,4.438521480933432350e+00,4.360413329497887069e+00
-1.153903334743321693e+03,-1.018819598899990524e+03,7.228699394944887047e+01,-1.997752616416582327e+01,-6.068092324738768584e-01,0.000000000000000000e+00,4.529269133317994189e+00,4.360409602050865807e+00
-1.155901918892521962e+03,-1.018903377118816138e+03,7.228701385040912442e+01,-1.997935173879111659e+01,-6.069560223877388250e-01,0.000000000000000000e+00,4.524873042654677491e+00,4.360412768489219992e+00
-1.157900838639703124e+03,-1.018954940379609297e+03,7.228696432075655309e+01,-2.003240422951291322e+01,-6.068156337093413288e-01,0.000000000000000000e+00,4.529149020376476820e+00,4.360415005121088150e+00
-1.159899830758415646e+03,-1.019030890134236529e+03,7.228697651419257397e+01,-1.997844915674559729e+01,-6.070222094975089577e-01,0.000000000000000000e+00,4.524130982657204036e+00,4.360413321587365054e+00
-1.161898356801851833e+03,-1.019057145794901430e+03,7.228695318833899819e+01,-1.997998989751434706e+01,-6.068595515298688126e-01,0.000000000000000000e+00,4.476165014539868814e+00,4.360414595879161581e+00
-1.163897169136035245e+03,-1.019139683484953366e+03,7.228700563021858727e+01,-2.000957288135799317e+01,-6.067717354504540417e-01,0.000000000000000000e+00,4.525419856284839781e+00,4.360416816418196895e+00
-1.165895959152593832e+03,-1.019177880718857296e+03,7.228697656835228713e+01,-2.001003569393089521e+01,-6.067862833516495247e-01,0.000000000000000000e+00,4.526287430615609786e+00,4.360412752095543354e+00
-1.167894499720233398e+03,-1.019236445591650295e+03,7.228701410218015155e+01,-1.996115837141459792e+01,-6.068176375250372567e-01,0.000000000000000000e+00,4.493216180789009861e+00,4.360412170918600339e+00
-1.169893608451396858e+03,-1.019319989883824292e+03,7.228700706615184401e+01,-1.999585990100534971e+01,-6.068659023646481021e-01,0.000000000000000000e+00,4.463732055949347632e+00,4.360411580496010409e+00
-1.171892220627705456e+03,-1.019355483244819425e+03,7.228699474369118150e+01,-1.995314852041319753e+01,-6.066633126414262556e-01,0.000000000000000000e+00,4.477981522127296721e+00,4.360414322764780692e+00
-1.173890991136079037e+03,-1.019436042968393394e+03,7.228696515749840046e+01,-2.003030083494244096e+01,-6.067585437733432618e-01,0.000000000000000000e+00,4.511366938804095561e+00,4.360418973512869556e+00
-1.175889759054014121e+03,-1.019518224868485618e+03,7.228697104229645731e+01,-1.997532335355410993e+01,-6.067219942461268278e-01,0.000000000000000000e+00,4.589496785241162335e+00,4.360410769066504599e+00
-1.177888313712084937e+03,-1.019549598506288021e+03,7.228697999631961579e+01,-2.002285490165818516e+01,-6.068835570597370666e-01,0.000000000000000000e+00,4.547119020239958509e+00,4.360414090736669301e+00
-1.179887271079623360e+03,-1.019618721302753556e+03,7.228700469717807664e+01,-1.997764576568087946e+01,-6.069416283574581295e-01,0.000000000000000000e+00,4.518611481389955387e+00,4.360414102357955457e+00
-1.181885982370823513e+03,-1.019672942976753120e+03,7.228699667871954659e+01,-1.999776264810219573e+01,-6.068667469963398009e-01,0.000000000000000000e+00,4.509283620840612627e+00,4.360414604250034465e+00
-1.183884662698689681e+03,-1.019721201510967035e+03,7.228696810475081236e+01,-1.996764735787376921e+01,-6.067628415880684800e-01,0.000000000000000000e+00,4.465380653713224568e+00,4.360411759941232646e+00
-1.185883576661257848e+03,-1.019831937160515508e+03,7.228697803334367222e+01,-1.998019599920784373e+01,-6.068324928892199210e-01,0.000000000000000000e+00,4.529307718772582092e+00,4.360417291779653759e+00
-1.187882351942242394e+03,-1.019860827381349054e+03,7.228700938445030033e+01,-1.999603782962944365e+01,-6.066836445670165112e-01,0.000000000000000000e+00,4.550669944083924001e+00,4.360413497127633597e+00
-1.189881009001740722e+03,-1.019906266071815708e+03,7.228702520888789707e+01,-1.995750356964634520e+01,-6.068963678576837495e-01,0.000000000000000000e+00,4.557115894837997061e+00,4.360412607138278496e+00
-1.191879680246604266e+03,-1.019952009970396603e+03,7.228700401278622678e+01,-2.003021840941324072e+01,-6.068991177401885651e-01,0.000000000000000000e+00,4.477426018149706088e+00,4.360414959102047128e+00
-1.193878462918403329e+03,-1.020057560347719686e+03,7.228699504297064493e+01,-1.997815582730975947e+01,-6.068050644553839579e-01,0.000000000000000000e+00,4.505868293827427706e+00,4.360410982220346732e+00
-1.195877235048594230e+03,-1.020117828994118895e+03,7.228696491559999515e+01,-1.998272435793428059e+01,-6.068306252070542195e-01,0.000000000000000000e+00,4.534111663776023704e+00,4.360409801553159603e+00
-1.197876311615217901e+03,-1.020166873343129168e+03,7.228703221811616686e+01,-2.003168043055940473e+01,-6.067633658266835539e-01,0.000000000000000000e+00,4.488654526641080444e+00,4.360413912863677410e+00
-1.199874900097016280e+03,-1.020232582218500852e+03,7.228697367901392568e+01,-1.996281803081454953e+01,-6.067652224376300918e-01,0.000000000000000000e+00,4.533105984143420919e+00,4.360412085626621526e+00
-1.201873819899133650e+03,-1.020284387926735235e+03,7.228699052570397043e+01,-2.000330935434220692e+01,-6.069036186223165652e-01,0.000000000000000000e+00,4.487762268993275683e+00,4.360416932550613467e+00
-1.203872346996872920e+03,-1.020341326199337914e+03,7.228698380136415835e+01,-1.999007615353997380e+01,-6.068708827331229516e-01,0.000000000000000000e+00,4.463691737358484346e+00,4.360407188452374960e+00
-1.205871053814257721e+03,-1.020387060992890611e+03,7.228697861263700020e+01,-1.997570728144699359e+01,-6.068453953034214088e-01,0.000000000000000000e+00,4.523853463563280108e+00,4.360416220670102483e+00
-1.207870056529150133e+03,-1.020488243647151648e+03,7.228699778492899952e+01,-2.000307580751837122e+01,-6.068586212664330848e-01,0.000000000000000000e+00,4.453083010468989578e+00,4.360405128252149431e+00
-1.209868405833607540e+03,-1.020538816370413883e+03,7.228699928957308884e+01,-1.996847007733849111e+01,-6.070212779357325728e-01,0.000000000000000000e+00,4.543695452574370464e+00,4.360412396993766038e+00
-1.211867404675909029e+03,-1.020602618516207372e+03,7.228697567019106884e+01,-2.000173598044738554e+01,-6.068058468297349295e-01,0.000000000000000000e+00,4.472866685512555840e+00,4.360408631551941028e+00
-1.213866068433533201e+03,-1.020656748873660263e+03,7.228698714667439162e+01,-1.999321256077463360e+01,-6.068599267597890590e-01,0.000000000000000000e+00,4.525803457584744116e+00,4.360410677240162514e+00
-1.215864937038869812e+03,-1.020683986105006625e+03,7.228698121218187111e+01,-1.997404069769260460e+01,-6.067897172712589660e-01,0.000000000000000000e+00,4.469357512176872049e+00,4.360410583458435241e+00
-1.217863449224797705e+03,-1.020783374673613707e+03,7.228694994470610879e+01,-1.996869366193056905e+01,-6.068278155837841803e-01,0.000000000000000000e+00,4.519551949445435923e+00,4.360412358367333319e+00
-1.219862359163425708e+03,-1.020825014937148694e+03,7.228698424041097326e+01,-1.996396459000325763e+01,-6.070052008520300246e-01,0.000000000000000000e+00,4.476958184731973489e+00,4.360415109635111364e+00
-1.221861230764576931e+03,-1.020906941267604680e+03,7.228698631052760959e+01,-1.998924902341369503e+01,-6.068096428689959687e-01,0.000000000000000000e+00,4.499113732628750917e+00,4.360411635487492887e+00
-1.223859837385642550e+03,-1.020958459693297982e+03,7.228696552274405462e+01,-1.998179755934142676e+01,-6.067885823065269912e-01,0.000000000000000000e+00,4.514496610577615421e+00,4.360408800859230105e+00
-1.225858673757572205e+03,-1.020995937966521296e+03,7.228698092055401503e+01,-2.000174720225033198e+01,-6.067957076642522818e-01,0.000000000000000000e+00,4.487242807742533479e+00,4.360410348863193342e+00
-1.227857630147189411e+03,-1.021065744333923817e+03,7.228698494595747093e+01,-1.998371009866764680e+01,-6.069568123909278023e-01,0.000000000000000000e+00,4.509855397477314121e+00,4.360413736643355520e+00
-1.229856014888017171e+03,-1.021148144134421955e+03,7.228698673381133233e+01,-1.997691653399336076e+01,-6.069275244497601696e-01,0.000000000000000000e+00,4.556255602614073474e+00,4.360413488410388894e+00
-1.231855040745775568e+03,-1.021172722014290798e+03,7.228696678674560872e+01,-2.000376943191898604e+01,-6.068264972951119551e-01,0.000000000000000000e+00,4.573626262528689423e+00,4.360413311005549630e+00
-1.233853749853363752e+03,-1.021252420662412078e+03,7.228699779156372074e+01,-2.000572967111987666e+01,-6.068957773855860882e-01,0.000000000000000000e+00,4.493278674259373773e+00,4.360410632458275870e+00
-1.235852354834778907e+03,-1.021299753805324826e+03,7.228699281108958985e+01,-2.000476454826374351e+01,-6.069097537959099453e-01,0.000000000000000000e+00,4.501353153578226518e+00,4.360407437445281253e+00
-1.237851230133566560e+03,-1.021375439485084257e+03,7.228703238321720903e+01,-1.994327709790893621e+01,-6.067966017605942453e-01,0.000000000000000000e+00,4.546903002362477686e+00,4.360409699881474310e+00
-1.239850004137008000e+03,-1.021430027510242780e+03,7.228697927565367820e+01,-1.999332798587887794e+01,-6.066926207745003685e-01,0.000000000000000000e+00,4.537196791275957430e+00,4.360410605755028257e+00
-1.241849077013142050e+03,-1.021493982604401140e+03,7.228697364391483404e+01,-2.000667028181418772e+01,-6.069240899106269627e-01,0.000000000000000000e+00,4.486166401731045639e+00,4.360417713635404979e+00
-1.243847499314983907e+03,-1.021579891914879227e+03,7.228699657847644744e+01,-1.999126411336787257e+01,-6.067656386608986097e-01,0.000000000000000000e+00,4.583139474594262630e+00,4.360410658154203922e+00
-1.245846247196292552e+03,-1.021613411073575890e+03,7.228698915086559396e+01,-2.000753317862870873e+01,-6.068345039218788761e-01,0.000000000000000000e+00,4.538381209847493380e+00,4.360414157980326166e+00
-1.247844933717160757e+03,-1.021697806248173947e+03,7.228695782790181568e+01,-1.997269581081151557e+01,-6.067933177260609323e-01,0.000000000000000000e+00,4.491615803802726958e+00,4.360413641767133086e+00
-1.249843886352919071e+03,-1.021731214256934891e+03,7.228701699701578320e+01,-1.998660890142381064e+01,-6.068875972171579036e-01,0.000000000000000000e+00,4.511985488875678740e+00,4.360411125700284884e+00
-1.251842615854319774e+03,-1.021815486769740119e+03,7.228698220783553552e+01,-2.000956154716022084e+01,-6.068365209926764869e-01,0.000000000000000000e+00,4.461538016579732258e+00,4.360411976149331181e+00
-1.253841295736285019e+03,-1.021869328543137840e+03,7.228694301028401981e+01,-2.000205941873772275e+01,-6.068678478830572542e-01,0.000000000000000000e+00,4.515671395030547153e+00,4.360410560671854618e+00
-1.255840319390085824e+03,-1.021920444891765214e+03,7.228700804680082115e+01,-1.997277403952696062e+01,-6.068744451155347885e-01,0.000000000000000000e+00,4.559502046105205153e+00,4.360415389688676591e+00
-1.257838689242685405e+03,-1.021994161820546537e+03,7.228698758664742741e+01,-1.998883701976734528e+01,-6.066978276872528886e-01,0.000000000000000000e+00,4.493453560188197748e+00,4.360419365045830276e+00
-1.259837340693151418e+03,-1.022047907758284850e+03,7.228698831868781838e+01,-2.001476808341390523e+01,-6.069847697416987931e-01,0.000000000000000000e+00,4.503326108143470563e+00,4.360414735731182212e+00
-1.261836451060356467e+03,-1.022098486501911452e+03,7.228698839566742151e+01,-2.000029753760984974e+01,-6.068004513672379252e-01,0.000000000000000000e+00,4.511218380991417476e+00,4.360410845848548433e+00
-1.263835256519093491e+03,-1.022160837531986999e+03,7.228694622894953170e+01,-1.999434787702211480e+01,-6.066891226898805112e-01,0.000000000000000000e+00,4.505791780032205374e+00,4.360412391639932217e+00
-1.265833900102777534e+03,-1.022233126458813672e+03,7.228694952852347910e+01,-1.998310006442097020e+01,-6.069201993317707711e-01,0.000000000000000000e+00,4.481112352415146383e+00,4.360410713788077430e+00
-1.267832596070723184e+03,-1.022255004148927128e+03,7.228699483433572937e+01,-2.000715368602828548e+01,-6.068113604259348648e-01,0.000000000000000000e+00,4.495926483751396141e+00,4.360413122528187024e+00
-1.269831214954716870e+03,-1.022357955521153713e+03,7.228696187974395571e+01,-1.998968123087984949e+01,-6.068193314088953239e-01,0.000000000000000000e+00,4.536206570868786869e+00,4.360418390136509004e+00
-1.271830089803218016e+03,-1.022415108233600790e+03,7.228695483211821227e+01,-1.998684123278799518e+01,-6.069283084290666430e-01,0.000000000000000000e+00,4.515889876193821095e+00,4.360417555304739956e+00
-1.273828752745863767e+03,-1.022481341424311495e+03,7.228702345058478329e+01,-1.997989291022958369e+01,-6.068342470581746806e-01,0.000000000000000000e+00,4.540050820355197914e+00,4.360409555286562266e+00
-1.275827790863143264e+03,-1.022520838809169391e+03,7.228701107983123109e+01,-1.998204868347411889e+01,-6.068553479359806158e-01,0.000000000000000000e+00,4.505765446006908981e+00,4.360408172895917644e+00
-1.277826386048047425e+03,-1.022586938187691317e+03,7.228701556163883879e+01,-2.001037101563565201e+01,-6.067887748061969733e-01,0.000000000000000000e+00,4.468327083648117259e+00,4.360413164547358278e+00
-1.279824956916176916e+03,-1.022640856636812259e+03,7.228698584956042339e+01,-1.995759306755895324e+01,-6.066530375296267374e-01,0.000000000000000000e+00,4.514017782962241654e+00,4.360415521675766293e+00
-1.281823971754431113e+03,-1.022716235738373825e+03,7.228695745504786885e+01,-1.998201648478669767e+01,-6.067468953669465925e-01,0.000000000000000000e+00,4.473548774567597697e+00,4.360418912656326640e+00
-1.283822597048288344e+03,-1.022778979279397163e+03,7.228694451078168015e+01,-1.997663232667886746e+01,-6.071107534858031229e-01,0.000000000000000000e+00,4.565973738555800132e+00,4.360410916662174508e+00
-1.285821353272446459e+03,-1.022833398487040995e+03,7.228698431202731456e+01,-1.997788896105995349e+01,-6.068982658121376828e-01,0.000000000000000000e+00,4.462600848676048670e+00,4.360414504025887261e+00
-1.287820203329865308e+03,-1.022885374035020277e+03,7.228699285222117510e+01,-1.997899968463566012e+01,-6.068185646639198128e-01,0.000000000000000000e+00,4.490437995041022035e+00,4.360409732173589070e+00
-1.289819128684697716e+03,-1.022937553861372862e+03,7.228699862457595771e+01,-1.999876129964880889e+01,-6.069320308402199604e-01,0.000000000000000000e+00,4.473545718442085928e+00,4.360411062133609406e+00
-1.291817776806684833e+03,-1.023030456300738138e+03,7.228700264465234682e+01,-1.997720140803897593e+01,-6.068811951542344429e-01,0.000000000000000000e+00,4.485192062787492162e+00,4.360409050568886613e+00
-1.293816268453772636e+03,-1.023055646600481623e+03,7.228697927801579226e+01,-1.998148481743765004e+01,-6.068662403954993012e-01,0.000000000000000000e+00,4.502864342035315381e+00,4.360411893479661849e+00
-1.295815391054859447e+03,-1.023126409684388818e+03,7.228699093671934861e+01,-2.000887777481955965e+01,-6.068656758912149840e-01,0.000000000000000000e+00,4.519545556603500103e+00,4.360411081628241980e+00
-1.297814137089866563e+03,-1.023211921763395594e+03,7.228694180205225450e+01,-1.999068002951814904e+01,-6.069491592817405357e-01,0.000000000000000000e+00,4.536845130231384360e+00,4.360413283863215916e+00
-1.299812604277175978e+03,-1.023270947296750933e+03,7.228702178760910613e+01,-1.998025130839168995e+01,-6.068168386047280149e-01,0.000000000000000000e+00,4.556058084509841066e+00,4.360413054491067086e+00
-1.301811238685970693e+03,-1.023309862791841397e+03,7.228698359304038945e+01,-2.001405795284527400e+01,-6.068593107863451408e-01,0.000000000000000000e+00,4.434828305130243287e+00,4.360412404079745841e+00
-1.303810222415951557e+03,-1.023371310233299027e+03,7.228699703955494726e+01,-2.000502108246247346e+01,-6.068770511690283476e-01,0.000000000000000000e+00,4.509514357308693100e+00,4.360415808872546428e+00
-1.305809033092853269e+03,-1.023436404047858105e+03,7.228701287849095536e+01,-1.997408757325027295e+01,-6.068066306486307182e-01,0.000000000000000000e+00,4.516982987039268593e+00,4.360410994317449607e+00
-1.307807723913293330e+03,-1.023508765852992497e+03,7.228701069297015636e+01,-1.998573487904950596e+01,-6.069302607418625151e-01,0.000000000000000000e+00,4.449207054966699992e+00,4.360412899239223705e+00
-1.309806374287092467e+03,-1.023563049359062347e+03,7.228697770402688150e+01,-1.996775077522891451e+01,-6.069723583278900936e-01,0.000000000000000000e+00,4.485151927476505485e+00,4.360413363502309458e+00
-1.311805253018565963e+03,-1.023633491169389686e+03,7.228697195857031943e+01,-2.000134050027103783e+01,-6.068005658433618388e-01,0.000000000000000000e+00,4.516807901232597011e+00,4.360410773611792301e+00
-1.313803922955329199e+03,-1.023693447780509246e+03,7.228697920918372688e+01,-1.998295382799519615e+01,-6.068725837120124700e-01,0.000000000000000000e+00,4.491912905684265489e+00,4.360405998205210132e+00
-1.315802686685294930e+03,-1.023736149819627599e+03,7.228694820559600487e+01,-1.997891518365471342e+01,-6.068910506287360507e-01,0.000000000000000000e+00,4.524035666342203221e+00,4.360408434973601643e+00
-1.317801559969313530e+03,-1.023795393723504958e+03,7.228699578747112753e+01,-1.998253208946229265e+01,-6.068449675083286143e-01,0.000000000000000000e+00,4.536725821754371779e+00,4.360409632607678887e+00
-1.319800178544116761e+03,-1.023879378215272027e+03,7.228699791353128035e+01,-2.000999184434373035e+01,-6.069398237585055256e-01,0.000000000000000000e+00,4.449749542797049706e+00,4.360418348995721338e+00
-1.321799275413555733e+03,-1.023946782587160669e+03,7.228696957429676218e+01,-1.997186802982668397e+01,-6.068213055225170072e-01,0.000000000000000000e+00,4.482790021717240059e+00,4.360412530095659989e+00
-1.323797673855824769e+03,-1.023974721513420150e+03,7.228697542481330629e+01,-1.998828166964964481e+01,-6.069297521593332023e-01,0.000000000000000000e+00,4.525501294427954235e+00,4.360414685002821145e+00
-1.325796609789145123e+03,-1.024036895085364904e+03,7.228698034113435256e+01,-2.002205770319267586e+01,-6.070057697656086049e-01,0.000000000000000000e+00,4.530151368340535001e+00,4.360409883818435972e+00
-1.327795389016566560e+03,-1.024088932664743197e+03,7.228694638024579433e+01,-2.000294741532145792e+01,-6.069708461578553482e-01,0.000000000000000000e+00,4.461700756712924765e+00,4.360407313505644922e+00
-1.329794156462774708e+03,-1.024137575062422002e+03,7.228699951555174152e+01,-1.997053269603801695e+01,-6.068923900226672608e-01,0.000000000000000000e+00,4.454476513042791908e+00,4.360414698867808525e+00
-1.331792854225829615e+03,-1.024224439772161531e+03,7.228697595448453228e+01,-1.999279295198963524e+01,-6.068376863539656219e-01,0.000000000000000000e+00,4.512463816603053068e+00,4.360411684225906193e+00
-1.333791563002801922e+03,-1.024312440704625942e+03,7.228696355113174832e+01,-2.000467655073808970e+01,-6.069103273845362079e-01,0.000000000000000000e+00,4.423411146219084600e+00,4.360410684811058424e+00
-1.335790367118681388e+03,-1.024356653014824587e+03,7.228697720804350979e+01,-2.001447290409526758e+01,-6.069807621716891699e-01,0.000000000000000000e+00,4.553850879823566622e+00,4.360411690202952606e+00
-1.337788821989184498e+03,-1.024422049752308112e+03,7.228696832349001511e+01,-1.998719980987886302e+01,-6.068948584388454970e-01,0.000000000000000000e+00,4.514430461835297947e+00,4.360415609612412702e+00
-1.339787709364436978e+03,-1.024455873177611011e+03,7.228700698174674244e+01,-1.999826082394540094e+01,-6.068146728601884199e-01,0.000000000000000000e+00,4.539264713571387944e+00,4.360410003157211278e+00
-1.341786555843729275e+03,-1.024536392441695853e+03,7.228699901036554820e+01,-1.999722604254481340e+01,-6.068836172371089299e-01,0.000000000000000000e+00,4.468817828873737241e+00,4.360408313998647145e+00
-1.343785147013864844e+03,-1.024595532846206652e+03,7.228699644955740666e+01,-1.998680206921107327e+01,-6.068004031793612363e-01,0.000000000000000000e+00,4.468123697253299831e+00,4.360408279647328023e+00
-1.345784338860528351e+03,-1.024667985771798840e+03,7.228697810120455358e+01,-2.001279707913642625e+01,-6.068259345972568664e-01,0.000000000000000000e+00,4.523155751184272155e+00,4.360410260631035761e+00
-1.347782810763573252e+03,-1.024733165694768104e+03,7.228700729519084689e+01,-2.000124594888301743e+01,-6.069857464424843752e-01,0.000000000000000000e+00,4.494591968356903777e+00,4.360412621655320287e+00
-1.349781554135443230e+03,-1.024775006564917931e+03,7.228696762596381120e+01,-1.999473190762246588e+01,-6.068273132508585910e-01,0.000000000000000000e+00,4.503448442508960703e+00,4.360414831490050602e+00
-1.351780228395687345e+03,-1.024834831579945103e+03,7.228699882627869044e+01,-1.998114471507643941e+01,-6.068176362677858426e-01,0.000000000000000000e+00,4.542029593804104870e+00,4.360411493735352195e+00
-1.353779066404383229e+03,-1.024873363310322475e+03,7.228700578086035478e+01,-1.998679027039187162e+01,-6.069882820456929950e-01,0.000000000000000000e+00,4.505166054163316502e+00,4.360410986877507611e+00
-1.355777748564464900e+03,-1.024944895258562383e+03,7.228698788882762472e+01,-1.994451740359038894e+01,-6.067382145462445475e-01,0.000000000000000000e+00,4.533958889695430372e+00,4.360406380791936876e+00
-1.357776696360215738e+03,-1.025018486472421500e+03,7.228697410786666921e+01,-1.995439852994314123e+01,-6.068535656586364624e-01,0.000000000000000000e+00,4.517351396362026428e+00,4.360409284477828606e+00
-1.359775640986690632e+03,-1.025089973002642637e+03,7.228698353735001092e+01,-2.002402152829926507e+01,-6.069029291812424454e-01,0.000000000000000000e+00,4.468952840292884865e+00,4.360412989360059832e+00
-1.361774285233660066e+03,-1.025149356701429042e+03,7.228697626158655964e+01,-1.996349089979848657e+01,-6.067070717397944346e-01,0.000000000000000000e+00,4.492347013295916014e+00,4.360412228234831211e+00
-1.363773193664507971e+03,-1.025190592350013958e+03,7.228699569629748112e+01,-1.994846736243790630e+01,-6.068025562931338435e-01,0.000000000000000000e+00,4.552391554457121181e+00,4.360412938450168419e+00
-1.365771807961489003e+03,-1.025250691589046937e+03,7.228696752281592808e+01,-1.998519044218346608e+01,-6.068435498032362929e-01,0.000000000000000000e+00,4.482285396331296745e+00,4.360416255466000202e+00
-1.367770446160458732e+03,-1.025324262507213689e+03,7.228699314525566422e+01,-1.994720581601835008e+01,-6.068347240310187907e-01,0.000000000000000000e+00,4.524618206057470893e+00,4.360413785156650235e+00
-1.369769223874753152e+03,-1.025371641322850110e+03,7.228697944584777701e+01,-1.996978898898865395e+01,-6.068270492887610779e-01,0.000000000000000000e+00,4.522777156620338523e+00,4.360410548925407248e+00
-1.371768086364739702e+03,-1.025452644053994163e+03,7.228696956491465642e+01,-1.999041904393114066e+01,-6.068264484504402034e-01,0.000000000000000000e+00,4.499841936050266611e+00,4.360412581970514623e+00
-1.373766671623474167e+03,-1.025501648824370477e+03,7.228693977530549830e+01,-1.999733522760191562e+01,-6.068900849504031969e-01,0.000000000000000000e+00,4.513243731273592907e+00,4.360411704906888453e+00
-1.375765577330569386e+03,-1.025571863400322172e+03,7.228699520414677693e+01,-1.999616014094532446e+01,-6.070531248270593094e-01,0.000000000000000000e+00,4.500051021687949238e+00,4.360413325976760568e+00
-1.377843684879858756e+03,-1.025618624172975842e+03,7.228701088023571231e+01,-2.075180041998459757e+01,-6.311167302090938680e-01,0.000000000000000000e+00,4.504356099079422471e+00,4.360411483494834428e+00
-1.380001611378892221e+03,-1.025687306924680797e+03,7.228696985156017263e+01,-2.157232178607101147e+01,-6.550654621886129458e-01,0.000000000000000000e+00,4.510096698731700826e+00,4.360412440783742127e+00
-1.382239001412511698e+03,-1.025744945379611636e+03,7.228693506778245137e+01,-2.233985261369423725e+01,-6.791721263381179652e-01,0.000000000000000000e+00,4.495818756021410678e+00,4.360415444064702051e+00
-1.384555813841358031e+03,-1.025859384747478316e+03,7.228699049864749782e+01,-2.314768370304512501e+01,-7.035973482136290702e-01,0.000000000000000000e+00,4.476849657788413595e+00,4.360411980486873951e+00
-1.386952525117231971e+03,-1.025917010192846647e+03,7.228699359770648414e+01,-2.394043840083764607e+01,-7.274781941548024156e-01,0.000000000000000000e+00,4.483615117589631716e+00,4.360412098794536284e+00
-1.389428607346299486e+03,-1.025971765009512183e+03,7.228699051047925650e+01,-2.477182748636765197e+01,-7.516195105873340054e-01,0.000000000000000000e+00,4.506498433404258819e+00,4.360410435926695527e+00
-1.391983798116670187e+03,-1.026056895711742982e+03,7.228699149957999737e+01,-2.552577903333014930e+01,-7.759524188528130750e-01,0.000000000000000000e+00,4.494790236159889041e+00,4.360402478369266532e+00
-1.394619026275033093e+03,-1.026145583900647580e+03,7.228696502877112096e+01,-2.633670325744840568e+01,-8.001650845744804341e-01,0.000000000000000000e+00,4.595022344847865092e+00,4.360413263774042036e+00
-1.397333653934407266e+03,-1.026213696290088819e+03,7.228699383346611285e+01,-2.711177135435187679e+01,-8.242456938566041780e-01,0.000000000000000000e+00,4.547419667773641372e+00,4.360410430008811566e+00
-1.400127607329038710e+03,-1.026300844544264692e+03,7.228699177534616638e+01,-2.793749725003509710e+01,-8.482889567602343028e-01,0.000000000000000000e+00,4.504450453682112609e+00,4.360414225001385979e+00
-1.403001650213998801e+03,-1.026386748268909287e+03,7.228698192544551659e+01,-2.872959204094922470e+01,-8.724602036221066337e-01,0.000000000000000000e+00,4.492634009231165848e+00,4.360416086739912878e+00
-1.405954668781570263e+03,-1.026474120425720002e+03,7.228700095024197481e+01,-2.953010331570682112e+01,-8.967593833266568337e-01,0.000000000000000000e+00,4.543709887260107827e+00,4.360412885459895804e+00
-1.408987839534960585e+03,-1.026572341905485700e+03,7.228699122893337403e+01,-3.027956068072138862e+01,-9.207860220229540094e-01,0.000000000000000000e+00,4.481277834398141202e+00,4.360408819270514158e+00
-1.412100020619166116e+03,-1.026670694986334638e+03,7.228695790534790433e+01,-3.112178495775389564e+01,-9.450079285338097712e-01,0.000000000000000000e+00,4.498517405935821500e+00,4.360412120990800666e+00
-1.415291812534047267e+03,-1.026778870700552488e+03,7.228699881092278190e+01,-3.190615143804905074e+01,-9.691235818453028950e-01,0.000000000000000000e+00,4.479253950025397835e+00,4.360413405672600717e+00
-1.418563332827500517e+03,-1.026851758151272179e+03,7.228697698219222900e+01,-3.272901604191076785e+01,-9.933000666001435830e-01,0.000000000000000000e+00,4.559409574822864464e+00,4.360413424497640023e+00
-1.421914212427835764e+03,-1.026974714875204427e+03,7.228700747476383981e+01,-3.348463341222671374e+01,-1.017336061996274355e+00,0.000000000000000000e+00,4.541343046268019989e+00,4.360413449290412302e+00
-1.425344514284946399e+03,-1.027069389008901908e+03,7.228697972605573341e+01,-3.431716857776527263e+01,-1.041513135654667854e+00,0.000000000000000000e+00,4.501288993940883998e+00,4.360411990729426535e+00
-1.428854803322332373e+03,-1.027191901147517456e+03,7.228697222052240079e+01,-3.511485650376619816e+01,-1.065757791574857727e+00,0.000000000000000000e+00,4.445061191452365890e+00,4.360413769814192264e+00
-1.432444367683106520e+03,-1.027281769952269542e+03,7.228700185071456019e+01,-3.589782205300921447e+01,-1.089947908855589676e+00,0.000000000000000000e+00,4.472137435299814889e+00,4.360417163995821355e+00
-1.436113560020240129e+03,-1.027384409366763066e+03,7.228700293955061795e+01,-3.669220742423043902e+01,-1.114107919862428853e+00,0.000000000000000000e+00,4.526931236769211608e+00,4.360414907346876312e+00
-1.439862044578634141e+03,-1.027505384787297089e+03,7.228697701778301621e+01,-3.746284181791462942e+01,-1.138191105793000091e+00,0.000000000000000000e+00,4.535332469853578630e+00,4.360413129569427504e+00
-1.443690208492080046e+03,-1.027630925023533791e+03,7.228693348004647135e+01,-3.830439410985891158e+01,-1.162344328224993673e+00,0.000000000000000000e+00,4.445563766823587670e+00,4.360411026718726824e+00
-1.447597931976274594e+03,-1.027735128014616976e+03,7.228699749563524790e+01,-3.910226775358265172e+01,-1.186436723033966967e+00,0.000000000000000000e+00,4.561490295827124619e+00,4.360409869226372415e+00
-1.451585466389065914e+03,-1.027867777195153849e+03,7.228699198763678169e+01,-3.986876387929532939e+01,-1.210601148359398804e+00,0.000000000000000000e+00,4.498572515351118462e+00,4.360413682771196342e+00
-1.455652269817038587e+03,-1.027983243168140689e+03,7.228696823342366429e+01,-4.069934687079845048e+01,-1.234601847416525455e+00,0.000000000000000000e+00,4.505589557781433996e+00,4.360409650978423812e+00
-1.459798506855460801e+03,-1.028120379045692516e+03,7.228698942406957428e+01,-4.147329460922526323e+01,-1.258811461864512760e+00,0.000000000000000000e+00,4.494037773642473255e+00,4.360412947762235092e+00
-1.464024334757283441e+03,-1.028224473359007334e+03,7.228697224331246218e+01,-4.224745230595245005e+01,-1.283009438597357832e+00,0.000000000000000000e+00,4.477718145212142176e+00,4.360413690728399239e+00
-1.468329891620915987e+03,-1.028389090857198198e+03,7.228696733364851923e+01,-4.305977300091565496e+01,-1.307340132899575735e+00,0.000000000000000000e+00,4.491754159495868315e+00,4.360414711554760459e+00
-1.472714696713924923e+03,-1.028520273881679714e+03,7.228700875438670437e+01,-4.385367843493478546e+01,-1.331515922029701038e+00,0.000000000000000000e+00,4.473038631973163426e+00,4.360417405342270847e+00
-1.477179386488249975e+03,-1.028664591887714323e+03,7.228699907899529364e+01,-4.462623671604502817e+01,-1.355439787903609306e+00,0.000000000000000000e+00,4.479209133703438539e+00,4.360415618614692512e+00
-1.481723423232149571e+03,-1.028771737421827993e+03,7.228692972224160940e+01,-4.543371351083548859e+01,-1.379649305604408571e+00,0.000000000000000000e+00,4.480543187086179380e+00,4.360408541830232743e+00
-1.486347318693408170e+03,-1.028932524538489133e+03,7.228700476903766514e+01,-4.621654765900220241e+01,-1.403719444772505653e+00,0.000000000000000000e+00,4.465588844740982388e+00,4.360408150177099706e+00
-1.491050291297990270e+03,-1.029059099184970364e+03,7.228696176995921974e+01,-4.704974931854425790e+01,-1.427991033882557881e+00,0.000000000000000000e+00,4.483585339251448865e+00,4.360409194425538537e+00
-1.495832976677302213e+03,-1.029216095449834711e+03,7.228701505750053968e+01,-4.782589662838535816e+01,-1.452154473576821037e+00,0.000000000000000000e+00,4.502456057809611778e+00,4.360415670101573937e+00
-1.500694926737699916e+03,-1.029361993752100943e+03,7.228698419454930502e+01,-4.864566152302848678e+01,-1.476141194867634399e+00,0.000000000000000000e+00,4.521186548761837010e+00,4.360412499739605430e+00
-1.505637074958659468e+03,-1.029520558004689974e+03,7.228698376161096917e+01,-4.938748845406590249e+01,-1.500427886649303710e+00,0.000000000000000000e+00,4.524198219450759950e+00,4.360414405541373384e+00
-1.510658362622356663e+03,-1.029681398342509283e+03,7.228699578173421969e+01,-5.018689769360070585e+01,-1.524540884523637896e+00,0.000000000000000000e+00,4.556136896342455778e+00,4.360413793350160994e+00
-1.515759110204673107e+03,-1.029815140074032570e+03,7.228699737553750992e+01,-5.102303559413181944e+01,-1.548714305241835509e+00,0.000000000000000000e+00,4.479854175912137748e+00,4.360410392564860516e+00
-1.520939583325902731e+03,-1.029976831954708587e+03,7.228699883409548477e+01,-5.180176831683021987e+01,-1.572889516417018463e+00,0.000000000000000000e+00,4.378144392879516289e+00,4.360414444353397201e+00
-1.526199449100004131e+03,-1.030116538062869949e+03,7.228700829931382543e+01,-5.258419600679988548e+01,-1.597063885357056234e+00,0.000000000000000000e+00,4.490185493741590150e+00,4.360412838465593133e+00
-1.531538976100402351e+03,-1.030298700849493798e+03,7.228696625134794829e+01,-5.340889458971678039e+01,-1.621229156549365946e+00,0.000000000000000000e+00,4.488198769700562529e+00,4.360414554159892653e+00
-1.536958134667888316e+03,-1.030458170057705502e+03,7.228700597225365243e+01,-5.414039874196981117e+01,-1.645357129462781565e+00,0.000000000000000000e+00,4.503388221963097848e+00,4.360413734442953881e+00
-1.542456641865783922e+03,-1.030612768452185946e+03,7.228701127998594700e+01,-5.500451275297334064e+01,-1.669453937934546772e+00,0.000000000000000000e+00,4.501283712672397463e+00,4.360408624804409605e+00
-1.548034630698034562e+03,-1.030784481676300402e+03,7.228698708544607143e+01,-5.579678145707161008e+01,-1.693548766599173305e+00,0.000000000000000000e+00,4.502063381499080030e+00,4.360416607701103509e+00
-1.553692219786163832e+03,-1.030954697268908603e+03,7.228696975357330246e+01,-5.659024443839488328e+01,-1.717776103807785004e+00,0.000000000000000000e+00,4.513259627684994335e+00,4.360413543314513696e+00
-1.559429645938354497e+03,-1.031142073255692367e+03,7.228695831012198880e+01,-5.738720956746738011e+01,-1.741915032369068639e+00,0.000000000000000000e+00,4.505901357192918510e+00,4.360410250450445169e+00
-1.565246292873586526e+03,-1.031329993548765060e+03,7.228697519086061618e+01,-5.819080525755982336e+01,-1.766026275995663086e+00,0.000000000000000000e+00,4.541851729999518028e+00,4.360414449768513556e+00
-1.571142598031253101e+03,-1.031518588356829923e+03,7.228698865498958526e+01,-5.893124582246765186e+01,-1.790212536168753754e+00,0.000000000000000000e+00,4.517694311985668065e+00,4.360409535544651050e+00
-1.577118537181562260e+03,-1.031658503092174442e+03,7.228698747388580159e+01,-5.979531708188865480e+01,-1.814260984568972779e+00,0.000000000000000000e+00,4.453842697050014898e+00,4.360409304361458460e+00
-1.583173665870323475e+03,-1.031854620377373749e+03,7.228699884645465090e+01,-6.058257237517469207e+01,-1.838451524296877748e+00,0.000000000000000000e+00,4.512108963538601358e+00,4.360415708012750358e+00
-1.589308616695549517e+03,-1.032021444603362852e+03,7.228696024306587731e+01,-6.135411175091928726e+01,-1.862724876563007115e+00,0.000000000000000000e+00,4.511375170757730757e+00,4.360413555359298421e+00
-1.595523125315672132e+03,-1.032248141709732636e+03,7.228697686594396998e+01,-6.213725316489090034e+01,-1.886809220886156213e+00,0.000000000000000000e+00,4.495051748745776621e+00,4.360408547455198125e+00
-1.601817079999475027e+03,-1.032431323068172105e+03,7.228697758493717629e+01,-6.292513356101436983e+01,-1.910999759740745541e+00,0.000000000000000000e+00,4.541879102408208801e+00,4.360412665223852180e+00
-1.608190802275424176e+03,-1.032592462817247679e+03,7.228698212908689413e+01,-6.371781087027047619e+01,-1.935125826345238442e+00,0.000000000000000000e+00,4.489263826519363398e+00,4.360411031266094639e+00
-1.614643739561382063e+03,-1.032807953175939247e+03,7.228694855370089556e+01,-6.456583633020085244e+01,-1.959106209714802871e+00,0.000000000000000000e+00,4.522788256916047800e+00,4.360407748922997762e+00
-1.621176313757447360e+03,-1.033016931177329980e+03,7.228694520701085935e+01,-6.535295836205460773e+01,-1.983440022101914613e+00,0.000000000000000000e+00,4.512796871307718227e+00,4.360413822036490750e+00
-1.627788487274174940e+03,-1.033223243413934824e+03,7.228699268899757158e+01,-6.613474372615300467e+01,-2.007683177819444609e+00,0.000000000000000000e+00,4.495165142879865350e+00,4.360408784077080213e+00
-1.634480156868469749e+03,-1.033419982452979639e+03,7.228696694225243391e+01,-6.693060105311225527e+01,-2.031694277090688061e+00,0.000000000000000000e+00,4.472916929864616975e+00,4.360412990679403578e+00
-1.641251482216170871e+03,-1.033598660342823678e+03,7.228697768487113251e+01,-6.773571320310436761e+01,-2.055846606018676415e+00,0.000000000000000000e+00,4.539633710687153823e+00,4.360415043136790736e+00
-1.648101939020780264e+03,-1.033811576340093325e+03,7.228697715706960025e+01,-6.849860584167694810e+01,-2.080100302396554746e+00,0.000000000000000000e+00,4.523113019262532397e+00,4.360416536419753797e+00
-1.655032374875122059e+03,-1.034037145533132843e+03,7.228695159613245380e+01,-6.932035432393536212e+01,-2.104112272367315573e+00,0.000000000000000000e+00,4.556688705260635075e+00,4.360415266812611712e+00
-1.662042172311513241e+03,-1.034249877015672382e+03,7.228698200221906234e+01,-7.007208238329505434e+01,-2.128389195020828684e+00,0.000000000000000000e+00,4.486060457256741962e+00,4.360415883605611498e+00
-1.669131681950534812e+03,-1.034457126960344567e+03,7.228696680663995267e+01,-7.084388072513550583e+01,-2.152595319314765110e+00,0.000000000000000000e+00,4.518580339588372574e+00,4.360418315194756644e+00
-1.676300431526334933e+03,-1.034685310301574646e+03,7.228697188974487631e+01,-7.169467956094321437e+01,-2.176679369541612008e+00,0.000000000000000000e+00,4.493636739483426012e+00,4.360412161820701904e+00
-1.683548962146258873e+03,-1.034929708755588535e+03,7.228700033425603522e+01,-7.247755693321953174e+01,-2.200658660803589406e+00,0.000000000000000000e+00,4.550256564161476724e+00,4.360415283619898830e+00
-1.690876888468944799e+03,-1.035113205763107771e+03,7.228698818091902467e+01,-7.329134940509237595e+01,-2.224991287596673750e+00,0.000000000000000000e+00,4.534386262369477727e+00,4.360413222169572833e+00
-1.698284220410272610e+03,-1.035357029659883665e+03,7.228700138502081529e+01,-7.405977228183886041e+01,-2.248952591638939236e+00,0.000000000000000000e+00,4.529360630540113952e+00,4.360412753012515630e+00
-1.705771409048383475e+03,-1.035565176901913219e+03,7.228699254285133691e+01,-7.489510556914460437e+01,-2.273147397617381493e+00,0.000000000000000000e+00,4.572624019266100071e+00,4.360409914297862954e+00
-1.713338275296775464e+03,-1.035822435194859509e+03,7.228697184232629525e+01,-7.565144527376506289e+01,-2.297553531976361363e+00,0.000000000000000000e+00,4.507167476576402265e+00,4.360416699059235235e+00
-1.720984534271149641e+03,-1.036062128911896252e+03,7.228699489850241378e+01,-7.646359844316346255e+01,-2.321511585098475994e+00,0.000000000000000000e+00,4.540896356270771150e+00,4.360410426282595786e+00
-1.728710473931883143e+03,-1.036258307636775726e+03,7.228699196356170376e+01,-7.726374523574894226e+01,-2.345684347906046074e+00,0.000000000000000000e+00,4.512720583652670925e+00,4.360410824412298325e+00
-1.736515258986722074e+03,-1.036553253887167330e+03,7.228697333973465788e+01,-7.804870007517691022e+01,-2.369788986262294284e+00,0.000000000000000000e+00,4.449705585735515889e+00,4.360408818343044501e+00
-1.744400345112273499e+03,-1.036753619234687221e+03,7.228699059319401954e+01,-7.884929034176123253e+01,-2.393952218779313856e+00,0.000000000000000000e+00,4.479456577174349974e+00,4.360407944039550898e+00
-1.752364621884971484e+03,-1.037000982840420420e+03,7.228701825810036041e+01,-7.967560522176358973e+01,-2.418056096478341299e+00,0.000000000000000000e+00,4.517142328495201475e+00,4.360411839056267169e+00
-1.760408230557234447e+03,-1.037263754762905592e+03,7.228699895867437419e+01,-8.046042646847767799e+01,-2.442104750880257580e+00,0.000000000000000000e+00,4.520186962193642799e+00,4.360410639205352545e+00
-1.768532194952199006e+03,-1.037518943925191252e+03,7.228700030660642994e+01,-8.123870233753382308e+01,-2.466368133738056301e+00,0.000000000000000000e+00,4.485590445882221999e+00,4.360415047885945583e+00
-1.776734754134575496e+03,-1.037735459286188188e+03,7.228701126603608884e+01,-8.203362774695283122e+01,-2.490578880679789719e+00,0.000000000000000000e+00,4.473833004214391451e+00,4.360410940544395153e+00
-1.785017458091234403e+03,-1.038014735911031721e+03,7.228697679074903704e+01,-8.281106408299304178e+01,-2.514633671055927167e+00,0.000000000000000000e+00,4.499576942955425096e+00,4.360410130305288234e+00
-1.793379542395914314e+03,-1.038237912229140420e+03,7.228696082130788625e+01,-8.361723915341819691e+01,-2.538699599630615644e+00,0.000000000000000000e+00,4.526654745122982604e+00,4.360409604719460042e+00
-1.801821129505203317e+03,-1.038483123413892372e+03,7.228698483790365970e+01,-8.440278882556771123e+01,-2.562903838123611777e+00,0.000000000000000000e+00,4.529639974926021218e+00,4.360410014258212286e+00
-1.810341744875508084e+03,-1.038745531436939473e+03,7.228698621183757211e+01,-8.518183496732012827e+01,-2.587208309020900820e+00,0.000000000000000000e+00,4.554631331667587268e+00,4.360416342430827541e+00
-1.818942567511219067e+03,-1.039015829754084962e+03,7.228704346950078730e+01,-8.599951052509460681e+01,-2.611331333092258511e+00,0.000000000000000000e+00,4.413703313722280974e+00,4.360412262997496846e+00
-1.827623101834788713e+03,-1.039277130626225926e+03,7.228697249831725458e+01,-8.681657980164857236e+01,-2.635584281496201164e+00,0.000000000000000000e+00,4.530108618527580511e+00,4.360409335927691643e+00
-1.836382716452085560e+03,-1.039542607549542026e+03,7.228699637136250544e+01,-8.760633160478261061e+01,-2.659634094619216071e+00,0.000000000000000000e+00,4.481234672113092898e+00,4.360414952139313627e+00
-1.845222145638228540e+03,-1.039853986726982384e+03,7.228698746808902342e+01,-8.839386546891356033e+01,-2.683713250319319066e+00,0.000000000000000000e+00,4.521295351122686768e+00,4.360413627064604114e+00
-1.854140910586460905e+03,-1.040086923173460946e+03,7.228697002131758609e+01,-8.918698009341268573e+01,-2.707943771479885964e+00,0.000000000000000000e+00,4.482366859047967722e+00,4.360411855491229893e+00
-1.863139385752409908e+03,-1.040352034938033285e+03,7.228697814788733922e+01,-8.996938496602277269e+01,-2.731925906549601102e+00,0.000000000000000000e+00,4.496640900027487397e+00,4.360411807310101473e+00
-1.872217160690056062e+03,-1.040639446364260493e+03,7.228699362592303146e+01,-9.078499208843152246e+01,-2.756253308838721328e+00,0.000000000000000000e+00,4.478412220771295082e+00,4.360415932630385072e+00
-1.881374476653956208e+03,-1.040888227076140083e+03,7.228700231579905733e+01,-9.157010248009615339e+01,-2.780414007572925339e+00,0.000000000000000000e+00,4.535988287590291712e+00,4.360415899619215274e+00
-1.890611730348716264e+03,-1.041195829121795214e+03,7.228695956715380078e+01,-9.234723341723170620e+01,-2.804388581712765394e+00,0.000000000000000000e+00,4.534213871962894160e+00,4.360410196378661674e+00
-1.899928008595333267e+03,-1.041495535332575855e+03,7.228694462203728222e+01,-9.311262617177185064e+01,-2.828767049906546038e+00,0.000000000000000000e+00,4.508762821730996961e+00,4.360413761833438429e+00
-1.909324390794439296e+03,-1.041768734303606834e+03,7.228695532297814452e+01,-9.395548329221017525e+01,-2.852795160641931727e+00,0.000000000000000000e+00,4.483515008776096877e+00,4.360409334477784782e+00
-1.918799795794742067e+03,-1.042063910122089055e+03,7.228695629787797827e+01,-9.474969364032627084e+01,-2.876981283734982409e+00,0.000000000000000000e+00,4.533891043741268945e+00,4.360411650903737169e+00
-1.928355091484619379e+03,-1.042351289264870729e+03,7.228698967195791170e+01,-9.558694496264959639e+01,-2.901220736870440131e+00,0.000000000000000000e+00,4.529831142534667343e+00,4.360418457635829803e+00
-1.937989835612818524e+03,-1.042616068561974316e+03,7.228697281571763256e+01,-9.635220217687998456e+01,-2.925326324977653325e+00,0.000000000000000000e+00,4.465635880604486907e+00,4.360411497056285057e+00
-1.947703894394022427e+03,-1.042935477985286752e+03,7.228700245561608995e+01,-9.711742653625807975e+01,-2.949466187959710606e+00,0.000000000000000000e+00,4.511429277855372177e+00,4.360414453818469482e+00
-1.957497773879041915e+03,-1.043217974393266331e+03,7.228698884727721463e+01,-9.795323740838722415e+01,-2.973554039602252619e+00,0.000000000000000000e+00,4.447486127710686965e+00,4.360411710634248372e+00
-1.967371042863455841e+03,-1.043544410418324787e+03,7.228695355111928222e+01,-9.875038761720264802e+01,-2.997609351151789614e+00,0.000000000000000000e+00,4.481439399840486892e+00,4.360417951749830934e+00
-1.977324134279363761e+03,-1.043829703623078103e+03,7.228698289629620888e+01,-9.954406899901925954e+01,-3.021928673442916935e+00,0.000000000000000000e+00,4.508915686102620057e+00,4.360409672522095548e+00
