3.641277972390455631e+01,-2.215306349478949333e+00,9.268128434223206202e-01,-1.445627569171786461e-02,3.033914785430101568e-02,0.000000000000000000e+00,1.503315135635451494e+00,2.999772937423359043e+00
3.649736831668909076e+01,-2.107582780388204569e+00,9.408918805886641312e-01,1.104785165859602403e+00,1.621878700527136230e+00,0.000000000000000000e+00,1.480165180866875207e+00,3.000054970605256166e+00
3.660287925575188694e+01,-1.813345286010694002e+00,9.343110060955920337e-01,9.759021525201120317e-01,1.637784025329593440e+00,0.000000000000000000e+00,1.492068558515250221e+00,3.000056381171976927e+00
3.669977458306379248e+01,-1.747575588051196727e+00,9.332813181854754392e-01,1.392955361937836978e+00,1.583698893772622629e+00,0.000000000000000000e+00,1.502331139437122376e+00,2.999869550485127601e+00
3.687668731974426350e+01,-1.526037485851703623e+00,9.405868879441425801e-01,1.144511389374118782e+00,1.582161581794182093e+00,0.000000000000000000e+00,1.492513908769249387e+00,3.000094046241518431e+00
3.691764997395476655e+01,-1.327983348029864619e+00,9.325204456886625470e-01,1.372571012992123807e+00,1.625836153856864863e+00,0.000000000000000000e+00,1.492037145294830225e+00,3.000049693304405185e+00
3.697310951215064989e+01,-1.111384676163446494e+00,9.405983912242800171e-01,1.123271258903391745e+00,1.615241812112283348e+00,0.000000000000000000e+00,1.496722334402698085e+00,2.999935632741190350e+00
3.724677800443392073e+01,-1.003770570508109916e+00,9.435079443272458288e-01,9.205042462368109302e-01,1.608201334616100819e+00,0.000000000000000000e+00,1.508605274517437866e+00,3.000096811263623486e+00
3.732718511133163020e+01,-7.772173758792293441e-01,9.369522151367218887e-01,1.344698389097492619e+00,1.620925132947305558e+00,0.000000000000000000e+00,1.487848424317281371e+00,2.999964018347842210e+00
3.747608261713722300e+01,-6.824525700454878718e-01,9.321570820409532665e-01,1.437624628007873717e+00,1.610166861410439854e+00,0.000000000000000000e+00,1.520088890840474383e+00,3.000076982214629151e+00
3.761665010993083769e+01,-5.215526120624784934e-01,9.293201628931018199e-01,1.435182967854278013e+00,1.636802361568955977e+00,0.000000000000000000e+00,1.480971055207646492e+00,3.000030148180106604e+00
3.767196024540812260e+01,-3.682200195608247850e-01,9.376792102894628833e-01,1.004818993549054795e+00,1.625419912685140966e+00,0.000000000000000000e+00,1.510652253483333318e+00,3.000007494877288128e+00
3.771946465539846116e+01,-1.971064771465199095e-01,9.326477761444686987e-01,1.255376963589420525e+00,1.630263565138735160e+00,0.000000000000000000e+00,1.508729233621909360e+00,2.999916609262854195e+00
3.790948194792402148e+01,-5.775494700725856273e-02,9.397289630137359850e-01,1.217172847053734630e+00,1.612231847751071534e+00,0.000000000000000000e+00,1.491457736905920761e+00,3.000332418872872164e+00
3.799449471641948861e+01,8.447706913361496817e-02,9.415378060782230163e-01,1.238996877212381831e+00,1.622838127612824755e+00,0.000000000000000000e+00,1.492050480047318883e+00,3.000089052287718161e+00
3.809772146316269925e+01,2.718753152600035805e-01,9.404606054467570253e-01,1.240650165287479068e+00,1.599348504399126014e+00,0.000000000000000000e+00,1.511486525499148748e+00,3.000076617722459815e+00
3.831825043974773592e+01,4.049259918936692348e-01,9.379664689676141531e-01,1.066118793753672911e+00,1.619109670973618798e+00,0.000000000000000000e+00,1.490999713350672939e+00,2.999832090390371686e+00
3.836935291463062470e+01,6.150286239926726628e-01,9.450550385193998704e-01,1.183186719441282841e+00,1.610470425326581578e+00,0.000000000000000000e+00,1.486529702953828025e+00,3.000144133818729575e+00
3.847030711582422668e+01,7.691535670403605307e-01,9.406540828026507262e-01,1.108342678203037002e+00,1.631690200813620484e+00,0.000000000000000000e+00,1.484539255511628575e+00,3.000030506446656364e+00
3.851255816559051226e+01,9.514741947928736510e-01,9.214917992351204790e-01,6.215903903810047204e-01,1.597105704442407292e+00,0.000000000000000000e+00,1.499401848344208643e+00,3.000074449595004911e+00
3.881071971972067303e+01,1.098624496265701911e+00,9.363125500694372549e-01,1.291262519946614118e+00,1.600040006366720169e+00,0.000000000000000000e+00,1.497306977159443608e+00,3.000133619832321852e+00
3.878598654081248753e+01,1.139735932875393321e+00,9.369046745366984563e-01,1.282347352901418658e+00,1.606514729140808617e+00,0.000000000000000000e+00,1.498481285663788354e+00,3.000304768833628177e+00
3.895853061695252251e+01,1.374732061795854499e+00,9.462844648789481283e-01,1.157645925101084217e+00,1.609183613377743960e+00,0.000000000000000000e+00,1.507873214738926215e+00,3.000237927077576749e+00
3.914474294798384335e+01,1.598649114751493849e+00,9.355191390767854109e-01,1.410682066089547604e+00,1.624867517310794485e+00,0.000000000000000000e+00,1.498875327635045052e+00,3.000138620360210506e+00
3.914375838931365337e+01,1.691953912559730711e+00,9.389831666945849253e-01,1.193567752262805870e+00,1.614229265657885826e+00,0.000000000000000000e+00,1.514322131544646233e+00,2.999839482812863167e+00
3.933819793336044057e+01,1.798692153700516494e+00,9.394005511617700144e-01,1.404082814192634476e+00,1.601744173260972293e+00,0.000000000000000000e+00,1.493000941807749005e+00,3.000304874694241786e+00
3.937154901046653777e+01,2.083304393473000893e+00,9.343205803845192614e-01,1.600117647210369309e+00,1.628752190929797727e+00,0.000000000000000000e+00,1.517087292428060730e+00,2.999908661360577877e+00
3.972221605345534101e+01,2.157352282756419104e+00,9.324374872987213347e-01,1.197040599086079071e+00,1.614945681932517862e+00,0.000000000000000000e+00,1.515859122205634790e+00,2.999942228038035008e+00
3.968130746676609988e+01,2.328166897188806317e+00,9.327154960435699582e-01,1.235033438889027169e+00,1.623685443788589922e+00,0.000000000000000000e+00,1.483269138517370189e+00,3.000163949159093235e+00
3.974650688014219924e+01,2.539728195646911324e+00,9.478939449849101972e-01,9.543497561516571803e-01,1.616208407945713521e+00,0.000000000000000000e+00,1.489180596736237039e+00,3.000228659175128598e+00
3.992654705393956505e+01,2.627448241397529749e+00,9.358873540769065968e-01,1.466732609177614943e+00,1.624529987909397510e+00,0.000000000000000000e+00,1.501196419441400476e+00,3.000037050327853727e+00
4.005720638094973651e+01,2.902395679630286995e+00,9.429107417009930936e-01,1.365325385941957625e+00,1.606872318043184755e+00,0.000000000000000000e+00,1.509472731044887883e+00,2.999820048096028646e+00
4.012664397892460499e+01,2.979900814751132554e+00,9.462048661414635964e-01,8.334023158807351006e-01,1.622837786513924074e+00,0.000000000000000000e+00,1.504975632754896209e+00,3.000138931660321528e+00
4.027135794529049662e+01,3.181790870406013383e+00,9.349567045360898110e-01,1.218809671216210422e+00,1.609029384359587977e+00,0.000000000000000000e+00,1.511396381486963980e+00,2.999885557940271230e+00
4.047499820807569648e+01,3.271606597049856902e+00,9.353491219993136374e-01,1.597414386970779976e+00,1.607575690805706392e+00,0.000000000000000000e+00,1.503573660523162880e+00,2.999879608297981282e+00
4.042087299088691310e+01,3.497072963499132658e+00,9.295301995543210349e-01,1.259845441967800905e+00,1.602407331255326417e+00,0.000000000000000000e+00,1.529273116434922919e+00,3.000135244940840717e+00
4.054491432133008999e+01,3.684637945142959836e+00,9.338636918653051566e-01,1.308659249523190127e+00,1.634901500305802724e+00,0.000000000000000000e+00,1.497592110496567486e+00,3.000313601155064624e+00
4.075229297490923841e+01,3.827168127785446128e+00,9.285041934382832762e-01,9.020668022577932321e-01,1.617478744753734654e+00,0.000000000000000000e+00,1.502392046733631581e+00,3.000041707967166627e+00
4.080398936702476220e+01,3.987779225732020372e+00,9.365338883656620927e-01,1.550471802016815115e+00,1.613500975519150948e+00,0.000000000000000000e+00,1.489771708714418663e+00,2.999981847969132254e+00
4.103661988991351706e+01,4.139587304973471937e+00,9.423047846287693208e-01,1.147073157787278364e+00,1.606584398447155504e+00,0.000000000000000000e+00,1.500898328787575675e+00,2.999927880514199785e+00
4.115084478062221507e+01,4.263652430863507981e+00,9.324450846016291150e-01,1.233072883318502067e+00,1.612252741085435037e+00,0.000000000000000000e+00,1.495142805022484866e+00,3.000139811854333427e+00
4.129221311095410130e+01,4.391699832758329869e+00,9.351038385801138109e-01,1.067461095587925346e+00,1.623569950190729028e+00,0.000000000000000000e+00,1.493893638960036352e+00,3.000006776458603142e+00
4.141691419438961219e+01,4.549985522730289667e+00,9.254346279858279845e-01,1.238239801396774586e+00,1.591984315555795337e+00,0.000000000000000000e+00,1.514958514110633203e+00,2.999888319847032303e+00
4.135663508704954694e+01,4.780713090768990092e+00,9.420269347594538711e-01,1.599901064647019755e+00,1.611786147189620655e+00,0.000000000000000000e+00,1.522400420792969333e+00,3.000177638083997067e+00
4.143512684747816621e+01,4.959466044769395232e+00,9.261721203999927488e-01,1.150993381560353690e+00,1.622732399580561147e+00,0.000000000000000000e+00,1.498474722967082062e+00,3.000062769084648640e+00
4.189817448696057056e+01,5.106143436721473527e+00,9.409777601031311667e-01,1.366717114419157220e+00,1.610340402276966953e+00,0.000000000000000000e+00,1.502246871652628268e+00,3.000111151787865360e+00
4.182236209517124337e+01,5.256179459558945055e+00,9.334483437717717713e-01,8.975634735695060540e-01,1.601287530330670172e+00,0.000000000000000000e+00,1.488946734276932693e+00,2.999932831999632565e+00
4.197043406620235118e+01,5.399634846005487709e+00,9.451168156118977537e-01,1.240813683457964167e+00,1.610199871545656913e+00,0.000000000000000000e+00,1.502819710424956323e+00,3.000067347999376910e+00
4.203911187431605612e+01,5.574582289880007480e+00,9.335213334014205167e-01,6.452199876446010895e-01,1.617171929532341235e+00,0.000000000000000000e+00,1.518077155809294254e+00,2.999874170666918083e+00
4.220439330158739466e+01,5.777505288939225103e+00,9.424366175586049721e-01,1.055579133737433395e+00,1.593053352410997547e+00,0.000000000000000000e+00,1.506352703715919006e+00,2.999968290432416307e+00
4.232496850107543906e+01,5.896877645584168270e+00,9.432991973729659696e-01,1.351043120498109040e+00,1.623735487621696949e+00,0.000000000000000000e+00,1.481505104866900124e+00,2.999977090390122836e+00
4.231941027937231325e+01,6.051955100189807979e+00,9.274394503494821640e-01,1.120512541455375599e+00,1.610424034492855982e+00,0.000000000000000000e+00,1.487728475158500041e+00,3.000087193147324527e+00
4.254097864535351192e+01,6.207976371953550121e+00,9.419667281240651224e-01,9.642736194023560081e-01,1.606524567610456034e+00,0.000000000000000000e+00,1.508732364129675707e+00,2.999977575804298802e+00
4.267474683849027883e+01,6.419305199376185378e+00,9.443297948672910724e-01,9.166853193281625511e-01,1.594383334069414238e+00,0.000000000000000000e+00,1.505155174113458560e+00,2.999996661340733617e+00
4.278503667441649583e+01,6.535716177231296165e+00,9.440851797263501988e-01,1.379401119422789312e+00,1.614901015894701475e+00,0.000000000000000000e+00,1.520707350881373099e+00,2.999869706544576964e+00
4.290408252748948570e+01,6.693865629283882512e+00,9.359013690826665233e-01,1.205124869224100559e+00,1.578638713895733847e+00,0.000000000000000000e+00,1.511826053365479483e+00,2.999859041379908220e+00
4.305884108812018241e+01,6.840979549186461561e+00,9.416261295293283373e-01,1.801119453851234731e+00,1.623591591425606273e+00,0.000000000000000000e+00,1.499270016883895273e+00,2.999828594011785921e+00
4.302559737683213825e+01,6.984249207484287680e+00,9.358522764988311815e-01,1.459221630034013062e+00,1.605697130067645029e+00,0.000000000000000000e+00,1.500274016942586996e+00,3.000004080100751924e+00
4.326132990929936994e+01,7.071529502339950035e+00,9.432369704281032829e-01,1.063268097004732349e+00,1.618508592091341569e+00,0.000000000000000000e+00,1.503841174770696343e+00,2.999768832975652444e+00
4.317617445607431392e+01,7.366884827269566394e+00,9.359308701413961984e-01,8.217945731616574934e-01,1.619724264674165859e+00,0.000000000000000000e+00,1.488793850125714080e+00,2.999977890864719665e+00
4.347080172454611358e+01,7.490168978929234278e+00,9.397943306754407145e-01,1.206544957940868468e+00,1.625047651531904114e+00,0.000000000000000000e+00,1.526118116203179609e+00,2.999922283480331409e+00
4.354265324596783415e+01,7.649532165291230257e+00,9.393480120658121990e-01,1.025633231010265378e+00,1.620552765642929716e+00,0.000000000000000000e+00,1.501483236331156101e+00,3.000148695175547608e+00
4.358661981027444199e+01,7.871507045683642900e+00,9.341195388248284548e-01,1.513569618458072252e+00,1.610070276104801135e+00,0.000000000000000000e+00,1.478216823876839614e+00,2.999949231287574403e+00
4.387135138270100754e+01,7.983716950839790272e+00,9.330299374161545867e-01,1.188772767108234429e+00,1.603765255764454389e+00,0.000000000000000000e+00,1.538466840262381563e+00,2.999779028555610072e+00
4.385812232842388880e+01,8.207850359461659195e+00,9.368110999121691540e-01,1.590166692229947554e+00,1.633467844283817527e+00,0.000000000000000000e+00,1.487568086037181159e+00,2.999920641161787138e+00
4.394413494966745048e+01,8.242602116366226639e+00,9.373461636518386486e-01,1.278883978002038457e+00,1.640991691845518741e+00,0.000000000000000000e+00,1.507505609245004319e+00,2.999651802343060059e+00
4.420287317941729555e+01,8.561888356296940117e+00,9.413267575394925757e-01,1.561124896223334169e+00,1.620390388781234092e+00,0.000000000000000000e+00,1.485941678237284957e+00,3.000047812958722471e+00
4.434888579419530430e+01,8.565363765290467057e+00,9.390065583227692469e-01,1.615710398369714085e+00,1.605048356269348275e+00,0.000000000000000000e+00,1.496989596158747160e+00,3.000011930702495722e+00
4.444325259935460792e+01,8.688379698335580770e+00,9.361752741339862682e-01,1.223832764192211986e+00,1.617541315406789248e+00,0.000000000000000000e+00,1.500080718395804702e+00,2.999990820978355011e+00
4.449611789718562704e+01,8.961775370335860913e+00,9.331447128923509027e-01,1.054721847272350965e+00,1.618777519584503999e+00,0.000000000000000000e+00,1.485996989095831777e+00,3.000050268804185905e+00
4.466105909901173732e+01,9.079691997323580566e+00,9.430341795227126234e-01,1.025402036285509189e+00,1.604660679106037602e+00,0.000000000000000000e+00,1.497640811847585907e+00,2.999936712480910650e+00
4.479327326321652691e+01,9.296562008633832974e+00,9.372591747742690105e-01,1.324913884545753984e+00,1.586205052569501506e+00,0.000000000000000000e+00,1.509181817288586691e+00,3.000156363387079583e+00
4.497308184611267734e+01,9.566242993835452069e+00,9.374412376494849486e-01,1.323451775929181284e+00,1.614751898467241098e+00,0.000000000000000000e+00,1.499970672897736446e+00,3.000168886184502615e+00
4.503396161084796034e+01,9.636290775517117879e+00,9.497237639946730647e-01,1.249428623707016683e+00,1.613972669192949683e+00,0.000000000000000000e+00,1.511570982487256298e+00,2.999847841758972233e+00
4.521109816517728319e+01,9.758663154462704270e+00,9.363115665234519325e-01,1.243293587708920622e+00,1.598485827234996881e+00,0.000000000000000000e+00,1.494123155861182939e+00,3.000073594877229688e+00
4.519800103086796383e+01,9.940941294821984187e+00,9.403045237560309078e-01,8.846663683745482620e-01,1.601001903223323808e+00,0.000000000000000000e+00,1.502586667025439526e+00,3.000065127400547205e+00
4.547465275618758795e+01,1.010613162093695472e+01,9.475375273056465542e-01,7.336644757094312741e-01,1.625948007875332335e+00,0.000000000000000000e+00,1.508866369419237241e+00,2.999981118783843215e+00
4.552750236126779981e+01,1.030334244069783445e+01,9.272064952174057240e-01,8.256896678034679748e-01,1.604754440416099825e+00,0.000000000000000000e+00,1.494675478936544399e+00,2.999723351630923851e+00
4.553177622809380409e+01,1.044407720774737847e+01,9.391143146117688634e-01,9.799011851831377351e-01,1.608654675111694132e+00,0.000000000000000000e+00,1.493949080966276322e+00,2.999874263115217765e+00
4.573176184656051646e+01,1.061586862845597246e+01,9.450269091877372407e-01,1.072870372424308272e+00,1.634595572081668724e+00,0.000000000000000000e+00,1.495808002405576875e+00,2.999896821893375254e+00
4.579422068205796137e+01,1.075917893046765172e+01,9.412887503425880764e-01,1.472857469667062658e+00,1.627665244216001561e+00,0.000000000000000000e+00,1.539469709284748911e+00,3.000071341751664011e+00
4.591662010736241939e+01,1.090718742704645372e+01,9.378445605202432311e-01,1.133692559982109049e+00,1.598721782634743738e+00,0.000000000000000000e+00,1.499258396242275193e+00,3.000220976937542083e+00
4.603429036358958371e+01,1.108253299087672161e+01,9.374353096463278190e-01,1.565443431535262997e+00,1.586249443528645164e+00,0.000000000000000000e+00,1.511113585573704787e+00,2.999851582426584784e+00
4.616014444484923729e+01,1.119205657404541832e+01,9.390717654959412908e-01,9.199191437802716198e-01,1.602431595096209138e+00,0.000000000000000000e+00,1.508434508169388844e+00,2.999988944830744853e+00
4.629640783611161936e+01,1.136229188626349895e+01,9.374271465795827041e-01,8.472286215017088562e-01,1.651548908667078264e+00,0.000000000000000000e+00,1.511573205177362267e+00,2.999926411258326375e+00
4.650062681014081534e+01,1.143479304724189660e+01,9.473703942338774775e-01,1.594481300515016908e+00,1.602746171789743990e+00,0.000000000000000000e+00,1.505555371973889223e+00,3.000110179850048908e+00
4.641347045064740229e+01,1.167201078489089205e+01,9.407713394649867000e-01,1.338646186099172741e+00,1.590970323132257835e+00,0.000000000000000000e+00,1.489484571475137464e+00,3.000048187391283427e+00
4.674960003236721207e+01,1.188695795609095818e+01,9.450622389565681569e-01,1.276639842077643472e+00,1.588616951617236595e+00,0.000000000000000000e+00,1.494198209156923696e+00,2.999662943999146680e+00
4.686737036736266759e+01,1.209245083635487106e+01,9.383215330599357085e-01,1.233452947597407201e+00,1.651153993245095819e+00,0.000000000000000000e+00,1.498691184962347878e+00,2.999971020791110998e+00
4.689851166503797231e+01,1.218531864538886644e+01,9.391950411810870980e-01,1.083468421827981976e+00,1.595572370302962728e+00,0.000000000000000000e+00,1.513371415381523644e+00,2.999967145288216841e+00
4.696823633244077456e+01,1.233957168360718448e+01,9.418045572005464550e-01,1.163595616529164101e+00,1.616057491241838173e+00,0.000000000000000000e+00,1.497067686881363713e+00,3.000186184451011151e+00
4.707103359471626192e+01,1.248887167684558008e+01,9.307620952227352307e-01,1.270269318903124889e+00,1.592321852990904008e+00,0.000000000000000000e+00,1.502050633193929841e+00,2.999756338522524768e+00
4.733284196433512392e+01,1.263660630095174753e+01,9.326747471329204231e-01,1.435670792915115124e+00,1.613976207739853841e+00,0.000000000000000000e+00,1.513405864075174856e+00,3.000015197684388291e+00
4.729510089357458469e+01,1.290858941029403795e+01,9.350658655799697350e-01,1.108257510270417301e+00,1.633570109608072807e+00,0.000000000000000000e+00,1.496376846188829823e+00,2.999992975881260460e+00
4.749560754856839395e+01,1.302263250780836934e+01,9.335900773881355974e-01,1.475457427899129925e+00,1.623623518697187240e+00,0.000000000000000000e+00,1.505158627022514573e+00,3.000231933906319259e+00
4.746890956204521927e+01,1.312941832094534611e+01,9.432592273907162150e-01,7.829885170810337858e-01,1.592288794681806285e+00,0.000000000000000000e+00,1.522191057791964175e+00,3.000071954073088687e+00
4.782644463060750439e+01,1.332401975918546810e+01,9.344499890051010116e-01,1.155832852282241863e+00,1.636232010477058019e+00,0.000000000000000000e+00,1.492973667651892766e+00,2.999820477756007353e+00
4.794596359320538426e+01,1.345169486017237759e+01,9.387148497951628423e-01,1.084712443384781011e+00,1.628355575810489730e+00,0.000000000000000000e+00,1.508914937937052114e+00,2.999695375341586256e+00
4.791304314721140400e+01,1.366468049876631063e+01,9.353708940287941420e-01,1.086410593579915984e+00,1.633182997051048524e+00,0.000000000000000000e+00,1.519745252324476326e+00,3.000262306192566175e+00
4.799381858361716269e+01,1.375697871126044269e+01,9.308353694442920157e-01,1.134946045731098696e+00,1.614167047795376231e+00,0.000000000000000000e+00,1.506957531355830548e+00,2.999780490882821837e+00
4.813816602269812961e+01,1.389627758735171881e+01,9.401918037823531193e-01,1.585059512145348348e+00,1.610649381799674540e+00,0.000000000000000000e+00,1.499723446557537532e+00,2.999912132759178007e+00
4.830983088353651311e+01,1.414825417882898684e+01,9.497914572498846741e-01,1.435873202004078530e+00,1.622513042821130957e+00,0.000000000000000000e+00,1.510161092239363345e+00,3.000111122627370897e+00
4.844540896896825188e+01,1.429472287874130920e+01,9.389308501158326603e-01,1.381624257306585335e+00,1.599222455620615380e+00,0.000000000000000000e+00,1.498201325552276808e+00,2.999934598816045739e+00
4.858285618926255012e+01,1.447729813030423784e+01,9.266095719405335052e-01,8.981725590216493860e-01,1.642265396304716907e+00,0.000000000000000000e+00,1.499761460417747827e+00,3.000004237563091980e+00
4.870033871081317045e+01,1.471220183092274425e+01,9.400652332961323410e-01,1.421898013634743219e+00,1.624319974421452040e+00,0.000000000000000000e+00,1.505106130262058306e+00,2.999981494328723741e+00
4.888048185562940517e+01,1.471858349842500502e+01,9.297774455306437869e-01,1.037526229678180423e+00,1.599218216819209504e+00,0.000000000000000000e+00,1.504371334321745968e+00,3.000189466207438205e+00
4.899207657631405510e+01,1.489527124487670307e+01,9.410156460787733046e-01,1.477860745818311949e+00,1.597741087473945054e+00,0.000000000000000000e+00,1.494408291669711675e+00,2.999967092666275370e+00
4.904952152719230440e+01,1.511733700022588778e+01,9.406824960377780931e-01,1.151225965903023729e+00,1.612218053808199159e+00,0.000000000000000000e+00,1.495024344798884908e+00,2.999953295305846979e+00
4.927175351309205098e+01,1.521218597746553058e+01,9.326929195514451765e-01,1.427096688709736938e+00,1.608636415140051623e+00,0.000000000000000000e+00,1.503316025132337419e+00,2.999887787415902007e+00
4.924131706442785372e+01,1.545009196674723384e+01,9.373762000611581824e-01,1.492709546671834975e+00,1.625235353907387159e+00,0.000000000000000000e+00,1.525095266911715042e+00,3.000212340024447588e+00
4.928434151393556562e+01,1.562773350974551079e+01,9.351724140120356576e-01,1.311512706434038167e+00,1.611946270778324308e+00,0.000000000000000000e+00,1.514210305977441440e+00,2.999926506567100581e+00
4.949641420313091089e+01,1.577814769906318304e+01,9.419753420743308681e-01,9.471988105683389891e-01,1.598538501752341245e+00,0.000000000000000000e+00,1.489962366432363794e+00,2.999778365771287536e+00
4.961307973083710721e+01,1.587588833821311241e+01,9.322542797906122614e-01,1.155568941295773921e+00,1.612084422490081437e+00,0.000000000000000000e+00,1.496086824698206863e+00,2.999964299786505251e+00
4.981486808399387911e+01,1.602118564803674161e+01,9.337757096278787028e-01,1.193170587956746465e+00,1.626423570970877419e+00,0.000000000000000000e+00,1.483155328660141992e+00,3.000115315123824455e+00
4.996381108614377098e+01,1.629213457790524089e+01,9.324892270354444568e-01,9.248841363370551294e-01,1.622737694849829770e+00,0.000000000000000000e+00,1.505367739931563031e+00,3.000084063609709695e+00
5.002721196716770180e+01,1.648525983327579070e+01,9.375570086860388619e-01,1.284369502480043224e+00,1.616417167891835538e+00,0.000000000000000000e+00,1.522503858556721879e+00,2.999891223267566964e+00
5.009370544865930697e+01,1.663526596843341920e+01,9.387519067159403319e-01,1.585947997295062084e+00,1.622822494354774880e+00,0.000000000000000000e+00,1.504261259102439796e+00,2.999745189950084434e+00
5.014053933317280354e+01,1.668671801488442696e+01,9.369286532115809196e-01,1.468434067750794103e+00,1.617050693237618741e+00,0.000000000000000000e+00,1.494747321669320339e+00,3.000127371977624247e+00
5.036730658262336391e+01,1.683759667797726323e+01,9.402308155443194204e-01,1.103631652472761626e+00,1.617143138121073243e+00,0.000000000000000000e+00,1.495199860760783261e+00,2.999876948107749630e+00
5.040707221947334205e+01,1.702699415362911850e+01,9.403280622381795517e-01,1.096997822584339088e+00,1.583123696241385714e+00,0.000000000000000000e+00,1.493168979905877158e+00,2.999864161867110912e+00
5.062029694869177376e+01,1.715820626328788023e+01,9.390779479178992251e-01,1.274982568031855612e+00,1.625666421179415400e+00,0.000000000000000000e+00,1.490962016211114349e+00,3.000040156940168234e+00
5.061794731619333021e+01,1.737325844395543584e+01,9.381505935313705358e-01,1.214920768210637769e+00,1.625015562984178263e+00,0.000000000000000000e+00,1.489737433933700173e+00,2.999944604509389379e+00
5.083484449715413689e+01,1.747379963165089833e+01,9.431135271559991651e-01,7.304847837154060386e-01,1.605625188722232366e+00,0.000000000000000000e+00,1.514327686044111276e+00,2.999892104072010124e+00
5.100096725966456290e+01,1.769237687516888258e+01,9.397436610455944805e-01,1.554397179754112734e+00,1.614884357222053479e+00,0.000000000000000000e+00,1.486931088348439012e+00,2.999815697271816184e+00
5.110866582340388931e+01,1.779806390278695361e+01,9.353920904765616884e-01,1.387564023265411395e+00,1.600051164388343716e+00,0.000000000000000000e+00,1.474776971902817868e+00,2.999748894284101741e+00
5.118020852280602639e+01,1.807825163039927574e+01,9.334969881611596687e-01,9.536258580134850948e-01,1.595749019766534937e+00,0.000000000000000000e+00,1.488082584930787933e+00,3.000073474769542781e+00
5.128957462565981018e+01,1.812260991064055560e+01,9.387050242139352019e-01,1.115276187508120742e+00,1.608347083435294422e+00,0.000000000000000000e+00,1.501290812138725839e+00,3.000077224738500803e+00
5.139545270122364684e+01,1.832799015945926158e+01,9.334511326480504634e-01,1.152504478511446440e+00,1.623477156280803246e+00,0.000000000000000000e+00,1.501413583225402748e+00,2.999985179434779603e+00
5.155841503940792592e+01,1.843085912955807970e+01,9.299127041840520302e-01,7.252965887633022746e-01,1.604786316730452578e+00,0.000000000000000000e+00,1.539800234037203008e+00,3.000241931355681846e+00
5.163038684744735463e+01,1.862816624687733835e+01,9.330519929309790683e-01,1.229538118187268214e+00,1.625755718023978114e+00,0.000000000000000000e+00,1.519901645821984060e+00,2.999752112304951535e+00
5.171740919779952605e+01,1.877398356983777461e+01,9.367711616358880278e-01,1.235324125863933142e+00,1.639375249666220391e+00,0.000000000000000000e+00,1.496525623218029066e+00,2.999990485156297293e+00
5.183113708254515473e+01,1.898854826133229778e+01,9.359972252148636152e-01,7.697067705881979194e-01,1.621529974450974576e+00,0.000000000000000000e+00,1.510267883485958640e+00,3.000121254255219139e+00
5.204268212912884195e+01,1.912086701560558311e+01,9.433267021021546350e-01,1.074789780755056379e+00,1.613442037798674900e+00,0.000000000000000000e+00,1.496760299911343406e+00,3.000070602872218828e+00
5.223774623324020894e+01,1.925108017360118851e+01,9.321143417744200965e-01,1.504856958308783188e+00,1.606232338482040500e+00,0.000000000000000000e+00,1.524896017751568689e+00,2.999970028573823555e+00
5.227981617393863445e+01,1.949616025851951306e+01,9.300757363816917200e-01,8.384095626151688574e-01,1.609815078955574519e+00,0.000000000000000000e+00,1.504755045037407202e+00,3.000010206979139671e+00
5.239158586063416578e+01,1.965687229908989764e+01,9.509031066575656110e-01,1.294092015996165967e+00,1.618736880219841634e+00,0.000000000000000000e+00,1.523258674490231890e+00,3.000147478074167040e+00
5.260955748789693587e+01,1.981615555699960396e+01,9.394033984517902169e-01,1.384685602377865088e+00,1.614422676703569870e+00,0.000000000000000000e+00,1.490375262548291113e+00,3.000093603059887926e+00
5.261338126453592423e+01,2.000091406979110786e+01,9.442191404490258844e-01,9.417775465076939634e-01,1.602634653111874918e+00,0.000000000000000000e+00,1.522380439711014777e+00,2.999968426776329355e+00
5.267065288436179316e+01,2.007440862889731292e+01,9.404383040083785783e-01,9.484673714229527874e-01,1.622618448131785573e+00,0.000000000000000000e+00,1.505032245357269094e+00,3.000400381706271435e+00
5.276989998832989670e+01,2.023919186416212312e+01,9.382398026594036544e-01,8.623890778555127756e-01,1.613326914707690074e+00,0.000000000000000000e+00,1.499383658310828871e+00,3.000013157087485727e+00
5.291200337309770418e+01,2.048551375136326769e+01,9.368716803282604033e-01,1.414596891149149105e+00,1.599052032485541508e+00,0.000000000000000000e+00,1.502137120293410399e+00,3.000138282673596279e+00
5.309198204289460676e+01,2.055335613808298945e+01,9.398336463046134126e-01,1.002829174751162844e+00,1.623246599192950335e+00,0.000000000000000000e+00,1.505728577270706747e+00,2.999919271789481368e+00
5.316473426567888794e+01,2.075507663529058533e+01,9.349059106642553241e-01,1.294881509200338510e+00,1.606987593584251028e+00,0.000000000000000000e+00,1.495338698699184787e+00,3.000230067688479885e+00
5.324564496659302648e+01,2.091134623057823561e+01,9.372449726474362253e-01,1.217846711450355945e+00,1.600114801248470942e+00,0.000000000000000000e+00,1.494361461727704343e+00,3.000106739095353525e+00
5.350465997326077883e+01,2.107926947041382704e+01,9.402684801219018951e-01,1.177155377163314531e+00,1.639497823094206774e+00,0.000000000000000000e+00,1.504922425901485283e+00,3.000101000489799219e+00
5.363623182040174697e+01,2.125760996842249995e+01,9.258250559282472647e-01,9.922992778766378530e-01,1.605489723179875039e+00,0.000000000000000000e+00,1.505331680384753845e+00,2.999891379956217463e+00
5.366357249960067577e+01,2.142384480438552075e+01,9.485337906686835963e-01,1.492623152684872778e+00,1.614795733296932045e+00,0.000000000000000000e+00,1.506921477608773152e+00,2.999739062932133216e+00
5.382200361833060498e+01,2.159101354999292965e+01,9.393331558147905991e-01,1.055060785456187755e+00,1.618539312638804795e+00,0.000000000000000000e+00,1.494572348317772637e+00,2.999864213567609461e+00
5.385046818756504905e+01,2.170552646736756586e+01,9.360401552032879824e-01,1.083311896887825032e+00,1.631132267069030917e+00,0.000000000000000000e+00,1.497354076290388747e+00,3.000051823874104073e+00
5.409616373253998489e+01,2.185339491153720815e+01,9.382826101367984784e-01,1.700236017342789063e+00,1.593800500083156768e+00,0.000000000000000000e+00,1.482239674226943471e+00,2.999974855383961359e+00
5.415035151134108560e+01,2.205963022180644373e+01,9.352670985238963342e-01,1.274102798370758904e+00,1.628391199475054174e+00,0.000000000000000000e+00,1.505979894867970348e+00,3.000102944696702245e+00
5.412609184784325578e+01,2.215430391210966832e+01,9.328958166462318902e-01,1.006704674712026737e+00,1.608942287934110205e+00,0.000000000000000000e+00,1.515773702176784088e+00,2.999997408802322685e+00
5.430438702748750757e+01,2.227352395710880373e+01,9.341954143383567333e-01,1.229938172237089899e+00,1.606846768927986391e+00,0.000000000000000000e+00,1.487807919803586287e+00,2.999943396672939855e+00
5.438689422461884249e+01,2.253295033201174036e+01,9.462075883506073648e-01,9.558767066832077886e-01,1.606898412904283591e+00,0.000000000000000000e+00,1.488240930366752757e+00,2.999782456674674691e+00
5.452028706216513854e+01,2.272481468968619467e+01,9.491013273858828203e-01,1.119711473530645263e+00,1.606179058519394465e+00,0.000000000000000000e+00,1.509827466198297996e+00,2.999928098481936978e+00
5.471836810661541506e+01,2.283708693294611436e+01,9.425170979069786847e-01,9.166468231596037741e-01,1.611079152919085544e+00,0.000000000000000000e+00,1.498849090160987663e+00,2.999872457093004652e+00
5.485790476641299307e+01,2.303836845400009281e+01,9.355142365902802126e-01,7.550511324419765247e-01,1.618179363960007500e+00,0.000000000000000000e+00,1.492903957975813878e+00,3.000019302229508966e+00
5.502899371297356623e+01,2.311749272980655334e+01,9.414202381510763384e-01,1.380879068564620171e+00,1.617051139660268255e+00,0.000000000000000000e+00,1.497352697481958872e+00,2.999963053937483526e+00
5.505736032201019015e+01,2.340113761016889526e+01,9.337344250687101832e-01,1.157575173092471266e+00,1.617425925285747690e+00,0.000000000000000000e+00,1.476770300711481410e+00,2.999983522210160736e+00
5.524360405981005329e+01,2.345421293302977261e+01,9.380348775805473771e-01,7.147024887069610699e-01,1.604229045950649191e+00,0.000000000000000000e+00,1.479342164929600578e+00,2.999882077538385872e+00
5.546371364559051642e+01,2.365536472809263913e+01,9.365381038072472242e-01,1.366731219463761082e+00,1.615573414631295668e+00,0.000000000000000000e+00,1.485792739042383515e+00,3.000409176757484087e+00
5.529706936070097356e+01,2.376532840017430814e+01,9.367957271805080754e-01,1.178351959945205918e+00,1.594697277682573411e+00,0.000000000000000000e+00,1.506380121158660934e+00,3.000103963748101510e+00
5.548891273826613002e+01,2.390758599932096118e+01,9.354637020402163383e-01,1.499680591925709461e+00,1.611388930810258913e+00,0.000000000000000000e+00,1.499030522038422575e+00,3.000199148497559420e+00
5.551861522154731432e+01,2.410389664600874582e+01,9.426272745947371634e-01,1.067820144958048223e+00,1.597863469470653053e+00,0.000000000000000000e+00,1.482707835621364101e+00,2.999971228869333650e+00
5.569135899761718633e+01,2.423638462006963223e+01,9.360136325190936413e-01,9.252197117074676402e-01,1.619159938826348011e+00,0.000000000000000000e+00,1.501089229675898196e+00,3.000055229283287606e+00
5.584827919507676341e+01,2.447747210417938390e+01,9.339884465066061736e-01,1.292669105064675250e+00,1.619615154712771954e+00,0.000000000000000000e+00,1.499860678427706651e+00,2.999965617898772585e+00
5.607024110706995401e+01,2.470547269444577765e+01,9.348848292348027611e-01,1.626585002297096239e+00,1.614651293377274532e+00,0.000000000000000000e+00,1.482518588681404736e+00,2.999962526089118064e+00
5.616674079287024313e+01,2.475043790112265185e+01,9.342803399095935823e-01,1.402065588989571454e+00,1.582983717426116765e+00,0.000000000000000000e+00,1.505094396184960104e+00,2.999984982000535982e+00
5.627412143339572737e+01,2.487479788165686756e+01,9.421646759310149388e-01,1.521795318101162753e+00,1.608383280962377260e+00,0.000000000000000000e+00,1.517322965508882016e+00,3.000056153403426240e+00
5.639873126469512243e+01,2.502097561065203379e+01,9.407114372633818000e-01,1.052835815006638587e+00,1.615109938862481886e+00,0.000000000000000000e+00,1.499658063846528000e+00,2.999980006128067256e+00
5.637882776244588001e+01,2.524860614562591365e+01,9.394701304965410449e-01,1.020440950658652701e+00,1.612897809853576447e+00,0.000000000000000000e+00,1.510136601968519621e+00,2.999775635781711802e+00
5.654464502418660032e+01,2.546056288078032281e+01,9.418359387263529614e-01,1.019970167790267723e+00,1.608808687910491475e+00,0.000000000000000000e+00,1.516456623693547723e+00,2.999671193836329408e+00
5.666516284065134101e+01,2.568320150072180041e+01,9.337793338306272783e-01,1.182927498916053199e+00,1.625575331668793089e+00,0.000000000000000000e+00,1.502486706364825286e+00,3.000133527634630592e+00
5.682728872277993304e+01,2.569620434923587382e+01,9.316822953829434484e-01,9.033261017225899803e-01,1.606802152274877882e+00,0.000000000000000000e+00,1.478850979345815553e+00,2.999968617375947666e+00
5.691247375234423345e+01,2.586749473199076377e+01,9.326018071008258525e-01,7.173377621629288825e-01,1.618450370469405319e+00,0.000000000000000000e+00,1.509696602694455603e+00,3.000061526741008677e+00
5.705260923304177823e+01,2.607467578428448718e+01,9.419803878238860451e-01,1.233638654567735138e+00,1.617694926612561979e+00,0.000000000000000000e+00,1.520651389969941425e+00,3.000054462131064970e+00
5.732555914440608547e+01,2.623509469509179581e+01,9.424446758714601913e-01,1.292895243477414358e+00,1.637556222243039983e+00,0.000000000000000000e+00,1.510948074287003395e+00,3.000087438054179323e+00
5.732829187754919076e+01,2.640908457937278442e+01,9.389645918588479523e-01,9.578610486727461293e-01,1.588538119429488749e+00,0.000000000000000000e+00,1.487652470193350451e+00,2.999837722252760575e+00
5.742506654809916000e+01,2.650690084323277063e+01,9.369990709332651768e-01,1.173362547663175270e+00,1.641592180656812783e+00,0.000000000000000000e+00,1.510238970762445954e+00,3.000131118252825413e+00
5.743093538372122708e+01,2.673509425475345225e+01,9.353843267998733779e-01,8.380206161598917625e-01,1.611980893550614580e+00,0.000000000000000000e+00,1.498056826124277929e+00,3.000026472820572554e+00
5.766219352138904952e+01,2.680263804280922457e+01,9.275796389719200841e-01,1.355808978446419344e+00,1.624007284017706665e+00,0.000000000000000000e+00,1.508605452436176275e+00,3.000156829078457932e+00
5.793941884376249618e+01,2.702997947773534193e+01,9.415179010755840849e-01,1.038060370489665818e+00,1.607046708128230028e+00,0.000000000000000000e+00,1.497029578953734896e+00,3.000366585533568387e+00
5.785876158756119736e+01,2.713125356456460224e+01,9.367250968402929256e-01,8.069565825657325497e-01,1.613800360929445121e+00,0.000000000000000000e+00,1.517566432015140521e+00,2.999666388203636735e+00
5.798334541416018340e+01,2.736168675319810717e+01,9.377015722041449619e-01,1.277253884547694174e+00,1.604357376061284590e+00,0.000000000000000000e+00,1.485982274217311438e+00,3.000074371370823112e+00
5.821823866171033046e+01,2.754587625716169441e+01,9.365451800478559186e-01,8.242176100187461607e-01,1.623055254708566819e+00,0.000000000000000000e+00,1.490549464358363885e+00,2.999950300868672759e+00
5.824226374254792660e+01,2.771673051863831461e+01,9.363731210909251867e-01,1.143715192078664122e+00,1.605794619845451132e+00,0.000000000000000000e+00,1.514224388532848797e+00,3.000073890731523640e+00
5.839225342062756141e+01,2.784120094554702618e+01,9.431896752667031647e-01,1.241852982816721962e+00,1.629573474871816474e+00,0.000000000000000000e+00,1.493538946756862718e+00,2.999983156957346964e+00
5.848029383588966823e+01,2.800868342949234702e+01,9.329565506394088548e-01,1.536576331247348159e+00,1.615850707676708353e+00,0.000000000000000000e+00,1.508098117836694563e+00,3.000154637157198767e+00
5.871328888095524690e+01,2.814173655710991895e+01,9.401009448946368030e-01,1.288256328122977079e+00,1.584869244850668712e+00,0.000000000000000000e+00,1.480815668846284350e+00,3.000132911146952797e+00
5.863367228543884124e+01,2.829102222107080777e+01,9.410826282144308941e-01,1.343113218410243670e+00,1.602299481046926211e+00,0.000000000000000000e+00,1.477416090798267412e+00,2.999921862816659957e+00
5.879545363621129894e+01,2.847785382376645913e+01,9.449564231279399262e-01,1.323389578271313649e+00,1.639715352576411878e+00,0.000000000000000000e+00,1.477619308606668680e+00,3.000271811971924496e+00
5.894267630308630146e+01,2.875346883447471669e+01,9.399308185365670143e-01,1.072417279450145200e+00,1.617777149594822328e+00,0.000000000000000000e+00,1.509965829064382703e+00,2.999899655513752261e+00
5.902644932044794501e+01,2.877219953408812714e+01,9.484529845228161227e-01,5.332334748509788280e-01,1.599012361000255789e+00,0.000000000000000000e+00,1.477147366087029789e+00,3.000222864773093079e+00
5.916223788836658315e+01,2.896320846021670903e+01,9.380526238721703658e-01,1.241780686107617493e+00,1.601468502607914290e+00,0.000000000000000000e+00,1.503654553126341442e+00,2.999962458676403987e+00
5.926434624992726441e+01,2.911758948465662300e+01,9.318391907818769360e-01,1.284372815948263247e+00,1.596695211659739488e+00,0.000000000000000000e+00,1.501768674079209998e+00,2.999948223210102682e+00
5.945366221340834301e+01,2.933825270453864675e+01,9.252716763475909989e-01,9.734711089304958209e-01,1.607369549776407336e+00,0.000000000000000000e+00,1.503085539093150791e+00,3.000110215098716449e+00
5.949593355625427904e+01,2.937316004359346877e+01,9.410562544089289272e-01,1.144357621033771366e+00,1.611597438132774007e+00,0.000000000000000000e+00,1.509269700389543889e+00,3.000135470045657282e+00
5.965084908124335072e+01,2.961019895408582059e+01,9.488819855205360421e-01,1.293225260008429522e+00,1.606470279094448506e+00,0.000000000000000000e+00,1.507021660956460618e+00,2.999857799887441612e+00
5.979640269423811816e+01,2.972605654302219946e+01,9.403285109434957878e-01,1.393392343758193430e+00,1.606660898925562631e+00,0.000000000000000000e+00,1.505712640582905770e+00,3.000170315213507966e+00
5.990747655288031126e+01,2.986456377179763066e+01,9.339705040044979922e-01,1.152355795684499862e+00,1.599626360424878824e+00,0.000000000000000000e+00,1.516094532143052120e+00,2.999992329914052736e+00
6.007586013344928944e+01,3.004905236782087385e+01,9.425074110198163879e-01,1.020292986059579299e+00,1.619589826317640258e+00,0.000000000000000000e+00,1.505904114428955332e+00,3.000011443329153593e+00
6.021789982877659497e+01,3.029412531132358311e+01,9.343966836573541768e-01,9.375425514468316290e-01,1.609258459412787445e+00,0.000000000000000000e+00,1.498459302553861283e+00,3.000097250071683597e+00
6.021026433333915406e+01,3.040138399782128076e+01,9.316837925822148980e-01,9.356142893075879430e-01,1.638380203889103770e+00,0.000000000000000000e+00,1.513925870364429827e+00,2.999835286738661733e+00
6.036684150436305174e+01,3.059371241801073538e+01,9.355566397442285353e-01,1.034568301863108442e+00,1.614591254517514951e+00,0.000000000000000000e+00,1.495875891241112532e+00,2.999928121061382846e+00
6.055003256961004610e+01,3.076179563751550816e+01,9.381311305716052429e-01,1.220781317705873947e+00,1.618965507951954041e+00,0.000000000000000000e+00,1.494183474965982583e+00,3.000020993999609864e+00
6.065816914253186098e+01,3.094560257362639888e+01,9.421818574138427493e-01,1.065143959049803080e+00,1.609072237471895761e+00,0.000000000000000000e+00,1.493007002666578487e+00,3.000185764575437286e+00
6.081474038305865548e+01,3.107148973591522179e+01,9.431158024333924361e-01,1.169557798961571304e+00,1.604904142346874618e+00,0.000000000000000000e+00,1.495117357451313245e+00,2.999825988045360159e+00
6.079860398354281870e+01,3.121022874129137747e+01,9.345681349468313304e-01,7.252138290678245003e-01,1.608425815415055027e+00,0.000000000000000000e+00,1.502085895292703865e+00,2.999868996302322621e+00
6.099624898059465750e+01,3.135812139423457623e+01,9.397401559822683437e-01,1.295842697331103910e+00,1.620129272656017694e+00,0.000000000000000000e+00,1.510964053103337257e+00,3.000086410523577829e+00
6.096735884143230777e+01,3.153286231622423941e+01,9.352185449658307892e-01,1.199901507781025334e+00,1.572160106102973298e+00,0.000000000000000000e+00,1.495017959164065324e+00,3.000029098805107708e+00
6.115850639868637728e+01,3.169037756012345142e+01,9.384778510693567721e-01,1.024243917904516632e+00,1.650851045688749963e+00,0.000000000000000000e+00,1.503849676243987687e+00,3.000315462773712305e+00
6.149515433087678673e+01,3.189317842150389382e+01,9.438446066326805495e-01,1.032256026250338632e+00,1.632647652321728149e+00,0.000000000000000000e+00,1.499357764368610457e+00,2.999968701996912568e+00
6.139586341143583326e+01,3.206318895099602173e+01,9.345250188348411813e-01,8.916450297970563987e-01,1.624647847192057792e+00,0.000000000000000000e+00,1.492953463077790310e+00,2.999942168504934781e+00
6.157224783452430472e+01,3.217386564644309743e+01,9.331851538220302666e-01,1.207593512754821630e+00,1.600633786960980576e+00,0.000000000000000000e+00,1.499458906104716993e+00,3.000041609772230888e+00
6.157747902442204690e+01,3.226545243505162830e+01,9.383192980398378236e-01,1.560128931778153927e+00,1.603385792046660097e+00,0.000000000000000000e+00,1.501361648934311122e+00,2.999879701581391611e+00
6.179582070663214211e+01,3.251633128094284331e+01,9.291687853150155663e-01,1.580167861287147701e+00,1.614463874850615488e+00,0.000000000000000000e+00,1.504759913598691323e+00,2.999903904936158661e+00
6.203588349127329593e+01,3.258971220655807599e+01,9.356921644298398233e-01,1.393658424147331765e+00,1.588616665707519360e+00,0.000000000000000000e+00,1.508814800137409984e+00,3.000253980279192767e+00
6.217553492984392705e+01,3.288950057334982091e+01,9.320560916623126246e-01,1.017579471280877002e+00,1.591500453142373761e+00,0.000000000000000000e+00,1.490397005630080152e+00,2.999930661087339523e+00
6.216835182522073922e+01,3.301301534714323083e+01,9.341112003562278554e-01,8.708891542717551726e-01,1.598404666730350643e+00,0.000000000000000000e+00,1.497662492343482477e+00,3.000071864470755578e+00
6.226392886792055492e+01,3.314248651014525393e+01,9.417661689668173075e-01,1.383456643115336115e+00,1.606011743499927702e+00,0.000000000000000000e+00,1.509629454402364512e+00,3.000047072490819922e+00
6.230162940210872335e+01,3.325663006881510597e+01,9.312797438008015849e-01,7.974846109901563285e-01,1.609132052564236082e+00,0.000000000000000000e+00,1.489828872203529331e+00,3.000274865644265265e+00
6.248566650923303456e+01,3.347423306325003978e+01,9.489844527673333419e-01,9.354317352087446746e-01,1.601366905186197842e+00,0.000000000000000000e+00,1.506884121298208035e+00,2.999959682543484885e+00
6.265107523905836473e+01,3.360620697187493278e+01,9.419488782382431369e-01,1.057893998085167153e+00,1.593591270797034776e+00,0.000000000000000000e+00,1.497624135009187674e+00,3.000056923759321315e+00
6.271667774820328134e+01,3.373403608687310395e+01,9.355894067834351624e-01,8.744790652510621154e-01,1.609807232863732951e+00,0.000000000000000000e+00,1.496451252757666550e+00,2.999999149734899895e+00
6.290876958778566319e+01,3.400324353395325971e+01,9.329721264718013884e-01,1.029530560683488138e+00,1.621549641013936949e+00,0.000000000000000000e+00,1.487179435777903347e+00,3.000339316330756567e+00
6.300991364937948447e+01,3.405802461111130697e+01,9.316266769985194207e-01,1.092353483587657381e+00,1.605682460709314974e+00,0.000000000000000000e+00,1.500478110781082286e+00,3.000156647760752193e+00
6.313489667661897897e+01,3.434540864961441287e+01,9.380854473424200535e-01,1.248562085948888623e+00,1.623425320176942632e+00,0.000000000000000000e+00,1.469352206131911087e+00,2.999703271246745295e+00
6.322918894571616732e+01,3.448128397975879977e+01,9.312710928019132250e-01,1.078224951345681193e+00,1.623322718278915389e+00,0.000000000000000000e+00,1.503230900456386410e+00,3.000024409903331524e+00
6.351164413892201566e+01,3.460159405644499486e+01,9.403178086537381519e-01,1.198491231907505394e+00,1.616154019825628785e+00,0.000000000000000000e+00,1.493051406710794948e+00,3.000155188656572491e+00
6.345477239468424813e+01,3.475319262237760398e+01,9.297820793218281032e-01,1.426795401664841201e+00,1.596831336111842914e+00,0.000000000000000000e+00,1.495736090917463290e+00,2.999944629510017613e+00
6.353204290896815820e+01,3.491573399917867704e+01,9.351334619293455441e-01,9.770584166380936741e-01,1.623410538190111829e+00,0.000000000000000000e+00,1.516154609944522225e+00,3.000102315637261263e+00
6.359915309172530584e+01,3.505291837606178973e+01,9.314443900343996052e-01,9.671387645248884501e-01,1.604431850728914588e+00,0.000000000000000000e+00,1.497547133873488256e+00,3.000175810638903151e+00
6.387136257484193891e+01,3.534732412659094791e+01,9.448701864797599548e-01,1.003698466761163033e+00,1.579597988882645687e+00,0.000000000000000000e+00,1.506662018169712347e+00,3.000009919190914420e+00
6.393965525945916539e+01,3.544036527936992087e+01,9.349254957892468854e-01,1.139580317418877220e+00,1.621692409787791389e+00,0.000000000000000000e+00,1.506738983728283632e+00,3.000186397894473167e+00
6.405155577074765461e+01,3.554440922112780044e+01,9.339660970196513867e-01,1.139152585185650102e+00,1.633869524843977850e+00,0.000000000000000000e+00,1.491943654879974268e+00,3.000083843409554696e+00
6.423738862249136616e+01,3.566469441588515110e+01,9.328023900289262871e-01,1.234800030460749820e+00,1.620754519856304032e+00,0.000000000000000000e+00,1.494087559074168903e+00,2.999966657514930191e+00
6.418044259456192435e+01,3.588552687364754235e+01,9.295450403124386751e-01,1.062833714034590926e+00,1.626156166860820207e+00,0.000000000000000000e+00,1.511943117995116381e+00,3.000060847224306215e+00
6.444435225162020231e+01,3.616078418132464378e+01,9.306712153809139076e-01,9.836410113540451361e-01,1.610754912915778103e+00,0.000000000000000000e+00,1.470653162028482397e+00,3.000076316470698501e+00
6.447162192542563730e+01,3.626411436632730556e+01,9.474801328100778131e-01,1.017066296636044864e+00,1.602942693086896853e+00,0.000000000000000000e+00,1.504385049718200751e+00,3.000064277438554861e+00
6.460640784725852370e+01,3.642791488152374058e+01,9.374663092985690005e-01,1.347326847488580448e+00,1.603382518710100513e+00,0.000000000000000000e+00,1.505231763488089847e+00,3.000472683707942956e+00
6.479188452719409952e+01,3.654138953317711724e+01,9.428685923157269499e-01,1.476864952421581112e+00,1.614954190935120826e+00,0.000000000000000000e+00,1.498915130796356854e+00,2.999716625411118276e+00
6.480782899605934233e+01,3.669666741097492491e+01,9.299932513175924731e-01,1.231620041795268516e+00,1.598648783462750522e+00,0.000000000000000000e+00,1.514878247239749731e+00,3.000181861328490296e+00
6.495047843594059600e+01,3.687421772171420287e+01,9.420043762906276097e-01,1.037396807601881354e+00,1.629824800061414614e+00,0.000000000000000000e+00,1.468723905242520278e+00,2.999872515728664535e+00
6.504212647601974595e+01,3.707669990118154857e+01,9.462416927691423840e-01,8.424888857453192159e-01,1.627259927933035533e+00,0.000000000000000000e+00,1.471093853879851920e+00,2.999981986715010152e+00
6.530049183130549295e+01,3.722401050203234263e+01,9.456667493739855379e-01,7.577317018023363993e-01,1.606045623684370982e+00,0.000000000000000000e+00,1.501410494765459402e+00,2.999864605606624046e+00
6.541750454517122648e+01,3.731600145194292395e+01,9.415165984002674682e-01,1.176792379012154388e+00,1.598818161225961987e+00,0.000000000000000000e+00,1.489415706424986885e+00,3.000390614117200982e+00
6.551664947595536148e+01,3.750534104078782605e+01,9.321422958864008512e-01,1.245416874792933726e+00,1.609458903058339940e+00,0.000000000000000000e+00,1.492039981212464284e+00,2.999832666628845512e+00
6.569489885621639758e+01,3.774393179858527958e+01,9.449823337375783394e-01,1.443941794502045184e+00,1.616511321028393011e+00,0.000000000000000000e+00,1.504048056150219637e+00,3.000315754663672507e+00
6.577013894647824088e+01,3.776329324012796462e+01,9.358810148389671291e-01,1.198248434536063112e+00,1.585792713463884729e+00,0.000000000000000000e+00,1.508413561155151461e+00,2.999827576937093898e+00
6.580130613044092058e+01,3.792560546309449165e+01,9.342477421137496130e-01,9.842054882662328863e-01,1.622455513198627797e+00,0.000000000000000000e+00,1.517755836482316933e+00,2.999945984133661980e+00
6.591769048325792824e+01,3.815741710366150841e+01,9.333496578799937993e-01,9.682619721325081974e-01,1.620990301293338653e+00,0.000000000000000000e+00,1.472794819136856725e+00,3.000069387612272820e+00
6.607142506868147791e+01,3.833943282056455359e+01,9.312038943978369065e-01,1.607812270566671309e+00,1.612482011896221756e+00,0.000000000000000000e+00,1.504352472349306469e+00,2.999946486037864624e+00
6.619987666663843129e+01,3.842013146219772324e+01,9.446359803510671060e-01,1.118137852744887528e+00,1.630646912049180886e+00,0.000000000000000000e+00,1.503732171040372601e+00,2.999885904554995708e+00
6.646773044048048007e+01,3.871833711568194047e+01,9.511501475792513149e-01,1.065159280827215005e+00,1.600606563617866351e+00,0.000000000000000000e+00,1.486106338658895742e+00,2.999947946701388535e+00
6.637953106275872983e+01,3.882855412338842882e+01,9.320964823543224087e-01,1.045377943224613304e+00,1.608296764270682466e+00,0.000000000000000000e+00,1.502838257720544135e+00,2.999947422570409916e+00
6.655677282867789302e+01,3.898818993031751035e+01,9.434742898942078959e-01,1.206585550350367519e+00,1.578263329252769465e+00,0.000000000000000000e+00,1.496293157295363274e+00,2.999898382323340940e+00
6.673826410707054890e+01,3.907166784968571704e+01,9.383098763028239198e-01,7.207003112662109245e-01,1.597236435022617140e+00,0.000000000000000000e+00,1.495001396819046757e+00,3.000047612196069302e+00
6.681480047490487095e+01,3.921546391615603966e+01,9.425962883414539251e-01,1.162061917139111777e+00,1.592480579953094777e+00,0.000000000000000000e+00,1.509530214043083740e+00,2.999990337237395277e+00
6.693135674553514036e+01,3.944368411393353568e+01,9.384417846768218219e-01,9.684246439164002629e-01,1.592167954683666009e+00,0.000000000000000000e+00,1.502955848521676074e+00,3.000066028290817144e+00
6.694375699579450156e+01,3.961115158646701673e+01,9.349610802327291692e-01,1.134523719982387213e+00,1.615473040169129293e+00,0.000000000000000000e+00,1.489246133794992488e+00,3.000065686328940551e+00
6.712701703842067502e+01,3.977679207090660185e+01,9.280236990880769143e-01,9.710033332842502585e-01,1.604624312705328570e+00,0.000000000000000000e+00,1.483096470063829608e+00,2.999938964731276858e+00
6.722026257845070063e+01,3.990619921082441834e+01,9.410232890218348523e-01,1.099329699812456207e+00,1.609576128732538303e+00,0.000000000000000000e+00,1.496786821045667626e+00,3.000101024894474833e+00
6.752701698561236299e+01,4.010705971241875289e+01,9.440432357918923101e-01,7.265933463185789698e-01,1.605072412423715011e+00,0.000000000000000000e+00,1.505249266468245084e+00,2.999793382639160733e+00
6.749745036297751710e+01,4.026246475233529054e+01,9.382101809865521780e-01,1.040656178708822654e+00,1.602748899670681570e+00,0.000000000000000000e+00,1.492738935124863220e+00,3.000039388779065952e+00
6.764648154369366750e+01,4.038367555458037828e+01,9.329675590102044502e-01,1.078122852068786663e+00,1.618983707135210226e+00,0.000000000000000000e+00,1.476054823746685951e+00,2.999956366447200207e+00
6.776843036442957668e+01,4.053823687233552420e+01,9.441156011089318900e-01,1.455342171310124000e+00,1.602261502164724627e+00,0.000000000000000000e+00,1.499038512675912704e+00,3.000007630346980481e+00
6.786496081618081178e+01,4.080573062761011727e+01,9.446428259667696281e-01,1.419717018641234008e+00,1.597402696266603916e+00,0.000000000000000000e+00,1.504826642482418597e+00,3.000087246045409994e+00
6.792954208196726995e+01,4.091547237633175627e+01,9.314842695367844261e-01,8.202468257852627564e-01,1.621737103304944805e+00,0.000000000000000000e+00,1.486764305132172836e+00,2.999856226123115643e+00
6.804332754104835601e+01,4.105005795985265848e+01,9.236921166152459728e-01,1.336976237463401551e+00,1.618134782697546736e+00,0.000000000000000000e+00,1.493500608964660747e+00,3.000066665530553678e+00
6.808241596015172092e+01,4.124677246129606800e+01,9.340836922794917285e-01,1.022651592566757195e+00,1.627939837886777097e+00,0.000000000000000000e+00,1.487450566315277944e+00,3.000018776943639498e+00
6.839990242708016410e+01,4.140129454638406514e+01,9.342921651572322350e-01,7.535054389418058829e-01,1.628809364398726256e+00,0.000000000000000000e+00,1.503430154993400603e+00,2.999840748603592733e+00
6.842191798293619343e+01,4.151342817726794721e+01,9.386334275481517109e-01,1.160367956593797434e+00,1.600791629716168618e+00,0.000000000000000000e+00,1.513612514579121715e+00,2.999819119316731619e+00
6.859593440717027590e+01,4.171573493720217840e+01,9.292654342220768582e-01,1.037522673565319575e+00,1.627538377659045965e+00,0.000000000000000000e+00,1.503585570902136848e+00,3.000332586236604815e+00
6.872379259727222234e+01,4.188522834270422379e+01,9.360818158315428184e-01,1.130455717799821125e+00,1.609784518276288656e+00,0.000000000000000000e+00,1.492498210702094763e+00,2.999948152296585846e+00
6.881046618842532325e+01,4.200547874683009297e+01,9.512683482289812087e-01,1.000509234334912234e+00,1.611551654612107365e+00,0.000000000000000000e+00,1.523384275151785427e+00,3.000173739735008560e+00
6.887177268739442582e+01,4.214762946560217927e+01,9.434372121013308021e-01,9.900751270037915219e-01,1.638572459060613218e+00,0.000000000000000000e+00,1.497660210777229439e+00,3.000093226771283650e+00
6.894784509043461185e+01,4.235956288107013989e+01,9.414525862656238919e-01,8.469684100801606608e-01,1.620965658591525527e+00,0.000000000000000000e+00,1.501711323972553469e+00,2.999961413201565286e+00
6.917046858185578628e+01,4.243682312946662449e+01,9.453017251486172112e-01,1.194735414911531013e+00,1.614204317633814334e+00,0.000000000000000000e+00,1.498645258073201703e+00,2.999968816683003858e+00
6.930988561042148888e+01,4.270523664028647204e+01,9.413525430461056054e-01,1.450474444042842537e+00,1.640433504347153626e+00,0.000000000000000000e+00,1.501024016649713744e+00,2.999962373724574416e+00
6.942911689856434521e+01,4.281230842083360955e+01,9.422137180452030414e-01,1.451889988945007426e+00,1.631667996207697424e+00,0.000000000000000000e+00,1.508952197628777192e+00,3.000280596536141875e+00
6.954152210796367228e+01,4.298152447107509033e+01,9.424716668829895561e-01,6.368644075464426901e-01,1.620465468006171639e+00,0.000000000000000000e+00,1.508101112977688230e+00,3.000173528508467413e+00
6.958036166970164516e+01,4.312465777945841694e+01,9.408296973265657392e-01,9.929798761628096937e-01,1.621264034340232474e+00,0.000000000000000000e+00,1.486688573719789908e+00,3.000141824921331857e+00
6.975928985046667208e+01,4.326212515821278970e+01,9.389280595998901191e-01,1.484404602410319240e+00,1.618663374959733003e+00,0.000000000000000000e+00,1.485943160803069985e+00,2.999919334953299987e+00
6.995333491203685128e+01,4.343513370472442148e+01,9.485820245081366675e-01,1.288008422722911384e+00,1.603790224742474013e+00,0.000000000000000000e+00,1.486105331131283291e+00,2.999990872402011011e+00
7.005346531463338522e+01,4.366496674529110322e+01,9.430159284146225618e-01,9.750718285575619149e-01,1.612334818222959099e+00,0.000000000000000000e+00,1.517286542291851781e+00,3.000169289280418372e+00
7.012549416180532091e+01,4.375367408243521083e+01,9.444292738707363855e-01,1.076926497579629327e+00,1.610014025832922080e+00,0.000000000000000000e+00,1.481826636618541970e+00,3.000053428779184017e+00
7.006440682578451629e+01,4.395595863146315452e+01,9.422468154078936786e-01,1.381703402259649494e+00,1.613173765914306168e+00,0.000000000000000000e+00,1.526054271720580724e+00,3.000108177678442622e+00
7.025692953466818835e+01,4.404420676659106704e+01,9.369833497110835463e-01,8.757238161273304122e-01,1.645330078212724700e+00,0.000000000000000000e+00,1.498661951823417882e+00,2.999965698449572393e+00
7.047121930313919336e+01,4.435428187296299996e+01,9.384850586644368775e-01,1.229546742188588171e+00,1.638113777292725448e+00,0.000000000000000000e+00,1.485648691905486984e+00,3.000214250256477921e+00
7.057809436211771015e+01,4.429651027610516678e+01,9.356596076629351000e-01,1.297428842804928539e+00,1.619621864271445277e+00,0.000000000000000000e+00,1.505212570359664159e+00,3.000073449310284524e+00
7.066716527769268907e+01,4.461266960930661440e+01,9.422100523718121012e-01,1.285610700948271345e+00,1.597676782680861551e+00,0.000000000000000000e+00,1.478854035973107273e+00,2.999781219162556578e+00
7.076520201240165875e+01,4.483761714608589699e+01,9.410218835343755472e-01,1.005298782005388913e+00,1.597653478137017080e+00,0.000000000000000000e+00,1.503803777756190563e+00,2.999912230151732029e+00
7.099611556018707859e+01,4.493869408454517611e+01,9.468684475050370697e-01,9.977954323715645391e-01,1.609088642973238503e+00,0.000000000000000000e+00,1.497716750786818540e+00,3.000108124951561095e+00
7.117948962181820605e+01,4.513510865543831585e+01,9.388651748831444710e-01,1.184568181240164719e+00,1.623717877273265886e+00,0.000000000000000000e+00,1.506305548432925523e+00,3.000083658009977228e+00
7.121603478002936072e+01,4.524065140514235139e+01,9.437631678121868317e-01,1.022173097540243436e+00,1.624541028553950994e+00,0.000000000000000000e+00,1.497743645789813449e+00,3.000062728310370463e+00
7.132726962704361995e+01,4.545912816270178780e+01,9.419919115263141185e-01,1.416834178466019001e+00,1.589950948760910476e+00,0.000000000000000000e+00,1.508441053958118561e+00,3.000233839610253916e+00
7.129785023488030049e+01,4.560861028797161509e+01,9.502644872395661357e-01,1.173579125601061701e+00,1.590141929679656174e+00,0.000000000000000000e+00,1.484320184097808859e+00,2.999978307844167080e+00
7.146858202852109798e+01,4.573855557796036919e+01,9.394208005979064469e-01,1.314965403938581190e+00,1.623679414024556289e+00,0.000000000000000000e+00,1.498029603693860512e+00,3.000007020901938937e+00
7.161436741770518211e+01,4.590788084028477556e+01,9.505979678690228418e-01,7.078613153594411900e-01,1.605022902173113497e+00,0.000000000000000000e+00,1.512200685219114771e+00,3.000109439352372842e+00
7.174973348150547281e+01,4.605238967480190837e+01,9.398644609262404304e-01,9.918111868989079039e-01,1.631740808356898720e+00,0.000000000000000000e+00,1.511178192417049315e+00,2.999804456529211905e+00
7.183435172229020793e+01,4.623011374247456473e+01,9.316848923236087376e-01,9.386558960576470989e-01,1.608288183449524400e+00,0.000000000000000000e+00,1.488384639105277074e+00,2.999984756848615319e+00
7.202949210948474956e+01,4.635762884561261643e+01,9.418041965622803158e-01,1.530476407650970039e+00,1.572050663481399102e+00,0.000000000000000000e+00,1.523760689846121341e+00,2.999871605711427858e+00
7.206508748259332719e+01,4.650483274792842536e+01,9.416228405472256702e-01,9.538149909187780828e-01,1.603740564623837628e+00,0.000000000000000000e+00,1.526379735691595130e+00,3.000069825679493540e+00
7.217625099230996000e+01,4.667210767861879361e+01,9.465768853047747955e-01,1.187646684020800647e+00,1.609084161063101703e+00,0.000000000000000000e+00,1.482335518122245510e+00,3.000088207994268785e+00
7.221970058937171189e+01,4.675955755399063207e+01,9.305577241646509901e-01,1.172829591774899427e+00,1.615224965259742129e+00,0.000000000000000000e+00,1.497154183058468035e+00,2.999674568520648510e+00
7.249619826538960865e+01,4.702663163042797123e+01,9.388588795593356684e-01,1.514125066330255232e+00,1.594587188889614815e+00,0.000000000000000000e+00,1.492702934215387023e+00,3.000198010047898212e+00
7.256480826597361045e+01,4.711107426244227270e+01,9.404389872924800997e-01,1.012072188366430980e+00,1.606270855235655715e+00,0.000000000000000000e+00,1.489995715563963818e+00,3.000030821101538958e+00
7.264590359365749350e+01,4.730657434594492372e+01,9.375546762217172869e-01,1.081871011181007036e+00,1.604945964572175532e+00,0.000000000000000000e+00,1.503535648129945113e+00,2.999886162444770132e+00
7.276984468975011566e+01,4.744598252321226539e+01,9.304388217696828445e-01,9.764158129010735987e-01,1.599292252248292856e+00,0.000000000000000000e+00,1.481951139643613358e+00,2.999993994709802880e+00
7.287175839308592629e+01,4.759464506634599701e+01,9.356971800453063315e-01,7.946902025132315250e-01,1.614906869986181270e+00,0.000000000000000000e+00,1.515719313817922131e+00,3.000143964836135435e+00
7.311948056555770847e+01,4.783700143388658432e+01,9.396030522642104810e-01,1.138575403642393846e+00,1.605532334116906545e+00,0.000000000000000000e+00,1.510777809398875293e+00,3.000176170981955437e+00
7.321135034493846661e+01,4.799846834762096393e+01,9.362832365173959781e-01,1.053715780574665306e+00,1.611010227233846237e+00,0.000000000000000000e+00,1.490952360822754397e+00,3.000113007030904555e+00
7.332202721576808813e+01,4.811234249337302771e+01,9.403023149949559789e-01,1.001428382200510780e+00,1.598266948497672590e+00,0.000000000000000000e+00,1.498600016229495901e+00,3.000006081407121883e+00
7.345769196566574522e+01,4.833758227667384944e+01,9.363035896969454930e-01,1.129585432998906347e+00,1.615433082367368600e+00,0.000000000000000000e+00,1.505408788317816215e+00,2.999953082028643081e+00
7.355887292610154304e+01,4.843840761763964764e+01,9.333443524995829188e-01,9.093466241994946353e-01,1.627819688094513717e+00,0.000000000000000000e+00,1.502711918429787241e+00,2.999817363642786283e+00
7.358102467232565402e+01,4.865015591853310895e+01,9.378552396625339238e-01,1.341006528663344133e+00,1.606693337542983935e+00,0.000000000000000000e+00,1.507257393279372693e+00,2.999898771944455866e+00
7.381777658081441018e+01,4.880451119326992426e+01,9.373554883504499058e-01,1.009863309188682390e+00,1.588252403497747878e+00,0.000000000000000000e+00,1.512108361353027730e+00,3.000187094373323760e+00
7.387532949866829313e+01,4.901643319320703540e+01,9.413537087014682836e-01,1.284693074805073332e+00,1.596736858955930538e+00,0.000000000000000000e+00,1.486327931121832258e+00,3.000027488440106360e+00
7.402910759802252016e+01,4.912251478418602346e+01,9.281462710094516844e-01,9.035369671303019601e-01,1.599914634496653276e+00,0.000000000000000000e+00,1.497873284794061233e+00,3.000098347504682295e+00
7.416117745694191399e+01,4.927823910178477007e+01,9.316106115101742136e-01,8.088081517652383479e-01,1.583646107199382369e+00,0.000000000000000000e+00,1.525262844497689230e+00,2.999875262866506631e+00
7.429860468314842592e+01,4.946827917502984917e+01,9.334621719128500805e-01,1.050293892753793923e+00,1.638365353761579435e+00,0.000000000000000000e+00,1.511682653903844598e+00,2.999820435138232710e+00
7.434096548123326897e+01,4.957821253252078719e+01,9.386640642816385105e-01,1.360217323558866154e+00,1.599251950873109562e+00,0.000000000000000000e+00,1.497003545663879054e+00,3.000139013687052714e+00
7.451345317579728089e+01,4.972590497856766945e+01,9.401543191709210712e-01,1.129777362653812123e+00,1.620271245939688853e+00,0.000000000000000000e+00,1.511718897599247935e+00,2.999869772244685873e+00
7.462707456368374892e+01,4.996486493103453341e+01,9.419097763667502177e-01,1.267234684605788919e+00,1.604753983042867427e+00,0.000000000000000000e+00,1.479584228771573251e+00,3.000106025086244799e+00
7.479043801593310548e+01,5.008897596176146294e+01,9.424914143812374023e-01,1.289305133064285513e+00,1.596833817937220790e+00,0.000000000000000000e+00,1.491655958748328459e+00,3.000075750011010456e+00
7.484298201871553147e+01,5.023004871024671303e+01,9.388824188904570933e-01,1.258422187735855236e+00,1.602545380610657988e+00,0.000000000000000000e+00,1.492933189395359461e+00,3.000033172681110916e+00
7.492788975077858993e+01,5.042244023480203197e+01,9.514484144189123693e-01,8.829823809711563332e-01,1.607475729804913378e+00,0.000000000000000000e+00,1.502944530918943311e+00,2.999918687231813319e+00
7.517309687714337940e+01,5.061724890447612069e+01,9.438063437460210148e-01,1.056067779480770463e+00,1.607085639413861289e+00,0.000000000000000000e+00,1.487454254280667687e+00,2.999926286273275178e+00
7.522901052318186998e+01,5.071573866630822636e+01,9.399698515635722673e-01,9.918954433598463627e-01,1.616324371005271709e+00,0.000000000000000000e+00,1.502273113402306626e+00,2.999798442436600432e+00
7.534063024806384590e+01,5.087383153477004782e+01,9.255055622832277784e-01,1.080308472022924793e+00,1.578154877982234749e+00,0.000000000000000000e+00,1.493032654566419426e+00,2.999975344931079757e+00
7.548162176246101751e+01,5.104334485166945257e+01,9.485994662106403963e-01,8.713035911960913538e-01,1.620474746209731975e+00,0.000000000000000000e+00,1.490552269042223266e+00,2.999853457346490337e+00
7.555178885166654368e+01,5.120114031480493821e+01,9.370640220297165035e-01,1.406505053733950295e+00,1.622899639097153957e+00,0.000000000000000000e+00,1.479402111529065422e+00,2.999796611215516773e+00
7.581049207370649867e+01,5.128947299403975535e+01,9.357879709401394352e-01,1.140107197156785324e+00,1.613104800047444609e+00,0.000000000000000000e+00,1.499542295193227126e+00,2.999886740540458341e+00
7.585314251744924263e+01,5.156068287416188411e+01,9.401420435064594683e-01,1.233185852173620978e+00,1.590285502508055782e+00,0.000000000000000000e+00,1.484107967887341006e+00,2.999963932587982551e+00
7.587967304195362317e+01,5.172641888236732655e+01,9.358379797588711746e-01,1.131241339100456988e+00,1.623340797280309999e+00,0.000000000000000000e+00,1.519508773728399875e+00,3.000132016792574685e+00
7.595438784559797796e+01,5.175149550500147910e+01,9.413381182649578349e-01,9.591023059236969406e-01,1.629734322651356537e+00,0.000000000000000000e+00,1.500516321661933938e+00,2.999941843559443377e+00
7.610945870977407424e+01,5.215138077003449979e+01,9.345779378224156053e-01,9.054176169073633318e-01,1.614717768602242032e+00,0.000000000000000000e+00,1.505410622278010369e+00,3.000035787508267937e+00
7.615588374703214924e+01,5.218413097689116142e+01,9.513365376887114033e-01,1.532099241592738137e+00,1.606474481199479776e+00,0.000000000000000000e+00,1.501766457169867452e+00,3.000336023551300801e+00
7.646026937463724948e+01,5.240324246619299231e+01,9.409270328102798953e-01,9.847944579044900504e-01,1.609777189578653678e+00,0.000000000000000000e+00,1.505823772610445976e+00,2.999889827631683659e+00
7.647075465856802623e+01,5.254841441650616929e+01,9.402289897724015466e-01,1.402347344045082655e+00,1.614831643961428753e+00,0.000000000000000000e+00,1.499534442462620243e+00,3.000157527458572559e+00
7.668537342239250165e+01,5.264185031943060977e+01,9.360025015387459790e-01,1.388311630601185342e+00,1.610389822333728516e+00,0.000000000000000000e+00,1.500277144783050520e+00,3.000199006351085274e+00
7.675392175205425360e+01,5.285847020917274364e+01,9.360893435333579315e-01,1.840034232890830568e+00,1.633671481394538993e+00,0.000000000000000000e+00,1.472462612256389747e+00,2.999997325048354480e+00
7.685574663117728278e+01,5.295977360413714763e+01,9.401718119225174197e-01,9.701324158512665274e-01,1.615626954361266909e+00,0.000000000000000000e+00,1.507876487414907096e+00,2.999881397354597468e+00
7.689518543524206962e+01,5.312604344333045248e+01,9.354083742476412278e-01,1.255413627971539103e+00,1.610728967945126655e+00,0.000000000000000000e+00,1.485236816187542663e+00,3.000014397125804866e+00
7.717045024624509608e+01,5.335804632915773738e+01,9.357713004427644643e-01,9.946011907065233082e-01,1.602572595645394227e+00,0.000000000000000000e+00,1.497364808020372084e+00,3.000074744006976157e+00
7.724565543524307998e+01,5.348159564173667491e+01,9.350263924608654964e-01,7.984748683790969803e-01,1.606640116718921707e+00,0.000000000000000000e+00,1.491091445507617186e+00,3.000214481382061038e+00
7.736175315793481388e+01,5.357228032738105128e+01,9.431284196122651231e-01,1.363876909653921610e+00,1.640276166826972304e+00,0.000000000000000000e+00,1.481959070130368206e+00,3.000029978894862559e+00
7.740787541325896370e+01,5.379556122828132203e+01,9.345295872074230736e-01,1.022409004466451554e+00,1.651100888184403148e+00,0.000000000000000000e+00,1.499375195285689522e+00,2.999954150120812901e+00
7.760852103098466159e+01,5.387482858457379109e+01,9.333596376299186925e-01,1.297932082648084906e+00,1.606667087571676200e+00,0.000000000000000000e+00,1.514893900481278477e+00,3.000168602229206005e+00
7.770477372227340140e+01,5.408829638758892600e+01,9.402345673692780181e-01,5.787005470145920594e-01,1.617596995217830624e+00,0.000000000000000000e+00,1.521085397770953085e+00,3.000018427942434673e+00
7.782516079851548341e+01,5.434890823992996900e+01,9.304450327816957689e-01,1.350073925643908934e+00,1.602288330778333991e+00,0.000000000000000000e+00,1.495804517815267909e+00,2.999981881027662389e+00
7.795778683244216722e+01,5.452197268158252541e+01,9.362674784091058466e-01,9.078263661947886254e-01,1.608937691974912543e+00,0.000000000000000000e+00,1.512014314402640780e+00,2.999868428491614836e+00
7.802498496140425743e+01,5.463287019673239797e+01,9.373772849894598247e-01,1.367750402544055888e+00,1.640664678289221134e+00,0.000000000000000000e+00,1.507081690808238283e+00,2.999960534933947987e+00
7.818488545127253531e+01,5.470336396408882962e+01,9.339198931350204402e-01,1.307182601250882925e+00,1.604547086936323641e+00,0.000000000000000000e+00,1.514534125467174697e+00,3.000237589884614753e+00
7.823182079881956952e+01,5.492535274631705988e+01,9.345300530792436389e-01,8.601747422214506278e-01,1.605428771312876091e+00,0.000000000000000000e+00,1.510633720746077602e+00,3.000184360848736187e+00
7.826652515109955743e+01,5.514946766780559528e+01,9.286624058975209151e-01,1.441333462639490470e+00,1.618503247095752551e+00,0.000000000000000000e+00,1.497678726114032521e+00,3.000125548533749242e+00
7.840706582984495299e+01,5.525717936893693860e+01,9.347524684471982814e-01,1.670595355586962150e+00,1.619637786941193092e+00,0.000000000000000000e+00,1.487277244250139852e+00,2.999987789573401287e+00
7.865161470360759211e+01,5.536074247713487750e+01,9.362348944420698649e-01,1.053860640384712388e+00,1.605808531514283821e+00,0.000000000000000000e+00,1.484529999933482891e+00,2.999764217417140610e+00
7.875123258535316495e+01,5.553175571551879841e+01,9.342844953844093858e-01,1.080132252643997148e+00,1.623594165244503840e+00,0.000000000000000000e+00,1.485956663637326480e+00,2.999722845342391864e+00
7.878043330580716486e+01,5.575357344076981292e+01,9.248077709396286261e-01,1.132442828552090441e+00,1.611406084724820831e+00,0.000000000000000000e+00,1.495390755501260438e+00,3.000047844290445465e+00
7.883964820305601506e+01,5.587575284316865520e+01,9.315310475126894474e-01,9.934956179941564214e-01,1.620298250052462530e+00,0.000000000000000000e+00,1.493128229880184676e+00,3.000052336267274189e+00
7.915287480487393168e+01,5.610991371811390849e+01,9.334251206633944475e-01,1.195452550995961261e+00,1.634645734618407786e+00,0.000000000000000000e+00,1.493386611969691025e+00,3.000009528900239530e+00
7.922231760252434185e+01,5.618389481132008711e+01,9.324025209210391463e-01,8.813170929777198737e-01,1.600780633293034771e+00,0.000000000000000000e+00,1.517744213196982939e+00,2.999722552832760680e+00
7.936424197917494894e+01,5.635790642178362475e+01,9.345726931573705709e-01,1.306991082046567110e+00,1.626535251434032103e+00,0.000000000000000000e+00,1.501536097559093452e+00,3.000202860854381814e+00
7.949704775881723151e+01,5.647323744531405509e+01,9.442341762559722795e-01,1.092328026542097819e+00,1.603746005348063219e+00,0.000000000000000000e+00,1.508702298607785597e+00,3.000051898177075849e+00
7.948390720561938849e+01,5.670314705645114373e+01,9.336486620105904910e-01,1.411019096905397729e+00,1.615796841952497953e+00,0.000000000000000000e+00,1.503925705122959977e+00,3.000247139469554458e+00
7.972050685379176116e+01,5.687364952415432384e+01,9.406793168483088552e-01,7.465554721101073099e-01,1.601564302289036901e+00,0.000000000000000000e+00,1.516380301629596028e+00,3.000194432118125754e+00
7.973840494768872134e+01,5.706856220606317009e+01,9.332584548120456125e-01,9.880265243332340130e-01,1.601513085040390028e+00,0.000000000000000000e+00,1.507077125054920863e+00,2.999829841832966082e+00
7.998484019943924750e+01,5.717495766122877399e+01,9.454905380058425957e-01,1.157635949053430258e+00,1.646879618880505491e+00,0.000000000000000000e+00,1.495382948711379001e+00,2.999979536262697533e+00
7.996709318978945191e+01,5.734986491879704573e+01,9.389968447417516018e-01,1.078316268817403722e+00,1.604709384707484476e+00,0.000000000000000000e+00,1.475204338564497508e+00,3.000249040430391645e+00
8.007037774217072013e+01,5.749978678356302453e+01,9.268446813263491180e-01,1.135231141694188706e+00,1.628529024603346809e+00,0.000000000000000000e+00,1.492220077204432505e+00,2.999921701421065290e+00
8.020619362908594496e+01,5.767223185632714433e+01,9.388762128114732652e-01,1.424477755601378126e+00,1.596763405835971872e+00,0.000000000000000000e+00,1.496225102845333721e+00,3.000105656061546444e+00
8.045551823321119400e+01,5.783523164144198603e+01,9.378410357012724186e-01,1.255938252179810588e+00,1.605398999103997193e+00,0.000000000000000000e+00,1.522235987856104256e+00,2.999910456375162404e+00
8.060393329788391270e+01,5.797535922245968720e+01,9.457952303935657223e-01,1.620217539044089161e+00,1.625429242513799055e+00,0.000000000000000000e+00,1.495004744147818032e+00,3.000064222884115228e+00
8.067788277089717042e+01,5.817112854608115668e+01,9.311196795812965998e-01,1.361656101830733601e+00,1.615631320372545421e+00,0.000000000000000000e+00,1.514438282478783648e+00,3.000155645575690144e+00
8.080840633016600805e+01,5.828126600505660093e+01,9.362469533008551670e-01,1.055801382274536238e+00,1.610829679280003646e+00,0.000000000000000000e+00,1.501898569232872349e+00,2.999958234520061495e+00
8.080608686346992897e+01,5.843800183736566112e+01,9.425680900279859165e-01,1.258172599846354434e+00,1.596159984692292699e+00,0.000000000000000000e+00,1.486652675723423522e+00,3.000042599667184007e+00
8.099949488642447193e+01,5.859185904849923077e+01,9.373752775468465748e-01,1.416538329184277245e+00,1.613432417546594388e+00,0.000000000000000000e+00,1.527262014952291080e+00,3.000107355787764440e+00
8.105742430994150993e+01,5.882765780587014603e+01,9.491257744399983487e-01,1.484246841661065019e+00,1.638072178200022933e+00,0.000000000000000000e+00,1.487707941816720059e+00,3.000002661255810388e+00
8.124392079112591603e+01,5.896801014395624918e+01,9.383001243990183315e-01,1.256851539382007221e+00,1.601023325487253235e+00,0.000000000000000000e+00,1.511272159072469590e+00,2.999735400897525217e+00
8.136621571709672196e+01,5.920885056445165873e+01,9.541572324369570479e-01,1.014481966595571105e+00,1.627158637794572149e+00,0.000000000000000000e+00,1.518262078948958260e+00,2.999898009513088493e+00
8.152555165278090499e+01,5.930145274784909049e+01,9.302735679714737582e-01,7.501749795158143552e-01,1.615771430035362277e+00,0.000000000000000000e+00,1.482231622085268041e+00,2.999928578049977812e+00
8.152092671198224139e+01,5.945202123451210952e+01,9.413845015915837111e-01,1.031137319872842406e+00,1.603061614382616851e+00,0.000000000000000000e+00,1.493356358919821103e+00,3.000196742109623393e+00
8.171041515544307288e+01,5.957248495491012363e+01,9.416843189411153725e-01,1.030329588029228916e+00,1.605574104136957780e+00,0.000000000000000000e+00,1.482695077978851250e+00,2.999962320070865385e+00
8.171830642010824874e+01,5.974192720564148118e+01,9.380947359076946546e-01,1.296157013138795611e+00,1.629247758706684923e+00,0.000000000000000000e+00,1.503262147903173807e+00,2.999927734316785610e+00
8.189554025115484137e+01,5.997451678575811229e+01,9.332965143441223077e-01,1.179710173956075581e+00,1.609843812585802336e+00,0.000000000000000000e+00,1.498879583573630825e+00,3.000102744479073991e+00
8.198862095432468777e+01,6.006364079218344898e+01,9.381862794599106214e-01,1.551583007060554742e+00,1.621261985521325277e+00,0.000000000000000000e+00,1.492415504175583330e+00,3.000174353048131071e+00
8.213104668830855815e+01,6.022250577636857827e+01,9.402811220140142590e-01,1.437067652639348214e+00,1.612227262544578821e+00,0.000000000000000000e+00,1.532277355607110314e+00,2.999837702183070220e+00
8.219744171439943159e+01,6.041759314984420115e+01,9.289439189384023354e-01,1.241520432537954521e+00,1.591976360866553142e+00,0.000000000000000000e+00,1.489477005640200913e+00,3.000073873741813557e+00
8.245328765076847333e+01,6.058853543046625845e+01,9.361276504184508074e-01,1.471268442105242880e+00,1.601835309147443320e+00,0.000000000000000000e+00,1.464807051665245829e+00,2.999848714947659367e+00
8.247725267661947157e+01,6.074727919809638621e+01,9.354756305896640978e-01,1.280240773325700854e+00,1.588531979150668683e+00,0.000000000000000000e+00,1.513319717596743663e+00,3.000124757480659987e+00
8.280311298062648007e+01,6.087243007056787292e+01,9.469086613416258791e-01,1.228093126287117087e+00,1.632028444862549943e+00,0.000000000000000000e+00,1.484600933782580290e+00,3.000187750746773574e+00
8.279022750707692069e+01,6.098884182080716698e+01,9.346872577439704344e-01,1.238237860684702873e+00,1.632508818151426899e+00,0.000000000000000000e+00,1.485642558417491488e+00,3.000158302251761278e+00
8.282396291310162439e+01,6.116422750567451061e+01,9.308827455040699084e-01,1.226355905980968108e+00,1.608794911377999792e+00,0.000000000000000000e+00,1.518908494323988112e+00,3.000116078788471086e+00
8.302800180119949403e+01,6.132548252808968670e+01,9.409122050927586356e-01,1.409338523764110729e+00,1.642997614858338062e+00,0.000000000000000000e+00,1.495245391480695352e+00,3.000153114615732530e+00
8.312119203545040591e+01,6.148238087512750383e+01,9.445121144145396386e-01,1.358388613394333921e+00,1.633831059083384663e+00,0.000000000000000000e+00,1.508438087663550142e+00,3.000096153253705822e+00
8.327056998718926195e+01,6.173375604649112347e+01,9.433330091736971124e-01,1.308422627698410112e+00,1.590873452817292977e+00,0.000000000000000000e+00,1.503296023832997097e+00,2.999783923803547303e+00
8.348292461041020829e+01,6.190187617476353665e+01,9.401739409445195594e-01,1.058425821221174346e+00,1.626152189805700754e+00,0.000000000000000000e+00,1.479868862259152262e+00,2.999939217454362428e+00
8.351370416939063546e+01,6.200374938080485521e+01,9.292233290937539358e-01,9.290293911249033476e-01,1.609870137014064895e+00,0.000000000000000000e+00,1.530871055401807235e+00,2.999986071016425448e+00
8.357292149918454527e+01,6.218658926553075617e+01,9.373415140099449205e-01,1.211590070143627740e+00,1.618921427838466709e+00,0.000000000000000000e+00,1.497523261166580077e+00,2.999923337594054384e+00
8.375124504142512194e+01,6.228620568347623987e+01,9.447308562401494081e-01,9.752041377739535388e-01,1.598694207978980986e+00,0.000000000000000000e+00,1.510682180069045311e+00,2.999932913310200178e+00
8.371521556840770018e+01,6.252108625688261156e+01,9.399234068797372998e-01,1.306276176426674152e+00,1.617530724110387119e+00,0.000000000000000000e+00,1.502203063250720172e+00,2.999952666526739531e+00
8.391900595372683824e+01,6.266036581940830530e+01,9.357960765472482789e-01,1.113180692447167441e+00,1.595274902242342252e+00,0.000000000000000000e+00,1.495086665909514778e+00,3.000079916610259634e+00
8.409492170698929669e+01,6.285817950675438937e+01,9.371482031323019601e-01,9.777817205880104945e-01,1.609356976510566417e+00,0.000000000000000000e+00,1.512415421664134119e+00,3.000125638281526008e+00
8.421133185627549267e+01,6.292892586885442086e+01,9.336092344312398872e-01,1.164056540803177331e+00,1.610783410308950669e+00,0.000000000000000000e+00,1.506060013952279286e+00,2.999927432199692934e+00
8.429691718364441044e+01,6.307483354579820656e+01,9.393248083676297711e-01,1.100702266313403621e+00,1.631050846895804263e+00,0.000000000000000000e+00,1.510775210513728428e+00,3.000031720718811190e+00
8.443215748766583317e+01,6.331099000606265292e+01,9.343636953259630840e-01,1.171716422924804935e+00,1.607891627026996728e+00,0.000000000000000000e+00,1.505335323654341861e+00,3.000124021405585761e+00
8.446362663144410021e+01,6.349040913380417095e+01,9.364746310198664991e-01,1.144686868588864703e+00,1.631462362537536404e+00,0.000000000000000000e+00,1.506689490932417330e+00,2.999896674978601574e+00
8.465295655797514485e+01,6.364716635640797193e+01,9.329220752313955867e-01,1.621924905709656084e+00,1.613636148792797709e+00,0.000000000000000000e+00,1.500093177078972717e+00,3.000075858877442769e+00
8.473431349092633980e+01,6.378680564571451583e+01,9.408258300644192218e-01,9.130608726052460433e-01,1.607914696382447106e+00,0.000000000000000000e+00,1.488704130241480739e+00,3.000281102121645560e+00
8.496688853746952930e+01,6.401976382509374730e+01,9.399727971919852321e-01,1.439443106842278830e+00,1.587434929835197961e+00,0.000000000000000000e+00,1.516597803762828711e+00,3.000089497583171116e+00
8.510697133919153146e+01,6.408675178101962899e+01,9.353507797360519627e-01,1.526373035496028763e+00,1.604978413594294828e+00,0.000000000000000000e+00,1.513822382017051105e+00,2.999967587157696514e+00
8.515913514910135973e+01,6.423343037795170574e+01,9.340462234290838328e-01,1.036446974128020448e+00,1.629766125716045400e+00,0.000000000000000000e+00,1.501509125122467925e+00,2.999742106032860178e+00
8.519677096732986854e+01,6.442741315363038268e+01,9.410300885914602009e-01,1.155500116786067899e+00,1.619104232006714161e+00,0.000000000000000000e+00,1.484003738239402681e+00,3.000058302533449961e+00
8.531293610664181415e+01,6.454315919103899546e+01,9.382675790205133870e-01,1.241795673644254583e+00,1.637669749418802834e+00,0.000000000000000000e+00,1.502427841706694966e+00,3.000037005396269496e+00
8.546478260080779421e+01,6.486006469405307939e+01,9.323180131555646177e-01,9.240846106555877792e-01,1.595683177885723003e+00,0.000000000000000000e+00,1.498037506656890505e+00,3.000213446126292371e+00
8.549503002555248088e+01,6.490988596420277190e+01,9.346754496397000622e-01,1.094431890194925927e+00,1.594010757961847879e+00,0.000000000000000000e+00,1.521444839196631538e+00,2.999832283918813403e+00
8.586147821995432139e+01,6.517070971237308186e+01,9.329057979354813401e-01,1.206947196135881306e+00,1.614652882609151963e+00,0.000000000000000000e+00,1.499696061619058218e+00,2.999959876319625351e+00
8.588470245267788528e+01,6.528387670278898725e+01,9.304637612092401255e-01,1.197811952901378429e+00,1.630523247650470964e+00,0.000000000000000000e+00,1.493294770092882251e+00,3.000103942071413510e+00
8.582520434133219567e+01,6.541031645698899410e+01,9.287346770555120479e-01,1.287305855285820977e+00,1.587948291115089949e+00,0.000000000000000000e+00,1.495472565577056434e+00,3.000218654989781797e+00
8.601866587307553402e+01,6.555330667571688252e+01,9.378783334900626656e-01,8.465684142390272893e-01,1.620791515635483515e+00,0.000000000000000000e+00,1.517321484036395329e+00,2.999921524788712990e+00
8.613705777473246883e+01,6.569987033239382868e+01,9.400647778912059049e-01,1.440725792155703733e+00,1.618051096468489547e+00,0.000000000000000000e+00,1.485820867624813690e+00,2.999905976601906943e+00
8.632029013050826904e+01,6.590855189115050905e+01,9.320684600008991572e-01,8.927595987012328926e-01,1.611678841059635436e+00,0.000000000000000000e+00,1.515427184712880404e+00,2.999992615646552174e+00
8.642785291992456109e+01,6.603271727142617920e+01,9.442833596742360447e-01,1.066355743031067282e+00,1.625926305408816441e+00,0.000000000000000000e+00,1.501235694028919765e+00,2.999994985723172913e+00
8.654510898735557589e+01,6.614843960450737370e+01,9.332358617022030733e-01,1.714920102922886436e+00,1.574578142447761175e+00,0.000000000000000000e+00,1.493798689741721697e+00,2.999932896285379513e+00
8.673549640289290608e+01,6.632142661634102865e+01,9.334000492090073209e-01,1.526296942743132323e+00,1.600933337645096044e+00,0.000000000000000000e+00,1.514576745106878342e+00,2.999877313510409760e+00
8.674596856886830665e+01,6.640883393453255223e+01,9.496057317117062579e-01,1.326227559195606087e+00,1.586796205295476936e+00,0.000000000000000000e+00,1.512305786010771369e+00,3.000100302905399197e+00
8.691684708118248182e+01,6.663739607332530568e+01,9.350759224572899875e-01,1.107331787904209719e+00,1.609003173184554436e+00,0.000000000000000000e+00,1.507794615716253839e+00,3.000058533805447958e+00
8.684317362420516417e+01,6.681793794831132516e+01,9.393612529167706393e-01,1.219310932512946533e+00,1.621402544176811844e+00,0.000000000000000000e+00,1.511685592743926776e+00,2.999981502776924991e+00
8.715572444820172393e+01,6.707873554584165277e+01,9.447589435381290590e-01,1.239812919520523860e+00,1.623547276466614342e+00,0.000000000000000000e+00,1.494482229417928298e+00,2.999989589500883014e+00
8.717819755825884442e+01,6.719405022118313298e+01,9.336929556608527525e-01,1.409061656560616216e+00,1.615372792098728416e+00,0.000000000000000000e+00,1.494720654824576167e+00,3.000066854031874009e+00
8.737432282821070828e+01,6.737619466821651315e+01,9.377794369398748664e-01,1.605572594282965060e+00,1.609371843288966764e+00,0.000000000000000000e+00,1.506475879392113137e+00,2.999817322859414936e+00
8.745597822790909959e+01,6.743574284277570996e+01,9.487999693683484281e-01,1.006096508918026045e+00,1.625104541236181976e+00,0.000000000000000000e+00,1.505603486127188750e+00,2.999884959862303191e+00
8.753748926809775810e+01,6.765311700062196110e+01,9.352254389670570101e-01,1.500615086070482107e+00,1.607358801908339130e+00,0.000000000000000000e+00,1.480495217895255955e+00,3.000113403063573436e+00
8.780185058655443697e+01,6.782362720098538489e+01,9.348656139635833640e-01,1.375045241909399030e+00,1.603573313601120320e+00,0.000000000000000000e+00,1.493549720106622791e+00,3.000078916990418065e+00
8.785466113139682420e+01,6.794621932759015692e+01,9.445772705412573966e-01,1.317941087603812234e+00,1.604649692784090975e+00,0.000000000000000000e+00,1.505410507629586059e+00,3.000099566656632355e+00
8.795432029122940776e+01,6.808539204059624694e+01,9.373536501136175980e-01,1.289338416021010181e+00,1.618737706898673467e+00,0.000000000000000000e+00,1.508635557994001619e+00,2.999994517251907133e+00
8.805040387451521156e+01,6.828095832323330683e+01,9.381586500331541290e-01,9.970304328028287699e-01,1.617876673369018414e+00,0.000000000000000000e+00,1.514269514553803209e+00,3.000021159779123536e+00
8.826363652446390518e+01,6.844640824083160169e+01,9.439166744940896692e-01,1.711666469898372789e+00,1.613293232603805638e+00,0.000000000000000000e+00,1.517057140830428530e+00,2.999875788619135175e+00
8.836117787480773700e+01,6.868903980671746012e+01,9.413045054921732602e-01,1.102261503396347431e+00,1.635759733307377894e+00,0.000000000000000000e+00,1.506618622592684087e+00,3.000366368508191162e+00
8.862168427017348904e+01,6.882494651073309910e+01,9.412132152201947433e-01,1.309222982716889749e+00,1.602098368067027989e+00,0.000000000000000000e+00,1.494474609767293627e+00,3.000256529778264181e+00
8.852931689901146228e+01,6.891042107802404360e+01,9.310025502621827043e-01,1.437807447733403521e+00,1.623350782959968042e+00,0.000000000000000000e+00,1.491722761299931532e+00,3.000180594956234792e+00
8.856081645663502400e+01,6.914788891657704539e+01,9.250762218409352977e-01,9.830157512021006072e-01,1.624670050376330721e+00,0.000000000000000000e+00,1.508664306636469332e+00,2.999983761406582961e+00
8.868902128847301469e+01,6.926391957319310677e+01,9.459097460742629249e-01,1.392574733232571971e+00,1.600900199425111747e+00,0.000000000000000000e+00,1.524234849680761394e+00,2.999964709471448110e+00
8.904876318857330375e+01,6.942669703383664626e+01,9.366288708503942573e-01,1.100580659673063177e+00,1.627174027295160919e+00,0.000000000000000000e+00,1.503031560674156664e+00,2.999823763595366177e+00
8.890865689293889318e+01,6.956377332188733931e+01,9.316628544209862861e-01,9.664607659088195746e-01,1.619334122436593804e+00,0.000000000000000000e+00,1.503906534627446723e+00,3.000073486472589313e+00
8.924709611769526418e+01,6.972918253837606528e+01,9.432720963065663877e-01,1.344502337871896325e+00,1.617315896283858523e+00,0.000000000000000000e+00,1.509220020278058572e+00,3.000203404603094093e+00
8.933905742113350357e+01,6.993228099726916014e+01,9.393769610333021491e-01,1.342694825939980463e+00,1.622102296591181769e+00,0.000000000000000000e+00,1.496945937513984637e+00,3.000072302755143028e+00
8.939049385971669892e+01,7.005927412172346180e+01,9.399450373321995844e-01,1.335172830889661544e+00,1.627042349018735568e+00,0.000000000000000000e+00,1.506606822462732032e+00,2.999940827527252107e+00
8.960408548933598638e+01,7.015525507172823438e+01,9.417408601804742041e-01,1.381022910084173105e+00,1.615785167338024575e+00,0.000000000000000000e+00,1.467587754353115059e+00,3.000076404895695159e+00
8.957872633801015638e+01,7.037870997718398769e+01,9.429925418572094875e-01,1.099369207301318152e+00,1.603237309646925013e+00,0.000000000000000000e+00,1.498432343082260809e+00,2.999925090569218078e+00
8.974928354912145778e+01,7.059604053162503590e+01,9.373085591047104481e-01,1.012747939783430473e+00,1.631921046877941261e+00,0.000000000000000000e+00,1.507246065680434066e+00,3.000112716585450201e+00
8.996379522920750560e+01,7.071439406291707996e+01,9.423687842239694135e-01,1.124647086134591856e+00,1.608773431374124874e+00,0.000000000000000000e+00,1.519917229159324368e+00,3.000118284485092435e+00
8.999728208051692491e+01,7.090301961879684711e+01,9.287213924687337530e-01,1.457378333739502985e+00,1.597467268888821845e+00,0.000000000000000000e+00,1.519410537925079741e+00,3.000048977865529043e+00
9.014257562825687842e+01,7.098423756672642071e+01,9.458939512252328985e-01,1.180227745626650115e+00,1.612140086653961468e+00,0.000000000000000000e+00,1.514887581820948625e+00,3.000002622701250399e+00
9.016572622693612971e+01,7.114402294485665834e+01,9.416149706029074418e-01,1.252745516947214366e+00,1.630022592178268503e+00,0.000000000000000000e+00,1.500399944274399822e+00,3.000034906637243370e+00
9.029792479296749264e+01,7.141579857788056529e+01,9.432150069509908086e-01,1.034719677866122067e+00,1.597800012932678371e+00,0.000000000000000000e+00,1.497853680029096246e+00,2.999942651693906726e+00
9.047067624958359033e+01,7.157155286014327089e+01,9.318482991750018929e-01,1.447125473014277741e+00,1.594890399032727890e+00,0.000000000000000000e+00,1.505671977674058359e+00,3.000048957360415436e+00
9.066671349426317761e+01,7.170903691079931264e+01,9.455603128809138003e-01,1.220064275164830514e+00,1.626937708333808130e+00,0.000000000000000000e+00,1.506389597357257193e+00,2.999992738442962992e+00
9.078769589572124232e+01,7.182759021715011727e+01,9.288725281885751306e-01,1.384712187402465933e+00,1.630474153932391035e+00,0.000000000000000000e+00,1.493598691087946406e+00,3.000166215452382712e+00
9.087838478232716000e+01,7.202432079812216159e+01,9.354152183986118585e-01,1.181240295535089579e+00,1.596392541925504283e+00,0.000000000000000000e+00,1.501989376821550870e+00,3.000134086846161008e+00
9.097562476156592481e+01,7.215617264116323781e+01,9.317771927702812595e-01,1.045009838237303645e+00,1.637835783243588805e+00,0.000000000000000000e+00,1.490611691500737246e+00,3.000214459455218918e+00
9.110305339717389472e+01,7.225451275811008145e+01,9.321497845084263378e-01,1.163879178565065509e+00,1.612532646763332300e+00,0.000000000000000000e+00,1.503327246026653574e+00,3.000122263888346463e+00
9.119293220110391474e+01,7.246896057501832900e+01,9.377394202493400943e-01,1.138223100115431263e+00,1.601207585167249814e+00,0.000000000000000000e+00,1.467524092390494195e+00,3.000107794199667666e+00
9.120971044736441513e+01,7.259661508696497378e+01,9.403234499670077851e-01,1.046426238167695644e+00,1.619041014272768475e+00,0.000000000000000000e+00,1.506704484319332682e+00,2.999776069257467093e+00
9.136304537383226432e+01,7.276617133650795211e+01,9.404780234813384654e-01,1.424249545296438546e+00,1.639144612842279525e+00,0.000000000000000000e+00,1.508151530241037763e+00,3.000170020161573525e+00
9.143481852602259607e+01,7.305343427117108490e+01,9.375943244212682215e-01,1.115896964996913043e+00,1.645019940843524653e+00,0.000000000000000000e+00,1.521450608228345436e+00,3.000112630681066150e+00
9.163890994343570640e+01,7.309915508591679156e+01,9.420145833655321210e-01,9.600591352042222582e-01,1.604710162723653522e+00,0.000000000000000000e+00,1.500819624234904559e+00,2.999965930047136631e+00
9.168897287267225238e+01,7.327091714520601329e+01,9.379805254956044003e-01,1.115007791332245812e+00,1.611633743771467842e+00,0.000000000000000000e+00,1.495650527405132379e+00,2.999988075061037485e+00
9.196245505935979736e+01,7.347684771244783519e+01,9.363386108767736138e-01,1.439612377621075412e+00,1.626934330920680738e+00,0.000000000000000000e+00,1.494576502261591999e+00,3.000005852782801519e+00
9.183962038429011443e+01,7.363110456104467971e+01,9.373602046627330653e-01,1.580812714836883126e+00,1.616609054109099608e+00,0.000000000000000000e+00,1.498387765029138396e+00,2.999988211628356272e+00
9.214577237485156047e+01,7.377567909206324259e+01,9.316511476245241674e-01,1.194300604672124511e+00,1.644990511395300503e+00,0.000000000000000000e+00,1.494303136449257385e+00,3.000069855518225470e+00
9.217959730476464131e+01,7.391658514614000808e+01,9.410066419085777456e-01,1.129731379768041055e+00,1.608596956056709493e+00,0.000000000000000000e+00,1.523346072198354939e+00,3.000024537036321881e+00
9.226378187350833571e+01,7.416103266184217091e+01,9.377556163448802495e-01,8.727154697724828214e-01,1.615246380756446554e+00,0.000000000000000000e+00,1.492488977263130234e+00,3.000147869261011735e+00
9.256842321248495864e+01,7.429672002857056157e+01,9.412109807494172253e-01,1.492529113051591416e+00,1.603546885362909125e+00,0.000000000000000000e+00,1.492216796482218610e+00,3.000210415234299433e+00
9.264673329208640951e+01,7.440240852923210468e+01,9.329634114440479298e-01,1.060623457922240664e+00,1.627101197516033437e+00,0.000000000000000000e+00,1.498134746051966060e+00,2.999724834549603258e+00
9.263968198469946458e+01,7.456140666363425851e+01,9.402693773835704150e-01,1.327711413258184647e+00,1.599403065508519628e+00,0.000000000000000000e+00,1.499157247996253162e+00,3.000006150198537114e+00
9.290392594628889356e+01,7.466869503069109726e+01,9.394197676401769836e-01,3.954808633401867279e-01,1.610913774755567740e+00,0.000000000000000000e+00,1.504606330922927837e+00,3.000121016235156368e+00
9.302853359707941650e+01,7.488274847334137974e+01,9.325336663849145280e-01,8.836260585306443538e-01,1.633596467846152755e+00,0.000000000000000000e+00,1.511318260097414434e+00,3.000043012531344644e+00
9.300447985137120099e+01,7.506005714187089950e+01,9.388291861354964851e-01,1.169014789016482148e+00,1.613380914437195779e+00,0.000000000000000000e+00,1.508196900124697759e+00,3.000019420987696694e+00
9.322161895335054282e+01,7.529214356860701685e+01,9.372340468885799192e-01,7.846560071685355631e-01,1.596449078118766574e+00,0.000000000000000000e+00,1.495750986667087279e+00,3.000126557706125130e+00
9.326171680179537304e+01,7.539979416689794789e+01,9.467012461664791045e-01,1.228489913968365155e+00,1.617435964627918832e+00,0.000000000000000000e+00,1.499800590344778195e+00,3.000121663517445914e+00
9.339479843217242205e+01,7.555767330416256300e+01,9.342383535614553480e-01,1.248383672063078986e+00,1.609220530237088997e+00,0.000000000000000000e+00,1.501325964824419046e+00,3.000141596473039129e+00
9.353131965778621293e+01,7.572112077307144773e+01,9.378219917631535063e-01,9.789200383508953607e-01,1.598304242319007917e+00,0.000000000000000000e+00,1.513887225573202322e+00,3.000101010118300326e+00
9.363051131842173902e+01,7.584446504810040324e+01,9.377888438616945876e-01,9.900776509691548988e-01,1.598207838543217907e+00,0.000000000000000000e+00,1.484133410609045578e+00,3.000360307574111207e+00
9.375030132019631424e+01,7.600318706140049585e+01,9.377546006405010903e-01,1.363235016341343808e+00,1.601834611070045877e+00,0.000000000000000000e+00,1.490076952870485361e+00,3.000158832444868473e+00
9.391547725730767127e+01,7.615172407418377531e+01,9.422683856556820503e-01,1.429467598904798020e+00,1.595154921519808200e+00,0.000000000000000000e+00,1.484766285920952722e+00,2.999784850840626849e+00
9.402553995158763200e+01,7.631518995031308350e+01,9.440609842578304711e-01,1.241187222457865502e+00,1.586437744642209768e+00,0.000000000000000000e+00,1.531828987810312848e+00,3.000168828462626891e+00
9.418723724467456293e+01,7.648952702667925507e+01,9.278380917895322488e-01,9.664445885681826054e-01,1.630541523296434425e+00,0.000000000000000000e+00,1.520702030227209400e+00,2.999678666922214187e+00
9.413043573227290040e+01,7.666503131612144273e+01,9.273982654276552440e-01,9.097635294372177217e-01,1.602062487715322447e+00,0.000000000000000000e+00,1.499855601997559074e+00,2.999995222538394124e+00
9.449625025019746261e+01,7.678639375834872283e+01,9.323729555530223534e-01,1.531551931846932169e+00,1.614631349624418899e+00,0.000000000000000000e+00,1.495327127099674636e+00,2.999894842762190539e+00
9.455838562247259915e+01,7.700637945974729348e+01,9.400998971177382257e-01,8.250728599784808992e-01,1.616646463296761871e+00,0.000000000000000000e+00,1.491590788062853612e+00,3.000123667884765144e+00
9.458013291847120740e+01,7.719342647409216340e+01,9.472067418142704476e-01,1.301533627272333238e+00,1.638034698274603240e+00,0.000000000000000000e+00,1.511617835662190545e+00,2.999902087032965792e+00
9.462962937640946848e+01,7.735097065559375551e+01,9.355931591625717969e-01,1.268271705016906781e+00,1.604187841960933891e+00,0.000000000000000000e+00,1.485133433533124103e+00,3.000277370532417720e+00
9.489693583067654004e+01,7.754869109154999762e+01,9.382104267199257164e-01,1.272129076699471950e+00,1.615902094830371727e+00,0.000000000000000000e+00,1.492244630875773082e+00,3.000153013066949370e+00
9.501826864676142748e+01,7.769669475042738327e+01,9.316567539856744906e-01,1.082864995586880541e+00,1.615340562778235345e+00,0.000000000000000000e+00,1.501404551405260523e+00,3.000201526779135097e+00
9.512008890535007311e+01,7.774920582929655666e+01,9.368558850588015741e-01,1.023418287229113766e+00,1.603732161108472498e+00,0.000000000000000000e+00,1.500158045467094858e+00,2.999918039594633878e+00
9.513758018853046394e+01,7.799157480064488368e+01,9.380678699301856494e-01,1.206393103400954514e+00,1.617345968098942821e+00,0.000000000000000000e+00,1.497475992863609884e+00,2.999969652635075423e+00
9.527225003601741093e+01,7.808111237600620314e+01,9.330346008118525214e-01,1.073092551748021650e+00,1.624091350736853734e+00,0.000000000000000000e+00,1.501222267388459874e+00,2.999978210987164662e+00
9.544665482177877891e+01,7.829864051266474689e+01,9.327532027435651019e-01,1.183887644319800980e+00,1.609777357001440201e+00,0.000000000000000000e+00,1.484649996039359765e+00,3.000238796919365569e+00
9.559063629825791963e+01,7.845870143655898232e+01,9.419636781318316832e-01,8.326360046111780377e-01,1.611793562228418075e+00,0.000000000000000000e+00,1.509326714074001874e+00,2.999900253293383390e+00
9.555609179358444294e+01,7.865019240106776977e+01,9.380983708998977821e-01,1.082845409179751028e+00,1.607245973701743269e+00,0.000000000000000000e+00,1.497231993584087650e+00,2.999708606156384239e+00
9.590289568794619868e+01,7.885023973325975533e+01,9.331689939658653898e-01,1.028475765351972049e+00,1.591288622431130007e+00,0.000000000000000000e+00,1.501883520736079891e+00,2.999883479525861762e+00
9.583327113738646119e+01,7.901389429666090791e+01,9.349563551213447843e-01,1.319345561465167682e+00,1.610307048054354206e+00,0.000000000000000000e+00,1.489576575258912294e+00,3.000117740750275264e+00
9.595551407837307067e+01,7.913612669550404632e+01,9.290555870728530730e-01,8.298011478393070295e-01,1.605989113696483006e+00,0.000000000000000000e+00,1.506160853429768798e+00,2.999880206072814026e+00
9.616233571424587012e+01,7.920528769501422062e+01,9.351550048497062617e-01,1.500900579559300452e+00,1.615813687187838132e+00,0.000000000000000000e+00,1.507007747404083942e+00,3.000202407899075219e+00
9.616845464924291775e+01,7.945911882769625834e+01,9.375584692899885386e-01,1.217061987267859413e+00,1.635354756857157366e+00,0.000000000000000000e+00,1.506481715007529809e+00,3.000162280806366155e+00
9.636637328519061896e+01,7.955802402002913709e+01,9.333875542515081003e-01,1.178213950852145864e+00,1.586166292761527874e+00,0.000000000000000000e+00,1.499664068510079051e+00,2.999935824869382817e+00
9.639415789716491645e+01,7.969985642480267529e+01,9.340117148910540568e-01,1.094928655984019006e+00,1.606979519382484067e+00,0.000000000000000000e+00,1.490017537970139250e+00,3.000137096934905045e+00
9.652610598487558491e+01,7.994547629916432641e+01,9.298592833423283688e-01,1.118859516483847516e+00,1.602249852475779779e+00,0.000000000000000000e+00,1.476320399448079579e+00,3.000276116389470005e+00
9.669797387355123419e+01,8.012888427417358628e+01,9.380982520873049069e-01,1.444361565973815820e+00,1.601161341274466299e+00,0.000000000000000000e+00,1.499652945462740306e+00,3.000031434695460408e+00
9.683622526356899129e+01,8.017907152328383802e+01,9.321698403883552642e-01,1.261449653472762167e+00,1.601679344836729246e+00,0.000000000000000000e+00,1.502161973274521944e+00,2.999882983454656760e+00
9.695433755710448054e+01,8.038304580656495091e+01,9.405958697542178282e-01,1.165507944481037450e+00,1.635310240818511618e+00,0.000000000000000000e+00,1.493477293212679857e+00,3.000142815792480988e+00
9.710982947934756737e+01,8.059653481253288021e+01,9.389235608739691097e-01,1.432526760677170996e+00,1.643880974090448976e+00,0.000000000000000000e+00,1.495872054378431848e+00,3.000003564487272900e+00
9.724323837535723669e+01,8.074446055189682170e+01,9.377826698505800085e-01,1.274584441848479521e+00,1.594412870974790231e+00,0.000000000000000000e+00,1.487431681058918098e+00,3.000140295059038120e+00
9.723421626210107149e+01,8.087856837249778152e+01,9.439065238819390746e-01,6.268857363196076449e-01,1.619607633197893470e+00,0.000000000000000000e+00,1.498374110506915269e+00,3.000255125876451157e+00
9.740151658963317516e+01,8.107092484095717566e+01,9.473225402615615964e-01,1.377561484553223359e+00,1.619752429199469379e+00,0.000000000000000000e+00,1.468717271852339579e+00,2.999829844235010867e+00
9.747360399826588662e+01,8.119948044708806378e+01,9.380012305560236907e-01,9.977307174250251709e-01,1.632102292020134016e+00,0.000000000000000000e+00,1.488452715333269394e+00,2.999933942915986140e+00
9.775701567007449455e+01,8.135080077060636938e+01,9.458650528403421687e-01,9.156642955238762926e-01,1.613553377687638068e+00,0.000000000000000000e+00,1.497505671710757325e+00,2.999985428883351624e+00
9.769399475008104616e+01,8.148516851890205714e+01,9.293418322230243556e-01,1.170851434037270433e+00,1.601669440017922996e+00,0.000000000000000000e+00,1.507852176033763980e+00,3.000011646995921044e+00
9.787174966611382843e+01,8.165519306450114811e+01,9.317758808077536425e-01,8.822475849379002311e-01,1.608902095540067023e+00,0.000000000000000000e+00,1.493163540508312792e+00,2.999815298698440102e+00
9.802686629954780528e+01,8.188299911708728018e+01,9.398747154728221975e-01,8.797721042241819500e-01,1.629602488785406589e+00,0.000000000000000000e+00,1.508631636272117493e+00,2.999953521991720606e+00
9.812344523261543827e+01,8.201127232847856874e+01,9.405219181119892635e-01,1.405323864529457678e+00,1.612939985018690070e+00,0.000000000000000000e+00,1.507332625963305306e+00,3.000265315913107411e+00
9.820970502721124262e+01,8.211322542362474053e+01,9.429814165883870780e-01,1.164271463674111606e+00,1.593177164391272438e+00,0.000000000000000000e+00,1.491213493951818236e+00,2.999980698136051060e+00
9.829924939353256264e+01,8.233496758572606211e+01,9.335410408528362902e-01,1.146741986406456970e+00,1.608910214991648102e+00,0.000000000000000000e+00,1.509498546027364885e+00,2.999850411213553780e+00
9.847614685123291167e+01,8.254436949010154478e+01,9.357094203138894839e-01,1.617910671843471260e+00,1.600248225961569348e+00,0.000000000000000000e+00,1.505158894029371863e+00,2.999868810553754095e+00
9.854933806101658433e+01,8.261897150453027905e+01,9.368165225674515151e-01,1.095902058484667041e+00,1.622812216681204456e+00,0.000000000000000000e+00,1.519980091284707679e+00,2.999921877674806669e+00
9.868943560050142594e+01,8.285340785832856625e+01,9.474590264608490076e-01,1.414336334878216972e+00,1.609380340294320533e+00,0.000000000000000000e+00,1.504456378342593048e+00,3.000094064596961374e+00
9.888733325319489609e+01,8.306618290545696937e+01,9.405649073035380336e-01,7.292662646752481326e-01,1.618114147629352795e+00,0.000000000000000000e+00,1.521172683730526831e+00,3.000122827398517433e+00
9.906452485642398642e+01,8.311868866540923761e+01,9.436071639248831966e-01,1.511481820106497898e+00,1.605758920820558711e+00,0.000000000000000000e+00,1.508268744437531783e+00,3.000100230044240313e+00
9.913128746000560909e+01,8.328723684548866402e+01,9.386929823557628172e-01,1.366383130730039586e+00,1.609455134979613788e+00,0.000000000000000000e+00,1.513333797764467636e+00,3.000233294092832903e+00
9.920300234040276166e+01,8.343459732256559391e+01,9.367224358769078441e-01,1.071305610398754826e+00,1.614176746288481512e+00,0.000000000000000000e+00,1.510273878474763354e+00,3.000142584238870480e+00
9.916492854675838942e+01,8.364232062137267576e+01,9.310633962030394617e-01,1.069473339835047998e+00,1.608775259092125598e+00,0.000000000000000000e+00,1.490980862273140861e+00,3.000140854897409337e+00
9.937669547250042967e+01,8.379792254659562900e+01,9.372605451330655590e-01,1.289994231685393178e+00,1.603991206557642935e+00,0.000000000000000000e+00,1.512966489421161187e+00,2.999852026754046719e+00
9.961612619930727419e+01,8.390323521983131627e+01,9.350929344019213163e-01,1.082982570183139703e+00,1.604122677231253569e+00,0.000000000000000000e+00,1.488413875320008906e+00,3.000060204315771362e+00
9.966033631403861648e+01,8.411705169954939265e+01,9.389128016267561661e-01,7.144525526689696759e-01,1.637625982809420844e+00,0.000000000000000000e+00,1.496861674830182176e+00,2.999898549521106350e+00
9.979501795710191914e+01,8.427604978791804058e+01,9.361844188123433774e-01,1.193305553439214739e+00,1.587882127085415540e+00,0.000000000000000000e+00,1.498244117922622909e+00,2.999844458212618914e+00
9.992306490429756138e+01,8.438984814171455184e+01,9.378929557428458130e-01,1.302480633334764715e+00,1.588243766933536971e+00,0.000000000000000000e+00,1.489044670555240479e+00,2.999997910010798741e+00
1.000778263346155228e+02,8.460272487726513191e+01,9.445387850775338601e-01,1.585004967648755647e+00,1.600324802303958904e+00,0.000000000000000000e+00,1.492244419291704149e+00,2.999810373205157088e+00
1.001111720347446123e+02,8.474874602358542575e+01,9.355695061302740090e-01,1.440159979639263899e+00,1.607276104444893994e+00,0.000000000000000000e+00,1.500085218339265225e+00,3.000070690115310246e+00
1.001255981587634238e+02,8.500892489745646685e+01,9.360100034000441438e-01,1.112694513856742340e+00,1.615224830533321221e+00,0.000000000000000000e+00,1.511086562493564989e+00,3.000131661809080974e+00
1.003237187344438865e+02,8.507015072693506852e+01,9.273154191092309873e-01,1.034571218336454823e+00,1.580546761541296918e+00,0.000000000000000000e+00,1.504700290500524895e+00,3.000045016790761299e+00
1.005147380570693372e+02,8.521355808154901013e+01,9.399241083272721342e-01,9.024502976790285125e-01,1.604792457120375548e+00,0.000000000000000000e+00,1.497215162776353914e+00,3.000062989608553998e+00
1.007684342308692464e+02,8.545619071931733401e+01,9.443539923858524920e-01,1.318050984191680541e+00,1.611325892798487480e+00,0.000000000000000000e+00,1.509246585220298753e+00,3.000097511294189445e+00
1.007940036574794931e+02,8.544301847793832394e+01,9.345551873445431257e-01,9.968737566018263108e-01,1.611785535975553518e+00,0.000000000000000000e+00,1.511521451142620709e+00,3.000111693983852579e+00
1.009036004239613220e+02,8.573571068566890574e+01,9.274020938373853662e-01,1.058876275827586699e+00,1.605243091087809271e+00,0.000000000000000000e+00,1.495303047557653198e+00,2.999924048829631484e+00
1.009755680936575715e+02,8.589916718091427583e+01,9.402872421448608131e-01,9.478597479031386497e-01,1.620863763867970819e+00,0.000000000000000000e+00,1.515554950873680085e+00,3.000036737697748368e+00
1.011754135103159200e+02,8.605382276197499891e+01,9.344054705565536523e-01,1.131674362327208971e+00,1.637611352577650781e+00,0.000000000000000000e+00,1.474998661040885839e+00,2.999841106292089776e+00
1.011841718875487004e+02,8.619908371733929187e+01,9.387849978476284774e-01,1.017856793428126849e+00,1.614143591593514948e+00,0.000000000000000000e+00,1.510873243802800081e+00,3.000311265119659954e+00
1.012584655633186657e+02,8.629117878577577017e+01,9.393009586404309497e-01,1.212472966372104999e+00,1.603167521891394998e+00,0.000000000000000000e+00,1.511332531692831216e+00,2.999990505100815774e+00
1.015375844520743129e+02,8.653430091519221889e+01,9.400817747215520770e-01,1.539862137755273475e+00,1.612660042187977094e+00,0.000000000000000000e+00,1.496634226283051206e+00,2.999903298061322054e+00
1.015165159318328989e+02,8.665603632864889505e+01,9.407984225381437193e-01,1.096985838540847302e+00,1.622270168751501096e+00,0.000000000000000000e+00,1.493652081579150304e+00,2.999762111169819168e+00
1.017539002725037562e+02,8.672477111577886433e+01,9.362862111613458049e-01,1.292199671777759074e+00,1.630079608328824703e+00,0.000000000000000000e+00,1.497990486303859337e+00,3.000004184600636670e+00
1.018497411219053390e+02,8.700613701955101931e+01,9.391254819223726624e-01,1.051856609946084209e+00,1.584723860385923500e+00,0.000000000000000000e+00,1.504344573424303722e+00,2.999988893058191053e+00
1.019508276994999534e+02,8.725826861886484664e+01,9.376541201507668788e-01,1.069056528747782231e+00,1.600142519919643735e+00,0.000000000000000000e+00,1.488962626997512695e+00,3.000003194408900065e+00
1.020666610616217866e+02,8.728262212591864966e+01,9.417734145612803864e-01,1.567734152561547800e+00,1.612451347224864495e+00,0.000000000000000000e+00,1.513851496005441444e+00,2.999850871931003304e+00
1.021574667831456793e+02,8.748269768516962586e+01,9.381281014785297634e-01,1.381036006622047951e+00,1.602556649601562411e+00,0.000000000000000000e+00,1.538234704153929933e+00,3.000180241555877370e+00
1.022712657434854435e+02,8.763960442784650695e+01,9.414536930892584143e-01,1.159438868604813599e+00,1.616971075186472540e+00,0.000000000000000000e+00,1.483819973726979935e+00,3.000254697599789466e+00
1.023138920819272215e+02,8.786337989133836857e+01,9.427350496453813511e-01,1.060699594843458771e+00,1.608626270034334116e+00,0.000000000000000000e+00,1.507779492544188527e+00,3.000207957572937012e+00
1.024812049196324040e+02,8.794464991931620546e+01,9.314463526172543917e-01,1.090492461353545162e+00,1.597985581034520042e+00,0.000000000000000000e+00,1.525508840019866197e+00,2.999708126792331786e+00
1.025022592510373727e+02,8.815657281095509745e+01,9.401425767405610090e-01,1.185249403524574641e+00,1.618908886552717474e+00,0.000000000000000000e+00,1.510098507137343393e+00,2.999844458424513860e+00
1.028064363741826099e+02,8.823685879209509153e+01,9.417485140983344882e-01,1.217426343496757157e+00,1.616292643129220163e+00,0.000000000000000000e+00,1.486239966678829738e+00,3.000061241328509265e+00
1.028521905937959389e+02,8.846834127421749372e+01,9.348634737497891756e-01,7.562044071549555158e-01,1.619617236927863857e+00,0.000000000000000000e+00,1.492343399092772804e+00,2.999986922081076646e+00
1.030839716460307613e+02,8.860187922146529615e+01,9.504391816719722774e-01,9.866259260179396362e-01,1.595574810772544261e+00,0.000000000000000000e+00,1.493737898172488920e+00,3.000234623856263383e+00
1.030850683464254445e+02,8.874574066483684476e+01,9.339694386065475751e-01,1.649778207580685718e+00,1.603960400138673803e+00,0.000000000000000000e+00,1.482895294499738892e+00,2.999915032959604044e+00
1.032498153634474249e+02,8.892433593034631656e+01,9.473306183336346331e-01,1.387162685367822501e+00,1.615811909374709199e+00,0.000000000000000000e+00,1.484728635571411992e+00,2.999944662597873180e+00
1.032938209964519132e+02,8.905474752841881525e+01,9.317194162968445159e-01,1.202360268109546437e+00,1.604279013897871753e+00,0.000000000000000000e+00,1.492211832953943995e+00,2.999892457502674414e+00
1.034696453069346518e+02,8.925128896781659193e+01,9.245291790386243047e-01,1.384833470029113833e+00,1.612175629835862267e+00,0.000000000000000000e+00,1.496800539824434173e+00,3.000006010019818259e+00
1.035591828370790779e+02,8.941025701082043042e+01,9.289169767772872399e-01,1.190459697469103517e+00,1.605861321458837754e+00,0.000000000000000000e+00,1.492985462152432774e+00,3.000018505884240128e+00
1.036695892373468126e+02,8.961061307536212439e+01,9.335542798100995299e-01,1.307992251657448923e+00,1.644192760184252755e+00,0.000000000000000000e+00,1.497867619029740638e+00,2.999913428694862993e+00
1.038993790884253627e+02,8.969319418230818997e+01,9.399778239017216874e-01,1.043951304532946267e+00,1.622707190178380499e+00,0.000000000000000000e+00,1.490045992942601760e+00,3.000248532209961461e+00
1.039129078953304202e+02,8.991196582913416080e+01,9.338089954521431313e-01,1.109167316775326206e+00,1.622817933729355566e+00,0.000000000000000000e+00,1.517123497325753023e+00,2.999944976298297039e+00
1.040201801739941203e+02,9.007389866308255932e+01,9.276713025777759691e-01,1.005648680444099385e+00,1.621820981403352180e+00,0.000000000000000000e+00,1.507072211465038780e+00,3.000159194317822742e+00
1.040883366971018518e+02,9.025802096825940168e+01,9.276814926810171835e-01,8.671874309444400630e-01,1.620213292023821916e+00,0.000000000000000000e+00,1.497032041186570961e+00,3.000120625370153782e+00
1.043014194493550519e+02,9.030960077448582979e+01,9.373633447974505373e-01,1.146293413398968619e+00,1.612648748501569917e+00,0.000000000000000000e+00,1.496756175065344863e+00,2.999880296989591244e+00
1.042755737216584748e+02,9.049268384643370666e+01,9.388579566784004404e-01,1.021412491980207005e+00,1.611694405955450993e+00,0.000000000000000000e+00,1.517292034138210788e+00,2.999824388387471341e+00
1.044897413452194144e+02,9.072443944402468219e+01,9.406259044148301829e-01,1.375255278428821670e+00,1.596028485091615767e+00,0.000000000000000000e+00,1.499051370308586373e+00,2.999966879532386166e+00
1.048414953455210679e+02,9.082456614977550657e+01,9.364944846951454016e-01,1.252126606317581992e+00,1.617682172316662337e+00,0.000000000000000000e+00,1.499342938059092356e+00,2.999903459832943042e+00
1.048032732546507617e+02,9.102722429225326550e+01,9.364767275345085018e-01,1.050584929030462966e+00,1.623992753010940815e+00,0.000000000000000000e+00,1.515042176304147725e+00,2.999850349887998480e+00
1.048355433216365924e+02,9.116679735591286260e+01,9.375328201955774876e-01,1.135749742500427484e+00,1.606817371884194268e+00,0.000000000000000000e+00,1.500649503657945916e+00,3.000024083058106417e+00
1.051558719697594313e+02,9.144310352495067207e+01,9.370497110286030162e-01,1.144156076508456632e+00,1.613980071265910032e+00,0.000000000000000000e+00,1.486686807367281649e+00,2.999886413129375207e+00
1.052221386675139030e+02,9.146970066989877068e+01,9.374228143077583120e-01,1.225515889166876926e+00,1.626269194428859421e+00,0.000000000000000000e+00,1.500185457911500597e+00,2.999637909529242030e+00
1.053432323879696497e+02,9.164028741661573463e+01,9.464035113933667587e-01,9.132471375078627940e-01,1.588184544088752093e+00,0.000000000000000000e+00,1.503908760896176089e+00,3.000028031385650440e+00
1.053253837552861398e+02,9.184937969631307908e+01,9.430668324479112297e-01,1.162320569163735939e+00,1.622184721987197653e+00,0.000000000000000000e+00,1.481231458299150372e+00,3.000006964268433940e+00
1.054924931951301517e+02,9.210659479334759681e+01,9.460774836478285099e-01,1.035516792246941042e+00,1.608363098242601374e+00,0.000000000000000000e+00,1.498823766777140465e+00,3.000071142910636368e+00
1.055168729339242475e+02,9.216692642886899023e+01,9.390206459501296843e-01,1.059231426082269945e+00,1.611822489657801283e+00,0.000000000000000000e+00,1.507112157191287105e+00,2.999897659206991474e+00
1.057208568524153094e+02,9.233108990322737952e+01,9.384238072037519585e-01,1.304994433141984267e+00,1.614898369370904474e+00,0.000000000000000000e+00,1.487901170579943644e+00,2.999878577158641590e+00
1.058476088873836432e+02,9.246826760021220082e+01,9.346830639393975959e-01,1.095372128093887509e+00,1.635164185298693340e+00,0.000000000000000000e+00,1.488744243991744876e+00,2.999993956728734368e+00
1.060255581386997221e+02,9.253131613685151535e+01,9.386049155550852952e-01,1.008397846628293459e+00,1.624586920009813529e+00,0.000000000000000000e+00,1.496144166992677382e+00,3.000229679086164669e+00
1.061160656281079468e+02,9.278812253829715928e+01,9.279143612234941330e-01,8.930736700874103429e-01,1.622926271226981410e+00,0.000000000000000000e+00,1.505272415392907792e+00,2.999966576761748716e+00
1.063407534126112779e+02,9.289240647720266963e+01,9.402421024685665429e-01,1.497661914137772943e+00,1.644891246549840869e+00,0.000000000000000000e+00,1.489676670458311980e+00,3.000120260736046873e+00
1.063423136057991201e+02,9.308175381441688501e+01,9.298152915740023339e-01,1.212191688924541877e+00,1.611807621727642248e+00,0.000000000000000000e+00,1.516662041705824304e+00,3.000321472569874359e+00
1.064633360343716646e+02,9.327821056804015143e+01,9.247705628131515088e-01,1.270575089396153601e+00,1.614199026863241349e+00,0.000000000000000000e+00,1.485535839105674993e+00,3.000115813372760343e+00
1.064605632898421845e+02,9.339511053460842049e+01,9.409442201683092533e-01,1.099193204210444863e+00,1.619574449293519569e+00,0.000000000000000000e+00,1.514696766647096737e+00,2.999973396696559824e+00
1.066918395987813710e+02,9.362185067641446778e+01,9.315688664100779670e-01,8.876234223436958448e-01,1.606094621116136656e+00,0.000000000000000000e+00,1.495351485851110995e+00,2.999927794087775990e+00
1.067389987556785229e+02,9.374521863762720386e+01,9.359204626575555741e-01,1.035417113625960006e+00,1.612480612018997617e+00,0.000000000000000000e+00,1.478962210955355072e+00,2.999843465388117636e+00
1.068705559090547155e+02,9.397318163758238541e+01,9.294149209525175426e-01,1.161300305425098323e+00,1.594944219974121946e+00,0.000000000000000000e+00,1.493248574855531974e+00,2.999779298723163734e+00
1.069346451028519880e+02,9.408558028054611100e+01,9.295323591907468375e-01,1.200336929070105141e+00,1.606838703798480150e+00,0.000000000000000000e+00,1.502914280332818597e+00,2.999895912374504814e+00
1.072533101030044520e+02,9.424557926455652535e+01,9.410606503407723533e-01,8.740021959317326727e-01,1.598503317932725709e+00,0.000000000000000000e+00,1.518479385888385158e+00,2.999929503165374545e+00
1.072177255813228953e+02,9.449364069044894165e+01,9.422539845118714785e-01,1.320359003000028730e+00,1.599885049019388106e+00,0.000000000000000000e+00,1.497139845922356383e+00,3.000032311586276368e+00
1.072016333870456322e+02,9.462044285401940158e+01,9.413508198564988216e-01,1.156494950511388398e+00,1.593145851494409904e+00,0.000000000000000000e+00,1.516530337352993696e+00,3.000212150440064729e+00
1.075960895707408440e+02,9.478694438766551400e+01,9.448604733698170444e-01,1.090495188164782858e+00,1.586460116040970814e+00,0.000000000000000000e+00,1.497389029554614837e+00,2.999830047019100387e+00
1.075785192987066097e+02,9.485472158107512541e+01,9.382118578736350356e-01,1.130654616808339341e+00,1.605510726487415996e+00,0.000000000000000000e+00,1.505400086141611915e+00,3.000115729485399729e+00
1.076594384456699771e+02,9.508020420515457261e+01,9.361400144243700039e-01,1.342055685094140083e+00,1.628711216103853276e+00,0.000000000000000000e+00,1.491338578070456000e+00,2.999798435462647017e+00
1.078964534013894649e+02,9.524257679762975215e+01,9.339484807885085615e-01,1.167659598060999393e+00,1.620993376968727917e+00,0.000000000000000000e+00,1.499156318451641434e+00,3.000096395315262843e+00
1.079850805024464790e+02,9.543768735499251932e+01,9.341929638500622302e-01,1.144135597853891184e+00,1.607342669170304994e+00,0.000000000000000000e+00,1.498339643011850963e+00,2.999907824427914704e+00
1.080975609295114879e+02,9.556090748779416799e+01,9.450827415905346252e-01,1.319546630211052785e+00,1.610349281572914570e+00,0.000000000000000000e+00,1.497867303129245986e+00,2.999728605278441762e+00
1.082498356161210324e+02,9.571639004986080579e+01,9.446636308238622881e-01,8.172483327093142957e-01,1.585794442444461660e+00,0.000000000000000000e+00,1.501106257103794972e+00,3.000268651139136100e+00
1.082703542933416685e+02,9.587293201801381315e+01,9.445776580124740640e-01,1.291506360829020483e+00,1.632765768451188482e+00,0.000000000000000000e+00,1.510213771391381687e+00,3.000060668518570228e+00
1.084624765533291821e+02,9.597757850444848771e+01,9.429375126814099062e-01,1.252599452347157305e+00,1.620641172521350537e+00,0.000000000000000000e+00,1.511947930661518003e+00,2.999985248727306875e+00
1.087154826931240308e+02,9.618757818203663135e+01,9.362896591734545249e-01,1.623684593416845345e+00,1.617807079045446850e+00,0.000000000000000000e+00,1.489453292261808670e+00,2.999953957868456200e+00
1.086055088984814319e+02,9.630899444987848312e+01,9.339393020454351824e-01,1.292738290304840332e+00,1.605413739079950997e+00,0.000000000000000000e+00,1.498602661590213270e+00,2.999985895005875314e+00
1.086710421638766348e+02,9.652199565262543501e+01,9.453618703837447512e-01,1.380100975233259586e+00,1.613047989705832963e+00,0.000000000000000000e+00,1.492387964168964798e+00,3.000092895822318972e+00
1.090545239905311519e+02,9.666915996238276421e+01,9.423685166531414747e-01,1.583921361117820226e+00,1.615411003133475853e+00,0.000000000000000000e+00,1.497745226362173776e+00,3.000129843500519922e+00
1.091296528655548457e+02,9.688700732251614056e+01,9.371898277345267481e-01,1.156667595067444987e+00,1.606475311542333362e+00,0.000000000000000000e+00,1.508560170350178975e+00,2.999774384080318601e+00
1.091927800026175674e+02,9.702248189779569998e+01,9.338268868141421652e-01,1.105676154202745787e+00,1.605849615952776643e+00,0.000000000000000000e+00,1.484726826726372462e+00,2.999952607523627357e+00
1.092826464391344388e+02,9.714744633152790243e+01,9.334081843227082231e-01,1.302199463568434856e+00,1.633976372867740778e+00,0.000000000000000000e+00,1.488514640101210151e+00,2.999956048728447122e+00
1.093273380251721960e+02,9.738600509851474385e+01,9.429144557282173045e-01,1.185548560199519708e+00,1.620836488569916023e+00,0.000000000000000000e+00,1.502691911622723975e+00,2.999934217320277874e+00
1.094732197892502370e+02,9.747780843670506101e+01,9.329002344865868768e-01,1.062030161642460335e+00,1.599661456591916719e+00,0.000000000000000000e+00,1.474594589020586044e+00,3.000055476239433361e+00
1.096083475435909804e+02,9.761414070356707384e+01,9.354304323067317295e-01,1.258016934038028944e+00,1.615632379458935342e+00,0.000000000000000000e+00,1.504134373969630900e+00,2.999823640595090435e+00
1.097375045023354971e+02,9.785628253934416421e+01,9.432889250226923483e-01,1.485063043051227494e+00,1.629112517608744426e+00,0.000000000000000000e+00,1.477167323649174246e+00,3.000153462965338580e+00
1.098710034630557004e+02,9.788107421991367119e+01,9.469016437039528000e-01,1.094507585910186931e+00,1.618014398809727972e+00,0.000000000000000000e+00,1.497439193069754371e+00,3.000070419461362548e+00
1.099866806312598868e+02,9.810334700608990488e+01,9.454539200007864297e-01,1.487820483435130292e+00,1.607527338078615697e+00,0.000000000000000000e+00,1.473641497403513911e+00,3.000208860695404045e+00
1.100210443104650864e+02,9.816823681634292598e+01,9.395588112908864753e-01,1.135041869879187093e+00,1.605665206617349128e+00,0.000000000000000000e+00,1.496874148542041816e+00,2.999885325848301143e+00
1.102692835262347728e+02,9.845783275441660010e+01,9.453722375086948126e-01,1.234889147918472707e+00,1.619361122330627456e+00,0.000000000000000000e+00,1.507394652277119329e+00,2.999942640083367973e+00
1.102459111793214959e+02,9.860714554027460110e+01,9.344250382951385658e-01,1.139567758988089485e+00,1.633083968851058998e+00,0.000000000000000000e+00,1.505065938306679785e+00,2.999954186630861663e+00
1.105184435571048027e+02,9.875956729998857497e+01,9.388999954453660646e-01,1.300012232962465708e+00,1.624630245405425111e+00,0.000000000000000000e+00,1.510097254708201220e+00,3.000084782453850796e+00
1.105875056627243680e+02,9.899037983711738775e+01,9.345744412401690848e-01,1.370602117327061720e+00,1.608892620924994077e+00,0.000000000000000000e+00,1.492770729703938537e+00,3.000203576633862834e+00
1.107420956753128678e+02,9.908204898943471051e+01,9.343739490033611261e-01,1.027788159179440886e+00,1.619632220870721451e+00,0.000000000000000000e+00,1.511064421720917927e+00,2.999793051798331778e+00
1.108496088129735142e+02,9.926692226402603580e+01,9.415777069414903444e-01,1.564384955878006966e+00,1.604589356058205851e+00,0.000000000000000000e+00,1.514102339587806600e+00,3.000191544078264716e+00
1.109620832276782494e+02,9.947982660791521425e+01,9.331599787469472274e-01,1.272199436525336846e+00,1.628422522532682937e+00,0.000000000000000000e+00,1.489911883839091011e+00,3.000100831935405665e+00
1.109034927531089636e+02,9.958962144004301820e+01,9.302259552692129230e-01,1.045598780578318898e+00,1.620803433368997792e+00,0.000000000000000000e+00,1.531173653117685385e+00,2.999890562486462908e+00
1.110719552357206368e+02,9.973932147155565531e+01,9.434139302395779803e-01,9.687805622023880625e-01,1.600932752548706040e+00,0.000000000000000000e+00,1.499640657457771198e+00,3.000109890532507873e+00
1.112752517286628517e+02,9.995162260701467005e+01,9.323620467619917473e-01,1.242541705885690240e+00,1.596240486688210947e+00,0.000000000000000000e+00,1.497265416513715142e+00,3.000027883670325135e+00
1.113226260663322194e+02,1.001549598228511968e+02,9.399263774179713593e-01,1.349417483006365215e+00,1.604563285320590893e+00,0.000000000000000000e+00,1.485617516676371208e+00,2.999954870229763593e+00
1.114739778151648721e+02,1.002592943697427756e+02,9.338510424005412869e-01,1.127005914860295999e+00,1.625072111489428428e+00,0.000000000000000000e+00,1.516603768306694189e+00,3.000271505212531498e+00
1.115505959902369710e+02,1.004331964922219242e+02,9.395786038097277970e-01,1.553711826542964580e+00,1.605603406386096665e+00,0.000000000000000000e+00,1.483829997448047555e+00,3.000106848992929010e+00
1.116889200683716012e+02,1.006144425601966361e+02,9.394801164124830795e-01,1.189686821711567699e+00,1.628285667142765458e+00,0.000000000000000000e+00,1.487957254897347648e+00,3.000116477541321380e+00
1.118142263863773991e+02,1.007196579070996023e+02,9.350064282107988234e-01,1.447502246456614738e+00,1.606538727494835728e+00,0.000000000000000000e+00,1.512152897093097970e+00,2.999993503285355079e+00
1.120123392833218077e+02,1.008484586224142845e+02,9.362035995884544493e-01,1.656194029716382854e+00,1.593059283568297513e+00,0.000000000000000000e+00,1.496172311744483618e+00,2.999859593764028887e+00
1.120545848458485381e+02,1.009655035083246020e+02,9.340491050510865145e-01,1.058228331109237308e+00,1.614109704841262261e+00,0.000000000000000000e+00,1.499474112372650270e+00,3.000047875809439102e+00
1.121920017844523159e+02,1.013195313139380858e+02,9.353246034097730810e-01,7.965681935459174579e-01,1.625073357558477483e+00,0.000000000000000000e+00,1.489742400161895963e+00,3.000160901994904705e+00
1.123038273608839575e+02,1.013339134553919081e+02,9.350946661359617051e-01,9.866230296614378892e-01,1.622737278402491379e+00,0.000000000000000000e+00,1.489941558238045971e+00,2.999902704097956896e+00
1.122687977921545013e+02,1.015610012490996326e+02,9.406157049742140952e-01,1.419207585855115195e+00,1.587323973680522693e+00,0.000000000000000000e+00,1.522639910533932994e+00,2.999905689214712456e+00
1.126946232119077820e+02,1.017276051076138259e+02,9.350268479799722643e-01,1.657293773601342446e+00,1.619490189086479903e+00,0.000000000000000000e+00,1.496188373732923349e+00,3.000018352225837681e+00
1.127104632944147227e+02,1.018436505688165568e+02,9.445339385555983069e-01,8.595701691261824484e-01,1.617691394609201305e+00,0.000000000000000000e+00,1.489591823006482185e+00,2.999968593914399850e+00
1.127369306508294642e+02,1.019865446624261267e+02,9.302607405111854577e-01,7.761764859243106551e-01,1.584144786137418492e+00,0.000000000000000000e+00,1.506981764857114880e+00,2.999849487231480261e+00
1.128530367012963325e+02,1.021382083471157927e+02,9.413887222343932937e-01,8.997119416328542840e-01,1.624831513841365371e+00,0.000000000000000000e+00,1.494402034007042301e+00,3.000309211656765118e+00
1.130761164691339360e+02,1.023466726064534100e+02,9.273933441588684268e-01,1.056606047491619238e+00,1.648601306628547869e+00,0.000000000000000000e+00,1.502244675920433759e+00,2.999974682239792134e+00
1.130984131605182768e+02,1.025371064425054044e+02,9.372005359083763754e-01,9.982539835898052161e-01,1.612980501688722645e+00,0.000000000000000000e+00,1.505915970002154269e+00,2.999987793376097223e+00
1.133366513934315094e+02,1.026774223270270028e+02,9.380405485638333429e-01,9.291466507750406612e-01,1.639755788967721450e+00,0.000000000000000000e+00,1.518240727889973885e+00,3.000100558768714176e+00
1.133286831074759959e+02,1.028011420638475215e+02,9.369528509879907485e-01,1.320245282384028718e+00,1.624452816096815466e+00,0.000000000000000000e+00,1.499467171964840473e+00,2.999959339113282830e+00
1.135143889983102952e+02,1.029192492334426987e+02,9.433353382728043579e-01,1.325315324718395305e+00,1.594506280671261100e+00,0.000000000000000000e+00,1.522661122455767568e+00,2.999921764641591437e+00
1.136091964372839698e+02,1.031508404267508894e+02,9.361047649093495737e-01,1.463982284985669402e+00,1.590967918244854840e+00,0.000000000000000000e+00,1.500278473141089197e+00,2.999927549447175767e+00
1.136705072050701943e+02,1.033378412877715533e+02,9.369150032776071280e-01,1.682821946065935048e+00,1.605176168793208236e+00,0.000000000000000000e+00,1.502811741404404877e+00,2.999927020219249396e+00
1.139384407549128468e+02,1.034769341647262877e+02,9.400875140816702391e-01,9.183768042285433975e-01,1.633434089607974427e+00,0.000000000000000000e+00,1.504163664089390728e+00,3.000051880558014972e+00
1.141137792726919429e+02,1.036635206105756168e+02,9.294871710653213048e-01,1.114623313449832898e+00,1.617275980368312105e+00,0.000000000000000000e+00,1.505773980840265480e+00,3.000079678006474460e+00
1.141567730911860963e+02,1.037514321477027863e+02,9.356060523842451015e-01,1.268867992565837266e+00,1.640445775234443460e+00,0.000000000000000000e+00,1.490477510180180154e+00,2.999946955248327551e+00
1.141539267263726458e+02,1.040111083427595133e+02,9.420277883834599075e-01,1.292084080759473341e+00,1.632694355357857896e+00,0.000000000000000000e+00,1.498922576415480101e+00,3.000172471577122302e+00
1.142252244197501767e+02,1.040586316946345420e+02,9.361912948386447164e-01,9.069052060601168197e-01,1.604575313413678428e+00,0.000000000000000000e+00,1.510717478741633091e+00,2.999992464415097260e+00
1.143967037155918121e+02,1.042856640144640039e+02,9.414315612181974879e-01,1.378249201423881409e+00,1.612162245078984757e+00,0.000000000000000000e+00,1.501454944338123543e+00,2.999759556426329077e+00
1.146166001159667900e+02,1.043517113748496996e+02,9.380853461792525438e-01,1.366783492973179026e+00,1.601614276572985274e+00,0.000000000000000000e+00,1.511395047720367701e+00,3.000225720404863239e+00
1.146823237054141487e+02,1.045149846804519598e+02,9.369928896051589184e-01,1.547016125485956684e+00,1.608794919008881719e+00,0.000000000000000000e+00,1.496056859610803480e+00,3.000010901273518105e+00
1.148049873949414916e+02,1.046343739086761389e+02,9.431018736376284295e-01,1.349923312837161937e+00,1.602595295959380772e+00,0.000000000000000000e+00,1.522612441362867886e+00,2.999787580297395007e+00
1.149552338958974644e+02,1.049316936219088774e+02,9.299304885561808787e-01,8.290010324173819889e-01,1.628409312633411599e+00,0.000000000000000000e+00,1.497802639862747975e+00,3.000311946569477417e+00
1.150689554833819130e+02,1.050847641710314235e+02,9.483401911434093945e-01,1.533758881648667360e+00,1.628101612460187253e+00,0.000000000000000000e+00,1.510040589444973325e+00,3.000138697451505632e+00
1.151882040246788392e+02,1.052508596732747179e+02,9.440612479958293557e-01,1.043173606867469516e+00,1.596768914818439633e+00,0.000000000000000000e+00,1.514137216879663406e+00,2.999913180605336738e+00
1.153866236355806905e+02,1.053929921083922636e+02,9.348920927382695645e-01,1.228977748885784038e+00,1.655161757559717506e+00,0.000000000000000000e+00,1.486520072824600414e+00,2.999841948379325274e+00
1.154167747595506910e+02,1.055872274387212713e+02,9.433551772830990334e-01,1.104346678423181016e+00,1.651304846883276944e+00,0.000000000000000000e+00,1.496982544070259991e+00,3.000366910963991884e+00
1.155433723211621384e+02,1.056702700948797684e+02,9.380135012037199571e-01,9.151397997949188845e-01,1.629125440838518513e+00,0.000000000000000000e+00,1.507810302542699210e+00,2.999779995243315955e+00
1.157308374556893824e+02,1.057980653914245721e+02,9.416117320931727264e-01,8.489173969300962685e-01,1.608124000674773901e+00,0.000000000000000000e+00,1.501050416276027422e+00,3.000141578664553776e+00
1.158290415490546792e+02,1.060474385316050387e+02,9.341971528187580365e-01,1.186168188848111038e+00,1.588933415372073998e+00,0.000000000000000000e+00,1.498094301502996606e+00,3.000254740753965255e+00
1.159109552646625474e+02,1.062107127297982458e+02,9.309066768337813658e-01,1.285046072095685554e+00,1.577836689432431383e+00,0.000000000000000000e+00,1.496102821194654764e+00,3.000099440072805379e+00
1.159863336726268130e+02,1.064221968832514875e+02,9.349086963461409328e-01,5.979737760868459873e-01,1.612464674175791313e+00,0.000000000000000000e+00,1.505225242892292536e+00,3.000232660424462239e+00
1.160543272679096845e+02,1.065132166875816893e+02,9.506294651285803754e-01,9.741126850558788908e-01,1.608845267970407944e+00,0.000000000000000000e+00,1.496517131085905783e+00,2.999818481678158122e+00
1.163096150704921712e+02,1.066892546167737805e+02,9.328374662751278690e-01,1.217317187662266598e+00,1.604026628221357109e+00,0.000000000000000000e+00,1.513545219659126362e+00,3.000095745285696225e+00
1.163886335391250952e+02,1.068676503617287636e+02,9.392527082492373447e-01,9.307091927203210435e-01,1.618925430828381806e+00,0.000000000000000000e+00,1.514591736992981996e+00,3.000171436843289463e+00
1.164943842412210842e+02,1.070326033483280241e+02,9.412372774737357561e-01,1.053171832277975062e+00,1.601396863469790155e+00,0.000000000000000000e+00,1.502641484437825081e+00,2.999991424261484685e+00
1.166717594095593284e+02,1.070957598172117144e+02,9.322473807870360618e-01,8.432908225137631941e-01,1.644000757402417801e+00,0.000000000000000000e+00,1.489615704629359438e+00,2.999995530372352004e+00
1.166964723666839063e+02,1.073223185920515448e+02,9.385448319277135409e-01,1.034148732439187812e+00,1.604301206485492459e+00,0.000000000000000000e+00,1.498040585685285420e+00,2.999799692088553016e+00
1.169588298789285545e+02,1.075171702220065555e+02,9.339826191727789162e-01,1.390540570268238518e+00,1.612114594394327804e+00,0.000000000000000000e+00,1.511059331943195527e+00,3.000058278014407609e+00
1.169497005147032951e+02,1.076565673806071146e+02,9.370263410849626329e-01,1.269416824719239001e+00,1.623971574268952889e+00,0.000000000000000000e+00,1.473557302077471265e+00,3.000207502252392633e+00
1.170734228715048886e+02,1.078555093545579808e+02,9.438087791499355506e-01,1.338751499118882471e+00,1.611595058297476735e+00,0.000000000000000000e+00,1.504286700839428947e+00,3.000032753425410981e+00
1.171656462133291967e+02,1.079715793057934121e+02,9.338962065241499522e-01,1.512927319815028149e+00,1.594378622589616379e+00,0.000000000000000000e+00,1.502276073764004849e+00,3.000092058776790971e+00
1.172286935926619549e+02,1.081273401425740985e+02,9.416250996715698207e-01,1.174742066832715537e+00,1.610620729727612055e+00,0.000000000000000000e+00,1.512291559908894634e+00,2.999872846483515598e+00
1.174399667809747996e+02,1.083351894444829497e+02,9.450477678884728894e-01,1.479759817864397586e+00,1.620248732144468518e+00,0.000000000000000000e+00,1.512761415219404659e+00,3.000113089072233841e+00
1.175809142647828907e+02,1.084712444989477405e+02,9.408996579052617548e-01,9.603237342112903585e-01,1.598933531886600923e+00,0.000000000000000000e+00,1.493705225149580151e+00,2.999863628986685349e+00
1.174892971538201891e+02,1.086722874972299309e+02,9.456287554780864468e-01,1.187187957746004274e+00,1.609252318240657065e+00,0.000000000000000000e+00,1.521259862943036278e+00,2.999997891878567913e+00
1.176353975688883793e+02,1.088055842506756932e+02,9.388530007780934161e-01,1.260968999406147706e+00,1.616316407619071915e+00,0.000000000000000000e+00,1.504088226649998861e+00,2.999939364978033041e+00
1.177853978788606781e+02,1.089405869401435183e+02,9.286058649543796895e-01,1.375080577099409229e+00,1.603241412823298795e+00,0.000000000000000000e+00,1.512119228779561508e+00,2.999939118396242055e+00
1.181381194432774606e+02,1.090012777434399567e+02,9.334097996228504224e-01,1.444451594096698210e+00,1.609033999327854847e+00,0.000000000000000000e+00,1.469393131836175259e+00,3.000017238276956988e+00
1.182528883191245370e+02,1.091691449030853676e+02,9.392561995637621619e-01,9.053776564903336377e-01,1.624873505170639332e+00,0.000000000000000000e+00,1.505747019949831511e+00,3.000371332295463933e+00
1.182703668853181682e+02,1.093481070214581763e+02,9.314559536037446685e-01,1.376287512664772894e+00,1.597086039362698218e+00,0.000000000000000000e+00,1.507550706220637471e+00,3.000021052382534581e+00
1.183473280948756639e+02,1.096029809907395816e+02,9.381498649604798068e-01,1.439084104993298086e+00,1.613405259473397413e+00,0.000000000000000000e+00,1.504271860881238876e+00,2.999985148326543616e+00
1.183850655533655072e+02,1.097115887463403112e+02,9.334012568157578071e-01,1.192310853660566661e+00,1.610269475636443293e+00,0.000000000000000000e+00,1.488827585945363685e+00,3.000034812441963794e+00
1.186396473767990472e+02,1.099284078634637183e+02,9.358830723996161005e-01,1.334616084204695685e+00,1.636213124245240680e+00,0.000000000000000000e+00,1.499334371356498607e+00,2.999765655815771925e+00
1.187514342516612516e+02,1.101110082017109733e+02,9.288554044202649296e-01,1.244366564623330174e+00,1.611921763268796104e+00,0.000000000000000000e+00,1.481327403331418324e+00,2.999822037013580633e+00
1.188971482675237326e+02,1.102124986642953530e+02,9.422518532527600632e-01,1.347291236730953301e+00,1.594164315917492969e+00,0.000000000000000000e+00,1.499757569793217282e+00,2.999964573638687959e+00
1.189863043891157588e+02,1.103946897865314298e+02,9.424711528580429487e-01,8.532932042052547850e-01,1.636374196346499055e+00,0.000000000000000000e+00,1.521020698346301936e+00,3.000058690361013802e+00
1.190896833919993725e+02,1.104468361640283689e+02,9.328171513169953855e-01,1.170988001855400418e+00,1.634044884331373959e+00,0.000000000000000000e+00,1.522335986543587039e+00,3.000043854766353491e+00
1.192784559744086152e+02,1.108063786740335814e+02,9.440422009316535856e-01,1.433028202535641560e+00,1.595879557009363570e+00,0.000000000000000000e+00,1.517307420418540165e+00,2.999966477338087856e+00
1.193795852914030462e+02,1.108916666243442393e+02,9.367294242424550887e-01,1.530379851002507063e+00,1.589535551257495571e+00,0.000000000000000000e+00,1.505168877064662736e+00,3.000097620910938012e+00
1.194715944681513093e+02,1.110412111034455478e+02,9.399435306842696125e-01,1.231353161958391951e+00,1.612668060853659879e+00,0.000000000000000000e+00,1.533901831493968970e+00,3.000130343670284194e+00
1.195772700258123820e+02,1.111636071281733535e+02,9.412507798727900443e-01,1.176399624147137724e+00,1.623343517448699203e+00,0.000000000000000000e+00,1.512833115058339173e+00,2.999981570164635514e+00
1.196777705899654336e+02,1.113696703807995618e+02,9.416995547046446147e-01,1.614457514255326798e+00,1.605193840990657428e+00,0.000000000000000000e+00,1.496498215915068375e+00,3.000198301634872333e+00
1.197978110853706255e+02,1.115831097361026991e+02,9.384306391366408207e-01,7.887618783771723763e-01,1.610286264871423567e+00,0.000000000000000000e+00,1.503555002694503040e+00,2.999917681047302498e+00
1.200308437856584476e+02,1.117283091694778250e+02,9.412537733117282146e-01,1.062857381783298694e+00,1.607111924773669820e+00,0.000000000000000000e+00,1.507894846329310035e+00,3.000249403016355565e+00
1.200743635670505967e+02,1.118617682834990319e+02,9.373804406476898832e-01,9.777396510566531695e-01,1.576299808782476441e+00,0.000000000000000000e+00,1.498541952354733864e+00,3.000007192186270544e+00
1.201032630743997203e+02,1.120242892195794013e+02,9.421179973036611921e-01,1.493674366141598986e+00,1.613716297340449080e+00,0.000000000000000000e+00,1.500332739318103181e+00,3.000083192789404940e+00
1.203242488069031566e+02,1.121569854392200369e+02,9.413656630962862204e-01,1.162924457767730457e+00,1.624842760851504364e+00,0.000000000000000000e+00,1.485647490106962287e+00,2.999830227148782225e+00
1.203856629663689404e+02,1.123050525313864085e+02,9.270303333835679949e-01,1.254836705791789742e+00,1.595117026790120462e+00,0.000000000000000000e+00,1.528820987889060401e+00,3.000107745447750940e+00
1.205042664007231963e+02,1.124139900100805676e+02,9.378626804153670227e-01,9.724699842043960096e-01,1.608318891866786116e+00,0.000000000000000000e+00,1.505942388123659326e+00,2.999843896633570317e+00
1.205411495613837332e+02,1.126347567738088742e+02,9.392832377104950448e-01,6.246991101441600192e-01,1.596935697517959385e+00,0.000000000000000000e+00,1.486424196369428241e+00,3.000077369392889715e+00
1.207820145859892875e+02,1.126935528589557123e+02,9.413825293669093597e-01,1.656214353252221549e+00,1.605686906667886271e+00,0.000000000000000000e+00,1.527133551972687187e+00,2.999894258987106266e+00
1.207991674026160354e+02,1.129559445617909859e+02,9.314177002917675141e-01,1.365695835376848244e+00,1.622467419602851901e+00,0.000000000000000000e+00,1.515543438758099049e+00,2.999926479539678059e+00
1.209913519805668187e+02,1.130941388883254319e+02,9.344573200077597175e-01,1.478718159902955076e+00,1.636082085608194570e+00,0.000000000000000000e+00,1.477050675033018790e+00,2.999903595431229864e+00
1.210901552541233457e+02,1.132556941379539666e+02,9.374822959104990305e-01,1.213258255272749775e+00,1.601979169645682433e+00,0.000000000000000000e+00,1.491091504134531176e+00,2.999837572566204091e+00
1.211258760934343286e+02,1.134342477220638017e+02,9.321908631248149169e-01,1.337619814978836308e+00,1.615533677339403340e+00,0.000000000000000000e+00,1.503850462016315559e+00,3.000082232199599908e+00
1.212619853439043140e+02,1.135776342369753849e+02,9.381154945225399500e-01,1.156259153426737907e+00,1.617197933531941523e+00,0.000000000000000000e+00,1.474606489114184127e+00,2.999962059534101222e+00
1.214699245734580586e+02,1.137506821919463817e+02,9.269298208747683843e-01,1.331810956790832945e+00,1.615282926017643339e+00,0.000000000000000000e+00,1.504981012065969903e+00,3.000156194330970472e+00
1.214641201331790086e+02,1.139581727090993155e+02,9.392036802174624777e-01,1.221262377401529875e+00,1.613532565769782323e+00,0.000000000000000000e+00,1.489970923821953841e+00,3.000083788058146794e+00
1.217843176878415932e+02,1.140823510645671206e+02,9.406018262248835304e-01,7.831517098939102528e-01,1.614375283915804316e+00,0.000000000000000000e+00,1.485181485851252869e+00,3.000135439891333800e+00
1.217896086159563396e+02,1.142608766325566165e+02,9.323731386621383344e-01,6.792625818577883168e-01,1.621939587099349600e+00,0.000000000000000000e+00,1.500854577487117814e+00,3.000157387298135969e+00
1.218734419575914103e+02,1.144020108060433927e+02,9.405069594466562988e-01,1.188346039895007422e+00,1.592177968367634255e+00,0.000000000000000000e+00,1.495177880610241816e+00,2.999969847282388802e+00
1.219778115177152245e+02,1.146044654253527142e+02,9.365378084322680818e-01,1.110139938595505749e+00,1.619358571283359582e+00,0.000000000000000000e+00,1.496274102779239223e+00,2.999913210430109167e+00
1.222256397037994589e+02,1.147672806007859947e+02,9.389397879249182788e-01,1.288698555056599693e+00,1.597343573037072861e+00,0.000000000000000000e+00,1.495516000991834238e+00,3.000067782920766035e+00
1.222818191659899156e+02,1.148495515085632945e+02,9.359248853118451450e-01,1.293970396107235077e+00,1.609525500769234618e+00,0.000000000000000000e+00,1.501609140211706439e+00,2.999800028698070165e+00
1.223912933284265705e+02,1.150760280109904414e+02,9.393015834240857620e-01,1.442326820710777557e+00,1.599187249936276700e+00,0.000000000000000000e+00,1.508972273254041818e+00,3.000046404676036449e+00
1.225707247618809106e+02,1.152602994751955663e+02,9.485297827815771798e-01,1.089674624349757703e+00,1.589195398484146038e+00,0.000000000000000000e+00,1.503827097910896526e+00,2.999929480515531210e+00
1.226881681673035303e+02,1.153561122770341569e+02,9.385677927793075748e-01,1.364250698971728459e+00,1.599071569408684557e+00,0.000000000000000000e+00,1.524857251619111231e+00,3.000090443244224581e+00
1.226979598492712427e+02,1.155608817367902788e+02,9.445607477987624234e-01,1.107263474786077229e+00,1.621170801495856573e+00,0.000000000000000000e+00,1.475980269359064900e+00,2.999763706369975136e+00
1.229533675322590511e+02,1.157231821178163216e+02,9.417957478033586183e-01,8.140973515676854788e-01,1.613889536183936491e+00,0.000000000000000000e+00,1.504835716946433477e+00,3.000025021568892392e+00
1.229922347707013017e+02,1.158642137564824708e+02,9.360683442743994442e-01,1.422317358178300406e+00,1.615079647038421440e+00,0.000000000000000000e+00,1.505895751969045682e+00,3.000041293276134446e+00
1.230361985863627581e+02,1.160083380899149574e+02,9.390061120927826188e-01,1.359579542987369605e+00,1.603676830351521643e+00,0.000000000000000000e+00,1.488630145719255005e+00,2.999967705221660896e+00
1.232155319913588443e+02,1.161956635245140603e+02,9.454091383267233528e-01,1.236582001238734074e+00,1.591688165755337669e+00,0.000000000000000000e+00,1.497368581676770116e+00,3.000005113234457177e+00
1.233603612941831642e+02,1.163490765526308621e+02,9.351862644401218727e-01,1.326720381205487520e+00,1.627198333119842522e+00,0.000000000000000000e+00,1.501062965887136613e+00,2.999874147978172978e+00
1.234198462924024540e+02,1.164682684468447036e+02,9.398087606284349915e-01,1.564132229946959773e+00,1.627667279754993146e+00,0.000000000000000000e+00,1.503857663740747030e+00,2.999780887851318578e+00
1.235047709891969276e+02,1.166005192685780543e+02,9.338135667861132694e-01,8.649608688983752014e-01,1.619716941478170247e+00,0.000000000000000000e+00,1.489166578498452909e+00,2.999862318545742479e+00
1.236390921188264116e+02,1.168611106068744476e+02,9.321863704825252839e-01,7.728314160309117664e-01,1.620683243209528834e+00,0.000000000000000000e+00,1.510194159825139826e+00,2.999991094247322465e+00
1.238003956026092567e+02,1.170001071889312385e+02,9.480146196875951503e-01,1.116459300389392784e+00,1.600655551987705705e+00,0.000000000000000000e+00,1.501767721585412607e+00,2.999826748382779407e+00
1.239844668344283178e+02,1.171593276008130431e+02,9.407378342387675563e-01,1.339114972662951430e+00,1.605809378700830292e+00,0.000000000000000000e+00,1.487863245792720113e+00,2.999925980188570040e+00
1.240955128100807627e+02,1.172901902084431214e+02,9.316985367659351702e-01,1.263145836675370504e+00,1.620467882136491955e+00,0.000000000000000000e+00,1.491323932753866321e+00,3.000005103759761038e+00
1.241696805197787228e+02,1.175076706464275702e+02,9.400185720969005398e-01,1.276767417521729842e+00,1.620730855789344504e+00,0.000000000000000000e+00,1.503787300631718393e+00,2.999925483426092665e+00
1.243151382468691111e+02,1.176341286519682541e+02,9.379988960259685316e-01,1.346051533895695984e+00,1.628613630453605410e+00,0.000000000000000000e+00,1.491251772861961200e+00,2.999991788228972389e+00
1.244805674338733610e+02,1.177905129206893378e+02,9.404772218822549101e-01,1.060100343714171167e+00,1.619217473562553744e+00,0.000000000000000000e+00,1.507946764594929379e+00,3.000100232030876501e+00
1.246021298865365736e+02,1.180714703570214965e+02,9.420621646540431326e-01,1.313123076073934303e+00,1.612089005656372809e+00,0.000000000000000000e+00,1.502111550571034071e+00,2.999636937533539438e+00
1.246034724870233674e+02,1.181018255432948649e+02,9.241887874245340306e-01,1.575374351675896900e+00,1.596989487524576257e+00,0.000000000000000000e+00,1.491444071566290663e+00,2.999952967885451738e+00
1.245980750201244547e+02,1.182641857124304892e+02,9.391563057874287024e-01,1.086996586658359965e+00,1.614208322427764575e+00,0.000000000000000000e+00,1.506073966472075032e+00,2.999916168576496567e+00
1.249217490237291344e+02,1.184545831439888985e+02,9.432449726677470947e-01,1.004143514088015054e+00,1.600266096258865733e+00,0.000000000000000000e+00,1.513483744822295973e+00,2.999855379625509411e+00
1.250407847188574806e+02,1.185517083616439606e+02,9.324156742988065627e-01,7.380956913798296659e-01,1.632931098287773608e+00,0.000000000000000000e+00,1.507440361618165747e+00,2.999928364339895737e+00
1.251512190986473314e+02,1.187439953800700181e+02,9.425568623492123210e-01,1.060204082265155279e+00,1.615831070175875572e+00,0.000000000000000000e+00,1.491228451974731861e+00,2.999833667919912905e+00
1.252650126101780614e+02,1.189916787384977113e+02,9.336218318827503859e-01,9.430904722154960229e-01,1.591855497742103331e+00,0.000000000000000000e+00,1.505921999026786695e+00,3.000120221118914188e+00
1.253395718054347157e+02,1.190210361331134834e+02,9.319928940910313653e-01,1.676235555572308744e+00,1.600790385203338273e+00,0.000000000000000000e+00,1.478734288272502306e+00,3.000086250912408659e+00
1.255841691416644323e+02,1.192629160035131122e+02,9.409823144591782373e-01,1.143378245431714957e+00,1.618376197078427836e+00,0.000000000000000000e+00,1.509921054304889099e+00,2.999766284492842772e+00
1.256838126977856405e+02,1.193959624574950027e+02,9.449508885287897231e-01,6.543104397523265003e-01,1.618879331205356209e+00,0.000000000000000000e+00,1.524339303031738702e+00,2.999980762169456749e+00
1.257201617174983141e+02,1.195677868595070805e+02,9.305787606399962275e-01,1.389780869735702584e+00,1.611849188963744739e+00,0.000000000000000000e+00,1.497279651832295722e+00,2.999929152730703485e+00
1.258291159674614761e+02,1.197634610637838932e+02,9.466506514872374822e-01,1.144757171533203000e+00,1.629081374455792819e+00,0.000000000000000000e+00,1.518307326984823957e+00,3.000100761338179822e+00
1.259484966664173271e+02,1.198815049925573106e+02,9.371632398248765927e-01,1.034027016132892829e+00,1.632466791947109419e+00,0.000000000000000000e+00,1.480932999439597886e+00,3.000063716328519092e+00
1.260242421875113763e+02,1.200463076780817318e+02,9.364211538273653490e-01,1.283227017609090082e+00,1.611255397831340863e+00,0.000000000000000000e+00,1.505044885734974525e+00,2.999791723541339827e+00
1.262101753826893571e+02,1.202544118371723840e+02,9.366822048460010652e-01,1.115757678083087345e+00,1.628689972524101748e+00,0.000000000000000000e+00,1.535612054912916413e+00,2.999912315199704693e+00
1.263259734631531614e+02,1.204435335585435922e+02,9.476538714801004959e-01,1.279780847016987355e+00,1.615292147639849407e+00,0.000000000000000000e+00,1.506535363691921425e+00,3.000082812619751405e+00
1.263801913415581026e+02,1.204944308494090279e+02,9.291473796814925246e-01,1.211155182712303935e+00,1.623185807149696736e+00,0.000000000000000000e+00,1.494167540960945839e+00,3.000009360692140081e+00
1.264947943320343029e+02,1.206731851427558411e+02,9.414316513594431779e-01,1.410618999985380873e+00,1.617863687756218027e+00,0.000000000000000000e+00,1.511221656665331814e+00,3.000016060064656820e+00
1.268048530420556688e+02,1.209329794114022292e+02,9.349678900863167552e-01,1.481105393799565295e+00,1.618835035149144286e+00,0.000000000000000000e+00,1.492012139993474928e+00,3.000053034222137427e+00
1.266278931615721888e+02,1.210143909876252195e+02,9.425692807009776741e-01,1.445547328573451695e+00,1.600351225312791836e+00,0.000000000000000000e+00,1.485809646150788588e+00,2.999912739510000925e+00
1.268520488138319138e+02,1.211883891091983827e+02,9.378320193982629949e-01,1.118292323821904022e+00,1.614976743357933842e+00,0.000000000000000000e+00,1.484281087158910051e+00,3.000061981669686517e+00
1.270415748672760827e+02,1.213734157462436940e+02,9.442826990092606509e-01,1.194291795564102809e+00,1.601001122462625492e+00,0.000000000000000000e+00,1.515793287979616988e+00,2.999868007010564330e+00
1.271553941956286309e+02,1.215652998278206667e+02,9.357315846608419418e-01,1.119298938756216444e+00,1.618946199348001436e+00,0.000000000000000000e+00,1.490603440126661683e+00,2.999857085397665823e+00
1.272991160324827433e+02,1.216868060431243919e+02,9.322915364576003228e-01,1.318893404659233770e+00,1.614763279510650795e+00,0.000000000000000000e+00,1.497459732073985306e+00,3.000135129502938813e+00
1.274129374674259054e+02,1.219422802543556230e+02,9.411228924952038666e-01,1.339089504119776786e+00,1.614010550488311324e+00,0.000000000000000000e+00,1.517134303245118776e+00,3.000047562751247732e+00
1.273959592203751612e+02,1.220127723808434723e+02,9.376282887430048563e-01,1.368169979257282565e+00,1.621139711192463251e+00,0.000000000000000000e+00,1.516312693918487886e+00,2.999963492907191664e+00
1.276151963377685377e+02,1.221353968152417195e+02,9.462694529062529725e-01,1.409505902086316320e+00,1.602772232363817162e+00,0.000000000000000000e+00,1.529958662439800721e+00,3.000123119192294130e+00
1.277305030028929167e+02,1.224158914511888838e+02,9.496467403887344227e-01,1.226564093547955148e+00,1.625269327749774950e+00,0.000000000000000000e+00,1.508858758249007392e+00,3.000043100275599617e+00
1.278008562485729556e+02,1.225500367399052948e+02,9.378502519891616096e-01,1.472238711286266266e+00,1.615521382653887228e+00,0.000000000000000000e+00,1.486875338744916064e+00,2.999961860838385341e+00
1.278953544036959329e+02,1.226591300387865999e+02,9.401601128219213566e-01,1.179959773829683867e+00,1.608686408459712558e+00,0.000000000000000000e+00,1.503700879313490724e+00,2.999967204826194500e+00
1.281001718452430111e+02,1.227699677901328243e+02,9.347578390258562964e-01,1.298403880531384891e+00,1.613451352195161892e+00,0.000000000000000000e+00,1.518587235486202003e+00,2.999935492689804750e+00
1.281588259114178072e+02,1.228753891463644123e+02,9.368652756478321741e-01,1.007081819695119451e+00,1.607654910351492772e+00,0.000000000000000000e+00,1.506291427805044991e+00,2.999838373073563158e+00
1.283406143797627976e+02,1.231087841107733283e+02,9.324954801847461505e-01,1.288042525725259235e+00,1.611135390826047065e+00,0.000000000000000000e+00,1.504799162610127583e+00,2.999947062401718600e+00
1.285626565264259398e+02,1.232621726340475163e+02,9.403625279289179462e-01,1.182370075504904250e+00,1.629542428578976132e+00,0.000000000000000000e+00,1.527178532811425349e+00,3.000039710626644318e+00
1.285188136042682743e+02,1.234780628424394564e+02,9.331520539598838759e-01,1.552184490376569803e+00,1.595082281551183812e+00,0.000000000000000000e+00,1.514552511266870072e+00,3.000011431486244273e+00
1.285868394539196800e+02,1.235713882142118081e+02,9.287498914723341104e-01,1.404095671705091863e+00,1.599791894337383003e+00,0.000000000000000000e+00,1.498767909576878221e+00,2.999867294806735085e+00
1.287847962417536962e+02,1.237971549764797032e+02,9.253388064613872199e-01,1.224393827725717587e+00,1.611466639665440681e+00,0.000000000000000000e+00,1.507285837677276197e+00,3.000087725601952027e+00
1.288050989703003211e+02,1.239651407596507511e+02,9.474568848181005309e-01,1.087162256128428872e+00,1.602925293774801307e+00,0.000000000000000000e+00,1.497835798323465140e+00,2.999908489230748820e+00
1.291831401182072341e+02,1.240784683731793052e+02,9.295773933953259682e-01,1.634545190278518856e+00,1.606381979551743999e+00,0.000000000000000000e+00,1.493239775302306782e+00,2.999725433771584182e+00
1.290712644056548299e+02,1.242594188552726422e+02,9.299787818706095610e-01,1.581926277970668426e+00,1.621014859532291075e+00,0.000000000000000000e+00,1.510632180969892602e+00,3.000186683111058628e+00
1.293167386738541040e+02,1.244330183383302852e+02,9.407145436098196534e-01,1.005229830560063764e+00,1.601479233566531546e+00,0.000000000000000000e+00,1.489213775815308560e+00,3.000232127979181929e+00
1.294282012005682247e+02,1.245585756108495161e+02,9.351632292521474543e-01,1.049111163080331366e+00,1.601049045584751696e+00,0.000000000000000000e+00,1.509404996073591354e+00,3.000159881080944668e+00
1.294739732374906112e+02,1.247838443747937305e+02,9.316969648186848030e-01,1.043969699090566916e+00,1.618048401555249871e+00,0.000000000000000000e+00,1.518198249758396567e+00,3.000044919685754596e+00
1.296122697810795898e+02,1.248975738065743144e+02,9.354473260057140083e-01,1.380315335173197822e+00,1.595165975701003269e+00,0.000000000000000000e+00,1.511968989529362872e+00,3.000139323024326732e+00
1.297316712084649737e+02,1.250763738735962534e+02,9.263217054924932636e-01,1.145880481276399188e+00,1.618389066220576211e+00,0.000000000000000000e+00,1.511265921108922772e+00,2.999941660892746054e+00
1.298725960792500018e+02,1.251700907616670833e+02,9.434961394802575674e-01,1.595560808934945340e+00,1.614245316248432260e+00,0.000000000000000000e+00,1.479361420347355738e+00,3.000083344043830369e+00
1.299026538566949398e+02,1.253439968412045005e+02,9.281208537055323227e-01,1.579908420261197044e+00,1.604535971142396988e+00,0.000000000000000000e+00,1.488227681692508630e+00,2.999868011203029816e+00
1.301620642229552516e+02,1.255673016151183958e+02,9.337854833987854208e-01,1.163687905703232550e+00,1.599824779129944918e+00,0.000000000000000000e+00,1.508704174912403495e+00,2.999977652145445983e+00
1.302576679739867132e+02,1.257348926583505317e+02,9.408019025056709728e-01,7.923319431450519534e-01,1.621721996303753688e+00,0.000000000000000000e+00,1.486300985619470882e+00,2.999931753681686963e+00
1.303314561747579035e+02,1.258062697448093132e+02,9.333388077636698421e-01,1.185646637079307064e+00,1.626183628141497417e+00,0.000000000000000000e+00,1.482157429890449185e+00,3.000057423502018317e+00
1.305275070801596939e+02,1.260378172535971544e+02,9.390951729086006727e-01,1.204660610716819402e+00,1.606396897613872055e+00,0.000000000000000000e+00,1.500694304683865443e+00,2.999899688607106540e+00
1.306217661359178805e+02,1.261466104443403395e+02,9.425899401825164059e-01,9.427115105985757193e-01,1.572837447973741920e+00,0.000000000000000000e+00,1.486132267735024604e+00,3.000114360968930693e+00
1.307932513574218092e+02,1.262965962556224326e+02,9.387205218036838161e-01,1.326869302268040451e+00,1.586903650623812778e+00,0.000000000000000000e+00,1.507724206331240158e+00,2.999838014824329324e+00
1.306859503759470442e+02,1.265368087340020651e+02,9.222303995320061398e-01,9.065439291619914464e-01,1.623711885166700286e+00,0.000000000000000000e+00,1.508138528320376093e+00,2.999799131540980657e+00
1.310021868754637637e+02,1.266415981778364710e+02,9.349479716806343710e-01,1.495165111177462869e+00,1.622942758888187509e+00,0.000000000000000000e+00,1.509085024276590081e+00,3.000054427575517657e+00
1.311499883914583222e+02,1.268713726629090246e+02,9.383835790980820102e-01,1.422927801690470950e+00,1.607480017081728274e+00,0.000000000000000000e+00,1.490928635648976819e+00,3.000071346743316436e+00
1.313424993146677480e+02,1.269722248903033801e+02,9.292581922399955063e-01,1.183666564865832216e+00,1.609074201696428563e+00,0.000000000000000000e+00,1.486457910975013119e+00,3.000049587917313687e+00
1.314036832618573953e+02,1.271012595683142479e+02,9.414678778083112043e-01,8.590086718773261021e-01,1.618500238583686412e+00,0.000000000000000000e+00,1.491177007879028737e+00,3.000204867868545122e+00
1.313816584430732917e+02,1.274217810987209276e+02,9.362568256653066578e-01,8.091857780043478776e-01,1.598374633162078506e+00,0.000000000000000000e+00,1.493116301775537336e+00,3.000080100335338784e+00
1.314614109966600211e+02,1.274938407527521207e+02,9.339718935300146407e-01,1.307071335387704591e+00,1.627303695306394404e+00,0.000000000000000000e+00,1.505907781694092229e+00,2.999909397110434917e+00
1.316792625904589329e+02,1.276270757366802542e+02,9.371392156844058352e-01,1.058310700928685399e+00,1.623472654698803419e+00,0.000000000000000000e+00,1.494424488623234959e+00,2.999954829063672612e+00
1.317853653142381063e+02,1.277779095907959430e+02,9.377797599167321252e-01,1.010222244705979433e+00,1.625162422198399348e+00,0.000000000000000000e+00,1.500699775740383268e+00,2.999835272480344983e+00
1.317451557390203050e+02,1.279749125256320212e+02,9.281779337539273200e-01,1.110808289082570788e+00,1.602156023850650479e+00,0.000000000000000000e+00,1.502735859999144274e+00,3.000005359985136622e+00
1.319351920688181679e+02,1.281814317680334057e+02,9.433927986061774185e-01,1.124490749400134160e+00,1.605115693470942739e+00,0.000000000000000000e+00,1.499591279089113716e+00,3.000049713032624243e+00
1.321362147403413019e+02,1.282725333957944258e+02,9.391441629522943035e-01,9.201847015796951190e-01,1.631806247431222268e+00,0.000000000000000000e+00,1.491343830973413276e+00,3.000088971886927691e+00
1.322612564790373142e+02,1.283958831213643634e+02,9.363089594791542680e-01,9.762967827376627383e-01,1.601341325015821271e+00,0.000000000000000000e+00,1.498410561711317923e+00,2.999913427806220056e+00
1.323444170641589039e+02,1.286088582419947954e+02,9.418980581634978089e-01,1.379273559969253160e+00,1.625272378578140664e+00,0.000000000000000000e+00,1.497756298188754664e+00,2.999810503009092688e+00
1.323674903938137390e+02,1.288633548942767959e+02,9.370258392273062009e-01,1.258237561840708008e+00,1.604525166967135652e+00,0.000000000000000000e+00,1.507995482163841272e+00,3.000299167499492548e+00
1.325338494327683350e+02,1.289545956690885191e+02,9.302095664477206816e-01,1.468146221487678149e+00,1.637223758027684495e+00,0.000000000000000000e+00,1.496643001472516277e+00,2.999916179688171258e+00
1.326328107046348634e+02,1.291642408094604662e+02,9.394041300147123463e-01,1.573757448227009359e+00,1.618724535300266387e+00,0.000000000000000000e+00,1.507405473323499834e+00,3.000230783498793130e+00
1.327589190939216621e+02,1.291897697733936923e+02,9.404119513404028963e-01,1.359509049173361017e+00,1.613212922999423204e+00,0.000000000000000000e+00,1.492624982924440458e+00,2.999851510663209986e+00
1.329694881772725523e+02,1.294364921337370333e+02,9.384217852180588570e-01,1.174644634440388913e+00,1.651074883725327069e+00,0.000000000000000000e+00,1.501100406130523757e+00,3.000009266146004272e+00
1.329547847127436171e+02,1.296031685452069553e+02,9.304336626305964586e-01,1.329171916343377724e+00,1.617755400790311882e+00,0.000000000000000000e+00,1.477923633104532231e+00,3.000102452023777122e+00
1.332159764889787539e+02,1.297448645368207565e+02,9.352645867550959391e-01,1.314099253028162773e+00,1.610343436296593378e+00,0.000000000000000000e+00,1.507131344791878380e+00,2.999766022354285688e+00
1.332576845650523012e+02,1.299300504921191646e+02,9.396233251713935752e-01,1.247056656378816131e+00,1.631669534094959184e+00,0.000000000000000000e+00,1.516820698211072349e+00,2.999999571917474128e+00
1.333836043792122155e+02,1.300519247582634534e+02,9.371929163033254628e-01,1.198972168889004264e+00,1.618385099052154663e+00,0.000000000000000000e+00,1.517440372979218299e+00,2.999764258497538361e+00
1.335253553227889824e+02,1.302016785962065910e+02,9.364591755813391760e-01,1.213370272986019183e+00,1.605446836261298138e+00,0.000000000000000000e+00,1.486078196141457974e+00,2.999898002783757178e+00
1.337439228409814973e+02,1.303926297308302651e+02,9.339216932669591742e-01,1.424483916073763012e+00,1.619655804196688420e+00,0.000000000000000000e+00,1.510810969481756860e+00,3.000141677389305261e+00
1.337910412536789408e+02,1.305472771078196672e+02,9.420437540580888225e-01,1.090597133624717774e+00,1.630319236695046969e+00,0.000000000000000000e+00,1.522489288246587025e+00,3.000029765065161946e+00
1.338786711941795318e+02,1.307426011280818443e+02,9.396273913019248525e-01,1.448098605963187957e+00,1.613327023651048409e+00,0.000000000000000000e+00,1.492099785995969707e+00,2.999835139091962866e+00
1.339196755304489557e+02,1.308767999680162291e+02,9.317749556501525587e-01,1.002022833076963382e+00,1.601347854892086753e+00,0.000000000000000000e+00,1.504620486403247526e+00,2.999697154092745954e+00
1.341965643675243030e+02,1.310183152545599796e+02,9.399638156480765172e-01,1.313254692456075956e+00,1.617782356825445467e+00,0.000000000000000000e+00,1.522029842542493183e+00,3.000060856758332228e+00
1.342578427292821743e+02,1.311885383454626606e+02,9.312130863387074742e-01,1.005724902480664484e+00,1.617668848912208635e+00,0.000000000000000000e+00,1.503204052435684446e+00,2.999696719526128152e+00
1.342920318578284764e+02,1.313414902189842053e+02,9.402956390755262683e-01,1.317084050207574908e+00,1.608765954664838294e+00,0.000000000000000000e+00,1.487942373039454758e+00,3.000080255423617448e+00
1.345055064362062467e+02,1.315080301021628770e+02,9.368796197647426549e-01,1.107399157977222659e+00,1.582909557977904225e+00,0.000000000000000000e+00,1.499634189055854883e+00,3.000121358348377676e+00
1.346437886506091957e+02,1.316342135561367570e+02,9.373768430648878880e-01,8.369140476735070777e-01,1.611926802642450918e+00,0.000000000000000000e+00,1.520748471408013058e+00,2.999822295001902450e+00
1.347477801133116770e+02,1.317655307616736025e+02,9.425392871782637405e-01,9.632924643740951032e-01,1.624747164497415408e+00,0.000000000000000000e+00,1.513225242009468063e+00,3.000168278510630060e+00
1.348654110541169189e+02,1.319682830048442099e+02,9.475932003335474363e-01,1.101972772213415608e+00,1.620016478568840457e+00,0.000000000000000000e+00,1.488677766000569003e+00,2.999994494594185213e+00
1.348860331936583066e+02,1.321317893046463041e+02,9.335353218034548872e-01,9.549140593060750914e-01,1.607916558810978280e+00,0.000000000000000000e+00,1.497221481162451795e+00,2.999850511210995219e+00
1.349290168694344061e+02,1.323193693133096076e+02,9.379619087006533240e-01,1.330864557381087332e+00,1.592842235665626660e+00,0.000000000000000000e+00,1.493811602734664623e+00,2.999977904927597194e+00
1.352012274091235327e+02,1.325058737084487177e+02,9.380562897360197328e-01,6.658757919852762441e-01,1.626621688213880867e+00,0.000000000000000000e+00,1.487062675827221181e+00,2.999736265974308314e+00
1.353453065482672173e+02,1.326063525026762591e+02,9.475313052993654672e-01,1.192222643812996363e+00,1.582782908676869216e+00,0.000000000000000000e+00,1.504347634656265198e+00,2.999637078077181052e+00
1.354498002663135594e+02,1.328216707045186809e+02,9.301964526455140936e-01,1.327832128648630095e+00,1.604504683500896256e+00,0.000000000000000000e+00,1.514155418455062296e+00,3.000026575518410343e+00
1.356082638105331739e+02,1.329797973006802465e+02,9.412942530651251527e-01,9.836118754006373255e-01,1.615749367287448113e+00,0.000000000000000000e+00,1.494813453507239043e+00,3.000116317671232657e+00
1.357547547452240906e+02,1.330573962731040751e+02,9.294357759535230024e-01,8.234675458546529825e-01,1.628305670188983756e+00,0.000000000000000000e+00,1.529802986461217706e+00,3.000149446948926268e+00
1.356937557258167431e+02,1.333362180512196744e+02,9.364309354187576595e-01,1.325759033560293343e+00,1.623160540105787586e+00,0.000000000000000000e+00,1.482989267389029919e+00,2.999847745006287258e+00
1.358558036464636984e+02,1.334276732116189521e+02,9.334649580295349969e-01,1.092151013421193362e+00,1.617020515629028710e+00,0.000000000000000000e+00,1.518808350051304545e+00,3.000046206627112078e+00
1.359632348106272843e+02,1.336392127683510580e+02,9.332043134126861705e-01,1.265314767271007668e+00,1.629719595043350733e+00,0.000000000000000000e+00,1.499488210753951112e+00,2.999984413034623820e+00
1.360575192339985335e+02,1.337106663495404746e+02,9.439312458858331034e-01,1.131645092705388933e+00,1.621547463913723952e+00,0.000000000000000000e+00,1.505610572427046545e+00,3.000127234234336804e+00
1.363199025139867899e+02,1.339592566534166451e+02,9.443611384450971702e-01,1.301766661771951439e+00,1.619741478889044073e+00,0.000000000000000000e+00,1.491905079726383976e+00,2.999847022815254061e+00
1.363097079249833143e+02,1.341170379155180967e+02,9.380679685461971173e-01,1.338930194932901330e+00,1.608810229399235903e+00,0.000000000000000000e+00,1.516956211009482747e+00,3.000025343917978926e+00
1.365428347558130895e+02,1.342533785236532538e+02,9.425754783113478030e-01,9.798087286761161252e-01,1.615213529812092208e+00,0.000000000000000000e+00,1.511018312790519680e+00,2.999763768345547810e+00
1.365737410303259480e+02,1.344052484728433967e+02,9.452850187297298090e-01,1.118857365313996599e+00,1.618579099656209719e+00,0.000000000000000000e+00,1.508529406404611528e+00,3.000059371111781559e+00
1.367715606269794932e+02,1.345288728313644526e+02,9.379903720527812405e-01,6.540506622351148769e-01,1.606042537974154527e+00,0.000000000000000000e+00,1.500331716841462937e+00,2.999970053235288869e+00
1.367689155024875447e+02,1.347630873553972606e+02,9.457847270641972504e-01,9.922934421052327369e-01,1.644073255199058226e+00,0.000000000000000000e+00,1.478288035551890367e+00,3.000099415984621487e+00
1.368334599314497950e+02,1.349585182021112644e+02,9.275992795604097729e-01,1.305849344762853415e+00,1.634122662335825371e+00,0.000000000000000000e+00,1.518808384113026877e+00,2.999956039971276578e+00
1.370504379607557439e+02,1.350587440670518333e+02,9.444019660298451635e-01,1.596480870412773312e+00,1.605715541359530318e+00,0.000000000000000000e+00,1.492069822197758855e+00,2.999927605731730562e+00
1.371488599026224051e+02,1.351448883288310014e+02,9.376634911403519679e-01,1.065477957129493003e+00,1.619540201552285064e+00,0.000000000000000000e+00,1.510718741065544934e+00,2.999922961133105748e+00
1.373577700451737655e+02,1.354109415226997726e+02,9.354072642392121661e-01,1.373892382422726044e+00,1.592439249802417578e+00,0.000000000000000000e+00,1.516752574118354957e+00,3.000274519095382786e+00
1.375021203297492036e+02,1.355338974336884519e+02,9.364695109412717322e-01,1.359637243765137171e+00,1.627380737376722175e+00,0.000000000000000000e+00,1.478296748595703036e+00,3.000028538233100228e+00
1.374932182721379377e+02,1.356732335275568744e+02,9.400939554030037781e-01,1.362880075108044320e+00,1.609068202964633487e+00,0.000000000000000000e+00,1.493997159442676859e+00,2.999855752108809170e+00
1.375895636027646276e+02,1.358593266820888914e+02,9.337209412921670948e-01,1.103463412859723602e+00,1.634371049727483260e+00,0.000000000000000000e+00,1.498138346958219236e+00,2.999988524138978985e+00
1.378543659059697575e+02,1.359751700014999187e+02,9.401082239192236623e-01,1.453579090821140563e+00,1.585152641003380491e+00,0.000000000000000000e+00,1.502916434021720260e+00,2.999960366682428603e+00
1.380151575779035227e+02,1.362118097979707443e+02,9.393329589147554337e-01,1.489500228176923846e+00,1.623716476122071040e+00,0.000000000000000000e+00,1.504878798922021144e+00,3.000121342866612473e+00
1.380288393568413312e+02,1.363242949007597247e+02,9.310352103228904941e-01,1.096235184064703772e+00,1.621128387316741692e+00,0.000000000000000000e+00,1.504959073809031267e+00,2.999977270034941412e+00
1.380800672969560878e+02,1.365260373282175692e+02,9.442887038002584221e-01,1.253574093864591399e+00,1.634091885503440089e+00,0.000000000000000000e+00,1.499696792086220087e+00,3.000024793232822340e+00
1.382705896019991201e+02,1.366299245751019100e+02,9.314519847766495886e-01,9.647795077985287238e-01,1.614650787637614382e+00,0.000000000000000000e+00,1.490850223082804016e+00,3.000008143280914030e+00
1.383874017872671800e+02,1.367663780277526939e+02,9.406280844464992574e-01,1.500890979704956107e+00,1.608331244810287775e+00,0.000000000000000000e+00,1.507741727048515612e+00,2.999926639716734122e+00
1.386179982344831103e+02,1.368699024071380563e+02,9.405482067317991746e-01,1.108921095184726813e+00,1.588431679235016825e+00,0.000000000000000000e+00,1.501724392361217797e+00,3.000002860687075668e+00
1.386293560670551699e+02,1.371661697761555558e+02,9.385834696719357328e-01,1.189000807150525807e+00,1.589833485615382624e+00,0.000000000000000000e+00,1.499494855919206948e+00,2.999680026400918464e+00
1.387700661518517506e+02,1.372932865162250948e+02,9.297792900991164178e-01,1.174815228676389323e+00,1.628686549296902264e+00,0.000000000000000000e+00,1.466497077749662648e+00,2.999902923889690598e+00
1.389275888297483732e+02,1.374189794246941858e+02,9.358008569274322008e-01,1.581423200801636675e+00,1.626623091976652002e+00,0.000000000000000000e+00,1.508577910182209436e+00,3.000067210219297120e+00
1.390576282165934856e+02,1.376839679798014515e+02,9.396538704333952108e-01,1.108113531840032806e+00,1.640638663064022396e+00,0.000000000000000000e+00,1.499179847452768222e+00,3.000066725877086338e+00
1.390539630663147079e+02,1.378490471083987927e+02,9.476165682083901309e-01,1.063645304201741526e+00,1.607597376641364262e+00,0.000000000000000000e+00,1.504487179765735538e+00,3.000155251780322274e+00
1.391626520121765225e+02,1.379491396145179181e+02,9.352834403302566768e-01,8.445632302647673173e-01,1.605146727474061397e+00,0.000000000000000000e+00,1.509089873759601019e+00,2.999926792423764255e+00
1.393323264781985529e+02,1.380914946262707304e+02,9.319965598998841694e-01,1.197894991950683385e+00,1.596594712685693196e+00,0.000000000000000000e+00,1.504575365036143308e+00,3.000173808954813115e+00
1.394855795280806774e+02,1.382458609545768411e+02,9.424918473823088449e-01,1.632383583088660606e+00,1.608185664529852898e+00,0.000000000000000000e+00,1.497286604952053901e+00,3.000197508276471137e+00
1.395678677670977379e+02,1.384492540339041966e+02,9.400533833957905872e-01,8.493167808409196606e-01,1.626387138876884242e+00,0.000000000000000000e+00,1.501816462922880069e+00,2.999938529057843972e+00
1.396304248512967661e+02,1.385866251591550053e+02,9.305147326192079182e-01,1.472186309059393183e+00,1.611269828377740687e+00,0.000000000000000000e+00,1.486785920527990745e+00,2.999718802809043350e+00
1.399043653828606182e+02,1.387589942647410055e+02,9.361133629501460218e-01,1.265164242325242938e+00,1.613562770595165619e+00,0.000000000000000000e+00,1.503190025908796246e+00,2.999804732087633319e+00
1.398699966131737540e+02,1.388723327132933321e+02,9.456874896749472015e-01,1.385706753145936387e+00,1.616516055858679968e+00,0.000000000000000000e+00,1.491577784765601766e+00,2.999852493766773431e+00
1.400271502957363623e+02,1.390714208178131059e+02,9.362654164964956394e-01,1.419679462306031370e+00,1.632097725095497776e+00,0.000000000000000000e+00,1.506327757031973524e+00,2.999911503579383076e+00
1.401028637298929311e+02,1.392829559827464436e+02,9.290357533178864591e-01,1.229761159985176322e+00,1.620861104392027352e+00,0.000000000000000000e+00,1.516855978544527028e+00,3.000085240354819938e+00
1.401922611686474625e+02,1.393753371897824422e+02,9.446404938308843313e-01,9.221039809765368966e-01,1.629619437582467079e+00,0.000000000000000000e+00,1.484528227201105333e+00,2.999945255419715462e+00
1.403748253203239642e+02,1.395867162992230135e+02,9.404244613370159600e-01,1.418640338850543969e+00,1.602154941524795984e+00,0.000000000000000000e+00,1.516211712497360420e+00,2.999851852400816199e+00
1.404758757620190295e+02,1.397744623206778272e+02,9.295662366258542475e-01,9.049257607022545002e-01,1.612716612790638493e+00,0.000000000000000000e+00,1.515534379492052164e+00,3.000090332545624072e+00
1.406827591054496338e+02,1.398791443853939711e+02,9.350009373583859640e-01,1.343820346373107322e+00,1.615026214034592789e+00,0.000000000000000000e+00,1.499349560786409130e+00,2.999725841104720292e+00
1.408381499410618289e+02,1.400857503044111922e+02,9.316264378083038977e-01,1.408420047544656217e+00,1.592528675524263804e+00,0.000000000000000000e+00,1.503959608146778759e+00,3.000359611727728026e+00
1.409768529774917738e+02,1.403198678736475529e+02,9.387990493175711881e-01,1.306631429982336723e+00,1.618567058837503403e+00,0.000000000000000000e+00,1.497612895074740047e+00,3.000017099457588099e+00
1.410406211178867011e+02,1.403687681761788610e+02,9.377072573149152213e-01,1.051403580647174429e+00,1.611489880998445701e+00,0.000000000000000000e+00,1.509729075176555302e+00,3.000024487900593062e+00
1.410369321147154551e+02,1.404934040781669466e+02,9.427589719506760391e-01,1.135155906672502324e+00,1.614834749246027989e+00,0.000000000000000000e+00,1.497682218383660890e+00,3.000058261923073566e+00
1.411550064309269601e+02,1.406200489441401658e+02,9.390863564001878938e-01,8.976439358424694870e-01,1.620023995813727247e+00,0.000000000000000000e+00,1.490277033453742961e+00,3.000013524573767132e+00
1.413816884930664060e+02,1.409041743358790484e+02,9.407187531228291544e-01,1.303639202410044273e+00,1.614336067902591765e+00,0.000000000000000000e+00,1.509809026400924070e+00,2.999872524330079226e+00
1.413784911867583673e+02,1.409155601347480911e+02,9.358643889185470632e-01,8.943857384457012394e-01,1.582538355503552152e+00,0.000000000000000000e+00,1.497880471110624390e+00,2.999602186223107481e+00
1.417333411130226182e+02,1.411648608481959570e+02,9.352659046843040391e-01,1.262368039839951050e+00,1.608814633816945117e+00,0.000000000000000000e+00,1.493439325881366742e+00,3.000089936146856040e+00
1.416936988019639614e+02,1.413383614700636883e+02,9.443512109822329581e-01,1.046616040415365712e+00,1.607200358785336736e+00,0.000000000000000000e+00,1.530091046379290276e+00,2.999851894010669984e+00
1.419483724729582264e+02,1.414934237384503604e+02,9.462063850811929244e-01,1.164841034308912171e+00,1.628368656128096115e+00,0.000000000000000000e+00,1.511837757694070028e+00,3.000122898718206699e+00
1.418985335294670733e+02,1.417103629208681639e+02,9.484581660760222910e-01,1.105937335137603172e+00,1.596279204495345994e+00,0.000000000000000000e+00,1.519002832145247561e+00,3.000011445748081762e+00
1.420040307593900764e+02,1.418250803484184814e+02,9.334681559633369874e-01,9.717703383005331652e-01,1.637605721746402399e+00,0.000000000000000000e+00,1.495161336437315747e+00,2.999924746037267997e+00
1.421280148767194476e+02,1.420155335229955824e+02,9.457133359796078276e-01,1.464768729323721264e+00,1.597526250671845949e+00,0.000000000000000000e+00,1.499912165118362894e+00,3.000022563490665206e+00
1.423380637414109913e+02,1.421240886715327463e+02,9.362652627914456183e-01,1.017342465986571742e+00,1.590337626463647291e+00,0.000000000000000000e+00,1.502178995546376461e+00,2.999885780917655786e+00
1.423013388860478869e+02,1.423017060982419935e+02,9.318388765837968268e-01,1.102159733792455132e+00,1.616975155686805277e+00,0.000000000000000000e+00,1.485919667266994537e+00,2.999951945562153277e+00
1.426215060360800351e+02,1.424497527756455497e+02,9.305078188506719084e-01,1.394335753089371188e+00,1.585756799528014627e+00,0.000000000000000000e+00,1.502729965259212319e+00,3.000213509558048663e+00
1.426025528273749785e+02,1.425725252224320059e+02,9.376939850283892985e-01,1.439016714257572938e+00,1.614043643206959144e+00,0.000000000000000000e+00,1.507135362918260668e+00,2.999717605107438789e+00
1.427500515750498948e+02,1.426987285910044250e+02,9.564349705175616556e-01,1.500480397263851851e+00,1.631083748076022966e+00,0.000000000000000000e+00,1.513249820559107173e+00,2.999838621749030043e+00
1.429348328989389358e+02,1.429696049477805673e+02,9.322904479858483695e-01,1.040306510649053440e+00,1.614926840437883593e+00,0.000000000000000000e+00,1.504158417069461740e+00,3.000017918583847809e+00
1.429891387439946584e+02,1.430902917616909349e+02,9.330669291937458976e-01,9.539312667351016461e-01,1.627373868134914137e+00,0.000000000000000000e+00,1.482433985192384895e+00,3.000425820477785166e+00
1.431991858728104319e+02,1.432877232452546536e+02,9.422343092509344320e-01,1.506775996034315668e+00,1.614162936085644429e+00,0.000000000000000000e+00,1.504642495728744533e+00,3.000197967496613050e+00
1.432895192475612305e+02,1.434165219299560761e+02,9.369725013124341473e-01,1.224276422449672053e+00,1.619585754638703134e+00,0.000000000000000000e+00,1.500012246766454282e+00,2.999943522591055789e+00
1.433677645955509092e+02,1.436575281470845198e+02,9.385172215451329514e-01,1.295450630473563347e+00,1.619405253234055708e+00,0.000000000000000000e+00,1.504115292027409900e+00,2.999984078050852876e+00
1.433451604171007432e+02,1.436215693474240140e+02,9.405818761101910619e-01,9.588446114347033422e-01,1.596325885493786956e+00,0.000000000000000000e+00,1.506511077481819116e+00,3.000140099260929727e+00
1.436005951132596579e+02,1.438784028731484739e+02,9.338855486569668241e-01,1.094048297657368218e+00,1.590314099283635985e+00,0.000000000000000000e+00,1.493851851221322802e+00,2.999925011438963729e+00
1.436732821016367723e+02,1.440639277958809998e+02,9.411425469295764401e-01,1.177255143028398621e+00,1.620330666594930413e+00,0.000000000000000000e+00,1.496909225221974227e+00,2.999786604636368814e+00
1.438946512759850123e+02,1.442787764590488280e+02,9.401807481927695331e-01,1.065665620626066623e+00,1.626569278218332748e+00,0.000000000000000000e+00,1.506647656825870873e+00,3.000251220528715290e+00
1.439305785627939258e+02,1.444500308326228719e+02,9.338611612440552712e-01,1.131568225556849105e+00,1.615547360605381844e+00,0.000000000000000000e+00,1.495248417207195146e+00,2.999947531978947701e+00
1.440624344119583213e+02,1.445888621542342491e+02,9.372249431616711535e-01,1.347422370637472389e+00,1.628391349819997780e+00,0.000000000000000000e+00,1.503113735065105372e+00,2.999817737630221082e+00
1.442445538201772308e+02,1.447090706773920203e+02,9.367919447510306696e-01,1.027255871630371908e+00,1.598084391961775763e+00,0.000000000000000000e+00,1.503012087876778313e+00,3.000012813754655561e+00
1.442750064331931696e+02,1.449208369153515150e+02,9.406577245808358523e-01,8.872043038296627548e-01,1.636011725769236591e+00,0.000000000000000000e+00,1.498927279028510418e+00,2.999968177219610510e+00
1.443911012897921751e+02,1.450532488047639674e+02,9.388056224224008428e-01,1.286522139763363048e+00,1.611355303287277607e+00,0.000000000000000000e+00,1.504686390636743143e+00,3.000186737143364812e+00
1.445269812161844811e+02,1.452181996463404801e+02,9.359062777344403505e-01,1.207895083610659004e+00,1.630666757533553168e+00,0.000000000000000000e+00,1.492284676098013518e+00,3.000000793711766534e+00
1.446980024852691997e+02,1.453449762711969697e+02,9.389132683846150851e-01,1.517241803216224927e+00,1.614977025640748964e+00,0.000000000000000000e+00,1.480192402892940517e+00,3.000146893683214078e+00
1.447129139219950957e+02,1.456040091889760220e+02,9.371729323720785487e-01,1.486875097418335567e+00,1.623006591721127156e+00,0.000000000000000000e+00,1.498634914723755207e+00,3.000104031644284852e+00
1.448671718781513107e+02,1.456534385391930755e+02,9.356204219360296781e-01,1.181163093783488272e+00,1.606356680680986582e+00,0.000000000000000000e+00,1.517167732786406820e+00,2.999919518230347304e+00
1.450396474741959310e+02,1.458270913709071692e+02,9.308929621677253241e-01,7.736530990504285610e-01,1.583250496311537470e+00,0.000000000000000000e+00,1.481704696723034065e+00,3.000113854917349610e+00
1.451547841112083006e+02,1.460064346297927216e+02,9.426039991331292001e-01,1.108387737359371572e+00,1.601980535075125056e+00,0.000000000000000000e+00,1.519340566725665864e+00,2.999969926204535398e+00
1.452445270326323623e+02,1.460788603540488282e+02,9.325737000081453232e-01,1.014818843739802023e+00,1.619637011666143822e+00,0.000000000000000000e+00,1.515354223409017154e+00,3.000038505554837087e+00
1.453940572845953341e+02,1.463714886749800144e+02,9.347018958041664050e-01,7.344259485730184611e-01,1.626410997695576066e+00,0.000000000000000000e+00,1.525508984377811572e+00,3.000146795206211969e+00
1.455179856127007838e+02,1.464838480239213254e+02,9.369768463695611338e-01,1.671271477461835575e+00,1.615022982386379979e+00,0.000000000000000000e+00,1.493765728680763516e+00,2.999966616413311638e+00
1.455612971176614110e+02,1.465955992124603711e+02,9.350506144515415841e-01,1.438679392073652696e+00,1.609586906703243558e+00,0.000000000000000000e+00,1.514006800679228659e+00,3.000003417620882296e+00
1.457341739280087438e+02,1.468685403746141276e+02,9.453571892520329367e-01,5.609916822183693697e-01,1.612825882240952691e+00,0.000000000000000000e+00,1.492628843116155624e+00,2.999904487492796257e+00
1.458375580505733637e+02,1.468851573938734987e+02,9.240641349819853634e-01,1.300548687813158244e+00,1.622114031054431749e+00,0.000000000000000000e+00,1.500682585690353621e+00,2.999912878372867020e+00
1.458993567077953912e+02,1.471117906561576660e+02,9.303571584450187615e-01,1.405716170749537364e+00,1.599179997930934904e+00,0.000000000000000000e+00,1.499430186982129376e+00,3.000045122794865016e+00
1.460756297808995043e+02,1.473187109899694747e+02,9.478855630905623775e-01,1.313610353380163520e+00,1.597112221525290643e+00,0.000000000000000000e+00,1.509884134460787619e+00,2.999827735146803231e+00
1.461176389678220744e+02,1.475211293715696570e+02,9.357460445146685846e-01,1.439348119280845717e+00,1.638010882633343490e+00,0.000000000000000000e+00,1.490545877599164237e+00,3.000124498706475240e+00
1.462374616744444324e+02,1.476771100246899948e+02,9.313946558583130475e-01,1.511881017500798396e+00,1.620716761682365670e+00,0.000000000000000000e+00,1.501597125209226613e+00,2.999967105368449793e+00
1.464601951730172118e+02,1.477021700431495788e+02,9.363713563542457319e-01,1.180937324373887209e+00,1.611443302607849626e+00,0.000000000000000000e+00,1.508323843410531051e+00,3.000169117417296416e+00
1.464635826882027914e+02,1.479287449993969688e+02,9.364575772423917588e-01,9.922487780242011945e-01,1.603221611733457896e+00,0.000000000000000000e+00,1.492148195879248851e+00,2.999819018291943529e+00
1.467938904759013781e+02,1.481140497550896669e+02,9.311185898983671549e-01,1.488246739101172889e+00,1.616668382972425766e+00,0.000000000000000000e+00,1.471438808969555367e+00,3.000075901546100265e+00
1.468434954864125928e+02,1.482939571957326450e+02,9.400263121254431864e-01,1.513150592084726576e+00,1.605366650405297690e+00,0.000000000000000000e+00,1.505702669706353580e+00,2.999981156477105060e+00
1.470173119818760199e+02,1.483970426419939486e+02,9.299214585201580618e-01,1.209917051692674272e+00,1.604465632121136132e+00,0.000000000000000000e+00,1.500450931415770350e+00,3.000106151261941356e+00
1.470347285893865603e+02,1.486452053819409684e+02,9.370899963457250958e-01,1.135487526169179473e+00,1.593224457919607762e+00,0.000000000000000000e+00,1.502391228429500902e+00,3.000062404898879986e+00
1.472551384634390956e+02,1.487286824486212424e+02,9.453142122995821239e-01,8.139795230460118436e-01,1.620378107643987375e+00,0.000000000000000000e+00,1.518733932616896043e+00,3.000011098946377963e+00
1.473009724666857494e+02,1.489163643439081852e+02,9.391821442795753594e-01,1.521609868521863529e+00,1.618735349341080765e+00,0.000000000000000000e+00,1.511013999013331111e+00,3.000168582507860560e+00
1.475089578637081615e+02,1.490916640702240556e+02,9.381770399593638565e-01,9.771947036507713236e-01,1.613224477156451675e+00,0.000000000000000000e+00,1.491867503457868338e+00,2.999961790382959403e+00
1.475690771376720249e+02,1.491877455290804448e+02,9.423425840478643067e-01,1.484840210079366951e+00,1.593044388140549383e+00,0.000000000000000000e+00,1.505501952834235935e+00,2.999958170117843270e+00
1.476318291041994826e+02,1.493690894916854859e+02,9.364075378440734898e-01,1.098785301887552190e+00,1.591879287265540288e+00,0.000000000000000000e+00,1.509039073928807984e+00,2.999987411393169712e+00
1.477709588667738672e+02,1.495319349620509968e+02,9.422511357357068462e-01,1.400953891250142913e+00,1.603359933987442476e+00,0.000000000000000000e+00,1.503663042224909763e+00,3.000016675638323971e+00
1.479135298742355928e+02,1.496898412158803069e+02,9.322793604070171991e-01,9.825685423403663910e-01,1.595914920433558759e+00,0.000000000000000000e+00,1.496198063515024490e+00,2.999901657556579782e+00
1.478933871299065288e+02,1.498823110323295111e+02,9.427429972793724966e-01,1.365762781000096737e+00,1.614076763715647456e+00,0.000000000000000000e+00,1.515754190283026492e+00,2.999843699788777851e+00
1.480998448976530710e+02,1.499671791471583902e+02,9.322308259425817756e-01,1.541596892915024553e+00,1.611181558603551389e+00,0.000000000000000000e+00,1.494910701981177592e+00,3.000258695393357655e+00
1.481354653622692297e+02,1.502309908857254186e+02,9.361946197836197303e-01,1.363790173060158484e+00,1.617752973312888809e+00,0.000000000000000000e+00,1.502579836008374636e+00,3.000186775485917057e+00
1.482533657732353731e+02,1.503360509004106120e+02,9.295474067992459677e-01,1.184401812332398052e+00,1.607406470351637084e+00,0.000000000000000000e+00,1.520630852564210267e+00,2.999783812268216110e+00
1.483627116837122344e+02,1.505182396913556886e+02,9.349627182428776884e-01,1.318317122073601189e+00,1.613955443396542622e+00,0.000000000000000000e+00,1.515555082618637028e+00,2.999951906247991129e+00
1.484693909257937321e+02,1.506355459425679442e+02,9.370701000451598928e-01,1.470911920624200508e+00,1.616057940251453218e+00,0.000000000000000000e+00,1.497316110660165123e+00,3.000111363990228153e+00
1.487240839541539401e+02,1.508548493862689952e+02,9.369690953214020457e-01,1.462820436695074999e+00,1.601153517917971003e+00,0.000000000000000000e+00,1.498166396370563369e+00,3.000030013823681951e+00
1.486631748611091837e+02,1.509946273738902107e+02,9.337330764990170451e-01,1.151913357097690493e+00,1.626001151564033353e+00,0.000000000000000000e+00,1.502148494176550164e+00,3.000051850860972813e+00
1.489558850127043854e+02,1.511349695910080584e+02,9.440397881533855173e-01,1.607325365349508095e+00,1.607177354915624079e+00,0.000000000000000000e+00,1.499363192975380787e+00,3.000046022099727150e+00
1.491455247847526095e+02,1.513871607550780141e+02,9.424023780882915258e-01,1.563515770819605244e+00,1.600392185348057161e+00,0.000000000000000000e+00,1.514705463791204076e+00,3.000111072881661567e+00
1.491117152025514088e+02,1.515550912478132659e+02,9.367208615073685518e-01,1.150777060079359870e+00,1.609790078333304342e+00,0.000000000000000000e+00,1.511313945778859580e+00,2.999910004404876762e+00
1.492520773251877415e+02,1.515979169255168983e+02,9.315983639986039622e-01,1.291957403372764324e+00,1.598274788521538481e+00,0.000000000000000000e+00,1.491450225988590672e+00,3.000120494777654745e+00
1.493381655015584784e+02,1.518843139300912526e+02,9.329981767632991030e-01,1.603059710542504401e+00,1.602278442166242378e+00,0.000000000000000000e+00,1.494458880730684447e+00,2.999958908475696351e+00
1.494538529139728382e+02,1.520063655541513299e+02,9.368014882987265590e-01,1.096657823197885184e+00,1.603358305766952707e+00,0.000000000000000000e+00,1.496929843284554140e+00,3.000038164213570280e+00
1.497213486781695906e+02,1.521590451966313537e+02,9.421448928679574397e-01,1.016994973864403962e+00,1.599423418231900706e+00,0.000000000000000000e+00,1.520363867550778902e+00,3.000284212075800205e+00
1.497776455589801117e+02,1.523139728680189364e+02,9.399961460958576875e-01,7.816481559613890351e-01,1.598994722572985028e+00,0.000000000000000000e+00,1.509005842380770179e+00,3.000004509985590317e+00
1.498520816513043883e+02,1.524503156054470026e+02,9.427414049092677217e-01,1.206709227467782863e+00,1.603332794135829964e+00,0.000000000000000000e+00,1.500828032253825217e+00,3.000115807480656649e+00
1.499190035209218763e+02,1.526316335701960725e+02,9.415745887187332297e-01,1.304340223318534608e+00,1.605109768757222666e+00,0.000000000000000000e+00,1.495866112201015286e+00,3.000014031756751631e+00
1.501317546889069092e+02,1.528162774589083028e+02,9.260236329999492755e-01,1.255445986687978355e+00,1.608641365866549933e+00,0.000000000000000000e+00,1.494099486066629456e+00,2.999950418367173466e+00
1.503143267073865559e+02,1.529791779592995340e+02,9.369555846260618770e-01,1.303562693885040424e+00,1.612714462074386068e+00,0.000000000000000000e+00,1.483823352285369435e+00,2.999918861468878983e+00
1.501959872209679929e+02,1.531391676451053740e+02,9.366520284672432695e-01,1.101228478559465707e+00,1.588398114649000492e+00,0.000000000000000000e+00,1.495021408191153256e+00,3.000176774845932037e+00
1.504809551123263134e+02,1.532503245161192922e+02,9.374329768150985176e-01,1.342878148924304460e+00,1.626197803057145785e+00,0.000000000000000000e+00,1.505979982850514709e+00,3.000178580827664199e+00
1.505788801812354905e+02,1.534482275103756024e+02,9.423644917352975714e-01,1.362811471904306071e+00,1.589229999807403759e+00,0.000000000000000000e+00,1.504515294286725480e+00,2.999741631388116225e+00
1.506449411074029854e+02,1.535732426095580365e+02,9.368065727172547597e-01,9.521079869686349673e-01,1.600282712746899261e+00,0.000000000000000000e+00,1.521421823233975568e+00,2.999959896293556749e+00
1.508464917149011626e+02,1.537719792060000259e+02,9.373414260398139630e-01,1.056207848055517706e+00,1.602873673122536813e+00,0.000000000000000000e+00,1.509338935284276317e+00,3.000067911416240296e+00
1.509140846574275372e+02,1.538855320017600548e+02,9.361369368635731325e-01,8.744915657202185777e-01,1.624513108097773495e+00,0.000000000000000000e+00,1.497795533559671322e+00,3.000107804444344772e+00
1.510763880931625351e+02,1.540548615488104645e+02,9.310311480019233255e-01,9.147608356274432584e-01,1.601811865716177286e+00,0.000000000000000000e+00,1.502145600889983612e+00,3.000027361648668123e+00
1.511206680608263753e+02,1.542129720925027243e+02,9.362649481184550648e-01,8.377838315478476350e-01,1.611839907205995459e+00,0.000000000000000000e+00,1.524874730958832636e+00,2.999905619027323667e+00
1.512639320440639779e+02,1.544213230963942181e+02,9.507575116936168858e-01,1.177364697026387352e+00,1.609144536205978415e+00,0.000000000000000000e+00,1.494819763839521753e+00,3.000004793166294093e+00
1.513514031325629503e+02,1.545111978574143166e+02,9.326689837139081618e-01,1.038108679146230173e+00,1.595976066396847859e+00,0.000000000000000000e+00,1.504366574873048368e+00,3.000016128842293295e+00
1.514829512844548844e+02,1.546366715158302441e+02,9.383585780390697462e-01,1.279303161594069760e+00,1.600985409355887512e+00,0.000000000000000000e+00,1.479670266366868825e+00,3.000032777762543734e+00
1.515796276199305339e+02,1.549153997474662674e+02,9.406395177067977675e-01,1.212595322142180354e+00,1.604206844290178902e+00,0.000000000000000000e+00,1.491388947593788927e+00,2.999958500234032766e+00
1.517650836528224829e+02,1.550484224014202823e+02,9.364571478621913636e-01,1.084143424725188876e+00,1.618658813753166115e+00,0.000000000000000000e+00,1.493273302092003707e+00,2.999928047557227639e+00
1.518581897147969926e+02,1.552534154857841884e+02,9.420944165635206646e-01,9.437278345626606280e-01,1.611331670131782356e+00,0.000000000000000000e+00,1.494334694448756329e+00,2.999882470859292383e+00
1.519469019687225000e+02,1.553622060265579421e+02,9.326813887982378093e-01,1.340115306295206254e+00,1.592142072591625990e+00,0.000000000000000000e+00,1.512596227076774991e+00,2.999783277180032570e+00
1.521532440573656118e+02,1.555900635950687843e+02,9.369478179271522045e-01,1.500200749679493128e+00,1.606543820178672810e+00,0.000000000000000000e+00,1.475948659406974395e+00,2.999939977351610665e+00
1.521139454147069898e+02,1.557332286068280212e+02,9.354498165975415613e-01,1.140774531472753317e+00,1.598905316809444921e+00,0.000000000000000000e+00,1.517917377484792274e+00,2.999944291383434436e+00
1.524145576113490677e+02,1.558358967073667998e+02,9.366341898091431473e-01,1.318374956105939910e+00,1.582738108677954614e+00,0.000000000000000000e+00,1.498782823811219078e+00,2.999868924992521890e+00
1.525330672385028095e+02,1.560174280304773902e+02,9.387510583644061990e-01,1.483388907246760979e+00,1.625862623028963005e+00,0.000000000000000000e+00,1.489956926806283777e+00,2.999928415881698562e+00
1.525446946849740186e+02,1.561869717080486453e+02,9.404403811383059697e-01,9.128863460392955265e-01,1.593380915988809265e+00,0.000000000000000000e+00,1.495546729341471925e+00,2.999922839699351140e+00
1.525242227124886085e+02,1.563408867747124020e+02,9.365148672855702072e-01,1.320670087467907816e+00,1.590647945125003737e+00,0.000000000000000000e+00,1.514538669506368951e+00,2.999855318144140082e+00
1.527919954385509698e+02,1.565409189155705576e+02,9.351833426080784495e-01,1.501037343146364833e+00,1.621736479125110097e+00,0.000000000000000000e+00,1.508141133965982261e+00,2.999965168479150179e+00
1.529095912080984476e+02,1.566979481835240051e+02,9.446242468717389595e-01,1.189369584810387126e+00,1.591447700508608731e+00,0.000000000000000000e+00,1.502005271351095406e+00,2.999748240924152487e+00
1.531793042077327414e+02,1.568848632634762055e+02,9.372097373361594208e-01,1.612053885901536532e+00,1.590379857682520770e+00,0.000000000000000000e+00,1.494730258762825281e+00,2.999778354437287131e+00
1.529895312138931445e+02,1.569612222143097711e+02,9.455982875914905605e-01,1.270953647619601501e+00,1.635750230983603615e+00,0.000000000000000000e+00,1.508577131156079387e+00,2.999957616295843454e+00
1.533154475175076072e+02,1.571732529562015372e+02,9.362101363730763737e-01,1.128760820544934651e+00,1.620302776697625458e+00,0.000000000000000000e+00,1.503913920019753769e+00,3.000026627051861627e+00
1.534422508429939569e+02,1.573065991775761745e+02,9.378224550994287423e-01,1.477676331361828854e+00,1.607387046222303217e+00,0.000000000000000000e+00,1.506698213873042924e+00,3.000008117623595094e+00
1.535926490666358291e+02,1.574089898847123266e+02,9.296961219919227526e-01,1.431618802693405357e+00,1.621422097562156273e+00,0.000000000000000000e+00,1.496415105295648029e+00,3.000131486597229724e+00
1.535953988858865671e+02,1.576813907264037482e+02,9.336338356324843657e-01,1.366056246769690841e+00,1.621791254374459701e+00,0.000000000000000000e+00,1.525092806895676167e+00,3.000193292105122200e+00
1.537665378058625265e+02,1.577806668300083572e+02,9.374948836556971088e-01,1.092997854785425549e+00,1.619228936724940837e+00,0.000000000000000000e+00,1.494886897634585932e+00,3.000204291495188524e+00
1.538657872388448311e+02,1.579730654154893159e+02,9.366978994227566080e-01,1.087572449774096617e+00,1.621184386888620654e+00,0.000000000000000000e+00,1.493208181917636823e+00,3.000115074738245902e+00
1.539122763850967601e+02,1.581388223564744351e+02,9.439939533887889977e-01,1.090657828563160514e+00,1.615817055997267548e+00,0.000000000000000000e+00,1.476550729673480999e+00,2.999961290409754344e+00
1.540490222011559922e+02,1.582755232077223866e+02,9.400760532114975643e-01,1.053409272551996789e+00,1.628846348131872901e+00,0.000000000000000000e+00,1.493170861025077789e+00,3.000100860526722979e+00
1.543254401838037779e+02,1.584629906003520148e+02,9.298382284097798101e-01,5.149537032368478595e-01,1.625386751881297442e+00,0.000000000000000000e+00,1.504107144435100629e+00,3.000079137995049994e+00
1.543856196883851339e+02,1.585168949031223349e+02,9.416033406589319199e-01,8.235170174965155132e-01,1.595025827339340729e+00,0.000000000000000000e+00,1.502466032952994412e+00,3.000130208164310641e+00
1.545023336892776626e+02,1.588280865486810569e+02,9.450013439508669899e-01,1.357599638488106830e+00,1.628500834068340897e+00,0.000000000000000000e+00,1.478941186814514808e+00,2.999826503517549980e+00
1.545278630412288123e+02,1.589706831896243955e+02,9.381430369113878953e-01,1.591921440175651181e+00,1.634164522234308858e+00,0.000000000000000000e+00,1.502286134086264324e+00,3.000133308492588302e+00
1.547074920883443951e+02,1.590679284972626704e+02,9.381485015636918945e-01,1.075417415744903238e+00,1.604677769297004675e+00,0.000000000000000000e+00,1.494565570568277879e+00,2.999977451952841268e+00
1.549235260663992904e+02,1.591980767085803166e+02,9.352753690527009223e-01,8.759935828629754617e-01,1.606917779038795402e+00,0.000000000000000000e+00,1.501581943124273621e+00,2.999948462127732363e+00
1.550071937921871097e+02,1.593710668592168531e+02,9.406201374096346823e-01,1.231857102909507340e+00,1.650704856008077037e+00,0.000000000000000000e+00,1.515340482874011130e+00,2.999957492966107253e+00
1.550730874244914332e+02,1.594569594880746308e+02,9.390918373213547055e-01,8.898990771231618524e-01,1.615244772493472869e+00,0.000000000000000000e+00,1.501621351179078578e+00,3.000071032854550346e+00
1.551789592111749698e+02,1.596921109576356628e+02,9.388624316900485711e-01,9.450613859282891438e-01,1.616285558939305700e+00,0.000000000000000000e+00,1.505157697058515431e+00,2.999904537153356365e+00
1.552734134081842967e+02,1.598923915102269575e+02,9.394202846461732204e-01,1.227406379793151370e+00,1.590620234453745452e+00,0.000000000000000000e+00,1.514923404192036971e+00,2.999923900991388059e+00
1.554400311597366908e+02,1.599923945333679001e+02,9.348037794360075647e-01,1.567277975778311960e+00,1.628029984122056462e+00,0.000000000000000000e+00,1.484727551411725521e+00,2.999888260618708724e+00
1.556286902489662509e+02,1.602211358374684949e+02,9.401907184849462862e-01,1.457457756595877063e+00,1.612299824375933666e+00,0.000000000000000000e+00,1.505846930587577681e+00,3.000199368345187967e+00
1.558059493311868096e+02,1.604161791370883918e+02,9.345838237893634437e-01,1.054774774210959665e+00,1.618804473924709608e+00,0.000000000000000000e+00,1.496355938420189435e+00,3.000050190548182893e+00
1.557928632869761998e+02,1.605125308822735235e+02,9.365742421139245932e-01,1.171240145824904877e+00,1.616973760832404849e+00,0.000000000000000000e+00,1.484516979133918335e+00,2.999771660703399068e+00
1.558856384985083707e+02,1.607228083122848830e+02,9.392099070733572752e-01,8.284894264550729526e-01,1.629430464029587355e+00,0.000000000000000000e+00,1.536344017299100972e+00,3.000072991267700662e+00
1.559155639433698468e+02,1.608277228370695866e+02,9.332458465569414274e-01,1.115026370522301802e+00,1.621669697662333487e+00,0.000000000000000000e+00,1.493841588586576563e+00,3.000171229046601162e+00
1.561905307616751770e+02,1.610392416100990260e+02,9.487098383712904148e-01,1.273427047612613272e+00,1.616084920040899986e+00,0.000000000000000000e+00,1.500321466946190618e+00,3.000038376795500561e+00
1.562130565073064474e+02,1.611183730626430304e+02,9.455231709929302619e-01,1.258852773448222218e+00,1.595938024288269697e+00,0.000000000000000000e+00,1.496393191218484464e+00,3.000001380682737917e+00
1.563714648188537808e+02,1.612716817241870331e+02,9.424177319878551673e-01,1.196599809636862854e+00,1.587275414762280068e+00,0.000000000000000000e+00,1.510744897673589771e+00,3.000146867486723323e+00
1.564199041540770168e+02,1.615592789763844337e+02,9.421799166194976261e-01,9.481575462459498338e-01,1.606898764046931882e+00,0.000000000000000000e+00,1.481402878648768517e+00,3.000016936865151695e+00
1.565051264486826312e+02,1.615881522835009036e+02,9.368634917498895875e-01,1.016816750783952505e+00,1.592742233375810335e+00,0.000000000000000000e+00,1.499506880081178606e+00,2.999976267083071413e+00
1.567004515922323264e+02,1.618610526218187147e+02,9.449888924534716184e-01,9.933050533587660658e-01,1.611169387649647788e+00,0.000000000000000000e+00,1.504403767037942874e+00,3.000124883416203314e+00
1.567495788709244380e+02,1.620458024139424253e+02,9.501894512831737805e-01,1.167457604646495062e+00,1.601562790101713096e+00,0.000000000000000000e+00,1.496590287049841761e+00,3.000039690363669020e+00
1.570906086749114934e+02,1.621278448277004429e+02,9.371084838907437486e-01,7.468128526985942095e-01,1.623694180217678751e+00,0.000000000000000000e+00,1.492810162566627241e+00,2.999999427256357709e+00
1.571316663151576165e+02,1.623349845361115911e+02,9.383843339892272706e-01,1.204545839392203499e+00,1.618869856450045663e+00,0.000000000000000000e+00,1.506000264086152507e+00,3.000079742504095037e+00
1.571901247824255847e+02,1.623710208876013610e+02,9.380639153823961962e-01,1.256943072352754598e+00,1.613108518861959384e+00,0.000000000000000000e+00,1.497733062576430907e+00,2.999855164454909406e+00
1.574767555744502658e+02,1.625349397947582020e+02,9.376651307276083758e-01,9.393044657817297693e-01,1.605474744570734691e+00,0.000000000000000000e+00,1.497366385239232267e+00,3.000020154981533960e+00
1.573562889739191064e+02,1.627895003304386421e+02,9.357917560469800611e-01,1.136515135102030616e+00,1.617819807293494838e+00,0.000000000000000000e+00,1.501467305544432085e+00,3.000173039589257407e+00
1.575083209837266338e+02,1.629037054210641600e+02,9.364643067976885504e-01,1.090776073141710656e+00,1.611094878523548823e+00,0.000000000000000000e+00,1.484913843166348002e+00,2.999930821037323891e+00
1.576631163488347909e+02,1.631438754065503360e+02,9.469713402778019429e-01,1.460451826120643393e+00,1.624197520386791549e+00,0.000000000000000000e+00,1.506831634355761507e+00,3.000223595831235990e+00
1.578195210778745547e+02,1.632349749974351880e+02,9.398755845864501524e-01,9.529640772123416648e-01,1.618964538715103929e+00,0.000000000000000000e+00,1.492576616673547685e+00,2.999988585029218946e+00
1.579301429920609223e+02,1.633735130832050686e+02,9.444270458055149531e-01,1.136118435703368013e+00,1.605023808084356851e+00,0.000000000000000000e+00,1.491999771804111141e+00,2.999828092670908664e+00
1.579948967179877286e+02,1.636491216544662279e+02,9.382955393292554680e-01,1.321727352641616005e+00,1.607079916633117112e+00,0.000000000000000000e+00,1.481685983660752992e+00,2.999666872730048173e+00
1.581977167389432566e+02,1.637572855716971674e+02,9.437663662881646820e-01,1.211461421238727132e+00,1.596172125498249494e+00,0.000000000000000000e+00,1.499881548657586494e+00,2.999850482142444541e+00
1.582562359269106480e+02,1.640105235084708681e+02,9.341105331053585203e-01,1.044845698409507584e+00,1.634813147747155249e+00,0.000000000000000000e+00,1.489868397866048078e+00,2.999752652020456267e+00
1.583300181190095088e+02,1.640877793981449031e+02,9.394488292504842297e-01,1.300292895651468106e+00,1.619524720307479626e+00,0.000000000000000000e+00,1.485179166214769086e+00,2.999950159034062480e+00
1.585339812809849320e+02,1.642308001680149232e+02,9.462315387482799212e-01,1.143721833626640816e+00,1.599869777844969754e+00,0.000000000000000000e+00,1.500774138485155618e+00,3.000137459071101631e+00
1.585573630520243853e+02,1.643496628232911689e+02,9.316794847221422371e-01,1.189108290399943479e+00,1.618874964735384170e+00,0.000000000000000000e+00,1.507133499556938316e+00,3.000003406404963435e+00
1.587036738378814960e+02,1.645794924953850398e+02,9.445668603408895470e-01,1.260192931786999759e+00,1.631053485230461231e+00,0.000000000000000000e+00,1.499402708894809866e+00,2.999921819130263234e+00
1.586846614254836538e+02,1.647778179187961598e+02,9.403820794550480366e-01,1.163820518263539494e+00,1.626619295801527310e+00,0.000000000000000000e+00,1.517572630959215019e+00,3.000011166849852806e+00
1.588775662425781547e+02,1.648203415649076646e+02,9.340553112552347770e-01,1.348623800727542399e+00,1.644626624186169561e+00,0.000000000000000000e+00,1.512795313346453119e+00,2.999827619005017265e+00
1.591436969813316864e+02,1.650161445538050486e+02,9.399767637779108398e-01,1.357279175209649136e+00,1.615136441382281518e+00,0.000000000000000000e+00,1.498487587883737815e+00,3.000013998641185342e+00
1.591133826951165702e+02,1.652202803819237431e+02,9.476602422111339852e-01,1.136612485497166869e+00,1.607493730853431169e+00,0.000000000000000000e+00,1.497910834376569689e+00,2.999913045449167814e+00
1.592778077867084789e+02,1.653579363470791748e+02,9.448242922353928819e-01,1.153471406409169564e+00,1.592698059634071628e+00,0.000000000000000000e+00,1.463044500756585986e+00,2.999821168675839367e+00
1.594556864464346404e+02,1.655367699386750076e+02,9.344998664715106207e-01,1.361595950608132544e+00,1.611858448041574743e+00,0.000000000000000000e+00,1.506154253457911096e+00,2.999894901104739997e+00
1.597376359041550415e+02,1.657245527996436749e+02,9.309653151770399537e-01,1.250618509470529771e+00,1.615600848184818306e+00,0.000000000000000000e+00,1.504048522308723435e+00,2.999732528307973212e+00
1.596754288500708299e+02,1.658375791983008867e+02,9.441276351163374603e-01,1.052456776810891226e+00,1.599016837936942492e+00,0.000000000000000000e+00,1.494492211909295820e+00,2.999805691057250812e+00
1.598584563647991672e+02,1.660456479703272237e+02,9.390571498096381697e-01,9.687565688818539078e-01,1.602497075336855703e+00,0.000000000000000000e+00,1.492837039990495995e+00,2.999985003870209166e+00
1.598560717802074578e+02,1.661370827417856333e+02,9.387334130235838181e-01,1.242519333579228835e+00,1.604666203071781982e+00,0.000000000000000000e+00,1.502287043327608762e+00,2.999964908843004707e+00
1.600375608813807560e+02,1.663336366136986442e+02,9.401189784111206871e-01,1.512665164339211943e+00,1.629414039407934389e+00,0.000000000000000000e+00,1.500937252022167767e+00,3.000117151638653556e+00
1.601318675110767913e+02,1.664199309336730437e+02,9.458698408898756904e-01,1.236745480715217838e+00,1.624195932838202738e+00,0.000000000000000000e+00,1.508098149556408973e+00,2.999830879559915342e+00
1.602393465108939949e+02,1.666997915583388306e+02,9.422374750129228760e-01,1.153036116573875614e+00,1.612149958639935043e+00,0.000000000000000000e+00,1.482652801439516388e+00,2.999951801522633410e+00
1.602643333436244859e+02,1.668414113303556690e+02,9.438239138219097768e-01,9.370433392223587177e-01,1.624447725703572765e+00,0.000000000000000000e+00,1.499096933500030593e+00,2.999842614139052177e+00
1.604660322594298520e+02,1.669561744492350499e+02,9.462763128705113935e-01,1.095940593936492791e+00,1.579551780336540645e+00,0.000000000000000000e+00,1.498300727548238731e+00,2.999788429719135507e+00
1.606712903906574184e+02,1.671804901643741914e+02,9.361372529974636425e-01,1.287458049544437211e+00,1.623350128804204262e+00,0.000000000000000000e+00,1.499244015487097181e+00,3.000031693227874552e+00
1.607093157009172728e+02,1.673166442001388248e+02,9.319622872500652466e-01,1.773036208772458044e+00,1.616734268062079094e+00,0.000000000000000000e+00,1.499466214735138969e+00,2.999852290533455257e+00
1.609478581912529478e+02,1.674682361914947535e+02,9.334186515915747773e-01,1.191104436712367320e+00,1.603336810532915102e+00,0.000000000000000000e+00,1.507357187500342866e+00,2.999868525527355168e+00
1.609552976684006467e+02,1.675635567444692526e+02,9.350427694353175001e-01,1.188945066103341608e+00,1.639094140027584245e+00,0.000000000000000000e+00,1.512316109563231148e+00,3.000028016725556412e+00
1.610151356002460261e+02,1.678702593416838909e+02,9.335601796510217820e-01,1.189964662991968014e+00,1.603216245951378127e+00,0.000000000000000000e+00,1.483305909388269006e+00,3.000280298668740020e+00
1.612541179698093572e+02,1.679266572359187251e+02,9.415603770356767432e-01,9.116312809748216006e-01,1.624240543120198721e+00,0.000000000000000000e+00,1.500454139002531218e+00,2.999966208081704444e+00
1.613032455181062517e+02,1.681217653745219991e+02,9.477782234295899499e-01,1.193850042312204041e+00,1.619331400389858677e+00,0.000000000000000000e+00,1.499368646125736726e+00,3.000030901969055197e+00
1.613960977647727475e+02,1.682173790046022646e+02,9.421733854570830680e-01,8.031658558039125317e-01,1.611961883678030949e+00,0.000000000000000000e+00,1.496411857758578767e+00,3.000208750485702236e+00
1.615783762831944443e+02,1.683688081444554143e+02,9.428093345106582923e-01,1.187587020299923690e+00,1.602965650360386851e+00,0.000000000000000000e+00,1.494759538932394216e+00,2.999962249311843632e+00
1.616013568685512780e+02,1.685523425351174183e+02,9.443442598929543408e-01,1.369260744392773566e+00,1.626467204656949717e+00,0.000000000000000000e+00,1.491363242654678123e+00,2.999866340667574072e+00
1.617489353323967407e+02,1.688177903334153882e+02,9.386321529158972998e-01,9.990025163606652825e-01,1.608554749922429528e+00,0.000000000000000000e+00,1.503139604507240712e+00,3.000011736077041302e+00
1.619546720082091156e+02,1.689126093614645185e+02,9.414212603340353924e-01,9.672751943105170058e-01,1.610558802354814301e+00,0.000000000000000000e+00,1.500913602362661026e+00,3.000043650184223587e+00
1.619799001369083840e+02,1.690501560425600189e+02,9.381002091169424739e-01,8.544553842603347382e-01,1.599929279655676995e+00,0.000000000000000000e+00,1.498746120640222168e+00,3.000002821903171135e+00
1.621576920858934159e+02,1.692022352747873981e+02,9.448844083225316215e-01,1.268924400961128685e+00,1.627511244167892057e+00,0.000000000000000000e+00,1.475757847892966268e+00,3.000131264987793145e+00
1.621103837351396919e+02,1.693923558850119093e+02,9.321661403229931642e-01,1.155362943244454765e+00,1.622409090471041315e+00,0.000000000000000000e+00,1.494374473226648625e+00,2.999715381894616062e+00
1.623794257231292875e+02,1.696183679049762247e+02,9.336846097165250047e-01,1.249059951029419357e+00,1.610252722613039866e+00,0.000000000000000000e+00,1.474845687541005645e+00,2.999891903755977474e+00
1.624637446963779439e+02,1.697094685781480052e+02,9.294807892509036051e-01,1.240190290898281145e+00,1.608800548805741526e+00,0.000000000000000000e+00,1.500163735228240203e+00,3.000185708533273043e+00
1.627676865269626774e+02,1.698248181849451441e+02,9.303997089433498902e-01,1.130181458274811090e+00,1.611315513866996563e+00,0.000000000000000000e+00,1.504436646791893706e+00,2.999978584223695233e+00
1.625772230399758200e+02,1.700521265481705200e+02,9.383807262289409756e-01,1.038101506485737735e+00,1.592939545162287196e+00,0.000000000000000000e+00,1.496532741990033610e+00,3.000212933058487241e+00
1.628914153002456544e+02,1.701821488218412242e+02,9.372108897554526363e-01,1.075571780691550572e+00,1.639871700722177916e+00,0.000000000000000000e+00,1.486374528601976941e+00,3.000194926726871714e+00
1.629399009240279952e+02,1.703710214683887614e+02,9.407656673344330089e-01,1.431642667231321386e+00,1.586490884524941913e+00,0.000000000000000000e+00,1.493922237031053646e+00,3.000097299796177452e+00
1.630449798153904908e+02,1.705314230116348710e+02,9.319786190457398645e-01,1.386737921003742047e+00,1.616913679470856513e+00,0.000000000000000000e+00,1.507274798988239128e+00,2.999899837505198619e+00
1.632284323084236064e+02,1.706616357294045372e+02,9.336658767885184229e-01,1.257579144564925588e+00,1.638136525546297850e+00,0.000000000000000000e+00,1.501728902869363669e+00,3.000028665236191383e+00
1.633804440139947758e+02,1.708521175288498455e+02,9.252239323291246986e-01,1.195466345965952693e+00,1.617904605965485354e+00,0.000000000000000000e+00,1.502731890992897501e+00,2.999907178121773654e+00
1.635200261452753807e+02,1.709046364750175542e+02,9.294590823521449163e-01,1.065577450436688611e+00,1.607170845992199837e+00,0.000000000000000000e+00,1.493297052928402424e+00,2.999916205432194616e+00
1.635606081159984626e+02,1.711576968996363632e+02,9.381317598271332603e-01,9.511778959580515780e-01,1.604650423912388657e+00,0.000000000000000000e+00,1.493716245574457480e+00,3.000129003039002207e+00
1.636513577809458297e+02,1.713689007854385693e+02,9.390910346763123862e-01,9.951114364957167613e-01,1.620851088722555344e+00,0.000000000000000000e+00,1.492553351479951829e+00,3.000016201031187713e+00
1.637432119074307764e+02,1.715361191622807269e+02,9.374393867576256145e-01,1.704578341310142076e+00,1.609394893348700784e+00,0.000000000000000000e+00,1.507929476074382436e+00,3.000060583297393002e+00
1.638935820870491114e+02,1.716560931846167080e+02,9.319848615250470036e-01,1.131934378183906631e+00,1.615081450073874825e+00,0.000000000000000000e+00,1.488663898454595458e+00,3.000033848335593945e+00
1.640716960482054674e+02,1.717872074870792858e+02,9.220681324060037154e-01,1.195288933322361968e+00,1.607816466592072002e+00,0.000000000000000000e+00,1.477797547158422153e+00,3.000050431881224444e+00
1.641278794769924616e+02,1.719470779283076922e+02,9.308213047136347784e-01,1.330686145087282668e+00,1.613304947637248521e+00,0.000000000000000000e+00,1.496335230346983458e+00,3.000151055034136593e+00
1.643048875345162969e+02,1.721704495140842255e+02,9.397474872682469726e-01,1.389200391628102382e+00,1.636158583399182298e+00,0.000000000000000000e+00,1.473125021564536841e+00,3.000127199211398477e+00
1.642642316013586878e+02,1.722794940717494967e+02,9.288262290654035747e-01,1.606652627489402629e+00,1.596080572308918866e+00,0.000000000000000000e+00,1.517670192674427820e+00,3.000051217279278148e+00
1.645501296547936079e+02,1.724824852873655630e+02,9.301759325246542476e-01,1.162835324969879069e+00,1.614858794822523036e+00,0.000000000000000000e+00,1.488466223247114195e+00,3.000179317633887344e+00
1.647069284228300035e+02,1.725914949199489001e+02,9.366514807999025694e-01,1.019761700768973212e+00,1.620187183485913618e+00,0.000000000000000000e+00,1.515593760444270854e+00,3.000302954475392525e+00
1.647360781672422263e+02,1.727218486706471765e+02,9.363133726120024258e-01,1.041599842379693053e+00,1.610780867860884591e+00,0.000000000000000000e+00,1.495763200167041118e+00,3.000035484102668626e+00
1.648975469506821980e+02,1.729248312073501381e+02,9.398596840711718192e-01,1.281739844719101740e+00,1.598633413991177754e+00,0.000000000000000000e+00,1.494139967090855725e+00,2.999945698817036988e+00
1.650412220931187619e+02,1.731539701972100715e+02,9.493268790728054407e-01,1.072745710463995472e+00,1.600644916710612264e+00,0.000000000000000000e+00,1.530189524353639419e+00,2.999992451009938055e+00
1.650215498801396734e+02,1.732931960039866226e+02,9.371912335741109379e-01,1.407763005054721184e+00,1.613804972665759285e+00,0.000000000000000000e+00,1.494668131472310924e+00,2.999890084692254710e+00
1.652490831243947582e+02,1.733545514324571855e+02,9.430177013704437172e-01,1.352508224927405411e+00,1.595243150815961020e+00,0.000000000000000000e+00,1.514194778507379935e+00,2.999944797755484061e+00
1.652818366648280346e+02,1.736440427643846931e+02,9.388653618569354764e-01,1.112503329218604620e+00,1.618226790520384428e+00,0.000000000000000000e+00,1.486774890227117618e+00,2.999872539714138586e+00
1.654949585928884233e+02,1.737903587744483218e+02,9.338171194529055752e-01,1.359570955209846055e+00,1.629429595566096234e+00,0.000000000000000000e+00,1.505613525429677413e+00,3.000101511145078614e+00
1.655952594603868135e+02,1.739169984739919244e+02,9.359798056078826312e-01,1.354233590255518260e+00,1.614941510267971836e+00,0.000000000000000000e+00,1.491583572402930935e+00,2.999703742465604339e+00
1.655706202416431552e+02,1.741399877497911177e+02,9.398334666151155758e-01,1.047521473047852147e+00,1.626527917140365709e+00,0.000000000000000000e+00,1.485958628562148442e+00,3.000217183871823234e+00
1.657602308551651049e+02,1.742381706782620370e+02,9.344381504701642083e-01,1.149385883528490693e+00,1.595663749200108450e+00,0.000000000000000000e+00,1.499341372417435592e+00,2.999905239318648054e+00
1.660767201762656669e+02,1.744431317497163718e+02,9.331895066001075767e-01,1.341724471022906595e+00,1.620417581116832206e+00,0.000000000000000000e+00,1.509248514617941961e+00,3.000108220545290472e+00
1.660651676094536526e+02,1.744972327104209455e+02,9.294297199173597868e-01,1.086254196255536320e+00,1.604546633766286590e+00,0.000000000000000000e+00,1.490662057609499325e+00,2.999925082774814733e+00
1.662424753748078388e+02,1.747280893093400778e+02,9.374269503771975875e-01,8.803996085158368734e-01,1.614161226326464638e+00,0.000000000000000000e+00,1.491439317642457185e+00,3.000215729239599671e+00
1.663089472453812334e+02,1.748567036404050157e+02,9.393583366491576880e-01,1.349261142855288753e+00,1.605118540250251025e+00,0.000000000000000000e+00,1.500681156535223826e+00,3.000013122127422438e+00
1.664360320078599216e+02,1.750454784756125832e+02,9.287976747826196533e-01,1.142201643024606694e+00,1.591317588157500573e+00,0.000000000000000000e+00,1.509368255528038105e+00,3.000117413200654504e+00
1.664868135034593308e+02,1.752071068751399423e+02,9.400497961959870530e-01,1.690302310823420751e+00,1.621666544491627171e+00,0.000000000000000000e+00,1.498140175216544412e+00,3.000233911471982484e+00
1.666194124321662571e+02,1.753071110318262527e+02,9.287959102879610462e-01,1.304235948170510806e+00,1.634938921607143270e+00,0.000000000000000000e+00,1.488275799474954253e+00,2.999943560141392407e+00
1.668211033039698918e+02,1.755323501348311765e+02,9.323866662264279626e-01,1.263701283406188702e+00,1.610900181727528135e+00,0.000000000000000000e+00,1.508422926555971211e+00,3.000029212677611135e+00
1.668313409113837906e+02,1.756021880388369141e+02,9.375791577040353264e-01,1.382309895506623976e+00,1.610012306338462151e+00,0.000000000000000000e+00,1.502220579135898681e+00,3.000180961249760969e+00
1.670803685974068742e+02,1.758822897895195752e+02,9.401186897585566138e-01,1.104607237276167497e+00,1.620953563318681345e+00,0.000000000000000000e+00,1.495260050831739074e+00,3.000046670021430550e+00
1.671218934500865032e+02,1.760243857040682940e+02,9.398024286569679475e-01,1.147596313971668058e+00,1.623930455125169203e+00,0.000000000000000000e+00,1.511640006653086177e+00,2.999862654815208529e+00
1.672878620965304890e+02,1.761200598345849926e+02,9.285684718409765726e-01,1.348280518812184248e+00,1.603121046677673300e+00,0.000000000000000000e+00,1.518182470997779365e+00,3.000026341302306943e+00
1.674156598346784790e+02,1.763298440502339304e+02,9.419686161803388913e-01,1.044146004682343865e+00,1.612413928911779815e+00,0.000000000000000000e+00,1.508701826276244384e+00,2.999984713241571122e+00
1.675289902680646037e+02,1.764941461917811409e+02,9.341025308300041630e-01,1.201238599410655361e+00,1.598676172204232637e+00,0.000000000000000000e+00,1.507998322061709917e+00,3.000042832485925182e+00
1.675468377050649735e+02,1.766462047624170282e+02,9.366008945732652302e-01,1.206811503551876275e+00,1.606088996169035221e+00,0.000000000000000000e+00,1.499752652769532402e+00,3.000078498598671040e+00
1.677763970141995458e+02,1.767805513124831407e+02,9.434134776654198307e-01,9.806413200989885226e-01,1.614547165524988781e+00,0.000000000000000000e+00,1.495592963788662022e+00,3.000119315197982139e+00
1.678148358638190132e+02,1.769423100305725143e+02,9.358896066342770048e-01,1.178248261946399200e+00,1.614089339434936266e+00,0.000000000000000000e+00,1.502411340897830572e+00,3.000121250831728759e+00
1.680514530741294266e+02,1.771238814946187290e+02,9.391212273486958528e-01,1.335312798738226947e+00,1.602267964662745792e+00,0.000000000000000000e+00,1.496902686291056384e+00,2.999984297685833301e+00
1.680591356391662998e+02,1.773017617038601088e+02,9.414143730684753075e-01,1.134917516906039925e+00,1.590092317573902347e+00,0.000000000000000000e+00,1.482750418690570227e+00,3.000100859575776990e+00
1.681604865087523706e+02,1.773871055210510690e+02,9.404347824894275787e-01,1.400900973588040221e+00,1.588435872531660742e+00,0.000000000000000000e+00,1.513779405612895701e+00,2.999965680932565437e+00
1.684057058468694947e+02,1.776541675548976968e+02,9.275191988722576442e-01,1.608486648605040648e+00,1.574749643865613447e+00,0.000000000000000000e+00,1.481213747016896898e+00,3.000141844969960392e+00
1.685153051744699155e+02,1.777669514706700227e+02,9.307395741425055213e-01,1.304860572514906503e+00,1.636826761186926049e+00,0.000000000000000000e+00,1.511546318374175080e+00,2.999957671847055973e+00
1.685757334219583186e+02,1.779687182809950912e+02,9.343718063794984596e-01,1.127250671970670304e+00,1.630742558018627664e+00,0.000000000000000000e+00,1.498750963590550267e+00,2.999717961354503970e+00
1.686500089940705891e+02,1.780807142226344979e+02,9.427301380594352853e-01,1.065783423286901899e+00,1.630999568801780653e+00,0.000000000000000000e+00,1.508402942032110561e+00,3.000040760550634289e+00
1.688498901090325717e+02,1.781707106828051224e+02,9.397133046724094330e-01,1.485037891456983949e+00,1.604503207943477561e+00,0.000000000000000000e+00,1.505979208180342699e+00,3.000150235436838120e+00
1.688916429960815151e+02,1.784198272269436529e+02,9.418986782954739123e-01,9.379859306255344809e-01,1.603333383881623053e+00,0.000000000000000000e+00,1.489771814767523850e+00,2.999950346828407444e+00
1.690642036487272151e+02,1.786167716019808722e+02,9.443091055630992159e-01,9.551687489900300143e-01,1.609172789095050016e+00,0.000000000000000000e+00,1.511029703713390404e+00,2.999913629949385374e+00
1.691448575666216811e+02,1.787739397174230760e+02,9.369948737963648133e-01,9.865996354500786714e-01,1.605963172594354615e+00,0.000000000000000000e+00,1.503878465434719480e+00,3.000210735349938318e+00
1.692671676568556052e+02,1.789387159393558875e+02,9.460804359485855963e-01,1.111850798956966591e+00,1.623019838610282983e+00,0.000000000000000000e+00,1.500295032739996426e+00,2.999996818973505786e+00
1.694391605891302675e+02,1.790552762051941045e+02,9.375016738363887159e-01,1.282720896941191846e+00,1.608533294263401858e+00,0.000000000000000000e+00,1.517600292776206450e+00,2.999944387415859559e+00
1.694485894152250012e+02,1.791861564604529917e+02,9.432639197879320037e-01,9.754377348933563896e-01,1.632262960366698712e+00,0.000000000000000000e+00,1.522030600788443433e+00,2.999808843894380406e+00
1.695570535413253879e+02,1.793614966657751779e+02,9.385048493847597539e-01,1.424169863876702191e+00,1.594093140675281184e+00,0.000000000000000000e+00,1.507440441347409843e+00,3.000005868497087391e+00
1.697498809615620416e+02,1.795142119579574569e+02,9.426215967198154910e-01,1.404871445964838594e+00,1.594824969438119355e+00,0.000000000000000000e+00,1.502736319402804943e+00,2.999972367760652237e+00
1.698410143967108468e+02,1.797261978233472064e+02,9.418446525672201641e-01,1.338043220210401119e+00,1.604710646673425112e+00,0.000000000000000000e+00,1.521683184638255248e+00,3.000019938843971001e+00
1.699498074325234711e+02,1.797971442903846935e+02,9.370768687694331911e-01,1.089443152000928894e+00,1.609653006202647951e+00,0.000000000000000000e+00,1.533171887683645984e+00,2.999765537925193737e+00
1.700761463294605562e+02,1.800003231800025674e+02,9.336192021337297309e-01,1.341988577042465325e+00,1.613211042668714068e+00,0.000000000000000000e+00,1.508395809168858959e+00,2.999979496411388169e+00
1.702423701134367491e+02,1.801965457014836147e+02,9.497205986846524173e-01,1.323717149966987749e+00,1.638068474059138246e+00,0.000000000000000000e+00,1.493566690395831120e+00,3.000191036733570016e+00
1.702350675748812421e+02,1.804256237450254048e+02,9.504516249984549248e-01,1.303077710990973248e+00,1.602125629180634947e+00,0.000000000000000000e+00,1.505787019003569149e+00,3.000009058698353659e+00
1.704789980000779508e+02,1.805538042959883853e+02,9.455374262875322344e-01,9.939852018544458323e-01,1.619714044718157275e+00,0.000000000000000000e+00,1.499679021637576826e+00,3.000089644476286121e+00
1.705770835587336478e+02,1.807097317326449399e+02,9.395471286749669249e-01,1.372558197859254037e+00,1.606777951787201841e+00,0.000000000000000000e+00,1.513588155436669913e+00,2.999831399825682698e+00
1.707781720569280992e+02,1.808504910880082548e+02,9.347699379274518883e-01,9.426367549327651085e-01,1.617603147923596829e+00,0.000000000000000000e+00,1.494581339353723726e+00,3.000003452636260004e+00
1.708423099583185376e+02,1.810700064477920250e+02,9.437614768528828080e-01,1.153079184163659843e+00,1.579383589872420002e+00,0.000000000000000000e+00,1.470073307327855128e+00,2.999890041547189412e+00
1.708738075102155278e+02,1.811082848964582865e+02,9.415503717265648609e-01,1.047617108414094611e+00,1.634716502400599181e+00,0.000000000000000000e+00,1.498823230802807327e+00,2.999986253673284420e+00
1.709170811821296923e+02,1.813311560562707712e+02,9.402419344076734520e-01,1.243336450242562563e+00,1.624733634709132568e+00,0.000000000000000000e+00,1.498793618561296226e+00,2.999961904698632331e+00
1.711883308177498293e+02,1.814745299969171697e+02,9.397480572549977706e-01,1.366093377264809838e+00,1.621719832925886395e+00,0.000000000000000000e+00,1.507891934050657801e+00,3.000049515596082461e+00
1.712830314914327516e+02,1.816360746384846721e+02,9.413162680222242340e-01,9.183595093498945205e-01,1.588278381704447684e+00,0.000000000000000000e+00,1.488107856429254916e+00,2.999860489769409888e+00
1.713895919878157201e+02,1.817452518674761279e+02,9.300819477744979302e-01,1.225207934070927651e+00,1.615861448858958882e+00,0.000000000000000000e+00,1.504647422911617349e+00,2.999832049229663511e+00
1.714519885958537202e+02,1.820203800805808498e+02,9.391918894396299455e-01,8.206105501321641071e-01,1.616432676000461921e+00,0.000000000000000000e+00,1.508475459065500734e+00,3.000144919276446664e+00
1.717007727387585589e+02,1.821007798834361608e+02,9.329493753235683640e-01,1.187651676079414687e+00,1.596656425776097787e+00,0.000000000000000000e+00,1.500723570118344119e+00,2.999833363712014478e+00
1.717794322776587705e+02,1.822575132866155911e+02,9.387496454353573272e-01,9.543191721958783624e-01,1.638804275395605137e+00,0.000000000000000000e+00,1.515562625590135992e+00,3.000234963799851773e+00
1.719047650232737112e+02,1.824072518352444376e+02,9.472328472975762859e-01,6.902352103213263979e-01,1.599322788310359789e+00,0.000000000000000000e+00,1.489309656359683265e+00,3.000105883188430855e+00
1.720510620154669255e+02,1.825781861796032217e+02,9.424748050261146926e-01,9.135870363030289543e-01,1.610501953213735016e+00,0.000000000000000000e+00,1.518012221232806436e+00,3.000209154331403560e+00
1.719680695323979762e+02,1.829162311465369157e+02,9.294327611698285363e-01,9.510958306040182553e-01,1.598086731803820548e+00,0.000000000000000000e+00,1.482779585298786174e+00,3.000151052443726041e+00
1.721055160469996963e+02,1.829275607548783853e+02,9.308799463749802827e-01,1.413181631252485637e+00,1.611554938836887718e+00,0.000000000000000000e+00,1.486956509511094593e+00,3.000010764199619206e+00
1.724320843301369450e+02,1.830805140279695138e+02,9.483819306990166620e-01,1.555152256106679953e+00,1.620916962149918206e+00,0.000000000000000000e+00,1.495395616509255232e+00,3.000182599925755866e+00
1.723853481404981949e+02,1.832636909272215178e+02,9.395970340933782472e-01,1.080130136769860805e+00,1.643225626514016602e+00,0.000000000000000000e+00,1.504236575984786883e+00,2.999926959506337809e+00
1.726213125418308607e+02,1.834459030826713786e+02,9.355798504083771006e-01,8.740238590175992694e-01,1.606839383594007797e+00,0.000000000000000000e+00,1.487386887953072723e+00,3.000053986295875497e+00
1.727893791681158291e+02,1.835707294063616075e+02,9.493594412941933625e-01,1.095055795273173427e+00,1.625222574716475910e+00,0.000000000000000000e+00,1.524320285794416918e+00,3.000115885307430563e+00
1.728307816549690301e+02,1.837411391172288404e+02,9.399171541833980514e-01,1.119102033588444733e+00,1.614121782731526178e+00,0.000000000000000000e+00,1.507700390037578275e+00,3.000107933393592496e+00
1.728888241394787713e+02,1.839397065739489392e+02,9.323395819572517507e-01,9.554101035333912861e-01,1.606617148325499400e+00,0.000000000000000000e+00,1.506148403461780250e+00,3.000059385509899368e+00
1.729003780000840891e+02,1.840642173737569465e+02,9.370074026014384438e-01,1.201118106191528812e+00,1.628303213993280929e+00,0.000000000000000000e+00,1.521241901214136716e+00,3.000140647925669146e+00
1.732158598919775727e+02,1.842753298586537767e+02,9.447724855642474218e-01,1.350615527009276340e+00,1.610403427339989868e+00,0.000000000000000000e+00,1.470547979399448923e+00,3.000067663697060905e+00
1.732483332772798974e+02,1.843870255150791024e+02,9.426257776217822348e-01,1.102703842334818773e+00,1.614641634029766237e+00,0.000000000000000000e+00,1.493189156906627346e+00,3.000256227435405432e+00
1.733958376522321885e+02,1.845367000208637478e+02,9.335225734152275967e-01,1.187287815177167527e+00,1.624805575693287762e+00,0.000000000000000000e+00,1.517070838767218044e+00,3.000093720189806579e+00
1.735044092894943333e+02,1.846826324618202761e+02,9.346137953690212274e-01,9.049811134227470077e-01,1.575711816462873616e+00,0.000000000000000000e+00,1.511923968474739643e+00,2.999879566325318159e+00
1.736564545144008775e+02,1.848621163809881978e+02,9.319937154912102395e-01,8.527843376674492104e-01,1.599860884356350432e+00,0.000000000000000000e+00,1.501797118537652853e+00,2.999918713054361863e+00
1.737269862254531745e+02,1.850738951801364749e+02,9.388639652644983347e-01,1.431320536067144156e+00,1.579699810838479435e+00,0.000000000000000000e+00,1.510463349300661395e+00,2.999830642819319326e+00
1.739003621622078413e+02,1.852715241707481084e+02,9.443235264815089680e-01,1.162043062687161399e+00,1.606936470154662899e+00,0.000000000000000000e+00,1.508710588916192474e+00,3.000093141717826484e+00
1.740038310303589242e+02,1.853739413577218613e+02,9.411398484404587261e-01,1.405825585296991642e+00,1.637233056851294721e+00,0.000000000000000000e+00,1.474549078829488158e+00,3.000087412502676187e+00
1.741256135232780196e+02,1.855197273992264400e+02,9.433296475756615118e-01,1.304327155509260372e+00,1.616142335123048390e+00,0.000000000000000000e+00,1.498366560120087954e+00,3.000133074727776794e+00
1.741822809729662538e+02,1.856966961206412350e+02,9.491621815716729804e-01,1.092093790098153328e+00,1.589284531822555024e+00,0.000000000000000000e+00,1.505714671477768718e+00,2.999824548764259191e+00
1.742731075568273127e+02,1.858492965815754303e+02,9.346577613033604237e-01,1.119286573821653752e+00,1.637850063990131000e+00,0.000000000000000000e+00,1.494941978772136970e+00,3.000033987598491159e+00
1.745191522204423222e+02,1.859857038066011796e+02,9.256852135018996952e-01,1.463851003256256611e+00,1.600484637800552168e+00,0.000000000000000000e+00,1.493690145802402558e+00,3.000004872174637516e+00
1.745854811370180926e+02,1.861640286987441186e+02,9.356667367119648748e-01,1.196202682649776916e+00,1.613420757959244778e+00,0.000000000000000000e+00,1.507408921456349526e+00,2.999825080185532400e+00
1.746359938053371650e+02,1.863584665258476321e+02,9.375526794157160726e-01,1.070145798023920625e+00,1.598167479723843210e+00,0.000000000000000000e+00,1.505210831270614280e+00,2.999946500742641131e+00
1.747979583428374042e+02,1.865094368428881637e+02,9.345776192129344739e-01,1.107792034685779248e+00,1.609073223722252921e+00,0.000000000000000000e+00,1.494594682532137675e+00,3.000012018114892154e+00
1.749362577567574988e+02,1.865982808676138518e+02,9.355366966372736792e-01,9.527552820999238836e-01,1.604499065967134541e+00,0.000000000000000000e+00,1.523841314664538427e+00,2.999827528129110021e+00
1.749545965254414739e+02,1.867803867782808709e+02,9.412251063088901137e-01,1.033697695046526643e+00,1.614672691179061426e+00,0.000000000000000000e+00,1.494069182377977478e+00,2.999975619162129181e+00
1.751971741369434028e+02,1.869352269745547801e+02,9.399143515467982546e-01,1.590477651348626287e+00,1.631024976649124492e+00,0.000000000000000000e+00,1.490957474114429582e+00,2.999927354845639549e+00
1.752781619503850266e+02,1.871223312141036956e+02,9.333247257327587088e-01,1.192144032753922778e+00,1.613746615031185883e+00,0.000000000000000000e+00,1.501240274350540638e+00,3.000018063909369648e+00
1.754021785008983443e+02,1.872716004143107966e+02,9.459893011246510719e-01,5.524626222170270218e-01,1.625212109194860366e+00,0.000000000000000000e+00,1.517513289944748101e+00,2.999866244228440504e+00
1.756073087710014420e+02,1.873828770446595513e+02,9.410054960565977789e-01,1.132370778923499133e+00,1.631170961185365087e+00,0.000000000000000000e+00,1.503552127399501837e+00,3.000086078947757251e+00
1.756234506068491896e+02,1.876249125940840088e+02,9.418176849643118409e-01,1.426260040853998046e+00,1.616307518763536288e+00,0.000000000000000000e+00,1.502187038826880761e+00,3.000013053849344580e+00
1.758235299560125782e+02,1.877814074853826298e+02,9.366122240337764193e-01,1.096246470959211239e+00,1.604912744946466630e+00,0.000000000000000000e+00,1.495540429018607620e+00,3.000017453702019665e+00
1.758917062671072529e+02,1.878537563897795337e+02,9.327033059817001481e-01,1.256930518150060294e+00,1.625601495923644668e+00,0.000000000000000000e+00,1.496398521062041409e+00,3.000004689071584352e+00
1.760859444653241042e+02,1.881283692216599945e+02,9.453184479833699472e-01,1.206699546117769417e+00,1.575594746031083959e+00,0.000000000000000000e+00,1.512223391463725086e+00,2.999742046151413710e+00
1.761321437034796986e+02,1.882238539508632300e+02,9.365755677941760560e-01,9.703622536209057792e-01,1.628944125292101530e+00,0.000000000000000000e+00,1.495928911295051567e+00,2.999907202432022135e+00
1.761979034102126036e+02,1.884097101011807638e+02,9.474371485312351737e-01,1.102430796347441788e+00,1.612619546211204069e+00,0.000000000000000000e+00,1.499436512921680897e+00,3.000072239588631895e+00
1.763683416187777198e+02,1.885840681330273014e+02,9.304045700080718628e-01,1.186752253513053246e+00,1.637173380156983438e+00,0.000000000000000000e+00,1.496668901180711275e+00,3.000246501584560299e+00
1.764679570778259574e+02,1.888237749167164168e+02,9.415402480439045707e-01,9.538535045630449627e-01,1.623073454687657291e+00,0.000000000000000000e+00,1.504182908035186950e+00,3.000034671274236064e+00
1.766116966099713181e+02,1.889795304344290230e+02,9.419481543534302670e-01,7.593528654624444041e-01,1.620851802514300166e+00,0.000000000000000000e+00,1.473804120186736011e+00,2.999989448541572568e+00
1.766362579737564147e+02,1.891238837742577061e+02,9.431286983147354475e-01,9.156381001685451881e-01,1.598019214773967578e+00,0.000000000000000000e+00,1.512599186014306651e+00,2.999962382019111029e+00
1.768023443424587242e+02,1.893271158776768459e+02,9.414319179567569584e-01,1.338449018223825782e+00,1.615901409149744561e+00,0.000000000000000000e+00,1.498602885219269210e+00,3.000003076627338672e+00
1.769260064397990106e+02,1.894607971121685921e+02,9.206493255990193525e-01,1.176210189022375063e+00,1.632447014653478634e+00,0.000000000000000000e+00,1.492515937212006927e+00,3.000021213908727447e+00
1.770551542393383784e+02,1.895526026482971815e+02,9.417012327360715362e-01,1.143553176254924919e+00,1.611821042008012350e+00,0.000000000000000000e+00,1.501699256250252024e+00,3.000077616178570050e+00
1.772712282734766234e+02,1.897533633418973409e+02,9.344437210975854446e-01,1.052902143829328230e+00,1.607600600167068849e+00,0.000000000000000000e+00,1.515471374226663448e+00,2.999783059479294689e+00
1.772488593646492063e+02,1.899128382885558608e+02,9.367750566526594769e-01,1.350341900942286788e+00,1.580817630168414478e+00,0.000000000000000000e+00,1.490352415610650016e+00,2.999968491768754575e+00
1.774272144401298021e+02,1.901001449634331095e+02,9.359016939896731557e-01,1.257797032696098105e+00,1.619414339761928723e+00,0.000000000000000000e+00,1.504273751189775465e+00,3.000159410545920835e+00
1.775883671970579201e+02,1.901083212543549905e+02,9.396773990027659229e-01,1.071977867842496046e+00,1.611572095464979038e+00,0.000000000000000000e+00,1.510577339891503890e+00,2.999922139950383926e+00
1.776977979256783158e+02,1.903944372180326638e+02,9.303311555652621356e-01,1.362795444528439148e+00,1.622929946449637395e+00,0.000000000000000000e+00,1.496767800661123138e+00,2.999912880866366649e+00
1.777874748975381465e+02,1.905303253877768270e+02,9.455632321400228024e-01,9.435719739639748527e-01,1.618387320728538192e+00,0.000000000000000000e+00,1.507920124248443017e+00,3.000099650337937796e+00
1.778723950652953079e+02,1.907656000299524806e+02,9.370622386636771051e-01,1.615605812362482352e+00,1.638190622115732964e+00,0.000000000000000000e+00,1.497642423712806314e+00,2.999846471904736411e+00
1.779562561927504873e+02,1.908403318644604099e+02,9.392399182970708749e-01,1.138491169434497463e+00,1.601990133484672008e+00,0.000000000000000000e+00,1.492356193144348531e+00,3.000173819621888782e+00
1.781857084853316451e+02,1.910335228006939587e+02,9.400430655046334572e-01,8.909832892717286512e-01,1.612123455366183178e+00,0.000000000000000000e+00,1.481031935129682120e+00,3.000202854294474974e+00
1.783631421561371155e+02,1.911414813862008373e+02,9.355019702440049434e-01,6.076111284660877798e-01,1.621452219704212938e+00,0.000000000000000000e+00,1.504687485951621051e+00,3.000085360409172619e+00
1.783391784759376719e+02,1.913692794362573579e+02,9.377042262425530073e-01,1.185436479009546629e+00,1.619728421413556774e+00,0.000000000000000000e+00,1.506621514917008131e+00,2.999829884008455405e+00
1.785266014756710149e+02,1.914617131967092689e+02,9.369144144563518184e-01,1.239881083084195312e+00,1.595547890083672815e+00,0.000000000000000000e+00,1.512627001587625308e+00,2.999897016037840647e+00
1.784987241843423078e+02,1.916744313961561090e+02,9.409517398246873832e-01,1.386257794671712951e+00,1.632312003094905872e+00,0.000000000000000000e+00,1.497862482926010319e+00,2.999934951927707427e+00
1.787745248751324709e+02,1.918596703085673596e+02,9.404128911659660472e-01,1.011482019521027009e+00,1.615869824762785179e+00,0.000000000000000000e+00,1.513747837219443282e+00,2.999957014371170683e+00
1.789112568805001615e+02,1.919361452806916759e+02,9.379899449203078499e-01,1.604923858951652571e+00,1.634870601695759484e+00,0.000000000000000000e+00,1.482173825076778417e+00,2.999990753355134210e+00
1.791491817102194659e+02,1.920718339856449575e+02,9.404524333329842278e-01,8.963600918415420837e-01,1.624004956411882805e+00,0.000000000000000000e+00,1.508296525328191695e+00,2.999741047425082296e+00
1.789607188221069691e+02,1.922783027126660897e+02,9.493044693840226866e-01,1.128779843642627734e+00,1.601763860254734384e+00,0.000000000000000000e+00,1.492613101499823847e+00,3.000037679747345365e+00
1.791811637310887591e+02,1.924628248504490955e+02,9.335873968921181154e-01,9.553591708437438879e-01,1.595800779637503775e+00,0.000000000000000000e+00,1.499361131031351491e+00,2.999829914737475178e+00
1.793576923438125164e+02,1.926155540981935701e+02,9.350234191429570574e-01,9.629099053557877985e-01,1.612980207908429220e+00,0.000000000000000000e+00,1.479859385571878683e+00,2.999876078475275598e+00
1.793749368554858563e+02,1.927765776369802211e+02,9.386577475328583553e-01,1.276684987506135016e+00,1.628514036295771517e+00,0.000000000000000000e+00,1.498625527553454351e+00,2.999993102069462125e+00
1.795374899810223894e+02,1.929158312871222734e+02,9.383860305770593824e-01,9.410319941298546098e-01,1.603074113221661046e+00,0.000000000000000000e+00,1.502698204303236196e+00,3.000000558449937405e+00
1.796209849765175477e+02,1.930886836208095474e+02,9.407917982919068445e-01,1.204844858233371729e+00,1.620530196296861236e+00,0.000000000000000000e+00,1.515643361650586662e+00,2.999811230006684593e+00
1.798397702322347129e+02,1.933131234952504940e+02,9.299057514094195565e-01,1.152386329472348203e+00,1.596900740185559497e+00,0.000000000000000000e+00,1.471178527507003064e+00,3.000031012518196594e+00
1.799227234568241727e+02,1.934377948743346280e+02,9.464079417389112958e-01,1.169454917708555364e+00,1.622253820393335433e+00,0.000000000000000000e+00,1.497090781786707847e+00,3.000308946325103587e+00
1.800145190420496419e+02,1.935704834968201737e+02,9.461665032691269905e-01,9.985174658193194386e-01,1.631467484407397972e+00,0.000000000000000000e+00,1.475391909619048869e+00,2.999867317632495478e+00
1.801806625436342983e+02,1.937165116295177540e+02,9.499410788360674873e-01,1.364825868988000179e+00,1.619115729533314063e+00,0.000000000000000000e+00,1.514240423681554315e+00,3.000069345319708258e+00
1.802802419215323084e+02,1.939423132118202773e+02,9.408072941434589831e-01,9.194687734047300998e-01,1.583587376791660617e+00,0.000000000000000000e+00,1.492528643095648810e+00,3.000020832664451298e+00
1.803854286218762866e+02,1.940317163150798194e+02,9.359299958482800719e-01,1.303075234498417556e+00,1.601733740617581114e+00,0.000000000000000000e+00,1.498958614687511792e+00,3.000182509583690926e+00
1.804679102218212563e+02,1.942856134150172807e+02,9.378359057997677217e-01,1.162780247151045110e+00,1.639356172548495305e+00,0.000000000000000000e+00,1.482604671405338248e+00,3.000226110157852233e+00
1.806339238837925336e+02,1.943844665932006990e+02,9.413275397335508776e-01,8.766362503209800261e-01,1.628346582522997243e+00,0.000000000000000000e+00,1.496460830246130636e+00,3.000054992966416201e+00
1.808520997465839741e+02,1.945175543630799382e+02,9.395586709109841062e-01,9.030960480579173222e-01,1.629099374511244758e+00,0.000000000000000000e+00,1.503070201899057601e+00,2.999923748757411079e+00
1.808612288968487860e+02,1.947238105972640483e+02,9.424554789899336482e-01,1.557680695741276100e+00,1.605939859236980016e+00,0.000000000000000000e+00,1.524139580867034827e+00,2.999743956652035859e+00
1.810623025769248216e+02,1.949287756995737766e+02,9.239838812425258396e-01,1.019332265165358020e+00,1.609879887295822654e+00,0.000000000000000000e+00,1.526064453604727422e+00,2.999898921589450929e+00
1.812148621793054701e+02,1.950733607719298561e+02,9.347878081037449549e-01,1.032600423590328775e+00,1.615583876872229485e+00,0.000000000000000000e+00,1.495285065673409797e+00,2.999653334217810219e+00
1.811797960155564056e+02,1.951775965776511725e+02,9.519109805575659555e-01,1.165161420897759204e+00,1.604614649133297322e+00,0.000000000000000000e+00,1.493848478704386418e+00,3.000149974567484001e+00
1.813764883892949342e+02,1.953555940464744083e+02,9.382824689445853350e-01,1.486234994378916152e+00,1.627798462731063767e+00,0.000000000000000000e+00,1.506758752721374828e+00,2.999977071309306798e+00
1.814922756339553018e+02,1.954967036092991464e+02,9.306195905484203612e-01,1.236138765712611942e+00,1.663660485290257007e+00,0.000000000000000000e+00,1.515597654093482793e+00,2.999951071223805776e+00
1.815760957617552549e+02,1.956590213471511959e+02,9.325382100696528731e-01,1.558321680640304407e+00,1.621678761582554085e+00,0.000000000000000000e+00,1.486372263376996905e+00,3.000082697972174639e+00
1.816352368771841270e+02,1.958693625093929711e+02,9.429997188740102398e-01,1.162370932582768912e+00,1.606938901419943555e+00,0.000000000000000000e+00,1.471738128225004161e+00,2.999772431459684086e+00
1.817430755066398547e+02,1.959412770860853357e+02,9.321494137849249961e-01,1.028303511824300687e+00,1.622262552835480820e+00,0.000000000000000000e+00,1.518215931465931590e+00,2.999851033744471263e+00
1.818073535403278811e+02,1.961180033482309852e+02,9.414373777433832080e-01,1.073988135756886120e+00,1.612770653742986449e+00,0.000000000000000000e+00,1.488965548818469431e+00,2.999908092508934754e+00
1.820404258425228932e+02,1.962915164957343848e+02,9.394982360787001996e-01,1.182619229501301383e+00,1.613103575853263694e+00,0.000000000000000000e+00,1.493457772452358778e+00,2.999925466368899674e+00
1.821234972520594511e+02,1.964991297192943307e+02,9.376021842185462418e-01,1.213023167839034189e+00,1.571035291750469520e+00,0.000000000000000000e+00,1.493896559016630876e+00,2.999842570934299513e+00
1.823205185788430356e+02,1.965618965638275597e+02,9.432901737866403735e-01,8.401392615305967038e-01,1.630205335474442352e+00,0.000000000000000000e+00,1.493041403280002344e+00,3.000050049264172625e+00
1.823335651984241679e+02,1.968194748911571423e+02,9.284761977738426042e-01,1.263104568585392551e+00,1.623784208312988531e+00,0.000000000000000000e+00,1.514379305679909749e+00,3.000300689237870522e+00
1.826189350048802282e+02,1.970480496656561797e+02,9.390359713364478944e-01,1.340152180918927183e+00,1.613161190898110053e+00,0.000000000000000000e+00,1.488284703161274924e+00,3.000001200135307133e+00
1.825762055637091521e+02,1.971193720240679284e+02,9.444288328647759689e-01,1.033434398581053015e+00,1.622526839422562706e+00,0.000000000000000000e+00,1.518034222093807006e+00,2.999868179646850930e+00
1.828320762218780828e+02,1.973355082888104448e+02,9.356667719664732985e-01,1.681434427851437485e+00,1.628685967916083666e+00,0.000000000000000000e+00,1.504920330539368578e+00,2.999823663788245387e+00
1.828867726249085877e+02,1.974855044618433055e+02,9.336571347420109523e-01,1.429947678316467519e+00,1.611738968314774256e+00,0.000000000000000000e+00,1.513477011255617732e+00,2.999838848331686236e+00
1.829727575423192434e+02,1.976517018042691234e+02,9.415750893750490791e-01,1.253555396755424711e+00,1.610193381885643760e+00,0.000000000000000000e+00,1.485508832374411003e+00,3.000273574018593070e+00
1.830165596509299633e+02,1.977585450363278596e+02,9.322966907150426197e-01,9.710927431231348717e-01,1.607834282763763278e+00,0.000000000000000000e+00,1.499633070555762115e+00,3.000040325927193052e+00
1.831319422018198964e+02,1.978815887456090934e+02,9.472322260382685100e-01,1.202185482543632444e+00,1.625729153629737134e+00,0.000000000000000000e+00,1.509473314088428442e+00,2.999992390018586974e+00
1.833076482558355167e+02,1.980463886360531376e+02,9.336533180084781725e-01,1.007746197324015602e+00,1.596253796993206020e+00,0.000000000000000000e+00,1.504775120304576941e+00,3.000049598263953232e+00
1.834189925455570460e+02,1.982429340907205528e+02,9.386154172983878219e-01,1.052165194438111184e+00,1.613243423669051602e+00,0.000000000000000000e+00,1.496412633742664644e+00,2.999895669416543509e+00
1.835089346025366410e+02,1.984399036445569493e+02,9.360236966153770988e-01,8.655498032190817037e-01,1.584512351007699937e+00,0.000000000000000000e+00,1.499839523504951977e+00,3.000063231967291966e+00
1.837823432746841661e+02,1.986251175582026178e+02,9.391849005595734878e-01,1.077970908475773371e+00,1.599465475038661877e+00,0.000000000000000000e+00,1.512632465206580568e+00,2.999718206429330181e+00
1.839154779956667483e+02,1.987797192258915970e+02,9.390001097111155826e-01,1.085490396135073699e+00,1.601979888434370336e+00,0.000000000000000000e+00,1.486494247457324613e+00,2.999893765737124074e+00
1.839559518980474593e+02,1.989295665318312274e+02,9.376314107833098044e-01,1.382683495791649175e+00,1.624695357027911014e+00,0.000000000000000000e+00,1.517371740730658836e+00,3.000075782389653778e+00
1.840759083562526257e+02,1.990959633385098755e+02,9.384334575974354609e-01,1.176168404664143852e+00,1.618644073933442007e+00,0.000000000000000000e+00,1.504482083401612158e+00,2.999864216504648073e+00
1.841019045760779704e+02,1.991775719552032342e+02,9.397263467153929017e-01,1.168795136596074036e+00,1.613066810737397550e+00,0.000000000000000000e+00,1.493556646723407377e+00,2.999945585550503946e+00
1.843196747989545656e+02,1.993328752408403943e+02,9.407678895593927226e-01,1.644555919212239647e+00,1.600249496994615939e+00,0.000000000000000000e+00,1.497307421825522011e+00,2.999937939240200357e+00
1.844923568310872213e+02,1.995921943359028887e+02,9.340543861859356145e-01,1.108813475553564798e+00,1.617105550100487399e+00,0.000000000000000000e+00,1.487831194020344805e+00,3.000237396212949381e+00
1.844988903401878417e+02,1.997591860755492519e+02,9.321729490113535022e-01,1.132775965536686691e+00,1.612753977866463240e+00,0.000000000000000000e+00,1.519021381621595834e+00,2.999789001534623356e+00
1.845117788773380312e+02,1.998345207066155069e+02,9.358113078970908827e-01,1.478511739704054140e+00,1.600330543062930655e+00,0.000000000000000000e+00,1.473832473478932314e+00,2.999962074809567003e+00
1.847291277504928360e+02,2.000621667116033677e+02,9.426903487779615398e-01,8.989455228656275665e-01,1.611607255845821873e+00,0.000000000000000000e+00,1.515463337839890290e+00,3.000187719070543046e+00
1.847819274677290196e+02,2.001043728129968429e+02,9.314720305214431173e-01,1.459179587060888128e+00,1.585650866026605987e+00,0.000000000000000000e+00,1.490330007750262586e+00,2.999988044260203157e+00
1.850733374362448558e+02,2.003945367027805844e+02,9.328944737744182536e-01,1.153812120511762629e+00,1.611723874492441366e+00,0.000000000000000000e+00,1.525348861579525428e+00,3.000013618628853074e+00
1.851484642735551631e+02,2.004365567408303264e+02,9.360435471939035912e-01,9.076491281859672133e-01,1.597071417354184675e+00,0.000000000000000000e+00,1.511121714041586461e+00,2.999849816603571639e+00
1.854285463798260025e+02,2.006039550505738873e+02,9.416885892126598545e-01,1.237280161095777542e+00,1.611085951564438457e+00,0.000000000000000000e+00,1.495886098414705989e+00,3.000059620377637515e+00
1.854035176001013667e+02,2.009210464238269935e+02,9.447618893519688088e-01,1.286924248500705303e+00,1.601409928314111664e+00,0.000000000000000000e+00,1.505530074573223853e+00,3.000193341090525045e+00
1.855238722257567474e+02,2.009751357544825225e+02,9.417020410741447911e-01,1.643881403428944621e+00,1.584380981615991502e+00,0.000000000000000000e+00,1.500754270813166480e+00,2.999963703645554425e+00
1.855485170953074601e+02,2.012078686461444761e+02,9.414927295731301271e-01,1.368140151882466737e+00,1.639386547003643946e+00,0.000000000000000000e+00,1.512507385577693375e+00,2.999807327304112370e+00
1.858238879312047800e+02,2.012707606341541293e+02,9.466266750082258374e-01,1.090983989246847141e+00,1.612601887265100009e+00,0.000000000000000000e+00,1.521669036757680171e+00,2.999911190243531589e+00
1.858876921885795355e+02,2.014645069152643089e+02,9.461276994152608699e-01,1.546698950306206299e+00,1.615282511780455676e+00,0.000000000000000000e+00,1.504660715506578761e+00,2.999967780134490170e+00
1.859139879036731031e+02,2.016373852233909645e+02,9.365666974743033224e-01,1.059977033603116903e+00,1.604202313686964310e+00,0.000000000000000000e+00,1.507926597249688028e+00,2.999787026492966913e+00
1.859334075209281423e+02,2.018516121131568468e+02,9.343720143016924773e-01,8.859075722116337426e-01,1.630955793773146256e+00,0.000000000000000000e+00,1.500576203878417614e+00,3.000033819871770202e+00
1.862264716968481082e+02,2.019624533430281303e+02,9.229632801428987454e-01,1.248965630513671377e+00,1.607617815409477124e+00,0.000000000000000000e+00,1.501639895565125782e+00,2.999951160754603663e+00
1.863720799720982200e+02,2.021632393283647389e+02,9.447115644054133732e-01,1.358606573192618905e+00,1.615695582305291644e+00,0.000000000000000000e+00,1.485840752665908315e+00,3.000073894663440210e+00
1.863365320892504258e+02,2.022839487165316257e+02,9.378692764039185947e-01,1.345645547453828250e+00,1.615100635100195081e+00,0.000000000000000000e+00,1.504597639081214577e+00,3.000218808504991230e+00
1.866226665268439717e+02,2.024398086404379171e+02,9.347616420946838200e-01,1.481152639097671919e+00,1.584468427255665723e+00,0.000000000000000000e+00,1.510422771577457413e+00,2.999768458202073607e+00
1.865814600450272565e+02,2.026173820950305071e+02,9.492219622977584592e-01,1.119553440829080149e+00,1.629635138773871228e+00,0.000000000000000000e+00,1.507893619347121072e+00,3.000261427330043418e+00
1.868628639032486944e+02,2.028125580264675705e+02,9.456578743441825807e-01,1.567988974922102985e+00,1.637950050329562535e+00,0.000000000000000000e+00,1.509222387286647926e+00,2.999850129921375785e+00
1.868866069233233418e+02,2.029964024857003722e+02,9.396437010388926092e-01,1.036027799155130991e+00,1.611993709445635137e+00,0.000000000000000000e+00,1.507459449615323743e+00,3.000159988208530581e+00
1.869805439303622165e+02,2.031068555290020186e+02,9.381212521584306741e-01,1.072181139604365896e+00,1.612457620422845128e+00,0.000000000000000000e+00,1.492094119749850512e+00,3.000120950340252612e+00
1.872450971779749409e+02,2.032428648109749076e+02,9.420574850937554201e-01,1.415973292562777486e+00,1.644525204803483520e+00,0.000000000000000000e+00,1.492322005976079113e+00,2.999891395255183557e+00
1.872732369668019032e+02,2.034557905342521451e+02,9.302293078795833559e-01,1.068750011227882712e+00,1.611502938994996637e+00,0.000000000000000000e+00,1.500316879205505272e+00,2.999990870347091665e+00
1.874020243159332324e+02,2.035418112451996535e+02,9.307785862923272369e-01,1.315979264257199244e+00,1.603097006100201893e+00,0.000000000000000000e+00,1.497425644213611351e+00,3.000225502201866679e+00
1.875091144534812031e+02,2.037521852850655932e+02,9.387022361879401311e-01,1.087527442443330550e+00,1.626579120331048234e+00,0.000000000000000000e+00,1.495315862176542110e+00,2.999882132130220924e+00
1.876856715304033401e+02,2.039746557291565239e+02,9.332627707193726918e-01,1.197771804586917233e+00,1.598881381514333011e+00,0.000000000000000000e+00,1.512703853915164487e+00,2.999948821399702314e+00
1.878822795847333396e+02,2.040265447898403295e+02,9.429001962998064812e-01,1.203867208780886600e+00,1.629055903325406840e+00,0.000000000000000000e+00,1.501434973605182188e+00,3.000080252745240816e+00
1.878692550139752484e+02,2.041766988069709328e+02,9.305449291775428344e-01,9.573797841659481556e-01,1.611521794684968034e+00,0.000000000000000000e+00,1.509595805724425421e+00,2.999968039104717210e+00
1.879384777929805921e+02,2.043996418286919550e+02,9.430875100084316065e-01,1.190647440722506056e+00,1.598397487135789330e+00,0.000000000000000000e+00,1.492331105159505844e+00,2.999889577560214793e+00
1.880485853495811170e+02,2.045109624848281555e+02,9.374053476549574215e-01,1.013662523778005919e+00,1.581905510640692958e+00,0.000000000000000000e+00,1.506510670004858499e+00,3.000128587065621577e+00
1.883068551006481357e+02,2.047131924462172492e+02,9.392307659537724174e-01,1.443999018081605357e+00,1.597907818032561877e+00,0.000000000000000000e+00,1.495265332598600061e+00,3.000055342436255934e+00
1.882194893457686646e+02,2.048226558169543239e+02,9.332707394312755866e-01,9.435159365716739854e-01,1.618617857015734574e+00,0.000000000000000000e+00,1.501498125658912386e+00,2.999909556590473425e+00
1.884018079667093843e+02,2.050721273891689123e+02,9.372049679155047830e-01,1.491138604238718912e+00,1.610918734910075312e+00,0.000000000000000000e+00,1.517542291536503773e+00,3.000125864365911887e+00
1.885888631865783793e+02,2.051715554432896909e+02,9.364174446272046648e-01,8.978527228325561271e-01,1.615027389636093824e+00,0.000000000000000000e+00,1.490170320095549839e+00,3.000019156265125719e+00
1.886011013186056005e+02,2.053136022267889018e+02,9.396044593842483028e-01,1.275854916838663700e+00,1.591165658023528495e+00,0.000000000000000000e+00,1.490519505074192175e+00,3.000020721240417743e+00
1.886579032307771797e+02,2.055233440967721208e+02,9.516567333215066871e-01,1.436508670224096784e+00,1.607332540393592746e+00,0.000000000000000000e+00,1.484621882139831595e+00,2.999776126689353450e+00
1.889034188125836238e+02,2.056595947818705099e+02,9.406248182104474109e-01,1.099141623465181850e+00,1.633053496391281945e+00,0.000000000000000000e+00,1.470210309235507662e+00,2.999973843652577798e+00
1.890666981038370977e+02,2.058668305885226459e+02,9.326084426254566129e-01,9.883220470474161079e-01,1.585340247667453406e+00,0.000000000000000000e+00,1.497319227268924191e+00,3.000052394174910209e+00
1.891645000288501421e+02,2.060069689328291815e+02,9.297839122788872368e-01,1.385383019261302806e+00,1.613593104090890185e+00,0.000000000000000000e+00,1.483545502154375972e+00,2.999959775143329122e+00
1.892535747111786577e+02,2.061626730946520354e+02,9.429013176827896192e-01,1.459285021282377803e+00,1.611625192661075179e+00,0.000000000000000000e+00,1.503546373760029198e+00,3.000062020178258848e+00
1.893534278183814479e+02,2.063137061633832730e+02,9.438047676269717412e-01,1.222611321948954943e+00,1.613335112146757622e+00,0.000000000000000000e+00,1.509597898752429890e+00,2.999990110826545653e+00
1.893094754813646432e+02,2.065389138587695186e+02,9.340031250226483728e-01,1.154347974848967562e+00,1.617834360552324657e+00,0.000000000000000000e+00,1.506954844093676416e+00,3.000074770205288122e+00
1.895696905960727747e+02,2.066911590547140634e+02,9.364606481493760182e-01,1.112786024471136281e+00,1.624946510494602592e+00,0.000000000000000000e+00,1.514805067272138706e+00,2.999799592265593784e+00
1.897806527109230785e+02,2.067777860680109825e+02,9.322898440614310056e-01,9.981583968109242200e-01,1.601300437166246482e+00,0.000000000000000000e+00,1.476953027736529922e+00,2.999875383209577695e+00
1.898821876377771787e+02,2.069725312370534311e+02,9.431776349798179915e-01,1.296076951008623412e+00,1.613480700054041650e+00,0.000000000000000000e+00,1.507709521648011197e+00,2.999955842681508500e+00
1.899575973341014503e+02,2.070782916730144336e+02,9.450743606076134062e-01,1.182598398037480569e+00,1.604707216933799252e+00,0.000000000000000000e+00,1.490964294182690164e+00,2.999742456135750857e+00
1.899374719691514599e+02,2.072739520626450371e+02,9.408238482214942300e-01,1.248735132938334491e+00,1.604939208652872429e+00,0.000000000000000000e+00,1.497088777187197461e+00,3.000081801576651497e+00
1.901825201526604303e+02,2.075097743352843338e+02,9.370455549156230246e-01,9.372932092952697136e-01,1.611665209343551508e+00,0.000000000000000000e+00,1.516920240046470081e+00,2.999912400425750025e+00
1.903468960865060353e+02,2.075465718103899633e+02,9.479367381703402984e-01,1.390335391201718229e+00,1.597873972777906326e+00,0.000000000000000000e+00,1.506816648590649788e+00,2.999959965611808776e+00
1.904589256825692303e+02,2.077899857454574430e+02,9.354680648821780409e-01,1.331179844504118304e+00,1.604305981229802169e+00,0.000000000000000000e+00,1.497317365292390567e+00,3.000371912000163288e+00
1.905774123775746887e+02,2.078756857533903428e+02,9.395406340832536118e-01,1.386775668664387062e+00,1.619046013022894304e+00,0.000000000000000000e+00,1.505358143503011448e+00,2.999972217910862771e+00
1.907487097048413602e+02,2.081223233753466673e+02,9.298423610041322007e-01,1.187415414555194726e+00,1.613222825806004179e+00,0.000000000000000000e+00,1.493659893518229254e+00,2.999972509555072886e+00
1.906818792020030173e+02,2.083227887979913646e+02,9.418214821640078505e-01,1.315274753343744552e+00,1.634900975830522851e+00,0.000000000000000000e+00,1.509918569606975014e+00,3.000174591499625176e+00
1.908673951815196119e+02,2.084381642498902352e+02,9.219515639439654908e-01,1.252812081448242187e+00,1.583050647267672639e+00,0.000000000000000000e+00,1.504530189867310241e+00,2.999812736222382537e+00
1.911282659010144869e+02,2.085944020270740964e+02,9.297210496343948360e-01,1.053071845740767287e+00,1.622279354312735844e+00,0.000000000000000000e+00,1.506108415125076538e+00,2.999701262376504030e+00
1.910796432394044473e+02,2.087207864270338860e+02,9.344250606294736139e-01,9.802333302400825232e-01,1.613025199716056735e+00,0.000000000000000000e+00,1.489933537711196188e+00,3.000118502510189522e+00
1.912003100066073671e+02,2.088807787824460434e+02,9.423038700647621280e-01,7.215202992502651735e-01,1.613449734949554015e+00,0.000000000000000000e+00,1.465784643004742760e+00,2.999838212157679429e+00
1.913836696247877853e+02,2.090727569172860569e+02,9.393202410676487757e-01,8.451160138636164554e-01,1.602891457966637567e+00,0.000000000000000000e+00,1.506696288047868926e+00,2.999812820775034972e+00
1.914287293103718923e+02,2.091757454505067528e+02,9.356600422722178845e-01,1.246133692861085329e+00,1.622102703487999564e+00,0.000000000000000000e+00,1.505384392846662811e+00,3.000239404104712904e+00
1.915917423889366091e+02,2.093648283260988023e+02,9.381318641901887911e-01,1.054200095810583271e+00,1.620849821120227796e+00,0.000000000000000000e+00,1.494175919592485968e+00,2.999794967217107367e+00
1.916996717291220307e+02,2.095245266601325511e+02,9.349557011047399113e-01,1.391509230194351909e+00,1.589338618128697256e+00,0.000000000000000000e+00,1.482562680888126483e+00,3.000117200154619024e+00
1.917984876249450394e+02,2.096704080103062608e+02,9.286754234214181780e-01,1.701826175478738046e+00,1.622277315639686801e+00,0.000000000000000000e+00,1.493525945445410619e+00,3.000140193000546240e+00
1.919034167070689136e+02,2.098096486096945057e+02,9.388415927686224460e-01,9.517376694151591376e-01,1.620819872679420515e+00,0.000000000000000000e+00,1.504265165957617612e+00,3.000053890828503267e+00
1.920490978263200645e+02,2.099813667573356213e+02,9.425512875115636957e-01,1.352727819959519184e+00,1.610387098718293997e+00,0.000000000000000000e+00,1.492030460091632760e+00,2.999948920916208461e+00
1.922106887310149546e+02,2.102428560140048148e+02,9.348599903175816017e-01,1.182006551849198228e+00,1.585790376389792700e+00,0.000000000000000000e+00,1.496817625773435356e+00,3.000158309332384476e+00
1.923224762105195111e+02,2.103730894868081691e+02,9.418491927490119098e-01,1.258663749978977897e+00,1.607692899061013980e+00,0.000000000000000000e+00,1.507174460165207508e+00,3.000053310347606139e+00
1.925217558536618014e+02,2.105188911451126330e+02,9.437261866383434006e-01,1.473309120483015100e+00,1.584759194065012977e+00,0.000000000000000000e+00,1.506757704913421980e+00,3.000032884015322310e+00
1.926201160236431917e+02,2.106195766326909222e+02,9.405807954442833019e-01,1.402541839749934294e+00,1.623250016901618409e+00,0.000000000000000000e+00,1.492447061064438252e+00,2.999994174473332276e+00
1.926641872586186821e+02,2.108515482053226435e+02,9.481612041460789619e-01,1.113485220303228829e+00,1.632759219266051387e+00,0.000000000000000000e+00,1.530948163412171104e+00,3.000155365193235557e+00
1.928689794207943464e+02,2.109873873427448530e+02,9.421427468595587884e-01,1.302923690028377379e+00,1.606093793684911120e+00,0.000000000000000000e+00,1.508409583035266399e+00,2.999834439736499103e+00
1.929007702280616456e+02,2.112431312787745412e+02,9.293087994046522748e-01,1.763160749888863510e+00,1.616216071974637458e+00,0.000000000000000000e+00,1.503100060505543345e+00,3.000052839009948347e+00
1.929219129410037112e+02,2.113433911272296655e+02,9.399176392019502613e-01,9.964224456130161833e-01,1.606126839311795118e+00,0.000000000000000000e+00,1.516141097801029902e+00,3.000080032430765264e+00
1.931843481434672185e+02,2.115325125872230956e+02,9.403370755216828858e-01,1.191955038285085644e+00,1.613638191700255797e+00,0.000000000000000000e+00,1.482346191232944754e+00,3.000173021719076072e+00
1.932890973108196420e+02,2.115905986070085305e+02,9.333650110746587458e-01,8.727705464207639041e-01,1.623358318607722284e+00,0.000000000000000000e+00,1.512620557488437933e+00,2.999889974828865213e+00
1.933582356095983528e+02,2.118306466249096047e+02,9.371447586927886819e-01,1.311492572011731195e+00,1.618558190665004615e+00,0.000000000000000000e+00,1.498917645673568444e+00,3.000222003758085343e+00
1.935044563441334731e+02,2.119959793681238693e+02,9.358411126854140338e-01,9.777594833966899435e-01,1.598042616360746182e+00,0.000000000000000000e+00,1.496808250072861446e+00,2.999974454439740867e+00
1.936138260071476793e+02,2.120980091334478743e+02,9.306516240209021795e-01,7.232344576777025580e-01,1.586185877023356561e+00,0.000000000000000000e+00,1.500299022334163457e+00,2.999729449298205619e+00
1.937070703957596436e+02,2.123361688526420039e+02,9.352620103387131456e-01,7.541779894591894573e-01,1.633089808509232022e+00,0.000000000000000000e+00,1.500635813433128352e+00,3.000018126145041819e+00
1.940227059351730929e+02,2.123857891126975801e+02,9.332286190105419932e-01,9.721529611299541962e-01,1.614504695864648731e+00,0.000000000000000000e+00,1.496526799662184715e+00,3.000047043240827715e+00
1.940714252602552961e+02,2.126423451758141709e+02,9.478526103181537099e-01,9.658705564482384931e-01,1.595997294863396920e+00,0.000000000000000000e+00,1.511388415386442752e+00,2.999937893768660935e+00
1.939461677094662093e+02,2.127308354644022188e+02,9.347485097026640988e-01,1.238671919769696927e+00,1.621843043754084057e+00,0.000000000000000000e+00,1.496786444233889624e+00,2.999889224620605255e+00
1.942180762939819942e+02,2.129938173422895034e+02,9.396558827529365443e-01,1.408861394785658083e+00,1.639464499276586995e+00,0.000000000000000000e+00,1.493012508335533672e+00,3.000268612606434182e+00
1.942765721132378758e+02,2.131209921396637128e+02,9.365426693815996906e-01,1.071208541136119408e+00,1.635835797987954754e+00,0.000000000000000000e+00,1.491185272137911300e+00,2.999891059862457521e+00
1.944375900051793735e+02,2.133403642773340039e+02,9.402750922090400421e-01,1.319292168043754376e+00,1.640195072496159145e+00,0.000000000000000000e+00,1.495069912779880106e+00,3.000183494764379510e+00
1.944944434453662439e+02,2.133547371301162912e+02,9.287455489122157237e-01,1.288858841720723625e+00,1.596926115529472723e+00,0.000000000000000000e+00,1.521912063610838750e+00,2.999952437243733172e+00
1.947156727720215770e+02,2.135634743719540154e+02,9.482324399703886408e-01,9.660467293328149907e-01,1.570624960870801612e+00,0.000000000000000000e+00,1.496335322542203361e+00,2.999995792413419071e+00
1.947460936162934502e+02,2.138276541219202613e+02,9.461016857362265497e-01,1.121737840245104367e+00,1.628737478843486075e+00,0.000000000000000000e+00,1.489660864606969559e+00,3.000085705696620142e+00
1.950057908245753708e+02,2.139591003876529953e+02,9.400507453847662953e-01,1.271292336075745544e+00,1.633669649123253631e+00,0.000000000000000000e+00,1.512488259277900093e+00,3.000050707309369180e+00
1.949454510003662051e+02,2.141306057596091819e+02,9.318612143785998114e-01,4.728365445834734615e-01,1.628164240203268331e+00,0.000000000000000000e+00,1.509565096576491294e+00,3.000210276122932118e+00
1.951751490777302820e+02,2.142713733294932581e+02,9.355965979796000420e-01,1.093623025652342040e+00,1.621626047033695839e+00,0.000000000000000000e+00,1.501403595080287534e+00,2.999828112220975118e+00
1.952952554892055730e+02,2.143600264422550765e+02,9.359999271959736911e-01,1.010687164091437662e+00,1.602169257736138608e+00,0.000000000000000000e+00,1.506914456295483928e+00,2.999898500457185424e+00
1.953525397701679651e+02,2.145318872551169136e+02,9.416943735138042504e-01,1.026415713881770442e+00,1.625662098647146170e+00,0.000000000000000000e+00,1.488973038972700058e+00,2.999919833228088972e+00
1.955636996492019648e+02,2.146577743392735158e+02,9.408372293753115567e-01,1.155001136458499111e+00,1.623625038885890159e+00,0.000000000000000000e+00,1.492585776479970150e+00,3.000091143462840115e+00
1.956620500377748613e+02,2.149073219770258447e+02,9.279564057577556202e-01,1.339059443504927005e+00,1.626297457552871695e+00,0.000000000000000000e+00,1.492426425851459904e+00,2.999903853471870274e+00
1.958466809838788834e+02,2.150132945407437433e+02,9.241338676669641483e-01,1.340931800658434314e+00,1.619552202574207067e+00,0.000000000000000000e+00,1.492682874349472444e+00,3.000096552889953916e+00
1.958817014403555277e+02,2.151231333172830773e+02,9.390364259291278382e-01,1.048567241976760878e+00,1.608798458892293004e+00,0.000000000000000000e+00,1.524697907545126574e+00,3.000058994523108424e+00
1.958885400469040121e+02,2.153915105986076526e+02,9.405080907129886869e-01,1.094564923491514019e+00,1.642587593096397125e+00,0.000000000000000000e+00,1.529079771963306023e+00,2.999816419408990686e+00
1.961162751663044901e+02,2.155331755641367124e+02,9.360201710613912374e-01,1.386906051636721759e+00,1.607723524478081423e+00,0.000000000000000000e+00,1.507753021582380004e+00,2.999814581278358094e+00
1.962055332853504694e+02,2.156353243237372226e+02,9.362904470813391278e-01,1.078253876319644311e+00,1.614364405857498852e+00,0.000000000000000000e+00,1.472003432026032232e+00,3.000085453157055326e+00
1.963270125479366470e+02,2.158611775703811588e+02,9.370533770159837905e-01,1.182642598713562032e+00,1.612663471053324304e+00,0.000000000000000000e+00,1.480480822326606161e+00,3.000189286197560534e+00
1.963552281786635092e+02,2.160029444158542162e+02,9.343881744898754338e-01,1.420041743556701874e+00,1.610993583865993450e+00,0.000000000000000000e+00,1.516034281121360516e+00,2.999936214189814265e+00
1.967080829809574141e+02,2.161590380578241763e+02,9.397085362637586092e-01,1.229708021246903149e+00,1.626789668220805840e+00,0.000000000000000000e+00,1.483396688846104983e+00,3.000026723163664588e+00
1.966777616040585883e+02,2.163747124994751800e+02,9.357864652756752166e-01,1.440185939865393339e+00,1.627433999495760286e+00,0.000000000000000000e+00,1.518433428239890137e+00,2.999936845363945004e+00
1.967624865481691927e+02,2.165060627722886579e+02,9.401098378865735405e-01,1.163184379239348365e+00,1.595862218551113987e+00,0.000000000000000000e+00,1.501030733295761310e+00,3.000086190264015240e+00
1.968942605459411084e+02,2.166314587756419314e+02,9.280445803082703060e-01,1.107977053246988586e+00,1.616749956873595684e+00,0.000000000000000000e+00,1.509497236315254343e+00,2.999857277472225636e+00
1.970756972175059332e+02,2.167794937832476307e+02,9.346921562561841812e-01,1.131254510937420577e+00,1.619619215138547785e+00,0.000000000000000000e+00,1.500481411864999615e+00,3.000013595017027690e+00
1.972379908289797470e+02,2.169963322617326185e+02,9.336574460310321788e-01,1.547817131428351312e+00,1.607050904843025041e+00,0.000000000000000000e+00,1.511959701879487472e+00,2.999643912698099157e+00
1.972428447179193824e+02,2.171353288587066857e+02,9.367355285939551468e-01,1.015913191127070458e+00,1.605378164859068590e+00,0.000000000000000000e+00,1.504910455708905914e+00,2.999908316540772724e+00
1.974185961378883292e+02,2.172373857297469897e+02,9.451475619542047957e-01,1.194833745452360541e+00,1.577983553603654832e+00,0.000000000000000000e+00,1.499401709889528922e+00,2.999680470251484099e+00
1.977095806021105204e+02,2.174963098712777310e+02,9.327203922765449073e-01,8.911997911332839584e-01,1.619563748916768686e+00,0.000000000000000000e+00,1.501260812679671375e+00,2.999740264345416740e+00
1.975964222993459884e+02,2.175767170049716412e+02,9.362205165701841247e-01,1.300675382492889831e+00,1.626699770454344884e+00,0.000000000000000000e+00,1.506723320481495376e+00,3.000045088409893257e+00
1.977697064116841830e+02,2.177237916182486686e+02,9.365574930401684428e-01,1.117063313025411064e+00,1.612185277276848794e+00,0.000000000000000000e+00,1.487035785711225522e+00,2.999734156170100974e+00
1.978680618902483559e+02,2.179391895780299251e+02,9.317697339188796279e-01,1.329658763304235602e+00,1.606236631166270135e+00,0.000000000000000000e+00,1.478797414523229659e+00,3.000016252311048071e+00
1.979518057052671907e+02,2.180029781256162948e+02,9.344275034412431458e-01,9.405712560554679857e-01,1.611251965588620161e+00,0.000000000000000000e+00,1.511728926746895185e+00,3.000218545825996674e+00
1.981664466158013624e+02,2.182410158554473298e+02,9.372354264181235184e-01,1.259844641834592549e+00,1.632408684277207866e+00,0.000000000000000000e+00,1.521222956173743146e+00,3.000004299159341858e+00
1.984131744940083877e+02,2.184801414169327245e+02,9.370913236535122204e-01,1.143588171134269027e+00,1.615226258459007580e+00,0.000000000000000000e+00,1.499491732775897423e+00,3.000213251710273532e+00
1.982360663921732566e+02,2.185445414234084467e+02,9.309227500175949466e-01,1.192571258822429536e+00,1.578786333302688361e+00,0.000000000000000000e+00,1.503841779824075076e+00,3.000217094625214909e+00
1.984926482013605664e+02,2.187458518314685989e+02,9.426423145520725910e-01,1.141180894829166848e+00,1.602698492625785454e+00,0.000000000000000000e+00,1.501320187004863138e+00,3.000091742116651083e+00
1.985996926118716317e+02,2.188868232951043353e+02,9.337883493299583559e-01,8.512505723716432549e-01,1.621073137730317137e+00,0.000000000000000000e+00,1.503798938526786699e+00,2.999885269425060841e+00
1.987333615974843042e+02,2.190790457060523977e+02,9.358436327662603693e-01,1.007852527738970272e+00,1.585623261120793881e+00,0.000000000000000000e+00,1.522698106523987294e+00,2.999936366796569942e+00
1.988034800486706501e+02,2.191590624930643969e+02,9.440497125405081791e-01,1.151353894936625988e+00,1.606151347037693355e+00,0.000000000000000000e+00,1.513469391003672504e+00,2.999824216919003028e+00
1.989134552436521517e+02,2.193719329186971834e+02,9.376181587715352039e-01,1.348635967339778308e+00,1.610541640555287257e+00,0.000000000000000000e+00,1.488908316126043019e+00,3.000193751038247925e+00
1.990694723990447415e+02,2.194545051640971280e+02,9.302746889458027857e-01,1.120417381956108294e+00,1.586043288579555455e+00,0.000000000000000000e+00,1.505465283454074932e+00,2.999970709542536529e+00
1.990908610296540928e+02,2.197376182397156299e+02,9.405493882788859006e-01,1.157845295442294198e+00,1.608870434751678236e+00,0.000000000000000000e+00,1.507398565386627087e+00,2.999933097378870706e+00
1.991522724033582108e+02,2.198490877600132194e+02,9.434159743317430680e-01,1.274921847880327919e+00,1.613652144887680606e+00,0.000000000000000000e+00,1.516869275886351565e+00,2.999915559880106830e+00
1.994708714633943600e+02,2.201074169771064817e+02,9.402330649667002271e-01,1.195397893926227084e+00,1.607460368749872304e+00,0.000000000000000000e+00,1.505771881143230351e+00,3.000031419368416774e+00
1.995295589516148027e+02,2.201876767618809367e+02,9.417269794213760647e-01,1.504233081641739744e+00,1.593571879373235856e+00,0.000000000000000000e+00,1.529062600590636034e+00,3.000082263821978401e+00
1.995997417351967727e+02,2.202980255308852975e+02,9.442205862904416991e-01,1.416179019716993226e+00,1.623121645317304962e+00,0.000000000000000000e+00,1.501543160150645484e+00,3.000027025265715963e+00
1.998620385666134212e+02,2.204771887781680562e+02,9.267170463976885930e-01,8.339742832663659122e-01,1.625482448862314300e+00,0.000000000000000000e+00,1.496168215753871378e+00,2.999921941559701821e+00
1.999228659347785424e+02,2.206157080072370604e+02,9.343280364749319000e-01,1.199707870036924362e+00,1.592447304436743094e+00,0.000000000000000000e+00,1.494136145686213002e+00,3.000072494718571736e+00
1.999880648392725675e+02,2.207837758120219860e+02,9.363355836806535049e-01,1.162407750256171823e+00,1.633328798854342123e+00,0.000000000000000000e+00,1.523520150977991428e+00,2.999994600890182994e+00
2.002092545044258145e+02,2.209477585706924572e+02,9.404598921875596540e-01,1.400409085494273898e+00,1.615549389186686557e+00,0.000000000000000000e+00,1.491472370895853272e+00,3.000146210522683710e+00
2.002152567218785748e+02,2.211503874342625977e+02,9.344025576545622602e-01,1.100828626457419634e+00,1.605109934748980116e+00,0.000000000000000000e+00,1.512784872253075230e+00,2.999824487744705781e+00
2.003876674443372679e+02,2.213683483375933179e+02,9.326931876600809135e-01,1.595346657261002665e+00,1.635800426504211647e+00,0.000000000000000000e+00,1.493949844730673160e+00,2.999978132874165482e+00
2.005895157505111683e+02,2.214668372217763874e+02,9.353733376070231254e-01,9.071802028785500571e-01,1.624691405328325899e+00,0.000000000000000000e+00,1.508144686666447853e+00,2.999821950361955647e+00
2.004938337979758103e+02,2.216521212529496268e+02,9.391912414277135968e-01,1.392625341839349939e+00,1.616960926545809363e+00,0.000000000000000000e+00,1.517172665451484770e+00,3.000078541118292641e+00
2.008460936770865146e+02,2.218310849739443711e+02,9.420078297981321347e-01,1.589648016251058449e+00,1.604423304408549189e+00,0.000000000000000000e+00,1.501587432965959534e+00,3.000221759265003119e+00
2.008493694995602823e+02,2.219896836821191073e+02,9.433016747848196326e-01,1.155361964342361158e+00,1.624692493826659367e+00,0.000000000000000000e+00,1.500428323865010682e+00,3.000127255873278109e+00
2.009180276627359945e+02,2.221005755836400510e+02,9.383412397768988722e-01,1.234452060636534565e+00,1.615340489309675887e+00,0.000000000000000000e+00,1.494331909886647658e+00,3.000097513431341234e+00
2.011579524521394546e+02,2.223416498606168545e+02,9.321603279005010734e-01,9.295353938724826293e-01,1.625931734620054359e+00,0.000000000000000000e+00,1.498121320269143020e+00,2.999961954974705858e+00
2.011382318700096334e+02,2.224260247253376406e+02,9.236866272156502022e-01,1.195262968471330733e+00,1.615627562146092266e+00,0.000000000000000000e+00,1.500891427165297998e+00,2.999771986731842865e+00
2.013367799616523541e+02,2.225790121994524782e+02,9.344199571532636472e-01,1.101962247264357986e+00,1.603688681596832533e+00,0.000000000000000000e+00,1.499807242320625900e+00,3.000034248111477897e+00
2.014796881251555760e+02,2.228147388865768903e+02,9.406140725136445946e-01,7.079040085194754361e-01,1.619203449116228377e+00,0.000000000000000000e+00,1.493702005875390482e+00,3.000068020469059960e+00
2.015408852600951661e+02,2.229217563607239185e+02,9.349370316176914830e-01,1.380829353300336626e+00,1.603348371532766770e+00,0.000000000000000000e+00,1.503736695635121690e+00,3.000130840610582439e+00
2.017388442023941764e+02,2.230497294863187676e+02,9.463113009636499040e-01,1.525028495444305854e+00,1.620544106612823221e+00,0.000000000000000000e+00,1.497043991495791593e+00,3.000129582866265299e+00
2.018725736218367217e+02,2.233100718509018918e+02,9.374200539467670845e-01,7.798303862626563276e-01,1.598665546916620883e+00,0.000000000000000000e+00,1.495106831141585157e+00,2.999893719965900818e+00
2.019015171172431451e+02,2.234692982747783105e+02,9.394947564086661984e-01,1.788671643595589167e+00,1.629178338195281794e+00,0.000000000000000000e+00,1.488156155955175475e+00,2.999976946513842169e+00
2.020195838128234413e+02,2.235743582769055138e+02,9.384188761297521664e-01,1.282904922182450669e+00,1.618137338831954208e+00,0.000000000000000000e+00,1.530524765520907549e+00,3.000067632657699157e+00
2.022242472149043806e+02,2.237037017633111589e+02,9.310463258821153332e-01,9.442825362252833532e-01,1.620520526076228096e+00,0.000000000000000000e+00,1.495945563882888019e+00,3.000046855340422702e+00
2.023176662846920522e+02,2.238630764575910916e+02,9.360314874228011783e-01,1.575875204988613554e+00,1.615289666250007805e+00,0.000000000000000000e+00,1.500973807682518091e+00,2.999941964867464783e+00
2.023156631997513273e+02,2.240339471355890453e+02,9.469597807531795475e-01,1.081417712588189195e+00,1.623926338808489689e+00,0.000000000000000000e+00,1.497509040056017593e+00,3.000131094635910767e+00
2.025539113464648722e+02,2.241750389354157846e+02,9.386088183073441060e-01,1.303797557929988304e+00,1.619847399734440918e+00,0.000000000000000000e+00,1.505538414804284075e+00,2.999994915739103707e+00
2.025408054420599626e+02,2.244384970296983113e+02,9.328112576125844324e-01,1.321728488331582962e+00,1.622213588670475382e+00,0.000000000000000000e+00,1.486086632575355226e+00,3.000057048048066832e+00
2.027157594994810381e+02,2.245299254794292665e+02,9.436988414264414482e-01,1.448911763542181763e+00,1.601777888183372411e+00,0.000000000000000000e+00,1.512480946292280581e+00,3.000255919264650295e+00
2.029249629199839546e+02,2.247211936250618862e+02,9.361228827987727596e-01,9.473626983403240498e-01,1.641842499650414844e+00,0.000000000000000000e+00,1.471325150425347061e+00,2.999982347736477095e+00
2.028613441495363361e+02,2.248531348623440635e+02,9.495167529575293530e-01,1.366273404318143703e+00,1.626213385344291051e+00,0.000000000000000000e+00,1.492849785681027219e+00,3.000213413907679261e+00
2.031457177740989266e+02,2.249811606802628319e+02,9.426788818833197192e-01,9.033708575086897286e-01,1.594248790001391969e+00,0.000000000000000000e+00,1.495238763718128139e+00,2.999695688420170647e+00
2.032316943769271234e+02,2.251568738681715161e+02,9.285138438699137575e-01,1.193886473294423878e+00,1.600186077176690480e+00,0.000000000000000000e+00,1.523285456400131022e+00,2.999764300528076078e+00
2.033051384691462147e+02,2.253379874564089107e+02,9.408060221602844164e-01,1.175386788025831741e+00,1.597112433436211454e+00,0.000000000000000000e+00,1.490139958898184513e+00,2.999901660143711180e+00
2.033522794250523020e+02,2.255159946694939492e+02,9.376785210508512547e-01,1.175901643624246651e+00,1.621361275866070928e+00,0.000000000000000000e+00,1.512225786944328298e+00,3.000008841480982458e+00
2.035371641960603313e+02,2.257584571927650074e+02,9.386827195768946419e-01,1.213053933157419939e+00,1.606301848405473631e+00,0.000000000000000000e+00,1.491389442194928971e+00,3.000045838220978034e+00
2.037532342138342756e+02,2.258377586231855503e+02,9.317452073849414873e-01,8.975607085090606674e-01,1.627396951049953744e+00,0.000000000000000000e+00,1.505111191988258046e+00,2.999936014486470182e+00
2.036961438791885257e+02,2.260197240198002362e+02,9.333503250588749411e-01,1.227782072133029478e+00,1.610028445127347663e+00,0.000000000000000000e+00,1.500048717633715167e+00,2.999940795303193131e+00
2.040368560890112519e+02,2.261033321589274863e+02,9.363507426595204519e-01,1.138896524802915922e+00,1.602942263774393084e+00,0.000000000000000000e+00,1.505044001659512798e+00,3.000071761529070624e+00
2.040048885790184841e+02,2.262677101390164012e+02,9.432339798239758322e-01,9.653519706593907124e-01,1.604823172862715364e+00,0.000000000000000000e+00,1.502278752314049726e+00,2.999946648253078330e+00
2.041697138510252501e+02,2.265155821693975895e+02,9.480176109235690651e-01,8.539284701894802598e-01,1.609246196170342591e+00,0.000000000000000000e+00,1.494083151483046379e+00,2.999994871609720892e+00
2.042267720765810850e+02,2.266041430583979945e+02,9.449279554407492565e-01,1.551011622506703880e+00,1.611233519107395429e+00,0.000000000000000000e+00,1.507995094878172848e+00,2.999968836965143382e+00
2.044808890127573306e+02,2.267751490548957918e+02,9.342112884937464612e-01,1.300852337293439742e+00,1.636193501782831961e+00,0.000000000000000000e+00,1.494367870150561162e+00,3.000021056380212769e+00
2.044054938135731163e+02,2.269492322678351854e+02,9.461260445286209242e-01,7.376466041378705318e-01,1.571785047512680444e+00,0.000000000000000000e+00,1.520014365085097241e+00,3.000008518492434995e+00
2.045635540736338669e+02,2.270947795242229290e+02,9.271787378276826752e-01,1.169990934253043902e+00,1.597767083076298666e+00,0.000000000000000000e+00,1.490121518393817679e+00,2.999689242530613864e+00
2.047609630542283981e+02,2.273226236600584969e+02,9.393226535002308086e-01,1.219569066324351914e+00,1.622146281897787201e+00,0.000000000000000000e+00,1.502965605880218103e+00,3.000150278870996168e+00
2.048756468051365118e+02,2.274469149911770103e+02,9.290385212028965389e-01,1.865455667967421238e+00,1.592283819560371239e+00,0.000000000000000000e+00,1.497927550418258535e+00,2.999940765700749079e+00
2.049763256306584083e+02,2.275951158045580200e+02,9.443802907317901951e-01,9.950931523923716160e-01,1.599288407635633513e+00,0.000000000000000000e+00,1.502498235027269091e+00,3.000018351194678967e+00
2.051316149530051121e+02,2.278375556444509584e+02,9.357285255833234228e-01,1.151817485979264033e+00,1.582041476943178759e+00,0.000000000000000000e+00,1.531030022845501160e+00,3.000278064134514810e+00
2.052110352012089436e+02,2.279066969042461892e+02,9.326581049420432645e-01,1.180658914208701837e+00,1.600823578196288510e+00,0.000000000000000000e+00,1.494783092275941083e+00,3.000042317591867125e+00
2.053995408161801208e+02,2.280559029760265730e+02,9.361394878146657161e-01,1.294132120745608905e+00,1.631029613221727015e+00,0.000000000000000000e+00,1.520043118664744064e+00,2.999879005695444967e+00
2.054175828821279879e+02,2.282978884699270168e+02,9.357699296478865225e-01,1.436056052391277760e+00,1.617287422520045537e+00,0.000000000000000000e+00,1.519367568764264487e+00,2.999733680740892527e+00
2.055711612095193743e+02,2.283424214977060842e+02,9.435328846162057692e-01,1.319235333017332312e+00,1.613527286265540761e+00,0.000000000000000000e+00,1.501426803117942743e+00,2.999891583411533169e+00
2.055762710611282387e+02,2.285529397612283447e+02,9.370778136743441733e-01,1.237791177868557302e+00,1.626678625276616330e+00,0.000000000000000000e+00,1.518860401443887564e+00,2.999809032980939261e+00
2.058468579793230049e+02,2.286910559624851942e+02,9.382220112870642836e-01,1.244671499867576081e+00,1.631199800907117581e+00,0.000000000000000000e+00,1.496254563524873626e+00,2.999875676486071896e+00
2.059466978009108118e+02,2.288158725535477629e+02,9.333047027086669445e-01,1.161230905793813717e+00,1.602709870010223803e+00,0.000000000000000000e+00,1.491745256807097242e+00,2.999910390814203964e+00
2.059960319090949383e+02,2.290223344318366969e+02,9.555759199103890378e-01,1.358693381967005953e+00,1.615190289871659246e+00,0.000000000000000000e+00,1.506016282768033010e+00,3.000053755017686896e+00
2.061733139936652606e+02,2.292257683839065976e+02,9.353939692760192548e-01,9.305202133289405264e-01,1.624321939447104235e+00,0.000000000000000000e+00,1.484983619135111788e+00,3.000025102507426045e+00
2.062678652387001819e+02,2.293487590129628870e+02,9.311072088558850490e-01,1.165155743658546905e+00,1.612567023937103050e+00,0.000000000000000000e+00,1.509105491102468388e+00,2.999980107418245279e+00
2.063754517463507057e+02,2.295747503426758840e+02,9.364553080475533919e-01,6.328716605944567641e-01,1.582771100224031002e+00,0.000000000000000000e+00,1.490090327207220566e+00,3.000163039422887756e+00
2.063862137155876724e+02,2.297031515823977941e+02,9.337539437497471839e-01,1.121233648458673793e+00,1.634176677398779587e+00,0.000000000000000000e+00,1.494728776494395728e+00,3.000024452274197895e+00
2.066967333374124962e+02,2.299131858542524753e+02,9.458880468816914799e-01,1.167044562000512764e+00,1.608199055900958019e+00,0.000000000000000000e+00,1.517584098765127676e+00,3.000264983347538994e+00
2.068079303584806894e+02,2.300274041637789537e+02,9.288484194494781576e-01,1.013951290547028261e+00,1.613976420241308718e+00,0.000000000000000000e+00,1.498232278024429709e+00,2.999972638289755356e+00
2.068806933202152436e+02,2.302191396946318775e+02,9.316154066016650859e-01,7.177639857490641928e-01,1.602270121629326916e+00,0.000000000000000000e+00,1.499828066532639115e+00,3.000027654579192848e+00
2.069447515499573740e+02,2.304123771525261759e+02,9.375633270873526826e-01,1.043760202647209478e+00,1.620835066515858847e+00,0.000000000000000000e+00,1.500143161917472989e+00,3.000075027735338296e+00
2.072527674628400973e+02,2.305033706838769092e+02,9.392984856331657584e-01,1.287928128004901529e+00,1.629464244853078725e+00,0.000000000000000000e+00,1.453405610262431980e+00,3.000103690823433755e+00
2.071775351552703341e+02,2.306794457990348803e+02,9.361981098611588115e-01,1.550426825937690101e+00,1.622990197890000985e+00,0.000000000000000000e+00,1.494520008904416830e+00,3.000015043174874219e+00
2.072564799278710268e+02,2.308315937804511577e+02,9.255789413293388224e-01,8.563392662095370422e-01,1.614044902242260049e+00,0.000000000000000000e+00,1.501264748605104060e+00,3.000183764208258719e+00
2.075488401997922665e+02,2.310110826760942189e+02,9.478306403201941510e-01,9.856920712610146573e-01,1.606373480559298850e+00,0.000000000000000000e+00,1.500351759770187865e+00,2.999770127183991608e+00
2.075597206275230349e+02,2.312277139637242556e+02,9.282169097045909201e-01,1.278599936289591232e+00,1.619685811595130032e+00,0.000000000000000000e+00,1.500303961798512997e+00,2.999958753910364706e+00
2.076823691861241343e+02,2.312708650005413631e+02,9.375973038223931466e-01,1.200953890423396508e+00,1.623172799945419298e+00,0.000000000000000000e+00,1.479770379653438717e+00,3.000291975385862564e+00
2.078176120338212343e+02,2.315238468983549467e+02,9.398657440934859997e-01,7.283789619953149330e-01,1.599701864265420159e+00,0.000000000000000000e+00,1.491696876818838335e+00,3.000138342987031415e+00
2.079643075749967807e+02,2.315941026525923974e+02,9.384217632831596267e-01,1.102141866442291285e+00,1.603823572683059639e+00,0.000000000000000000e+00,1.484604109596118882e+00,2.999868034228227121e+00
2.080792172689490940e+02,2.317609767443997839e+02,9.433288667502586211e-01,1.198845213647001140e+00,1.606472994355818917e+00,0.000000000000000000e+00,1.490778426058744000e+00,2.999852542057479088e+00
2.082539830569990897e+02,2.319372443648552462e+02,9.433787195362705047e-01,1.141091179747148354e+00,1.624128960581238790e+00,0.000000000000000000e+00,1.497841698000281996e+00,2.999798062210091487e+00
2.082610905240776162e+02,2.321491547931506432e+02,9.407324697617384102e-01,1.433540029953160211e+00,1.607859706236228314e+00,0.000000000000000000e+00,1.487724903928681952e+00,2.999761181738267002e+00
2.084598726739048118e+02,2.322447389546766772e+02,9.282726657011814986e-01,1.506472731800595044e+00,1.601178195230124501e+00,0.000000000000000000e+00,1.500956603838666137e+00,2.999998358161033885e+00
2.086554715115120189e+02,2.324634600256569001e+02,9.394179420882069476e-01,1.312086950695941390e+00,1.625478565954834309e+00,0.000000000000000000e+00,1.496405899079515489e+00,3.000047007225833173e+00
2.087644756313657410e+02,2.326132688862306566e+02,9.497604367112200130e-01,1.562352654289365539e+00,1.611644231060380239e+00,0.000000000000000000e+00,1.504693181630303078e+00,3.000043875295121065e+00
2.087502350953577945e+02,2.327036686186477823e+02,9.438155654254521965e-01,1.093337719791953822e+00,1.616386934520985585e+00,0.000000000000000000e+00,1.501159910669537689e+00,3.000121708059019898e+00
2.089228458096305872e+02,2.328853962910574751e+02,9.427826485380110810e-01,1.496155468186850079e+00,1.594278130158159890e+00,0.000000000000000000e+00,1.510195157510068720e+00,3.000181378815820477e+00
2.089414805148733194e+02,2.330515444046168909e+02,9.383304559636793662e-01,9.933867935879682198e-01,1.597115093809573505e+00,0.000000000000000000e+00,1.502745312260929111e+00,2.999910143069127955e+00
2.091402030185748799e+02,2.332215747588353452e+02,9.418692495604422676e-01,1.267455098497473731e+00,1.613944479933837828e+00,0.000000000000000000e+00,1.517594517176135360e+00,2.999817569817611052e+00
2.092804714533056085e+02,2.334375825636213619e+02,9.361597579666384172e-01,1.229713694800188550e+00,1.604749676958091120e+00,0.000000000000000000e+00,1.489418636296997889e+00,2.999858756737125542e+00
2.093273120376688894e+02,2.336427452135733063e+02,9.388403971903841461e-01,1.159488595780641784e+00,1.595721091556591364e+00,0.000000000000000000e+00,1.480258913712559687e+00,3.000127581564585810e+00
2.094214517370028545e+02,2.337263227000898667e+02,9.298198140445518289e-01,1.316365276951262153e+00,1.622828303213326162e+00,0.000000000000000000e+00,1.502207801510285101e+00,2.999864101659932558e+00
2.096331384779371092e+02,2.339176071495432154e+02,9.404771326050687108e-01,1.140162104196942972e+00,1.617918810869979573e+00,0.000000000000000000e+00,1.515388374916943892e+00,3.000106358119930761e+00
2.098675704240597497e+02,2.340593498105642709e+02,9.461564186401106857e-01,8.660029954680106279e-01,1.616810594907503118e+00,0.000000000000000000e+00,1.526250991903599585e+00,3.000220143124315619e+00
2.098619039216661406e+02,2.342684250622449724e+02,9.310773939851301195e-01,9.146533149207700664e-01,1.614795521136649148e+00,0.000000000000000000e+00,1.483807100794894973e+00,2.999960392084473515e+00
2.100036380029405052e+02,2.343078613627246511e+02,9.295898002593665499e-01,1.456730262062112979e+00,1.622347669141866566e+00,0.000000000000000000e+00,1.498898071113935471e+00,2.999937240765372604e+00
2.100653663873024186e+02,2.345440701689863658e+02,9.369851627979080000e-01,1.164276455638278307e+00,1.600386598635182622e+00,0.000000000000000000e+00,1.487397353993311189e+00,3.000183283281627755e+00
2.101608699595135192e+02,2.346455545371919129e+02,9.343244705805753281e-01,1.392026787491271955e+00,1.614526300723192032e+00,0.000000000000000000e+00,1.503254979288970228e+00,2.999917121447970736e+00
2.104165744954558761e+02,2.348773828130337336e+02,9.318223469496254019e-01,1.146332185530897885e+00,1.596113957835045172e+00,0.000000000000000000e+00,1.496421204607559341e+00,2.999867703806545105e+00
2.104216181637035277e+02,2.350314981259697333e+02,9.328749479731975880e-01,1.222905917520904495e+00,1.619582007518746147e+00,0.000000000000000000e+00,1.493061350110015395e+00,3.000062005210453631e+00
2.106015865008576498e+02,2.350916798334576185e+02,9.297170262749655523e-01,1.343408546920029867e+00,1.594771774660273644e+00,0.000000000000000000e+00,1.507774427061798983e+00,2.999911835619717859e+00
2.107761222138933590e+02,2.353881142369133954e+02,9.401281394704027461e-01,1.056765745580303451e+00,1.605053773539329987e+00,0.000000000000000000e+00,1.505855934690392806e+00,3.000157182196190764e+00
2.107870010495317956e+02,2.355486009420044979e+02,9.373976972118650552e-01,9.014029646360335324e-01,1.599604701973002419e+00,0.000000000000000000e+00,1.506624898522181732e+00,2.999907852844788891e+00
2.108289288623989819e+02,2.356474465343349891e+02,9.350369317212579023e-01,1.278617839763086961e+00,1.614549428395637420e+00,0.000000000000000000e+00,1.496268689562432863e+00,2.999893482948465362e+00
2.110012164176917224e+02,2.357996781201354395e+02,9.377472749885169545e-01,1.058400791874722691e+00,1.636152240121226287e+00,0.000000000000000000e+00,1.488112326581480849e+00,3.000206914294409000e+00
2.111504047792329288e+02,2.359673441054304703e+02,9.374857150729357658e-01,8.899657322272662707e-01,1.600631650367928094e+00,0.000000000000000000e+00,1.487684176399306946e+00,2.999894553308472211e+00
2.111622589449437726e+02,2.360717959708030662e+02,9.385796192408593086e-01,1.192131265274314789e+00,1.621275780526215682e+00,0.000000000000000000e+00,1.507812841953043215e+00,3.000207279625340728e+00
2.112984891474565927e+02,2.363584328339931346e+02,9.315904187374502987e-01,9.739144901268194099e-01,1.594273165136889325e+00,0.000000000000000000e+00,1.512490922945147975e+00,3.000086020093852834e+00
2.115369606126834583e+02,2.364438564272975896e+02,9.419521371376274876e-01,1.147591365184776002e+00,1.603958014980576996e+00,0.000000000000000000e+00,1.487261283234833975e+00,2.999925821982416529e+00
2.116470223203762657e+02,2.365995541420313941e+02,9.383008880742270685e-01,9.368825173152131036e-01,1.591182439047754471e+00,0.000000000000000000e+00,1.511925695330246011e+00,3.000133213584417202e+00
2.116773018697442978e+02,2.367291526316323882e+02,9.392033720846811873e-01,9.672091959824695717e-01,1.622755169600247793e+00,0.000000000000000000e+00,1.523246041008056162e+00,3.000125158486409926e+00
2.118571456752105462e+02,2.369386210882916544e+02,9.412120524065314964e-01,1.567461950565080864e+00,1.601964361567385087e+00,0.000000000000000000e+00,1.496420377659270828e+00,3.000177916787196253e+00
2.118499155729788583e+02,2.371737537358022507e+02,9.318155752417115467e-01,1.322704884001043357e+00,1.636174152489139999e+00,0.000000000000000000e+00,1.486378402515566410e+00,3.000127534891460890e+00
2.121365631808419323e+02,2.372352969809978447e+02,9.368253330434308523e-01,1.094161751522676918e+00,1.642383108283112403e+00,0.000000000000000000e+00,1.498696269422736815e+00,2.999635327099117177e+00
2.121891502161420817e+02,2.373766987584771471e+02,9.404590611492834595e-01,9.006981587016407165e-01,1.608881492491829546e+00,0.000000000000000000e+00,1.501685996148186319e+00,2.999891661825099032e+00
2.124844696052731479e+02,2.375547412619728789e+02,9.402250918014941616e-01,1.303343050844768980e+00,1.597228817883884266e+00,0.000000000000000000e+00,1.526006397962657690e+00,2.999839083872968271e+00
2.124679526674485714e+02,2.377785733770181764e+02,9.356907363063543537e-01,1.091012235959537557e+00,1.612285406532676379e+00,0.000000000000000000e+00,1.502376690703023376e+00,2.999852615765631114e+00
2.126030253507161945e+02,2.379437916156333017e+02,9.321087368487306346e-01,7.832227622476168882e-01,1.598105150175359146e+00,0.000000000000000000e+00,1.508231975962991633e+00,3.000149126987410320e+00
2.126231188697649088e+02,2.381059687852532250e+02,9.388046168514293521e-01,1.143751269724261554e+00,1.622186014044264546e+00,0.000000000000000000e+00,1.499020017859036269e+00,2.999714750303319910e+00
2.129593370919075994e+02,2.381593115178201003e+02,9.242968582133472832e-01,1.215485371662996750e+00,1.624203815941897000e+00,0.000000000000000000e+00,1.490140524761643714e+00,2.999694655587112457e+00
2.128969744554063368e+02,2.384141209660703851e+02,9.429743943198315437e-01,1.260417992386462016e+00,1.592259155646035929e+00,0.000000000000000000e+00,1.493560741052670338e+00,3.000208747051126945e+00
2.130660684606732218e+02,2.385321944656670325e+02,9.372190080275079049e-01,1.098339746740544687e+00,1.622265808851826030e+00,0.000000000000000000e+00,1.515094862506472628e+00,3.000000887677421346e+00
2.131451004614103795e+02,2.386952212157143265e+02,9.335844949841073381e-01,7.210903546188854873e-01,1.600390707040491689e+00,0.000000000000000000e+00,1.506870649793483841e+00,2.999768413981560577e+00
2.132280605363186226e+02,2.389071085035205897e+02,9.356112600856643091e-01,1.116466898701139465e+00,1.606672894408440966e+00,0.000000000000000000e+00,1.488491780308978329e+00,3.000031707862842456e+00
2.133054282504570551e+02,2.390334834160353807e+02,9.414379849473121231e-01,1.252130259213923180e+00,1.608737874886172259e+00,0.000000000000000000e+00,1.509947535779360361e+00,3.000006620378880662e+00
2.135484343688493425e+02,2.391997375911620338e+02,9.401234508148048619e-01,1.234946120036143569e+00,1.608294008376988993e+00,0.000000000000000000e+00,1.491287174366818569e+00,2.999607466935675593e+00
2.135833337012863353e+02,2.394007921614233112e+02,9.415717607387198429e-01,1.100056921604193771e+00,1.604702113102924210e+00,0.000000000000000000e+00,1.496746179277957056e+00,2.999777311513908362e+00
2.138218680619266365e+02,2.395448270086291416e+02,9.275231413377377221e-01,1.137949392887669164e+00,1.625250256543532945e+00,0.000000000000000000e+00,1.505369953009397799e+00,3.000371802291804446e+00
2.137769661430050405e+02,2.396886085344139588e+02,9.361224609896883209e-01,1.360147422739171219e+00,1.612709313682461731e+00,0.000000000000000000e+00,1.516895885929442800e+00,3.000101655788216526e+00
2.140428620375873550e+02,2.398168503677038927e+02,9.371385810461810850e-01,1.000921683489743641e+00,1.600955244738647032e+00,0.000000000000000000e+00,1.494167665568044701e+00,2.999853522849543541e+00
2.140841918286039913e+02,2.399857955715203843e+02,9.270632160211079720e-01,1.172047595900816974e+00,1.600587974339528374e+00,0.000000000000000000e+00,1.505601349354470875e+00,3.000010475511842856e+00
2.142977118404695887e+02,2.402569014939942065e+02,9.387778339161024777e-01,1.285667598546311519e+00,1.592815500324127997e+00,0.000000000000000000e+00,1.510227906475506643e+00,3.000052132250085268e+00
2.141913331930460060e+02,2.403150679816897082e+02,9.400446274251192946e-01,1.020032276992576259e+00,1.591000911294919273e+00,0.000000000000000000e+00,1.486408719512887000e+00,2.999992889382976813e+00
2.143362742391114466e+02,2.404769327272041437e+02,9.281824565567509122e-01,9.129692149909351961e-01,1.583627147487625120e+00,0.000000000000000000e+00,1.493987575558922476e+00,3.000311295820310864e+00
2.145469012461475700e+02,2.406663844726225250e+02,9.330096743935913928e-01,9.408922541999537037e-01,1.610899437003959767e+00,0.000000000000000000e+00,1.500566016136661629e+00,2.999981484905857698e+00
2.147845786998020685e+02,2.407751394437111401e+02,9.484962790766126028e-01,1.142368557808456142e+00,1.587593293079075263e+00,0.000000000000000000e+00,1.519140423437420173e+00,3.000071276541627974e+00
2.147756900755065033e+02,2.410455424760461653e+02,9.315591662398308159e-01,1.251022384457610270e+00,1.613158642532735776e+00,0.000000000000000000e+00,1.496590101831239750e+00,3.000027337961498564e+00
2.149384477080342322e+02,2.411554692575788863e+02,9.319937563123825708e-01,7.593596452481388148e-01,1.618904621760332008e+00,0.000000000000000000e+00,1.492403310538721994e+00,3.000197862330071796e+00
2.149900598496993211e+02,2.413359421316554005e+02,9.376535762871021085e-01,9.201654791969127167e-01,1.597021415413994117e+00,0.000000000000000000e+00,1.524840835748609180e+00,2.999742832222377587e+00
2.152828590094497088e+02,2.413929827101030980e+02,9.422916043946217846e-01,1.387008146530530395e+00,1.627869679938027447e+00,0.000000000000000000e+00,1.500226239864765443e+00,3.000040786119043901e+00
2.153811431389873121e+02,2.415510428253892599e+02,9.441057266447229201e-01,1.123527329405632713e+00,1.600652146068760162e+00,0.000000000000000000e+00,1.511524367002319291e+00,3.000004984492527171e+00
2.154611907049504396e+02,2.417748413995976478e+02,9.444869963690513126e-01,1.223913869568922896e+00,1.624866030569558806e+00,0.000000000000000000e+00,1.503268397507255827e+00,2.999809508016325399e+00
2.156455532228663117e+02,2.419421130847310621e+02,9.344568445052882089e-01,1.104724503683803594e+00,1.609932791741677693e+00,0.000000000000000000e+00,1.522067191005163744e+00,2.999885680240882202e+00
2.156366612542263113e+02,2.420838005615672728e+02,9.427875453749559043e-01,1.272740526189054089e+00,1.603108544510755795e+00,0.000000000000000000e+00,1.500314960665911412e+00,3.000052598766164813e+00
2.157983342510790123e+02,2.422540795571006242e+02,9.358911774157919750e-01,1.408455037688719713e+00,1.617129587948563207e+00,0.000000000000000000e+00,1.482928500320463749e+00,3.000138664921019327e+00
2.159397072187502715e+02,2.424521076749250881e+02,9.286136520942230854e-01,1.179130718965815561e+00,1.616112144148986962e+00,0.000000000000000000e+00,1.493228011208497685e+00,2.999938278569844297e+00
2.159974205129884410e+02,2.425716332217691615e+02,9.390107466480396292e-01,8.352948838662677122e-01,1.611760675265397902e+00,0.000000000000000000e+00,1.503609111190142400e+00,3.000227969145256690e+00
2.160923343891336117e+02,2.426733484445697684e+02,9.354069483616672676e-01,1.354311421858841902e+00,1.607904766719832734e+00,0.000000000000000000e+00,1.475642584253703982e+00,2.999981337694915151e+00
2.162658645338320582e+02,2.429468360561706959e+02,9.358980979951923018e-01,7.543409229498445612e-01,1.625460031180250509e+00,0.000000000000000000e+00,1.499989063315641635e+00,2.999770777753647533e+00
2.163409973221152995e+02,2.431649803969774553e+02,9.567255846099110839e-01,1.299847293726419606e+00,1.596741258910961747e+00,0.000000000000000000e+00,1.495725277399471809e+00,3.000065810846301861e+00
2.163733692598324012e+02,2.431969370133920449e+02,9.553989173769731336e-01,9.601044736215456066e-01,1.591706812399173554e+00,0.000000000000000000e+00,1.510660372861838407e+00,3.000084581854335131e+00
2.166166558361099135e+02,2.433616923860483610e+02,9.284208590999699640e-01,1.364859045787528924e+00,1.615819255525245302e+00,0.000000000000000000e+00,1.512786112800474481e+00,2.999765005419735342e+00
2.167850596020111027e+02,2.435563323185425304e+02,9.387207365834231432e-01,1.311550846672290493e+00,1.611392940059909407e+00,0.000000000000000000e+00,1.498838167005798860e+00,2.999925927211101406e+00
2.168129957769386067e+02,2.436622797288503364e+02,9.364484493264596532e-01,1.521381874936904577e+00,1.626937840816895520e+00,0.000000000000000000e+00,1.473844960252909120e+00,2.999722023642472646e+00
2.169512951333143462e+02,2.438951206562710183e+02,9.422501680672124014e-01,1.466383828714435289e+00,1.617925808734930859e+00,0.000000000000000000e+00,1.509112293825295437e+00,2.999995541888287764e+00
2.169991338440115953e+02,2.440636204177174875e+02,9.332624187426730167e-01,1.247034287129465957e+00,1.607753346325704102e+00,0.000000000000000000e+00,1.487242553890236074e+00,3.000017528158456237e+00
2.172041094593082562e+02,2.441780545032848693e+02,9.386502627093556983e-01,1.061120867013616298e+00,1.572516194016393642e+00,0.000000000000000000e+00,1.523778871516780820e+00,3.000183593769982782e+00
2.174616980264964923e+02,2.444136641549364697e+02,9.345759162913256368e-01,1.510978122859050421e+00,1.593325806108599529e+00,0.000000000000000000e+00,1.528003776223294086e+00,3.000242809097122709e+00
2.174811262842689530e+02,2.445511696215388042e+02,9.314636998976624227e-01,9.421386146591883559e-01,1.638374004276030860e+00,0.000000000000000000e+00,1.497290727869615257e+00,3.000096578614040332e+00
2.175711813731662403e+02,2.447039734792498678e+02,9.415741433142941208e-01,1.132876049985533262e+00,1.592938630898366403e+00,0.000000000000000000e+00,1.505821923315456612e+00,3.000031218706302294e+00
2.175993082952603004e+02,2.448782134258593430e+02,9.497297961944171085e-01,1.337681990678894595e+00,1.610014308738026756e+00,0.000000000000000000e+00,1.519188255150320854e+00,2.999758345782496338e+00
2.176930748228240873e+02,2.451414134682579800e+02,9.365011652509026563e-01,1.445776407606534253e+00,1.649990280594135772e+00,0.000000000000000000e+00,1.507346991444669770e+00,2.999779937212526004e+00
2.179249948014348206e+02,2.451908076790317637e+02,9.476570529760606210e-01,1.199932406276498664e+00,1.614600732607720968e+00,0.000000000000000000e+00,1.503241891305928668e+00,3.000104512713590132e+00
2.178918895017490343e+02,2.454245196347341391e+02,9.404852972918076315e-01,1.240493205891887607e+00,1.589446201999874964e+00,0.000000000000000000e+00,1.485151592096209505e+00,3.000182947057328242e+00
2.181854612278302170e+02,2.454629094769368010e+02,9.390646683340407863e-01,1.146674873488072066e+00,1.606450171488123857e+00,0.000000000000000000e+00,1.504581207308173019e+00,3.000042567312561470e+00
2.183129389320651796e+02,2.456842282778721369e+02,9.304995445143581234e-01,1.155663806821058959e+00,1.629775027979786017e+00,0.000000000000000000e+00,1.501789516152885140e+00,3.000139245968688861e+00
2.183633601176604202e+02,2.458089903438299189e+02,9.329170158525476042e-01,1.286663151292262608e+00,1.603853776497827122e+00,0.000000000000000000e+00,1.528437292229249067e+00,3.000105460958718773e+00
2.184224225303219100e+02,2.459607047688527643e+02,9.360583751468175562e-01,1.281483086190184251e+00,1.621486018512875216e+00,0.000000000000000000e+00,1.503121551588593174e+00,3.000074346735951636e+00
2.185924201868729710e+02,2.461819135757877746e+02,9.328895686250195940e-01,1.224363160654174720e+00,1.579424516886639207e+00,0.000000000000000000e+00,1.491160529882683772e+00,3.000172654534432937e+00
2.186937884548866577e+02,2.463580537835671862e+02,9.396616218640695406e-01,9.607499676150392798e-01,1.615949999638169654e+00,0.000000000000000000e+00,1.516127172410372426e+00,2.999692630904180035e+00
2.187019700123108521e+02,2.465266064889043776e+02,9.338864604135654890e-01,1.388110323672320900e+00,1.623021384566952552e+00,0.000000000000000000e+00,1.517246281486635651e+00,3.000155893416126318e+00
2.190034068915487353e+02,2.465382413525584582e+02,9.348249999343148930e-01,1.314575618099107723e+00,1.598013231386489874e+00,0.000000000000000000e+00,1.497078362377503913e+00,2.999799079344365627e+00
2.190166154819455357e+02,2.467368912079066661e+02,9.433750922487430524e-01,1.113504651527552847e+00,1.593110654748079558e+00,0.000000000000000000e+00,1.507290723084910633e+00,2.999905277472254994e+00
2.191288713180005914e+02,2.469131552431199736e+02,9.351878835513495192e-01,1.151682016788038387e+00,1.610100067808240443e+00,0.000000000000000000e+00,1.515788306526037132e+00,3.000012469817324057e+00
2.193347413995172701e+02,2.471322113957134547e+02,9.372229948039568770e-01,1.420672030097627880e+00,1.610074626474982340e+00,0.000000000000000000e+00,1.506786093298581264e+00,3.000223634796373329e+00
2.194352688035108372e+02,2.472935496583401118e+02,9.432686075278925442e-01,1.169427159411581263e+00,1.600289490036800100e+00,0.000000000000000000e+00,1.504493672280541761e+00,2.999943318297707773e+00
2.195840761448178284e+02,2.474801032227665587e+02,9.343299357107265335e-01,8.524647664792330826e-01,1.609506660762317409e+00,0.000000000000000000e+00,1.492987625555504350e+00,2.999919743678331585e+00
2.196701334910214598e+02,2.476201761878397463e+02,9.412671366197878919e-01,8.048996555098238970e-01,1.603999632452449253e+00,0.000000000000000000e+00,1.499012780983323578e+00,3.000103259138889200e+00
2.196896452188478577e+02,2.477769283734661769e+02,9.401221527359269192e-01,1.330854709692149029e+00,1.631453930144329600e+00,0.000000000000000000e+00,1.500596808310594943e+00,3.000066169297753937e+00
2.199054190617821405e+02,2.479701034694137718e+02,9.422447967430345184e-01,1.277457366196883992e+00,1.608226907984745990e+00,0.000000000000000000e+00,1.520863893450144166e+00,3.000204868120746049e+00
2.200256342384629988e+02,2.480251459796330664e+02,9.436063368844853638e-01,9.921017868286543528e-01,1.607882354886217779e+00,0.000000000000000000e+00,1.507701056028030617e+00,2.999967597662461127e+00
2.201560856315746832e+02,2.482121074975646593e+02,9.394614680224621095e-01,1.224184717052596572e+00,1.612411803133404264e+00,0.000000000000000000e+00,1.493949419219706254e+00,3.000234091735137554e+00
2.202819455159723248e+02,2.483630872155299016e+02,9.339074830349969325e-01,1.337782191249702546e+00,1.617926975735040740e+00,0.000000000000000000e+00,1.493662545359183635e+00,3.000187211907953788e+00
2.204983400230360360e+02,2.485223678799141851e+02,9.449123043396050470e-01,1.219943324092919834e+00,1.614437273886587976e+00,0.000000000000000000e+00,1.510072251497288409e+00,2.999931546328565179e+00
2.205370812018936704e+02,2.487387058219615596e+02,9.430756678239569091e-01,9.351543942809634746e-01,1.620948181062760840e+00,0.000000000000000000e+00,1.503309188062292856e+00,2.999800512163715904e+00
2.206780392073059147e+02,2.488312871390182579e+02,9.366059498484864410e-01,1.265852289895511351e+00,1.611065019503298279e+00,0.000000000000000000e+00,1.511747145541857407e+00,2.999891591871764351e+00
2.206977501195398759e+02,2.490437147759359107e+02,9.352689867028455284e-01,1.078402910241355928e+00,1.605546790874215812e+00,0.000000000000000000e+00,1.489889421475584896e+00,2.999843626310031652e+00
2.209503802380205570e+02,2.491115170005849677e+02,9.451432245974343838e-01,1.310284221489301348e+00,1.610506969673292099e+00,0.000000000000000000e+00,1.519630548361524225e+00,2.999853446486666630e+00
2.210471209571871611e+02,2.493618145039992271e+02,9.291719677687644285e-01,1.223288954704591536e+00,1.616065090080102573e+00,0.000000000000000000e+00,1.507498387677044471e+00,2.999895687826760859e+00
2.211728411347345400e+02,2.495240009258060354e+02,9.338336050111490927e-01,1.137379195649503183e+00,1.621560094996293389e+00,0.000000000000000000e+00,1.504412377803244549e+00,2.999966589712626863e+00
2.211370884196360294e+02,2.497340214544064168e+02,9.366050884354055750e-01,1.139571016853947905e+00,1.619706495320044404e+00,0.000000000000000000e+00,1.504155223342993120e+00,3.000006950596387334e+00
2.214079998704350771e+02,2.499256593977840168e+02,9.374617876057637078e-01,1.350664950063031444e+00,1.608957917805629023e+00,0.000000000000000000e+00,1.503115828965186918e+00,3.000254954935730023e+00
2.214854962886414853e+02,2.500771626061444124e+02,9.332336744153209018e-01,1.075720995356926002e+00,1.618952531211303558e+00,0.000000000000000000e+00,1.506744427846036904e+00,3.000031850393034549e+00
2.215293798580675002e+02,2.502528062728832481e+02,9.391595320433726579e-01,9.461881548727129054e-01,1.642481538732869284e+00,0.000000000000000000e+00,1.496417019226120360e+00,3.000106614700464913e+00
2.216659947234681454e+02,2.503078193365496702e+02,9.298141314900729704e-01,1.309648797482130700e+00,1.628644828994114668e+00,0.000000000000000000e+00,1.508584503865391779e+00,3.000015387160451130e+00
2.217286889889679173e+02,2.504354835906497954e+02,9.299595795201018866e-01,1.195884979739066933e+00,1.610093600924783264e+00,0.000000000000000000e+00,1.515695023116787610e+00,3.000221492034266468e+00
2.218827426725212035e+02,2.507080059301798372e+02,9.471874730973660617e-01,9.048778144482236829e-01,1.634334562007740077e+00,0.000000000000000000e+00,1.516887409655925278e+00,3.000074775173202646e+00
2.219705443748190703e+02,2.508698716534912023e+02,9.364291798621683371e-01,1.089052380296015032e+00,1.630157211190078836e+00,0.000000000000000000e+00,1.521856976557201868e+00,3.000025021384638890e+00
2.222493491178807972e+02,2.509424167685896805e+02,9.321922963079424251e-01,1.037486226169165748e+00,1.611972118292668288e+00,0.000000000000000000e+00,1.483371166929090990e+00,2.999711586612766379e+00
2.222326599172626516e+02,2.511953923971745155e+02,9.349612098703523611e-01,1.255315973180027189e+00,1.646164857527078196e+00,0.000000000000000000e+00,1.492697229447268237e+00,3.000188319380663771e+00
2.224819927949593534e+02,2.512840646944417529e+02,9.327722960311498612e-01,1.530612551183694769e+00,1.627592071336479096e+00,0.000000000000000000e+00,1.495657743785343774e+00,2.999956393129844745e+00
2.224637507469221021e+02,2.515521626755281375e+02,9.363730973226309651e-01,8.239617491382802417e-01,1.613884879747091938e+00,0.000000000000000000e+00,1.496683091563665302e+00,3.000126015231325383e+00
2.226181149727768229e+02,2.516582283548808618e+02,9.395990846876357550e-01,1.286984540347962946e+00,1.616476122646108626e+00,0.000000000000000000e+00,1.497545178535716115e+00,3.000065247623993958e+00
2.227112194241337306e+02,2.518798857931197972e+02,9.385935910784718450e-01,1.093152495025817794e+00,1.585774987779523748e+00,0.000000000000000000e+00,1.515297401537405442e+00,2.999900293478886315e+00
2.228820797721567999e+02,2.519212094155146247e+02,9.409016932692862989e-01,8.857557701423219854e-01,1.598008172532093374e+00,0.000000000000000000e+00,1.518928915492379517e+00,2.999809008348472972e+00
2.228939827558008631e+02,2.520661781568711604e+02,9.327902981533076066e-01,1.229836670979622237e+00,1.616648206974428570e+00,0.000000000000000000e+00,1.517538487102405576e+00,2.999781918314459173e+00
2.230819508867713523e+02,2.522867982055725236e+02,9.433347964533077556e-01,1.238924935470612443e+00,1.567094828852334087e+00,0.000000000000000000e+00,1.512730583949033036e+00,3.000090750420381536e+00
2.232420074443449778e+02,2.524476899568065562e+02,9.363073530747746398e-01,1.246469572339890863e+00,1.593193295718870139e+00,0.000000000000000000e+00,1.502490004561255255e+00,2.999947720899076131e+00
2.232923128663878458e+02,2.525207540571792038e+02,9.433747744454600292e-01,1.454127541239948807e+00,1.589890197885885481e+00,0.000000000000000000e+00,1.510820020707193567e+00,3.000127853054329385e+00
2.234387554363444792e+02,2.526851820329021621e+02,9.376404686625200435e-01,1.600521132047685313e+00,1.603373145797086563e+00,0.000000000000000000e+00,1.511000501602759671e+00,2.999897849402069383e+00
2.235574842469148678e+02,2.529194715565538161e+02,9.379548291907185975e-01,1.557002095193543934e+00,1.595871509960832713e+00,0.000000000000000000e+00,1.488534539436287885e+00,3.000177429765121584e+00
2.236530956034179098e+02,2.530652395283939597e+02,9.370593953342869487e-01,1.189297096164983580e+00,1.610406077541861158e+00,0.000000000000000000e+00,1.474069515107090389e+00,3.000119842392908964e+00
2.238088994977853190e+02,2.532027547908242582e+02,9.432232151993866776e-01,1.244682288016281557e+00,1.614469499096177207e+00,0.000000000000000000e+00,1.492789028093326031e+00,2.999983939123653798e+00
2.238621955843277647e+02,2.533566045657445898e+02,9.326672942654381515e-01,1.036305643579940039e+00,1.611891483538678616e+00,0.000000000000000000e+00,1.510074229404305912e+00,2.999959322397830697e+00
2.240202067637560788e+02,2.535455459138446486e+02,9.330828030620176294e-01,1.338316902658459373e+00,1.624777434629659956e+00,0.000000000000000000e+00,1.511720321014028867e+00,3.000021322918225763e+00
2.242067176133270436e+02,2.537200354010396097e+02,9.355187767061319271e-01,1.098197067529308013e+00,1.607084462457427421e+00,0.000000000000000000e+00,1.495637838016624421e+00,2.999864715004179505e+00
2.242816344299345701e+02,2.538702438285390315e+02,9.447110516497883026e-01,1.091019150730774934e+00,1.602667981356856952e+00,0.000000000000000000e+00,1.519160132663884166e+00,2.999825959927063579e+00
2.243994926317812428e+02,2.540180633297171653e+02,9.472613984554710820e-01,1.123746258024322486e+00,1.608501208386069692e+00,0.000000000000000000e+00,1.497690117077717709e+00,3.000141015610160888e+00
2.245095843770336330e+02,2.541578744417622033e+02,9.400060507108151109e-01,1.054684732709196604e+00,1.607014784064059620e+00,0.000000000000000000e+00,1.507200150371413416e+00,2.999906874840490456e+00
2.252800776463873831e+02,2.553714682161413521e+02,1.185863458740099352e+00,8.883005414750977380e+00,1.191484433088182371e+01,2.431810298410596261e+00,1.482164198342727168e+00,3.000057354083002004e+00
2.260627459027102759e+02,2.567753156041146667e+02,1.423692559857864248e+00,5.406779626486846624e+00,1.367510570132284720e+01,2.431810298410596261e+00,1.509169841746650365e+00,2.999946963331677097e+00
2.261755053227667531e+02,2.582586903796151319e+02,1.661500108720682212e+00,2.059773487503168798e+00,1.462085108841208836e+01,2.431810298410596261e+00,1.494065919189289993e+00,3.000107930903621156e+00
2.261414432877481318e+02,2.596448537933736702e+02,1.906549073399339989e+00,-1.604186663324708606e+00,1.472882985574784698e+01,2.431810298410596261e+00,1.496273934655140359e+00,2.999982461551913726e+00
2.255296591095729468e+02,2.611105587697293799e+02,2.154667999119128208e+00,-4.991332500043072606e+00,1.393818670279767780e+01,2.431810298410596261e+00,1.483550367689090876e+00,2.999857427870755711e+00
2.246618971645868044e+02,2.624338610377803320e+02,2.394689616336712401e+00,-8.189058161128066615e+00,1.235299223232205534e+01,2.431810298410596261e+00,1.489730452153436246e+00,2.999921038503084336e+00
2.237058438763105244e+02,2.634041815044314490e+02,2.636126321559951080e+00,-1.084058539313547875e+01,1.002612488816604674e+01,2.431810298410596261e+00,1.513307789370299972e+00,3.000223831260201202e+00
2.222470452457572776e+02,2.639326827207281099e+02,2.884808597841019395e+00,-1.300852109303493265e+01,7.107645861880691918e+00,2.431810298410596261e+00,1.502325889002728010e+00,3.000001960154371261e+00
2.208018980655917858e+02,2.644104066312565919e+02,3.118632433802855264e+00,-1.469614130368392679e+01,3.791609797657196523e+00,2.431810298410596261e+00,1.515253314479163560e+00,3.000090350313878051e+00
2.193838431756178409e+02,2.645168699144189191e+02,3.366226003398998134e+00,-1.498878957406811097e+01,2.207818815259416922e-01,2.431810298410596261e+00,1.515548518359470132e+00,2.999824420840540018e+00
2.179383665680660442e+02,2.640969465413134571e+02,3.611586796513423181e+00,-1.430202179021126518e+01,-3.334480169998306209e+00,2.431810298410596261e+00,1.507401148419939441e+00,3.000264562544882718e+00
2.167941838813900972e+02,2.634115019097903883e+02,3.859394005032292352e+00,-1.331777248933317459e+01,-6.690524784732367891e+00,2.431810298410596261e+00,1.495588984056993143e+00,2.999989282956783132e+00
2.155088775347221031e+02,2.624432191427508201e+02,4.087915446649874163e+00,-1.120798062014763730e+01,-9.688175364277823221e+00,2.431810298410596261e+00,1.500380980816405918e+00,2.999989318128618798e+00
2.147314414155368638e+02,2.612854027789540510e+02,4.345446754329308270e+00,-8.587279700368970481e+00,-1.209108766643849719e+01,2.431810298410596261e+00,1.494957076640318627e+00,3.000059693485961354e+00
2.141030587533910250e+02,2.598971915407536244e+02,4.580359004795867328e+00,-5.112903655715151707e+00,-1.379170327557799780e+01,2.431810298410596261e+00,1.483486037939621083e+00,3.000046770871623636e+00
2.139510427197631373e+02,2.584613509621935350e+02,4.822037519450486087e+00,-1.697494803766956828e+00,-1.468145597817165893e+01,2.431810298410596261e+00,1.488232743194358720e+00,3.000026983031426564e+00
2.142107887262482109e+02,2.569670700785329700e+02,5.078245205659371209e+00,1.726679081571225627e+00,-1.468859365593135458e+01,2.431810298410596261e+00,1.468685292843587620e+00,3.000059208545022393e+00
2.146714107839422354e+02,2.555805586515091932e+02,5.307691831131911897e+00,4.869147322475014583e+00,-1.385256853946864553e+01,2.431810298410596261e+00,1.496524358453732884e+00,3.000125439246918990e+00
2.155982326236383528e+02,2.543866745407252665e+02,5.552909397798684310e+00,8.082787696666841271e+00,-1.218405613274284782e+01,2.431810298410596261e+00,1.500500694741807139e+00,3.000033630220955150e+00
2.166349746034862562e+02,2.533045382851096861e+02,5.799413894873037378e+00,1.081861258659599301e+01,-9.781941108791993855e+00,2.431810298410596261e+00,1.503896265298296342e+00,3.000006472417639625e+00
2.179452992049854743e+02,2.526334367337848619e+02,6.050037117328140646e+00,1.299318997175915413e+01,-6.835681712122706699e+00,2.431810298410596261e+00,1.514097921752341369e+00,3.000020200949117477e+00
2.193944651992587467e+02,2.523267889351249664e+02,6.291004755583408325e+00,1.440952817946032383e+01,-3.542271093470926502e+00,2.431810298410596261e+00,1.475425406794326655e+00,2.999721863936623212e+00
2.209015456966434954e+02,2.522541834296544323e+02,6.524803314470271509e+00,1.420293467906731344e+01,5.076553182257353969e-02,2.431810298410596261e+00,1.500131337569428736e+00,3.000106378475402735e+00
2.222640865060488977e+02,2.527411217043442946e+02,6.772768212866115078e+00,1.410204758187077267e+01,3.595999913044902740e+00,2.431810298410596261e+00,1.501938646668820265e+00,2.999932142757057996e+00
2.235576442860136410e+02,2.534087758580056686e+02,7.012339953044390839e+00,1.324268365791328961e+01,6.985469992886171653e+00,2.431810298410596261e+00,1.504456841923319077e+00,2.999952685099563254e+00
2.246940267082273976e+02,2.543867531350521460e+02,7.265040681918800480e+00,1.080830129438149889e+01,9.914314447227795313e+00,2.431810298410596261e+00,1.512820022966203437e+00,3.000072380502250002e+00
2.254752749267147749e+02,2.555812812786020913e+02,7.515499628597851256e+00,8.160780955741962828e+00,1.226871154547315790e+01,2.431810298410596261e+00,1.500937227851337319e+00,2.999905958089042368e+00
2.259174213969548077e+02,2.570160877154425521e+02,7.739285381143094611e+00,5.176812200275786147e+00,1.387999337985840320e+01,2.431810298410596261e+00,1.489797978925862854e+00,2.999993574630323234e+00
2.262458019357106025e+02,2.584838066804516075e+02,7.987824715060763303e+00,1.751561694743799302e+00,1.471389469090911639e+01,2.431810298410596261e+00,1.507537685622684753e+00,2.999980355936064491e+00
2.258924801079538440e+02,2.599549920819918611e+02,8.231082503540998019e+00,-1.723311628623962477e+00,1.465587513770443273e+01,2.431810298410596261e+00,1.495448457507556839e+00,3.000321495431087726e+00
2.253396754249271510e+02,2.612636059686719818e+02,8.472053048013655996e+00,-5.363538554511665168e+00,1.373111134634802255e+01,2.431810298410596261e+00,1.500006966804312558e+00,3.000090937066483665e+00
2.246936773563023451e+02,2.625199545467343683e+02,8.719527602828035739e+00,-8.581624762220329217e+00,1.201051426200897332e+01,2.431810298410596261e+00,1.508588645803460970e+00,3.000046633792078143e+00
2.234153768327446983e+02,2.634270658832223830e+02,8.962748840783238080e+00,-1.134529928041368585e+01,9.579659601086015996e+00,2.431810298410596261e+00,1.504565251351293931e+00,3.000177375728382501e+00
2.221587611434211169e+02,2.640959209383311759e+02,9.199393659844677273e+00,-1.343999196767129689e+01,6.605869830607418614e+00,2.431810298410596261e+00,1.487893439464428758e+00,3.000043431398086824e+00
2.205811814764424525e+02,2.644430010019790984e+02,9.448816354432738152e+00,-1.426792128924638625e+01,3.214118201512159434e+00,2.431810298410596261e+00,1.497372552167818061e+00,3.000218367808331177e+00
2.191666427081402730e+02,2.643691346847534192e+02,9.701377615455722747e+00,-1.487084236405195092e+01,-3.696863978885310820e-01,2.431810298410596261e+00,1.504939064790556946e+00,3.000029487427057440e+00
2.178120400141436903e+02,2.640321130144416770e+02,9.925320817079919422e+00,-1.434158139488972061e+01,-3.928759312287620986e+00,2.431810298410596261e+00,1.496859911740884286e+00,3.000207488828491975e+00
2.163789490261576702e+02,2.633051738149563334e+02,1.018568170098640913e+01,-1.307058684694586503e+01,-7.238805121263800935e+00,2.431810298410596261e+00,1.486130629831844185e+00,2.999988195950208159e+00
2.152311717447524586e+02,2.622900525566715260e+02,1.041911348949188820e+01,-1.045638225635651253e+01,-1.012222552540336196e+01,2.431810298410596261e+00,1.513011826531586390e+00,2.999944767249940636e+00
2.145933320338620263e+02,2.610423567439561339e+02,1.066896658777779727e+01,-8.074664523101118263e+00,-1.242914438440582359e+01,2.431810298410596261e+00,1.500942547098519375e+00,3.000117482180290729e+00
2.141514668639037779e+02,2.595833301939730404e+02,1.090509225336990973e+01,-4.642802943470691446e+00,-1.400351781430624953e+01,2.431810298410596261e+00,1.509403951355050344e+00,2.999702243954927017e+00
2.140101863382115255e+02,2.581613012597966872e+02,1.115314996975133255e+01,-1.497555623957052440e+00,-1.474234263564016167e+01,2.431810298410596261e+00,1.502190140382742678e+00,2.999958122271736194e+00
2.142818287115582905e+02,2.566762983073698479e+02,1.140103944047042717e+01,2.434692580476402135e+00,-1.461562767109347405e+01,2.431810298410596261e+00,1.510828052710689651e+00,3.000057670601274928e+00
2.147649261468605459e+02,2.553868987357122080e+02,1.164000048790220632e+01,5.595043370617818645e+00,-1.364347730545314796e+01,2.431810298410596261e+00,1.530742435328652062e+00,2.999985833307917460e+00
2.155931464911563182e+02,2.542101213902306824e+02,1.187789224387121756e+01,8.840567927593303565e+00,-1.184614175534570357e+01,2.431810298410596261e+00,1.509919451266927393e+00,3.000014126055861041e+00
2.167684395102297970e+02,2.532205521497816960e+02,1.212716937583768484e+01,1.172982521798751421e+01,-9.365734323441659015e+00,2.431810298410596261e+00,1.485572523464085082e+00,2.999746429364586131e+00
2.181116332135342759e+02,2.526378301595730420e+02,1.237144533144695302e+01,1.335732104656596952e+01,-6.342038182377739197e+00,2.431810298410596261e+00,1.507600488172236020e+00,2.999950398523138162e+00
2.195225713686863287e+02,2.523210208475117042e+02,1.261857476864961036e+01,1.462716338791422643e+01,-2.937843560989158220e+00,2.431810298410596261e+00,1.494834308688129720e+00,3.000071180971163987e+00
2.210970562043605980e+02,2.523495285409597670e+02,1.285610764369745951e+01,1.479264932668179178e+01,6.637223045103781693e-01,2.431810298410596261e+00,1.511620724795887272e+00,3.000125164124673116e+00
2.224752066862902780e+02,2.527527163183656569e+02,1.309216342714062264e+01,1.418359836454295397e+01,4.178023648808986579e+00,2.431810298410596261e+00,1.511148071401364312e+00,2.999919339416906361e+00
2.238009616039721550e+02,2.535527374459995542e+02,1.333770855815425271e+01,1.308644462257844765e+01,7.458466667376067782e+00,2.431810298410596261e+00,1.494117313275933334e+00,2.999930366791709435e+00
2.248112171172379874e+02,2.544816152287428110e+02,1.359875215571336682e+01,1.073423628203819646e+01,1.031122139015825567e+01,2.431810298410596261e+00,1.480693666730885649e+00,3.000130932001854323e+00
2.255256565764912580e+02,2.558298371758867802e+02,1.382413221511369272e+01,7.960924982277437500e+00,1.256282425491371413e+01,2.431810298410596261e+00,1.499128380823345985e+00,2.999892874600391668e+00
2.261105490089538534e+02,2.572750697048544453e+02,1.407155979463054152e+01,4.530261607571464566e+00,1.407316826222951534e+01,2.431810298410596261e+00,1.483009145717989474e+00,2.999997686582791978e+00
2.262021604881144015e+02,2.586947453651374644e+02,1.431236255019316239e+01,7.840876533797703773e-01,1.475243780463946308e+01,2.431810298410596261e+00,1.505196727269453527e+00,3.000154285684335509e+00
2.260248515000536997e+02,2.602246375278451751e+02,1.455515244462423219e+01,-2.397000608971661340e+00,1.457135421672302478e+01,2.431810298410596261e+00,1.481780893787736364e+00,2.999904655671555620e+00
2.254059989529407630e+02,2.615612973267830057e+02,1.480370111574788439e+01,-6.127921328097715836e+00,1.350030495118923746e+01,2.431810298410596261e+00,1.504276568160047178e+00,3.000100417834970390e+00
2.243829225589965688e+02,2.627487274908899053e+02,1.504180014180617242e+01,-8.820180870745518931e+00,1.164267532717160947e+01,2.431810298410596261e+00,1.498551145686367603e+00,2.999870660812394618e+00
2.232948095631827528e+02,2.636227346693042364e+02,1.527849131095358359e+01,-1.180271928817895954e+01,9.125557438482765349e+00,2.431810298410596261e+00,1.493588047530236107e+00,2.999927980458080068e+00
2.220061764581042212e+02,2.641065417834742561e+02,1.553166088476056750e+01,-1.350330024562457432e+01,6.074392597149667061e+00,2.431810298410596261e+00,1.497330716696962494e+00,3.000109531691121489e+00
2.204861226711283564e+02,2.645226191030459404e+02,1.576606830046454633e+01,-1.457167298527363997e+01,2.629107306460034099e+00,2.431810298410596261e+00,1.509133677963812925e+00,3.000136291637879093e+00
2.190098414303762411e+02,2.643164935000429523e+02,1.601064027737880480e+01,-1.463750371106908332e+01,-9.525038377487171637e-01,2.431810298410596261e+00,1.490843177623994764e+00,2.999889641600526957e+00
2.175286443738434059e+02,2.639320915047055109e+02,1.626308043859048880e+01,-1.370740818769825431e+01,-4.472827168851067015e+00,2.431810298410596261e+00,1.487040074769491627e+00,3.000041302911301333e+00
2.162972682745972293e+02,2.632076324620748551e+02,1.650342572156709053e+01,-1.249741658328511384e+01,-7.748784034099729823e+00,2.431810298410596261e+00,1.507786510581762940e+00,2.999973663681009928e+00
2.153255774697980200e+02,2.620992937362676685e+02,1.674970033533499958e+01,-1.059907161316108137e+01,-1.054243892901467028e+01,2.431810298410596261e+00,1.517014770917587407e+00,3.000242723081690599e+00
2.144099272524964874e+02,2.607694547545101500e+02,1.697787062583383033e+01,-7.731577644036025987e+00,-1.274478557636697751e+01,2.431810298410596261e+00,1.515491851920214517e+00,3.000063323931758230e+00
2.141050145825826405e+02,2.594124887274489879e+02,1.722815969855034623e+01,-4.201755054126585343e+00,-1.418861606179378931e+01,2.431810298410596261e+00,1.489852745736297779e+00,2.999757602672046275e+00
2.139652803201471158e+02,2.579790087122357818e+02,1.747408379740139495e+01,-8.817189284674323835e-01,-1.476787185846187000e+01,2.431810298410596261e+00,1.508726876268147832e+00,2.999644226985257678e+00
2.142632990651331681e+02,2.565618692040122824e+02,1.772309926817931824e+01,2.808339739939556878e+00,-1.451146557357456501e+01,2.431810298410596261e+00,1.485040730721599367e+00,2.999999023173751667e+00
2.147877103965448669e+02,2.551918020286250908e+02,1.795829749935483477e+01,5.963342668006337277e+00,-1.340641038393533968e+01,2.431810298410596261e+00,1.515523493030051627e+00,2.999635662418054682e+00
2.159435261481638975e+02,2.539846570300222481e+02,1.821132335599564556e+01,8.985022740461925395e+00,-1.149763785798801052e+01,2.431810298410596261e+00,1.482198393439000395e+00,3.000044927610364009e+00
2.170162503361281665e+02,2.531230064404728353e+02,1.845093776401107988e+01,1.194067993731662547e+01,-8.896481883856404593e+00,2.431810298410596261e+00,1.507421121002610942e+00,2.999998523628152114e+00
2.183551084784429008e+02,2.524753084661999480e+02,1.869954736430695874e+01,1.355764667589225780e+01,-5.806650653646387994e+00,2.431810298410596261e+00,1.495510384627789291e+00,3.000040283715024181e+00
2.197999375673675218e+02,2.522202262526539016e+02,1.892006200158963125e+01,1.471198036164370571e+01,-2.365920305601169282e+00,2.431810298410596261e+00,1.512876157735277394e+00,3.000148702946949353e+00
2.213027095064137200e+02,2.523945019068980855e+02,1.917012523536484636e+01,1.480891759338476099e+01,1.212927481335254631e+00,2.431810298410596261e+00,1.516227828793994981e+00,2.999757113283355814e+00
2.226548513630712591e+02,2.528231820091239683e+02,1.941516065113360412e+01,1.424326141204560336e+01,4.742226124212773897e+00,2.431810298410596261e+00,1.517689299678485870e+00,3.000275495387094704e+00
2.240111018075298261e+02,2.536957246930809617e+02,1.966646326691568092e+01,1.231871083326382710e+01,7.975936522185088862e+00,2.431810298410596261e+00,1.494853264073233934e+00,3.000020621477655691e+00
2.249295217438526322e+02,2.547740242054662758e+02,1.989654508864404292e+01,1.020208450583847615e+01,1.073864277026022762e+01,2.431810298410596261e+00,1.527743475120221905e+00,3.000036905420757627e+00
2.256698663552649009e+02,2.561396429640705037e+02,2.014548653398384204e+01,7.679909882252591302e+00,1.287285937138528702e+01,2.431810298410596261e+00,1.483185639678805678e+00,3.000037034967708571e+00
2.260444055416681977e+02,2.574943276850434017e+02,2.038495944310050234e+01,4.010198252491506743e+00,1.424886602250616185e+01,2.431810298410596261e+00,1.489238102724230073e+00,3.000083724868230384e+00
2.261863000939694928e+02,2.589635976170973777e+02,2.064504068430654371e+01,8.215011163958145790e-01,1.478445449865967909e+01,2.431810298410596261e+00,1.495495004102334935e+00,3.000083535913343979e+00
2.258646739531505716e+02,2.604441141865074201e+02,2.087706684872867058e+01,-2.911679581448512799e+00,1.444993594676097892e+01,2.431810298410596261e+00,1.489670975221556004e+00,3.000164042326241010e+00
2.251802713127049174e+02,2.617878267641248158e+02,2.112335292882523419e+01,-6.756694499742891935e+00,1.326025789154491186e+01,2.431810298410596261e+00,1.488522872951726805e+00,3.000139587014414744e+00
2.241614407145974894e+02,2.628534319490215694e+02,2.136639497039685409e+01,-9.815465033084759483e+00,1.129959895651963464e+01,2.431810298410596261e+00,1.509018939382347435e+00,2.999780491135186633e+00
2.229906042002653805e+02,2.636543151026789360e+02,2.159527456223334241e+01,-1.187630321606965644e+01,8.655001711809257259e+00,2.431810298410596261e+00,1.493617243031802877e+00,3.000213690392735888e+00
2.217205459986496692e+02,2.642884308229575367e+02,2.185425108158028351e+01,-1.370443466767776108e+01,5.510681489566239932e+00,2.431810298410596261e+00,1.491230068871974179e+00,3.000244342199283043e+00
2.201637745836699196e+02,2.644679630597794358e+02,2.209299303990709262e+01,-1.470503748122506238e+01,2.068161309770844891e+00,2.431810298410596261e+00,1.493900353646955503e+00,2.999990792833201692e+00
2.186974911395919605e+02,2.643008547441653491e+02,2.233901600889925021e+01,-1.455664726674644172e+01,-1.527043049672291763e+00,2.431810298410596261e+00,1.490450782692915865e+00,3.000118447649783970e+00
2.173025161086420951e+02,2.638055626967465628e+02,2.258692831998622452e+01,-1.407626942339946119e+01,-4.983243416817362714e+00,2.431810298410596261e+00,1.478393854873635282e+00,3.000008747113014795e+00
2.159754861012090146e+02,2.630518758808597113e+02,2.282191733151086410e+01,-1.230842827368278591e+01,-8.235514252087906328e+00,2.431810298410596261e+00,1.500242223417329823e+00,2.999941795169531300e+00
2.150539668770616402e+02,2.618766135134287651e+02,2.306808985497143993e+01,-9.942116060232015329e+00,-1.093017477901829260e+01,2.431810298410596261e+00,1.503496232599367710e+00,2.999791576973761753e+00
2.144425383114179056e+02,2.606385664634408954e+02,2.330202426151412354e+01,-6.921699864991205153e+00,-1.300031494869262971e+01,2.431810298410596261e+00,1.541934650635707227e+00,2.999893202729519537e+00
2.140813997635246437e+02,2.592029448014339437e+02,2.355087155569652069e+01,-3.844025202013065190e+00,-1.429961304483739859e+01,2.431810298410596261e+00,1.504140533746164854e+00,2.999863016643598446e+00
2.140410898116116414e+02,2.578010568034002290e+02,2.379521496727605623e+01,1.156760648219674753e-01,-1.478083392761944381e+01,2.431810298410596261e+00,1.499487048149912294e+00,2.999704060839035957e+00
2.143369838223514989e+02,2.563302687777554638e+02,2.404024691264020674e+01,3.178871706535416397e+00,-1.438768538983383749e+01,2.431810298410596261e+00,1.497754986211593975e+00,3.000221481093598541e+00
2.149011198742987574e+02,2.549557639015974928e+02,2.428430125634873704e+01,6.809538531630113134e+00,-1.313279238146706973e+01,2.431810298410596261e+00,1.498628969699923763e+00,3.000025151452758720e+00
2.160406934886035231e+02,2.537937357748278657e+02,2.451490039734455095e+01,9.608476978751543385e+00,-1.109606623071828935e+01,2.431810298410596261e+00,1.505182657451259676e+00,3.000089433818035278e+00
2.173012325461695582e+02,2.529291030081233771e+02,2.477465050445254136e+01,1.180992032180615858e+01,-8.445229371661453044e+00,2.431810298410596261e+00,1.500259845741545472e+00,3.000058148089241428e+00
2.186178586135919204e+02,2.524291554974376197e+02,2.501177020930261818e+01,1.377783503693548717e+01,-5.252081001673644778e+00,2.431810298410596261e+00,1.510017203346103898e+00,3.000131713290605795e+00
2.201055528992310997e+02,2.523674470684069320e+02,2.525405280409951558e+01,1.499021548494999934e+01,-1.772986820581437861e+00,2.431810298410596261e+00,1.506762591142805974e+00,2.999836432435393441e+00
2.215917196356450347e+02,2.525041436412494420e+02,2.549970332526483219e+01,1.432508216769416620e+01,1.810038227183325077e+00,2.431810298410596261e+00,1.506354541654514101e+00,3.000059208090880780e+00
2.229561835629247639e+02,2.530136337171364858e+02,2.572957310703309020e+01,1.395012326495095145e+01,5.318636098148740388e+00,2.431810298410596261e+00,1.505548824466527380e+00,2.999901910380399439e+00
2.241308221864625523e+02,2.539219889990248475e+02,2.600146988058704167e+01,1.261493464820744315e+01,8.461722295467703603e+00,2.431810298410596261e+00,1.489026421141456336e+00,2.999867562012223932e+00
2.250937211625340240e+02,2.549713511239846753e+02,2.623830498494477936e+01,9.599321811045202324e+00,1.114776678338658478e+01,2.431810298410596261e+00,1.509351446909539041e+00,3.000047196551129947e+00
2.257529039279087897e+02,2.563218716521246847e+02,2.647606591478007587e+01,6.424798819016899643e+00,1.314998830057270673e+01,2.431810298410596261e+00,1.486269737357349907e+00,3.000031803615077042e+00
2.261310501119715468e+02,2.576858800606361797e+02,2.671400860492726181e+01,3.050714734924028892e+00,1.443028122644425970e+01,2.431810298410596261e+00,1.490004265350836077e+00,3.000112582237172809e+00
2.261283228155525364e+02,2.592207036388097094e+02,2.696169727369137803e+01,-2.570344941926469007e-01,1.480411352012904658e+01,2.431810298410596261e+00,1.495463675509474788e+00,2.999885107423680530e+00
2.257012869470066221e+02,2.605941197254525719e+02,2.719570444421882982e+01,-3.889430934190674094e+00,1.430997207906225910e+01,2.431810298410596261e+00,1.498706053146444672e+00,3.000283999982522154e+00
2.250100385095736613e+02,2.619890386927498298e+02,2.744298568804173399e+01,-7.561015185677607775e+00,1.297768015974711275e+01,2.431810298410596261e+00,1.493454369483655730e+00,2.999855416844047884e+00
2.240691933359834422e+02,2.629602985378914468e+02,2.770593347186954958e+01,-9.770592759812458894e+00,1.089918466570722977e+01,2.431810298410596261e+00,1.485884601745345313e+00,2.999978832936923467e+00
2.227904744920005555e+02,2.638525560690096086e+02,2.793589506873720296e+01,-1.236597994214397822e+01,8.182142363800364748e+00,2.431810298410596261e+00,1.514955028017880512e+00,3.000134047926730219e+00
2.213307893525346515e+02,2.642854343209723424e+02,2.817584796880466769e+01,-1.387030069250270614e+01,4.972924092609554592e+00,2.431810298410596261e+00,1.487863928755289500e+00,2.999954124203504602e+00
2.198153190496416585e+02,2.644993173181562724e+02,2.841765657505274234e+01,-1.488076405742583930e+01,1.451544685692737646e+00,2.431810298410596261e+00,1.507231891457936124e+00,2.999930088505921688e+00
2.185425473156682017e+02,2.642576922812629618e+02,2.866547570444518911e+01,-1.450850550324525834e+01,-2.118014939228667792e+00,2.431810298410596261e+00,1.494464459083024055e+00,3.000134677087960444e+00
2.172593214344404942e+02,2.637687904723078987e+02,2.891147403549696548e+01,-1.376459610874561790e+01,-5.561297665814688429e+00,2.431810298410596261e+00,1.506424718304107735e+00,2.999857285896859960e+00
2.158906971077998662e+02,2.627933823656354662e+02,2.914261698414046009e+01,-1.211224828776076912e+01,-8.675029790293779186e+00,2.431810298410596261e+00,1.486278895970165825e+00,3.000101220689588288e+00
2.148408184798703928e+02,2.617058699604451704e+02,2.939477876229448228e+01,-9.434699483424937583e+00,-1.128323317332941045e+01,2.431810298410596261e+00,1.531579141098680763e+00,2.999865369704364682e+00
2.143370745204262562e+02,2.603795981803790482e+02,2.963941161369674404e+01,-6.192044114947563571e+00,-1.327528598598356169e+01,2.431810298410596261e+00,1.516235034924341418e+00,2.999845172607048749e+00
2.139746833050960220e+02,2.588809028744103102e+02,2.988255748010426061e+01,-3.189023785091325003e+00,-1.445433613160874309e+01,2.431810298410596261e+00,1.495116661510033529e+00,2.999852838656403176e+00
2.140359632318690615e+02,2.573791878172074803e+02,3.012481368222698208e+01,7.122109083038463684e-01,-1.477712798539270267e+01,2.431810298410596261e+00,1.497715178643173273e+00,2.999832275757422284e+00
2.143812123212081246e+02,2.560882927597602361e+02,3.036062275606681382e+01,4.437359046608619906e+00,-1.424057276061951960e+01,2.431810298410596261e+00,1.502883086177365657e+00,3.000363934826502987e+00
2.151255242707665900e+02,2.546707105201558932e+02,3.059997662489245229e+01,7.494272594579899582e+00,-1.284782814954431629e+01,2.431810298410596261e+00,1.476753959161438257e+00,2.999915480724255623e+00
2.161295955380377336e+02,2.537221969071147498e+02,3.086014870673387378e+01,9.946145038188467069e+00,-1.071120574380575619e+01,2.431810298410596261e+00,1.508830434688593458e+00,3.000148548760425360e+00
2.173423043807688941e+02,2.528533710846006954e+02,3.109622090001046502e+01,1.269058912122930316e+01,-7.939783135569587813e+00,2.431810298410596261e+00,1.490862229226268099e+00,2.999899666319672864e+00
2.188237892927069765e+02,2.524278809482527777e+02,3.133590587191803678e+01,1.412445594702588281e+01,-4.689220802992055681e+00,2.431810298410596261e+00,1.502618503073900325e+00,2.999860221611545086e+00
2.202450527311084727e+02,2.523054366682920033e+02,3.157862472934287013e+01,1.461004802530425728e+01,-1.183819832350293089e+00,2.431810298410596261e+00,1.515796820458799932e+00,3.000128027990698332e+00
2.218465008301599823e+02,2.525708520498830580e+02,3.182823572724337424e+01,1.457329532091152657e+01,2.398669600043169314e+00,2.431810298410596261e+00,1.493987782425512556e+00,2.999887656691852200e+00
2.230570980041244695e+02,2.531125190211256211e+02,3.207236217862177341e+01,1.384362140677047037e+01,5.830782773874507718e+00,2.431810298410596261e+00,1.495926643181756388e+00,3.000191412790937040e+00
2.243981336450315496e+02,2.540428870215353356e+02,3.230201099405847032e+01,1.167236971996381278e+01,8.940820045884075640e+00,2.431810298410596261e+00,1.495440136227216721e+00,3.000047269992129451e+00
2.251361892908979030e+02,2.551788155569535377e+02,3.255568008296089033e+01,9.212955055951278283e+00,1.150255557798236339e+01,2.431810298410596261e+00,1.500063403602748924e+00,2.999825736356593442e+00
2.259000579363911072e+02,2.564859125449139583e+02,3.280193259385404758e+01,6.075966387267031088e+00,1.338234420134275737e+01,2.431810298410596261e+00,1.523192625130763478e+00,2.999883161964725264e+00
2.262855972940259051e+02,2.578908951924082089e+02,3.303408473406835100e+01,2.950137516486225575e+00,1.451190655109205707e+01,2.431810298410596261e+00,1.513342687215939453e+00,2.999813522032282798e+00
2.260343729973192808e+02,2.594029453613398459e+02,3.328157940424259209e+01,-6.621448921325310266e-01,1.476422373515706887e+01,2.431810298410596261e+00,1.518130348642044325e+00,2.999884555920771856e+00
2.256625899475637311e+02,2.608473187875713393e+02,3.352436446417394222e+01,-4.181425773889381858e+00,1.415730038570338323e+01,2.431810298410596261e+00,1.517692773056688038e+00,3.000098261095155650e+00
2.248269735995535541e+02,2.621118364571482857e+02,3.377507678014641357e+01,-7.402593225470134541e+00,1.268958449580255277e+01,2.431810298410596261e+00,1.516481237507651070e+00,3.000112304703651311e+00
2.237911756687441596e+02,2.631580298200236143e+02,3.400358297832591603e+01,-1.043862209757177339e+01,1.050774275082578235e+01,2.431810298410596261e+00,1.502967577359036300e+00,3.000018787001105469e+00
2.225004678372025921e+02,2.639469733927801371e+02,3.424383703732033268e+01,-1.294473770915383071e+01,7.698545252608473888e+00,2.431810298410596261e+00,1.493686649548704892e+00,3.000036036914895732e+00
2.210973227205407738e+02,2.643783778602985421e+02,3.450450855260053373e+01,-1.407320359938893262e+01,4.420497103477915246e+00,2.431810298410596261e+00,1.511764776930805132e+00,2.999967551370591679e+00
2.197043116824807214e+02,2.644673377750247596e+02,3.473563507818744966e+01,-1.473197241690242443e+01,9.038255396272787401e-01,2.431810298410596261e+00,1.517507249490320786e+00,3.000142752909463972e+00
2.182849589764325060e+02,2.642563603235841470e+02,3.497870176518706842e+01,-1.469407263308178102e+01,-2.683824347239037511e+00,2.431810298410596261e+00,1.492932705605050758e+00,3.000133056370641871e+00
2.168080182315522961e+02,2.636264688004359869e+02,3.522490294925847110e+01,-1.344361623254074978e+01,-6.095146874536044201e+00,2.431810298410596261e+00,1.505466937993095611e+00,3.000157874321623286e+00
2.157790951323645459e+02,2.627118998098661677e+02,3.546247759690202628e+01,-1.114563708571736989e+01,-9.166236073703380782e+00,2.431810298410596261e+00,1.516754203278449120e+00,2.999886587347067479e+00
2.148014440204206892e+02,2.614502983526205071e+02,3.570968042359499606e+01,-8.976592436477572434e+00,-1.167816819076716151e+01,2.431810298410596261e+00,1.498101326354430052e+00,2.999810118414668825e+00
2.141681816255176329e+02,2.601779620159223327e+02,3.595253596977005373e+01,-5.895459058615776016e+00,-1.351996952792572415e+01,2.431810298410596261e+00,1.482989710714389009e+00,2.999949020019274215e+00
2.139602693420266348e+02,2.587100074266414822e+02,3.620268250902331175e+01,-2.931306440058141227e+00,-1.456761800214395208e+01,2.431810298410596261e+00,1.493337902207067414e+00,2.999897828583990567e+00
2.140410314865276575e+02,2.572060374415823958e+02,3.643969797614018802e+01,8.524389536284348035e-01,-1.475451747409351810e+01,2.431810298410596261e+00,1.486275012122466599e+00,2.999860086546513482e+00
2.144948643543737319e+02,2.558296454200036294e+02,3.668870619738418526e+01,4.624389567003091450e+00,-1.405362161118674535e+01,2.431810298410596261e+00,1.509551778884272943e+00,3.000050205556659577e+00
2.153376878240983388e+02,2.545255167321027443e+02,3.692568382595006682e+01,7.683996495264507232e+00,-1.255607329286672424e+01,2.431810298410596261e+00,1.497762244939317755e+00,3.000028706017691338e+00
2.164720894301020166e+02,2.535340545623667481e+02,3.717012618913531696e+01,1.018515389243633251e+01,-1.028800783428967058e+01,2.431810298410596261e+00,1.499630477897774927e+00,2.999864431587967228e+00
2.175411709533904627e+02,2.527712263446862835e+02,3.741286725550574488e+01,1.241510015978726500e+01,-7.440226059010605297e+00,2.431810298410596261e+00,1.497758538440429055e+00,3.000062024676017458e+00
2.190536406445577882e+02,2.523662081336037772e+02,3.765617180825125843e+01,1.417507419450479311e+01,-4.160253113741665842e+00,2.431810298410596261e+00,1.507174619594907394e+00,2.999965368269303045e+00
2.204902295693991618e+02,2.523382002616749560e+02,3.789668129001572794e+01,1.437063215474895728e+01,-6.251371766244691042e-01,2.431810298410596261e+00,1.508889860559605278e+00,3.000136647781609600e+00
2.220064258600677931e+02,2.526706837548255180e+02,3.814261215646468628e+01,1.459516736874404508e+01,2.978611581105990780e+00,2.431810298410596261e+00,1.490376949237879334e+00,3.000048813898736455e+00
2.234665393294919227e+02,2.532239483340735831e+02,3.838933541352419354e+01,1.342530721240826175e+01,6.354590585719047446e+00,2.431810298410596261e+00,1.485054777046754815e+00,3.000057637648848363e+00
2.245225719699684817e+02,2.541506503825586094e+02,3.862681684694405249e+01,1.171945214839879945e+01,9.390359190633912334e+00,2.431810298410596261e+00,1.500663952256428901e+00,3.000120689613986702e+00
2.252302126150673303e+02,2.553791008702812064e+02,3.887333471406149243e+01,8.796258176470566070e+00,1.186825076411354551e+01,2.431810298410596261e+00,1.490533411889194193e+00,2.999857492546728288e+00
2.257947850498495370e+02,2.566669240750852055e+02,3.911314115582505480e+01,5.433183721598867422e+00,1.364402171416466025e+01,2.431810298410596261e+00,1.510624829734470431e+00,3.000066155817953106e+00
2.262642796948138937e+02,2.582218246348924708e+02,3.936243949600039826e+01,2.449848125866255888e+00,1.460196418848215316e+01,2.431810298410596261e+00,1.515028145219311062e+00,2.999732135857592130e+00
2.260123448675786904e+02,2.596928323355827501e+02,3.961484432021734392e+01,-1.196097096342338517e+00,1.472844086248286644e+01,2.431810298410596261e+00,1.489032480332588060e+00,2.999882159096782352e+00
2.255042994145510704e+02,2.610800393431953239e+02,3.984279179574755148e+01,-4.707239451735810931e+00,1.399559952823961950e+01,2.431810298410596261e+00,1.507826895443174164e+00,2.999968701500457247e+00
2.247296691265619870e+02,2.623292891567421634e+02,4.009588012523418854e+01,-8.143639306496490704e+00,1.238785150528710588e+01,2.431810298410596261e+00,1.499144128833719281e+00,2.999991989733553410e+00
2.237728075684755993e+02,2.633915721721789964e+02,4.033270522601558383e+01,-1.072178540728273610e+01,1.011254533326463445e+01,2.431810298410596261e+00,1.501948422604830080e+00,2.999897536282806421e+00
2.223970731795762390e+02,2.640569821086081106e+02,4.057725352496679250e+01,-1.310784461009485113e+01,7.207138849705997607e+00,2.431810298410596261e+00,1.499437264762665478e+00,3.000217665024054625e+00
2.209261941376732352e+02,2.644025703688748763e+02,4.080523087105292745e+01,-1.463503676742165993e+01,3.869659105336936022e+00,2.431810298410596261e+00,1.504432485954703358e+00,3.000045943150819294e+00
2.195050541303830585e+02,2.643954451598823994e+02,4.105236337744481290e+01,-1.473354886953137211e+01,3.266526495896508453e-01,2.431810298410596261e+00,1.480581942527497530e+00,2.999886123396243498e+00
2.180109812848239130e+02,2.641245614848102150e+02,4.131195755489707722e+01,-1.418108127872499580e+01,-3.251549750161063290e+00,2.431810298410596261e+00,1.486891347193672663e+00,2.999875348081961768e+00
2.167497475939142362e+02,2.634486736684046377e+02,4.154826400033277878e+01,-1.347766842163007794e+01,-6.627027138938490047e+00,2.431810298410596261e+00,1.504182133265484334e+00,3.000196429000295151e+00
2.155655723112160729e+02,2.625498585368156341e+02,4.179072160107200062e+01,-1.128828107607379216e+01,-9.603310449552592942e+00,2.431810298410596261e+00,1.494658399121885139e+00,3.000173295608256296e+00
2.147408722051075927e+02,2.613181815616949280e+02,4.203191042254400855e+01,-8.704324331165327777e+00,-1.204682542367135945e+01,2.431810298410596261e+00,1.499507755084851235e+00,3.000198132209136226e+00
2.142429637549955146e+02,2.599730845650110496e+02,4.228771574377149989e+01,-5.563151867721622956e+00,-1.374504417884852536e+01,2.431810298410596261e+00,1.490020205641579443e+00,3.000149167510545833e+00
2.139469610703502838e+02,2.584052361542937319e+02,4.252259423495623025e+01,-2.345863258829640863e+00,-1.466511411013919108e+01,2.431810298410596261e+00,1.493932948312984399e+00,3.000013147264223079e+00
2.140797004410681268e+02,2.570096474313046997e+02,4.277331115808274831e+01,1.807869029329892019e+00,-1.471968120510791778e+01,2.431810298410596261e+00,1.507266246585857727e+00,2.999983656580539115e+00
2.147879430171222737e+02,2.556301274515892601e+02,4.300883265735748751e+01,5.426743417092144917e+00,-1.385098875586534639e+01,2.431810298410596261e+00,1.504672254894086070e+00,3.000112164479002530e+00
2.155039175014242403e+02,2.544034315044322625e+02,4.325335425770600040e+01,8.617440237003162196e+00,-1.226018644940015712e+01,2.431810298410596261e+00,1.478072167041918128e+00,3.000185205252108744e+00
2.165352085108825406e+02,2.533702238579462858e+02,4.349029853416183045e+01,1.099365454602678049e+01,-9.853505519919435685e+00,2.431810298410596261e+00,1.497401661544029539e+00,3.000081282543315186e+00
2.178305863289537569e+02,2.527416784130718383e+02,4.373550448659440093e+01,1.332129441441406925e+01,-6.922902469494591315e+00,2.431810298410596261e+00,1.510806698354953959e+00,3.000005293515323412e+00
2.192707411507734605e+02,2.524095990710915487e+02,4.397336607453809876e+01,1.437000768793806849e+01,-3.575145146216662795e+00,2.431810298410596261e+00,1.482158866411105391e+00,3.000059511778133903e+00
2.207036819611827241e+02,2.523545186623354084e+02,4.422291129471974358e+01,1.457839284636224875e+01,-2.853507141895091775e-02,2.431810298410596261e+00,1.511366028194458755e+00,3.000329939406650048e+00
2.221530316792042186e+02,2.526684016582500760e+02,4.446905624847089911e+01,1.434150899797126399e+01,3.516101590387905151e+00,2.431810298410596261e+00,1.509737020576294553e+00,2.999759212603140934e+00
2.235917641188418941e+02,2.534398156409302487e+02,4.472328456662634011e+01,1.326025416871140372e+01,6.933526989742109237e+00,2.431810298410596261e+00,1.522526588893291954e+00,3.000290544126098080e+00
2.247903329488081283e+02,2.544395921696724372e+02,4.494307346432351125e+01,1.130667318554553979e+01,9.850798441192582189e+00,2.431810298410596261e+00,1.512506071436101385e+00,2.999956222544271967e+00
2.254754304848029278e+02,2.555876677840571745e+02,4.519147309353244424e+01,8.352133351213904433e+00,1.220574073303724383e+01,2.431810298410596261e+00,1.506846356600234138e+00,3.000091334578806723e+00
2.259507524691084370e+02,2.569444505939451915e+02,4.544549913668834762e+01,4.957944617140440435e+00,1.385897344980265089e+01,2.431810298410596261e+00,1.516346556515057342e+00,3.000160218489491548e+00
2.261053952898694490e+02,2.583811071604721974e+02,4.567682363020120562e+01,1.287791575329868099e+00,1.470627696810618446e+01,2.431810298410596261e+00,1.515953856842994441e+00,2.999836215334507727e+00
2.259604264749413289e+02,2.599338615415443314e+02,4.592943526728962667e+01,-1.618708137828189342e+00,1.464916137709417221e+01,2.431810298410596261e+00,1.502316103343567244e+00,3.000103611460878117e+00
2.254965117245237423e+02,2.613184525790844077e+02,4.617077999124813203e+01,-5.612044495904990882e+00,1.380395387188876732e+01,2.431810298410596261e+00,1.488668380599762253e+00,3.000017427557410965e+00
2.246636792268494958e+02,2.624858895699710502e+02,4.641155545162560259e+01,-8.844799656787133202e+00,1.207085138642496069e+01,2.431810298410596261e+00,1.501473423901854121e+00,3.000019756333420773e+00
2.234931086102877202e+02,2.634980491204931354e+02,4.665126227185552921e+01,-1.110514644570950438e+01,9.654396131511703061e+00,2.431810298410596261e+00,1.507063971056366691e+00,2.999998331579509792e+00
2.221838516400139270e+02,2.641005819818203122e+02,4.689393851749778719e+01,-1.357812835876407398e+01,6.658306307135007707e+00,2.431810298410596261e+00,1.484869523987468742e+00,3.000144461764059578e+00
2.206322032159213506e+02,2.644453007703955905e+02,4.714056626267407069e+01,-1.436976712369456699e+01,3.288223148367425352e+00,2.431810298410596261e+00,1.488108320432000697e+00,3.000124108767609155e+00
2.192456346469344339e+02,2.644722565580464675e+02,4.739460674283005659e+01,-1.521362476529107433e+01,-2.729655162291081405e-01,2.431810298410596261e+00,1.492079151338567167e+00,3.000094830674558732e+00
2.177620590728829768e+02,2.640215847175896329e+02,4.763480282889450734e+01,-1.394494881889160709e+01,-3.815795196935583888e+00,2.431810298410596261e+00,1.524566258433055266e+00,3.000036433856571261e+00
2.164229709140665818e+02,2.633263446789150635e+02,4.786749095203581561e+01,-1.270117216634897161e+01,-7.155659790726439873e+00,2.431810298410596261e+00,1.489572077622885349e+00,2.999782246014244258e+00
2.154654222020612337e+02,2.622384291318989540e+02,4.811058343151329098e+01,-1.083093176243845335e+01,-1.007130748314723689e+01,2.431810298410596261e+00,1.525280523216362205e+00,2.999688557821592383e+00
2.147307772357869737e+02,2.611047077366640679e+02,4.835567952449320472e+01,-8.189885782097215738e+00,-1.236621860987860799e+01,2.431810298410596261e+00,1.511497126669503865e+00,2.999953259418882023e+00
2.141228117047059243e+02,2.597185264198135997e+02,4.859292819790066176e+01,-4.293450031568105452e+00,-1.393838310611232956e+01,2.431810298410596261e+00,1.486883297164180995e+00,3.000062955807390797e+00
2.138977681891543057e+02,2.582334564605837954e+02,4.884716336339677412e+01,-1.399718890505019964e+00,-1.470106745816554650e+01,2.431810298410596261e+00,1.506883433541597483e+00,2.999964653485045485e+00
2.141855573044643961e+02,2.567960378304367168e+02,4.909120009030068843e+01,1.947492041788525086e+00,-1.462751591398383511e+01,2.431810298410596261e+00,1.514852154030900344e+00,2.999968708817854157e+00
2.147293677225636372e+02,2.554289008929225986e+02,4.933482967150834497e+01,5.350966141543546328e+00,-1.366214115014981445e+01,2.431810298410596261e+00,1.481167159695744528e+00,3.000080618982861491e+00
2.156744451087865286e+02,2.541562408418202210e+02,4.958162357496063777e+01,8.748396548397792571e+00,-1.190509805144197131e+01,2.431810298410596261e+00,1.484165867188262045e+00,3.000092531298334642e+00
2.167853680235897684e+02,2.532508625244363429e+02,4.981392259735262940e+01,1.138964686709794627e+01,-9.425157030148394455e+00,2.431810298410596261e+00,1.510370285992011175e+00,3.000132247211702463e+00
2.181173372297614321e+02,2.526131777953471556e+02,5.005926394565457116e+01,1.347223520534491215e+01,-6.402670516874053419e+00,2.431810298410596261e+00,1.483575084137177980e+00,3.000056009356292908e+00
2.195113503629099796e+02,2.522516025733666254e+02,5.030525748785749585e+01,1.445252151352362624e+01,-3.002228537643733208e+00,2.431810298410596261e+00,1.491494190690177746e+00,2.999984922629562512e+00
2.210315538699439628e+02,2.523938167168666951e+02,5.054596761242992642e+01,1.541193575180890463e+01,5.611928748983217030e-01,2.431810298410596261e+00,1.503841804855881703e+00,2.999814328000627750e+00
2.224329126580002765e+02,2.527811196264231626e+02,5.079618063932622363e+01,1.421752263725345422e+01,4.091183806969827863e+00,2.431810298410596261e+00,1.506430670606760724e+00,3.000003506474482329e+00
2.237347663896020435e+02,2.535071978760326203e+02,5.104661575529645035e+01,1.288771874601486722e+01,7.417392539734870560e+00,2.431810298410596261e+00,1.504951123049076189e+00,2.999886635563301152e+00
2.247993449310403946e+02,2.545450365858455086e+02,5.128380654392417881e+01,1.026872973753689955e+01,1.023456716147397216e+01,2.431810298410596261e+00,1.491706672413061430e+00,2.999914674040415008e+00
2.255573739778418769e+02,2.557750516557359504e+02,5.151383609862384105e+01,8.126700398200002340e+00,1.250777054153982881e+01,2.431810298410596261e+00,1.516192080572698719e+00,3.000054232679223443e+00
2.261370947646299499e+02,2.572314595267442883e+02,5.176056088931745336e+01,4.184697441904615900e+00,1.406110394438006495e+01,2.431810298410596261e+00,1.512257899764290592e+00,2.999977911667843777e+00
2.261672037370873340e+02,2.587000353677737507e+02,5.201725192954839372e+01,1.317407148750385781e+00,1.475210905678734008e+01,2.431810298410596261e+00,1.492122588365338620e+00,2.999981421176747265e+00
2.258600401071184649e+02,2.601041796144323257e+02,5.224209785123324679e+01,-2.118003355092014761e+00,1.457809239951666669e+01,2.431810298410596261e+00,1.505207131839035872e+00,2.999962074264399092e+00
2.252635594975749314e+02,2.615854272532754976e+02,5.249084852304980586e+01,-6.095609118478469313e+00,1.353004282000265057e+01,2.431810298410596261e+00,1.491690018856457245e+00,3.000107286898282322e+00
2.245049570580741545e+02,2.626217969585972583e+02,5.273489984538442599e+01,-9.253260407564139811e+00,1.171114834340498945e+01,2.431810298410596261e+00,1.491068005676842612e+00,2.999936791051491358e+00
2.232784088668170455e+02,2.635594423909976740e+02,5.297464268312753433e+01,-1.169575716683143618e+01,9.218248567170689967e+00,2.431810298410596261e+00,1.498866152149510356e+00,2.999940683005819508e+00
2.220220086009824456e+02,2.642556602164029300e+02,5.322726135148875670e+01,-1.314834953281529728e+01,6.157143849819755488e+00,2.431810298410596261e+00,1.506094114317296118e+00,2.999891623663203166e+00
2.205255057244438888e+02,2.644028043223451050e+02,5.346555829205827592e+01,-1.441435491565298577e+01,2.765060598625108668e+00,2.431810298410596261e+00,1.515872328655988310e+00,2.999759548639223450e+00
2.189346419637343502e+02,2.643727060595825264e+02,5.371298003091213502e+01,-1.492222886510690216e+01,-8.466062181776484730e-01,2.431810298410596261e+00,1.511531868830308767e+00,2.999765345849881637e+00
2.176376828666173822e+02,2.638944933018103711e+02,5.395541705515756092e+01,-1.405844821018930624e+01,-4.379528596652024319e+00,2.431810298410596261e+00,1.530179625542932742e+00,2.999906444112826254e+00
2.163420934276596483e+02,2.631120552136415540e+02,5.418711726547985563e+01,-1.250490778274416215e+01,-7.658565410822964381e+00,2.431810298410596261e+00,1.508112400592914959e+00,2.999928549209331496e+00
2.153338404181643284e+02,2.621337936090571361e+02,5.443531841221673773e+01,-1.038220008721217980e+01,-1.048214648269043359e+01,2.431810298410596261e+00,1.510140917487857060e+00,3.000052278466748490e+00
2.145763436662510912e+02,2.608979382313202109e+02,5.468375028234706292e+01,-7.430477629404058426e+00,-1.267771003375739447e+01,2.431810298410596261e+00,1.503342823985096777e+00,3.000034827748510047e+00
2.140922433303420007e+02,2.594019456554919429e+02,5.492324729777111258e+01,-4.372177235118025251e+00,-1.412349387177867577e+01,2.431810298410596261e+00,1.487758529805567997e+00,3.000000394678098203e+00
2.139645493234980620e+02,2.579863320163218532e+02,5.516033332660376232e+01,-5.477138823672837997e-01,-1.478186972169985403e+01,2.431810298410596261e+00,1.493915500362064330e+00,3.000132302927490002e+00
2.143695473280437795e+02,2.565250580501024160e+02,5.541246036294476340e+01,2.574606615641865659e+00,-1.453494031744383541e+01,2.431810298410596261e+00,1.472648543081053418e+00,2.999977814150260880e+00
2.149281996381506872e+02,2.551584631985492138e+02,5.564788017248260132e+01,6.317508989680012732e+00,-1.341352011704457148e+01,2.431810298410596261e+00,1.527817456788385764e+00,3.000004398931725103e+00
2.158969603040232812e+02,2.539694613740811349e+02,5.590199968680980191e+01,8.968678165644091038e+00,-1.156850283495534093e+01,2.431810298410596261e+00,1.488869786415757179e+00,3.000100041500249226e+00
2.169338820104407830e+02,2.531529545425041476e+02,5.614027007651110068e+01,1.159755145023642520e+01,-8.961029121888492099e+00,2.431810298410596261e+00,1.508473964570717918e+00,3.000142123589605969e+00
2.183579567501840870e+02,2.525250980697460363e+02,5.637324512290451395e+01,1.388693254173206881e+01,-5.889888520664675831e+00,2.431810298410596261e+00,1.500891288417014691e+00,2.999948271215009843e+00
2.198590635174873853e+02,2.523020708109758914e+02,5.662118635030269331e+01,1.478452670459704343e+01,-2.433769850875434848e+00,2.431810298410596261e+00,1.492153291786597835e+00,3.000137421084637435e+00
2.212591656587971727e+02,2.524203205203578761e+02,5.686929011839663417e+01,1.464468958704062373e+01,1.150315520034058236e+00,2.431810298410596261e+00,1.489759898770492752e+00,3.000053052453825142e+00
2.226876218793806572e+02,2.528239148350924950e+02,5.711444234392185137e+01,1.429652610314207983e+01,4.637911220011909919e+00,2.431810298410596261e+00,1.506574636726497829e+00,3.000077536162533587e+00
2.240142244933591655e+02,2.537526178137745205e+02,5.736012644569320429e+01,1.233927082816242660e+01,7.905096925704044430e+00,2.431810298410596261e+00,1.508731466271084232e+00,2.999767636536478932e+00
2.249794793904308960e+02,2.547903511477443601e+02,5.760164249667728598e+01,1.013662770968486804e+01,1.067238146564244339e+01,2.431810298410596261e+00,1.513884121035000252e+00,2.999716535611774315e+00
2.256334315102343169e+02,2.559382100223467660e+02,5.783378876006884184e+01,7.508491604163055833e+00,1.282929910464467227e+01,2.431810298410596261e+00,1.514990424167787175e+00,2.999999718124620518e+00
2.261013269771990792e+02,2.573886516020951944e+02,5.809154174146146943e+01,3.974711821432034942e+00,1.422198206543710874e+01,2.431810298410596261e+00,1.505131201031076893e+00,3.000261391578924020e+00
2.260299982611640530e+02,2.589730036763282897e+02,5.832347679802872165e+01,6.713467646488747720e-01,1.478184159391010333e+01,2.431810298410596261e+00,1.504995765381611506e+00,2.999849782457555847e+00
2.258986694621565618e+02,2.603647604162457583e+02,5.857004329888082594e+01,-3.079001578999009503e+00,1.447781132245494717e+01,2.431810298410596261e+00,1.499989901085113209e+00,2.999826698118912116e+00
2.251657725874448488e+02,2.617368534573373609e+02,5.881502771349526881e+01,-6.495625314764367886e+00,1.331018027070839160e+01,2.431810298410596261e+00,1.500948839523609690e+00,3.000010250298184022e+00
2.242388734438744109e+02,2.628499610450409136e+02,5.906272597673594049e+01,-9.342903002890718511e+00,1.135673283302532433e+01,2.431810298410596261e+00,1.503548423287509372e+00,3.000000380712189774e+00
2.230536300226183073e+02,2.636733201973253244e+02,5.929946203983203645e+01,-1.196790733592574796e+01,8.737822834793645299e+00,2.431810298410596261e+00,1.501425419136461104e+00,3.000100687170773384e+00
2.216497262512552311e+02,2.642255694998183913e+02,5.955159101118010057e+01,-1.368812979523745277e+01,5.636098141899132941e+00,2.431810298410596261e+00,1.511875557374439571e+00,2.999961637881318754e+00
2.202119893618034610e+02,2.644116062606055948e+02,5.979204707600548119e+01,-1.458737803758703855e+01,2.152034952296108195e+00,2.431810298410596261e+00,1.497990830632242698e+00,2.999927927884964873e+00
2.187695706835644955e+02,2.642907740100627620e+02,6.003405039747714511e+01,-1.519611553720052477e+01,-1.440040863539694627e+00,2.431810298410596261e+00,1.494621095620020990e+00,3.000048133963840513e+00
2.174529412115408320e+02,2.637778626214004589e+02,6.026673744285223222e+01,-1.408464646909672702e+01,-4.942822361449405122e+00,2.431810298410596261e+00,1.519350486968679581e+00,3.000008219070320337e+00
2.160528632837223597e+02,2.630751074586488585e+02,6.052928281485836237e+01,-1.255281704564166034e+01,-8.154143559092940308e+00,2.431810298410596261e+00,1.517869699019823271e+00,3.000144191380733627e+00
2.150616460382094886e+02,2.619143833360787994e+02,6.075789474404937351e+01,-9.750081881113031201e+00,-1.086955722346699460e+01,2.431810298410596261e+00,1.519587450935781625e+00,2.999646419956562671e+00
2.145561816181293011e+02,2.606742951091960094e+02,6.100459719285128557e+01,-7.055866916457362414e+00,-1.297131102456942031e+01,2.431810298410596261e+00,1.509144543337497035e+00,3.000144768906368942e+00
2.140255528557348441e+02,2.592159809505072303e+02,6.124429693680838938e+01,-3.740806438894106023e+00,-1.430627281884859769e+01,2.431810298410596261e+00,1.502895344074617778e+00,3.000062995989742909e+00
2.139587355543198441e+02,2.577304732728432555e+02,6.149503038675609901e+01,-1.900948191190394432e-01,-1.478559561679888645e+01,2.431810298410596261e+00,1.499313091825482003e+00,2.999696969296061777e+00
2.144225567790430205e+02,2.563134852787842988e+02,6.173766027679866397e+01,3.594703025976568878e+00,-1.441124004996811436e+01,2.431810298410596261e+00,1.499957866775901483e+00,3.000237600349519695e+00
2.149805171002580266e+02,2.550446456647429159e+02,6.198063945208507164e+01,6.833058103309949338e+00,-1.317314611754707165e+01,2.431810298410596261e+00,1.484648191934234474e+00,2.999970738976445173e+00
2.160162470543345989e+02,2.538513078160091254e+02,6.222169449031002131e+01,9.666423121176007882e+00,-1.114438256153549389e+01,2.431810298410596261e+00,1.512980393345115138e+00,2.999889552777438073e+00
2.173157554848573341e+02,2.530473717594040863e+02,6.246408755401824209e+01,1.208654733410893733e+01,-8.485353912196151427e+00,2.431810298410596261e+00,1.501212339865970469e+00,3.000301326176950667e+00
2.184998633538639581e+02,2.524140957582680187e+02,6.270581343276507624e+01,1.392864703826701245e+01,-5.327576171699171859e+00,2.431810298410596261e+00,1.502077300574113039e+00,2.999972402402697025e+00
2.200661637845832104e+02,2.522299610501016787e+02,6.294710132470023467e+01,1.470353461643517967e+01,-1.862821670312146960e+00,2.431810298410596261e+00,1.513105315362790915e+00,3.000244482513963806e+00
2.215853021869398560e+02,2.524898325834158754e+02,6.319644470742000664e+01,1.515513272263543243e+01,1.719618542638106540e+00,2.431810298410596261e+00,1.509627425383963661e+00,2.999821626084344661e+00
2.228548688682411125e+02,2.529585566734280064e+02,6.342657841089183535e+01,1.376773784326531924e+01,5.209674835523742331e+00,2.431810298410596261e+00,1.507296392722442313e+00,2.999897246402679407e+00
2.239561384403619968e+02,2.538207729520304952e+02,6.367249461854293457e+01,1.251029131346487766e+01,8.398081063408787017e+00,2.431810298410596261e+00,1.491456777324329908e+00,3.000031996886206365e+00
2.250157757533339691e+02,2.549400552870487502e+02,6.392102611702446069e+01,9.481270552251617190e+00,1.104148782253515293e+01,2.431810298410596261e+00,1.501875151197388680e+00,3.000021361190340130e+00
2.257114747049648997e+02,2.563038376093994088e+02,6.415891574620999904e+01,6.891585972252432413e+00,1.307810024025184248e+01,2.431810298410596261e+00,1.516897242176458604e+00,3.000060795660916657e+00
2.261949904938126963e+02,2.576333434318141258e+02,6.440759508752198315e+01,3.666078988552448958e+00,1.437725496720760354e+01,2.431810298410596261e+00,1.507094241483990515e+00,3.000254050165119590e+00
2.261587300424875480e+02,2.592816402449948896e+02,6.465265091660680241e+01,-3.729571441234126317e-01,1.478441655005672395e+01,2.431810298410596261e+00,1.515789155111509690e+00,2.999825500553180202e+00
2.256918721138750072e+02,2.605490460405891895e+02,6.489491217911565002e+01,-3.539994566001959164e+00,1.434343141304975511e+01,2.431810298410596261e+00,1.505894279080207232e+00,2.999847482238633400e+00
2.250283748790831169e+02,2.619492099706229169e+02,6.513414622652317121e+01,-6.829886739452216915e+00,1.303838392741431029e+01,2.431810298410596261e+00,1.479265801770770938e+00,3.000145183121270875e+00
2.240778483472654443e+02,2.629853842740789673e+02,6.537960499844571416e+01,-9.821070126706635151e+00,1.097436506263762013e+01,2.431810298410596261e+00,1.496515186177442391e+00,3.000171906222505402e+00
2.227118393158840490e+02,2.637140871452965598e+02,6.562144789171725279e+01,-1.188777847883830319e+01,8.257951551363614584e+00,2.431810298410596261e+00,1.496702035313339341e+00,3.000048479308112359e+00
2.214548944596060949e+02,2.644022705060934300e+02,6.586510680890866354e+01,-1.383200629098735313e+01,5.048278340159502164e+00,2.431810298410596261e+00,1.498727565980662257e+00,2.999984133021570631e+00
2.199235242222947306e+02,2.645982210670185282e+02,6.611185689913730812e+01,-1.459678766652836224e+01,1.570361463064865903e+00,2.431810298410596261e+00,1.511471883299428276e+00,2.999955922380000750e+00
2.185672430227720895e+02,2.642375418982870201e+02,6.635876048215970968e+01,-1.463976264510888292e+01,-1.993407888185816601e+00,2.431810298410596261e+00,1.493246047481664229e+00,3.000039762248671416e+00
2.172170348601066792e+02,2.637755564593570625e+02,6.659838313593937187e+01,-1.362732494829286090e+01,-5.503216996188231569e+00,2.431810298410596261e+00,1.507698624715397839e+00,2.999817863340975777e+00
2.159826753334988325e+02,2.627828223028122352e+02,6.683503154827955939e+01,-1.218182292498563157e+01,-8.630406218215476599e+00,2.431810298410596261e+00,1.491128198397511095e+00,3.000121076186324398e+00
2.151372875290317666e+02,2.617600808634018108e+02,6.708864704816471658e+01,-9.839315586391538915e+00,-1.125906267912194281e+01,2.431810298410596261e+00,1.487079016295761447e+00,2.999975147385271601e+00
2.143037495287609886e+02,2.604399660721199439e+02,6.733644869590028748e+01,-6.385822066218818094e+00,-1.323146781073300815e+01,2.431810298410596261e+00,1.514375368122259369e+00,2.999912462006555813e+00
2.140903168938444026e+02,2.589487668931779467e+02,6.757699948163735826e+01,-2.991463278936365100e+00,-1.444852947617419581e+01,2.431810298410596261e+00,1.515686174331230207e+00,2.999973120183793363e+00
2.139960822135705314e+02,2.575132369133163479e+02,6.781541717450632234e+01,4.897764606542103216e-01,-1.477245395518156457e+01,2.431810298410596261e+00,1.510015843525079227e+00,3.000216232169307773e+00
2.143714347569763277e+02,2.560545960250211124e+02,6.805095578003322032e+01,3.808346498529536994e+00,-1.427411714907407436e+01,2.431810298410596261e+00,1.483527369839365617e+00,3.000023247274723470e+00
2.152421645721918253e+02,2.547269971571925566e+02,6.829824917536492990e+01,7.098182366493630546e+00,-1.289927319844742648e+01,2.431810298410596261e+00,1.484685871117370271e+00,3.000296866421222397e+00
2.161400106533016015e+02,2.537151602075700225e+02,6.854238705189699488e+01,1.008947759642030562e+01,-1.080859254013579474e+01,2.431810298410596261e+00,1.492767437977727596e+00,3.000055128981415020e+00
2.173441090877710167e+02,2.529303077207381989e+02,6.878219405439195100e+01,1.184804596110572561e+01,-8.014420495429781965e+00,2.431810298410596261e+00,1.501085606864635213e+00,3.000042565963251029e+00
2.187952473087282215e+02,2.524204193959763529e+02,6.903326631149911918e+01,1.427530340677107290e+01,-4.771329406249184224e+00,2.431810298410596261e+00,1.514255910121811599e+00,2.999865901507896115e+00
2.203659058210554633e+02,2.523234244871088947e+02,6.903268481712350990e+01,1.428031282421863324e+01,-1.273680227624049754e+00,0.000000000000000000e+00,1.503726557475663750e+00,3.000170896735191217e+00
2.218215393894031706e+02,2.521669676641330966e+02,6.902666819077057880e+01,1.511985005127063175e+01,-1.255379502622926413e+00,0.000000000000000000e+00,1.490993061334066505e+00,3.000024425738303524e+00
2.231663742973565263e+02,2.520361514774321279e+02,6.903299394471555672e+01,1.481766535732725920e+01,-1.294817210525597506e+00,0.000000000000000000e+00,1.496683011148630671e+00,2.999962416100693474e+00
2.247160525311712718e+02,2.519360041315837577e+02,6.902479638752068070e+01,1.467268377419868308e+01,-1.271823041617476724e+00,0.000000000000000000e+00,1.519675470014762997e+00,3.000106612022042540e+00
2.261032509950165945e+02,2.517779529695603173e+02,6.902945043960171745e+01,1.478414695434780768e+01,-1.273693803470420161e+00,0.000000000000000000e+00,1.500241281888081701e+00,2.999950468764693845e+00
2.278409738500498918e+02,2.517285386790927930e+02,6.902133131142740297e+01,1.492715540184758005e+01,-1.254009404787589155e+00,0.000000000000000000e+00,1.510111622746050264e+00,2.999814702841515413e+00
2.291058674761074769e+02,2.514024179828874423e+02,6.902278584381349447e+01,1.460359211493789999e+01,-1.282019531924360578e+00,0.000000000000000000e+00,1.511502422474478191e+00,3.000351179551120850e+00
2.306819655986112139e+02,2.513154147180383120e+02,6.903340385399212664e+01,1.432235261812062355e+01,-1.318569675633931348e+00,0.000000000000000000e+00,1.501431232674818483e+00,2.999871688734428776e+00
2.323045081938080045e+02,2.512962208125297536e+02,6.902655586514856623e+01,1.465985078379466167e+01,-1.267540818615392029e+00,0.000000000000000000e+00,1.521585596333377755e+00,2.999747344617853084e+00
2.335251288421211200e+02,2.511214058484972327e+02,6.903420975684865368e+01,1.480812971071574324e+01,-1.277950388873324128e+00,0.000000000000000000e+00,1.500065155132892736e+00,3.000097175258440441e+00
2.350262947426126345e+02,2.511006535064345826e+02,6.902911234053036083e+01,1.478852111634409283e+01,-1.282551544698253831e+00,0.000000000000000000e+00,1.499071650228139152e+00,2.999982339891242855e+00
2.365871648548979067e+02,2.508921199618430080e+02,6.903339424438611616e+01,1.499126953194944178e+01,-1.257675543480563318e+00,0.000000000000000000e+00,1.500488206270375713e+00,2.999926777364988695e+00
2.380131728085262068e+02,2.508161843466860716e+02,6.903198052287027053e+01,1.442288252164586559e+01,-1.264945738212881032e+00,0.000000000000000000e+00,1.517446188733801771e+00,2.999968770479301661e+00
2.395132170762621229e+02,2.506301147937932399e+02,6.903800164636260206e+01,1.494233561888715300e+01,-1.315118478910515698e+00,0.000000000000000000e+00,1.511962027454378354e+00,3.000235395989547360e+00
2.409327306516353246e+02,2.504011859390186316e+02,6.902581701947839576e+01,1.465091594602228042e+01,-1.278460456549288304e+00,0.000000000000000000e+00,1.510343846855292327e+00,3.000004975949429387e+00
2.424156092439332895e+02,2.503053508696797280e+02,6.903138990145238552e+01,1.495546718158850652e+01,-1.291464204675904393e+00,0.000000000000000000e+00,1.499695930385229525e+00,2.999715913044259441e+00
2.438302385449950975e+02,2.502450257847650903e+02,6.903784030014681150e+01,1.463897257648531003e+01,-1.283748365020414228e+00,0.000000000000000000e+00,1.488985459324301264e+00,3.000061319949907546e+00
2.453156020592198274e+02,2.501359876423477999e+02,6.901634599271088177e+01,1.467954282656971188e+01,-1.273091725866522639e+00,0.000000000000000000e+00,1.498535726998659445e+00,3.000074477851498944e+00
2.468867593306293315e+02,2.499748945398154945e+02,6.903229523548706936e+01,1.485903351340389733e+01,-1.282870633776326486e+00,0.000000000000000000e+00,1.509768631992036481e+00,3.000273350169861075e+00
2.481547035673448249e+02,2.498724209711965329e+02,6.902838434311246374e+01,1.466831030335290009e+01,-1.276520397728200917e+00,0.000000000000000000e+00,1.490215945885682292e+00,2.999883286052987597e+00
2.498704618942350635e+02,2.496916308381680096e+02,6.903379628338785778e+01,1.451494516413971070e+01,-1.281582586593198458e+00,0.000000000000000000e+00,1.501314486539721660e+00,3.000332216758057058e+00
2.512851275134711955e+02,2.496450064756065501e+02,6.902316744096665957e+01,1.513963524149549578e+01,-1.292681564293350238e+00,0.000000000000000000e+00,1.493833908314027958e+00,3.000067813449986964e+00
2.527269228124306721e+02,2.494741143438855033e+02,6.902584769099316020e+01,1.485982378946385118e+01,-1.260085042591235327e+00,0.000000000000000000e+00,1.488649518182868281e+00,2.999978826224462658e+00
2.541713625813949022e+02,2.493083546296750797e+02,6.901952620411657335e+01,1.451164456108169887e+01,-1.288865611815171341e+00,0.000000000000000000e+00,1.522661638943125562e+00,3.000009547304840041e+00
2.556553357016128984e+02,2.492337874527543420e+02,6.902190573165853493e+01,1.428020001785582593e+01,-1.282166507856427939e+00,0.000000000000000000e+00,1.509912323118231647e+00,2.999802150647294052e+00
2.571171134870685364e+02,2.491531713572860838e+02,6.902657846703489497e+01,1.427506862549986444e+01,-1.300674900366210807e+00,0.000000000000000000e+00,1.504483736592412191e+00,3.000082647780480727e+00
2.585483969345744981e+02,2.489503175072928514e+02,6.903098605701238455e+01,1.487980494338776793e+01,-1.298618598387739187e+00,0.000000000000000000e+00,1.490577531283353796e+00,2.999803478664631484e+00
2.600670940465109311e+02,2.487843580419124407e+02,6.903045135701387380e+01,1.472770725986134721e+01,-1.265037069329164598e+00,0.000000000000000000e+00,1.502344256864168281e+00,3.000002648657635440e+00
2.616237346786761009e+02,2.486453215119027504e+02,6.901599719612292461e+01,1.528398027844654017e+01,-1.283054706649921162e+00,0.000000000000000000e+00,1.516526234191323486e+00,3.000010917963566115e+00
2.631046065524511164e+02,2.485897050975116258e+02,6.902707361531672348e+01,1.475487263657368864e+01,-1.243616897009084399e+00,0.000000000000000000e+00,1.499583058203983965e+00,2.999845236313467556e+00
2.644959240858919429e+02,2.484355086251467810e+02,6.902687370242726672e+01,1.461925950594716817e+01,-1.305077181545792664e+00,0.000000000000000000e+00,1.513642066470635372e+00,3.000243093451845144e+00
2.659504537570757066e+02,2.483446639193331578e+02,6.903499697101783283e+01,1.456764470626325370e+01,-1.294152479115258769e+00,0.000000000000000000e+00,1.502740112280372964e+00,2.999899615364534089e+00
2.674317985379502716e+02,2.481636268572384267e+02,6.903239859759388253e+01,1.527917316076266552e+01,-1.324624135694439930e+00,0.000000000000000000e+00,1.486299292186852083e+00,3.000069945984499054e+00
2.690402942750039870e+02,2.480849093044924984e+02,6.903266501807682687e+01,1.526316390238867093e+01,-1.350149548527803001e+00,0.000000000000000000e+00,1.503320409703169380e+00,2.999944697344946398e+00
2.706881202632475265e+02,2.479089648365590506e+02,6.902462836667255885e+01,1.550367970047532751e+01,-1.332088467357376960e+00,0.000000000000000000e+00,1.507541978494626234e+00,3.000043497197576681e+00
2.721042255469155293e+02,2.478034972998462706e+02,6.903102657988746671e+01,1.554696022191499871e+01,-1.360508650636552908e+00,0.000000000000000000e+00,1.510185850979608890e+00,2.999804257207236979e+00
2.738283907660259615e+02,2.477003455975589361e+02,6.903333419509715441e+01,1.541224242424560309e+01,-1.363765424280855010e+00,0.000000000000000000e+00,1.494588753316276719e+00,3.000002394114393400e+00
2.752671219276959960e+02,2.475190155345356970e+02,6.902138934614514199e+01,1.587570904812521100e+01,-1.390598919018945612e+00,0.000000000000000000e+00,1.494867838798503046e+00,3.000114547437281232e+00
2.770048267066454741e+02,2.474495583814704389e+02,6.903315920189668020e+01,1.595982073650633204e+01,-1.395870442076121654e+00,0.000000000000000000e+00,1.495061821894428267e+00,3.000125650356594509e+00
2.785639119636200576e+02,2.472575077996378639e+02,6.904086407653743152e+01,1.634162898691211296e+01,-1.424858421529781261e+00,0.000000000000000000e+00,1.519633531632541112e+00,2.999837266573325056e+00
2.802778898184767513e+02,2.470934614063991432e+02,6.902258573928536123e+01,1.651188313406400709e+01,-1.431668902610332861e+00,0.000000000000000000e+00,1.506373868708653418e+00,2.999808137359300186e+00
2.818176036064030541e+02,2.469797891513249795e+02,6.902997233203426219e+01,1.646843581981124061e+01,-1.417945798921775857e+00,0.000000000000000000e+00,1.502217933374507153e+00,2.999833335192884753e+00
2.835517166133542446e+02,2.468485346883618661e+02,6.903723083392281978e+01,1.634313719788816144e+01,-1.454520148828823078e+00,0.000000000000000000e+00,1.504177221041319124e+00,2.999753824629497245e+00
2.852184747815595074e+02,2.466515458007997097e+02,6.901979688168341909e+01,1.673891080868640202e+01,-1.449007841258910023e+00,0.000000000000000000e+00,1.509686177174891730e+00,2.999887553417232233e+00
2.868268031471527024e+02,2.464946889162898458e+02,6.902875912151189652e+01,1.724456219215782582e+01,-1.483122530838981268e+00,0.000000000000000000e+00,1.520785212619572224e+00,2.999913527011988101e+00
2.885425330840944298e+02,2.463602375008782133e+02,6.903358930812855476e+01,1.715640834745820342e+01,-1.493311210076219142e+00,0.000000000000000000e+00,1.487535494162814942e+00,2.999894771111299541e+00
2.902305652036804418e+02,2.461858618851324536e+02,6.902407542691595665e+01,1.731068056365887742e+01,-1.515137358708454896e+00,0.000000000000000000e+00,1.506310935337484613e+00,2.999960349973763041e+00
2.919977279808026651e+02,2.460760919774656657e+02,6.903238559599077462e+01,1.754510809311687325e+01,-1.512532740821577848e+00,0.000000000000000000e+00,1.501422540922138671e+00,2.999857467134249944e+00
2.937242883201610653e+02,2.458774922852113036e+02,6.902997813948739747e+01,1.720691121384290767e+01,-1.553681516280893682e+00,0.000000000000000000e+00,1.503576747889758147e+00,3.000053114152280376e+00
2.956959355869460069e+02,2.456858648538322996e+02,6.902544075562043702e+01,1.773752748053492923e+01,-1.575409953441993194e+00,0.000000000000000000e+00,1.491950659234007714e+00,2.999916074997834858e+00
2.973417829926788158e+02,2.456110824128684840e+02,6.902487633325779370e+01,1.795821445133458738e+01,-1.563706477622486268e+00,0.000000000000000000e+00,1.509897318887904127e+00,2.999929037556642086e+00
2.990009447830774434e+02,2.454713034219461179e+02,6.903190186454834532e+01,1.782300986428723277e+01,-1.590069401718841480e+00,0.000000000000000000e+00,1.492129404881274768e+00,3.000104778577409537e+00
3.009208356125832324e+02,2.453859175718762629e+02,6.901587611276437428e+01,1.806683821595849082e+01,-1.565573435774531008e+00,0.000000000000000000e+00,1.489789425275289902e+00,2.999990454336491474e+00
3.027490615429095442e+02,2.451183608631595803e+02,6.903062472800891669e+01,1.859627609355989364e+01,-1.596516745175525775e+00,0.000000000000000000e+00,1.503235478093242872e+00,3.000067390457417105e+00
3.044963011027023754e+02,2.449848603887802483e+02,6.903140598072619127e+01,1.827686757839761000e+01,-1.610422913750471530e+00,0.000000000000000000e+00,1.512313640192690656e+00,3.000082027009194796e+00
3.063608069701678005e+02,2.447631214541348470e+02,6.902653388436607429e+01,1.865454779258358187e+01,-1.609124252070643246e+00,0.000000000000000000e+00,1.502309942898395922e+00,3.000012491198399633e+00
3.083581041477485201e+02,2.446167835891718880e+02,6.903578133638920633e+01,1.837539177211165153e+01,-1.604697362143482353e+00,0.000000000000000000e+00,1.499598783003581071e+00,3.000043113552282925e+00
3.102951080986634338e+02,2.445199936772855551e+02,6.903777080072264027e+01,1.907310505293529346e+01,-1.615024535542573858e+00,0.000000000000000000e+00,1.494041475263048202e+00,2.999882239826504371e+00
3.121235031308991097e+02,2.442915160545830418e+02,6.902131036005503972e+01,1.861518762862719001e+01,-1.631675669874487644e+00,0.000000000000000000e+00,1.495269321718668110e+00,2.999904893974728370e+00
3.140395202656759466e+02,2.441577092240151785e+02,6.902388768768494742e+01,1.873332249438572106e+01,-1.646038892367016171e+00,0.000000000000000000e+00,1.485250769205398003e+00,2.999961658422235722e+00
3.159796120260455154e+02,2.440069285007172084e+02,6.902449178176681244e+01,1.916004334298031253e+01,-1.680592669021744312e+00,0.000000000000000000e+00,1.504574994922275533e+00,3.000158969039912638e+00
3.178517949021945697e+02,2.438961105124023447e+02,6.903430585232894146e+01,1.985362227102832477e+01,-1.648529209808219154e+00,0.000000000000000000e+00,1.490099322808043691e+00,2.999841660335278881e+00
3.198113418607870244e+02,2.435936685525189773e+02,6.903091141396065211e+01,1.951191904173957781e+01,-1.711526008084170991e+00,0.000000000000000000e+00,1.512558102820126926e+00,3.000203132263101757e+00
3.218450622793071716e+02,2.434453659263206760e+02,6.902570546670959573e+01,1.974465092407747946e+01,-1.698341873232356747e+00,0.000000000000000000e+00,1.512918530697076935e+00,2.999950433671579209e+00
3.238073444585583616e+02,2.432757211677484008e+02,6.902135903066178457e+01,1.946563824758861827e+01,-1.746339414535882817e+00,0.000000000000000000e+00,1.516110855734936758e+00,2.999877134120786160e+00
3.257141681514804645e+02,2.431974219128398431e+02,6.902350571900814202e+01,1.982017837353118850e+01,-1.754386535398604119e+00,0.000000000000000000e+00,1.504621190813681730e+00,3.000065433074317944e+00
3.277536243364386337e+02,2.429679454028295424e+02,6.902360742451408271e+01,1.990204100901362239e+01,-1.729256461174322856e+00,0.000000000000000000e+00,1.526170927394074894e+00,2.999867194584051155e+00
3.298719258110770056e+02,2.427709982933402273e+02,6.902706246964054060e+01,2.071803520847333502e+01,-1.756444429288342546e+00,0.000000000000000000e+00,1.512646509107731241e+00,2.999900567522850281e+00
3.319230970169473949e+02,2.426122162605901451e+02,6.902108067300675032e+01,2.027573710808108132e+01,-1.777558067770454553e+00,0.000000000000000000e+00,1.493574702080156857e+00,3.000221395020630233e+00
3.339586289302232558e+02,2.423612241934771134e+02,6.903896164130831892e+01,2.005477832409628647e+01,-1.781590553461727566e+00,0.000000000000000000e+00,1.524423841668207436e+00,3.000037051823805978e+00
3.360343167662717860e+02,2.422607939845499914e+02,6.903338903615532729e+01,2.090717334666084781e+01,-1.799732811578458547e+00,0.000000000000000000e+00,1.510774702665728553e+00,2.999741462546482662e+00
3.379926133433158384e+02,2.419857815442519779e+02,6.902731123512074873e+01,2.109174425331911706e+01,-1.810927673898673707e+00,0.000000000000000000e+00,1.504111987430413855e+00,3.000011743512316365e+00
3.402932907548695312e+02,2.418285013069678087e+02,6.903165987365828471e+01,2.060148024970171221e+01,-1.806550424171215141e+00,0.000000000000000000e+00,1.511567453890090285e+00,3.000064361195319940e+00
3.423725265662412767e+02,2.416858437817509753e+02,6.903241874606449358e+01,2.122912926755356722e+01,-1.844525937506749091e+00,0.000000000000000000e+00,1.490166587889840022e+00,2.999933066273738458e+00
3.444473688540095395e+02,2.414952686391852978e+02,6.902364457031792710e+01,2.168943509624865484e+01,-1.867685390563334380e+00,0.000000000000000000e+00,1.512317000441596893e+00,2.999969069197154337e+00
3.465604453968040843e+02,2.412240223887999093e+02,6.902747840380222044e+01,2.154734132950335024e+01,-1.856668463907899858e+00,0.000000000000000000e+00,1.509633981830800886e+00,2.999734207212374049e+00
3.488279494829462806e+02,2.410889128016539473e+02,6.902990342724453399e+01,2.132254494499429498e+01,-1.890397944735618729e+00,0.000000000000000000e+00,1.498884129203013282e+00,3.000189453641139536e+00
3.510225337702840989e+02,2.409483336734556360e+02,6.903349069083128597e+01,2.194190274404547836e+01,-1.876037626242511358e+00,0.000000000000000000e+00,1.497242307203240586e+00,3.000104458262490059e+00
3.531131171131734163e+02,2.408200037360816737e+02,6.902686636803856857e+01,2.189441968021984408e+01,-1.916939649700804438e+00,0.000000000000000000e+00,1.489250165214824673e+00,2.999856627174957158e+00
3.553245623122839447e+02,2.405162921924596446e+02,6.902593952471241323e+01,2.229736193273953049e+01,-1.913374552698066333e+00,0.000000000000000000e+00,1.494820101740512053e+00,3.000108852249778746e+00
3.575564788979883133e+02,2.403041677086037851e+02,6.903074123434772957e+01,2.260206181600204189e+01,-1.932305524653602724e+00,0.000000000000000000e+00,1.508974130828596660e+00,3.000177486662136683e+00
3.597595689229647178e+02,2.401401654073431189e+02,6.903344095849952566e+01,2.171923209392270238e+01,-1.954634352160446786e+00,0.000000000000000000e+00,1.516567970183190450e+00,2.999885963393752242e+00
3.620602258670390938e+02,2.398965353648159748e+02,6.902792593012799216e+01,2.228729642368820407e+01,-1.946583481261756843e+00,0.000000000000000000e+00,1.488754473475731199e+00,2.999827192302204182e+00
3.642506443727596661e+02,2.398505191141630064e+02,6.903155806314146048e+01,2.263602949453299473e+01,-1.947607784878020887e+00,0.000000000000000000e+00,1.475687609196147942e+00,3.000080858488742841e+00
3.665351184500005388e+02,2.395564554337940706e+02,6.902022689062582117e+01,2.268236881041633524e+01,-1.953322394064962886e+00,0.000000000000000000e+00,1.490020610298853576e+00,3.000099570983593811e+00
3.688887518337141955e+02,2.393690996116545477e+02,6.903699853643701090e+01,2.299243565421788915e+01,-1.993753328265183367e+00,0.000000000000000000e+00,1.481464948018557104e+00,3.000165363932323803e+00
3.711372065652284391e+02,2.391477617598611118e+02,6.903875423077862195e+01,2.283677891937443505e+01,-1.990580030545213264e+00,0.000000000000000000e+00,1.496756564374605691e+00,2.999955773367894540e+00
3.735071302433649976e+02,2.389480348023899126e+02,6.903364537268819845e+01,2.324034423097087299e+01,-2.024972357691529723e+00,0.000000000000000000e+00,1.506821042753771156e+00,3.000290879483611839e+00
3.758689137948991856e+02,2.387785380230356225e+02,6.902963446270699421e+01,2.309329503574052112e+01,-2.028847474103240067e+00,0.000000000000000000e+00,1.519347217752160306e+00,2.999976677122918378e+00
3.782576294167291167e+02,2.386140056693379847e+02,6.903381793552715351e+01,2.363148570270947957e+01,-2.047350159343347631e+00,0.000000000000000000e+00,1.493377989859120181e+00,3.000167129346614114e+00
3.805229059042217727e+02,2.383586299491903446e+02,6.902392434678304767e+01,2.415914479541043036e+01,-2.062822940171542108e+00,0.000000000000000000e+00,1.512643216992493489e+00,3.000036703914046754e+00
3.828820766175413155e+02,2.381328711023589904e+02,6.901746709499170152e+01,2.386540846028196583e+01,-2.054928400752964013e+00,0.000000000000000000e+00,1.493849661153571429e+00,2.999960000436088237e+00
3.854550343079153549e+02,2.379676485865277584e+02,6.902703758079070440e+01,2.398371749992725199e+01,-2.087737743976690652e+00,0.000000000000000000e+00,1.484825640579849670e+00,2.999926802149774030e+00
3.877523230294545442e+02,2.376723551092210300e+02,6.903861373580777183e+01,2.390976325865621988e+01,-2.081528928813680235e+00,0.000000000000000000e+00,1.491981935684064009e+00,2.999902375462524695e+00
3.901454565292548295e+02,2.375403334372961979e+02,6.903117595740185664e+01,2.427038101067358156e+01,-2.109710984239372422e+00,0.000000000000000000e+00,1.506318559135886748e+00,2.999949030407738526e+00
3.926645277139882637e+02,2.373087130360835602e+02,6.902908864075548934e+01,2.461300841253189020e+01,-2.123770860375086666e+00,0.000000000000000000e+00,1.521736808897309334e+00,3.000096259647827779e+00
3.950309475354953861e+02,2.371178029221550503e+02,6.902700563439394443e+01,2.426345111537246879e+01,-2.118525360939600422e+00,0.000000000000000000e+00,1.523685484163470161e+00,3.000035417194095277e+00
3.976022642543242682e+02,2.368689161259610501e+02,6.902827429526548997e+01,2.465117327716968987e+01,-2.120904347374275467e+00,0.000000000000000000e+00,1.502881466280088452e+00,2.999640785104107810e+00
4.000683107097837592e+02,2.366192168913011074e+02,6.903731863882916286e+01,2.471663501168153587e+01,-2.169718896123832064e+00,0.000000000000000000e+00,1.512978536706866217e+00,2.999833402261580684e+00
4.026011154021908851e+02,2.363813327930009791e+02,6.902397672341514578e+01,2.487278495842177861e+01,-2.164682807909859896e+00,0.000000000000000000e+00,1.500510765924720546e+00,3.000070541040471550e+00
4.051014692964425876e+02,2.362348181241423504e+02,6.903429610250117321e+01,2.519048667859302171e+01,-2.175289257808976195e+00,0.000000000000000000e+00,1.504345827669699487e+00,3.000039193147392425e+00
4.075531836257259783e+02,2.360836169304092778e+02,6.903232228461627074e+01,2.511285518211185419e+01,-2.166032826417096047e+00,0.000000000000000000e+00,1.483982297119502913e+00,3.000083636533657394e+00
4.100565845269421175e+02,2.357596088794069829e+02,6.903280670500902261e+01,2.580428291701289822e+01,-2.221098566615612224e+00,0.000000000000000000e+00,1.516423688328254027e+00,3.000171322653608641e+00
4.125650255067558305e+02,2.356085582294603000e+02,6.903001896034861318e+01,2.560836605565258495e+01,-2.212803821587851605e+00,0.000000000000000000e+00,1.516924178287826885e+00,2.999923503222540422e+00
4.153045857662278877e+02,2.353870372935351156e+02,6.902134279132572203e+01,2.546327184252174192e+01,-2.243916184058501351e+00,0.000000000000000000e+00,1.520910197147292475e+00,3.000123773431563112e+00
4.177562949290152687e+02,2.351871827059245561e+02,6.902916421083621401e+01,2.638287698688229099e+01,-2.257381353904648780e+00,0.000000000000000000e+00,1.484470932776756680e+00,2.999748323180834841e+00
4.203918894632231513e+02,2.348553208540314472e+02,6.902134643991232110e+01,2.598346951830266605e+01,-2.260893329155543974e+00,0.000000000000000000e+00,1.491242811710583815e+00,2.999974376145729593e+00
4.229351823106691768e+02,2.346591803070530489e+02,6.901780419151877766e+01,2.642675663561149690e+01,-2.262820123464495126e+00,0.000000000000000000e+00,1.488140995269810807e+00,3.000040717635561904e+00
4.256652374038093853e+02,2.344513153359515343e+02,6.903557596995325696e+01,2.620102766482885315e+01,-2.272422415852906941e+00,0.000000000000000000e+00,1.485711746533450173e+00,2.999880112176498859e+00
4.282714830039865888e+02,2.342744158347664154e+02,6.901695067969653508e+01,2.648838642336692573e+01,-2.311443503276436662e+00,0.000000000000000000e+00,1.498187295766017169e+00,3.000231025026097065e+00
4.310057735044939591e+02,2.339631800742741348e+02,6.902806556831568230e+01,2.677620481888013160e+01,-2.296602883241340987e+00,0.000000000000000000e+00,1.520340836953899766e+00,2.999940110216081646e+00
4.336151909353619089e+02,2.337857792099813992e+02,6.902958332863552471e+01,2.676335103137008886e+01,-2.330065331185381616e+00,0.000000000000000000e+00,1.501745213918958211e+00,2.999919150328324235e+00
4.363636240772801784e+02,2.335585578824837114e+02,6.901772020207179992e+01,2.652931699545730737e+01,-2.308415387369012528e+00,0.000000000000000000e+00,1.505788619633981362e+00,2.999929739480864832e+00
4.390483609728290730e+02,2.332437513939188136e+02,6.903259668214535338e+01,2.673638232669978620e+01,-2.355138695015206451e+00,0.000000000000000000e+00,1.509461318715166644e+00,2.999865816742837588e+00
4.418259068793917663e+02,2.330470648403785390e+02,6.902948787563521194e+01,2.733817728468980590e+01,-2.363043546905825298e+00,0.000000000000000000e+00,1.516814593870509986e+00,3.000066535003083956e+00
4.445337754335163254e+02,2.328425669054851710e+02,6.903798687705960901e+01,2.732641387041691061e+01,-2.335776227261638027e+00,0.000000000000000000e+00,1.520782175156158766e+00,3.000060747738941380e+00
4.472748660773162896e+02,2.325321451937927009e+02,6.902606669768165659e+01,2.712600105067893708e+01,-2.403628843862314124e+00,0.000000000000000000e+00,1.493400960906295483e+00,2.999971637231919175e+00
4.499555254608338828e+02,2.323371449825544062e+02,6.902790764912118959e+01,2.745856814631545717e+01,-2.425726870951058434e+00,0.000000000000000000e+00,1.489611056136895595e+00,3.000155594891454669e+00
4.527639674450373377e+02,2.321476621021853646e+02,6.904581805069359746e+01,2.802885293166023573e+01,-2.396491023369276885e+00,0.000000000000000000e+00,1.505502385750249861e+00,3.000034634905729192e+00
4.555332450086168024e+02,2.317990449025097064e+02,6.902568377347948569e+01,2.782217321199339111e+01,-2.413726507909054408e+00,0.000000000000000000e+00,1.489054302889254000e+00,3.000138652579161569e+00
4.583228250763010010e+02,2.316049777697412253e+02,6.903164517781091547e+01,2.818131156700122730e+01,-2.448294331168796578e+00,0.000000000000000000e+00,1.505517536014915558e+00,3.000124576238285101e+00
4.611651239988623274e+02,2.313502039135781843e+02,6.902804224683610812e+01,2.814991563126988083e+01,-2.447048092145587717e+00,0.000000000000000000e+00,1.487571653391234872e+00,2.999995870419062349e+00
4.639889755404144580e+02,2.310779484588771311e+02,6.902463250785766036e+01,2.828435712638629695e+01,-2.429417474741162764e+00,0.000000000000000000e+00,1.495899564767009471e+00,3.000142843844689100e+00
4.668463147612345097e+02,2.308584559637926930e+02,6.903714288483517691e+01,2.848442194869823041e+01,-2.469461980134453505e+00,0.000000000000000000e+00,1.503183953486724178e+00,3.000185637670589767e+00
4.697639617694884464e+02,2.307045564875434991e+02,6.903106352104732935e+01,2.866392327332160761e+01,-2.472465203911875964e+00,0.000000000000000000e+00,1.474934457909183649e+00,2.999948873326277798e+00
4.724754246996122333e+02,2.304783586205484482e+02,6.902115018627925735e+01,2.849333644949821931e+01,-2.473456585633910798e+00,0.000000000000000000e+00,1.488843787449436906e+00,2.999957702016013972e+00
4.756985089903332096e+02,2.300963624519505117e+02,6.903142273542509599e+01,2.894662078572568831e+01,-2.517345501377887373e+00,0.000000000000000000e+00,1.497061744514875947e+00,3.000134285430319014e+00
4.784380369529533255e+02,2.299030163238543878e+02,6.902107143770309960e+01,2.914166535420238091e+01,-2.531305215950473642e+00,0.000000000000000000e+00,1.519106823385950600e+00,2.999943447364373128e+00
4.813712098332298410e+02,2.296170957152385768e+02,6.902952579586613524e+01,2.930564906011444037e+01,-2.522959124527291319e+00,0.000000000000000000e+00,1.500511944230565664e+00,3.000012933062726095e+00
4.842622983465422521e+02,2.293517560446916264e+02,6.902360981868443446e+01,2.931803229549556278e+01,-2.567351607441836325e+00,0.000000000000000000e+00,1.488892763096890892e+00,2.999990575643399993e+00
