5.190289357974378248e+01,9.026455936782431522e+00,-1.408505066870212818e+00,0.000000000000000000e+00,0.000000000000000000e+00,0.000000000000000000e+00,4.109194696292269633e+00,3.984265465927883110e+00
5.200645211678721580e+01,8.393965030766480595e+00,-1.408505066870212818e+00,1.035585370434301877e+00,-6.324909060159500385e+00,0.000000000000000000e+00,4.109194696292269633e+00,3.984265465927883110e+00
5.211001065383064912e+01,7.761474124750530557e+00,-1.408505066870212818e+00,1.035585370434301877e+00,-6.324909060159500385e+00,0.000000000000000000e+00,4.109194696292269633e+00,3.984265465927883110e+00
5.221356919087408244e+01,7.128983218734580518e+00,-1.408505066870212818e+00,1.035585370434301877e+00,-6.324909060159500385e+00,0.000000000000000000e+00,4.109194696292269633e+00,3.984265465927883110e+00
5.231712772791751576e+01,6.496492312718630480e+00,-1.408505066870212818e+00,1.035585370434301877e+00,-6.324909060159500385e+00,0.000000000000000000e+00,4.109194696292269633e+00,3.984265465927883110e+00
5.242068626496094907e+01,5.864001406702680441e+00,-1.408505066870212818e+00,1.035585370434301877e+00,-6.324909060159500385e+00,0.000000000000000000e+00,4.109194696292269633e+00,3.984265465927883110e+00
5.252424480200438239e+01,5.231510500686730403e+00,-1.408505066870212818e+00,1.035585370434301877e+00,-6.324909060159500385e+00,0.000000000000000000e+00,4.109194696292269633e+00,3.984265465927883110e+00
5.262780333904781571e+01,4.599019594670780364e+00,-1.408505066870212818e+00,1.035585370434301877e+00,-6.324909060159500385e+00,0.000000000000000000e+00,4.109194696292269633e+00,3.984265465927883110e+00
5.273136187609124903e+01,3.966528688654830326e+00,-1.408505066870212818e+00,1.035585370434301877e+00,-6.324909060159500385e+00,0.000000000000000000e+00,4.109194696292269633e+00,3.984265465927883110e+00
5.283492041313468235e+01,3.334037782638880287e+00,-1.408505066870212818e+00,1.035585370434301877e+00,-6.324909060159500385e+00,0.000000000000000000e+00,4.109194696292269633e+00,3.984265465927883110e+00
5.293847895017811567e+01,2.701546876622930249e+00,-1.408505066870212818e+00,1.035585370434301877e+00,-6.324909060159500385e+00,0.000000000000000000e+00,4.109194696292269633e+00,3.984265465927883110e+00
5.304203748722154899e+01,2.069055970606980210e+00,-1.408505066870212818e+00,1.035585370434301877e+00,-6.324909060159500385e+00,0.000000000000000000e+00,4.109194696292269633e+00,3.984265465927883110e+00
5.314559602426498230e+01,1.436565064591030172e+00,-1.408505066870212818e+00,1.035585370434301877e+00,-6.324909060159500385e+00,0.000000000000000000e+00,4.109194696292269633e+00,3.984265465927883110e+00
5.324915456130841562e+01,8.040741585750801335e-01,-1.408505066870212818e+00,1.035585370434301877e+00,-6.324909060159500385e+00,0.000000000000000000e+00,4.109194696292269633e+00,3.984265465927883110e+00
5.335271309835184894e+01,1.715832525591300950e-01,-1.408505066870212818e+00,1.035585370434301877e+00,-6.324909060159500385e+00,0.000000000000000000e+00,4.109194696292269633e+00,3.984265465927883110e+00
5.345627163539528226e+01,-4.609076534568199435e-01,-1.408505066870212818e+00,1.035585370434301877e+00,-6.324909060159500385e+00,0.000000000000000000e+00,4.109194696292269633e+00,3.984265465927883110e+00
5.355983017243871558e+01,-1.093398559472769982e+00,-1.408505066870212818e+00,1.035585370434301877e+00,-6.324909060159500385e+00,0.000000000000000000e+00,4.109194696292269633e+00,3.984265465927883110e+00
5.366338870948214890e+01,-1.725889465488720020e+00,-1.408505066870212818e+00,1.035585370434301877e+00,-6.324909060159500385e+00,0.000000000000000000e+00,4.109194696292269633e+00,3.984265465927883110e+00
5.376694724652558222e+01,-2.358380371504670059e+00,-1.408505066870212818e+00,1.035585370434301877e+00,-6.324909060159500385e+00,0.000000000000000000e+00,4.109194696292269633e+00,3.984265465927883110e+00
5.387050578356901553e+01,-2.990871277520620097e+00,-1.408505066870212818e+00,1.035585370434301877e+00,-6.324909060159500385e+00,0.000000000000000000e+00,4.109194696292269633e+00,3.984265465927883110e+00
5.397406432061244885e+01,-3.623362183536570136e+00,-1.408505066870212818e+00,1.035585370434301877e+00,-6.324909060159500385e+00,0.000000000000000000e+00,4.109194696292269633e+00,3.984265465927883110e+00
5.407762285765588217e+01,-4.255853089552520174e+00,-1.408505066870212818e+00,1.035585370434301877e+00,-6.324909060159500385e+00,0.000000000000000000e+00,4.109194696292269633e+00,3.984265465927883110e+00
5.418118139469931549e+01,-4.888343995568470213e+00,-1.408505066870212818e+00,1.035585370434301877e+00,-6.324909060159500385e+00,0.000000000000000000e+00,4.109194696292269633e+00,3.984265465927883110e+00
5.428473993174274881e+01,-5.520834901584420251e+00,-1.408505066870212818e+00,1.035585370434301877e+00,-6.324909060159500385e+00,0.000000000000000000e+00,4.109194696292269633e+00,3.984265465927883110e+00
5.438829846878618213e+01,-6.153325807600370290e+00,-1.408505066870212818e+00,1.035585370434301877e+00,-6.324909060159500385e+00,0.000000000000000000e+00,4.109194696292269633e+00,3.984265465927883110e+00
5.449185700582961545e+01,-6.785816713616320328e+00,-1.408505066870212818e+00,1.035585370434301877e+00,-6.324909060159500385e+00,0.000000000000000000e+00,4.109194696292269633e+00,3.984265465927883110e+00
5.459541554287304876e+01,-7.418307619632270367e+00,-1.408505066870212818e+00,1.035585370434301877e+00,-6.324909060159500385e+00,0.000000000000000000e+00,4.109194696292269633e+00,3.984265465927883110e+00
5.469897407991648208e+01,-8.050798525648220405e+00,-1.408505066870212818e+00,1.035585370434301877e+00,-6.324909060159500385e+00,0.000000000000000000e+00,4.109194696292269633e+00,3.984265465927883110e+00
5.480253261695991540e+01,-8.683289431664171332e+00,-1.408505066870212818e+00,1.035585370434301877e+00,-6.324909060159500385e+00,0.000000000000000000e+00,4.109194696292269633e+00,3.984265465927883110e+00
5.490609115400334872e+01,-9.315780337680120482e+00,-1.408505066870212818e+00,1.035585370434301877e+00,-6.324909060159500385e+00,0.000000000000000000e+00,4.109194696292269633e+00,3.984265465927883110e+00
5.500964969104678204e+01,-9.948271243696069632e+00,-1.408505066870212818e+00,1.035585370434301877e+00,-6.324909060159500385e+00,0.000000000000000000e+00,4.109194696292269633e+00,3.984265465927883110e+00
5.511320822809021536e+01,-1.058076214971201878e+01,-1.408505066870212818e+00,1.035585370434301877e+00,-6.324909060159500385e+00,0.000000000000000000e+00,4.109194696292269633e+00,3.984265465927883110e+00
5.521676676513364868e+01,-1.121325305572796793e+01,-1.408505066870212818e+00,1.035585370434301877e+00,-6.324909060159500385e+00,0.000000000000000000e+00,4.109194696292269633e+00,3.984265465927883110e+00
5.532032530217708199e+01,-1.184574396174391708e+01,-1.408505066870212818e+00,1.035585370434301877e+00,-6.324909060159500385e+00,0.000000000000000000e+00,4.109194696292269633e+00,3.984265465927883110e+00
5.542388383922051531e+01,-1.247823486775986623e+01,-1.408505066870212818e+00,1.035585370434301877e+00,-6.324909060159500385e+00,0.000000000000000000e+00,4.109194696292269633e+00,3.984265465927883110e+00
5.552744237626394863e+01,-1.311072577377581538e+01,-1.408505066870212818e+00,1.035585370434301877e+00,-6.324909060159500385e+00,0.000000000000000000e+00,4.109194696292269633e+00,3.984265465927883110e+00
5.563100091330738195e+01,-1.374321667979176453e+01,-1.408505066870212818e+00,1.035585370434301877e+00,-6.324909060159500385e+00,0.000000000000000000e+00,4.109194696292269633e+00,3.984265465927883110e+00
5.573455945035081527e+01,-1.437570758580771368e+01,-1.408505066870212818e+00,1.035585370434301877e+00,-6.324909060159500385e+00,0.000000000000000000e+00,4.109194696292269633e+00,3.984265465927883110e+00
5.583811798739424859e+01,-1.500819849182366283e+01,-1.408505066870212818e+00,1.035585370434301877e+00,-6.324909060159500385e+00,0.000000000000000000e+00,4.109194696292269633e+00,3.984265465927883110e+00
5.594167652443768191e+01,-1.564068939783961198e+01,-1.408505066870212818e+00,1.035585370434301877e+00,-6.324909060159500385e+00,0.000000000000000000e+00,4.109194696292269633e+00,3.984265465927883110e+00
5.604523506148111522e+01,-1.627318030385556114e+01,-1.408505066870212818e+00,1.035585370434301877e+00,-6.324909060159500385e+00,0.000000000000000000e+00,4.109194696292269633e+00,3.984265465927883110e+00
5.614879359852454854e+01,-1.690567120987151029e+01,-1.408505066870212818e+00,1.035585370434301877e+00,-6.324909060159500385e+00,0.000000000000000000e+00,4.109194696292269633e+00,3.984265465927883110e+00
5.625235213556798186e+01,-1.753816211588745944e+01,-1.408505066870212818e+00,1.035585370434301877e+00,-6.324909060159500385e+00,0.000000000000000000e+00,4.109194696292269633e+00,3.984265465927883110e+00
5.635591067261141518e+01,-1.817065302190340859e+01,-1.408505066870212818e+00,1.035585370434301877e+00,-6.324909060159500385e+00,0.000000000000000000e+00,4.109194696292269633e+00,3.984265465927883110e+00
5.645946920965484850e+01,-1.880314392791935774e+01,-1.408505066870212818e+00,1.035585370434301877e+00,-6.324909060159500385e+00,0.000000000000000000e+00,4.109194696292269633e+00,3.984265465927883110e+00
5.656302774669828182e+01,-1.943563483393530689e+01,-1.408505066870212818e+00,1.035585370434301877e+00,-6.324909060159500385e+00,0.000000000000000000e+00,4.109194696292269633e+00,3.984265465927883110e+00
5.666658628374171514e+01,-2.006812573995125604e+01,-1.408505066870212818e+00,1.035585370434301877e+00,-6.324909060159500385e+00,0.000000000000000000e+00,4.109194696292269633e+00,3.984265465927883110e+00
5.677014482078514845e+01,-2.070061664596720519e+01,-1.408505066870212818e+00,1.035585370434301877e+00,-6.324909060159500385e+00,0.000000000000000000e+00,4.109194696292269633e+00,3.984265465927883110e+00
5.687370335782858177e+01,-2.133310755198315434e+01,-1.408505066870212818e+00,1.035585370434301877e+00,-6.324909060159500385e+00,0.000000000000000000e+00,4.109194696292269633e+00,3.984265465927883110e+00
5.697726189487201509e+01,-2.196559845799910349e+01,-1.408505066870212818e+00,1.035585370434301877e+00,-6.324909060159500385e+00,0.000000000000000000e+00,4.109194696292269633e+00,3.984265465927883110e+00
5.708082043191544841e+01,-2.259808936401505264e+01,-1.408505066870212818e+00,1.035585370434301877e+00,-6.324909060159500385e+00,0.000000000000000000e+00,4.109194696292269633e+00,3.984265465927883110e+00
5.718437896895888173e+01,-2.323058027003100179e+01,-1.408505066870212818e+00,1.035585370434301877e+00,-6.324909060159500385e+00,0.000000000000000000e+00,4.109194696292269633e+00,3.984265465927883110e+00
5.728793750600231505e+01,-2.386307117604695094e+01,-1.408505066870212818e+00,1.035585370434301877e+00,-6.324909060159500385e+00,0.000000000000000000e+00,4.109194696292269633e+00,3.984265465927883110e+00
5.739149604304574837e+01,-2.449556208206290009e+01,-1.408505066870212818e+00,1.035585370434301877e+00,-6.324909060159500385e+00,0.000000000000000000e+00,4.109194696292269633e+00,3.984265465927883110e+00
5.749505458008918168e+01,-2.512805298807884924e+01,-1.408505066870212818e+00,1.035585370434301877e+00,-6.324909060159500385e+00,0.000000000000000000e+00,4.109194696292269633e+00,3.984265465927883110e+00
5.759861311713261500e+01,-2.576054389409479839e+01,-1.408505066870212818e+00,1.035585370434301877e+00,-6.324909060159500385e+00,0.000000000000000000e+00,4.109194696292269633e+00,3.984265465927883110e+00
5.770217165417604832e+01,-2.639303480011074754e+01,-1.408505066870212818e+00,1.035585370434301877e+00,-6.324909060159500385e+00,0.000000000000000000e+00,4.109194696292269633e+00,3.984265465927883110e+00
5.780573019121948164e+01,-2.702552570612669669e+01,-1.408505066870212818e+00,1.035585370434301877e+00,-6.324909060159500385e+00,0.000000000000000000e+00,4.109194696292269633e+00,3.984265465927883110e+00
5.790928872826291496e+01,-2.765801661214264584e+01,-1.408505066870212818e+00,1.035585370434301877e+00,-6.324909060159500385e+00,0.000000000000000000e+00,4.109194696292269633e+00,3.984265465927883110e+00
5.801284726530634828e+01,-2.829050751815859499e+01,-1.408505066870212818e+00,1.035585370434301877e+00,-6.324909060159500385e+00,0.000000000000000000e+00,4.109194696292269633e+00,3.984265465927883110e+00
5.811640580234978160e+01,-2.892299842417454414e+01,-1.408505066870212818e+00,1.035585370434301877e+00,-6.324909060159500385e+00,0.000000000000000000e+00,4.109194696292269633e+00,3.984265465927883110e+00
5.821996433939321491e+01,-2.955548933019049329e+01,-1.408505066870212818e+00,1.035585370434301877e+00,-6.324909060159500385e+00,0.000000000000000000e+00,4.109194696292269633e+00,3.984265465927883110e+00
5.832352287643664823e+01,-3.018798023620644244e+01,-1.408505066870212818e+00,1.035585370434301877e+00,-6.324909060159500385e+00,0.000000000000000000e+00,4.109194696292269633e+00,3.984265465927883110e+00
5.842708141348008155e+01,-3.082047114222239159e+01,-1.408505066870212818e+00,1.035585370434301877e+00,-6.324909060159500385e+00,0.000000000000000000e+00,4.109194696292269633e+00,3.984265465927883110e+00
5.853063995052351487e+01,-3.145296204823834074e+01,-1.408505066870212818e+00,1.035585370434301877e+00,-6.324909060159500385e+00,0.000000000000000000e+00,4.109194696292269633e+00,3.984265465927883110e+00
5.863419848756694819e+01,-3.208545295425429345e+01,-1.408505066870212818e+00,1.035585370434301877e+00,-6.324909060159500385e+00,0.000000000000000000e+00,4.109194696292269633e+00,3.984265465927883110e+00
5.873775702461038151e+01,-3.271794386027024615e+01,-1.408505066870212818e+00,1.035585370434301877e+00,-6.324909060159500385e+00,0.000000000000000000e+00,4.109194696292269633e+00,3.984265465927883110e+00
5.884131556165381483e+01,-3.335043476628619885e+01,-1.408505066870212818e+00,1.035585370434301877e+00,-6.324909060159500385e+00,0.000000000000000000e+00,4.109194696292269633e+00,3.984265465927883110e+00
5.894487409869724814e+01,-3.398292567230215155e+01,-1.408505066870212818e+00,1.035585370434301877e+00,-6.324909060159500385e+00,0.000000000000000000e+00,4.109194696292269633e+00,3.984265465927883110e+00
5.904843263574068146e+01,-3.461541657831810426e+01,-1.408505066870212818e+00,1.035585370434301877e+00,-6.324909060159500385e+00,0.000000000000000000e+00,4.109194696292269633e+00,3.984265465927883110e+00
5.915199117278411478e+01,-3.524790748433405696e+01,-1.408505066870212818e+00,1.035585370434301877e+00,-6.324909060159500385e+00,0.000000000000000000e+00,4.109194696292269633e+00,3.984265465927883110e+00
5.925554970982754810e+01,-3.588039839035000966e+01,-1.408505066870212818e+00,1.035585370434301877e+00,-6.324909060159500385e+00,0.000000000000000000e+00,4.109194696292269633e+00,3.984265465927883110e+00
5.935910824687098142e+01,-3.651288929636596237e+01,-1.408505066870212818e+00,1.035585370434301877e+00,-6.324909060159500385e+00,0.000000000000000000e+00,4.109194696292269633e+00,3.984265465927883110e+00
5.946266678391441474e+01,-3.714538020238191507e+01,-1.408505066870212818e+00,1.035585370434301877e+00,-6.324909060159500385e+00,0.000000000000000000e+00,4.109194696292269633e+00,3.984265465927883110e+00
5.956622532095784806e+01,-3.777787110839786777e+01,-1.408505066870212818e+00,1.035585370434301877e+00,-6.324909060159500385e+00,0.000000000000000000e+00,4.109194696292269633e+00,3.984265465927883110e+00
5.966978385800128137e+01,-3.841036201441382048e+01,-1.408505066870212818e+00,1.035585370434301877e+00,-6.324909060159500385e+00,0.000000000000000000e+00,4.109194696292269633e+00,3.984265465927883110e+00
5.977334239504471469e+01,-3.904285292042977318e+01,-1.408505066870212818e+00,1.035585370434301877e+00,-6.324909060159500385e+00,0.000000000000000000e+00,4.109194696292269633e+00,3.984265465927883110e+00
5.987690093208814801e+01,-3.967534382644572588e+01,-1.408505066870212818e+00,1.035585370434301877e+00,-6.324909060159500385e+00,0.000000000000000000e+00,4.109194696292269633e+00,3.984265465927883110e+00
5.998045946913158133e+01,-4.030783473246167858e+01,-1.408505066870212818e+00,1.035585370434301877e+00,-6.324909060159500385e+00,0.000000000000000000e+00,4.109194696292269633e+00,3.984265465927883110e+00
6.008401800617501465e+01,-4.094032563847763129e+01,-1.408505066870212818e+00,1.035585370434301877e+00,-6.324909060159500385e+00,0.000000000000000000e+00,4.109194696292269633e+00,3.984265465927883110e+00
6.018757654321844797e+01,-4.157281654449358399e+01,-1.408505066870212818e+00,1.035585370434301877e+00,-6.324909060159500385e+00,0.000000000000000000e+00,4.109194696292269633e+00,3.984265465927883110e+00
6.029113508026188128e+01,-4.220530745050953669e+01,-1.408505066870212818e+00,1.035585370434301877e+00,-6.324909060159500385e+00,0.000000000000000000e+00,4.109194696292269633e+00,3.984265465927883110e+00
6.039469361730531460e+01,-4.283779835652548940e+01,-1.408505066870212818e+00,1.035585370434301877e+00,-6.324909060159500385e+00,0.000000000000000000e+00,4.109194696292269633e+00,3.984265465927883110e+00
6.049825215434874792e+01,-4.347028926254144210e+01,-1.408505066870212818e+00,1.035585370434301877e+00,-6.324909060159500385e+00,0.000000000000000000e+00,4.109194696292269633e+00,3.984265465927883110e+00
6.060181069139218124e+01,-4.410278016855739480e+01,-1.408505066870212818e+00,1.035585370434301877e+00,-6.324909060159500385e+00,0.000000000000000000e+00,4.109194696292269633e+00,3.984265465927883110e+00
6.070536922843561456e+01,-4.473527107457334751e+01,-1.408505066870212818e+00,1.035585370434301877e+00,-6.324909060159500385e+00,0.000000000000000000e+00,4.109194696292269633e+00,3.984265465927883110e+00
6.080892776547904788e+01,-4.536776198058930021e+01,-1.408505066870212818e+00,1.035585370434301877e+00,-6.324909060159500385e+00,0.000000000000000000e+00,4.109194696292269633e+00,3.984265465927883110e+00
6.091248630252248120e+01,-4.600025288660525291e+01,-1.408505066870212818e+00,1.035585370434301877e+00,-6.324909060159500385e+00,0.000000000000000000e+00,4.109194696292269633e+00,3.984265465927883110e+00
6.101604483956591451e+01,-4.663274379262120561e+01,-1.408505066870212818e+00,1.035585370434301877e+00,-6.324909060159500385e+00,0.000000000000000000e+00,4.109194696292269633e+00,3.984265465927883110e+00
6.111960337660934783e+01,-4.726523469863715832e+01,-1.408505066870212818e+00,1.035585370434301877e+00,-6.324909060159500385e+00,0.000000000000000000e+00,4.109194696292269633e+00,3.984265465927883110e+00
6.122316191365278115e+01,-4.789772560465311102e+01,-1.408505066870212818e+00,1.035585370434301877e+00,-6.324909060159500385e+00,0.000000000000000000e+00,4.109194696292269633e+00,3.984265465927883110e+00
6.132672045069621447e+01,-4.853021651066906372e+01,-1.408505066870212818e+00,1.035585370434301877e+00,-6.324909060159500385e+00,0.000000000000000000e+00,4.109194696292269633e+00,3.984265465927883110e+00
6.143027898773964779e+01,-4.916270741668501643e+01,-1.408505066870212818e+00,1.035585370434301877e+00,-6.324909060159500385e+00,0.000000000000000000e+00,4.109194696292269633e+00,3.984265465927883110e+00
6.153383752478308111e+01,-4.979519832270096913e+01,-1.408505066870212818e+00,1.035585370434301877e+00,-6.324909060159500385e+00,0.000000000000000000e+00,4.109194696292269633e+00,3.984265465927883110e+00
6.163739606182651443e+01,-5.042768922871692183e+01,-1.408505066870212818e+00,1.035585370434301877e+00,-6.324909060159500385e+00,0.000000000000000000e+00,4.109194696292269633e+00,3.984265465927883110e+00
6.174095459886994774e+01,-5.106018013473287454e+01,-1.408505066870212818e+00,1.035585370434301877e+00,-6.324909060159500385e+00,0.000000000000000000e+00,4.109194696292269633e+00,3.984265465927883110e+00
6.184451313591338106e+01,-5.169267104074882724e+01,-1.408505066870212818e+00,1.035585370434301877e+00,-6.324909060159500385e+00,0.000000000000000000e+00,4.109194696292269633e+00,3.984265465927883110e+00
6.194807167295681438e+01,-5.232516194676477994e+01,-1.408505066870212818e+00,1.035585370434301877e+00,-6.324909060159500385e+00,0.000000000000000000e+00,4.109194696292269633e+00,3.984265465927883110e+00
6.205163021000024770e+01,-5.295765285278073264e+01,-1.408505066870212818e+00,1.035585370434301877e+00,-6.324909060159500385e+00,0.000000000000000000e+00,4.109194696292269633e+00,3.984265465927883110e+00
6.215518874704368102e+01,-5.359014375879668535e+01,-1.408505066870212818e+00,1.035585370434301877e+00,-6.324909060159500385e+00,0.000000000000000000e+00,4.109194696292269633e+00,3.984265465927883110e+00
6.225874728408711434e+01,-5.422263466481263805e+01,-1.408505066870212818e+00,1.035585370434301877e+00,-6.324909060159500385e+00,0.000000000000000000e+00,4.109194696292269633e+00,3.984265465927883110e+00
6.236230582113054766e+01,-5.485512557082859075e+01,-1.408505066870212818e+00,1.035585370434301877e+00,-6.324909060159500385e+00,0.000000000000000000e+00,4.109194696292269633e+00,3.984265465927883110e+00
6.246586435817398097e+01,-5.548761647684454346e+01,-1.408505066870212818e+00,1.035585370434301877e+00,-6.324909060159500385e+00,0.000000000000000000e+00,4.109194696292269633e+00,3.984265465927883110e+00
6.256942289521741429e+01,-5.612010738286049616e+01,-1.408505066870212818e+00,1.035585370434301877e+00,-6.324909060159500385e+00,0.000000000000000000e+00,4.109194696292269633e+00,3.984265465927883110e+00
6.267298143226084761e+01,-5.675259828887644886e+01,-1.408505066870212818e+00,1.035585370434301877e+00,-6.324909060159500385e+00,0.000000000000000000e+00,4.109194696292269633e+00,3.984265465927883110e+00
6.277653996930428093e+01,-5.738508919489240157e+01,-1.408505066870212818e+00,1.035585370434301877e+00,-6.324909060159500385e+00,0.000000000000000000e+00,4.109194696292269633e+00,3.984265465927883110e+00
6.288009850634771425e+01,-5.801758010090835427e+01,-1.408505066870212818e+00,1.035585370434301877e+00,-6.324909060159500385e+00,0.000000000000000000e+00,4.109194696292269633e+00,3.984265465927883110e+00
6.298365704339114757e+01,-5.865007100692430697e+01,-1.408505066870212818e+00,1.035585370434301877e+00,-6.324909060159500385e+00,0.000000000000000000e+00,4.109194696292269633e+00,3.984265465927883110e+00
6.308721558043458089e+01,-5.928256191294025967e+01,-1.408505066870212818e+00,1.035585370434301877e+00,-6.324909060159500385e+00,0.000000000000000000e+00,4.109194696292269633e+00,3.984265465927883110e+00
6.319077411747801420e+01,-5.991505281895621238e+01,-1.408505066870212818e+00,1.035585370434301877e+00,-6.324909060159500385e+00,0.000000000000000000e+00,4.109194696292269633e+00,3.984265465927883110e+00
6.329433265452144752e+01,-6.054754372497216508e+01,-1.408505066870212818e+00,1.035585370434301877e+00,-6.324909060159500385e+00,0.000000000000000000e+00,4.109194696292269633e+00,3.984265465927883110e+00
6.339789119156488084e+01,-6.118003463098811778e+01,-1.408505066870212818e+00,1.035585370434301877e+00,-6.324909060159500385e+00,0.000000000000000000e+00,4.109194696292269633e+00,3.984265465927883110e+00
6.350144972860831416e+01,-6.181252553700407049e+01,-1.408505066870212818e+00,1.035585370434301877e+00,-6.324909060159500385e+00,0.000000000000000000e+00,4.109194696292269633e+00,3.984265465927883110e+00
6.360500826565174748e+01,-6.244501644302002319e+01,-1.408505066870212818e+00,1.035585370434301877e+00,-6.324909060159500385e+00,0.000000000000000000e+00,4.109194696292269633e+00,3.984265465927883110e+00
6.370856680269518080e+01,-6.307750734903597589e+01,-1.408505066870212818e+00,1.035585370434301877e+00,-6.324909060159500385e+00,0.000000000000000000e+00,4.109194696292269633e+00,3.984265465927883110e+00
6.381212533973861412e+01,-6.370999825505192860e+01,-1.408505066870212818e+00,1.035585370434301877e+00,-6.324909060159500385e+00,0.000000000000000000e+00,4.109194696292269633e+00,3.984265465927883110e+00
6.391568387678204743e+01,-6.434248916106787419e+01,-1.408505066870212818e+00,1.035585370434301877e+00,-6.324909060159500385e+00,0.000000000000000000e+00,4.109194696292269633e+00,3.984265465927883110e+00
6.401924241382548075e+01,-6.497498006708381979e+01,-1.408505066870212818e+00,1.035585370434301877e+00,-6.324909060159500385e+00,0.000000000000000000e+00,4.109194696292269633e+00,3.984265465927883110e+00
6.412280095086890697e+01,-6.560747097309976539e+01,-1.408505066870212818e+00,1.035585370434301877e+00,-6.324909060159500385e+00,0.000000000000000000e+00,4.109194696292269633e+00,3.984265465927883110e+00
6.422635948791233318e+01,-6.623996187911571099e+01,-1.408505066870212818e+00,1.035585370434301877e+00,-6.324909060159500385e+00,0.000000000000000000e+00,4.109194696292269633e+00,3.984265465927883110e+00
6.432991802495575939e+01,-6.687245278513165658e+01,-1.408505066870212818e+00,1.035585370434301877e+00,-6.324909060159500385e+00,0.000000000000000000e+00,4.109194696292269633e+00,3.984265465927883110e+00
6.443347656199918561e+01,-6.750494369114760218e+01,-1.408505066870212818e+00,1.035585370434301877e+00,-6.324909060159500385e+00,0.000000000000000000e+00,4.109194696292269633e+00,3.984265465927883110e+00
6.453703509904261182e+01,-6.813743459716354778e+01,-1.408505066870212818e+00,1.035585370434301877e+00,-6.324909060159500385e+00,0.000000000000000000e+00,4.109194696292269633e+00,3.984265465927883110e+00
6.464059363608603803e+01,-6.876992550317949338e+01,-1.408505066870212818e+00,1.035585370434301877e+00,-6.324909060159500385e+00,0.000000000000000000e+00,4.109194696292269633e+00,3.984265465927883110e+00
6.474415217312946424e+01,-6.940241640919543897e+01,-1.408505066870212818e+00,1.035585370434301877e+00,-6.324909060159500385e+00,0.000000000000000000e+00,4.109194696292269633e+00,3.984265465927883110e+00
6.484771071017289046e+01,-7.003490731521138457e+01,-1.408505066870212818e+00,1.035585370434301877e+00,-6.324909060159500385e+00,0.000000000000000000e+00,4.109194696292269633e+00,3.984265465927883110e+00
6.495126924721631667e+01,-7.066739822122733017e+01,-1.408505066870212818e+00,1.035585370434301877e+00,-6.324909060159500385e+00,0.000000000000000000e+00,4.109194696292269633e+00,3.984265465927883110e+00
6.505482778425974288e+01,-7.129988912724327577e+01,-1.408505066870212818e+00,1.035585370434301877e+00,-6.324909060159500385e+00,0.000000000000000000e+00,4.109194696292269633e+00,3.984265465927883110e+00
6.515838632130316910e+01,-7.193238003325922136e+01,-1.408505066870212818e+00,1.035585370434301877e+00,-6.324909060159500385e+00,0.000000000000000000e+00,4.109194696292269633e+00,3.984265465927883110e+00
6.526194485834659531e+01,-7.256487093927516696e+01,-1.408505066870212818e+00,1.035585370434301877e+00,-6.324909060159500385e+00,0.000000000000000000e+00,4.109194696292269633e+00,3.984265465927883110e+00
6.536550339539002152e+01,-7.319736184529111256e+01,-1.408505066870212818e+00,1.035585370434301877e+00,-6.324909060159500385e+00,0.000000000000000000e+00,4.109194696292269633e+00,3.984265465927883110e+00
6.546906193243344774e+01,-7.382985275130705816e+01,-1.408505066870212818e+00,1.035585370434301877e+00,-6.324909060159500385e+00,0.000000000000000000e+00,4.109194696292269633e+00,3.984265465927883110e+00
6.557262046947687395e+01,-7.446234365732300375e+01,-1.408505066870212818e+00,1.035585370434301877e+00,-6.324909060159500385e+00,0.000000000000000000e+00,4.109194696292269633e+00,3.984265465927883110e+00
6.567617900652030016e+01,-7.509483456333894935e+01,-1.408505066870212818e+00,1.035585370434301877e+00,-6.324909060159500385e+00,0.000000000000000000e+00,4.109194696292269633e+00,3.984265465927883110e+00
6.577973754356372638e+01,-7.572732546935489495e+01,-1.408505066870212818e+00,1.035585370434301877e+00,-6.324909060159500385e+00,0.000000000000000000e+00,4.109194696292269633e+00,3.984265465927883110e+00
6.588329608060715259e+01,-7.635981637537084055e+01,-1.408505066870212818e+00,1.035585370434301877e+00,-6.324909060159500385e+00,0.000000000000000000e+00,4.109194696292269633e+00,3.984265465927883110e+00
6.598685461765057880e+01,-7.699230728138678614e+01,-1.408505066870212818e+00,1.035585370434301877e+00,-6.324909060159500385e+00,0.000000000000000000e+00,4.109194696292269633e+00,3.984265465927883110e+00
6.609041315469400502e+01,-7.762479818740273174e+01,-1.408505066870212818e+00,1.035585370434301877e+00,-6.324909060159500385e+00,0.000000000000000000e+00,4.109194696292269633e+00,3.984265465927883110e+00
6.619397169173743123e+01,-7.825728909341867734e+01,-1.408505066870212818e+00,1.035585370434301877e+00,-6.324909060159500385e+00,0.000000000000000000e+00,4.109194696292269633e+00,3.984265465927883110e+00
6.629753022878085744e+01,-7.888977999943462294e+01,-1.408505066870212818e+00,1.035585370434301877e+00,-6.324909060159500385e+00,0.000000000000000000e+00,4.109194696292269633e+00,3.984265465927883110e+00
6.640108876582428366e+01,-7.952227090545056853e+01,-1.408505066870212818e+00,1.035585370434301877e+00,-6.324909060159500385e+00,0.000000000000000000e+00,4.109194696292269633e+00,3.984265465927883110e+00
6.650464730286770987e+01,-8.015476181146651413e+01,-1.408505066870212818e+00,1.035585370434301877e+00,-6.324909060159500385e+00,0.000000000000000000e+00,4.109194696292269633e+00,3.984265465927883110e+00
6.660820583991113608e+01,-8.078725271748245973e+01,-1.408505066870212818e+00,1.035585370434301877e+00,-6.324909060159500385e+00,0.000000000000000000e+00,4.109194696292269633e+00,3.984265465927883110e+00
6.671176437695456229e+01,-8.141974362349840533e+01,-1.408505066870212818e+00,1.035585370434301877e+00,-6.324909060159500385e+00,0.000000000000000000e+00,4.109194696292269633e+00,3.984265465927883110e+00
6.681532291399798851e+01,-8.205223452951435092e+01,-1.408505066870212818e+00,1.035585370434301877e+00,-6.324909060159500385e+00,0.000000000000000000e+00,4.109194696292269633e+00,3.984265465927883110e+00
6.691888145104141472e+01,-8.268472543553029652e+01,-1.408505066870212818e+00,1.035585370434301877e+00,-6.324909060159500385e+00,0.000000000000000000e+00,4.109194696292269633e+00,3.984265465927883110e+00
6.702243998808484093e+01,-8.331721634154624212e+01,-1.408505066870212818e+00,1.035585370434301877e+00,-6.324909060159500385e+00,0.000000000000000000e+00,4.109194696292269633e+00,3.984265465927883110e+00
6.712599852512826715e+01,-8.394970724756218772e+01,-1.408505066870212818e+00,1.035585370434301877e+00,-6.324909060159500385e+00,0.000000000000000000e+00,4.109194696292269633e+00,3.984265465927883110e+00
6.722955706217169336e+01,-8.458219815357813332e+01,-1.408505066870212818e+00,1.035585370434301877e+00,-6.324909060159500385e+00,0.000000000000000000e+00,4.109194696292269633e+00,3.984265465927883110e+00
6.733311559921511957e+01,-8.521468905959407891e+01,-1.408505066870212818e+00,1.035585370434301877e+00,-6.324909060159500385e+00,0.000000000000000000e+00,4.109194696292269633e+00,3.984265465927883110e+00
6.743667413625854579e+01,-8.584717996561002451e+01,-1.408505066870212818e+00,1.035585370434301877e+00,-6.324909060159500385e+00,0.000000000000000000e+00,4.109194696292269633e+00,3.984265465927883110e+00
6.754023267330197200e+01,-8.647967087162597011e+01,-1.408505066870212818e+00,1.035585370434301877e+00,-6.324909060159500385e+00,0.000000000000000000e+00,4.109194696292269633e+00,3.984265465927883110e+00
6.764379121034539821e+01,-8.711216177764191571e+01,-1.408505066870212818e+00,1.035585370434301877e+00,-6.324909060159500385e+00,0.000000000000000000e+00,4.109194696292269633e+00,3.984265465927883110e+00
6.774734974738882443e+01,-8.774465268365786130e+01,-1.408505066870212818e+00,1.035585370434301877e+00,-6.324909060159500385e+00,0.000000000000000000e+00,4.109194696292269633e+00,3.984265465927883110e+00
6.785090828443225064e+01,-8.837714358967380690e+01,-1.408505066870212818e+00,1.035585370434301877e+00,-6.324909060159500385e+00,0.000000000000000000e+00,4.109194696292269633e+00,3.984265465927883110e+00
6.795446682147567685e+01,-8.900963449568975250e+01,-1.408505066870212818e+00,1.035585370434301877e+00,-6.324909060159500385e+00,0.000000000000000000e+00,4.109194696292269633e+00,3.984265465927883110e+00
6.805802535851910307e+01,-8.964212540170569810e+01,-1.408505066870212818e+00,1.035585370434301877e+00,-6.324909060159500385e+00,0.000000000000000000e+00,4.109194696292269633e+00,3.984265465927883110e+00
6.816158389556252928e+01,-9.027461630772164369e+01,-1.408505066870212818e+00,1.035585370434301877e+00,-6.324909060159500385e+00,0.000000000000000000e+00,4.109194696292269633e+00,3.984265465927883110e+00
6.826514243260595549e+01,-9.090710721373758929e+01,-1.408505066870212818e+00,1.035585370434301877e+00,-6.324909060159500385e+00,0.000000000000000000e+00,4.109194696292269633e+00,3.984265465927883110e+00
6.836870096964938170e+01,-9.153959811975353489e+01,-1.408505066870212818e+00,1.035585370434301877e+00,-6.324909060159500385e+00,0.000000000000000000e+00,4.109194696292269633e+00,3.984265465927883110e+00
6.847225950669280792e+01,-9.217208902576948049e+01,-1.408505066870212818e+00,1.035585370434301877e+00,-6.324909060159500385e+00,0.000000000000000000e+00,4.109194696292269633e+00,3.984265465927883110e+00
6.857581804373623413e+01,-9.280457993178542608e+01,-1.408505066870212818e+00,1.035585370434301877e+00,-6.324909060159500385e+00,0.000000000000000000e+00,4.109194696292269633e+00,3.984265465927883110e+00
6.867937658077966034e+01,-9.343707083780137168e+01,-1.408505066870212818e+00,1.035585370434301877e+00,-6.324909060159500385e+00,0.000000000000000000e+00,4.109194696292269633e+00,3.984265465927883110e+00
6.878293511782308656e+01,-9.406956174381731728e+01,-1.408505066870212818e+00,1.035585370434301877e+00,-6.324909060159500385e+00,0.000000000000000000e+00,4.109194696292269633e+00,3.984265465927883110e+00
6.888649365486651277e+01,-9.470205264983326288e+01,-1.408505066870212818e+00,1.035585370434301877e+00,-6.324909060159500385e+00,0.000000000000000000e+00,4.109194696292269633e+00,3.984265465927883110e+00
6.899005219190993898e+01,-9.533454355584920847e+01,-1.408505066870212818e+00,1.035585370434301877e+00,-6.324909060159500385e+00,0.000000000000000000e+00,4.109194696292269633e+00,3.984265465927883110e+00
6.909361072895336520e+01,-9.596703446186515407e+01,-1.408505066870212818e+00,1.035585370434301877e+00,-6.324909060159500385e+00,0.000000000000000000e+00,4.109194696292269633e+00,3.984265465927883110e+00
6.919716926599679141e+01,-9.659952536788109967e+01,-1.408505066870212818e+00,1.035585370434301877e+00,-6.324909060159500385e+00,0.000000000000000000e+00,4.109194696292269633e+00,3.984265465927883110e+00
6.930072780304021762e+01,-9.723201627389704527e+01,-1.408505066870212818e+00,1.035585370434301877e+00,-6.324909060159500385e+00,0.000000000000000000e+00,4.109194696292269633e+00,3.984265465927883110e+00
6.940428634008364384e+01,-9.786450717991299086e+01,-1.408505066870212818e+00,1.035585370434301877e+00,-6.324909060159500385e+00,0.000000000000000000e+00,4.109194696292269633e+00,3.984265465927883110e+00
6.950784487712707005e+01,-9.849699808592893646e+01,-1.408505066870212818e+00,1.035585370434301877e+00,-6.324909060159500385e+00,0.000000000000000000e+00,4.109194696292269633e+00,3.984265465927883110e+00
6.961140341417049626e+01,-9.912948899194488206e+01,-1.408505066870212818e+00,1.035585370434301877e+00,-6.324909060159500385e+00,0.000000000000000000e+00,4.109194696292269633e+00,3.984265465927883110e+00
6.971496195121392248e+01,-9.976197989796082766e+01,-1.408505066870212818e+00,1.035585370434301877e+00,-6.324909060159500385e+00,0.000000000000000000e+00,4.109194696292269633e+00,3.984265465927883110e+00
6.981852048825734869e+01,-1.003944708039767733e+02,-1.408505066870212818e+00,1.035585370434301877e+00,-6.324909060159500385e+00,0.000000000000000000e+00,4.109194696292269633e+00,3.984265465927883110e+00
6.992207902530077490e+01,-1.010269617099927189e+02,-1.408505066870212818e+00,1.035585370434301877e+00,-6.324909060159500385e+00,0.000000000000000000e+00,4.109194696292269633e+00,3.984265465927883110e+00
7.002563756234420111e+01,-1.016594526160086644e+02,-1.408505066870212818e+00,1.035585370434301877e+00,-6.324909060159500385e+00,0.000000000000000000e+00,4.109194696292269633e+00,3.984265465927883110e+00
7.012919609938762733e+01,-1.022919435220246100e+02,-1.408505066870212818e+00,1.035585370434301877e+00,-6.324909060159500385e+00,0.000000000000000000e+00,4.109194696292269633e+00,3.984265465927883110e+00
7.023275463643105354e+01,-1.029244344280405556e+02,-1.408505066870212818e+00,1.035585370434301877e+00,-6.324909060159500385e+00,0.000000000000000000e+00,4.109194696292269633e+00,3.984265465927883110e+00
7.033631317347447975e+01,-1.035569253340565012e+02,-1.408505066870212818e+00,1.035585370434301877e+00,-6.324909060159500385e+00,0.000000000000000000e+00,4.109194696292269633e+00,3.984265465927883110e+00
7.043987171051790597e+01,-1.041894162400724468e+02,-1.408505066870212818e+00,1.035585370434301877e+00,-6.324909060159500385e+00,0.000000000000000000e+00,4.109194696292269633e+00,3.984265465927883110e+00
7.054343024756133218e+01,-1.048219071460883924e+02,-1.408505066870212818e+00,1.035585370434301877e+00,-6.324909060159500385e+00,0.000000000000000000e+00,4.109194696292269633e+00,3.984265465927883110e+00
7.064698878460475839e+01,-1.054543980521043380e+02,-1.408505066870212818e+00,1.035585370434301877e+00,-6.324909060159500385e+00,0.000000000000000000e+00,4.109194696292269633e+00,3.984265465927883110e+00
7.075054732164818461e+01,-1.060868889581202836e+02,-1.408505066870212818e+00,1.035585370434301877e+00,-6.324909060159500385e+00,0.000000000000000000e+00,4.109194696292269633e+00,3.984265465927883110e+00
7.085410585869161082e+01,-1.067193798641362292e+02,-1.408505066870212818e+00,1.035585370434301877e+00,-6.324909060159500385e+00,0.000000000000000000e+00,4.109194696292269633e+00,3.984265465927883110e+00
7.095766439573503703e+01,-1.073518707701521748e+02,-1.408505066870212818e+00,1.035585370434301877e+00,-6.324909060159500385e+00,0.000000000000000000e+00,4.109194696292269633e+00,3.984265465927883110e+00
7.106122293277846325e+01,-1.079843616761681204e+02,-1.408505066870212818e+00,1.035585370434301877e+00,-6.324909060159500385e+00,0.000000000000000000e+00,4.109194696292269633e+00,3.984265465927883110e+00
7.116478146982188946e+01,-1.086168525821840660e+02,-1.408505066870212818e+00,1.035585370434301877e+00,-6.324909060159500385e+00,0.000000000000000000e+00,4.109194696292269633e+00,3.984265465927883110e+00
7.126834000686531567e+01,-1.092493434882000116e+02,-1.408505066870212818e+00,1.035585370434301877e+00,-6.324909060159500385e+00,0.000000000000000000e+00,4.109194696292269633e+00,3.984265465927883110e+00
7.137189854390874189e+01,-1.098818343942159572e+02,-1.408505066870212818e+00,1.035585370434301877e+00,-6.324909060159500385e+00,0.000000000000000000e+00,4.109194696292269633e+00,3.984265465927883110e+00
7.147545708095216810e+01,-1.105143253002319028e+02,-1.408505066870212818e+00,1.035585370434301877e+00,-6.324909060159500385e+00,0.000000000000000000e+00,4.109194696292269633e+00,3.984265465927883110e+00
7.157901561799559431e+01,-1.111468162062478484e+02,-1.408505066870212818e+00,1.035585370434301877e+00,-6.324909060159500385e+00,0.000000000000000000e+00,4.109194696292269633e+00,3.984265465927883110e+00
7.168257415503902052e+01,-1.117793071122637940e+02,-1.408505066870212818e+00,1.035585370434301877e+00,-6.324909060159500385e+00,0.000000000000000000e+00,4.109194696292269633e+00,3.984265465927883110e+00
7.178613269208244674e+01,-1.124117980182797396e+02,-1.408505066870212818e+00,1.035585370434301877e+00,-6.324909060159500385e+00,0.000000000000000000e+00,4.109194696292269633e+00,3.984265465927883110e+00
7.188969122912587295e+01,-1.130442889242956852e+02,-1.408505066870212818e+00,1.035585370434301877e+00,-6.324909060159500385e+00,0.000000000000000000e+00,4.109194696292269633e+00,3.984265465927883110e+00
7.199324976616929916e+01,-1.136767798303116308e+02,-1.408505066870212818e+00,1.035585370434301877e+00,-6.324909060159500385e+00,0.000000000000000000e+00,4.109194696292269633e+00,3.984265465927883110e+00
7.209680830321272538e+01,-1.143092707363275764e+02,-1.408505066870212818e+00,1.035585370434301877e+00,-6.324909060159500385e+00,0.000000000000000000e+00,4.109194696292269633e+00,3.984265465927883110e+00
7.220036684025615159e+01,-1.149417616423435220e+02,-1.408505066870212818e+00,1.035585370434301877e+00,-6.324909060159500385e+00,0.000000000000000000e+00,4.109194696292269633e+00,3.984265465927883110e+00
7.230392537729957780e+01,-1.155742525483594676e+02,-1.408505066870212818e+00,1.035585370434301877e+00,-6.324909060159500385e+00,0.000000000000000000e+00,4.109194696292269633e+00,3.984265465927883110e+00
7.240748391434300402e+01,-1.162067434543754132e+02,-1.408505066870212818e+00,1.035585370434301877e+00,-6.324909060159500385e+00,0.000000000000000000e+00,4.109194696292269633e+00,3.984265465927883110e+00
7.251104245138643023e+01,-1.168392343603913588e+02,-1.408505066870212818e+00,1.035585370434301877e+00,-6.324909060159500385e+00,0.000000000000000000e+00,4.109194696292269633e+00,3.984265465927883110e+00
7.261460098842985644e+01,-1.174717252664073044e+02,-1.408505066870212818e+00,1.035585370434301877e+00,-6.324909060159500385e+00,0.000000000000000000e+00,4.109194696292269633e+00,3.984265465927883110e+00
7.271815952547328266e+01,-1.181042161724232500e+02,-1.408505066870212818e+00,1.035585370434301877e+00,-6.324909060159500385e+00,0.000000000000000000e+00,4.109194696292269633e+00,3.984265465927883110e+00
7.282171806251670887e+01,-1.187367070784391956e+02,-1.408505066870212818e+00,1.035585370434301877e+00,-6.324909060159500385e+00,0.000000000000000000e+00,4.109194696292269633e+00,3.984265465927883110e+00
7.292527659956013508e+01,-1.193691979844551412e+02,-1.408505066870212818e+00,1.035585370434301877e+00,-6.324909060159500385e+00,0.000000000000000000e+00,4.109194696292269633e+00,3.984265465927883110e+00
7.302883513660356130e+01,-1.200016888904710868e+02,-1.408505066870212818e+00,1.035585370434301877e+00,-6.324909060159500385e+00,0.000000000000000000e+00,4.109194696292269633e+00,3.984265465927883110e+00
7.313239367364698751e+01,-1.206341797964870324e+02,-1.408505066870212818e+00,1.035585370434301877e+00,-6.324909060159500385e+00,0.000000000000000000e+00,4.109194696292269633e+00,3.984265465927883110e+00
7.323595221069041372e+01,-1.212666707025029780e+02,-1.408505066870212818e+00,1.035585370434301877e+00,-6.324909060159500385e+00,0.000000000000000000e+00,4.109194696292269633e+00,3.984265465927883110e+00
7.333951074773383993e+01,-1.218991616085189236e+02,-1.408505066870212818e+00,1.035585370434301877e+00,-6.324909060159500385e+00,0.000000000000000000e+00,4.109194696292269633e+00,3.984265465927883110e+00
7.344306928477726615e+01,-1.225316525145348692e+02,-1.408505066870212818e+00,1.035585370434301877e+00,-6.324909060159500385e+00,0.000000000000000000e+00,4.109194696292269633e+00,3.984265465927883110e+00
7.354662782182069236e+01,-1.231641434205508148e+02,-1.408505066870212818e+00,1.035585370434301877e+00,-6.324909060159500385e+00,0.000000000000000000e+00,4.109194696292269633e+00,3.984265465927883110e+00
7.365018635886411857e+01,-1.237966343265667604e+02,-1.408505066870212818e+00,1.035585370434301877e+00,-6.324909060159500385e+00,0.000000000000000000e+00,4.109194696292269633e+00,3.984265465927883110e+00
7.375374489590754479e+01,-1.244291252325827060e+02,-1.408505066870212818e+00,1.035585370434301877e+00,-6.324909060159500385e+00,0.000000000000000000e+00,4.109194696292269633e+00,3.984265465927883110e+00
7.385730343295097100e+01,-1.250616161385986516e+02,-1.408505066870212818e+00,1.035585370434301877e+00,-6.324909060159500385e+00,0.000000000000000000e+00,4.109194696292269633e+00,3.984265465927883110e+00
7.396086196999439721e+01,-1.256941070446145972e+02,-1.408505066870212818e+00,1.035585370434301877e+00,-6.324909060159500385e+00,0.000000000000000000e+00,4.109194696292269633e+00,3.984265465927883110e+00
7.406442050703782343e+01,-1.263265979506305428e+02,-1.408505066870212818e+00,1.035585370434301877e+00,-6.324909060159500385e+00,0.000000000000000000e+00,4.109194696292269633e+00,3.984265465927883110e+00
7.416797904408124964e+01,-1.269590888566464884e+02,-1.408505066870212818e+00,1.035585370434301877e+00,-6.324909060159500385e+00,0.000000000000000000e+00,4.109194696292269633e+00,3.984265465927883110e+00
7.427153758112467585e+01,-1.275915797626624340e+02,-1.408505066870212818e+00,1.035585370434301877e+00,-6.324909060159500385e+00,0.000000000000000000e+00,4.109194696292269633e+00,3.984265465927883110e+00
7.437509611816810207e+01,-1.282240706686783938e+02,-1.408505066870212818e+00,1.035585370434301877e+00,-6.324909060159500385e+00,0.000000000000000000e+00,4.109194696292269633e+00,3.984265465927883110e+00
7.447865465521152828e+01,-1.288565615746943536e+02,-1.408505066870212818e+00,1.035585370434301877e+00,-6.324909060159500385e+00,0.000000000000000000e+00,4.109194696292269633e+00,3.984265465927883110e+00
7.458221319225495449e+01,-1.294890524807103134e+02,-1.408505066870212818e+00,1.035585370434301877e+00,-6.324909060159500385e+00,0.000000000000000000e+00,4.109194696292269633e+00,3.984265465927883110e+00
7.468577172929838071e+01,-1.301215433867262732e+02,-1.408505066870212818e+00,1.035585370434301877e+00,-6.324909060159500385e+00,0.000000000000000000e+00,4.109194696292269633e+00,3.984265465927883110e+00
7.478933026634180692e+01,-1.307540342927422330e+02,-1.408505066870212818e+00,1.035585370434301877e+00,-6.324909060159500385e+00,0.000000000000000000e+00,4.109194696292269633e+00,3.984265465927883110e+00
7.489288880338523313e+01,-1.313865251987581928e+02,-1.408505066870212818e+00,1.035585370434301877e+00,-6.324909060159500385e+00,0.000000000000000000e+00,4.109194696292269633e+00,3.984265465927883110e+00
7.499644734042865934e+01,-1.320190161047741526e+02,-1.408505066870212818e+00,1.035585370434301877e+00,-6.324909060159500385e+00,0.000000000000000000e+00,4.109194696292269633e+00,3.984265465927883110e+00
7.510000587747208556e+01,-1.326515070107901124e+02,-1.408505066870212818e+00,1.035585370434301877e+00,-6.324909060159500385e+00,0.000000000000000000e+00,4.109194696292269633e+00,3.984265465927883110e+00
7.520356441451551177e+01,-1.332839979168060722e+02,-1.408505066870212818e+00,1.035585370434301877e+00,-6.324909060159500385e+00,0.000000000000000000e+00,4.109194696292269633e+00,3.984265465927883110e+00
7.530712295155893798e+01,-1.339164888228220320e+02,-1.408505066870212818e+00,1.035585370434301877e+00,-6.324909060159500385e+00,0.000000000000000000e+00,4.109194696292269633e+00,3.984265465927883110e+00
7.541068148860236420e+01,-1.345489797288379918e+02,-1.408505066870212818e+00,1.035585370434301877e+00,-6.324909060159500385e+00,0.000000000000000000e+00,4.109194696292269633e+00,3.984265465927883110e+00
7.551424002564579041e+01,-1.351814706348539517e+02,-1.408505066870212818e+00,1.035585370434301877e+00,-6.324909060159500385e+00,0.000000000000000000e+00,4.109194696292269633e+00,3.984265465927883110e+00
7.561779856268921662e+01,-1.358139615408699115e+02,-1.408505066870212818e+00,1.035585370434301877e+00,-6.324909060159500385e+00,0.000000000000000000e+00,4.109194696292269633e+00,3.984265465927883110e+00
7.572135709973264284e+01,-1.364464524468858713e+02,-1.408505066870212818e+00,1.035585370434301877e+00,-6.324909060159500385e+00,0.000000000000000000e+00,4.109194696292269633e+00,3.984265465927883110e+00
7.582491563677606905e+01,-1.370789433529018311e+02,-1.408505066870212818e+00,1.035585370434301877e+00,-6.324909060159500385e+00,0.000000000000000000e+00,4.109194696292269633e+00,3.984265465927883110e+00
7.592847417381949526e+01,-1.377114342589177909e+02,-1.408505066870212818e+00,1.035585370434301877e+00,-6.324909060159500385e+00,0.000000000000000000e+00,4.109194696292269633e+00,3.984265465927883110e+00
7.603203271086292148e+01,-1.383439251649337507e+02,-1.408505066870212818e+00,1.035585370434301877e+00,-6.324909060159500385e+00,0.000000000000000000e+00,4.109194696292269633e+00,3.984265465927883110e+00
7.613559124790634769e+01,-1.389764160709497105e+02,-1.408505066870212818e+00,1.035585370434301877e+00,-6.324909060159500385e+00,0.000000000000000000e+00,4.109194696292269633e+00,3.984265465927883110e+00
7.623914978494977390e+01,-1.396089069769656703e+02,-1.408505066870212818e+00,1.035585370434301877e+00,-6.324909060159500385e+00,0.000000000000000000e+00,4.109194696292269633e+00,3.984265465927883110e+00
7.634270832199320012e+01,-1.402413978829816301e+02,-1.408505066870212818e+00,1.035585370434301877e+00,-6.324909060159500385e+00,0.000000000000000000e+00,4.109194696292269633e+00,3.984265465927883110e+00
7.644626685903662633e+01,-1.408738887889975899e+02,-1.408505066870212818e+00,1.035585370434301877e+00,-6.324909060159500385e+00,0.000000000000000000e+00,4.109194696292269633e+00,3.984265465927883110e+00
7.654982539608005254e+01,-1.415063796950135497e+02,-1.408505066870212818e+00,1.035585370434301877e+00,-6.324909060159500385e+00,0.000000000000000000e+00,4.109194696292269633e+00,3.984265465927883110e+00
7.665338393312347876e+01,-1.421388706010295095e+02,-1.408505066870212818e+00,1.035585370434301877e+00,-6.324909060159500385e+00,0.000000000000000000e+00,4.109194696292269633e+00,3.984265465927883110e+00
7.675694247016690497e+01,-1.427713615070454694e+02,-1.408505066870212818e+00,1.035585370434301877e+00,-6.324909060159500385e+00,0.000000000000000000e+00,4.109194696292269633e+00,3.984265465927883110e+00
7.686050100721033118e+01,-1.434038524130614292e+02,-1.408505066870212818e+00,1.035585370434301877e+00,-6.324909060159500385e+00,0.000000000000000000e+00,4.109194696292269633e+00,3.984265465927883110e+00
7.696405954425375739e+01,-1.440363433190773890e+02,-1.408505066870212818e+00,1.035585370434301877e+00,-6.324909060159500385e+00,0.000000000000000000e+00,4.109194696292269633e+00,3.984265465927883110e+00
7.706761808129718361e+01,-1.446688342250933488e+02,-1.408505066870212818e+00,1.035585370434301877e+00,-6.324909060159500385e+00,0.000000000000000000e+00,4.109194696292269633e+00,3.984265465927883110e+00
7.717117661834060982e+01,-1.453013251311093086e+02,-1.408505066870212818e+00,1.035585370434301877e+00,-6.324909060159500385e+00,0.000000000000000000e+00,4.109194696292269633e+00,3.984265465927883110e+00
7.727473515538403603e+01,-1.459338160371252684e+02,-1.408505066870212818e+00,1.035585370434301877e+00,-6.324909060159500385e+00,0.000000000000000000e+00,4.109194696292269633e+00,3.984265465927883110e+00
7.737829369242746225e+01,-1.465663069431412282e+02,-1.408505066870212818e+00,1.035585370434301877e+00,-6.324909060159500385e+00,0.000000000000000000e+00,4.109194696292269633e+00,3.984265465927883110e+00
7.748185222947088846e+01,-1.471987978491571880e+02,-1.408505066870212818e+00,1.035585370434301877e+00,-6.324909060159500385e+00,0.000000000000000000e+00,4.109194696292269633e+00,3.984265465927883110e+00
7.758541076651431467e+01,-1.478312887551731478e+02,-1.408505066870212818e+00,1.035585370434301877e+00,-6.324909060159500385e+00,0.000000000000000000e+00,4.109194696292269633e+00,3.984265465927883110e+00
7.768896930355774089e+01,-1.484637796611891076e+02,-1.408505066870212818e+00,1.035585370434301877e+00,-6.324909060159500385e+00,0.000000000000000000e+00,4.109194696292269633e+00,3.984265465927883110e+00
7.779252784060116710e+01,-1.490962705672050674e+02,-1.408505066870212818e+00,1.035585370434301877e+00,-6.324909060159500385e+00,0.000000000000000000e+00,4.109194696292269633e+00,3.984265465927883110e+00
7.789608637764459331e+01,-1.497287614732210272e+02,-1.408505066870212818e+00,1.035585370434301877e+00,-6.324909060159500385e+00,0.000000000000000000e+00,4.109194696292269633e+00,3.984265465927883110e+00
7.799964491468801953e+01,-1.503612523792369871e+02,-1.408505066870212818e+00,1.035585370434301877e+00,-6.324909060159500385e+00,0.000000000000000000e+00,4.109194696292269633e+00,3.984265465927883110e+00
7.810320345173144574e+01,-1.509937432852529469e+02,-1.408505066870212818e+00,1.035585370434301877e+00,-6.324909060159500385e+00,0.000000000000000000e+00,4.109194696292269633e+00,3.984265465927883110e+00
7.820676198877487195e+01,-1.516262341912689067e+02,-1.408505066870212818e+00,1.035585370434301877e+00,-6.324909060159500385e+00,0.000000000000000000e+00,4.109194696292269633e+00,3.984265465927883110e+00
7.831032052581829817e+01,-1.522587250972848665e+02,-1.408505066870212818e+00,1.035585370434301877e+00,-6.324909060159500385e+00,0.000000000000000000e+00,4.109194696292269633e+00,3.984265465927883110e+00
7.841387906286172438e+01,-1.528912160033008263e+02,-1.408505066870212818e+00,1.035585370434301877e+00,-6.324909060159500385e+00,0.000000000000000000e+00,4.109194696292269633e+00,3.984265465927883110e+00
7.851743759990515059e+01,-1.535237069093167861e+02,-1.408505066870212818e+00,1.035585370434301877e+00,-6.324909060159500385e+00,0.000000000000000000e+00,4.109194696292269633e+00,3.984265465927883110e+00
7.862099613694857680e+01,-1.541561978153327459e+02,-1.408505066870212818e+00,1.035585370434301877e+00,-6.324909060159500385e+00,0.000000000000000000e+00,4.109194696292269633e+00,3.984265465927883110e+00
7.872455467399200302e+01,-1.547886887213487057e+02,-1.408505066870212818e+00,1.035585370434301877e+00,-6.324909060159500385e+00,0.000000000000000000e+00,4.109194696292269633e+00,3.984265465927883110e+00
7.882811321103542923e+01,-1.554211796273646655e+02,-1.408505066870212818e+00,1.035585370434301877e+00,-6.324909060159500385e+00,0.000000000000000000e+00,4.109194696292269633e+00,3.984265465927883110e+00
7.893167174807885544e+01,-1.560536705333806253e+02,-1.408505066870212818e+00,1.035585370434301877e+00,-6.324909060159500385e+00,0.000000000000000000e+00,4.109194696292269633e+00,3.984265465927883110e+00
7.903523028512228166e+01,-1.566861614393965851e+02,-1.408505066870212818e+00,1.035585370434301877e+00,-6.324909060159500385e+00,0.000000000000000000e+00,4.109194696292269633e+00,3.984265465927883110e+00
7.913878882216570787e+01,-1.573186523454125449e+02,-1.408505066870212818e+00,1.035585370434301877e+00,-6.324909060159500385e+00,0.000000000000000000e+00,4.109194696292269633e+00,3.984265465927883110e+00
7.924234735920913408e+01,-1.579511432514285048e+02,-1.408505066870212818e+00,1.035585370434301877e+00,-6.324909060159500385e+00,0.000000000000000000e+00,4.109194696292269633e+00,3.984265465927883110e+00
7.934590589625256030e+01,-1.585836341574444646e+02,-1.408505066870212818e+00,1.035585370434301877e+00,-6.324909060159500385e+00,0.000000000000000000e+00,4.109194696292269633e+00,3.984265465927883110e+00
7.944946443329598651e+01,-1.592161250634604244e+02,-1.408505066870212818e+00,1.035585370434301877e+00,-6.324909060159500385e+00,0.000000000000000000e+00,4.109194696292269633e+00,3.984265465927883110e+00
7.955302297033941272e+01,-1.598486159694763842e+02,-1.408505066870212818e+00,1.035585370434301877e+00,-6.324909060159500385e+00,0.000000000000000000e+00,4.109194696292269633e+00,3.984265465927883110e+00
7.965658150738283894e+01,-1.604811068754923440e+02,-1.408505066870212818e+00,1.035585370434301877e+00,-6.324909060159500385e+00,0.000000000000000000e+00,4.109194696292269633e+00,3.984265465927883110e+00
7.976014004442626515e+01,-1.611135977815083038e+02,-1.408505066870212818e+00,1.035585370434301877e+00,-6.324909060159500385e+00,0.000000000000000000e+00,4.109194696292269633e+00,3.984265465927883110e+00
7.986369858146969136e+01,-1.617460886875242636e+02,-1.408505066870212818e+00,1.035585370434301877e+00,-6.324909060159500385e+00,0.000000000000000000e+00,4.109194696292269633e+00,3.984265465927883110e+00
7.996725711851311758e+01,-1.623785795935402234e+02,-1.408505066870212818e+00,1.035585370434301877e+00,-6.324909060159500385e+00,0.000000000000000000e+00,4.109194696292269633e+00,3.984265465927883110e+00
8.007081565555654379e+01,-1.630110704995561832e+02,-1.408505066870212818e+00,1.035585370434301877e+00,-6.324909060159500385e+00,0.000000000000000000e+00,4.109194696292269633e+00,3.984265465927883110e+00
8.017437419259997000e+01,-1.636435614055721430e+02,-1.408505066870212818e+00,1.035585370434301877e+00,-6.324909060159500385e+00,0.000000000000000000e+00,4.109194696292269633e+00,3.984265465927883110e+00
8.027793272964339621e+01,-1.642760523115881028e+02,-1.408505066870212818e+00,1.035585370434301877e+00,-6.324909060159500385e+00,0.000000000000000000e+00,4.109194696292269633e+00,3.984265465927883110e+00
8.038149126668682243e+01,-1.649085432176040626e+02,-1.408505066870212818e+00,1.035585370434301877e+00,-6.324909060159500385e+00,0.000000000000000000e+00,4.109194696292269633e+00,3.984265465927883110e+00
8.048504980373024864e+01,-1.655410341236200225e+02,-1.408505066870212818e+00,1.035585370434301877e+00,-6.324909060159500385e+00,0.000000000000000000e+00,4.109194696292269633e+00,3.984265465927883110e+00
8.058860834077367485e+01,-1.661735250296359823e+02,-1.408505066870212818e+00,1.035585370434301877e+00,-6.324909060159500385e+00,0.000000000000000000e+00,4.109194696292269633e+00,3.984265465927883110e+00
8.069216687781710107e+01,-1.668060159356519421e+02,-1.408505066870212818e+00,1.035585370434301877e+00,-6.324909060159500385e+00,0.000000000000000000e+00,4.109194696292269633e+00,3.984265465927883110e+00
8.079572541486052728e+01,-1.674385068416679019e+02,-1.408505066870212818e+00,1.035585370434301877e+00,-6.324909060159500385e+00,0.000000000000000000e+00,4.109194696292269633e+00,3.984265465927883110e+00
8.089928395190395349e+01,-1.680709977476838617e+02,-1.408505066870212818e+00,1.035585370434301877e+00,-6.324909060159500385e+00,0.000000000000000000e+00,4.109194696292269633e+00,3.984265465927883110e+00
8.100284248894737971e+01,-1.687034886536998215e+02,-1.408505066870212818e+00,1.035585370434301877e+00,-6.324909060159500385e+00,0.000000000000000000e+00,4.109194696292269633e+00,3.984265465927883110e+00
8.110640102599080592e+01,-1.693359795597157813e+02,-1.408505066870212818e+00,1.035585370434301877e+00,-6.324909060159500385e+00,0.000000000000000000e+00,4.109194696292269633e+00,3.984265465927883110e+00
8.120995956303423213e+01,-1.699684704657317411e+02,-1.408505066870212818e+00,1.035585370434301877e+00,-6.324909060159500385e+00,0.000000000000000000e+00,4.109194696292269633e+00,3.984265465927883110e+00
8.131351810007765835e+01,-1.706009613717477009e+02,-1.408505066870212818e+00,1.035585370434301877e+00,-6.324909060159500385e+00,0.000000000000000000e+00,4.109194696292269633e+00,3.984265465927883110e+00
8.141707663712108456e+01,-1.712334522777636607e+02,-1.408505066870212818e+00,1.035585370434301877e+00,-6.324909060159500385e+00,0.000000000000000000e+00,4.109194696292269633e+00,3.984265465927883110e+00
8.152063517416451077e+01,-1.718659431837796205e+02,-1.408505066870212818e+00,1.035585370434301877e+00,-6.324909060159500385e+00,0.000000000000000000e+00,4.109194696292269633e+00,3.984265465927883110e+00
8.162419371120793699e+01,-1.724984340897955803e+02,-1.408505066870212818e+00,1.035585370434301877e+00,-6.324909060159500385e+00,0.000000000000000000e+00,4.109194696292269633e+00,3.984265465927883110e+00
8.172775224825136320e+01,-1.731309249958115402e+02,-1.408505066870212818e+00,1.035585370434301877e+00,-6.324909060159500385e+00,0.000000000000000000e+00,4.109194696292269633e+00,3.984265465927883110e+00
8.183131078529478941e+01,-1.737634159018275000e+02,-1.408505066870212818e+00,1.035585370434301877e+00,-6.324909060159500385e+00,0.000000000000000000e+00,4.109194696292269633e+00,3.984265465927883110e+00
8.193486932233821562e+01,-1.743959068078434598e+02,-1.408505066870212818e+00,1.035585370434301877e+00,-6.324909060159500385e+00,0.000000000000000000e+00,4.109194696292269633e+00,3.984265465927883110e+00
8.203842785938164184e+01,-1.750283977138594196e+02,-1.408505066870212818e+00,1.035585370434301877e+00,-6.324909060159500385e+00,0.000000000000000000e+00,4.109194696292269633e+00,3.984265465927883110e+00
8.214198639642506805e+01,-1.756608886198753794e+02,-1.408505066870212818e+00,1.035585370434301877e+00,-6.324909060159500385e+00,0.000000000000000000e+00,4.109194696292269633e+00,3.984265465927883110e+00
8.224554493346849426e+01,-1.762933795258913392e+02,-1.408505066870212818e+00,1.035585370434301877e+00,-6.324909060159500385e+00,0.000000000000000000e+00,4.109194696292269633e+00,3.984265465927883110e+00
8.234910347051192048e+01,-1.769258704319072990e+02,-1.408505066870212818e+00,1.035585370434301877e+00,-6.324909060159500385e+00,0.000000000000000000e+00,4.109194696292269633e+00,3.984265465927883110e+00
8.245266200755534669e+01,-1.775583613379232588e+02,-1.408505066870212818e+00,1.035585370434301877e+00,-6.324909060159500385e+00,0.000000000000000000e+00,4.109194696292269633e+00,3.984265465927883110e+00
8.255622054459877290e+01,-1.781908522439392186e+02,-1.408505066870212818e+00,1.035585370434301877e+00,-6.324909060159500385e+00,0.000000000000000000e+00,4.109194696292269633e+00,3.984265465927883110e+00
8.265977908164219912e+01,-1.788233431499551784e+02,-1.408505066870212818e+00,1.035585370434301877e+00,-6.324909060159500385e+00,0.000000000000000000e+00,4.109194696292269633e+00,3.984265465927883110e+00
8.276333761868562533e+01,-1.794558340559711382e+02,-1.408505066870212818e+00,1.035585370434301877e+00,-6.324909060159500385e+00,0.000000000000000000e+00,4.109194696292269633e+00,3.984265465927883110e+00
8.286689615572905154e+01,-1.800883249619870980e+02,-1.408505066870212818e+00,1.035585370434301877e+00,-6.324909060159500385e+00,0.000000000000000000e+00,4.109194696292269633e+00,3.984265465927883110e+00
8.297045469277247776e+01,-1.807208158680030579e+02,-1.408505066870212818e+00,1.035585370434301877e+00,-6.324909060159500385e+00,0.000000000000000000e+00,4.109194696292269633e+00,3.984265465927883110e+00
8.307401322981590397e+01,-1.813533067740190177e+02,-1.408505066870212818e+00,1.035585370434301877e+00,-6.324909060159500385e+00,0.000000000000000000e+00,4.109194696292269633e+00,3.984265465927883110e+00
8.317757176685933018e+01,-1.819857976800349775e+02,-1.408505066870212818e+00,1.035585370434301877e+00,-6.324909060159500385e+00,0.000000000000000000e+00,4.109194696292269633e+00,3.984265465927883110e+00
8.328113030390275640e+01,-1.826182885860509373e+02,-1.408505066870212818e+00,1.035585370434301877e+00,-6.324909060159500385e+00,0.000000000000000000e+00,4.109194696292269633e+00,3.984265465927883110e+00
8.338468884094618261e+01,-1.832507794920668971e+02,-1.408505066870212818e+00,1.035585370434301877e+00,-6.324909060159500385e+00,0.000000000000000000e+00,4.109194696292269633e+00,3.984265465927883110e+00
8.348824737798960882e+01,-1.838832703980828569e+02,-1.408505066870212818e+00,1.035585370434301877e+00,-6.324909060159500385e+00,0.000000000000000000e+00,4.109194696292269633e+00,3.984265465927883110e+00
8.359180591503303503e+01,-1.845157613040988167e+02,-1.408505066870212818e+00,1.035585370434301877e+00,-6.324909060159500385e+00,0.000000000000000000e+00,4.109194696292269633e+00,3.984265465927883110e+00
8.369536445207646125e+01,-1.851482522101147765e+02,-1.408505066870212818e+00,1.035585370434301877e+00,-6.324909060159500385e+00,0.000000000000000000e+00,4.109194696292269633e+00,3.984265465927883110e+00
8.379892298911988746e+01,-1.857807431161307363e+02,-1.408505066870212818e+00,1.035585370434301877e+00,-6.324909060159500385e+00,0.000000000000000000e+00,4.109194696292269633e+00,3.984265465927883110e+00
8.390248152616331367e+01,-1.864132340221466961e+02,-1.408505066870212818e+00,1.035585370434301877e+00,-6.324909060159500385e+00,0.000000000000000000e+00,4.109194696292269633e+00,3.984265465927883110e+00
8.400604006320673989e+01,-1.870457249281626559e+02,-1.408505066870212818e+00,1.035585370434301877e+00,-6.324909060159500385e+00,0.000000000000000000e+00,4.109194696292269633e+00,3.984265465927883110e+00
8.410959860025016610e+01,-1.876782158341786158e+02,-1.408505066870212818e+00,1.035585370434301877e+00,-6.324909060159500385e+00,0.000000000000000000e+00,4.109194696292269633e+00,3.984265465927883110e+00
8.421315713729359231e+01,-1.883107067401945756e+02,-1.408505066870212818e+00,1.035585370434301877e+00,-6.324909060159500385e+00,0.000000000000000000e+00,4.109194696292269633e+00,3.984265465927883110e+00
8.431671567433701853e+01,-1.889431976462105354e+02,-1.408505066870212818e+00,1.035585370434301877e+00,-6.324909060159500385e+00,0.000000000000000000e+00,4.109194696292269633e+00,3.984265465927883110e+00
8.442027421138044474e+01,-1.895756885522264952e+02,-1.408505066870212818e+00,1.035585370434301877e+00,-6.324909060159500385e+00,0.000000000000000000e+00,4.109194696292269633e+00,3.984265465927883110e+00
8.452383274842387095e+01,-1.902081794582424550e+02,-1.408505066870212818e+00,1.035585370434301877e+00,-6.324909060159500385e+00,0.000000000000000000e+00,4.109194696292269633e+00,3.984265465927883110e+00
8.462739128546729717e+01,-1.908406703642584148e+02,-1.408505066870212818e+00,1.035585370434301877e+00,-6.324909060159500385e+00,0.000000000000000000e+00,4.109194696292269633e+00,3.984265465927883110e+00
8.473094982251072338e+01,-1.914731612702743746e+02,-1.408505066870212818e+00,1.035585370434301877e+00,-6.324909060159500385e+00,0.000000000000000000e+00,4.109194696292269633e+00,3.984265465927883110e+00
8.483450835955414959e+01,-1.921056521762903344e+02,-1.408505066870212818e+00,1.035585370434301877e+00,-6.324909060159500385e+00,0.000000000000000000e+00,4.109194696292269633e+00,3.984265465927883110e+00
8.493806689659757581e+01,-1.927381430823062942e+02,-1.408505066870212818e+00,1.035585370434301877e+00,-6.324909060159500385e+00,0.000000000000000000e+00,4.109194696292269633e+00,3.984265465927883110e+00
8.504162543364100202e+01,-1.933706339883222540e+02,-1.408505066870212818e+00,1.035585370434301877e+00,-6.324909060159500385e+00,0.000000000000000000e+00,4.109194696292269633e+00,3.984265465927883110e+00
8.514518397068442823e+01,-1.940031248943382138e+02,-1.408505066870212818e+00,1.035585370434301877e+00,-6.324909060159500385e+00,0.000000000000000000e+00,4.109194696292269633e+00,3.984265465927883110e+00
8.524874250772785444e+01,-1.946356158003541736e+02,-1.408505066870212818e+00,1.035585370434301877e+00,-6.324909060159500385e+00,0.000000000000000000e+00,4.109194696292269633e+00,3.984265465927883110e+00
8.535230104477128066e+01,-1.952681067063701335e+02,-1.408505066870212818e+00,1.035585370434301877e+00,-6.324909060159500385e+00,0.000000000000000000e+00,4.109194696292269633e+00,3.984265465927883110e+00
8.545585958181470687e+01,-1.959005976123860933e+02,-1.408505066870212818e+00,1.035585370434301877e+00,-6.324909060159500385e+00,0.000000000000000000e+00,4.109194696292269633e+00,3.984265465927883110e+00
8.555941811885813308e+01,-1.965330885184020531e+02,-1.408505066870212818e+00,1.035585370434301877e+00,-6.324909060159500385e+00,0.000000000000000000e+00,4.109194696292269633e+00,3.984265465927883110e+00
8.566297665590155930e+01,-1.971655794244180129e+02,-1.408505066870212818e+00,1.035585370434301877e+00,-6.324909060159500385e+00,0.000000000000000000e+00,4.109194696292269633e+00,3.984265465927883110e+00
8.576653519294498551e+01,-1.977980703304339727e+02,-1.408505066870212818e+00,1.035585370434301877e+00,-6.324909060159500385e+00,0.000000000000000000e+00,4.109194696292269633e+00,3.984265465927883110e+00
8.587009372998841172e+01,-1.984305612364499325e+02,-1.408505066870212818e+00,1.035585370434301877e+00,-6.324909060159500385e+00,0.000000000000000000e+00,4.109194696292269633e+00,3.984265465927883110e+00
8.597365226703183794e+01,-1.990630521424658923e+02,-1.408505066870212818e+00,1.035585370434301877e+00,-6.324909060159500385e+00,0.000000000000000000e+00,4.109194696292269633e+00,3.984265465927883110e+00
8.607721080407526415e+01,-1.996955430484818521e+02,-1.408505066870212818e+00,1.035585370434301877e+00,-6.324909060159500385e+00,0.000000000000000000e+00,4.109194696292269633e+00,3.984265465927883110e+00
8.618076934111869036e+01,-2.003280339544978119e+02,-1.408505066870212818e+00,1.035585370434301877e+00,-6.324909060159500385e+00,0.000000000000000000e+00,4.109194696292269633e+00,3.984265465927883110e+00
8.628432787816211658e+01,-2.009605248605137717e+02,-1.408505066870212818e+00,1.035585370434301877e+00,-6.324909060159500385e+00,0.000000000000000000e+00,4.109194696292269633e+00,3.984265465927883110e+00
8.638788641520554279e+01,-2.015930157665297315e+02,-1.408505066870212818e+00,1.035585370434301877e+00,-6.324909060159500385e+00,0.000000000000000000e+00,4.109194696292269633e+00,3.984265465927883110e+00
8.649144495224896900e+01,-2.022255066725456913e+02,-1.408505066870212818e+00,1.035585370434301877e+00,-6.324909060159500385e+00,0.000000000000000000e+00,4.109194696292269633e+00,3.984265465927883110e+00
8.659500348929239522e+01,-2.028579975785616512e+02,-1.408505066870212818e+00,1.035585370434301877e+00,-6.324909060159500385e+00,0.000000000000000000e+00,4.109194696292269633e+00,3.984265465927883110e+00
8.669856202633582143e+01,-2.034904884845776110e+02,-1.408505066870212818e+00,1.035585370434301877e+00,-6.324909060159500385e+00,0.000000000000000000e+00,4.109194696292269633e+00,3.984265465927883110e+00
8.680212056337924764e+01,-2.041229793905935708e+02,-1.408505066870212818e+00,1.035585370434301877e+00,-6.324909060159500385e+00,0.000000000000000000e+00,4.109194696292269633e+00,3.984265465927883110e+00
8.690567910042267386e+01,-2.047554702966095306e+02,-1.408505066870212818e+00,1.035585370434301877e+00,-6.324909060159500385e+00,0.000000000000000000e+00,4.109194696292269633e+00,3.984265465927883110e+00
8.700923763746610007e+01,-2.053879612026254904e+02,-1.408505066870212818e+00,1.035585370434301877e+00,-6.324909060159500385e+00,0.000000000000000000e+00,4.109194696292269633e+00,3.984265465927883110e+00
8.711279617450952628e+01,-2.060204521086414502e+02,-1.408505066870212818e+00,1.035585370434301877e+00,-6.324909060159500385e+00,0.000000000000000000e+00,4.109194696292269633e+00,3.984265465927883110e+00
8.721635471155295249e+01,-2.066529430146574100e+02,-1.408505066870212818e+00,1.035585370434301877e+00,-6.324909060159500385e+00,0.000000000000000000e+00,4.109194696292269633e+00,3.984265465927883110e+00
8.731991324859637871e+01,-2.072854339206733698e+02,-1.408505066870212818e+00,1.035585370434301877e+00,-6.324909060159500385e+00,0.000000000000000000e+00,4.109194696292269633e+00,3.984265465927883110e+00
8.742347178563980492e+01,-2.079179248266893296e+02,-1.408505066870212818e+00,1.035585370434301877e+00,-6.324909060159500385e+00,0.000000000000000000e+00,4.109194696292269633e+00,3.984265465927883110e+00
8.752703032268323113e+01,-2.085504157327052894e+02,-1.408505066870212818e+00,1.035585370434301877e+00,-6.324909060159500385e+00,0.000000000000000000e+00,4.109194696292269633e+00,3.984265465927883110e+00
8.763058885972665735e+01,-2.091829066387212492e+02,-1.408505066870212818e+00,1.035585370434301877e+00,-6.324909060159500385e+00,0.000000000000000000e+00,4.109194696292269633e+00,3.984265465927883110e+00
8.773414739677008356e+01,-2.098153975447372090e+02,-1.408505066870212818e+00,1.035585370434301877e+00,-6.324909060159500385e+00,0.000000000000000000e+00,4.109194696292269633e+00,3.984265465927883110e+00
8.783770593381350977e+01,-2.104478884507531689e+02,-1.408505066870212818e+00,1.035585370434301877e+00,-6.324909060159500385e+00,0.000000000000000000e+00,4.109194696292269633e+00,3.984265465927883110e+00
8.794126447085693599e+01,-2.110803793567691287e+02,-1.408505066870212818e+00,1.035585370434301877e+00,-6.324909060159500385e+00,0.000000000000000000e+00,4.109194696292269633e+00,3.984265465927883110e+00
8.804482300790036220e+01,-2.117128702627850885e+02,-1.408505066870212818e+00,1.035585370434301877e+00,-6.324909060159500385e+00,0.000000000000000000e+00,4.109194696292269633e+00,3.984265465927883110e+00
8.814838154494378841e+01,-2.123453611688010483e+02,-1.408505066870212818e+00,1.035585370434301877e+00,-6.324909060159500385e+00,0.000000000000000000e+00,4.109194696292269633e+00,3.984265465927883110e+00
8.825194008198721463e+01,-2.129778520748170081e+02,-1.408505066870212818e+00,1.035585370434301877e+00,-6.324909060159500385e+00,0.000000000000000000e+00,4.109194696292269633e+00,3.984265465927883110e+00
8.835549861903064084e+01,-2.136103429808329679e+02,-1.408505066870212818e+00,1.035585370434301877e+00,-6.324909060159500385e+00,0.000000000000000000e+00,4.109194696292269633e+00,3.984265465927883110e+00
8.845905715607406705e+01,-2.142428338868489277e+02,-1.408505066870212818e+00,1.035585370434301877e+00,-6.324909060159500385e+00,0.000000000000000000e+00,4.109194696292269633e+00,3.984265465927883110e+00
8.856261569311749327e+01,-2.148753247928648875e+02,-1.408505066870212818e+00,1.035585370434301877e+00,-6.324909060159500385e+00,0.000000000000000000e+00,4.109194696292269633e+00,3.984265465927883110e+00
8.866617423016091948e+01,-2.155078156988808473e+02,-1.408505066870212818e+00,1.035585370434301877e+00,-6.324909060159500385e+00,0.000000000000000000e+00,4.109194696292269633e+00,3.984265465927883110e+00
8.876973276720434569e+01,-2.161403066048968071e+02,-1.408505066870212818e+00,1.035585370434301877e+00,-6.324909060159500385e+00,0.000000000000000000e+00,4.109194696292269633e+00,3.984265465927883110e+00
8.887329130424777190e+01,-2.167727975109127669e+02,-1.408505066870212818e+00,1.035585370434301877e+00,-6.324909060159500385e+00,0.000000000000000000e+00,4.109194696292269633e+00,3.984265465927883110e+00
8.897684984129119812e+01,-2.174052884169287267e+02,-1.408505066870212818e+00,1.035585370434301877e+00,-6.324909060159500385e+00,0.000000000000000000e+00,4.109194696292269633e+00,3.984265465927883110e+00
8.908040837833462433e+01,-2.180377793229446866e+02,-1.408505066870212818e+00,1.035585370434301877e+00,-6.324909060159500385e+00,0.000000000000000000e+00,4.109194696292269633e+00,3.984265465927883110e+00
8.918396691537805054e+01,-2.186702702289606464e+02,-1.408505066870212818e+00,1.035585370434301877e+00,-6.324909060159500385e+00,0.000000000000000000e+00,4.109194696292269633e+00,3.984265465927883110e+00
8.928752545242147676e+01,-2.193027611349766062e+02,-1.408505066870212818e+00,1.035585370434301877e+00,-6.324909060159500385e+00,0.000000000000000000e+00,4.109194696292269633e+00,3.984265465927883110e+00
8.939108398946490297e+01,-2.199352520409925660e+02,-1.408505066870212818e+00,1.035585370434301877e+00,-6.324909060159500385e+00,0.000000000000000000e+00,4.109194696292269633e+00,3.984265465927883110e+00
8.949464252650832918e+01,-2.205677429470085258e+02,-1.408505066870212818e+00,1.035585370434301877e+00,-6.324909060159500385e+00,0.000000000000000000e+00,4.109194696292269633e+00,3.984265465927883110e+00
8.959820106355175540e+01,-2.212002338530244856e+02,-1.408505066870212818e+00,1.035585370434301877e+00,-6.324909060159500385e+00,0.000000000000000000e+00,4.109194696292269633e+00,3.984265465927883110e+00
8.970175960059518161e+01,-2.218327247590404454e+02,-1.408505066870212818e+00,1.035585370434301877e+00,-6.324909060159500385e+00,0.000000000000000000e+00,4.109194696292269633e+00,3.984265465927883110e+00
8.980531813763860782e+01,-2.224652156650564052e+02,-1.408505066870212818e+00,1.035585370434301877e+00,-6.324909060159500385e+00,0.000000000000000000e+00,4.109194696292269633e+00,3.984265465927883110e+00
8.990887667468203404e+01,-2.230977065710723650e+02,-1.408505066870212818e+00,1.035585370434301877e+00,-6.324909060159500385e+00,0.000000000000000000e+00,4.109194696292269633e+00,3.984265465927883110e+00
9.001243521172546025e+01,-2.237301974770883248e+02,-1.408505066870212818e+00,1.035585370434301877e+00,-6.324909060159500385e+00,0.000000000000000000e+00,4.109194696292269633e+00,3.984265465927883110e+00
9.011599374876888646e+01,-2.243626883831042846e+02,-1.408505066870212818e+00,1.035585370434301877e+00,-6.324909060159500385e+00,0.000000000000000000e+00,4.109194696292269633e+00,3.984265465927883110e+00
9.021955228581231268e+01,-2.249951792891202444e+02,-1.408505066870212818e+00,1.035585370434301877e+00,-6.324909060159500385e+00,0.000000000000000000e+00,4.109194696292269633e+00,3.984265465927883110e+00
9.032311082285573889e+01,-2.256276701951362043e+02,-1.408505066870212818e+00,1.035585370434301877e+00,-6.324909060159500385e+00,0.000000000000000000e+00,4.109194696292269633e+00,3.984265465927883110e+00
9.042666935989916510e+01,-2.262601611011521641e+02,-1.408505066870212818e+00,1.035585370434301877e+00,-6.324909060159500385e+00,0.000000000000000000e+00,4.109194696292269633e+00,3.984265465927883110e+00
9.053022789694259131e+01,-2.268926520071681239e+02,-1.408505066870212818e+00,1.035585370434301877e+00,-6.324909060159500385e+00,0.000000000000000000e+00,4.109194696292269633e+00,3.984265465927883110e+00
9.063378643398601753e+01,-2.275251429131840837e+02,-1.408505066870212818e+00,1.035585370434301877e+00,-6.324909060159500385e+00,0.000000000000000000e+00,4.109194696292269633e+00,3.984265465927883110e+00
9.073734497102944374e+01,-2.281576338192000435e+02,-1.408505066870212818e+00,1.035585370434301877e+00,-6.324909060159500385e+00,0.000000000000000000e+00,4.109194696292269633e+00,3.984265465927883110e+00
9.084090350807286995e+01,-2.287901247252160033e+02,-1.408505066870212818e+00,1.035585370434301877e+00,-6.324909060159500385e+00,0.000000000000000000e+00,4.109194696292269633e+00,3.984265465927883110e+00
9.094446204511629617e+01,-2.294226156312319631e+02,-1.408505066870212818e+00,1.035585370434301877e+00,-6.324909060159500385e+00,0.000000000000000000e+00,4.109194696292269633e+00,3.984265465927883110e+00
9.104802058215972238e+01,-2.300551065372479229e+02,-1.408505066870212818e+00,1.035585370434301877e+00,-6.324909060159500385e+00,0.000000000000000000e+00,4.109194696292269633e+00,3.984265465927883110e+00
9.115157911920314859e+01,-2.306875974432638827e+02,-1.408505066870212818e+00,1.035585370434301877e+00,-6.324909060159500385e+00,0.000000000000000000e+00,4.109194696292269633e+00,3.984265465927883110e+00
9.125513765624657481e+01,-2.313200883492798425e+02,-1.408505066870212818e+00,1.035585370434301877e+00,-6.324909060159500385e+00,0.000000000000000000e+00,4.109194696292269633e+00,3.984265465927883110e+00
9.135869619329000102e+01,-2.319525792552958023e+02,-1.408505066870212818e+00,1.035585370434301877e+00,-6.324909060159500385e+00,0.000000000000000000e+00,4.109194696292269633e+00,3.984265465927883110e+00
9.146225473033342723e+01,-2.325850701613117621e+02,-1.408505066870212818e+00,1.035585370434301877e+00,-6.324909060159500385e+00,0.000000000000000000e+00,4.109194696292269633e+00,3.984265465927883110e+00
9.156581326737685345e+01,-2.332175610673277220e+02,-1.408505066870212818e+00,1.035585370434301877e+00,-6.324909060159500385e+00,0.000000000000000000e+00,4.109194696292269633e+00,3.984265465927883110e+00
9.166937180442027966e+01,-2.338500519733436818e+02,-1.408505066870212818e+00,1.035585370434301877e+00,-6.324909060159500385e+00,0.000000000000000000e+00,4.109194696292269633e+00,3.984265465927883110e+00
9.177293034146370587e+01,-2.344825428793596416e+02,-1.408505066870212818e+00,1.035585370434301877e+00,-6.324909060159500385e+00,0.000000000000000000e+00,4.109194696292269633e+00,3.984265465927883110e+00
9.187648887850713209e+01,-2.351150337853756014e+02,-1.408505066870212818e+00,1.035585370434301877e+00,-6.324909060159500385e+00,0.000000000000000000e+00,4.109194696292269633e+00,3.984265465927883110e+00
9.198004741555055830e+01,-2.357475246913915612e+02,-1.408505066870212818e+00,1.035585370434301877e+00,-6.324909060159500385e+00,0.000000000000000000e+00,4.109194696292269633e+00,3.984265465927883110e+00
9.208360595259398451e+01,-2.363800155974075210e+02,-1.408505066870212818e+00,1.035585370434301877e+00,-6.324909060159500385e+00,0.000000000000000000e+00,4.109194696292269633e+00,3.984265465927883110e+00
9.218716448963741072e+01,-2.370125065034234808e+02,-1.408505066870212818e+00,1.035585370434301877e+00,-6.324909060159500385e+00,0.000000000000000000e+00,4.109194696292269633e+00,3.984265465927883110e+00
9.229072302668083694e+01,-2.376449974094394406e+02,-1.408505066870212818e+00,1.035585370434301877e+00,-6.324909060159500385e+00,0.000000000000000000e+00,4.109194696292269633e+00,3.984265465927883110e+00
9.239428156372426315e+01,-2.382774883154554004e+02,-1.408505066870212818e+00,1.035585370434301877e+00,-6.324909060159500385e+00,0.000000000000000000e+00,4.109194696292269633e+00,3.984265465927883110e+00
9.249784010076768936e+01,-2.389099792214713602e+02,-1.408505066870212818e+00,1.035585370434301877e+00,-6.324909060159500385e+00,0.000000000000000000e+00,4.109194696292269633e+00,3.984265465927883110e+00
9.260139863781111558e+01,-2.395424701274873200e+02,-1.408505066870212818e+00,1.035585370434301877e+00,-6.324909060159500385e+00,0.000000000000000000e+00,4.109194696292269633e+00,3.984265465927883110e+00
9.270495717485454179e+01,-2.401749610335032799e+02,-1.408505066870212818e+00,1.035585370434301877e+00,-6.324909060159500385e+00,0.000000000000000000e+00,4.109194696292269633e+00,3.984265465927883110e+00
9.280851571189796800e+01,-2.408074519395192397e+02,-1.408505066870212818e+00,1.035585370434301877e+00,-6.324909060159500385e+00,0.000000000000000000e+00,4.109194696292269633e+00,3.984265465927883110e+00
9.291207424894139422e+01,-2.414399428455351995e+02,-1.408505066870212818e+00,1.035585370434301877e+00,-6.324909060159500385e+00,0.000000000000000000e+00,4.109194696292269633e+00,3.984265465927883110e+00
9.301563278598482043e+01,-2.420724337515511593e+02,-1.408505066870212818e+00,1.035585370434301877e+00,-6.324909060159500385e+00,0.000000000000000000e+00,4.109194696292269633e+00,3.984265465927883110e+00
9.311919132302824664e+01,-2.427049246575671191e+02,-1.408505066870212818e+00,1.035585370434301877e+00,-6.324909060159500385e+00,0.000000000000000000e+00,4.109194696292269633e+00,3.984265465927883110e+00
9.322274986007167286e+01,-2.433374155635830789e+02,-1.408505066870212818e+00,1.035585370434301877e+00,-6.324909060159500385e+00,0.000000000000000000e+00,4.109194696292269633e+00,3.984265465927883110e+00
9.332630839711509907e+01,-2.439699064695990387e+02,-1.408505066870212818e+00,1.035585370434301877e+00,-6.324909060159500385e+00,0.000000000000000000e+00,4.109194696292269633e+00,3.984265465927883110e+00
9.342986693415852528e+01,-2.446023973756149985e+02,-1.408505066870212818e+00,1.035585370434301877e+00,-6.324909060159500385e+00,0.000000000000000000e+00,4.109194696292269633e+00,3.984265465927883110e+00
9.353342547120195150e+01,-2.452348882816309583e+02,-1.408505066870212818e+00,1.035585370434301877e+00,-6.324909060159500385e+00,0.000000000000000000e+00,4.109194696292269633e+00,3.984265465927883110e+00
9.363698400824537771e+01,-2.458673791876469181e+02,-1.408505066870212818e+00,1.035585370434301877e+00,-6.324909060159500385e+00,0.000000000000000000e+00,4.109194696292269633e+00,3.984265465927883110e+00
9.374054254528880392e+01,-2.464998700936628779e+02,-1.408505066870212818e+00,1.035585370434301877e+00,-6.324909060159500385e+00,0.000000000000000000e+00,4.109194696292269633e+00,3.984265465927883110e+00
9.384410108233223013e+01,-2.471323609996788377e+02,-1.408505066870212818e+00,1.035585370434301877e+00,-6.324909060159500385e+00,0.000000000000000000e+00,4.109194696292269633e+00,3.984265465927883110e+00
9.394765961937565635e+01,-2.477648519056947976e+02,-1.408505066870212818e+00,1.035585370434301877e+00,-6.324909060159500385e+00,0.000000000000000000e+00,4.109194696292269633e+00,3.984265465927883110e+00
9.405121815641908256e+01,-2.483973428117107574e+02,-1.408505066870212818e+00,1.035585370434301877e+00,-6.324909060159500385e+00,0.000000000000000000e+00,4.109194696292269633e+00,3.984265465927883110e+00
9.415477669346250877e+01,-2.490298337177267172e+02,-1.408505066870212818e+00,1.035585370434301877e+00,-6.324909060159500385e+00,0.000000000000000000e+00,4.109194696292269633e+00,3.984265465927883110e+00
9.425833523050593499e+01,-2.496623246237426770e+02,-1.408505066870212818e+00,1.035585370434301877e+00,-6.324909060159500385e+00,0.000000000000000000e+00,4.109194696292269633e+00,3.984265465927883110e+00
9.436189376754936120e+01,-2.502948155297586368e+02,-1.408505066870212818e+00,1.035585370434301877e+00,-6.324909060159500385e+00,0.000000000000000000e+00,4.109194696292269633e+00,3.984265465927883110e+00
9.446545230459278741e+01,-2.509273064357745966e+02,-1.408505066870212818e+00,1.035585370434301877e+00,-6.324909060159500385e+00,0.000000000000000000e+00,4.109194696292269633e+00,3.984265465927883110e+00
9.456901084163621363e+01,-2.515597973417905564e+02,-1.408505066870212818e+00,1.035585370434301877e+00,-6.324909060159500385e+00,0.000000000000000000e+00,4.109194696292269633e+00,3.984265465927883110e+00
9.467256937867963984e+01,-2.521922882478065162e+02,-1.408505066870212818e+00,1.035585370434301877e+00,-6.324909060159500385e+00,0.000000000000000000e+00,4.109194696292269633e+00,3.984265465927883110e+00
9.477612791572306605e+01,-2.528247791538224760e+02,-1.408505066870212818e+00,1.035585370434301877e+00,-6.324909060159500385e+00,0.000000000000000000e+00,4.109194696292269633e+00,3.984265465927883110e+00
9.487968645276649227e+01,-2.534572700598384358e+02,-1.408505066870212818e+00,1.035585370434301877e+00,-6.324909060159500385e+00,0.000000000000000000e+00,4.109194696292269633e+00,3.984265465927883110e+00
9.498324498980991848e+01,-2.540897609658543956e+02,-1.408505066870212818e+00,1.035585370434301877e+00,-6.324909060159500385e+00,0.000000000000000000e+00,4.109194696292269633e+00,3.984265465927883110e+00
9.508680352685334469e+01,-2.547222518718703554e+02,-1.408505066870212818e+00,1.035585370434301877e+00,-6.324909060159500385e+00,0.000000000000000000e+00,4.109194696292269633e+00,3.984265465927883110e+00
9.519036206389677091e+01,-2.553547427778863153e+02,-1.408505066870212818e+00,1.035585370434301877e+00,-6.324909060159500385e+00,0.000000000000000000e+00,4.109194696292269633e+00,3.984265465927883110e+00
9.529392060094019712e+01,-2.559872336839022751e+02,-1.408505066870212818e+00,1.035585370434301877e+00,-6.324909060159500385e+00,0.000000000000000000e+00,4.109194696292269633e+00,3.984265465927883110e+00
9.539747913798362333e+01,-2.566197245899182349e+02,-1.408505066870212818e+00,1.035585370434301877e+00,-6.324909060159500385e+00,0.000000000000000000e+00,4.109194696292269633e+00,3.984265465927883110e+00
9.550103767502704954e+01,-2.572522154959341947e+02,-1.408505066870212818e+00,1.035585370434301877e+00,-6.324909060159500385e+00,0.000000000000000000e+00,4.109194696292269633e+00,3.984265465927883110e+00
9.560459621207047576e+01,-2.578847064019501545e+02,-1.408505066870212818e+00,1.035585370434301877e+00,-6.324909060159500385e+00,0.000000000000000000e+00,4.109194696292269633e+00,3.984265465927883110e+00
9.570815474911390197e+01,-2.585171973079661143e+02,-1.408505066870212818e+00,1.035585370434301877e+00,-6.324909060159500385e+00,0.000000000000000000e+00,4.109194696292269633e+00,3.984265465927883110e+00
9.581171328615732818e+01,-2.591496882139820741e+02,-1.408505066870212818e+00,1.035585370434301877e+00,-6.324909060159500385e+00,0.000000000000000000e+00,4.109194696292269633e+00,3.984265465927883110e+00
9.591527182320075440e+01,-2.597821791199980339e+02,-1.408505066870212818e+00,1.035585370434301877e+00,-6.324909060159500385e+00,0.000000000000000000e+00,4.109194696292269633e+00,3.984265465927883110e+00
9.601883036024418061e+01,-2.604146700260139937e+02,-1.408505066870212818e+00,1.035585370434301877e+00,-6.324909060159500385e+00,0.000000000000000000e+00,4.109194696292269633e+00,3.984265465927883110e+00
9.612238889728760682e+01,-2.610471609320299535e+02,-1.408505066870212818e+00,1.035585370434301877e+00,-6.324909060159500385e+00,0.000000000000000000e+00,4.109194696292269633e+00,3.984265465927883110e+00
9.622594743433103304e+01,-2.616796518380459133e+02,-1.408505066870212818e+00,1.035585370434301877e+00,-6.324909060159500385e+00,0.000000000000000000e+00,4.109194696292269633e+00,3.984265465927883110e+00
9.632950597137445925e+01,-2.623121427440618731e+02,-1.408505066870212818e+00,1.035585370434301877e+00,-6.324909060159500385e+00,0.000000000000000000e+00,4.109194696292269633e+00,3.984265465927883110e+00
9.643306450841788546e+01,-2.629446336500778330e+02,-1.408505066870212818e+00,1.035585370434301877e+00,-6.324909060159500385e+00,0.000000000000000000e+00,4.109194696292269633e+00,3.984265465927883110e+00
9.653662304546131168e+01,-2.635771245560937928e+02,-1.408505066870212818e+00,1.035585370434301877e+00,-6.324909060159500385e+00,0.000000000000000000e+00,4.109194696292269633e+00,3.984265465927883110e+00
9.664018158250473789e+01,-2.642096154621097526e+02,-1.408505066870212818e+00,1.035585370434301877e+00,-6.324909060159500385e+00,0.000000000000000000e+00,4.109194696292269633e+00,3.984265465927883110e+00
9.674374011954816410e+01,-2.648421063681257124e+02,-1.408505066870212818e+00,1.035585370434301877e+00,-6.324909060159500385e+00,0.000000000000000000e+00,4.109194696292269633e+00,3.984265465927883110e+00
9.684729865659159032e+01,-2.654745972741416722e+02,-1.408505066870212818e+00,1.035585370434301877e+00,-6.324909060159500385e+00,0.000000000000000000e+00,4.109194696292269633e+00,3.984265465927883110e+00
9.695085719363501653e+01,-2.661070881801576320e+02,-1.408505066870212818e+00,1.035585370434301877e+00,-6.324909060159500385e+00,0.000000000000000000e+00,4.109194696292269633e+00,3.984265465927883110e+00
9.705441573067844274e+01,-2.667395790861735918e+02,-1.408505066870212818e+00,1.035585370434301877e+00,-6.324909060159500385e+00,0.000000000000000000e+00,4.109194696292269633e+00,3.984265465927883110e+00
9.715797426772186896e+01,-2.673720699921895516e+02,-1.408505066870212818e+00,1.035585370434301877e+00,-6.324909060159500385e+00,0.000000000000000000e+00,4.109194696292269633e+00,3.984265465927883110e+00
9.726153280476529517e+01,-2.680045608982055114e+02,-1.408505066870212818e+00,1.035585370434301877e+00,-6.324909060159500385e+00,0.000000000000000000e+00,4.109194696292269633e+00,3.984265465927883110e+00
9.736509134180872138e+01,-2.686370518042214712e+02,-1.408505066870212818e+00,1.035585370434301877e+00,-6.324909060159500385e+00,0.000000000000000000e+00,4.109194696292269633e+00,3.984265465927883110e+00
9.746864987885214759e+01,-2.692695427102374310e+02,-1.408505066870212818e+00,1.035585370434301877e+00,-6.324909060159500385e+00,0.000000000000000000e+00,4.109194696292269633e+00,3.984265465927883110e+00
9.757220841589557381e+01,-2.699020336162533908e+02,-1.408505066870212818e+00,1.035585370434301877e+00,-6.324909060159500385e+00,0.000000000000000000e+00,4.109194696292269633e+00,3.984265465927883110e+00
9.767576695293900002e+01,-2.705345245222693507e+02,-1.408505066870212818e+00,1.035585370434301877e+00,-6.324909060159500385e+00,0.000000000000000000e+00,4.109194696292269633e+00,3.984265465927883110e+00
9.777932548998242623e+01,-2.711670154282853105e+02,-1.408505066870212818e+00,1.035585370434301877e+00,-6.324909060159500385e+00,0.000000000000000000e+00,4.109194696292269633e+00,3.984265465927883110e+00
9.788288402702585245e+01,-2.717995063343012703e+02,-1.408505066870212818e+00,1.035585370434301877e+00,-6.324909060159500385e+00,0.000000000000000000e+00,4.109194696292269633e+00,3.984265465927883110e+00
9.798644256406927866e+01,-2.724319972403172301e+02,-1.408505066870212818e+00,1.035585370434301877e+00,-6.324909060159500385e+00,0.000000000000000000e+00,4.109194696292269633e+00,3.984265465927883110e+00
9.809000110111270487e+01,-2.730644881463331899e+02,-1.408505066870212818e+00,1.035585370434301877e+00,-6.324909060159500385e+00,0.000000000000000000e+00,4.109194696292269633e+00,3.984265465927883110e+00
9.819355963815613109e+01,-2.736969790523491497e+02,-1.408505066870212818e+00,1.035585370434301877e+00,-6.324909060159500385e+00,0.000000000000000000e+00,4.109194696292269633e+00,3.984265465927883110e+00
9.829711817519955730e+01,-2.743294699583651095e+02,-1.408505066870212818e+00,1.035585370434301877e+00,-6.324909060159500385e+00,0.000000000000000000e+00,4.109194696292269633e+00,3.984265465927883110e+00
9.840067671224298351e+01,-2.749619608643810693e+02,-1.408505066870212818e+00,1.035585370434301877e+00,-6.324909060159500385e+00,0.000000000000000000e+00,4.109194696292269633e+00,3.984265465927883110e+00
9.850423524928640973e+01,-2.755944517703970291e+02,-1.408505066870212818e+00,1.035585370434301877e+00,-6.324909060159500385e+00,0.000000000000000000e+00,4.109194696292269633e+00,3.984265465927883110e+00
9.860779378632983594e+01,-2.762269426764129889e+02,-1.408505066870212818e+00,1.035585370434301877e+00,-6.324909060159500385e+00,0.000000000000000000e+00,4.109194696292269633e+00,3.984265465927883110e+00
9.871135232337326215e+01,-2.768594335824289487e+02,-1.408505066870212818e+00,1.035585370434301877e+00,-6.324909060159500385e+00,0.000000000000000000e+00,4.109194696292269633e+00,3.984265465927883110e+00
9.881491086041668837e+01,-2.774919244884449085e+02,-1.408505066870212818e+00,1.035585370434301877e+00,-6.324909060159500385e+00,0.000000000000000000e+00,4.109194696292269633e+00,3.984265465927883110e+00
9.891846939746011458e+01,-2.781244153944608684e+02,-1.408505066870212818e+00,1.035585370434301877e+00,-6.324909060159500385e+00,0.000000000000000000e+00,4.109194696292269633e+00,3.984265465927883110e+00
9.902202793450354079e+01,-2.787569063004768282e+02,-1.408505066870212818e+00,1.035585370434301877e+00,-6.324909060159500385e+00,0.000000000000000000e+00,4.109194696292269633e+00,3.984265465927883110e+00
9.912558647154696700e+01,-2.793893972064927880e+02,-1.408505066870212818e+00,1.035585370434301877e+00,-6.324909060159500385e+00,0.000000000000000000e+00,4.109194696292269633e+00,3.984265465927883110e+00
9.922914500859039322e+01,-2.800218881125087478e+02,-1.408505066870212818e+00,1.035585370434301877e+00,-6.324909060159500385e+00,0.000000000000000000e+00,4.109194696292269633e+00,3.984265465927883110e+00
9.933270354563381943e+01,-2.806543790185247076e+02,-1.408505066870212818e+00,1.035585370434301877e+00,-6.324909060159500385e+00,0.000000000000000000e+00,4.109194696292269633e+00,3.984265465927883110e+00
9.943626208267724564e+01,-2.812868699245406674e+02,-1.408505066870212818e+00,1.035585370434301877e+00,-6.324909060159500385e+00,0.000000000000000000e+00,4.109194696292269633e+00,3.984265465927883110e+00
9.953982061972067186e+01,-2.819193608305566272e+02,-1.408505066870212818e+00,1.035585370434301877e+00,-6.324909060159500385e+00,0.000000000000000000e+00,4.109194696292269633e+00,3.984265465927883110e+00
9.964337915676409807e+01,-2.825518517365725870e+02,-1.408505066870212818e+00,1.035585370434301877e+00,-6.324909060159500385e+00,0.000000000000000000e+00,4.109194696292269633e+00,3.984265465927883110e+00
9.974693769380752428e+01,-2.831843426425885468e+02,-1.408505066870212818e+00,1.035585370434301877e+00,-6.324909060159500385e+00,0.000000000000000000e+00,4.109194696292269633e+00,3.984265465927883110e+00
9.985049623085095050e+01,-2.838168335486045066e+02,-1.408505066870212818e+00,1.035585370434301877e+00,-6.324909060159500385e+00,0.000000000000000000e+00,4.109194696292269633e+00,3.984265465927883110e+00
9.995405476789437671e+01,-2.844493244546204664e+02,-1.408505066870212818e+00,1.035585370434301877e+00,-6.324909060159500385e+00,0.000000000000000000e+00,4.109194696292269633e+00,3.984265465927883110e+00
1.000576133049378029e+02,-2.850818153606364262e+02,-1.408505066870212818e+00,1.035585370434301877e+00,-6.324909060159500385e+00,0.000000000000000000e+00,4.109194696292269633e+00,3.984265465927883110e+00
1.001611718419812291e+02,-2.857143062666523861e+02,-1.408505066870212818e+00,1.035585370434301877e+00,-6.324909060159500385e+00,0.000000000000000000e+00,4.109194696292269633e+00,3.984265465927883110e+00
1.002647303790246553e+02,-2.863467971726683459e+02,-1.408505066870212818e+00,1.035585370434301877e+00,-6.324909060159500385e+00,0.000000000000000000e+00,4.109194696292269633e+00,3.984265465927883110e+00
1.003682889160680816e+02,-2.869792880786843057e+02,-1.408505066870212818e+00,1.035585370434301877e+00,-6.324909060159500385e+00,0.000000000000000000e+00,4.109194696292269633e+00,3.984265465927883110e+00
1.004718474531115078e+02,-2.876117789847002655e+02,-1.408505066870212818e+00,1.035585370434301877e+00,-6.324909060159500385e+00,0.000000000000000000e+00,4.109194696292269633e+00,3.984265465927883110e+00
1.005754059901549340e+02,-2.882442698907162253e+02,-1.408505066870212818e+00,1.035585370434301877e+00,-6.324909060159500385e+00,0.000000000000000000e+00,4.109194696292269633e+00,3.984265465927883110e+00
1.006789645271983602e+02,-2.888767607967321851e+02,-1.408505066870212818e+00,1.035585370434301877e+00,-6.324909060159500385e+00,0.000000000000000000e+00,4.109194696292269633e+00,3.984265465927883110e+00
1.007825230642417864e+02,-2.895092517027481449e+02,-1.408505066870212818e+00,1.035585370434301877e+00,-6.324909060159500385e+00,0.000000000000000000e+00,4.109194696292269633e+00,3.984265465927883110e+00
1.008860816012852126e+02,-2.901417426087641047e+02,-1.408505066870212818e+00,1.035585370434301877e+00,-6.324909060159500385e+00,0.000000000000000000e+00,4.109194696292269633e+00,3.984265465927883110e+00
1.009896401383286388e+02,-2.907742335147800645e+02,-1.408505066870212818e+00,1.035585370434301877e+00,-6.324909060159500385e+00,0.000000000000000000e+00,4.109194696292269633e+00,3.984265465927883110e+00
1.010931986753720651e+02,-2.914067244207960243e+02,-1.408505066870212818e+00,1.035585370434301877e+00,-6.324909060159500385e+00,0.000000000000000000e+00,4.109194696292269633e+00,3.984265465927883110e+00
1.011967572124154913e+02,-2.920392153268119841e+02,-1.408505066870212818e+00,1.035585370434301877e+00,-6.324909060159500385e+00,0.000000000000000000e+00,4.109194696292269633e+00,3.984265465927883110e+00
1.013003157494589175e+02,-2.926717062328279439e+02,-1.408505066870212818e+00,1.035585370434301877e+00,-6.324909060159500385e+00,0.000000000000000000e+00,4.109194696292269633e+00,3.984265465927883110e+00
1.014038742865023437e+02,-2.933041971388439038e+02,-1.408505066870212818e+00,1.035585370434301877e+00,-6.324909060159500385e+00,0.000000000000000000e+00,4.109194696292269633e+00,3.984265465927883110e+00
1.015074328235457699e+02,-2.939366880448598636e+02,-1.408505066870212818e+00,1.035585370434301877e+00,-6.324909060159500385e+00,0.000000000000000000e+00,4.109194696292269633e+00,3.984265465927883110e+00
1.016109913605891961e+02,-2.945691789508758234e+02,-1.408505066870212818e+00,1.035585370434301877e+00,-6.324909060159500385e+00,0.000000000000000000e+00,4.109194696292269633e+00,3.984265465927883110e+00
1.017145498976326223e+02,-2.952016698568917832e+02,-1.408505066870212818e+00,1.035585370434301877e+00,-6.324909060159500385e+00,0.000000000000000000e+00,4.109194696292269633e+00,3.984265465927883110e+00
1.018181084346760485e+02,-2.958341607629077430e+02,-1.408505066870212818e+00,1.035585370434301877e+00,-6.324909060159500385e+00,0.000000000000000000e+00,4.109194696292269633e+00,3.984265465927883110e+00
1.019216669717194748e+02,-2.964666516689237028e+02,-1.408505066870212818e+00,1.035585370434301877e+00,-6.324909060159500385e+00,0.000000000000000000e+00,4.109194696292269633e+00,3.984265465927883110e+00
1.020252255087629010e+02,-2.970991425749396626e+02,-1.408505066870212818e+00,1.035585370434301877e+00,-6.324909060159500385e+00,0.000000000000000000e+00,4.109194696292269633e+00,3.984265465927883110e+00
1.021287840458063272e+02,-2.977316334809556224e+02,-1.408505066870212818e+00,1.035585370434301877e+00,-6.324909060159500385e+00,0.000000000000000000e+00,4.109194696292269633e+00,3.984265465927883110e+00
1.022323425828497534e+02,-2.983641243869715822e+02,-1.408505066870212818e+00,1.035585370434301877e+00,-6.324909060159500385e+00,0.000000000000000000e+00,4.109194696292269633e+00,3.984265465927883110e+00
1.023359011198931796e+02,-2.989966152929875420e+02,-1.408505066870212818e+00,1.035585370434301877e+00,-6.324909060159500385e+00,0.000000000000000000e+00,4.109194696292269633e+00,3.984265465927883110e+00
1.024394596569366058e+02,-2.996291061990035018e+02,-1.408505066870212818e+00,1.035585370434301877e+00,-6.324909060159500385e+00,0.000000000000000000e+00,4.109194696292269633e+00,3.984265465927883110e+00
1.025430181939800320e+02,-3.002615971050194617e+02,-1.408505066870212818e+00,1.035585370434301877e+00,-6.324909060159500385e+00,0.000000000000000000e+00,4.109194696292269633e+00,3.984265465927883110e+00
1.026465767310234583e+02,-3.008940880110354215e+02,-1.408505066870212818e+00,1.035585370434301877e+00,-6.324909060159500385e+00,0.000000000000000000e+00,4.109194696292269633e+00,3.984265465927883110e+00
1.027501352680668845e+02,-3.015265789170513813e+02,-1.408505066870212818e+00,1.035585370434301877e+00,-6.324909060159500385e+00,0.000000000000000000e+00,4.109194696292269633e+00,3.984265465927883110e+00
1.028536938051103107e+02,-3.021590698230673411e+02,-1.408505066870212818e+00,1.035585370434301877e+00,-6.324909060159500385e+00,0.000000000000000000e+00,4.109194696292269633e+00,3.984265465927883110e+00
1.029572523421537369e+02,-3.027915607290833009e+02,-1.408505066870212818e+00,1.035585370434301877e+00,-6.324909060159500385e+00,0.000000000000000000e+00,4.109194696292269633e+00,3.984265465927883110e+00
1.030608108791971631e+02,-3.034240516350992607e+02,-1.408505066870212818e+00,1.035585370434301877e+00,-6.324909060159500385e+00,0.000000000000000000e+00,4.109194696292269633e+00,3.984265465927883110e+00
1.031643694162405893e+02,-3.040565425411152205e+02,-1.408505066870212818e+00,1.035585370434301877e+00,-6.324909060159500385e+00,0.000000000000000000e+00,4.109194696292269633e+00,3.984265465927883110e+00
1.032679279532840155e+02,-3.046890334471311803e+02,-1.408505066870212818e+00,1.035585370434301877e+00,-6.324909060159500385e+00,0.000000000000000000e+00,4.109194696292269633e+00,3.984265465927883110e+00
1.033714864903274417e+02,-3.053215243531471401e+02,-1.408505066870212818e+00,1.035585370434301877e+00,-6.324909060159500385e+00,0.000000000000000000e+00,4.109194696292269633e+00,3.984265465927883110e+00
1.034750450273708680e+02,-3.059540152591630999e+02,-1.408505066870212818e+00,1.035585370434301877e+00,-6.324909060159500385e+00,0.000000000000000000e+00,4.109194696292269633e+00,3.984265465927883110e+00
1.035786035644142942e+02,-3.065865061651790597e+02,-1.408505066870212818e+00,1.035585370434301877e+00,-6.324909060159500385e+00,0.000000000000000000e+00,4.109194696292269633e+00,3.984265465927883110e+00
1.036821621014577204e+02,-3.072189970711950195e+02,-1.408505066870212818e+00,1.035585370434301877e+00,-6.324909060159500385e+00,0.000000000000000000e+00,4.109194696292269633e+00,3.984265465927883110e+00
1.037857206385011466e+02,-3.078514879772109794e+02,-1.408505066870212818e+00,1.035585370434301877e+00,-6.324909060159500385e+00,0.000000000000000000e+00,4.109194696292269633e+00,3.984265465927883110e+00
1.038892791755445728e+02,-3.084839788832269392e+02,-1.408505066870212818e+00,1.035585370434301877e+00,-6.324909060159500385e+00,0.000000000000000000e+00,4.109194696292269633e+00,3.984265465927883110e+00
1.039928377125879990e+02,-3.091164697892428990e+02,-1.408505066870212818e+00,1.035585370434301877e+00,-6.324909060159500385e+00,0.000000000000000000e+00,4.109194696292269633e+00,3.984265465927883110e+00
1.040963962496314252e+02,-3.097489606952588588e+02,-1.408505066870212818e+00,1.035585370434301877e+00,-6.324909060159500385e+00,0.000000000000000000e+00,4.109194696292269633e+00,3.984265465927883110e+00
1.041999547866748514e+02,-3.103814516012748186e+02,-1.408505066870212818e+00,1.035585370434301877e+00,-6.324909060159500385e+00,0.000000000000000000e+00,4.109194696292269633e+00,3.984265465927883110e+00
1.043035133237182777e+02,-3.110139425072907784e+02,-1.408505066870212818e+00,1.035585370434301877e+00,-6.324909060159500385e+00,0.000000000000000000e+00,4.109194696292269633e+00,3.984265465927883110e+00
1.044070718607617039e+02,-3.116464334133067382e+02,-1.408505066870212818e+00,1.035585370434301877e+00,-6.324909060159500385e+00,0.000000000000000000e+00,4.109194696292269633e+00,3.984265465927883110e+00
1.045106303978051301e+02,-3.122789243193226980e+02,-1.408505066870212818e+00,1.035585370434301877e+00,-6.324909060159500385e+00,0.000000000000000000e+00,4.109194696292269633e+00,3.984265465927883110e+00
1.046141889348485563e+02,-3.129114152253386578e+02,-1.408505066870212818e+00,1.035585370434301877e+00,-6.324909060159500385e+00,0.000000000000000000e+00,4.109194696292269633e+00,3.984265465927883110e+00
1.047177474718919825e+02,-3.135439061313546176e+02,-1.408505066870212818e+00,1.035585370434301877e+00,-6.324909060159500385e+00,0.000000000000000000e+00,4.109194696292269633e+00,3.984265465927883110e+00
1.048213060089354087e+02,-3.141763970373705774e+02,-1.408505066870212818e+00,1.035585370434301877e+00,-6.324909060159500385e+00,0.000000000000000000e+00,4.109194696292269633e+00,3.984265465927883110e+00
1.049248645459788349e+02,-3.148088879433865372e+02,-1.408505066870212818e+00,1.035585370434301877e+00,-6.324909060159500385e+00,0.000000000000000000e+00,4.109194696292269633e+00,3.984265465927883110e+00
1.050284230830222612e+02,-3.154413788494024971e+02,-1.408505066870212818e+00,1.035585370434301877e+00,-6.324909060159500385e+00,0.000000000000000000e+00,4.109194696292269633e+00,3.984265465927883110e+00
1.051319816200656874e+02,-3.160738697554184569e+02,-1.408505066870212818e+00,1.035585370434301877e+00,-6.324909060159500385e+00,0.000000000000000000e+00,4.109194696292269633e+00,3.984265465927883110e+00
1.052355401571091136e+02,-3.167063606614344167e+02,-1.408505066870212818e+00,1.035585370434301877e+00,-6.324909060159500385e+00,0.000000000000000000e+00,4.109194696292269633e+00,3.984265465927883110e+00
1.053390986941525398e+02,-3.173388515674503765e+02,-1.408505066870212818e+00,1.035585370434301877e+00,-6.324909060159500385e+00,0.000000000000000000e+00,4.109194696292269633e+00,3.984265465927883110e+00
1.054426572311959660e+02,-3.179713424734663363e+02,-1.408505066870212818e+00,1.035585370434301877e+00,-6.324909060159500385e+00,0.000000000000000000e+00,4.109194696292269633e+00,3.984265465927883110e+00
1.055462157682393922e+02,-3.186038333794822961e+02,-1.408505066870212818e+00,1.035585370434301877e+00,-6.324909060159500385e+00,0.000000000000000000e+00,4.109194696292269633e+00,3.984265465927883110e+00
1.056497743052828184e+02,-3.192363242854982559e+02,-1.408505066870212818e+00,1.035585370434301877e+00,-6.324909060159500385e+00,0.000000000000000000e+00,4.109194696292269633e+00,3.984265465927883110e+00
1.057533328423262446e+02,-3.198688151915142157e+02,-1.408505066870212818e+00,1.035585370434301877e+00,-6.324909060159500385e+00,0.000000000000000000e+00,4.109194696292269633e+00,3.984265465927883110e+00
1.058568913793696709e+02,-3.205013060975301755e+02,-1.408505066870212818e+00,1.035585370434301877e+00,-6.324909060159500385e+00,0.000000000000000000e+00,4.109194696292269633e+00,3.984265465927883110e+00
1.059604499164130971e+02,-3.211337970035461353e+02,-1.408505066870212818e+00,1.035585370434301877e+00,-6.324909060159500385e+00,0.000000000000000000e+00,4.109194696292269633e+00,3.984265465927883110e+00
1.060640084534565233e+02,-3.217662879095620951e+02,-1.408505066870212818e+00,1.035585370434301877e+00,-6.324909060159500385e+00,0.000000000000000000e+00,4.109194696292269633e+00,3.984265465927883110e+00
1.061675669904999495e+02,-3.223987788155780549e+02,-1.408505066870212818e+00,1.035585370434301877e+00,-6.324909060159500385e+00,0.000000000000000000e+00,4.109194696292269633e+00,3.984265465927883110e+00
1.062711255275433757e+02,-3.230312697215940148e+02,-1.408505066870212818e+00,1.035585370434301877e+00,-6.324909060159500385e+00,0.000000000000000000e+00,4.109194696292269633e+00,3.984265465927883110e+00
1.063746840645868019e+02,-3.236637606276099746e+02,-1.408505066870212818e+00,1.035585370434301877e+00,-6.324909060159500385e+00,0.000000000000000000e+00,4.109194696292269633e+00,3.984265465927883110e+00
1.064782426016302281e+02,-3.242962515336259344e+02,-1.408505066870212818e+00,1.035585370434301877e+00,-6.324909060159500385e+00,0.000000000000000000e+00,4.109194696292269633e+00,3.984265465927883110e+00
1.065818011386736543e+02,-3.249287424396418942e+02,-1.408505066870212818e+00,1.035585370434301877e+00,-6.324909060159500385e+00,0.000000000000000000e+00,4.109194696292269633e+00,3.984265465927883110e+00
1.066853596757170806e+02,-3.255612333456578540e+02,-1.408505066870212818e+00,1.035585370434301877e+00,-6.324909060159500385e+00,0.000000000000000000e+00,4.109194696292269633e+00,3.984265465927883110e+00
1.067889182127605068e+02,-3.261937242516738138e+02,-1.408505066870212818e+00,1.035585370434301877e+00,-6.324909060159500385e+00,0.000000000000000000e+00,4.109194696292269633e+00,3.984265465927883110e+00
1.068924767498039330e+02,-3.268262151576897736e+02,-1.408505066870212818e+00,1.035585370434301877e+00,-6.324909060159500385e+00,0.000000000000000000e+00,4.109194696292269633e+00,3.984265465927883110e+00
1.069960352868473592e+02,-3.274587060637057334e+02,-1.408505066870212818e+00,1.035585370434301877e+00,-6.324909060159500385e+00,0.000000000000000000e+00,4.109194696292269633e+00,3.984265465927883110e+00
1.070995938238907854e+02,-3.280911969697216932e+02,-1.408505066870212818e+00,1.035585370434301877e+00,-6.324909060159500385e+00,0.000000000000000000e+00,4.109194696292269633e+00,3.984265465927883110e+00
1.072031523609342116e+02,-3.287236878757376530e+02,-1.408505066870212818e+00,1.035585370434301877e+00,-6.324909060159500385e+00,0.000000000000000000e+00,4.109194696292269633e+00,3.984265465927883110e+00
1.073067108979776378e+02,-3.293561787817536128e+02,-1.408505066870212818e+00,1.035585370434301877e+00,-6.324909060159500385e+00,0.000000000000000000e+00,4.109194696292269633e+00,3.984265465927883110e+00
1.074102694350210641e+02,-3.299886696877695726e+02,-1.408505066870212818e+00,1.035585370434301877e+00,-6.324909060159500385e+00,0.000000000000000000e+00,4.109194696292269633e+00,3.984265465927883110e+00
1.075138279720644903e+02,-3.306211605937855325e+02,-1.408505066870212818e+00,1.035585370434301877e+00,-6.324909060159500385e+00,0.000000000000000000e+00,4.109194696292269633e+00,3.984265465927883110e+00
1.076173865091079165e+02,-3.312536514998014923e+02,-1.408505066870212818e+00,1.035585370434301877e+00,-6.324909060159500385e+00,0.000000000000000000e+00,4.109194696292269633e+00,3.984265465927883110e+00
1.077209450461513427e+02,-3.318861424058174521e+02,-1.408505066870212818e+00,1.035585370434301877e+00,-6.324909060159500385e+00,0.000000000000000000e+00,4.109194696292269633e+00,3.984265465927883110e+00
1.078245035831947689e+02,-3.325186333118334119e+02,-1.408505066870212818e+00,1.035585370434301877e+00,-6.324909060159500385e+00,0.000000000000000000e+00,4.109194696292269633e+00,3.984265465927883110e+00
1.079280621202381951e+02,-3.331511242178493717e+02,-1.408505066870212818e+00,1.035585370434301877e+00,-6.324909060159500385e+00,0.000000000000000000e+00,4.109194696292269633e+00,3.984265465927883110e+00
1.080316206572816213e+02,-3.337836151238653315e+02,-1.408505066870212818e+00,1.035585370434301877e+00,-6.324909060159500385e+00,0.000000000000000000e+00,4.109194696292269633e+00,3.984265465927883110e+00
1.081351791943250475e+02,-3.344161060298812913e+02,-1.408505066870212818e+00,1.035585370434301877e+00,-6.324909060159500385e+00,0.000000000000000000e+00,4.109194696292269633e+00,3.984265465927883110e+00
1.082387377313684738e+02,-3.350485969358972511e+02,-1.408505066870212818e+00,1.035585370434301877e+00,-6.324909060159500385e+00,0.000000000000000000e+00,4.109194696292269633e+00,3.984265465927883110e+00
1.083422962684119000e+02,-3.356810878419132109e+02,-1.408505066870212818e+00,1.035585370434301877e+00,-6.324909060159500385e+00,0.000000000000000000e+00,4.109194696292269633e+00,3.984265465927883110e+00
1.084458548054553262e+02,-3.363135787479291707e+02,-1.408505066870212818e+00,1.035585370434301877e+00,-6.324909060159500385e+00,0.000000000000000000e+00,4.109194696292269633e+00,3.984265465927883110e+00
1.085494133424987524e+02,-3.369460696539451305e+02,-1.408505066870212818e+00,1.035585370434301877e+00,-6.324909060159500385e+00,0.000000000000000000e+00,4.109194696292269633e+00,3.984265465927883110e+00
1.086529718795421786e+02,-3.375785605599610903e+02,-1.408505066870212818e+00,1.035585370434301877e+00,-6.324909060159500385e+00,0.000000000000000000e+00,4.109194696292269633e+00,3.984265465927883110e+00
1.087565304165856048e+02,-3.382110514659770502e+02,-1.408505066870212818e+00,1.035585370434301877e+00,-6.324909060159500385e+00,0.000000000000000000e+00,4.109194696292269633e+00,3.984265465927883110e+00
1.088600889536290310e+02,-3.388435423719930100e+02,-1.408505066870212818e+00,1.035585370434301877e+00,-6.324909060159500385e+00,0.000000000000000000e+00,4.109194696292269633e+00,3.984265465927883110e+00
1.089636474906724573e+02,-3.394760332780089698e+02,-1.408505066870212818e+00,1.035585370434301877e+00,-6.324909060159500385e+00,0.000000000000000000e+00,4.109194696292269633e+00,3.984265465927883110e+00
1.090672060277158835e+02,-3.401085241840249296e+02,-1.408505066870212818e+00,1.035585370434301877e+00,-6.324909060159500385e+00,0.000000000000000000e+00,4.109194696292269633e+00,3.984265465927883110e+00
1.091707645647593097e+02,-3.407410150900408894e+02,-1.408505066870212818e+00,1.035585370434301877e+00,-6.324909060159500385e+00,0.000000000000000000e+00,4.109194696292269633e+00,3.984265465927883110e+00
1.092743231018027359e+02,-3.413735059960568492e+02,-1.408505066870212818e+00,1.035585370434301877e+00,-6.324909060159500385e+00,0.000000000000000000e+00,4.109194696292269633e+00,3.984265465927883110e+00
1.093778816388461621e+02,-3.420059969020728090e+02,-1.408505066870212818e+00,1.035585370434301877e+00,-6.324909060159500385e+00,0.000000000000000000e+00,4.109194696292269633e+00,3.984265465927883110e+00
1.094814401758895883e+02,-3.426384878080887688e+02,-1.408505066870212818e+00,1.035585370434301877e+00,-6.324909060159500385e+00,0.000000000000000000e+00,4.109194696292269633e+00,3.984265465927883110e+00
1.095849987129330145e+02,-3.432709787141047286e+02,-1.408505066870212818e+00,1.035585370434301877e+00,-6.324909060159500385e+00,0.000000000000000000e+00,4.109194696292269633e+00,3.984265465927883110e+00
1.096885572499764407e+02,-3.439034696201206884e+02,-1.408505066870212818e+00,1.035585370434301877e+00,-6.324909060159500385e+00,0.000000000000000000e+00,4.109194696292269633e+00,3.984265465927883110e+00
1.097921157870198670e+02,-3.445359605261366482e+02,-1.408505066870212818e+00,1.035585370434301877e+00,-6.324909060159500385e+00,0.000000000000000000e+00,4.109194696292269633e+00,3.984265465927883110e+00
1.098956743240632932e+02,-3.451684514321526080e+02,-1.408505066870212818e+00,1.035585370434301877e+00,-6.324909060159500385e+00,0.000000000000000000e+00,4.109194696292269633e+00,3.984265465927883110e+00
1.099992328611067194e+02,-3.458009423381685679e+02,-1.408505066870212818e+00,1.035585370434301877e+00,-6.324909060159500385e+00,0.000000000000000000e+00,4.109194696292269633e+00,3.984265465927883110e+00
1.101027913981501456e+02,-3.464334332441845277e+02,-1.408505066870212818e+00,1.035585370434301877e+00,-6.324909060159500385e+00,0.000000000000000000e+00,4.109194696292269633e+00,3.984265465927883110e+00
1.102063499351935718e+02,-3.470659241502004875e+02,-1.408505066870212818e+00,1.035585370434301877e+00,-6.324909060159500385e+00,0.000000000000000000e+00,4.109194696292269633e+00,3.984265465927883110e+00
1.103099084722369980e+02,-3.476984150562164473e+02,-1.408505066870212818e+00,1.035585370434301877e+00,-6.324909060159500385e+00,0.000000000000000000e+00,4.109194696292269633e+00,3.984265465927883110e+00
1.104134670092804242e+02,-3.483309059622324071e+02,-1.408505066870212818e+00,1.035585370434301877e+00,-6.324909060159500385e+00,0.000000000000000000e+00,4.109194696292269633e+00,3.984265465927883110e+00
1.105170255463238504e+02,-3.489633968682483669e+02,-1.408505066870212818e+00,1.035585370434301877e+00,-6.324909060159500385e+00,0.000000000000000000e+00,4.109194696292269633e+00,3.984265465927883110e+00
1.106205840833672767e+02,-3.495958877742643267e+02,-1.408505066870212818e+00,1.035585370434301877e+00,-6.324909060159500385e+00,0.000000000000000000e+00,4.109194696292269633e+00,3.984265465927883110e+00
1.107241426204107029e+02,-3.502283786802802865e+02,-1.408505066870212818e+00,1.035585370434301877e+00,-6.324909060159500385e+00,0.000000000000000000e+00,4.109194696292269633e+00,3.984265465927883110e+00
1.108277011574541291e+02,-3.508608695862962463e+02,-1.408505066870212818e+00,1.035585370434301877e+00,-6.324909060159500385e+00,0.000000000000000000e+00,4.109194696292269633e+00,3.984265465927883110e+00
1.109312596944975553e+02,-3.514933604923122061e+02,-1.408505066870212818e+00,1.035585370434301877e+00,-6.324909060159500385e+00,0.000000000000000000e+00,4.109194696292269633e+00,3.984265465927883110e+00
1.110348182315409815e+02,-3.521258513983281659e+02,-1.408505066870212818e+00,1.035585370434301877e+00,-6.324909060159500385e+00,0.000000000000000000e+00,4.109194696292269633e+00,3.984265465927883110e+00
1.111383767685844077e+02,-3.527583423043441258e+02,-1.408505066870212818e+00,1.035585370434301877e+00,-6.324909060159500385e+00,0.000000000000000000e+00,4.109194696292269633e+00,3.984265465927883110e+00
1.112419353056278339e+02,-3.533908332103600856e+02,-1.408505066870212818e+00,1.035585370434301877e+00,-6.324909060159500385e+00,0.000000000000000000e+00,4.109194696292269633e+00,3.984265465927883110e+00
1.113454938426712602e+02,-3.540233241163760454e+02,-1.408505066870212818e+00,1.035585370434301877e+00,-6.324909060159500385e+00,0.000000000000000000e+00,4.109194696292269633e+00,3.984265465927883110e+00
1.114490523797146864e+02,-3.546558150223920052e+02,-1.408505066870212818e+00,1.035585370434301877e+00,-6.324909060159500385e+00,0.000000000000000000e+00,4.109194696292269633e+00,3.984265465927883110e+00
1.115526109167581126e+02,-3.552883059284079650e+02,-1.408505066870212818e+00,1.035585370434301877e+00,-6.324909060159500385e+00,0.000000000000000000e+00,4.109194696292269633e+00,3.984265465927883110e+00
1.116561694538015388e+02,-3.559207968344239248e+02,-1.408505066870212818e+00,1.035585370434301877e+00,-6.324909060159500385e+00,0.000000000000000000e+00,4.109194696292269633e+00,3.984265465927883110e+00
1.117597279908449650e+02,-3.565532877404398846e+02,-1.408505066870212818e+00,1.035585370434301877e+00,-6.324909060159500385e+00,0.000000000000000000e+00,4.109194696292269633e+00,3.984265465927883110e+00
1.118632865278883912e+02,-3.571857786464558444e+02,-1.408505066870212818e+00,1.035585370434301877e+00,-6.324909060159500385e+00,0.000000000000000000e+00,4.109194696292269633e+00,3.984265465927883110e+00
1.119668450649318174e+02,-3.578182695524718042e+02,-1.408505066870212818e+00,1.035585370434301877e+00,-6.324909060159500385e+00,0.000000000000000000e+00,4.109194696292269633e+00,3.984265465927883110e+00
1.120704036019752436e+02,-3.584507604584877640e+02,-1.408505066870212818e+00,1.035585370434301877e+00,-6.324909060159500385e+00,0.000000000000000000e+00,4.109194696292269633e+00,3.984265465927883110e+00
1.121739621390186699e+02,-3.590832513645037238e+02,-1.408505066870212818e+00,1.035585370434301877e+00,-6.324909060159500385e+00,0.000000000000000000e+00,4.109194696292269633e+00,3.984265465927883110e+00
1.122775206760620961e+02,-3.597157422705196836e+02,-1.408505066870212818e+00,1.035585370434301877e+00,-6.324909060159500385e+00,0.000000000000000000e+00,4.109194696292269633e+00,3.984265465927883110e+00
1.123810792131055223e+02,-3.603482331765356435e+02,-1.408505066870212818e+00,1.035585370434301877e+00,-6.324909060159500385e+00,0.000000000000000000e+00,4.109194696292269633e+00,3.984265465927883110e+00
1.124846377501489485e+02,-3.609807240825516033e+02,-1.408505066870212818e+00,1.035585370434301877e+00,-6.324909060159500385e+00,0.000000000000000000e+00,4.109194696292269633e+00,3.984265465927883110e+00
1.125881962871923747e+02,-3.616132149885675631e+02,-1.408505066870212818e+00,1.035585370434301877e+00,-6.324909060159500385e+00,0.000000000000000000e+00,4.109194696292269633e+00,3.984265465927883110e+00
1.126917548242358009e+02,-3.622457058945835229e+02,-1.408505066870212818e+00,1.035585370434301877e+00,-6.324909060159500385e+00,0.000000000000000000e+00,4.109194696292269633e+00,3.984265465927883110e+00
1.127953133612792271e+02,-3.628781968005994827e+02,-1.408505066870212818e+00,1.035585370434301877e+00,-6.324909060159500385e+00,0.000000000000000000e+00,4.109194696292269633e+00,3.984265465927883110e+00
1.128988718983226534e+02,-3.635106877066154425e+02,-1.408505066870212818e+00,1.035585370434301877e+00,-6.324909060159500385e+00,0.000000000000000000e+00,4.109194696292269633e+00,3.984265465927883110e+00
1.130024304353660796e+02,-3.641431786126314023e+02,-1.408505066870212818e+00,1.035585370434301877e+00,-6.324909060159500385e+00,0.000000000000000000e+00,4.109194696292269633e+00,3.984265465927883110e+00
1.131059889724095058e+02,-3.647756695186473621e+02,-1.408505066870212818e+00,1.035585370434301877e+00,-6.324909060159500385e+00,0.000000000000000000e+00,4.109194696292269633e+00,3.984265465927883110e+00
1.132095475094529320e+02,-3.654081604246633219e+02,-1.408505066870212818e+00,1.035585370434301877e+00,-6.324909060159500385e+00,0.000000000000000000e+00,4.109194696292269633e+00,3.984265465927883110e+00
1.133131060464963582e+02,-3.660406513306792817e+02,-1.408505066870212818e+00,1.035585370434301877e+00,-6.324909060159500385e+00,0.000000000000000000e+00,4.109194696292269633e+00,3.984265465927883110e+00
1.134166645835397844e+02,-3.666731422366952415e+02,-1.408505066870212818e+00,1.035585370434301877e+00,-6.324909060159500385e+00,0.000000000000000000e+00,4.109194696292269633e+00,3.984265465927883110e+00
1.135202231205832106e+02,-3.673056331427112013e+02,-1.408505066870212818e+00,1.035585370434301877e+00,-6.324909060159500385e+00,0.000000000000000000e+00,4.109194696292269633e+00,3.984265465927883110e+00
1.136237816576266368e+02,-3.679381240487271612e+02,-1.408505066870212818e+00,1.035585370434301877e+00,-6.324909060159500385e+00,0.000000000000000000e+00,4.109194696292269633e+00,3.984265465927883110e+00
1.137273401946700631e+02,-3.685706149547431210e+02,-1.408505066870212818e+00,1.035585370434301877e+00,-6.324909060159500385e+00,0.000000000000000000e+00,4.109194696292269633e+00,3.984265465927883110e+00
1.138308987317134893e+02,-3.692031058607590808e+02,-1.408505066870212818e+00,1.035585370434301877e+00,-6.324909060159500385e+00,0.000000000000000000e+00,4.109194696292269633e+00,3.984265465927883110e+00
1.139344572687569155e+02,-3.698355967667750406e+02,-1.408505066870212818e+00,1.035585370434301877e+00,-6.324909060159500385e+00,0.000000000000000000e+00,4.109194696292269633e+00,3.984265465927883110e+00
1.140380158058003417e+02,-3.704680876727910004e+02,-1.408505066870212818e+00,1.035585370434301877e+00,-6.324909060159500385e+00,0.000000000000000000e+00,4.109194696292269633e+00,3.984265465927883110e+00
1.141415743428437679e+02,-3.711005785788069602e+02,-1.408505066870212818e+00,1.035585370434301877e+00,-6.324909060159500385e+00,0.000000000000000000e+00,4.109194696292269633e+00,3.984265465927883110e+00
1.142451328798871941e+02,-3.717330694848229200e+02,-1.408505066870212818e+00,1.035585370434301877e+00,-6.324909060159500385e+00,0.000000000000000000e+00,4.109194696292269633e+00,3.984265465927883110e+00
1.143486914169306203e+02,-3.723655603908388798e+02,-1.408505066870212818e+00,1.035585370434301877e+00,-6.324909060159500385e+00,0.000000000000000000e+00,4.109194696292269633e+00,3.984265465927883110e+00
1.144522499539740465e+02,-3.729980512968548396e+02,-1.408505066870212818e+00,1.035585370434301877e+00,-6.324909060159500385e+00,0.000000000000000000e+00,4.109194696292269633e+00,3.984265465927883110e+00
1.145558084910174728e+02,-3.736305422028707994e+02,-1.408505066870212818e+00,1.035585370434301877e+00,-6.324909060159500385e+00,0.000000000000000000e+00,4.109194696292269633e+00,3.984265465927883110e+00
1.146593670280608990e+02,-3.742630331088867592e+02,-1.408505066870212818e+00,1.035585370434301877e+00,-6.324909060159500385e+00,0.000000000000000000e+00,4.109194696292269633e+00,3.984265465927883110e+00
1.147629255651043252e+02,-3.748955240149027190e+02,-1.408505066870212818e+00,1.035585370434301877e+00,-6.324909060159500385e+00,0.000000000000000000e+00,4.109194696292269633e+00,3.984265465927883110e+00
1.148664841021477514e+02,-3.755280149209186789e+02,-1.408505066870212818e+00,1.035585370434301877e+00,-6.324909060159500385e+00,0.000000000000000000e+00,4.109194696292269633e+00,3.984265465927883110e+00
1.149700426391911776e+02,-3.761605058269346387e+02,-1.408505066870212818e+00,1.035585370434301877e+00,-6.324909060159500385e+00,0.000000000000000000e+00,4.109194696292269633e+00,3.984265465927883110e+00
1.150736011762346038e+02,-3.767929967329505985e+02,-1.408505066870212818e+00,1.035585370434301877e+00,-6.324909060159500385e+00,0.000000000000000000e+00,4.109194696292269633e+00,3.984265465927883110e+00
1.151771597132780300e+02,-3.774254876389665583e+02,-1.408505066870212818e+00,1.035585370434301877e+00,-6.324909060159500385e+00,0.000000000000000000e+00,4.109194696292269633e+00,3.984265465927883110e+00
1.152807182503214563e+02,-3.780579785449825181e+02,-1.408505066870212818e+00,1.035585370434301877e+00,-6.324909060159500385e+00,0.000000000000000000e+00,4.109194696292269633e+00,3.984265465927883110e+00
1.153842767873648825e+02,-3.786904694509984779e+02,-1.408505066870212818e+00,1.035585370434301877e+00,-6.324909060159500385e+00,0.000000000000000000e+00,4.109194696292269633e+00,3.984265465927883110e+00
1.154878353244083087e+02,-3.793229603570144377e+02,-1.408505066870212818e+00,1.035585370434301877e+00,-6.324909060159500385e+00,0.000000000000000000e+00,4.109194696292269633e+00,3.984265465927883110e+00
1.155913938614517349e+02,-3.799554512630303975e+02,-1.408505066870212818e+00,1.035585370434301877e+00,-6.324909060159500385e+00,0.000000000000000000e+00,4.109194696292269633e+00,3.984265465927883110e+00
1.156949523984951611e+02,-3.805879421690463573e+02,-1.408505066870212818e+00,1.035585370434301877e+00,-6.324909060159500385e+00,0.000000000000000000e+00,4.109194696292269633e+00,3.984265465927883110e+00
1.157985109355385873e+02,-3.812204330750623171e+02,-1.408505066870212818e+00,1.035585370434301877e+00,-6.324909060159500385e+00,0.000000000000000000e+00,4.109194696292269633e+00,3.984265465927883110e+00
1.159020694725820135e+02,-3.818529239810782769e+02,-1.408505066870212818e+00,1.035585370434301877e+00,-6.324909060159500385e+00,0.000000000000000000e+00,4.109194696292269633e+00,3.984265465927883110e+00
1.160056280096254397e+02,-3.824854148870942367e+02,-1.408505066870212818e+00,1.035585370434301877e+00,-6.324909060159500385e+00,0.000000000000000000e+00,4.109194696292269633e+00,3.984265465927883110e+00
1.161091865466688660e+02,-3.831179057931101966e+02,-1.408505066870212818e+00,1.035585370434301877e+00,-6.324909060159500385e+00,0.000000000000000000e+00,4.109194696292269633e+00,3.984265465927883110e+00
1.162127450837122922e+02,-3.837503966991261564e+02,-1.408505066870212818e+00,1.035585370434301877e+00,-6.324909060159500385e+00,0.000000000000000000e+00,4.109194696292269633e+00,3.984265465927883110e+00
1.163163036207557184e+02,-3.843828876051421162e+02,-1.408505066870212818e+00,1.035585370434301877e+00,-6.324909060159500385e+00,0.000000000000000000e+00,4.109194696292269633e+00,3.984265465927883110e+00
1.164198621577991446e+02,-3.850153785111580760e+02,-1.408505066870212818e+00,1.035585370434301877e+00,-6.324909060159500385e+00,0.000000000000000000e+00,4.109194696292269633e+00,3.984265465927883110e+00
1.165234206948425708e+02,-3.856478694171740358e+02,-1.408505066870212818e+00,1.035585370434301877e+00,-6.324909060159500385e+00,0.000000000000000000e+00,4.109194696292269633e+00,3.984265465927883110e+00
1.166269792318859970e+02,-3.862803603231899956e+02,-1.408505066870212818e+00,1.035585370434301877e+00,-6.324909060159500385e+00,0.000000000000000000e+00,4.109194696292269633e+00,3.984265465927883110e+00
1.167305377689294232e+02,-3.869128512292059554e+02,-1.408505066870212818e+00,1.035585370434301877e+00,-6.324909060159500385e+00,0.000000000000000000e+00,4.109194696292269633e+00,3.984265465927883110e+00
1.168340963059728494e+02,-3.875453421352219152e+02,-1.408505066870212818e+00,1.035585370434301877e+00,-6.324909060159500385e+00,0.000000000000000000e+00,4.109194696292269633e+00,3.984265465927883110e+00
1.169376548430162757e+02,-3.881778330412378750e+02,-1.408505066870212818e+00,1.035585370434301877e+00,-6.324909060159500385e+00,0.000000000000000000e+00,4.109194696292269633e+00,3.984265465927883110e+00
1.170412133800597019e+02,-3.888103239472538348e+02,-1.408505066870212818e+00,1.035585370434301877e+00,-6.324909060159500385e+00,0.000000000000000000e+00,4.109194696292269633e+00,3.984265465927883110e+00
1.171447719171031281e+02,-3.894428148532697946e+02,-1.408505066870212818e+00,1.035585370434301877e+00,-6.324909060159500385e+00,0.000000000000000000e+00,4.109194696292269633e+00,3.984265465927883110e+00
1.172483304541465543e+02,-3.900753057592857544e+02,-1.408505066870212818e+00,1.035585370434301877e+00,-6.324909060159500385e+00,0.000000000000000000e+00,4.109194696292269633e+00,3.984265465927883110e+00
1.173518889911899805e+02,-3.907077966653017143e+02,-1.408505066870212818e+00,1.035585370434301877e+00,-6.324909060159500385e+00,0.000000000000000000e+00,4.109194696292269633e+00,3.984265465927883110e+00
1.174554475282334067e+02,-3.913402875713176741e+02,-1.408505066870212818e+00,1.035585370434301877e+00,-6.324909060159500385e+00,0.000000000000000000e+00,4.109194696292269633e+00,3.984265465927883110e+00
1.175590060652768329e+02,-3.919727784773336339e+02,-1.408505066870212818e+00,1.035585370434301877e+00,-6.324909060159500385e+00,0.000000000000000000e+00,4.109194696292269633e+00,3.984265465927883110e+00
1.176625646023202592e+02,-3.926052693833495937e+02,-1.408505066870212818e+00,1.035585370434301877e+00,-6.324909060159500385e+00,0.000000000000000000e+00,4.109194696292269633e+00,3.984265465927883110e+00
1.177661231393636854e+02,-3.932377602893655535e+02,-1.408505066870212818e+00,1.035585370434301877e+00,-6.324909060159500385e+00,0.000000000000000000e+00,4.109194696292269633e+00,3.984265465927883110e+00
1.178696816764071116e+02,-3.938702511953815133e+02,-1.408505066870212818e+00,1.035585370434301877e+00,-6.324909060159500385e+00,0.000000000000000000e+00,4.109194696292269633e+00,3.984265465927883110e+00
1.179732402134505378e+02,-3.945027421013974731e+02,-1.408505066870212818e+00,1.035585370434301877e+00,-6.324909060159500385e+00,0.000000000000000000e+00,4.109194696292269633e+00,3.984265465927883110e+00
1.180767987504939640e+02,-3.951352330074134329e+02,-1.408505066870212818e+00,1.035585370434301877e+00,-6.324909060159500385e+00,0.000000000000000000e+00,4.109194696292269633e+00,3.984265465927883110e+00
1.181803572875373902e+02,-3.957677239134293927e+02,-1.408505066870212818e+00,1.035585370434301877e+00,-6.324909060159500385e+00,0.000000000000000000e+00,4.109194696292269633e+00,3.984265465927883110e+00
1.182839158245808164e+02,-3.964002148194453525e+02,-1.408505066870212818e+00,1.035585370434301877e+00,-6.324909060159500385e+00,0.000000000000000000e+00,4.109194696292269633e+00,3.984265465927883110e+00
1.183874743616242426e+02,-3.970327057254613123e+02,-1.408505066870212818e+00,1.035585370434301877e+00,-6.324909060159500385e+00,0.000000000000000000e+00,4.109194696292269633e+00,3.984265465927883110e+00
1.184910328986676689e+02,-3.976651966314772721e+02,-1.408505066870212818e+00,1.035585370434301877e+00,-6.324909060159500385e+00,0.000000000000000000e+00,4.109194696292269633e+00,3.984265465927883110e+00
1.185945914357110951e+02,-3.982976875374932320e+02,-1.408505066870212818e+00,1.035585370434301877e+00,-6.324909060159500385e+00,0.000000000000000000e+00,4.109194696292269633e+00,3.984265465927883110e+00
1.186981499727545213e+02,-3.989301784435091918e+02,-1.408505066870212818e+00,1.035585370434301877e+00,-6.324909060159500385e+00,0.000000000000000000e+00,4.109194696292269633e+00,3.984265465927883110e+00
1.188017085097979475e+02,-3.995626693495251516e+02,-1.408505066870212818e+00,1.035585370434301877e+00,-6.324909060159500385e+00,0.000000000000000000e+00,4.109194696292269633e+00,3.984265465927883110e+00
1.189052670468413737e+02,-4.001951602555411114e+02,-1.408505066870212818e+00,1.035585370434301877e+00,-6.324909060159500385e+00,0.000000000000000000e+00,4.109194696292269633e+00,3.984265465927883110e+00
1.190088255838847999e+02,-4.008276511615570712e+02,-1.408505066870212818e+00,1.035585370434301877e+00,-6.324909060159500385e+00,0.000000000000000000e+00,4.109194696292269633e+00,3.984265465927883110e+00
1.191123841209282261e+02,-4.014601420675730310e+02,-1.408505066870212818e+00,1.035585370434301877e+00,-6.324909060159500385e+00,0.000000000000000000e+00,4.109194696292269633e+00,3.984265465927883110e+00
1.192159426579716524e+02,-4.020926329735889908e+02,-1.408505066870212818e+00,1.035585370434301877e+00,-6.324909060159500385e+00,0.000000000000000000e+00,4.109194696292269633e+00,3.984265465927883110e+00
1.193195011950150786e+02,-4.027251238796049506e+02,-1.408505066870212818e+00,1.035585370434301877e+00,-6.324909060159500385e+00,0.000000000000000000e+00,4.109194696292269633e+00,3.984265465927883110e+00
1.194230597320585048e+02,-4.033576147856209104e+02,-1.408505066870212818e+00,1.035585370434301877e+00,-6.324909060159500385e+00,0.000000000000000000e+00,4.109194696292269633e+00,3.984265465927883110e+00
1.195266182691019310e+02,-4.039901056916368702e+02,-1.408505066870212818e+00,1.035585370434301877e+00,-6.324909060159500385e+00,0.000000000000000000e+00,4.109194696292269633e+00,3.984265465927883110e+00
1.196301768061453572e+02,-4.046225965976528300e+02,-1.408505066870212818e+00,1.035585370434301877e+00,-6.324909060159500385e+00,0.000000000000000000e+00,4.109194696292269633e+00,3.984265465927883110e+00
1.197337353431887834e+02,-4.052550875036687899e+02,-1.408505066870212818e+00,1.035585370434301877e+00,-6.324909060159500385e+00,0.000000000000000000e+00,4.109194696292269633e+00,3.984265465927883110e+00
1.198372938802322096e+02,-4.058875784096847497e+02,-1.408505066870212818e+00,1.035585370434301877e+00,-6.324909060159500385e+00,0.000000000000000000e+00,4.109194696292269633e+00,3.984265465927883110e+00
1.199408524172756358e+02,-4.065200693157007095e+02,-1.408505066870212818e+00,1.035585370434301877e+00,-6.324909060159500385e+00,0.000000000000000000e+00,4.109194696292269633e+00,3.984265465927883110e+00
1.200444109543190621e+02,-4.071525602217166693e+02,-1.408505066870212818e+00,1.035585370434301877e+00,-6.324909060159500385e+00,0.000000000000000000e+00,4.109194696292269633e+00,3.984265465927883110e+00
1.201479694913624883e+02,-4.077850511277326291e+02,-1.408505066870212818e+00,1.035585370434301877e+00,-6.324909060159500385e+00,0.000000000000000000e+00,4.109194696292269633e+00,3.984265465927883110e+00
1.202515280284059145e+02,-4.084175420337485889e+02,-1.408505066870212818e+00,1.035585370434301877e+00,-6.324909060159500385e+00,0.000000000000000000e+00,4.109194696292269633e+00,3.984265465927883110e+00
1.203550865654493407e+02,-4.090500329397645487e+02,-1.408505066870212818e+00,1.035585370434301877e+00,-6.324909060159500385e+00,0.000000000000000000e+00,4.109194696292269633e+00,3.984265465927883110e+00
1.204586451024927669e+02,-4.096825238457805085e+02,-1.408505066870212818e+00,1.035585370434301877e+00,-6.324909060159500385e+00,0.000000000000000000e+00,4.109194696292269633e+00,3.984265465927883110e+00
1.205622036395361931e+02,-4.103150147517964683e+02,-1.408505066870212818e+00,1.035585370434301877e+00,-6.324909060159500385e+00,0.000000000000000000e+00,4.109194696292269633e+00,3.984265465927883110e+00
1.206657621765796193e+02,-4.109475056578124281e+02,-1.408505066870212818e+00,1.035585370434301877e+00,-6.324909060159500385e+00,0.000000000000000000e+00,4.109194696292269633e+00,3.984265465927883110e+00
1.207693207136230455e+02,-4.115799965638283879e+02,-1.408505066870212818e+00,1.035585370434301877e+00,-6.324909060159500385e+00,0.000000000000000000e+00,4.109194696292269633e+00,3.984265465927883110e+00
1.208728792506664718e+02,-4.122124874698443477e+02,-1.408505066870212818e+00,1.035585370434301877e+00,-6.324909060159500385e+00,0.000000000000000000e+00,4.109194696292269633e+00,3.984265465927883110e+00
1.209764377877098980e+02,-4.128449783758603076e+02,-1.408505066870212818e+00,1.035585370434301877e+00,-6.324909060159500385e+00,0.000000000000000000e+00,4.109194696292269633e+00,3.984265465927883110e+00
1.210799963247533242e+02,-4.134774692818762674e+02,-1.408505066870212818e+00,1.035585370434301877e+00,-6.324909060159500385e+00,0.000000000000000000e+00,4.109194696292269633e+00,3.984265465927883110e+00
1.211835548617967504e+02,-4.141099601878922272e+02,-1.408505066870212818e+00,1.035585370434301877e+00,-6.324909060159500385e+00,0.000000000000000000e+00,4.109194696292269633e+00,3.984265465927883110e+00
1.212871133988401766e+02,-4.147424510939081870e+02,-1.408505066870212818e+00,1.035585370434301877e+00,-6.324909060159500385e+00,0.000000000000000000e+00,4.109194696292269633e+00,3.984265465927883110e+00
1.213906719358836028e+02,-4.153749419999241468e+02,-1.408505066870212818e+00,1.035585370434301877e+00,-6.324909060159500385e+00,0.000000000000000000e+00,4.109194696292269633e+00,3.984265465927883110e+00
1.214942304729270290e+02,-4.160074329059401066e+02,-1.408505066870212818e+00,1.035585370434301877e+00,-6.324909060159500385e+00,0.000000000000000000e+00,4.109194696292269633e+00,3.984265465927883110e+00
1.215977890099704553e+02,-4.166399238119560664e+02,-1.408505066870212818e+00,1.035585370434301877e+00,-6.324909060159500385e+00,0.000000000000000000e+00,4.109194696292269633e+00,3.984265465927883110e+00
1.217013475470138815e+02,-4.172724147179720262e+02,-1.408505066870212818e+00,1.035585370434301877e+00,-6.324909060159500385e+00,0.000000000000000000e+00,4.109194696292269633e+00,3.984265465927883110e+00
1.218049060840573077e+02,-4.179049056239879860e+02,-1.408505066870212818e+00,1.035585370434301877e+00,-6.324909060159500385e+00,0.000000000000000000e+00,4.109194696292269633e+00,3.984265465927883110e+00
1.219084646211007339e+02,-4.185373965300039458e+02,-1.408505066870212818e+00,1.035585370434301877e+00,-6.324909060159500385e+00,0.000000000000000000e+00,4.109194696292269633e+00,3.984265465927883110e+00
1.220120231581441601e+02,-4.191698874360199056e+02,-1.408505066870212818e+00,1.035585370434301877e+00,-6.324909060159500385e+00,0.000000000000000000e+00,4.109194696292269633e+00,3.984265465927883110e+00
1.221155816951875863e+02,-4.198023783420358654e+02,-1.408505066870212818e+00,1.035585370434301877e+00,-6.324909060159500385e+00,0.000000000000000000e+00,4.109194696292269633e+00,3.984265465927883110e+00
1.222191402322310125e+02,-4.204348692480518253e+02,-1.408505066870212818e+00,1.035585370434301877e+00,-6.324909060159500385e+00,0.000000000000000000e+00,4.109194696292269633e+00,3.984265465927883110e+00
1.223226987692744387e+02,-4.210673601540677851e+02,-1.408505066870212818e+00,1.035585370434301877e+00,-6.324909060159500385e+00,0.000000000000000000e+00,4.109194696292269633e+00,3.984265465927883110e+00
1.224262573063178650e+02,-4.216998510600837449e+02,-1.408505066870212818e+00,1.035585370434301877e+00,-6.324909060159500385e+00,0.000000000000000000e+00,4.109194696292269633e+00,3.984265465927883110e+00
1.225298158433612912e+02,-4.223323419660997047e+02,-1.408505066870212818e+00,1.035585370434301877e+00,-6.324909060159500385e+00,0.000000000000000000e+00,4.109194696292269633e+00,3.984265465927883110e+00
1.226333743804047174e+02,-4.229648328721156645e+02,-1.408505066870212818e+00,1.035585370434301877e+00,-6.324909060159500385e+00,0.000000000000000000e+00,4.109194696292269633e+00,3.984265465927883110e+00
1.227369329174481436e+02,-4.235973237781316243e+02,-1.408505066870212818e+00,1.035585370434301877e+00,-6.324909060159500385e+00,0.000000000000000000e+00,4.109194696292269633e+00,3.984265465927883110e+00
1.228404914544915698e+02,-4.242298146841475841e+02,-1.408505066870212818e+00,1.035585370434301877e+00,-6.324909060159500385e+00,0.000000000000000000e+00,4.109194696292269633e+00,3.984265465927883110e+00
1.229440499915349960e+02,-4.248623055901635439e+02,-1.408505066870212818e+00,1.035585370434301877e+00,-6.324909060159500385e+00,0.000000000000000000e+00,4.109194696292269633e+00,3.984265465927883110e+00
1.230476085285784222e+02,-4.254947964961795037e+02,-1.408505066870212818e+00,1.035585370434301877e+00,-6.324909060159500385e+00,0.000000000000000000e+00,4.109194696292269633e+00,3.984265465927883110e+00
1.231511670656218485e+02,-4.261272874021954635e+02,-1.408505066870212818e+00,1.035585370434301877e+00,-6.324909060159500385e+00,0.000000000000000000e+00,4.109194696292269633e+00,3.984265465927883110e+00
1.232547256026652747e+02,-4.267597783082114233e+02,-1.408505066870212818e+00,1.035585370434301877e+00,-6.324909060159500385e+00,0.000000000000000000e+00,4.109194696292269633e+00,3.984265465927883110e+00
1.233582841397087009e+02,-4.273922692142273831e+02,-1.408505066870212818e+00,1.035585370434301877e+00,-6.324909060159500385e+00,0.000000000000000000e+00,4.109194696292269633e+00,3.984265465927883110e+00
1.234618426767521271e+02,-4.280247601202433430e+02,-1.408505066870212818e+00,1.035585370434301877e+00,-6.324909060159500385e+00,0.000000000000000000e+00,4.109194696292269633e+00,3.984265465927883110e+00
1.235654012137955533e+02,-4.286572510262593028e+02,-1.408505066870212818e+00,1.035585370434301877e+00,-6.324909060159500385e+00,0.000000000000000000e+00,4.109194696292269633e+00,3.984265465927883110e+00
1.236689597508389795e+02,-4.292897419322752626e+02,-1.408505066870212818e+00,1.035585370434301877e+00,-6.324909060159500385e+00,0.000000000000000000e+00,4.109194696292269633e+00,3.984265465927883110e+00
1.237725182878824057e+02,-4.299222328382912224e+02,-1.408505066870212818e+00,1.035585370434301877e+00,-6.324909060159500385e+00,0.000000000000000000e+00,4.109194696292269633e+00,3.984265465927883110e+00
1.238760768249258319e+02,-4.305547237443071822e+02,-1.408505066870212818e+00,1.035585370434301877e+00,-6.324909060159500385e+00,0.000000000000000000e+00,4.109194696292269633e+00,3.984265465927883110e+00
1.239796353619692582e+02,-4.311872146503231420e+02,-1.408505066870212818e+00,1.035585370434301877e+00,-6.324909060159500385e+00,0.000000000000000000e+00,4.109194696292269633e+00,3.984265465927883110e+00
1.240831938990126844e+02,-4.318197055563391018e+02,-1.408505066870212818e+00,1.035585370434301877e+00,-6.324909060159500385e+00,0.000000000000000000e+00,4.109194696292269633e+00,3.984265465927883110e+00
1.241867524360561106e+02,-4.324521964623550616e+02,-1.408505066870212818e+00,1.035585370434301877e+00,-6.324909060159500385e+00,0.000000000000000000e+00,4.109194696292269633e+00,3.984265465927883110e+00
1.242903109730995368e+02,-4.330846873683710214e+02,-1.408505066870212818e+00,1.035585370434301877e+00,-6.324909060159500385e+00,0.000000000000000000e+00,4.109194696292269633e+00,3.984265465927883110e+00
1.243938695101429630e+02,-4.337171782743869812e+02,-1.408505066870212818e+00,1.035585370434301877e+00,-6.324909060159500385e+00,0.000000000000000000e+00,4.109194696292269633e+00,3.984265465927883110e+00
1.244974280471863892e+02,-4.343496691804029410e+02,-1.408505066870212818e+00,1.035585370434301877e+00,-6.324909060159500385e+00,0.000000000000000000e+00,4.109194696292269633e+00,3.984265465927883110e+00
1.246009865842298154e+02,-4.349821600864189008e+02,-1.408505066870212818e+00,1.035585370434301877e+00,-6.324909060159500385e+00,0.000000000000000000e+00,4.109194696292269633e+00,3.984265465927883110e+00
1.247045451212732416e+02,-4.356146509924348607e+02,-1.408505066870212818e+00,1.035585370434301877e+00,-6.324909060159500385e+00,0.000000000000000000e+00,4.109194696292269633e+00,3.984265465927883110e+00
1.248081036583166679e+02,-4.362471418984508205e+02,-1.408505066870212818e+00,1.035585370434301877e+00,-6.324909060159500385e+00,0.000000000000000000e+00,4.109194696292269633e+00,3.984265465927883110e+00
1.249116621953600941e+02,-4.368796328044667803e+02,-1.408505066870212818e+00,1.035585370434301877e+00,-6.324909060159500385e+00,0.000000000000000000e+00,4.109194696292269633e+00,3.984265465927883110e+00
1.250152207324035203e+02,-4.375121237104827401e+02,-1.408505066870212818e+00,1.035585370434301877e+00,-6.324909060159500385e+00,0.000000000000000000e+00,4.109194696292269633e+00,3.984265465927883110e+00
1.251187792694469465e+02,-4.381446146164986999e+02,-1.408505066870212818e+00,1.035585370434301877e+00,-6.324909060159500385e+00,0.000000000000000000e+00,4.109194696292269633e+00,3.984265465927883110e+00
1.252223378064903727e+02,-4.387771055225146597e+02,-1.408505066870212818e+00,1.035585370434301877e+00,-6.324909060159500385e+00,0.000000000000000000e+00,4.109194696292269633e+00,3.984265465927883110e+00
1.253258963435337989e+02,-4.394095964285306195e+02,-1.408505066870212818e+00,1.035585370434301877e+00,-6.324909060159500385e+00,0.000000000000000000e+00,4.109194696292269633e+00,3.984265465927883110e+00
1.254294548805772251e+02,-4.400420873345465793e+02,-1.408505066870212818e+00,1.035585370434301877e+00,-6.324909060159500385e+00,0.000000000000000000e+00,4.109194696292269633e+00,3.984265465927883110e+00
1.255330134176206514e+02,-4.406745782405625391e+02,-1.408505066870212818e+00,1.035585370434301877e+00,-6.324909060159500385e+00,0.000000000000000000e+00,4.109194696292269633e+00,3.984265465927883110e+00
1.256365719546640776e+02,-4.413070691465784989e+02,-1.408505066870212818e+00,1.035585370434301877e+00,-6.324909060159500385e+00,0.000000000000000000e+00,4.109194696292269633e+00,3.984265465927883110e+00
1.257401304917075038e+02,-4.419395600525944587e+02,-1.408505066870212818e+00,1.035585370434301877e+00,-6.324909060159500385e+00,0.000000000000000000e+00,4.109194696292269633e+00,3.984265465927883110e+00
1.258436890287509300e+02,-4.425720509586104185e+02,-1.408505066870212818e+00,1.035585370434301877e+00,-6.324909060159500385e+00,0.000000000000000000e+00,4.109194696292269633e+00,3.984265465927883110e+00
1.259472475657943562e+02,-4.432045418646263784e+02,-1.408505066870212818e+00,1.035585370434301877e+00,-6.324909060159500385e+00,0.000000000000000000e+00,4.109194696292269633e+00,3.984265465927883110e+00
1.260508061028377824e+02,-4.438370327706423382e+02,-1.408505066870212818e+00,1.035585370434301877e+00,-6.324909060159500385e+00,0.000000000000000000e+00,4.109194696292269633e+00,3.984265465927883110e+00
1.261543646398812086e+02,-4.444695236766582980e+02,-1.408505066870212818e+00,1.035585370434301877e+00,-6.324909060159500385e+00,0.000000000000000000e+00,4.109194696292269633e+00,3.984265465927883110e+00
1.262579231769246348e+02,-4.451020145826742578e+02,-1.408505066870212818e+00,1.035585370434301877e+00,-6.324909060159500385e+00,0.000000000000000000e+00,4.109194696292269633e+00,3.984265465927883110e+00
1.263614817139680611e+02,-4.457345054886902176e+02,-1.408505066870212818e+00,1.035585370434301877e+00,-6.324909060159500385e+00,0.000000000000000000e+00,4.109194696292269633e+00,3.984265465927883110e+00
1.264650402510114873e+02,-4.463669963947061774e+02,-1.408505066870212818e+00,1.035585370434301877e+00,-6.324909060159500385e+00,0.000000000000000000e+00,4.109194696292269633e+00,3.984265465927883110e+00
1.265685987880549135e+02,-4.469994873007221372e+02,-1.408505066870212818e+00,1.035585370434301877e+00,-6.324909060159500385e+00,0.000000000000000000e+00,4.109194696292269633e+00,3.984265465927883110e+00
1.266721573250983397e+02,-4.476319782067380970e+02,-1.408505066870212818e+00,1.035585370434301877e+00,-6.324909060159500385e+00,0.000000000000000000e+00,4.109194696292269633e+00,3.984265465927883110e+00
1.267757158621417659e+02,-4.482644691127540568e+02,-1.408505066870212818e+00,1.035585370434301877e+00,-6.324909060159500385e+00,0.000000000000000000e+00,4.109194696292269633e+00,3.984265465927883110e+00
1.268792743991851921e+02,-4.488969600187700166e+02,-1.408505066870212818e+00,1.035585370434301877e+00,-6.324909060159500385e+00,0.000000000000000000e+00,4.109194696292269633e+00,3.984265465927883110e+00
1.269828329362286183e+02,-4.495294509247859764e+02,-1.408505066870212818e+00,1.035585370434301877e+00,-6.324909060159500385e+00,0.000000000000000000e+00,4.109194696292269633e+00,3.984265465927883110e+00
1.270863914732720445e+02,-4.501619418308019362e+02,-1.408505066870212818e+00,1.035585370434301877e+00,-6.324909060159500385e+00,0.000000000000000000e+00,4.109194696292269633e+00,3.984265465927883110e+00
1.271899500103154708e+02,-4.507944327368178961e+02,-1.408505066870212818e+00,1.035585370434301877e+00,-6.324909060159500385e+00,0.000000000000000000e+00,4.109194696292269633e+00,3.984265465927883110e+00
1.272935085473588970e+02,-4.514269236428338559e+02,-1.408505066870212818e+00,1.035585370434301877e+00,-6.324909060159500385e+00,0.000000000000000000e+00,4.109194696292269633e+00,3.984265465927883110e+00
1.273970670844023232e+02,-4.520594145488498157e+02,-1.408505066870212818e+00,1.035585370434301877e+00,-6.324909060159500385e+00,0.000000000000000000e+00,4.109194696292269633e+00,3.984265465927883110e+00
1.275006256214457494e+02,-4.526919054548657755e+02,-1.408505066870212818e+00,1.035585370434301877e+00,-6.324909060159500385e+00,0.000000000000000000e+00,4.109194696292269633e+00,3.984265465927883110e+00
1.276041841584891756e+02,-4.533243963608817353e+02,-1.408505066870212818e+00,1.035585370434301877e+00,-6.324909060159500385e+00,0.000000000000000000e+00,4.109194696292269633e+00,3.984265465927883110e+00
1.277077426955326018e+02,-4.539568872668976951e+02,-1.408505066870212818e+00,1.035585370434301877e+00,-6.324909060159500385e+00,0.000000000000000000e+00,4.109194696292269633e+00,3.984265465927883110e+00
1.278113012325760280e+02,-4.545893781729136549e+02,-1.408505066870212818e+00,1.035585370434301877e+00,-6.324909060159500385e+00,0.000000000000000000e+00,4.109194696292269633e+00,3.984265465927883110e+00
1.279148597696194543e+02,-4.552218690789296147e+02,-1.408505066870212818e+00,1.035585370434301877e+00,-6.324909060159500385e+00,0.000000000000000000e+00,4.109194696292269633e+00,3.984265465927883110e+00
1.280184183066628805e+02,-4.558543599849455745e+02,-1.408505066870212818e+00,1.035585370434301877e+00,-6.324909060159500385e+00,0.000000000000000000e+00,4.109194696292269633e+00,3.984265465927883110e+00
1.281219768437063067e+02,-4.564868508909615343e+02,-1.408505066870212818e+00,1.035585370434301877e+00,-6.324909060159500385e+00,0.000000000000000000e+00,4.109194696292269633e+00,3.984265465927883110e+00
1.282255353807497329e+02,-4.571193417969774941e+02,-1.408505066870212818e+00,1.035585370434301877e+00,-6.324909060159500385e+00,0.000000000000000000e+00,4.109194696292269633e+00,3.984265465927883110e+00
1.283290939177931591e+02,-4.577518327029934539e+02,-1.408505066870212818e+00,1.035585370434301877e+00,-6.324909060159500385e+00,0.000000000000000000e+00,4.109194696292269633e+00,3.984265465927883110e+00
1.284326524548365853e+02,-4.583843236090094138e+02,-1.408505066870212818e+00,1.035585370434301877e+00,-6.324909060159500385e+00,0.000000000000000000e+00,4.109194696292269633e+00,3.984265465927883110e+00
1.285362109918800115e+02,-4.590168145150253736e+02,-1.408505066870212818e+00,1.035585370434301877e+00,-6.324909060159500385e+00,0.000000000000000000e+00,4.109194696292269633e+00,3.984265465927883110e+00
1.286397695289234377e+02,-4.596493054210413334e+02,-1.408505066870212818e+00,1.035585370434301877e+00,-6.324909060159500385e+00,0.000000000000000000e+00,4.109194696292269633e+00,3.984265465927883110e+00
1.287433280659668640e+02,-4.602817963270572932e+02,-1.408505066870212818e+00,1.035585370434301877e+00,-6.324909060159500385e+00,0.000000000000000000e+00,4.109194696292269633e+00,3.984265465927883110e+00
1.288468866030102902e+02,-4.609142872330732530e+02,-1.408505066870212818e+00,1.035585370434301877e+00,-6.324909060159500385e+00,0.000000000000000000e+00,4.109194696292269633e+00,3.984265465927883110e+00
1.289504451400537164e+02,-4.615467781390892128e+02,-1.408505066870212818e+00,1.035585370434301877e+00,-6.324909060159500385e+00,0.000000000000000000e+00,4.109194696292269633e+00,3.984265465927883110e+00
1.290540036770971426e+02,-4.621792690451051726e+02,-1.408505066870212818e+00,1.035585370434301877e+00,-6.324909060159500385e+00,0.000000000000000000e+00,4.109194696292269633e+00,3.984265465927883110e+00
1.291575622141405688e+02,-4.628117599511211324e+02,-1.408505066870212818e+00,1.035585370434301877e+00,-6.324909060159500385e+00,0.000000000000000000e+00,4.109194696292269633e+00,3.984265465927883110e+00
1.292611207511839950e+02,-4.634442508571370922e+02,-1.408505066870212818e+00,1.035585370434301877e+00,-6.324909060159500385e+00,0.000000000000000000e+00,4.109194696292269633e+00,3.984265465927883110e+00
1.293646792882274212e+02,-4.640767417631530520e+02,-1.408505066870212818e+00,1.035585370434301877e+00,-6.324909060159500385e+00,0.000000000000000000e+00,4.109194696292269633e+00,3.984265465927883110e+00
1.294682378252708475e+02,-4.647092326691690118e+02,-1.408505066870212818e+00,1.035585370434301877e+00,-6.324909060159500385e+00,0.000000000000000000e+00,4.109194696292269633e+00,3.984265465927883110e+00
1.295717963623142737e+02,-4.653417235751849717e+02,-1.408505066870212818e+00,1.035585370434301877e+00,-6.324909060159500385e+00,0.000000000000000000e+00,4.109194696292269633e+00,3.984265465927883110e+00
1.296753548993576999e+02,-4.659742144812009315e+02,-1.408505066870212818e+00,1.035585370434301877e+00,-6.324909060159500385e+00,0.000000000000000000e+00,4.109194696292269633e+00,3.984265465927883110e+00
1.297789134364011261e+02,-4.666067053872168913e+02,-1.408505066870212818e+00,1.035585370434301877e+00,-6.324909060159500385e+00,0.000000000000000000e+00,4.109194696292269633e+00,3.984265465927883110e+00
1.298824719734445523e+02,-4.672391962932328511e+02,-1.408505066870212818e+00,1.035585370434301877e+00,-6.324909060159500385e+00,0.000000000000000000e+00,4.109194696292269633e+00,3.984265465927883110e+00
1.299860305104879785e+02,-4.678716871992488109e+02,-1.408505066870212818e+00,1.035585370434301877e+00,-6.324909060159500385e+00,0.000000000000000000e+00,4.109194696292269633e+00,3.984265465927883110e+00
1.300895890475314047e+02,-4.685041781052647707e+02,-1.408505066870212818e+00,1.035585370434301877e+00,-6.324909060159500385e+00,0.000000000000000000e+00,4.109194696292269633e+00,3.984265465927883110e+00
1.301931475845748309e+02,-4.691366690112807305e+02,-1.408505066870212818e+00,1.035585370434301877e+00,-6.324909060159500385e+00,0.000000000000000000e+00,4.109194696292269633e+00,3.984265465927883110e+00
1.302967061216182572e+02,-4.697691599172966903e+02,-1.408505066870212818e+00,1.035585370434301877e+00,-6.324909060159500385e+00,0.000000000000000000e+00,4.109194696292269633e+00,3.984265465927883110e+00
1.304002646586616834e+02,-4.704016508233126501e+02,-1.408505066870212818e+00,1.035585370434301877e+00,-6.324909060159500385e+00,0.000000000000000000e+00,4.109194696292269633e+00,3.984265465927883110e+00
1.305038231957051096e+02,-4.710341417293286099e+02,-1.408505066870212818e+00,1.035585370434301877e+00,-6.324909060159500385e+00,0.000000000000000000e+00,4.109194696292269633e+00,3.984265465927883110e+00
1.306073817327485358e+02,-4.716666326353445697e+02,-1.408505066870212818e+00,1.035585370434301877e+00,-6.324909060159500385e+00,0.000000000000000000e+00,4.109194696292269633e+00,3.984265465927883110e+00
1.307109402697919620e+02,-4.722991235413605295e+02,-1.408505066870212818e+00,1.035585370434301877e+00,-6.324909060159500385e+00,0.000000000000000000e+00,4.109194696292269633e+00,3.984265465927883110e+00
1.308144988068353882e+02,-4.729316144473764894e+02,-1.408505066870212818e+00,1.035585370434301877e+00,-6.324909060159500385e+00,0.000000000000000000e+00,4.109194696292269633e+00,3.984265465927883110e+00
1.309180573438788144e+02,-4.735641053533924492e+02,-1.408505066870212818e+00,1.035585370434301877e+00,-6.324909060159500385e+00,0.000000000000000000e+00,4.109194696292269633e+00,3.984265465927883110e+00
1.310216158809222406e+02,-4.741965962594084090e+02,-1.408505066870212818e+00,1.035585370434301877e+00,-6.324909060159500385e+00,0.000000000000000000e+00,4.109194696292269633e+00,3.984265465927883110e+00
1.311251744179656669e+02,-4.748290871654243688e+02,-1.408505066870212818e+00,1.035585370434301877e+00,-6.324909060159500385e+00,0.000000000000000000e+00,4.109194696292269633e+00,3.984265465927883110e+00
1.312287329550090931e+02,-4.754615780714403286e+02,-1.408505066870212818e+00,1.035585370434301877e+00,-6.324909060159500385e+00,0.000000000000000000e+00,4.109194696292269633e+00,3.984265465927883110e+00
1.313322914920525193e+02,-4.760940689774562884e+02,-1.408505066870212818e+00,1.035585370434301877e+00,-6.324909060159500385e+00,0.000000000000000000e+00,4.109194696292269633e+00,3.984265465927883110e+00
1.314358500290959455e+02,-4.767265598834722482e+02,-1.408505066870212818e+00,1.035585370434301877e+00,-6.324909060159500385e+00,0.000000000000000000e+00,4.109194696292269633e+00,3.984265465927883110e+00
1.315394085661393717e+02,-4.773590507894882080e+02,-1.408505066870212818e+00,1.035585370434301877e+00,-6.324909060159500385e+00,0.000000000000000000e+00,4.109194696292269633e+00,3.984265465927883110e+00
1.316429671031827979e+02,-4.779915416955041678e+02,-1.408505066870212818e+00,1.035585370434301877e+00,-6.324909060159500385e+00,0.000000000000000000e+00,4.109194696292269633e+00,3.984265465927883110e+00
1.317465256402262241e+02,-4.786240326015201276e+02,-1.408505066870212818e+00,1.035585370434301877e+00,-6.324909060159500385e+00,0.000000000000000000e+00,4.109194696292269633e+00,3.984265465927883110e+00
1.318500841772696504e+02,-4.792565235075360874e+02,-1.408505066870212818e+00,1.035585370434301877e+00,-6.324909060159500385e+00,0.000000000000000000e+00,4.109194696292269633e+00,3.984265465927883110e+00
1.319536427143130766e+02,-4.798890144135520472e+02,-1.408505066870212818e+00,1.035585370434301877e+00,-6.324909060159500385e+00,0.000000000000000000e+00,4.109194696292269633e+00,3.984265465927883110e+00
1.320572012513565028e+02,-4.805215053195680071e+02,-1.408505066870212818e+00,1.035585370434301877e+00,-6.324909060159500385e+00,0.000000000000000000e+00,4.109194696292269633e+00,3.984265465927883110e+00
1.321607597883999290e+02,-4.811539962255839669e+02,-1.408505066870212818e+00,1.035585370434301877e+00,-6.324909060159500385e+00,0.000000000000000000e+00,4.109194696292269633e+00,3.984265465927883110e+00
1.322643183254433552e+02,-4.817864871315999267e+02,-1.408505066870212818e+00,1.035585370434301877e+00,-6.324909060159500385e+00,0.000000000000000000e+00,4.109194696292269633e+00,3.984265465927883110e+00
1.323678768624867814e+02,-4.824189780376158865e+02,-1.408505066870212818e+00,1.035585370434301877e+00,-6.324909060159500385e+00,0.000000000000000000e+00,4.109194696292269633e+00,3.984265465927883110e+00
1.324714353995302076e+02,-4.830514689436318463e+02,-1.408505066870212818e+00,1.035585370434301877e+00,-6.324909060159500385e+00,0.000000000000000000e+00,4.109194696292269633e+00,3.984265465927883110e+00
1.325749939365736338e+02,-4.836839598496478061e+02,-1.408505066870212818e+00,1.035585370434301877e+00,-6.324909060159500385e+00,0.000000000000000000e+00,4.109194696292269633e+00,3.984265465927883110e+00
1.326785524736170601e+02,-4.843164507556637659e+02,-1.408505066870212818e+00,1.035585370434301877e+00,-6.324909060159500385e+00,0.000000000000000000e+00,4.109194696292269633e+00,3.984265465927883110e+00
1.327821110106604863e+02,-4.849489416616797257e+02,-1.408505066870212818e+00,1.035585370434301877e+00,-6.324909060159500385e+00,0.000000000000000000e+00,4.109194696292269633e+00,3.984265465927883110e+00
1.328856695477039125e+02,-4.855814325676956855e+02,-1.408505066870212818e+00,1.035585370434301877e+00,-6.324909060159500385e+00,0.000000000000000000e+00,4.109194696292269633e+00,3.984265465927883110e+00
1.329892280847473387e+02,-4.862139234737116453e+02,-1.408505066870212818e+00,1.035585370434301877e+00,-6.324909060159500385e+00,0.000000000000000000e+00,4.109194696292269633e+00,3.984265465927883110e+00
1.330927866217907649e+02,-4.868464143797276051e+02,-1.408505066870212818e+00,1.035585370434301877e+00,-6.324909060159500385e+00,0.000000000000000000e+00,4.109194696292269633e+00,3.984265465927883110e+00
1.331963451588341911e+02,-4.874789052857435649e+02,-1.408505066870212818e+00,1.035585370434301877e+00,-6.324909060159500385e+00,0.000000000000000000e+00,4.109194696292269633e+00,3.984265465927883110e+00
1.332999036958776173e+02,-4.881113961917595248e+02,-1.408505066870212818e+00,1.035585370434301877e+00,-6.324909060159500385e+00,0.000000000000000000e+00,4.109194696292269633e+00,3.984265465927883110e+00
1.334034622329210436e+02,-4.887438870977754846e+02,-1.408505066870212818e+00,1.035585370434301877e+00,-6.324909060159500385e+00,0.000000000000000000e+00,4.109194696292269633e+00,3.984265465927883110e+00
1.335070207699644698e+02,-4.893763780037914444e+02,-1.408505066870212818e+00,1.035585370434301877e+00,-6.324909060159500385e+00,0.000000000000000000e+00,4.109194696292269633e+00,3.984265465927883110e+00
1.336105793070078960e+02,-4.900088689098074042e+02,-1.408505066870212818e+00,1.035585370434301877e+00,-6.324909060159500385e+00,0.000000000000000000e+00,4.109194696292269633e+00,3.984265465927883110e+00
1.337141378440513222e+02,-4.906413598158233640e+02,-1.408505066870212818e+00,1.035585370434301877e+00,-6.324909060159500385e+00,0.000000000000000000e+00,4.109194696292269633e+00,3.984265465927883110e+00
1.338176963810947484e+02,-4.912738507218393238e+02,-1.408505066870212818e+00,1.035585370434301877e+00,-6.324909060159500385e+00,0.000000000000000000e+00,4.109194696292269633e+00,3.984265465927883110e+00
1.339212549181381746e+02,-4.919063416278552836e+02,-1.408505066870212818e+00,1.035585370434301877e+00,-6.324909060159500385e+00,0.000000000000000000e+00,4.109194696292269633e+00,3.984265465927883110e+00
1.340248134551816008e+02,-4.925388325338712434e+02,-1.408505066870212818e+00,1.035585370434301877e+00,-6.324909060159500385e+00,0.000000000000000000e+00,4.109194696292269633e+00,3.984265465927883110e+00
1.341283719922250270e+02,-4.931713234398872032e+02,-1.408505066870212818e+00,1.035585370434301877e+00,-6.324909060159500385e+00,0.000000000000000000e+00,4.109194696292269633e+00,3.984265465927883110e+00
1.342319305292684533e+02,-4.938038143459031630e+02,-1.408505066870212818e+00,1.035585370434301877e+00,-6.324909060159500385e+00,0.000000000000000000e+00,4.109194696292269633e+00,3.984265465927883110e+00
1.343354890663118795e+02,-4.944363052519191228e+02,-1.408505066870212818e+00,1.035585370434301877e+00,-6.324909060159500385e+00,0.000000000000000000e+00,4.109194696292269633e+00,3.984265465927883110e+00
1.344390476033553057e+02,-4.950687961579350826e+02,-1.408505066870212818e+00,1.035585370434301877e+00,-6.324909060159500385e+00,0.000000000000000000e+00,4.109194696292269633e+00,3.984265465927883110e+00
1.345426061403987319e+02,-4.957012870639510425e+02,-1.408505066870212818e+00,1.035585370434301877e+00,-6.324909060159500385e+00,0.000000000000000000e+00,4.109194696292269633e+00,3.984265465927883110e+00
1.346461646774421581e+02,-4.963337779699670023e+02,-1.408505066870212818e+00,1.035585370434301877e+00,-6.324909060159500385e+00,0.000000000000000000e+00,4.109194696292269633e+00,3.984265465927883110e+00
1.347497232144855843e+02,-4.969662688759829621e+02,-1.408505066870212818e+00,1.035585370434301877e+00,-6.324909060159500385e+00,0.000000000000000000e+00,4.109194696292269633e+00,3.984265465927883110e+00
1.348532817515290105e+02,-4.975987597819989219e+02,-1.408505066870212818e+00,1.035585370434301877e+00,-6.324909060159500385e+00,0.000000000000000000e+00,4.109194696292269633e+00,3.984265465927883110e+00
1.349568402885724367e+02,-4.982312506880148817e+02,-1.408505066870212818e+00,1.035585370434301877e+00,-6.324909060159500385e+00,0.000000000000000000e+00,4.109194696292269633e+00,3.984265465927883110e+00
1.350603988256158630e+02,-4.988637415940308415e+02,-1.408505066870212818e+00,1.035585370434301877e+00,-6.324909060159500385e+00,0.000000000000000000e+00,4.109194696292269633e+00,3.984265465927883110e+00
1.351639573626592892e+02,-4.994962325000468013e+02,-1.408505066870212818e+00,1.035585370434301877e+00,-6.324909060159500385e+00,0.000000000000000000e+00,4.109194696292269633e+00,3.984265465927883110e+00
1.352675158997027154e+02,-5.001287234060627611e+02,-1.408505066870212818e+00,1.035585370434301877e+00,-6.324909060159500385e+00,0.000000000000000000e+00,4.109194696292269633e+00,3.984265465927883110e+00
1.353710744367461416e+02,-5.007612143120787209e+02,-1.408505066870212818e+00,1.035585370434301877e+00,-6.324909060159500385e+00,0.000000000000000000e+00,4.109194696292269633e+00,3.984265465927883110e+00
1.354746329737895678e+02,-5.013937052180946807e+02,-1.408505066870212818e+00,1.035585370434301877e+00,-6.324909060159500385e+00,0.000000000000000000e+00,4.109194696292269633e+00,3.984265465927883110e+00
1.355781915108329940e+02,-5.020261961241106405e+02,-1.408505066870212818e+00,1.035585370434301877e+00,-6.324909060159500385e+00,0.000000000000000000e+00,4.109194696292269633e+00,3.984265465927883110e+00
1.356817500478764202e+02,-5.026586870301266003e+02,-1.408505066870212818e+00,1.035585370434301877e+00,-6.324909060159500385e+00,0.000000000000000000e+00,4.109194696292269633e+00,3.984265465927883110e+00
1.357853085849198465e+02,-5.032911779361425602e+02,-1.408505066870212818e+00,1.035585370434301877e+00,-6.324909060159500385e+00,0.000000000000000000e+00,4.109194696292269633e+00,3.984265465927883110e+00
1.358888671219632727e+02,-5.039236688421585200e+02,-1.408505066870212818e+00,1.035585370434301877e+00,-6.324909060159500385e+00,0.000000000000000000e+00,4.109194696292269633e+00,3.984265465927883110e+00
1.359924256590066989e+02,-5.045561597481744798e+02,-1.408505066870212818e+00,1.035585370434301877e+00,-6.324909060159500385e+00,0.000000000000000000e+00,4.109194696292269633e+00,3.984265465927883110e+00
1.360959841960501251e+02,-5.051886506541904396e+02,-1.408505066870212818e+00,1.035585370434301877e+00,-6.324909060159500385e+00,0.000000000000000000e+00,4.109194696292269633e+00,3.984265465927883110e+00
1.361995427330935513e+02,-5.058211415602063994e+02,-1.408505066870212818e+00,1.035585370434301877e+00,-6.324909060159500385e+00,0.000000000000000000e+00,4.109194696292269633e+00,3.984265465927883110e+00
1.363031012701369775e+02,-5.064536324662223592e+02,-1.408505066870212818e+00,1.035585370434301877e+00,-6.324909060159500385e+00,0.000000000000000000e+00,4.109194696292269633e+00,3.984265465927883110e+00
1.364066598071804037e+02,-5.070861233722383190e+02,-1.408505066870212818e+00,1.035585370434301877e+00,-6.324909060159500385e+00,0.000000000000000000e+00,4.109194696292269633e+00,3.984265465927883110e+00
1.365102183442238299e+02,-5.077186142782542788e+02,-1.408505066870212818e+00,1.035585370434301877e+00,-6.324909060159500385e+00,0.000000000000000000e+00,4.109194696292269633e+00,3.984265465927883110e+00
1.366137768812672562e+02,-5.083511051842702386e+02,-1.408505066870212818e+00,1.035585370434301877e+00,-6.324909060159500385e+00,0.000000000000000000e+00,4.109194696292269633e+00,3.984265465927883110e+00
1.367173354183106824e+02,-5.089835960902861984e+02,-1.408505066870212818e+00,1.035585370434301877e+00,-6.324909060159500385e+00,0.000000000000000000e+00,4.109194696292269633e+00,3.984265465927883110e+00
1.368208939553541086e+02,-5.096160869963021582e+02,-1.408505066870212818e+00,1.035585370434301877e+00,-6.324909060159500385e+00,0.000000000000000000e+00,4.109194696292269633e+00,3.984265465927883110e+00
1.369244524923975348e+02,-5.102485779023181180e+02,-1.408505066870212818e+00,1.035585370434301877e+00,-6.324909060159500385e+00,0.000000000000000000e+00,4.109194696292269633e+00,3.984265465927883110e+00
1.370280110294409610e+02,-5.108810688083340779e+02,-1.408505066870212818e+00,1.035585370434301877e+00,-6.324909060159500385e+00,0.000000000000000000e+00,4.109194696292269633e+00,3.984265465927883110e+00
1.371315695664843872e+02,-5.115135597143500377e+02,-1.408505066870212818e+00,1.035585370434301877e+00,-6.324909060159500385e+00,0.000000000000000000e+00,4.109194696292269633e+00,3.984265465927883110e+00
1.372351281035278134e+02,-5.121460506203659406e+02,-1.408505066870212818e+00,1.035585370434301877e+00,-6.324909060159500385e+00,0.000000000000000000e+00,4.109194696292269633e+00,3.984265465927883110e+00
1.373386866405712396e+02,-5.127785415263819004e+02,-1.408505066870212818e+00,1.035585370434301877e+00,-6.324909060159500385e+00,0.000000000000000000e+00,4.109194696292269633e+00,3.984265465927883110e+00
1.374422451776146659e+02,-5.134110324323978602e+02,-1.408505066870212818e+00,1.035585370434301877e+00,-6.324909060159500385e+00,0.000000000000000000e+00,4.109194696292269633e+00,3.984265465927883110e+00
1.375458037146580921e+02,-5.140435233384138201e+02,-1.408505066870212818e+00,1.035585370434301877e+00,-6.324909060159500385e+00,0.000000000000000000e+00,4.109194696292269633e+00,3.984265465927883110e+00
1.376493622517015183e+02,-5.146760142444297799e+02,-1.408505066870212818e+00,1.035585370434301877e+00,-6.324909060159500385e+00,0.000000000000000000e+00,4.109194696292269633e+00,3.984265465927883110e+00
1.377529207887449445e+02,-5.153085051504457397e+02,-1.408505066870212818e+00,1.035585370434301877e+00,-6.324909060159500385e+00,0.000000000000000000e+00,4.109194696292269633e+00,3.984265465927883110e+00
1.378564793257883707e+02,-5.159409960564616995e+02,-1.408505066870212818e+00,1.035585370434301877e+00,-6.324909060159500385e+00,0.000000000000000000e+00,4.109194696292269633e+00,3.984265465927883110e+00
1.379600378628317969e+02,-5.165734869624776593e+02,-1.408505066870212818e+00,1.035585370434301877e+00,-6.324909060159500385e+00,0.000000000000000000e+00,4.109194696292269633e+00,3.984265465927883110e+00
1.380635963998752231e+02,-5.172059778684936191e+02,-1.408505066870212818e+00,1.035585370434301877e+00,-6.324909060159500385e+00,0.000000000000000000e+00,4.109194696292269633e+00,3.984265465927883110e+00
1.381671549369186494e+02,-5.178384687745095789e+02,-1.408505066870212818e+00,1.035585370434301877e+00,-6.324909060159500385e+00,0.000000000000000000e+00,4.109194696292269633e+00,3.984265465927883110e+00
1.382707134739620756e+02,-5.184709596805255387e+02,-1.408505066870212818e+00,1.035585370434301877e+00,-6.324909060159500385e+00,0.000000000000000000e+00,4.109194696292269633e+00,3.984265465927883110e+00
1.383742720110055018e+02,-5.191034505865414985e+02,-1.408505066870212818e+00,1.035585370434301877e+00,-6.324909060159500385e+00,0.000000000000000000e+00,4.109194696292269633e+00,3.984265465927883110e+00
1.384778305480489280e+02,-5.197359414925574583e+02,-1.408505066870212818e+00,1.035585370434301877e+00,-6.324909060159500385e+00,0.000000000000000000e+00,4.109194696292269633e+00,3.984265465927883110e+00
1.385813890850923542e+02,-5.203684323985734181e+02,-1.408505066870212818e+00,1.035585370434301877e+00,-6.324909060159500385e+00,0.000000000000000000e+00,4.109194696292269633e+00,3.984265465927883110e+00
1.386849476221357804e+02,-5.210009233045893779e+02,-1.408505066870212818e+00,1.035585370434301877e+00,-6.324909060159500385e+00,0.000000000000000000e+00,4.109194696292269633e+00,3.984265465927883110e+00
1.387885061591792066e+02,-5.216334142106053378e+02,-1.408505066870212818e+00,1.035585370434301877e+00,-6.324909060159500385e+00,0.000000000000000000e+00,4.109194696292269633e+00,3.984265465927883110e+00
1.388920646962226328e+02,-5.222659051166212976e+02,-1.408505066870212818e+00,1.035585370434301877e+00,-6.324909060159500385e+00,0.000000000000000000e+00,4.109194696292269633e+00,3.984265465927883110e+00
1.389956232332660591e+02,-5.228983960226372574e+02,-1.408505066870212818e+00,1.035585370434301877e+00,-6.324909060159500385e+00,0.000000000000000000e+00,4.109194696292269633e+00,3.984265465927883110e+00
1.390991817703094853e+02,-5.235308869286532172e+02,-1.408505066870212818e+00,1.035585370434301877e+00,-6.324909060159500385e+00,0.000000000000000000e+00,4.109194696292269633e+00,3.984265465927883110e+00
1.392027403073529115e+02,-5.241633778346691770e+02,-1.408505066870212818e+00,1.035585370434301877e+00,-6.324909060159500385e+00,0.000000000000000000e+00,4.109194696292269633e+00,3.984265465927883110e+00
1.393062988443963377e+02,-5.247958687406851368e+02,-1.408505066870212818e+00,1.035585370434301877e+00,-6.324909060159500385e+00,0.000000000000000000e+00,4.109194696292269633e+00,3.984265465927883110e+00
1.394098573814397639e+02,-5.254283596467010966e+02,-1.408505066870212818e+00,1.035585370434301877e+00,-6.324909060159500385e+00,0.000000000000000000e+00,4.109194696292269633e+00,3.984265465927883110e+00
1.395134159184831901e+02,-5.260608505527170564e+02,-1.408505066870212818e+00,1.035585370434301877e+00,-6.324909060159500385e+00,0.000000000000000000e+00,4.109194696292269633e+00,3.984265465927883110e+00
1.396169744555266163e+02,-5.266933414587330162e+02,-1.408505066870212818e+00,1.035585370434301877e+00,-6.324909060159500385e+00,0.000000000000000000e+00,4.109194696292269633e+00,3.984265465927883110e+00
1.397205329925700426e+02,-5.273258323647489760e+02,-1.408505066870212818e+00,1.035585370434301877e+00,-6.324909060159500385e+00,0.000000000000000000e+00,4.109194696292269633e+00,3.984265465927883110e+00
1.398240915296134688e+02,-5.279583232707649358e+02,-1.408505066870212818e+00,1.035585370434301877e+00,-6.324909060159500385e+00,0.000000000000000000e+00,4.109194696292269633e+00,3.984265465927883110e+00
1.399276500666568950e+02,-5.285908141767808957e+02,-1.408505066870212818e+00,1.035585370434301877e+00,-6.324909060159500385e+00,0.000000000000000000e+00,4.109194696292269633e+00,3.984265465927883110e+00
1.400312086037003212e+02,-5.292233050827968555e+02,-1.408505066870212818e+00,1.035585370434301877e+00,-6.324909060159500385e+00,0.000000000000000000e+00,4.109194696292269633e+00,3.984265465927883110e+00
1.401347671407437474e+02,-5.298557959888128153e+02,-1.408505066870212818e+00,1.035585370434301877e+00,-6.324909060159500385e+00,0.000000000000000000e+00,4.109194696292269633e+00,3.984265465927883110e+00
1.402383256777871736e+02,-5.304882868948287751e+02,-1.408505066870212818e+00,1.035585370434301877e+00,-6.324909060159500385e+00,0.000000000000000000e+00,4.109194696292269633e+00,3.984265465927883110e+00
1.403418842148305998e+02,-5.311207778008447349e+02,-1.408505066870212818e+00,1.035585370434301877e+00,-6.324909060159500385e+00,0.000000000000000000e+00,4.109194696292269633e+00,3.984265465927883110e+00
1.404454427518740260e+02,-5.317532687068606947e+02,-1.408505066870212818e+00,1.035585370434301877e+00,-6.324909060159500385e+00,0.000000000000000000e+00,4.109194696292269633e+00,3.984265465927883110e+00
1.405490012889174523e+02,-5.323857596128766545e+02,-1.408505066870212818e+00,1.035585370434301877e+00,-6.324909060159500385e+00,0.000000000000000000e+00,4.109194696292269633e+00,3.984265465927883110e+00
1.406525598259608785e+02,-5.330182505188926143e+02,-1.408505066870212818e+00,1.035585370434301877e+00,-6.324909060159500385e+00,0.000000000000000000e+00,4.109194696292269633e+00,3.984265465927883110e+00
1.407561183630043047e+02,-5.336507414249085741e+02,-1.408505066870212818e+00,1.035585370434301877e+00,-6.324909060159500385e+00,0.000000000000000000e+00,4.109194696292269633e+00,3.984265465927883110e+00
1.408596769000477309e+02,-5.342832323309245339e+02,-1.408505066870212818e+00,1.035585370434301877e+00,-6.324909060159500385e+00,0.000000000000000000e+00,4.109194696292269633e+00,3.984265465927883110e+00
1.409632354370911571e+02,-5.349157232369404937e+02,-1.408505066870212818e+00,1.035585370434301877e+00,-6.324909060159500385e+00,0.000000000000000000e+00,4.109194696292269633e+00,3.984265465927883110e+00
1.410667939741345833e+02,-5.355482141429564535e+02,-1.408505066870212818e+00,1.035585370434301877e+00,-6.324909060159500385e+00,0.000000000000000000e+00,4.109194696292269633e+00,3.984265465927883110e+00
1.411703525111780095e+02,-5.361807050489724134e+02,-1.408505066870212818e+00,1.035585370434301877e+00,-6.324909060159500385e+00,0.000000000000000000e+00,4.109194696292269633e+00,3.984265465927883110e+00
1.412739110482214357e+02,-5.368131959549883732e+02,-1.408505066870212818e+00,1.035585370434301877e+00,-6.324909060159500385e+00,0.000000000000000000e+00,4.109194696292269633e+00,3.984265465927883110e+00
1.413774695852648620e+02,-5.374456868610043330e+02,-1.408505066870212818e+00,1.035585370434301877e+00,-6.324909060159500385e+00,0.000000000000000000e+00,4.109194696292269633e+00,3.984265465927883110e+00
1.414810281223082882e+02,-5.380781777670202928e+02,-1.408505066870212818e+00,1.035585370434301877e+00,-6.324909060159500385e+00,0.000000000000000000e+00,4.109194696292269633e+00,3.984265465927883110e+00
1.415845866593517144e+02,-5.387106686730362526e+02,-1.408505066870212818e+00,1.035585370434301877e+00,-6.324909060159500385e+00,0.000000000000000000e+00,4.109194696292269633e+00,3.984265465927883110e+00
1.416881451963951406e+02,-5.393431595790522124e+02,-1.408505066870212818e+00,1.035585370434301877e+00,-6.324909060159500385e+00,0.000000000000000000e+00,4.109194696292269633e+00,3.984265465927883110e+00
1.417917037334385668e+02,-5.399756504850681722e+02,-1.408505066870212818e+00,1.035585370434301877e+00,-6.324909060159500385e+00,0.000000000000000000e+00,4.109194696292269633e+00,3.984265465927883110e+00
1.418952622704819930e+02,-5.406081413910841320e+02,-1.408505066870212818e+00,1.035585370434301877e+00,-6.324909060159500385e+00,0.000000000000000000e+00,4.109194696292269633e+00,3.984265465927883110e+00
1.419988208075254192e+02,-5.412406322971000918e+02,-1.408505066870212818e+00,1.035585370434301877e+00,-6.324909060159500385e+00,0.000000000000000000e+00,4.109194696292269633e+00,3.984265465927883110e+00
1.421023793445688455e+02,-5.418731232031160516e+02,-1.408505066870212818e+00,1.035585370434301877e+00,-6.324909060159500385e+00,0.000000000000000000e+00,4.109194696292269633e+00,3.984265465927883110e+00
1.422059378816122717e+02,-5.425056141091320114e+02,-1.408505066870212818e+00,1.035585370434301877e+00,-6.324909060159500385e+00,0.000000000000000000e+00,4.109194696292269633e+00,3.984265465927883110e+00
1.423094964186556979e+02,-5.431381050151479712e+02,-1.408505066870212818e+00,1.035585370434301877e+00,-6.324909060159500385e+00,0.000000000000000000e+00,4.109194696292269633e+00,3.984265465927883110e+00
1.424130549556991241e+02,-5.437705959211639311e+02,-1.408505066870212818e+00,1.035585370434301877e+00,-6.324909060159500385e+00,0.000000000000000000e+00,4.109194696292269633e+00,3.984265465927883110e+00
1.425166134927425503e+02,-5.444030868271798909e+02,-1.408505066870212818e+00,1.035585370434301877e+00,-6.324909060159500385e+00,0.000000000000000000e+00,4.109194696292269633e+00,3.984265465927883110e+00
1.426201720297859765e+02,-5.450355777331958507e+02,-1.408505066870212818e+00,1.035585370434301877e+00,-6.324909060159500385e+00,0.000000000000000000e+00,4.109194696292269633e+00,3.984265465927883110e+00
1.427237305668294027e+02,-5.456680686392118105e+02,-1.408505066870212818e+00,1.035585370434301877e+00,-6.324909060159500385e+00,0.000000000000000000e+00,4.109194696292269633e+00,3.984265465927883110e+00
1.428272891038728289e+02,-5.463005595452277703e+02,-1.408505066870212818e+00,1.035585370434301877e+00,-6.324909060159500385e+00,0.000000000000000000e+00,4.109194696292269633e+00,3.984265465927883110e+00
1.429308476409162552e+02,-5.469330504512437301e+02,-1.408505066870212818e+00,1.035585370434301877e+00,-6.324909060159500385e+00,0.000000000000000000e+00,4.109194696292269633e+00,3.984265465927883110e+00
1.430344061779596814e+02,-5.475655413572596899e+02,-1.408505066870212818e+00,1.035585370434301877e+00,-6.324909060159500385e+00,0.000000000000000000e+00,4.109194696292269633e+00,3.984265465927883110e+00
1.431379647150031076e+02,-5.481980322632756497e+02,-1.408505066870212818e+00,1.035585370434301877e+00,-6.324909060159500385e+00,0.000000000000000000e+00,4.109194696292269633e+00,3.984265465927883110e+00
1.432415232520465338e+02,-5.488305231692916095e+02,-1.408505066870212818e+00,1.035585370434301877e+00,-6.324909060159500385e+00,0.000000000000000000e+00,4.109194696292269633e+00,3.984265465927883110e+00
1.433450817890899600e+02,-5.494630140753075693e+02,-1.408505066870212818e+00,1.035585370434301877e+00,-6.324909060159500385e+00,0.000000000000000000e+00,4.109194696292269633e+00,3.984265465927883110e+00
1.434486403261333862e+02,-5.500955049813235291e+02,-1.408505066870212818e+00,1.035585370434301877e+00,-6.324909060159500385e+00,0.000000000000000000e+00,4.109194696292269633e+00,3.984265465927883110e+00
1.435521988631768124e+02,-5.507279958873394889e+02,-1.408505066870212818e+00,1.035585370434301877e+00,-6.324909060159500385e+00,0.000000000000000000e+00,4.109194696292269633e+00,3.984265465927883110e+00
1.436557574002202387e+02,-5.513604867933554488e+02,-1.408505066870212818e+00,1.035585370434301877e+00,-6.324909060159500385e+00,0.000000000000000000e+00,4.109194696292269633e+00,3.984265465927883110e+00
1.437593159372636649e+02,-5.519929776993714086e+02,-1.408505066870212818e+00,1.035585370434301877e+00,-6.324909060159500385e+00,0.000000000000000000e+00,4.109194696292269633e+00,3.984265465927883110e+00
1.438628744743070911e+02,-5.526254686053873684e+02,-1.408505066870212818e+00,1.035585370434301877e+00,-6.324909060159500385e+00,0.000000000000000000e+00,4.109194696292269633e+00,3.984265465927883110e+00
1.439664330113505173e+02,-5.532579595114033282e+02,-1.408505066870212818e+00,1.035585370434301877e+00,-6.324909060159500385e+00,0.000000000000000000e+00,4.109194696292269633e+00,3.984265465927883110e+00
1.440699915483939435e+02,-5.538904504174192880e+02,-1.408505066870212818e+00,1.035585370434301877e+00,-6.324909060159500385e+00,0.000000000000000000e+00,4.109194696292269633e+00,3.984265465927883110e+00
1.441735500854373697e+02,-5.545229413234352478e+02,-1.408505066870212818e+00,1.035585370434301877e+00,-6.324909060159500385e+00,0.000000000000000000e+00,4.109194696292269633e+00,3.984265465927883110e+00
1.442771086224807959e+02,-5.551554322294512076e+02,-1.408505066870212818e+00,1.035585370434301877e+00,-6.324909060159500385e+00,0.000000000000000000e+00,4.109194696292269633e+00,3.984265465927883110e+00
1.443806671595242221e+02,-5.557879231354671674e+02,-1.408505066870212818e+00,1.035585370434301877e+00,-6.324909060159500385e+00,0.000000000000000000e+00,4.109194696292269633e+00,3.984265465927883110e+00
1.444842256965676484e+02,-5.564204140414831272e+02,-1.408505066870212818e+00,1.035585370434301877e+00,-6.324909060159500385e+00,0.000000000000000000e+00,4.109194696292269633e+00,3.984265465927883110e+00
1.445877842336110746e+02,-5.570529049474990870e+02,-1.408505066870212818e+00,1.035585370434301877e+00,-6.324909060159500385e+00,0.000000000000000000e+00,4.109194696292269633e+00,3.984265465927883110e+00
1.446913427706545008e+02,-5.576853958535150468e+02,-1.408505066870212818e+00,1.035585370434301877e+00,-6.324909060159500385e+00,0.000000000000000000e+00,4.109194696292269633e+00,3.984265465927883110e+00
1.447949013076979270e+02,-5.583178867595310066e+02,-1.408505066870212818e+00,1.035585370434301877e+00,-6.324909060159500385e+00,0.000000000000000000e+00,4.109194696292269633e+00,3.984265465927883110e+00
1.448984598447413532e+02,-5.589503776655469665e+02,-1.408505066870212818e+00,1.035585370434301877e+00,-6.324909060159500385e+00,0.000000000000000000e+00,4.109194696292269633e+00,3.984265465927883110e+00
1.450020183817847794e+02,-5.595828685715629263e+02,-1.408505066870212818e+00,1.035585370434301877e+00,-6.324909060159500385e+00,0.000000000000000000e+00,4.109194696292269633e+00,3.984265465927883110e+00
1.451055769188282056e+02,-5.602153594775788861e+02,-1.408505066870212818e+00,1.035585370434301877e+00,-6.324909060159500385e+00,0.000000000000000000e+00,4.109194696292269633e+00,3.984265465927883110e+00
1.452091354558716318e+02,-5.608478503835948459e+02,-1.408505066870212818e+00,1.035585370434301877e+00,-6.324909060159500385e+00,0.000000000000000000e+00,4.109194696292269633e+00,3.984265465927883110e+00
1.453126939929150581e+02,-5.614803412896108057e+02,-1.408505066870212818e+00,1.035585370434301877e+00,-6.324909060159500385e+00,0.000000000000000000e+00,4.109194696292269633e+00,3.984265465927883110e+00
1.454162525299584843e+02,-5.621128321956267655e+02,-1.408505066870212818e+00,1.035585370434301877e+00,-6.324909060159500385e+00,0.000000000000000000e+00,4.109194696292269633e+00,3.984265465927883110e+00
1.455198110670019105e+02,-5.627453231016427253e+02,-1.408505066870212818e+00,1.035585370434301877e+00,-6.324909060159500385e+00,0.000000000000000000e+00,4.109194696292269633e+00,3.984265465927883110e+00
1.456233696040453367e+02,-5.633778140076586851e+02,-1.408505066870212818e+00,1.035585370434301877e+00,-6.324909060159500385e+00,0.000000000000000000e+00,4.109194696292269633e+00,3.984265465927883110e+00
1.457269281410887629e+02,-5.640103049136746449e+02,-1.408505066870212818e+00,1.035585370434301877e+00,-6.324909060159500385e+00,0.000000000000000000e+00,4.109194696292269633e+00,3.984265465927883110e+00
1.458304866781321891e+02,-5.646427958196906047e+02,-1.408505066870212818e+00,1.035585370434301877e+00,-6.324909060159500385e+00,0.000000000000000000e+00,4.109194696292269633e+00,3.984265465927883110e+00
1.459340452151756153e+02,-5.652752867257065645e+02,-1.408505066870212818e+00,1.035585370434301877e+00,-6.324909060159500385e+00,0.000000000000000000e+00,4.109194696292269633e+00,3.984265465927883110e+00
1.460376037522190416e+02,-5.659077776317225243e+02,-1.408505066870212818e+00,1.035585370434301877e+00,-6.324909060159500385e+00,0.000000000000000000e+00,4.109194696292269633e+00,3.984265465927883110e+00
1.461411622892624678e+02,-5.665402685377384842e+02,-1.408505066870212818e+00,1.035585370434301877e+00,-6.324909060159500385e+00,0.000000000000000000e+00,4.109194696292269633e+00,3.984265465927883110e+00
1.462447208263058940e+02,-5.671727594437544440e+02,-1.408505066870212818e+00,1.035585370434301877e+00,-6.324909060159500385e+00,0.000000000000000000e+00,4.109194696292269633e+00,3.984265465927883110e+00
1.463482793633493202e+02,-5.678052503497704038e+02,-1.408505066870212818e+00,1.035585370434301877e+00,-6.324909060159500385e+00,0.000000000000000000e+00,4.109194696292269633e+00,3.984265465927883110e+00
1.464518379003927464e+02,-5.684377412557863636e+02,-1.408505066870212818e+00,1.035585370434301877e+00,-6.324909060159500385e+00,0.000000000000000000e+00,4.109194696292269633e+00,3.984265465927883110e+00
1.465553964374361726e+02,-5.690702321618023234e+02,-1.408505066870212818e+00,1.035585370434301877e+00,-6.324909060159500385e+00,0.000000000000000000e+00,4.109194696292269633e+00,3.984265465927883110e+00
1.466589549744795988e+02,-5.697027230678182832e+02,-1.408505066870212818e+00,1.035585370434301877e+00,-6.324909060159500385e+00,0.000000000000000000e+00,4.109194696292269633e+00,3.984265465927883110e+00
1.467625135115230250e+02,-5.703352139738342430e+02,-1.408505066870212818e+00,1.035585370434301877e+00,-6.324909060159500385e+00,0.000000000000000000e+00,4.109194696292269633e+00,3.984265465927883110e+00
1.468660720485664513e+02,-5.709677048798502028e+02,-1.408505066870212818e+00,1.035585370434301877e+00,-6.324909060159500385e+00,0.000000000000000000e+00,4.109194696292269633e+00,3.984265465927883110e+00
1.469696305856098775e+02,-5.716001957858661626e+02,-1.408505066870212818e+00,1.035585370434301877e+00,-6.324909060159500385e+00,0.000000000000000000e+00,4.109194696292269633e+00,3.984265465927883110e+00
1.470731891226533037e+02,-5.722326866918821224e+02,-1.408505066870212818e+00,1.035585370434301877e+00,-6.324909060159500385e+00,0.000000000000000000e+00,4.109194696292269633e+00,3.984265465927883110e+00
1.471767476596967299e+02,-5.728651775978980822e+02,-1.408505066870212818e+00,1.035585370434301877e+00,-6.324909060159500385e+00,0.000000000000000000e+00,4.109194696292269633e+00,3.984265465927883110e+00
1.472803061967401561e+02,-5.734976685039140420e+02,-1.408505066870212818e+00,1.035585370434301877e+00,-6.324909060159500385e+00,0.000000000000000000e+00,4.109194696292269633e+00,3.984265465927883110e+00
1.473838647337835823e+02,-5.741301594099300019e+02,-1.408505066870212818e+00,1.035585370434301877e+00,-6.324909060159500385e+00,0.000000000000000000e+00,4.109194696292269633e+00,3.984265465927883110e+00
1.474874232708270085e+02,-5.747626503159459617e+02,-1.408505066870212818e+00,1.035585370434301877e+00,-6.324909060159500385e+00,0.000000000000000000e+00,4.109194696292269633e+00,3.984265465927883110e+00
1.475909818078704347e+02,-5.753951412219619215e+02,-1.408505066870212818e+00,1.035585370434301877e+00,-6.324909060159500385e+00,0.000000000000000000e+00,4.109194696292269633e+00,3.984265465927883110e+00
1.476945403449138610e+02,-5.760276321279778813e+02,-1.408505066870212818e+00,1.035585370434301877e+00,-6.324909060159500385e+00,0.000000000000000000e+00,4.109194696292269633e+00,3.984265465927883110e+00
1.477980988819572872e+02,-5.766601230339938411e+02,-1.408505066870212818e+00,1.035585370434301877e+00,-6.324909060159500385e+00,0.000000000000000000e+00,4.109194696292269633e+00,3.984265465927883110e+00
1.479016574190007134e+02,-5.772926139400098009e+02,-1.408505066870212818e+00,1.035585370434301877e+00,-6.324909060159500385e+00,0.000000000000000000e+00,4.109194696292269633e+00,3.984265465927883110e+00
1.480052159560441396e+02,-5.779251048460257607e+02,-1.408505066870212818e+00,1.035585370434301877e+00,-6.324909060159500385e+00,0.000000000000000000e+00,4.109194696292269633e+00,3.984265465927883110e+00
1.481087744930875658e+02,-5.785575957520417205e+02,-1.408505066870212818e+00,1.035585370434301877e+00,-6.324909060159500385e+00,0.000000000000000000e+00,4.109194696292269633e+00,3.984265465927883110e+00
1.482123330301309920e+02,-5.791900866580576803e+02,-1.408505066870212818e+00,1.035585370434301877e+00,-6.324909060159500385e+00,0.000000000000000000e+00,4.109194696292269633e+00,3.984265465927883110e+00
1.483158915671744182e+02,-5.798225775640736401e+02,-1.408505066870212818e+00,1.035585370434301877e+00,-6.324909060159500385e+00,0.000000000000000000e+00,4.109194696292269633e+00,3.984265465927883110e+00
1.484194501042178445e+02,-5.804550684700895999e+02,-1.408505066870212818e+00,1.035585370434301877e+00,-6.324909060159500385e+00,0.000000000000000000e+00,4.109194696292269633e+00,3.984265465927883110e+00
1.485230086412612707e+02,-5.810875593761055597e+02,-1.408505066870212818e+00,1.035585370434301877e+00,-6.324909060159500385e+00,0.000000000000000000e+00,4.109194696292269633e+00,3.984265465927883110e+00
1.486265671783046969e+02,-5.817200502821215196e+02,-1.408505066870212818e+00,1.035585370434301877e+00,-6.324909060159500385e+00,0.000000000000000000e+00,4.109194696292269633e+00,3.984265465927883110e+00
1.487301257153481231e+02,-5.823525411881374794e+02,-1.408505066870212818e+00,1.035585370434301877e+00,-6.324909060159500385e+00,0.000000000000000000e+00,4.109194696292269633e+00,3.984265465927883110e+00
1.488336842523915493e+02,-5.829850320941534392e+02,-1.408505066870212818e+00,1.035585370434301877e+00,-6.324909060159500385e+00,0.000000000000000000e+00,4.109194696292269633e+00,3.984265465927883110e+00
1.489372427894349755e+02,-5.836175230001693990e+02,-1.408505066870212818e+00,1.035585370434301877e+00,-6.324909060159500385e+00,0.000000000000000000e+00,4.109194696292269633e+00,3.984265465927883110e+00
1.490408013264784017e+02,-5.842500139061853588e+02,-1.408505066870212818e+00,1.035585370434301877e+00,-6.324909060159500385e+00,0.000000000000000000e+00,4.109194696292269633e+00,3.984265465927883110e+00
1.491443598635218279e+02,-5.848825048122013186e+02,-1.408505066870212818e+00,1.035585370434301877e+00,-6.324909060159500385e+00,0.000000000000000000e+00,4.109194696292269633e+00,3.984265465927883110e+00
1.492479184005652542e+02,-5.855149957182172784e+02,-1.408505066870212818e+00,1.035585370434301877e+00,-6.324909060159500385e+00,0.000000000000000000e+00,4.109194696292269633e+00,3.984265465927883110e+00
1.493514769376086804e+02,-5.861474866242332382e+02,-1.408505066870212818e+00,1.035585370434301877e+00,-6.324909060159500385e+00,0.000000000000000000e+00,4.109194696292269633e+00,3.984265465927883110e+00
1.494550354746521066e+02,-5.867799775302491980e+02,-1.408505066870212818e+00,1.035585370434301877e+00,-6.324909060159500385e+00,0.000000000000000000e+00,4.109194696292269633e+00,3.984265465927883110e+00
1.495585940116955328e+02,-5.874124684362651578e+02,-1.408505066870212818e+00,1.035585370434301877e+00,-6.324909060159500385e+00,0.000000000000000000e+00,4.109194696292269633e+00,3.984265465927883110e+00
1.496621525487389590e+02,-5.880449593422811176e+02,-1.408505066870212818e+00,1.035585370434301877e+00,-6.324909060159500385e+00,0.000000000000000000e+00,4.109194696292269633e+00,3.984265465927883110e+00
1.497657110857823852e+02,-5.886774502482970775e+02,-1.408505066870212818e+00,1.035585370434301877e+00,-6.324909060159500385e+00,0.000000000000000000e+00,4.109194696292269633e+00,3.984265465927883110e+00
1.498692696228258114e+02,-5.893099411543130373e+02,-1.408505066870212818e+00,1.035585370434301877e+00,-6.324909060159500385e+00,0.000000000000000000e+00,4.109194696292269633e+00,3.984265465927883110e+00
1.499728281598692377e+02,-5.899424320603289971e+02,-1.408505066870212818e+00,1.035585370434301877e+00,-6.324909060159500385e+00,0.000000000000000000e+00,4.109194696292269633e+00,3.984265465927883110e+00
1.500763866969126639e+02,-5.905749229663449569e+02,-1.408505066870212818e+00,1.035585370434301877e+00,-6.324909060159500385e+00,0.000000000000000000e+00,4.109194696292269633e+00,3.984265465927883110e+00
1.501799452339560901e+02,-5.912074138723609167e+02,-1.408505066870212818e+00,1.035585370434301877e+00,-6.324909060159500385e+00,0.000000000000000000e+00,4.109194696292269633e+00,3.984265465927883110e+00
1.502835037709995163e+02,-5.918399047783768765e+02,-1.408505066870212818e+00,1.035585370434301877e+00,-6.324909060159500385e+00,0.000000000000000000e+00,4.109194696292269633e+00,3.984265465927883110e+00
1.503870623080429425e+02,-5.924723956843928363e+02,-1.408505066870212818e+00,1.035585370434301877e+00,-6.324909060159500385e+00,0.000000000000000000e+00,4.109194696292269633e+00,3.984265465927883110e+00
1.504906208450863687e+02,-5.931048865904087961e+02,-1.408505066870212818e+00,1.035585370434301877e+00,-6.324909060159500385e+00,0.000000000000000000e+00,4.109194696292269633e+00,3.984265465927883110e+00
1.505941793821297949e+02,-5.937373774964247559e+02,-1.408505066870212818e+00,1.035585370434301877e+00,-6.324909060159500385e+00,0.000000000000000000e+00,4.109194696292269633e+00,3.984265465927883110e+00
1.506977379191732211e+02,-5.943698684024407157e+02,-1.408505066870212818e+00,1.035585370434301877e+00,-6.324909060159500385e+00,0.000000000000000000e+00,4.109194696292269633e+00,3.984265465927883110e+00
1.508012964562166474e+02,-5.950023593084566755e+02,-1.408505066870212818e+00,1.035585370434301877e+00,-6.324909060159500385e+00,0.000000000000000000e+00,4.109194696292269633e+00,3.984265465927883110e+00
1.509048549932600736e+02,-5.956348502144726353e+02,-1.408505066870212818e+00,1.035585370434301877e+00,-6.324909060159500385e+00,0.000000000000000000e+00,4.109194696292269633e+00,3.984265465927883110e+00
1.510084135303034998e+02,-5.962673411204885952e+02,-1.408505066870212818e+00,1.035585370434301877e+00,-6.324909060159500385e+00,0.000000000000000000e+00,4.109194696292269633e+00,3.984265465927883110e+00
1.511119720673469260e+02,-5.968998320265045550e+02,-1.408505066870212818e+00,1.035585370434301877e+00,-6.324909060159500385e+00,0.000000000000000000e+00,4.109194696292269633e+00,3.984265465927883110e+00
1.512155306043903522e+02,-5.975323229325205148e+02,-1.408505066870212818e+00,1.035585370434301877e+00,-6.324909060159500385e+00,0.000000000000000000e+00,4.109194696292269633e+00,3.984265465927883110e+00
1.513190891414337784e+02,-5.981648138385364746e+02,-1.408505066870212818e+00,1.035585370434301877e+00,-6.324909060159500385e+00,0.000000000000000000e+00,4.109194696292269633e+00,3.984265465927883110e+00
1.514226476784772046e+02,-5.987973047445524344e+02,-1.408505066870212818e+00,1.035585370434301877e+00,-6.324909060159500385e+00,0.000000000000000000e+00,4.109194696292269633e+00,3.984265465927883110e+00
1.515262062155206308e+02,-5.994297956505683942e+02,-1.408505066870212818e+00,1.035585370434301877e+00,-6.324909060159500385e+00,0.000000000000000000e+00,4.109194696292269633e+00,3.984265465927883110e+00
1.516297647525640571e+02,-6.000622865565843540e+02,-1.408505066870212818e+00,1.035585370434301877e+00,-6.324909060159500385e+00,0.000000000000000000e+00,4.109194696292269633e+00,3.984265465927883110e+00
1.517333232896074833e+02,-6.006947774626003138e+02,-1.408505066870212818e+00,1.035585370434301877e+00,-6.324909060159500385e+00,0.000000000000000000e+00,4.109194696292269633e+00,3.984265465927883110e+00
1.518368818266509095e+02,-6.013272683686162736e+02,-1.408505066870212818e+00,1.035585370434301877e+00,-6.324909060159500385e+00,0.000000000000000000e+00,4.109194696292269633e+00,3.984265465927883110e+00
1.519404403636943357e+02,-6.019597592746322334e+02,-1.408505066870212818e+00,1.035585370434301877e+00,-6.324909060159500385e+00,0.000000000000000000e+00,4.109194696292269633e+00,3.984265465927883110e+00
1.520439989007377619e+02,-6.025922501806481932e+02,-1.408505066870212818e+00,1.035585370434301877e+00,-6.324909060159500385e+00,0.000000000000000000e+00,4.109194696292269633e+00,3.984265465927883110e+00
1.521475574377811881e+02,-6.032247410866641530e+02,-1.408505066870212818e+00,1.035585370434301877e+00,-6.324909060159500385e+00,0.000000000000000000e+00,4.109194696292269633e+00,3.984265465927883110e+00
1.522511159748246143e+02,-6.038572319926801129e+02,-1.408505066870212818e+00,1.035585370434301877e+00,-6.324909060159500385e+00,0.000000000000000000e+00,4.109194696292269633e+00,3.984265465927883110e+00
1.523546745118680406e+02,-6.044897228986960727e+02,-1.408505066870212818e+00,1.035585370434301877e+00,-6.324909060159500385e+00,0.000000000000000000e+00,4.109194696292269633e+00,3.984265465927883110e+00
1.524582330489114668e+02,-6.051222138047120325e+02,-1.408505066870212818e+00,1.035585370434301877e+00,-6.324909060159500385e+00,0.000000000000000000e+00,4.109194696292269633e+00,3.984265465927883110e+00
1.525617915859548930e+02,-6.057547047107279923e+02,-1.408505066870212818e+00,1.035585370434301877e+00,-6.324909060159500385e+00,0.000000000000000000e+00,4.109194696292269633e+00,3.984265465927883110e+00
1.526653501229983192e+02,-6.063871956167439521e+02,-1.408505066870212818e+00,1.035585370434301877e+00,-6.324909060159500385e+00,0.000000000000000000e+00,4.109194696292269633e+00,3.984265465927883110e+00
1.527689086600417454e+02,-6.070196865227599119e+02,-1.408505066870212818e+00,1.035585370434301877e+00,-6.324909060159500385e+00,0.000000000000000000e+00,4.109194696292269633e+00,3.984265465927883110e+00
1.528724671970851716e+02,-6.076521774287758717e+02,-1.408505066870212818e+00,1.035585370434301877e+00,-6.324909060159500385e+00,0.000000000000000000e+00,4.109194696292269633e+00,3.984265465927883110e+00
1.529760257341285978e+02,-6.082846683347918315e+02,-1.408505066870212818e+00,1.035585370434301877e+00,-6.324909060159500385e+00,0.000000000000000000e+00,4.109194696292269633e+00,3.984265465927883110e+00
1.530795842711720240e+02,-6.089171592408077913e+02,-1.408505066870212818e+00,1.035585370434301877e+00,-6.324909060159500385e+00,0.000000000000000000e+00,4.109194696292269633e+00,3.984265465927883110e+00
1.531831428082154503e+02,-6.095496501468237511e+02,-1.408505066870212818e+00,1.035585370434301877e+00,-6.324909060159500385e+00,0.000000000000000000e+00,4.109194696292269633e+00,3.984265465927883110e+00
1.532867013452588765e+02,-6.101821410528397109e+02,-1.408505066870212818e+00,1.035585370434301877e+00,-6.324909060159500385e+00,0.000000000000000000e+00,4.109194696292269633e+00,3.984265465927883110e+00
1.533902598823023027e+02,-6.108146319588556707e+02,-1.408505066870212818e+00,1.035585370434301877e+00,-6.324909060159500385e+00,0.000000000000000000e+00,4.109194696292269633e+00,3.984265465927883110e+00
1.534938184193457289e+02,-6.114471228648716306e+02,-1.408505066870212818e+00,1.035585370434301877e+00,-6.324909060159500385e+00,0.000000000000000000e+00,4.109194696292269633e+00,3.984265465927883110e+00
1.535973769563891551e+02,-6.120796137708875904e+02,-1.408505066870212818e+00,1.035585370434301877e+00,-6.324909060159500385e+00,0.000000000000000000e+00,4.109194696292269633e+00,3.984265465927883110e+00
1.537009354934325813e+02,-6.127121046769035502e+02,-1.408505066870212818e+00,1.035585370434301877e+00,-6.324909060159500385e+00,0.000000000000000000e+00,4.109194696292269633e+00,3.984265465927883110e+00
1.538044940304760075e+02,-6.133445955829195100e+02,-1.408505066870212818e+00,1.035585370434301877e+00,-6.324909060159500385e+00,0.000000000000000000e+00,4.109194696292269633e+00,3.984265465927883110e+00
1.539080525675194338e+02,-6.139770864889354698e+02,-1.408505066870212818e+00,1.035585370434301877e+00,-6.324909060159500385e+00,0.000000000000000000e+00,4.109194696292269633e+00,3.984265465927883110e+00
1.540116111045628600e+02,-6.146095773949514296e+02,-1.408505066870212818e+00,1.035585370434301877e+00,-6.324909060159500385e+00,0.000000000000000000e+00,4.109194696292269633e+00,3.984265465927883110e+00
1.541151696416062862e+02,-6.152420683009673894e+02,-1.408505066870212818e+00,1.035585370434301877e+00,-6.324909060159500385e+00,0.000000000000000000e+00,4.109194696292269633e+00,3.984265465927883110e+00
1.542187281786497124e+02,-6.158745592069833492e+02,-1.408505066870212818e+00,1.035585370434301877e+00,-6.324909060159500385e+00,0.000000000000000000e+00,4.109194696292269633e+00,3.984265465927883110e+00
1.543222867156931386e+02,-6.165070501129993090e+02,-1.408505066870212818e+00,1.035585370434301877e+00,-6.324909060159500385e+00,0.000000000000000000e+00,4.109194696292269633e+00,3.984265465927883110e+00
1.544258452527365648e+02,-6.171395410190152688e+02,-1.408505066870212818e+00,1.035585370434301877e+00,-6.324909060159500385e+00,0.000000000000000000e+00,4.109194696292269633e+00,3.984265465927883110e+00
1.545294037897799910e+02,-6.177720319250312286e+02,-1.408505066870212818e+00,1.035585370434301877e+00,-6.324909060159500385e+00,0.000000000000000000e+00,4.109194696292269633e+00,3.984265465927883110e+00
1.546329623268234172e+02,-6.184045228310471884e+02,-1.408505066870212818e+00,1.035585370434301877e+00,-6.324909060159500385e+00,0.000000000000000000e+00,4.109194696292269633e+00,3.984265465927883110e+00
1.547365208638668435e+02,-6.190370137370631483e+02,-1.408505066870212818e+00,1.035585370434301877e+00,-6.324909060159500385e+00,0.000000000000000000e+00,4.109194696292269633e+00,3.984265465927883110e+00
1.548400794009102697e+02,-6.196695046430791081e+02,-1.408505066870212818e+00,1.035585370434301877e+00,-6.324909060159500385e+00,0.000000000000000000e+00,4.109194696292269633e+00,3.984265465927883110e+00
1.549436379379536959e+02,-6.203019955490950679e+02,-1.408505066870212818e+00,1.035585370434301877e+00,-6.324909060159500385e+00,0.000000000000000000e+00,4.109194696292269633e+00,3.984265465927883110e+00
1.550471964749971221e+02,-6.209344864551110277e+02,-1.408505066870212818e+00,1.035585370434301877e+00,-6.324909060159500385e+00,0.000000000000000000e+00,4.109194696292269633e+00,3.984265465927883110e+00
1.551507550120405483e+02,-6.215669773611269875e+02,-1.408505066870212818e+00,1.035585370434301877e+00,-6.324909060159500385e+00,0.000000000000000000e+00,4.109194696292269633e+00,3.984265465927883110e+00
1.552543135490839745e+02,-6.221994682671429473e+02,-1.408505066870212818e+00,1.035585370434301877e+00,-6.324909060159500385e+00,0.000000000000000000e+00,4.109194696292269633e+00,3.984265465927883110e+00
1.553578720861274007e+02,-6.228319591731589071e+02,-1.408505066870212818e+00,1.035585370434301877e+00,-6.324909060159500385e+00,0.000000000000000000e+00,4.109194696292269633e+00,3.984265465927883110e+00
1.554614306231708269e+02,-6.234644500791748669e+02,-1.408505066870212818e+00,1.035585370434301877e+00,-6.324909060159500385e+00,0.000000000000000000e+00,4.109194696292269633e+00,3.984265465927883110e+00
1.555649891602142532e+02,-6.240969409851908267e+02,-1.408505066870212818e+00,1.035585370434301877e+00,-6.324909060159500385e+00,0.000000000000000000e+00,4.109194696292269633e+00,3.984265465927883110e+00
1.556685476972576794e+02,-6.247294318912067865e+02,-1.408505066870212818e+00,1.035585370434301877e+00,-6.324909060159500385e+00,0.000000000000000000e+00,4.109194696292269633e+00,3.984265465927883110e+00
1.557721062343011056e+02,-6.253619227972227463e+02,-1.408505066870212818e+00,1.035585370434301877e+00,-6.324909060159500385e+00,0.000000000000000000e+00,4.109194696292269633e+00,3.984265465927883110e+00
1.558756647713445318e+02,-6.259944137032387061e+02,-1.408505066870212818e+00,1.035585370434301877e+00,-6.324909060159500385e+00,0.000000000000000000e+00,4.109194696292269633e+00,3.984265465927883110e+00
1.559792233083879580e+02,-6.266269046092546660e+02,-1.408505066870212818e+00,1.035585370434301877e+00,-6.324909060159500385e+00,0.000000000000000000e+00,4.109194696292269633e+00,3.984265465927883110e+00
1.560827818454313842e+02,-6.272593955152706258e+02,-1.408505066870212818e+00,1.035585370434301877e+00,-6.324909060159500385e+00,0.000000000000000000e+00,4.109194696292269633e+00,3.984265465927883110e+00
1.561863403824748104e+02,-6.278918864212865856e+02,-1.408505066870212818e+00,1.035585370434301877e+00,-6.324909060159500385e+00,0.000000000000000000e+00,4.109194696292269633e+00,3.984265465927883110e+00
1.562898989195182367e+02,-6.285243773273025454e+02,-1.408505066870212818e+00,1.035585370434301877e+00,-6.324909060159500385e+00,0.000000000000000000e+00,4.109194696292269633e+00,3.984265465927883110e+00
1.563934574565616629e+02,-6.291568682333185052e+02,-1.408505066870212818e+00,1.035585370434301877e+00,-6.324909060159500385e+00,0.000000000000000000e+00,4.109194696292269633e+00,3.984265465927883110e+00
1.564970159936050891e+02,-6.297893591393344650e+02,-1.408505066870212818e+00,1.035585370434301877e+00,-6.324909060159500385e+00,0.000000000000000000e+00,4.109194696292269633e+00,3.984265465927883110e+00
1.566005745306485153e+02,-6.304218500453504248e+02,-1.408505066870212818e+00,1.035585370434301877e+00,-6.324909060159500385e+00,0.000000000000000000e+00,4.109194696292269633e+00,3.984265465927883110e+00
1.567041330676919415e+02,-6.310543409513663846e+02,-1.408505066870212818e+00,1.035585370434301877e+00,-6.324909060159500385e+00,0.000000000000000000e+00,4.109194696292269633e+00,3.984265465927883110e+00
1.568076916047353677e+02,-6.316868318573823444e+02,-1.408505066870212818e+00,1.035585370434301877e+00,-6.324909060159500385e+00,0.000000000000000000e+00,4.109194696292269633e+00,3.984265465927883110e+00
1.569112501417787939e+02,-6.323193227633983042e+02,-1.408505066870212818e+00,1.035585370434301877e+00,-6.324909060159500385e+00,0.000000000000000000e+00,4.109194696292269633e+00,3.984265465927883110e+00
1.570148086788222201e+02,-6.329518136694142640e+02,-1.408505066870212818e+00,1.035585370434301877e+00,-6.324909060159500385e+00,0.000000000000000000e+00,4.109194696292269633e+00,3.984265465927883110e+00
1.571183672158656464e+02,-6.335843045754302238e+02,-1.408505066870212818e+00,1.035585370434301877e+00,-6.324909060159500385e+00,0.000000000000000000e+00,4.109194696292269633e+00,3.984265465927883110e+00
1.572219257529090726e+02,-6.342167954814461837e+02,-1.408505066870212818e+00,1.035585370434301877e+00,-6.324909060159500385e+00,0.000000000000000000e+00,4.109194696292269633e+00,3.984265465927883110e+00
1.573254842899524988e+02,-6.348492863874621435e+02,-1.408505066870212818e+00,1.035585370434301877e+00,-6.324909060159500385e+00,0.000000000000000000e+00,4.109194696292269633e+00,3.984265465927883110e+00
1.574290428269959250e+02,-6.354817772934781033e+02,-1.408505066870212818e+00,1.035585370434301877e+00,-6.324909060159500385e+00,0.000000000000000000e+00,4.109194696292269633e+00,3.984265465927883110e+00
1.575326013640393512e+02,-6.361142681994940631e+02,-1.408505066870212818e+00,1.035585370434301877e+00,-6.324909060159500385e+00,0.000000000000000000e+00,4.109194696292269633e+00,3.984265465927883110e+00
1.576361599010827774e+02,-6.367467591055100229e+02,-1.408505066870212818e+00,1.035585370434301877e+00,-6.324909060159500385e+00,0.000000000000000000e+00,4.109194696292269633e+00,3.984265465927883110e+00
1.577397184381262036e+02,-6.373792500115259827e+02,-1.408505066870212818e+00,1.035585370434301877e+00,-6.324909060159500385e+00,0.000000000000000000e+00,4.109194696292269633e+00,3.984265465927883110e+00
1.578432769751696298e+02,-6.380117409175419425e+02,-1.408505066870212818e+00,1.035585370434301877e+00,-6.324909060159500385e+00,0.000000000000000000e+00,4.109194696292269633e+00,3.984265465927883110e+00
1.579468355122130561e+02,-6.386442318235579023e+02,-1.408505066870212818e+00,1.035585370434301877e+00,-6.324909060159500385e+00,0.000000000000000000e+00,4.109194696292269633e+00,3.984265465927883110e+00
1.580503940492564823e+02,-6.392767227295738621e+02,-1.408505066870212818e+00,1.035585370434301877e+00,-6.324909060159500385e+00,0.000000000000000000e+00,4.109194696292269633e+00,3.984265465927883110e+00
1.581539525862999085e+02,-6.399092136355898219e+02,-1.408505066870212818e+00,1.035585370434301877e+00,-6.324909060159500385e+00,0.000000000000000000e+00,4.109194696292269633e+00,3.984265465927883110e+00
1.582575111233433347e+02,-6.405417045416057817e+02,-1.408505066870212818e+00,1.035585370434301877e+00,-6.324909060159500385e+00,0.000000000000000000e+00,4.109194696292269633e+00,3.984265465927883110e+00
1.583610696603867609e+02,-6.411741954476217416e+02,-1.408505066870212818e+00,1.035585370434301877e+00,-6.324909060159500385e+00,0.000000000000000000e+00,4.109194696292269633e+00,3.984265465927883110e+00
1.584646281974301871e+02,-6.418066863536377014e+02,-1.408505066870212818e+00,1.035585370434301877e+00,-6.324909060159500385e+00,0.000000000000000000e+00,4.109194696292269633e+00,3.984265465927883110e+00
1.585681867344736133e+02,-6.424391772596536612e+02,-1.408505066870212818e+00,1.035585370434301877e+00,-6.324909060159500385e+00,0.000000000000000000e+00,4.109194696292269633e+00,3.984265465927883110e+00
1.586717452715170396e+02,-6.430716681656696210e+02,-1.408505066870212818e+00,1.035585370434301877e+00,-6.324909060159500385e+00,0.000000000000000000e+00,4.109194696292269633e+00,3.984265465927883110e+00
1.587753038085604658e+02,-6.437041590716855808e+02,-1.408505066870212818e+00,1.035585370434301877e+00,-6.324909060159500385e+00,0.000000000000000000e+00,4.109194696292269633e+00,3.984265465927883110e+00
1.588788623456038920e+02,-6.443366499777015406e+02,-1.408505066870212818e+00,1.035585370434301877e+00,-6.324909060159500385e+00,0.000000000000000000e+00,4.109194696292269633e+00,3.984265465927883110e+00
1.589824208826473182e+02,-6.449691408837175004e+02,-1.408505066870212818e+00,1.035585370434301877e+00,-6.324909060159500385e+00,0.000000000000000000e+00,4.109194696292269633e+00,3.984265465927883110e+00
1.590859794196907444e+02,-6.456016317897334602e+02,-1.408505066870212818e+00,1.035585370434301877e+00,-6.324909060159500385e+00,0.000000000000000000e+00,4.109194696292269633e+00,3.984265465927883110e+00
1.591895379567341706e+02,-6.462341226957494200e+02,-1.408505066870212818e+00,1.035585370434301877e+00,-6.324909060159500385e+00,0.000000000000000000e+00,4.109194696292269633e+00,3.984265465927883110e+00
1.592930964937775968e+02,-6.468666136017653798e+02,-1.408505066870212818e+00,1.035585370434301877e+00,-6.324909060159500385e+00,0.000000000000000000e+00,4.109194696292269633e+00,3.984265465927883110e+00
1.593966550308210230e+02,-6.474991045077813396e+02,-1.408505066870212818e+00,1.035585370434301877e+00,-6.324909060159500385e+00,0.000000000000000000e+00,4.109194696292269633e+00,3.984265465927883110e+00
1.595002135678644493e+02,-6.481315954137972994e+02,-1.408505066870212818e+00,1.035585370434301877e+00,-6.324909060159500385e+00,0.000000000000000000e+00,4.109194696292269633e+00,3.984265465927883110e+00
1.596037721049078755e+02,-6.487640863198132593e+02,-1.408505066870212818e+00,1.035585370434301877e+00,-6.324909060159500385e+00,0.000000000000000000e+00,4.109194696292269633e+00,3.984265465927883110e+00
1.597073306419513017e+02,-6.493965772258292191e+02,-1.408505066870212818e+00,1.035585370434301877e+00,-6.324909060159500385e+00,0.000000000000000000e+00,4.109194696292269633e+00,3.984265465927883110e+00
1.598108891789947279e+02,-6.500290681318451789e+02,-1.408505066870212818e+00,1.035585370434301877e+00,-6.324909060159500385e+00,0.000000000000000000e+00,4.109194696292269633e+00,3.984265465927883110e+00
1.599144477160381541e+02,-6.506615590378611387e+02,-1.408505066870212818e+00,1.035585370434301877e+00,-6.324909060159500385e+00,0.000000000000000000e+00,4.109194696292269633e+00,3.984265465927883110e+00
1.600180062530815803e+02,-6.512940499438770985e+02,-1.408505066870212818e+00,1.035585370434301877e+00,-6.324909060159500385e+00,0.000000000000000000e+00,4.109194696292269633e+00,3.984265465927883110e+00
1.601215647901250065e+02,-6.519265408498930583e+02,-1.408505066870212818e+00,1.035585370434301877e+00,-6.324909060159500385e+00,0.000000000000000000e+00,4.109194696292269633e+00,3.984265465927883110e+00
1.602251233271684328e+02,-6.525590317559090181e+02,-1.408505066870212818e+00,1.035585370434301877e+00,-6.324909060159500385e+00,0.000000000000000000e+00,4.109194696292269633e+00,3.984265465927883110e+00
1.603286818642118590e+02,-6.531915226619249779e+02,-1.408505066870212818e+00,1.035585370434301877e+00,-6.324909060159500385e+00,0.000000000000000000e+00,4.109194696292269633e+00,3.984265465927883110e+00
1.604322404012552852e+02,-6.538240135679409377e+02,-1.408505066870212818e+00,1.035585370434301877e+00,-6.324909060159500385e+00,0.000000000000000000e+00,4.109194696292269633e+00,3.984265465927883110e+00
1.605357989382987114e+02,-6.544565044739568975e+02,-1.408505066870212818e+00,1.035585370434301877e+00,-6.324909060159500385e+00,0.000000000000000000e+00,4.109194696292269633e+00,3.984265465927883110e+00
1.606393574753421376e+02,-6.550889953799728573e+02,-1.408505066870212818e+00,1.035585370434301877e+00,-6.324909060159500385e+00,0.000000000000000000e+00,4.109194696292269633e+00,3.984265465927883110e+00
1.607429160123855638e+02,-6.557214862859888171e+02,-1.408505066870212818e+00,1.035585370434301877e+00,-6.324909060159500385e+00,0.000000000000000000e+00,4.109194696292269633e+00,3.984265465927883110e+00
1.608464745494289900e+02,-6.563539771920047770e+02,-1.408505066870212818e+00,1.035585370434301877e+00,-6.324909060159500385e+00,0.000000000000000000e+00,4.109194696292269633e+00,3.984265465927883110e+00
1.609500330864724162e+02,-6.569864680980207368e+02,-1.408505066870212818e+00,1.035585370434301877e+00,-6.324909060159500385e+00,0.000000000000000000e+00,4.109194696292269633e+00,3.984265465927883110e+00
1.610535916235158425e+02,-6.576189590040366966e+02,-1.408505066870212818e+00,1.035585370434301877e+00,-6.324909060159500385e+00,0.000000000000000000e+00,4.109194696292269633e+00,3.984265465927883110e+00
1.611571501605592687e+02,-6.582514499100526564e+02,-1.408505066870212818e+00,1.035585370434301877e+00,-6.324909060159500385e+00,0.000000000000000000e+00,4.109194696292269633e+00,3.984265465927883110e+00
1.612607086976026949e+02,-6.588839408160686162e+02,-1.408505066870212818e+00,1.035585370434301877e+00,-6.324909060159500385e+00,0.000000000000000000e+00,4.109194696292269633e+00,3.984265465927883110e+00
1.613642672346461211e+02,-6.595164317220845760e+02,-1.408505066870212818e+00,1.035585370434301877e+00,-6.324909060159500385e+00,0.000000000000000000e+00,4.109194696292269633e+00,3.984265465927883110e+00
1.614678257716895473e+02,-6.601489226281005358e+02,-1.408505066870212818e+00,1.035585370434301877e+00,-6.324909060159500385e+00,0.000000000000000000e+00,4.109194696292269633e+00,3.984265465927883110e+00
1.615713843087329735e+02,-6.607814135341164956e+02,-1.408505066870212818e+00,1.035585370434301877e+00,-6.324909060159500385e+00,0.000000000000000000e+00,4.109194696292269633e+00,3.984265465927883110e+00
1.616749428457763997e+02,-6.614139044401324554e+02,-1.408505066870212818e+00,1.035585370434301877e+00,-6.324909060159500385e+00,0.000000000000000000e+00,4.109194696292269633e+00,3.984265465927883110e+00
1.617785013828198259e+02,-6.620463953461484152e+02,-1.408505066870212818e+00,1.035585370434301877e+00,-6.324909060159500385e+00,0.000000000000000000e+00,4.109194696292269633e+00,3.984265465927883110e+00
1.618820599198632522e+02,-6.626788862521643750e+02,-1.408505066870212818e+00,1.035585370434301877e+00,-6.324909060159500385e+00,0.000000000000000000e+00,4.109194696292269633e+00,3.984265465927883110e+00
1.619856184569066784e+02,-6.633113771581803348e+02,-1.408505066870212818e+00,1.035585370434301877e+00,-6.324909060159500385e+00,0.000000000000000000e+00,4.109194696292269633e+00,3.984265465927883110e+00
1.620891769939501046e+02,-6.639438680641962947e+02,-1.408505066870212818e+00,1.035585370434301877e+00,-6.324909060159500385e+00,0.000000000000000000e+00,4.109194696292269633e+00,3.984265465927883110e+00
1.621927355309935308e+02,-6.645763589702122545e+02,-1.408505066870212818e+00,1.035585370434301877e+00,-6.324909060159500385e+00,0.000000000000000000e+00,4.109194696292269633e+00,3.984265465927883110e+00
1.622962940680369570e+02,-6.652088498762282143e+02,-1.408505066870212818e+00,1.035585370434301877e+00,-6.324909060159500385e+00,0.000000000000000000e+00,4.109194696292269633e+00,3.984265465927883110e+00
1.623998526050803832e+02,-6.658413407822441741e+02,-1.408505066870212818e+00,1.035585370434301877e+00,-6.324909060159500385e+00,0.000000000000000000e+00,4.109194696292269633e+00,3.984265465927883110e+00
1.625034111421238094e+02,-6.664738316882601339e+02,-1.408505066870212818e+00,1.035585370434301877e+00,-6.324909060159500385e+00,0.000000000000000000e+00,4.109194696292269633e+00,3.984265465927883110e+00
1.626069696791672357e+02,-6.671063225942760937e+02,-1.408505066870212818e+00,1.035585370434301877e+00,-6.324909060159500385e+00,0.000000000000000000e+00,4.109194696292269633e+00,3.984265465927883110e+00
1.627105282162106619e+02,-6.677388135002920535e+02,-1.408505066870212818e+00,1.035585370434301877e+00,-6.324909060159500385e+00,0.000000000000000000e+00,4.109194696292269633e+00,3.984265465927883110e+00
1.628140867532540881e+02,-6.683713044063080133e+02,-1.408505066870212818e+00,1.035585370434301877e+00,-6.324909060159500385e+00,0.000000000000000000e+00,4.109194696292269633e+00,3.984265465927883110e+00
1.629176452902975143e+02,-6.690037953123239731e+02,-1.408505066870212818e+00,1.035585370434301877e+00,-6.324909060159500385e+00,0.000000000000000000e+00,4.109194696292269633e+00,3.984265465927883110e+00
1.630212038273409405e+02,-6.696362862183399329e+02,-1.408505066870212818e+00,1.035585370434301877e+00,-6.324909060159500385e+00,0.000000000000000000e+00,4.109194696292269633e+00,3.984265465927883110e+00
1.631247623643843667e+02,-6.702687771243558927e+02,-1.408505066870212818e+00,1.035585370434301877e+00,-6.324909060159500385e+00,0.000000000000000000e+00,4.109194696292269633e+00,3.984265465927883110e+00
1.632283209014277929e+02,-6.709012680303718525e+02,-1.408505066870212818e+00,1.035585370434301877e+00,-6.324909060159500385e+00,0.000000000000000000e+00,4.109194696292269633e+00,3.984265465927883110e+00
1.633318794384712191e+02,-6.715337589363878124e+02,-1.408505066870212818e+00,1.035585370434301877e+00,-6.324909060159500385e+00,0.000000000000000000e+00,4.109194696292269633e+00,3.984265465927883110e+00
1.634354379755146454e+02,-6.721662498424037722e+02,-1.408505066870212818e+00,1.035585370434301877e+00,-6.324909060159500385e+00,0.000000000000000000e+00,4.109194696292269633e+00,3.984265465927883110e+00
1.635389965125580716e+02,-6.727987407484197320e+02,-1.408505066870212818e+00,1.035585370434301877e+00,-6.324909060159500385e+00,0.000000000000000000e+00,4.109194696292269633e+00,3.984265465927883110e+00
1.636425550496014978e+02,-6.734312316544356918e+02,-1.408505066870212818e+00,1.035585370434301877e+00,-6.324909060159500385e+00,0.000000000000000000e+00,4.109194696292269633e+00,3.984265465927883110e+00
1.637461135866449240e+02,-6.740637225604516516e+02,-1.408505066870212818e+00,1.035585370434301877e+00,-6.324909060159500385e+00,0.000000000000000000e+00,4.109194696292269633e+00,3.984265465927883110e+00
1.638496721236883502e+02,-6.746962134664676114e+02,-1.408505066870212818e+00,1.035585370434301877e+00,-6.324909060159500385e+00,0.000000000000000000e+00,4.109194696292269633e+00,3.984265465927883110e+00
1.639532306607317764e+02,-6.753287043724835712e+02,-1.408505066870212818e+00,1.035585370434301877e+00,-6.324909060159500385e+00,0.000000000000000000e+00,4.109194696292269633e+00,3.984265465927883110e+00
1.640567891977752026e+02,-6.759611952784995310e+02,-1.408505066870212818e+00,1.035585370434301877e+00,-6.324909060159500385e+00,0.000000000000000000e+00,4.109194696292269633e+00,3.984265465927883110e+00
1.641603477348186289e+02,-6.765936861845154908e+02,-1.408505066870212818e+00,1.035585370434301877e+00,-6.324909060159500385e+00,0.000000000000000000e+00,4.109194696292269633e+00,3.984265465927883110e+00
1.642639062718620551e+02,-6.772261770905314506e+02,-1.408505066870212818e+00,1.035585370434301877e+00,-6.324909060159500385e+00,0.000000000000000000e+00,4.109194696292269633e+00,3.984265465927883110e+00
1.643674648089054813e+02,-6.778586679965474104e+02,-1.408505066870212818e+00,1.035585370434301877e+00,-6.324909060159500385e+00,0.000000000000000000e+00,4.109194696292269633e+00,3.984265465927883110e+00
1.644710233459489075e+02,-6.784911589025633702e+02,-1.408505066870212818e+00,1.035585370434301877e+00,-6.324909060159500385e+00,0.000000000000000000e+00,4.109194696292269633e+00,3.984265465927883110e+00
1.645745818829923337e+02,-6.791236498085793301e+02,-1.408505066870212818e+00,1.035585370434301877e+00,-6.324909060159500385e+00,0.000000000000000000e+00,4.109194696292269633e+00,3.984265465927883110e+00
1.646781404200357599e+02,-6.797561407145952899e+02,-1.408505066870212818e+00,1.035585370434301877e+00,-6.324909060159500385e+00,0.000000000000000000e+00,4.109194696292269633e+00,3.984265465927883110e+00
1.647816989570791861e+02,-6.803886316206112497e+02,-1.408505066870212818e+00,1.035585370434301877e+00,-6.324909060159500385e+00,0.000000000000000000e+00,4.109194696292269633e+00,3.984265465927883110e+00
1.648852574941226123e+02,-6.810211225266272095e+02,-1.408505066870212818e+00,1.035585370434301877e+00,-6.324909060159500385e+00,0.000000000000000000e+00,4.109194696292269633e+00,3.984265465927883110e+00
1.649888160311660386e+02,-6.816536134326431693e+02,-1.408505066870212818e+00,1.035585370434301877e+00,-6.324909060159500385e+00,0.000000000000000000e+00,4.109194696292269633e+00,3.984265465927883110e+00
1.650923745682094648e+02,-6.822861043386591291e+02,-1.408505066870212818e+00,1.035585370434301877e+00,-6.324909060159500385e+00,0.000000000000000000e+00,4.109194696292269633e+00,3.984265465927883110e+00
1.651959331052528910e+02,-6.829185952446750889e+02,-1.408505066870212818e+00,1.035585370434301877e+00,-6.324909060159500385e+00,0.000000000000000000e+00,4.109194696292269633e+00,3.984265465927883110e+00
1.652994916422963172e+02,-6.835510861506910487e+02,-1.408505066870212818e+00,1.035585370434301877e+00,-6.324909060159500385e+00,0.000000000000000000e+00,4.109194696292269633e+00,3.984265465927883110e+00
1.654030501793397434e+02,-6.841835770567070085e+02,-1.408505066870212818e+00,1.035585370434301877e+00,-6.324909060159500385e+00,0.000000000000000000e+00,4.109194696292269633e+00,3.984265465927883110e+00
1.655066087163831696e+02,-6.848160679627229683e+02,-1.408505066870212818e+00,1.035585370434301877e+00,-6.324909060159500385e+00,0.000000000000000000e+00,4.109194696292269633e+00,3.984265465927883110e+00
1.656101672534265958e+02,-6.854485588687389281e+02,-1.408505066870212818e+00,1.035585370434301877e+00,-6.324909060159500385e+00,0.000000000000000000e+00,4.109194696292269633e+00,3.984265465927883110e+00
1.657137257904700220e+02,-6.860810497747548879e+02,-1.408505066870212818e+00,1.035585370434301877e+00,-6.324909060159500385e+00,0.000000000000000000e+00,4.109194696292269633e+00,3.984265465927883110e+00
1.658172843275134483e+02,-6.867135406807708478e+02,-1.408505066870212818e+00,1.035585370434301877e+00,-6.324909060159500385e+00,0.000000000000000000e+00,4.109194696292269633e+00,3.984265465927883110e+00
1.659208428645568745e+02,-6.873460315867868076e+02,-1.408505066870212818e+00,1.035585370434301877e+00,-6.324909060159500385e+00,0.000000000000000000e+00,4.109194696292269633e+00,3.984265465927883110e+00
1.660244014016003007e+02,-6.879785224928027674e+02,-1.408505066870212818e+00,1.035585370434301877e+00,-6.324909060159500385e+00,0.000000000000000000e+00,4.109194696292269633e+00,3.984265465927883110e+00
1.661279599386437269e+02,-6.886110133988187272e+02,-1.408505066870212818e+00,1.035585370434301877e+00,-6.324909060159500385e+00,0.000000000000000000e+00,4.109194696292269633e+00,3.984265465927883110e+00
1.662315184756871531e+02,-6.892435043048346870e+02,-1.408505066870212818e+00,1.035585370434301877e+00,-6.324909060159500385e+00,0.000000000000000000e+00,4.109194696292269633e+00,3.984265465927883110e+00
1.663350770127305793e+02,-6.898759952108506468e+02,-1.408505066870212818e+00,1.035585370434301877e+00,-6.324909060159500385e+00,0.000000000000000000e+00,4.109194696292269633e+00,3.984265465927883110e+00
1.664386355497740055e+02,-6.905084861168666066e+02,-1.408505066870212818e+00,1.035585370434301877e+00,-6.324909060159500385e+00,0.000000000000000000e+00,4.109194696292269633e+00,3.984265465927883110e+00
1.665421940868174318e+02,-6.911409770228825664e+02,-1.408505066870212818e+00,1.035585370434301877e+00,-6.324909060159500385e+00,0.000000000000000000e+00,4.109194696292269633e+00,3.984265465927883110e+00
1.666457526238608580e+02,-6.917734679288985262e+02,-1.408505066870212818e+00,1.035585370434301877e+00,-6.324909060159500385e+00,0.000000000000000000e+00,4.109194696292269633e+00,3.984265465927883110e+00
1.667493111609042842e+02,-6.924059588349144860e+02,-1.408505066870212818e+00,1.035585370434301877e+00,-6.324909060159500385e+00,0.000000000000000000e+00,4.109194696292269633e+00,3.984265465927883110e+00
1.668528696979477104e+02,-6.930384497409304458e+02,-1.408505066870212818e+00,1.035585370434301877e+00,-6.324909060159500385e+00,0.000000000000000000e+00,4.109194696292269633e+00,3.984265465927883110e+00
1.669564282349911366e+02,-6.936709406469464056e+02,-1.408505066870212818e+00,1.035585370434301877e+00,-6.324909060159500385e+00,0.000000000000000000e+00,4.109194696292269633e+00,3.984265465927883110e+00
1.670599867720345628e+02,-6.943034315529623655e+02,-1.408505066870212818e+00,1.035585370434301877e+00,-6.324909060159500385e+00,0.000000000000000000e+00,4.109194696292269633e+00,3.984265465927883110e+00
1.671635453090779890e+02,-6.949359224589783253e+02,-1.408505066870212818e+00,1.035585370434301877e+00,-6.324909060159500385e+00,0.000000000000000000e+00,4.109194696292269633e+00,3.984265465927883110e+00
1.672671038461214152e+02,-6.955684133649942851e+02,-1.408505066870212818e+00,1.035585370434301877e+00,-6.324909060159500385e+00,0.000000000000000000e+00,4.109194696292269633e+00,3.984265465927883110e+00
1.673706623831648415e+02,-6.962009042710102449e+02,-1.408505066870212818e+00,1.035585370434301877e+00,-6.324909060159500385e+00,0.000000000000000000e+00,4.109194696292269633e+00,3.984265465927883110e+00
1.674742209202082677e+02,-6.968333951770262047e+02,-1.408505066870212818e+00,1.035585370434301877e+00,-6.324909060159500385e+00,0.000000000000000000e+00,4.109194696292269633e+00,3.984265465927883110e+00
1.675777794572516939e+02,-6.974658860830421645e+02,-1.408505066870212818e+00,1.035585370434301877e+00,-6.324909060159500385e+00,0.000000000000000000e+00,4.109194696292269633e+00,3.984265465927883110e+00
1.676813379942951201e+02,-6.980983769890581243e+02,-1.408505066870212818e+00,1.035585370434301877e+00,-6.324909060159500385e+00,0.000000000000000000e+00,4.109194696292269633e+00,3.984265465927883110e+00
1.677848965313385463e+02,-6.987308678950740841e+02,-1.408505066870212818e+00,1.035585370434301877e+00,-6.324909060159500385e+00,0.000000000000000000e+00,4.109194696292269633e+00,3.984265465927883110e+00
1.678884550683819725e+02,-6.993633588010900439e+02,-1.408505066870212818e+00,1.035585370434301877e+00,-6.324909060159500385e+00,0.000000000000000000e+00,4.109194696292269633e+00,3.984265465927883110e+00
1.679920136054253987e+02,-6.999958497071060037e+02,-1.408505066870212818e+00,1.035585370434301877e+00,-6.324909060159500385e+00,0.000000000000000000e+00,4.109194696292269633e+00,3.984265465927883110e+00
1.680955721424688249e+02,-7.006283406131219635e+02,-1.408505066870212818e+00,1.035585370434301877e+00,-6.324909060159500385e+00,0.000000000000000000e+00,4.109194696292269633e+00,3.984265465927883110e+00
1.681991306795122512e+02,-7.012608315191379234e+02,-1.408505066870212818e+00,1.035585370434301877e+00,-6.324909060159500385e+00,0.000000000000000000e+00,4.109194696292269633e+00,3.984265465927883110e+00
1.683026892165556774e+02,-7.018933224251538832e+02,-1.408505066870212818e+00,1.035585370434301877e+00,-6.324909060159500385e+00,0.000000000000000000e+00,4.109194696292269633e+00,3.984265465927883110e+00
1.684062477535991036e+02,-7.025258133311698430e+02,-1.408505066870212818e+00,1.035585370434301877e+00,-6.324909060159500385e+00,0.000000000000000000e+00,4.109194696292269633e+00,3.984265465927883110e+00
1.685098062906425298e+02,-7.031583042371858028e+02,-1.408505066870212818e+00,1.035585370434301877e+00,-6.324909060159500385e+00,0.000000000000000000e+00,4.109194696292269633e+00,3.984265465927883110e+00
1.686133648276859560e+02,-7.037907951432017626e+02,-1.408505066870212818e+00,1.035585370434301877e+00,-6.324909060159500385e+00,0.000000000000000000e+00,4.109194696292269633e+00,3.984265465927883110e+00
1.687169233647293822e+02,-7.044232860492177224e+02,-1.408505066870212818e+00,1.035585370434301877e+00,-6.324909060159500385e+00,0.000000000000000000e+00,4.109194696292269633e+00,3.984265465927883110e+00
1.688204819017728084e+02,-7.050557769552336822e+02,-1.408505066870212818e+00,1.035585370434301877e+00,-6.324909060159500385e+00,0.000000000000000000e+00,4.109194696292269633e+00,3.984265465927883110e+00
1.689240404388162347e+02,-7.056882678612496420e+02,-1.408505066870212818e+00,1.035585370434301877e+00,-6.324909060159500385e+00,0.000000000000000000e+00,4.109194696292269633e+00,3.984265465927883110e+00
1.690275989758596609e+02,-7.063207587672656018e+02,-1.408505066870212818e+00,1.035585370434301877e+00,-6.324909060159500385e+00,0.000000000000000000e+00,4.109194696292269633e+00,3.984265465927883110e+00
1.691311575129030871e+02,-7.069532496732815616e+02,-1.408505066870212818e+00,1.035585370434301877e+00,-6.324909060159500385e+00,0.000000000000000000e+00,4.109194696292269633e+00,3.984265465927883110e+00
1.692347160499465133e+02,-7.075857405792975214e+02,-1.408505066870212818e+00,1.035585370434301877e+00,-6.324909060159500385e+00,0.000000000000000000e+00,4.109194696292269633e+00,3.984265465927883110e+00
1.693382745869899395e+02,-7.082182314853134812e+02,-1.408505066870212818e+00,1.035585370434301877e+00,-6.324909060159500385e+00,0.000000000000000000e+00,4.109194696292269633e+00,3.984265465927883110e+00
1.694418331240333657e+02,-7.088507223913294411e+02,-1.408505066870212818e+00,1.035585370434301877e+00,-6.324909060159500385e+00,0.000000000000000000e+00,4.109194696292269633e+00,3.984265465927883110e+00
1.695453916610767919e+02,-7.094832132973454009e+02,-1.408505066870212818e+00,1.035585370434301877e+00,-6.324909060159500385e+00,0.000000000000000000e+00,4.109194696292269633e+00,3.984265465927883110e+00
1.696489501981202181e+02,-7.101157042033613607e+02,-1.408505066870212818e+00,1.035585370434301877e+00,-6.324909060159500385e+00,0.000000000000000000e+00,4.109194696292269633e+00,3.984265465927883110e+00
1.697525087351636444e+02,-7.107481951093773205e+02,-1.408505066870212818e+00,1.035585370434301877e+00,-6.324909060159500385e+00,0.000000000000000000e+00,4.109194696292269633e+00,3.984265465927883110e+00
1.698560672722070706e+02,-7.113806860153932803e+02,-1.408505066870212818e+00,1.035585370434301877e+00,-6.324909060159500385e+00,0.000000000000000000e+00,4.109194696292269633e+00,3.984265465927883110e+00
1.699596258092504968e+02,-7.120131769214092401e+02,-1.408505066870212818e+00,1.035585370434301877e+00,-6.324909060159500385e+00,0.000000000000000000e+00,4.109194696292269633e+00,3.984265465927883110e+00
1.700631843462939230e+02,-7.126456678274251999e+02,-1.408505066870212818e+00,1.035585370434301877e+00,-6.324909060159500385e+00,0.000000000000000000e+00,4.109194696292269633e+00,3.984265465927883110e+00
1.701667428833373492e+02,-7.132781587334411597e+02,-1.408505066870212818e+00,1.035585370434301877e+00,-6.324909060159500385e+00,0.000000000000000000e+00,4.109194696292269633e+00,3.984265465927883110e+00
1.702703014203807754e+02,-7.139106496394571195e+02,-1.408505066870212818e+00,1.035585370434301877e+00,-6.324909060159500385e+00,0.000000000000000000e+00,4.109194696292269633e+00,3.984265465927883110e+00
1.703738599574242016e+02,-7.145431405454730793e+02,-1.408505066870212818e+00,1.035585370434301877e+00,-6.324909060159500385e+00,0.000000000000000000e+00,4.109194696292269633e+00,3.984265465927883110e+00
1.704774184944676279e+02,-7.151756314514890391e+02,-1.408505066870212818e+00,1.035585370434301877e+00,-6.324909060159500385e+00,0.000000000000000000e+00,4.109194696292269633e+00,3.984265465927883110e+00
1.705809770315110541e+02,-7.158081223575049989e+02,-1.408505066870212818e+00,1.035585370434301877e+00,-6.324909060159500385e+00,0.000000000000000000e+00,4.109194696292269633e+00,3.984265465927883110e+00
1.706845355685544803e+02,-7.164406132635209588e+02,-1.408505066870212818e+00,1.035585370434301877e+00,-6.324909060159500385e+00,0.000000000000000000e+00,4.109194696292269633e+00,3.984265465927883110e+00
1.707880941055979065e+02,-7.170731041695369186e+02,-1.408505066870212818e+00,1.035585370434301877e+00,-6.324909060159500385e+00,0.000000000000000000e+00,4.109194696292269633e+00,3.984265465927883110e+00
1.708916526426413327e+02,-7.177055950755528784e+02,-1.408505066870212818e+00,1.035585370434301877e+00,-6.324909060159500385e+00,0.000000000000000000e+00,4.109194696292269633e+00,3.984265465927883110e+00
1.709952111796847589e+02,-7.183380859815688382e+02,-1.408505066870212818e+00,1.035585370434301877e+00,-6.324909060159500385e+00,0.000000000000000000e+00,4.109194696292269633e+00,3.984265465927883110e+00
1.710987697167281851e+02,-7.189705768875847980e+02,-1.408505066870212818e+00,1.035585370434301877e+00,-6.324909060159500385e+00,0.000000000000000000e+00,4.109194696292269633e+00,3.984265465927883110e+00
1.712023282537716113e+02,-7.196030677936007578e+02,-1.408505066870212818e+00,1.035585370434301877e+00,-6.324909060159500385e+00,0.000000000000000000e+00,4.109194696292269633e+00,3.984265465927883110e+00
1.713058867908150376e+02,-7.202355586996167176e+02,-1.408505066870212818e+00,1.035585370434301877e+00,-6.324909060159500385e+00,0.000000000000000000e+00,4.109194696292269633e+00,3.984265465927883110e+00
1.714094453278584638e+02,-7.208680496056326774e+02,-1.408505066870212818e+00,1.035585370434301877e+00,-6.324909060159500385e+00,0.000000000000000000e+00,4.109194696292269633e+00,3.984265465927883110e+00
1.715130038649018900e+02,-7.215005405116486372e+02,-1.408505066870212818e+00,1.035585370434301877e+00,-6.324909060159500385e+00,0.000000000000000000e+00,4.109194696292269633e+00,3.984265465927883110e+00
1.716165624019453162e+02,-7.221330314176645970e+02,-1.408505066870212818e+00,1.035585370434301877e+00,-6.324909060159500385e+00,0.000000000000000000e+00,4.109194696292269633e+00,3.984265465927883110e+00
1.717201209389887424e+02,-7.227655223236805568e+02,-1.408505066870212818e+00,1.035585370434301877e+00,-6.324909060159500385e+00,0.000000000000000000e+00,4.109194696292269633e+00,3.984265465927883110e+00
1.718236794760321686e+02,-7.233980132296965166e+02,-1.408505066870212818e+00,1.035585370434301877e+00,-6.324909060159500385e+00,0.000000000000000000e+00,4.109194696292269633e+00,3.984265465927883110e+00
1.719272380130755948e+02,-7.240305041357124765e+02,-1.408505066870212818e+00,1.035585370434301877e+00,-6.324909060159500385e+00,0.000000000000000000e+00,4.109194696292269633e+00,3.984265465927883110e+00
1.720307965501190210e+02,-7.246629950417284363e+02,-1.408505066870212818e+00,1.035585370434301877e+00,-6.324909060159500385e+00,0.000000000000000000e+00,4.109194696292269633e+00,3.984265465927883110e+00
1.721343550871624473e+02,-7.252954859477443961e+02,-1.408505066870212818e+00,1.035585370434301877e+00,-6.324909060159500385e+00,0.000000000000000000e+00,4.109194696292269633e+00,3.984265465927883110e+00
1.722379136242058735e+02,-7.259279768537603559e+02,-1.408505066870212818e+00,1.035585370434301877e+00,-6.324909060159500385e+00,0.000000000000000000e+00,4.109194696292269633e+00,3.984265465927883110e+00
1.723414721612492997e+02,-7.265604677597763157e+02,-1.408505066870212818e+00,1.035585370434301877e+00,-6.324909060159500385e+00,0.000000000000000000e+00,4.109194696292269633e+00,3.984265465927883110e+00
1.724450306982927259e+02,-7.271929586657922755e+02,-1.408505066870212818e+00,1.035585370434301877e+00,-6.324909060159500385e+00,0.000000000000000000e+00,4.109194696292269633e+00,3.984265465927883110e+00
1.725485892353361521e+02,-7.278254495718082353e+02,-1.408505066870212818e+00,1.035585370434301877e+00,-6.324909060159500385e+00,0.000000000000000000e+00,4.109194696292269633e+00,3.984265465927883110e+00
1.726521477723795783e+02,-7.284579404778241951e+02,-1.408505066870212818e+00,1.035585370434301877e+00,-6.324909060159500385e+00,0.000000000000000000e+00,4.109194696292269633e+00,3.984265465927883110e+00
1.727557063094230045e+02,-7.290904313838401549e+02,-1.408505066870212818e+00,1.035585370434301877e+00,-6.324909060159500385e+00,0.000000000000000000e+00,4.109194696292269633e+00,3.984265465927883110e+00
1.728592648464664308e+02,-7.297229222898561147e+02,-1.408505066870212818e+00,1.035585370434301877e+00,-6.324909060159500385e+00,0.000000000000000000e+00,4.109194696292269633e+00,3.984265465927883110e+00
1.729628233835098570e+02,-7.303554131958720745e+02,-1.408505066870212818e+00,1.035585370434301877e+00,-6.324909060159500385e+00,0.000000000000000000e+00,4.109194696292269633e+00,3.984265465927883110e+00
1.730663819205532832e+02,-7.309879041018880343e+02,-1.408505066870212818e+00,1.035585370434301877e+00,-6.324909060159500385e+00,0.000000000000000000e+00,4.109194696292269633e+00,3.984265465927883110e+00
1.731699404575967094e+02,-7.316203950079039942e+02,-1.408505066870212818e+00,1.035585370434301877e+00,-6.324909060159500385e+00,0.000000000000000000e+00,4.109194696292269633e+00,3.984265465927883110e+00
1.732734989946401356e+02,-7.322528859139199540e+02,-1.408505066870212818e+00,1.035585370434301877e+00,-6.324909060159500385e+00,0.000000000000000000e+00,4.109194696292269633e+00,3.984265465927883110e+00
1.733770575316835618e+02,-7.328853768199359138e+02,-1.408505066870212818e+00,1.035585370434301877e+00,-6.324909060159500385e+00,0.000000000000000000e+00,4.109194696292269633e+00,3.984265465927883110e+00
1.734806160687269880e+02,-7.335178677259518736e+02,-1.408505066870212818e+00,1.035585370434301877e+00,-6.324909060159500385e+00,0.000000000000000000e+00,4.109194696292269633e+00,3.984265465927883110e+00
1.735841746057704142e+02,-7.341503586319678334e+02,-1.408505066870212818e+00,1.035585370434301877e+00,-6.324909060159500385e+00,0.000000000000000000e+00,4.109194696292269633e+00,3.984265465927883110e+00
1.736877331428138405e+02,-7.347828495379837932e+02,-1.408505066870212818e+00,1.035585370434301877e+00,-6.324909060159500385e+00,0.000000000000000000e+00,4.109194696292269633e+00,3.984265465927883110e+00
1.737912916798572667e+02,-7.354153404439997530e+02,-1.408505066870212818e+00,1.035585370434301877e+00,-6.324909060159500385e+00,0.000000000000000000e+00,4.109194696292269633e+00,3.984265465927883110e+00
1.738948502169006929e+02,-7.360478313500157128e+02,-1.408505066870212818e+00,1.035585370434301877e+00,-6.324909060159500385e+00,0.000000000000000000e+00,4.109194696292269633e+00,3.984265465927883110e+00
1.739984087539441191e+02,-7.366803222560316726e+02,-1.408505066870212818e+00,1.035585370434301877e+00,-6.324909060159500385e+00,0.000000000000000000e+00,4.109194696292269633e+00,3.984265465927883110e+00
1.741019672909875453e+02,-7.373128131620476324e+02,-1.408505066870212818e+00,1.035585370434301877e+00,-6.324909060159500385e+00,0.000000000000000000e+00,4.109194696292269633e+00,3.984265465927883110e+00
1.742055258280309715e+02,-7.379453040680635922e+02,-1.408505066870212818e+00,1.035585370434301877e+00,-6.324909060159500385e+00,0.000000000000000000e+00,4.109194696292269633e+00,3.984265465927883110e+00
1.743090843650743977e+02,-7.385777949740795520e+02,-1.408505066870212818e+00,1.035585370434301877e+00,-6.324909060159500385e+00,0.000000000000000000e+00,4.109194696292269633e+00,3.984265465927883110e+00
1.744126429021178240e+02,-7.392102858800955119e+02,-1.408505066870212818e+00,1.035585370434301877e+00,-6.324909060159500385e+00,0.000000000000000000e+00,4.109194696292269633e+00,3.984265465927883110e+00
1.745162014391612502e+02,-7.398427767861114717e+02,-1.408505066870212818e+00,1.035585370434301877e+00,-6.324909060159500385e+00,0.000000000000000000e+00,4.109194696292269633e+00,3.984265465927883110e+00
1.746197599762046764e+02,-7.404752676921274315e+02,-1.408505066870212818e+00,1.035585370434301877e+00,-6.324909060159500385e+00,0.000000000000000000e+00,4.109194696292269633e+00,3.984265465927883110e+00
1.747233185132481026e+02,-7.411077585981433913e+02,-1.408505066870212818e+00,1.035585370434301877e+00,-6.324909060159500385e+00,0.000000000000000000e+00,4.109194696292269633e+00,3.984265465927883110e+00
1.748268770502915288e+02,-7.417402495041593511e+02,-1.408505066870212818e+00,1.035585370434301877e+00,-6.324909060159500385e+00,0.000000000000000000e+00,4.109194696292269633e+00,3.984265465927883110e+00
1.749304355873349550e+02,-7.423727404101753109e+02,-1.408505066870212818e+00,1.035585370434301877e+00,-6.324909060159500385e+00,0.000000000000000000e+00,4.109194696292269633e+00,3.984265465927883110e+00
1.750339941243783812e+02,-7.430052313161912707e+02,-1.408505066870212818e+00,1.035585370434301877e+00,-6.324909060159500385e+00,0.000000000000000000e+00,4.109194696292269633e+00,3.984265465927883110e+00
1.751375526614218074e+02,-7.436377222222072305e+02,-1.408505066870212818e+00,1.035585370434301877e+00,-6.324909060159500385e+00,0.000000000000000000e+00,4.109194696292269633e+00,3.984265465927883110e+00
1.752411111984652337e+02,-7.442702131282231903e+02,-1.408505066870212818e+00,1.035585370434301877e+00,-6.324909060159500385e+00,0.000000000000000000e+00,4.109194696292269633e+00,3.984265465927883110e+00
1.753446697355086599e+02,-7.449027040342391501e+02,-1.408505066870212818e+00,1.035585370434301877e+00,-6.324909060159500385e+00,0.000000000000000000e+00,4.109194696292269633e+00,3.984265465927883110e+00
1.754482282725520861e+02,-7.455351949402551099e+02,-1.408505066870212818e+00,1.035585370434301877e+00,-6.324909060159500385e+00,0.000000000000000000e+00,4.109194696292269633e+00,3.984265465927883110e+00
1.755517868095955123e+02,-7.461676858462710697e+02,-1.408505066870212818e+00,1.035585370434301877e+00,-6.324909060159500385e+00,0.000000000000000000e+00,4.109194696292269633e+00,3.984265465927883110e+00
1.756553453466389385e+02,-7.468001767522870296e+02,-1.408505066870212818e+00,1.035585370434301877e+00,-6.324909060159500385e+00,0.000000000000000000e+00,4.109194696292269633e+00,3.984265465927883110e+00
1.757589038836823647e+02,-7.474326676583029894e+02,-1.408505066870212818e+00,1.035585370434301877e+00,-6.324909060159500385e+00,0.000000000000000000e+00,4.109194696292269633e+00,3.984265465927883110e+00
1.758624624207257909e+02,-7.480651585643189492e+02,-1.408505066870212818e+00,1.035585370434301877e+00,-6.324909060159500385e+00,0.000000000000000000e+00,4.109194696292269633e+00,3.984265465927883110e+00
1.759660209577692171e+02,-7.486976494703349090e+02,-1.408505066870212818e+00,1.035585370434301877e+00,-6.324909060159500385e+00,0.000000000000000000e+00,4.109194696292269633e+00,3.984265465927883110e+00
1.760695794948126434e+02,-7.493301403763508688e+02,-1.408505066870212818e+00,1.035585370434301877e+00,-6.324909060159500385e+00,0.000000000000000000e+00,4.109194696292269633e+00,3.984265465927883110e+00
1.761731380318560696e+02,-7.499626312823668286e+02,-1.408505066870212818e+00,1.035585370434301877e+00,-6.324909060159500385e+00,0.000000000000000000e+00,4.109194696292269633e+00,3.984265465927883110e+00
1.762766965688994958e+02,-7.505951221883827884e+02,-1.408505066870212818e+00,1.035585370434301877e+00,-6.324909060159500385e+00,0.000000000000000000e+00,4.109194696292269633e+00,3.984265465927883110e+00
1.763802551059429220e+02,-7.512276130943987482e+02,-1.408505066870212818e+00,1.035585370434301877e+00,-6.324909060159500385e+00,0.000000000000000000e+00,4.109194696292269633e+00,3.984265465927883110e+00
1.764838136429863482e+02,-7.518601040004147080e+02,-1.408505066870212818e+00,1.035585370434301877e+00,-6.324909060159500385e+00,0.000000000000000000e+00,4.109194696292269633e+00,3.984265465927883110e+00
1.765873721800297744e+02,-7.524925949064306678e+02,-1.408505066870212818e+00,1.035585370434301877e+00,-6.324909060159500385e+00,0.000000000000000000e+00,4.109194696292269633e+00,3.984265465927883110e+00
1.766909307170732006e+02,-7.531250858124466276e+02,-1.408505066870212818e+00,1.035585370434301877e+00,-6.324909060159500385e+00,0.000000000000000000e+00,4.109194696292269633e+00,3.984265465927883110e+00
1.767944892541166269e+02,-7.537575767184625875e+02,-1.408505066870212818e+00,1.035585370434301877e+00,-6.324909060159500385e+00,0.000000000000000000e+00,4.109194696292269633e+00,3.984265465927883110e+00
1.768980477911600531e+02,-7.543900676244785473e+02,-1.408505066870212818e+00,1.035585370434301877e+00,-6.324909060159500385e+00,0.000000000000000000e+00,4.109194696292269633e+00,3.984265465927883110e+00
1.770016063282034793e+02,-7.550225585304945071e+02,-1.408505066870212818e+00,1.035585370434301877e+00,-6.324909060159500385e+00,0.000000000000000000e+00,4.109194696292269633e+00,3.984265465927883110e+00
1.771051648652469055e+02,-7.556550494365104669e+02,-1.408505066870212818e+00,1.035585370434301877e+00,-6.324909060159500385e+00,0.000000000000000000e+00,4.109194696292269633e+00,3.984265465927883110e+00
1.772087234022903317e+02,-7.562875403425264267e+02,-1.408505066870212818e+00,1.035585370434301877e+00,-6.324909060159500385e+00,0.000000000000000000e+00,4.109194696292269633e+00,3.984265465927883110e+00
1.773122819393337579e+02,-7.569200312485423865e+02,-1.408505066870212818e+00,1.035585370434301877e+00,-6.324909060159500385e+00,0.000000000000000000e+00,4.109194696292269633e+00,3.984265465927883110e+00
1.774158404763771841e+02,-7.575525221545583463e+02,-1.408505066870212818e+00,1.035585370434301877e+00,-6.324909060159500385e+00,0.000000000000000000e+00,4.109194696292269633e+00,3.984265465927883110e+00
1.775193990134206103e+02,-7.581850130605743061e+02,-1.408505066870212818e+00,1.035585370434301877e+00,-6.324909060159500385e+00,0.000000000000000000e+00,4.109194696292269633e+00,3.984265465927883110e+00
1.776229575504640366e+02,-7.588175039665902659e+02,-1.408505066870212818e+00,1.035585370434301877e+00,-6.324909060159500385e+00,0.000000000000000000e+00,4.109194696292269633e+00,3.984265465927883110e+00
1.777265160875074628e+02,-7.594499948726062257e+02,-1.408505066870212818e+00,1.035585370434301877e+00,-6.324909060159500385e+00,0.000000000000000000e+00,4.109194696292269633e+00,3.984265465927883110e+00
1.778300746245508890e+02,-7.600824857786221855e+02,-1.408505066870212818e+00,1.035585370434301877e+00,-6.324909060159500385e+00,0.000000000000000000e+00,4.109194696292269633e+00,3.984265465927883110e+00
1.779336331615943152e+02,-7.607149766846381453e+02,-1.408505066870212818e+00,1.035585370434301877e+00,-6.324909060159500385e+00,0.000000000000000000e+00,4.109194696292269633e+00,3.984265465927883110e+00
1.780371916986377414e+02,-7.613474675906541052e+02,-1.408505066870212818e+00,1.035585370434301877e+00,-6.324909060159500385e+00,0.000000000000000000e+00,4.109194696292269633e+00,3.984265465927883110e+00
1.781407502356811676e+02,-7.619799584966700650e+02,-1.408505066870212818e+00,1.035585370434301877e+00,-6.324909060159500385e+00,0.000000000000000000e+00,4.109194696292269633e+00,3.984265465927883110e+00
1.782443087727245938e+02,-7.626124494026860248e+02,-1.408505066870212818e+00,1.035585370434301877e+00,-6.324909060159500385e+00,0.000000000000000000e+00,4.109194696292269633e+00,3.984265465927883110e+00
1.783478673097680200e+02,-7.632449403087019846e+02,-1.408505066870212818e+00,1.035585370434301877e+00,-6.324909060159500385e+00,0.000000000000000000e+00,4.109194696292269633e+00,3.984265465927883110e+00
1.784514258468114463e+02,-7.638774312147179444e+02,-1.408505066870212818e+00,1.035585370434301877e+00,-6.324909060159500385e+00,0.000000000000000000e+00,4.109194696292269633e+00,3.984265465927883110e+00
1.785549843838548725e+02,-7.645099221207339042e+02,-1.408505066870212818e+00,1.035585370434301877e+00,-6.324909060159500385e+00,0.000000000000000000e+00,4.109194696292269633e+00,3.984265465927883110e+00
1.786585429208982987e+02,-7.651424130267498640e+02,-1.408505066870212818e+00,1.035585370434301877e+00,-6.324909060159500385e+00,0.000000000000000000e+00,4.109194696292269633e+00,3.984265465927883110e+00
1.787621014579417249e+02,-7.657749039327658238e+02,-1.408505066870212818e+00,1.035585370434301877e+00,-6.324909060159500385e+00,0.000000000000000000e+00,4.109194696292269633e+00,3.984265465927883110e+00
1.788656599949851511e+02,-7.664073948387817836e+02,-1.408505066870212818e+00,1.035585370434301877e+00,-6.324909060159500385e+00,0.000000000000000000e+00,4.109194696292269633e+00,3.984265465927883110e+00
1.789692185320285773e+02,-7.670398857447977434e+02,-1.408505066870212818e+00,1.035585370434301877e+00,-6.324909060159500385e+00,0.000000000000000000e+00,4.109194696292269633e+00,3.984265465927883110e+00
1.790727770690720035e+02,-7.676723766508137032e+02,-1.408505066870212818e+00,1.035585370434301877e+00,-6.324909060159500385e+00,0.000000000000000000e+00,4.109194696292269633e+00,3.984265465927883110e+00
1.791763356061154298e+02,-7.683048675568296630e+02,-1.408505066870212818e+00,1.035585370434301877e+00,-6.324909060159500385e+00,0.000000000000000000e+00,4.109194696292269633e+00,3.984265465927883110e+00
1.792798941431588560e+02,-7.689373584628456229e+02,-1.408505066870212818e+00,1.035585370434301877e+00,-6.324909060159500385e+00,0.000000000000000000e+00,4.109194696292269633e+00,3.984265465927883110e+00
1.793834526802022822e+02,-7.695698493688615827e+02,-1.408505066870212818e+00,1.035585370434301877e+00,-6.324909060159500385e+00,0.000000000000000000e+00,4.109194696292269633e+00,3.984265465927883110e+00
1.794870112172457084e+02,-7.702023402748775425e+02,-1.408505066870212818e+00,1.035585370434301877e+00,-6.324909060159500385e+00,0.000000000000000000e+00,4.109194696292269633e+00,3.984265465927883110e+00
1.795905697542891346e+02,-7.708348311808935023e+02,-1.408505066870212818e+00,1.035585370434301877e+00,-6.324909060159500385e+00,0.000000000000000000e+00,4.109194696292269633e+00,3.984265465927883110e+00
1.796941282913325608e+02,-7.714673220869094621e+02,-1.408505066870212818e+00,1.035585370434301877e+00,-6.324909060159500385e+00,0.000000000000000000e+00,4.109194696292269633e+00,3.984265465927883110e+00
1.797976868283759870e+02,-7.720998129929254219e+02,-1.408505066870212818e+00,1.035585370434301877e+00,-6.324909060159500385e+00,0.000000000000000000e+00,4.109194696292269633e+00,3.984265465927883110e+00
1.799012453654194132e+02,-7.727323038989413817e+02,-1.408505066870212818e+00,1.035585370434301877e+00,-6.324909060159500385e+00,0.000000000000000000e+00,4.109194696292269633e+00,3.984265465927883110e+00
1.800048039024628395e+02,-7.733647948049573415e+02,-1.408505066870212818e+00,1.035585370434301877e+00,-6.324909060159500385e+00,0.000000000000000000e+00,4.109194696292269633e+00,3.984265465927883110e+00
1.801083624395062657e+02,-7.739972857109733013e+02,-1.408505066870212818e+00,1.035585370434301877e+00,-6.324909060159500385e+00,0.000000000000000000e+00,4.109194696292269633e+00,3.984265465927883110e+00
1.802119209765496919e+02,-7.746297766169892611e+02,-1.408505066870212818e+00,1.035585370434301877e+00,-6.324909060159500385e+00,0.000000000000000000e+00,4.109194696292269633e+00,3.984265465927883110e+00
1.803154795135931181e+02,-7.752622675230052209e+02,-1.408505066870212818e+00,1.035585370434301877e+00,-6.324909060159500385e+00,0.000000000000000000e+00,4.109194696292269633e+00,3.984265465927883110e+00
1.804190380506365443e+02,-7.758947584290211807e+02,-1.408505066870212818e+00,1.035585370434301877e+00,-6.324909060159500385e+00,0.000000000000000000e+00,4.109194696292269633e+00,3.984265465927883110e+00
1.805225965876799705e+02,-7.765272493350371406e+02,-1.408505066870212818e+00,1.035585370434301877e+00,-6.324909060159500385e+00,0.000000000000000000e+00,4.109194696292269633e+00,3.984265465927883110e+00
1.806261551247233967e+02,-7.771597402410531004e+02,-1.408505066870212818e+00,1.035585370434301877e+00,-6.324909060159500385e+00,0.000000000000000000e+00,4.109194696292269633e+00,3.984265465927883110e+00
1.807297136617668230e+02,-7.777922311470690602e+02,-1.408505066870212818e+00,1.035585370434301877e+00,-6.324909060159500385e+00,0.000000000000000000e+00,4.109194696292269633e+00,3.984265465927883110e+00
1.808332721988102492e+02,-7.784247220530850200e+02,-1.408505066870212818e+00,1.035585370434301877e+00,-6.324909060159500385e+00,0.000000000000000000e+00,4.109194696292269633e+00,3.984265465927883110e+00
1.809368307358536754e+02,-7.790572129591009798e+02,-1.408505066870212818e+00,1.035585370434301877e+00,-6.324909060159500385e+00,0.000000000000000000e+00,4.109194696292269633e+00,3.984265465927883110e+00
1.810403892728971016e+02,-7.796897038651169396e+02,-1.408505066870212818e+00,1.035585370434301877e+00,-6.324909060159500385e+00,0.000000000000000000e+00,4.109194696292269633e+00,3.984265465927883110e+00
1.811439478099405278e+02,-7.803221947711328994e+02,-1.408505066870212818e+00,1.035585370434301877e+00,-6.324909060159500385e+00,0.000000000000000000e+00,4.109194696292269633e+00,3.984265465927883110e+00
1.812475063469839540e+02,-7.809546856771488592e+02,-1.408505066870212818e+00,1.035585370434301877e+00,-6.324909060159500385e+00,0.000000000000000000e+00,4.109194696292269633e+00,3.984265465927883110e+00
1.813510648840273802e+02,-7.815871765831648190e+02,-1.408505066870212818e+00,1.035585370434301877e+00,-6.324909060159500385e+00,0.000000000000000000e+00,4.109194696292269633e+00,3.984265465927883110e+00
1.814546234210708064e+02,-7.822196674891807788e+02,-1.408505066870212818e+00,1.035585370434301877e+00,-6.324909060159500385e+00,0.000000000000000000e+00,4.109194696292269633e+00,3.984265465927883110e+00
1.815581819581142327e+02,-7.828521583951967386e+02,-1.408505066870212818e+00,1.035585370434301877e+00,-6.324909060159500385e+00,0.000000000000000000e+00,4.109194696292269633e+00,3.984265465927883110e+00
1.816617404951576589e+02,-7.834846493012126984e+02,-1.408505066870212818e+00,1.035585370434301877e+00,-6.324909060159500385e+00,0.000000000000000000e+00,4.109194696292269633e+00,3.984265465927883110e+00
1.817652990322010851e+02,-7.841171402072286583e+02,-1.408505066870212818e+00,1.035585370434301877e+00,-6.324909060159500385e+00,0.000000000000000000e+00,4.109194696292269633e+00,3.984265465927883110e+00
1.818688575692445113e+02,-7.847496311132446181e+02,-1.408505066870212818e+00,1.035585370434301877e+00,-6.324909060159500385e+00,0.000000000000000000e+00,4.109194696292269633e+00,3.984265465927883110e+00
1.819724161062879375e+02,-7.853821220192605779e+02,-1.408505066870212818e+00,1.035585370434301877e+00,-6.324909060159500385e+00,0.000000000000000000e+00,4.109194696292269633e+00,3.984265465927883110e+00
1.820759746433313637e+02,-7.860146129252765377e+02,-1.408505066870212818e+00,1.035585370434301877e+00,-6.324909060159500385e+00,0.000000000000000000e+00,4.109194696292269633e+00,3.984265465927883110e+00
1.821795331803747899e+02,-7.866471038312924975e+02,-1.408505066870212818e+00,1.035585370434301877e+00,-6.324909060159500385e+00,0.000000000000000000e+00,4.109194696292269633e+00,3.984265465927883110e+00
1.822830917174182161e+02,-7.872795947373084573e+02,-1.408505066870212818e+00,1.035585370434301877e+00,-6.324909060159500385e+00,0.000000000000000000e+00,4.109194696292269633e+00,3.984265465927883110e+00
1.823866502544616424e+02,-7.879120856433244171e+02,-1.408505066870212818e+00,1.035585370434301877e+00,-6.324909060159500385e+00,0.000000000000000000e+00,4.109194696292269633e+00,3.984265465927883110e+00
1.824902087915050686e+02,-7.885445765493403769e+02,-1.408505066870212818e+00,1.035585370434301877e+00,-6.324909060159500385e+00,0.000000000000000000e+00,4.109194696292269633e+00,3.984265465927883110e+00
1.825937673285484948e+02,-7.891770674553563367e+02,-1.408505066870212818e+00,1.035585370434301877e+00,-6.324909060159500385e+00,0.000000000000000000e+00,4.109194696292269633e+00,3.984265465927883110e+00
1.826973258655919210e+02,-7.898095583613722965e+02,-1.408505066870212818e+00,1.035585370434301877e+00,-6.324909060159500385e+00,0.000000000000000000e+00,4.109194696292269633e+00,3.984265465927883110e+00
1.828008844026353472e+02,-7.904420492673882563e+02,-1.408505066870212818e+00,1.035585370434301877e+00,-6.324909060159500385e+00,0.000000000000000000e+00,4.109194696292269633e+00,3.984265465927883110e+00
1.829044429396787734e+02,-7.910745401734042161e+02,-1.408505066870212818e+00,1.035585370434301877e+00,-6.324909060159500385e+00,0.000000000000000000e+00,4.109194696292269633e+00,3.984265465927883110e+00
1.830080014767221996e+02,-7.917070310794201760e+02,-1.408505066870212818e+00,1.035585370434301877e+00,-6.324909060159500385e+00,0.000000000000000000e+00,4.109194696292269633e+00,3.984265465927883110e+00
1.831115600137656259e+02,-7.923395219854361358e+02,-1.408505066870212818e+00,1.035585370434301877e+00,-6.324909060159500385e+00,0.000000000000000000e+00,4.109194696292269633e+00,3.984265465927883110e+00
1.832151185508090521e+02,-7.929720128914520956e+02,-1.408505066870212818e+00,1.035585370434301877e+00,-6.324909060159500385e+00,0.000000000000000000e+00,4.109194696292269633e+00,3.984265465927883110e+00
1.833186770878524783e+02,-7.936045037974680554e+02,-1.408505066870212818e+00,1.035585370434301877e+00,-6.324909060159500385e+00,0.000000000000000000e+00,4.109194696292269633e+00,3.984265465927883110e+00
1.834222356248959045e+02,-7.942369947034840152e+02,-1.408505066870212818e+00,1.035585370434301877e+00,-6.324909060159500385e+00,0.000000000000000000e+00,4.109194696292269633e+00,3.984265465927883110e+00
1.835257941619393307e+02,-7.948694856094999750e+02,-1.408505066870212818e+00,1.035585370434301877e+00,-6.324909060159500385e+00,0.000000000000000000e+00,4.109194696292269633e+00,3.984265465927883110e+00
1.836293526989827569e+02,-7.955019765155159348e+02,-1.408505066870212818e+00,1.035585370434301877e+00,-6.324909060159500385e+00,0.000000000000000000e+00,4.109194696292269633e+00,3.984265465927883110e+00
1.837329112360261831e+02,-7.961344674215318946e+02,-1.408505066870212818e+00,1.035585370434301877e+00,-6.324909060159500385e+00,0.000000000000000000e+00,4.109194696292269633e+00,3.984265465927883110e+00
1.838364697730696093e+02,-7.967669583275478544e+02,-1.408505066870212818e+00,1.035585370434301877e+00,-6.324909060159500385e+00,0.000000000000000000e+00,4.109194696292269633e+00,3.984265465927883110e+00
1.839400283101130356e+02,-7.973994492335638142e+02,-1.408505066870212818e+00,1.035585370434301877e+00,-6.324909060159500385e+00,0.000000000000000000e+00,4.109194696292269633e+00,3.984265465927883110e+00
1.840435868471564618e+02,-7.980319401395797740e+02,-1.408505066870212818e+00,1.035585370434301877e+00,-6.324909060159500385e+00,0.000000000000000000e+00,4.109194696292269633e+00,3.984265465927883110e+00
1.841471453841998880e+02,-7.986644310455957338e+02,-1.408505066870212818e+00,1.035585370434301877e+00,-6.324909060159500385e+00,0.000000000000000000e+00,4.109194696292269633e+00,3.984265465927883110e+00
1.842507039212433142e+02,-7.992969219516116937e+02,-1.408505066870212818e+00,1.035585370434301877e+00,-6.324909060159500385e+00,0.000000000000000000e+00,4.109194696292269633e+00,3.984265465927883110e+00
1.843542624582867404e+02,-7.999294128576276535e+02,-1.408505066870212818e+00,1.035585370434301877e+00,-6.324909060159500385e+00,0.000000000000000000e+00,4.109194696292269633e+00,3.984265465927883110e+00
1.844578209953301666e+02,-8.005619037636436133e+02,-1.408505066870212818e+00,1.035585370434301877e+00,-6.324909060159500385e+00,0.000000000000000000e+00,4.109194696292269633e+00,3.984265465927883110e+00
1.845613795323735928e+02,-8.011943946696595731e+02,-1.408505066870212818e+00,1.035585370434301877e+00,-6.324909060159500385e+00,0.000000000000000000e+00,4.109194696292269633e+00,3.984265465927883110e+00
1.846649380694170191e+02,-8.018268855756755329e+02,-1.408505066870212818e+00,1.035585370434301877e+00,-6.324909060159500385e+00,0.000000000000000000e+00,4.109194696292269633e+00,3.984265465927883110e+00
1.847684966064604453e+02,-8.024593764816914927e+02,-1.408505066870212818e+00,1.035585370434301877e+00,-6.324909060159500385e+00,0.000000000000000000e+00,4.109194696292269633e+00,3.984265465927883110e+00
1.848720551435038715e+02,-8.030918673877074525e+02,-1.408505066870212818e+00,1.035585370434301877e+00,-6.324909060159500385e+00,0.000000000000000000e+00,4.109194696292269633e+00,3.984265465927883110e+00
1.849756136805472977e+02,-8.037243582937234123e+02,-1.408505066870212818e+00,1.035585370434301877e+00,-6.324909060159500385e+00,0.000000000000000000e+00,4.109194696292269633e+00,3.984265465927883110e+00
1.850791722175907239e+02,-8.043568491997393721e+02,-1.408505066870212818e+00,1.035585370434301877e+00,-6.324909060159500385e+00,0.000000000000000000e+00,4.109194696292269633e+00,3.984265465927883110e+00
1.851827307546341501e+02,-8.049893401057553319e+02,-1.408505066870212818e+00,1.035585370434301877e+00,-6.324909060159500385e+00,0.000000000000000000e+00,4.109194696292269633e+00,3.984265465927883110e+00
1.852862892916775763e+02,-8.056218310117712917e+02,-1.408505066870212818e+00,1.035585370434301877e+00,-6.324909060159500385e+00,0.000000000000000000e+00,4.109194696292269633e+00,3.984265465927883110e+00
1.853898478287210025e+02,-8.062543219177872516e+02,-1.408505066870212818e+00,1.035585370434301877e+00,-6.324909060159500385e+00,0.000000000000000000e+00,4.109194696292269633e+00,3.984265465927883110e+00
1.854934063657644288e+02,-8.068868128238032114e+02,-1.408505066870212818e+00,1.035585370434301877e+00,-6.324909060159500385e+00,0.000000000000000000e+00,4.109194696292269633e+00,3.984265465927883110e+00
1.855969649028078550e+02,-8.075193037298191712e+02,-1.408505066870212818e+00,1.035585370434301877e+00,-6.324909060159500385e+00,0.000000000000000000e+00,4.109194696292269633e+00,3.984265465927883110e+00
1.857005234398512812e+02,-8.081517946358351310e+02,-1.408505066870212818e+00,1.035585370434301877e+00,-6.324909060159500385e+00,0.000000000000000000e+00,4.109194696292269633e+00,3.984265465927883110e+00
1.858040819768947074e+02,-8.087842855418510908e+02,-1.408505066870212818e+00,1.035585370434301877e+00,-6.324909060159500385e+00,0.000000000000000000e+00,4.109194696292269633e+00,3.984265465927883110e+00
1.859076405139381336e+02,-8.094167764478670506e+02,-1.408505066870212818e+00,1.035585370434301877e+00,-6.324909060159500385e+00,0.000000000000000000e+00,4.109194696292269633e+00,3.984265465927883110e+00
1.860111990509815598e+02,-8.100492673538830104e+02,-1.408505066870212818e+00,1.035585370434301877e+00,-6.324909060159500385e+00,0.000000000000000000e+00,4.109194696292269633e+00,3.984265465927883110e+00
1.861147575880249860e+02,-8.106817582598989702e+02,-1.408505066870212818e+00,1.035585370434301877e+00,-6.324909060159500385e+00,0.000000000000000000e+00,4.109194696292269633e+00,3.984265465927883110e+00
1.862183161250684122e+02,-8.113142491659149300e+02,-1.408505066870212818e+00,1.035585370434301877e+00,-6.324909060159500385e+00,0.000000000000000000e+00,4.109194696292269633e+00,3.984265465927883110e+00
1.863218746621118385e+02,-8.119467400719308898e+02,-1.408505066870212818e+00,1.035585370434301877e+00,-6.324909060159500385e+00,0.000000000000000000e+00,4.109194696292269633e+00,3.984265465927883110e+00
1.864254331991552647e+02,-8.125792309779468496e+02,-1.408505066870212818e+00,1.035585370434301877e+00,-6.324909060159500385e+00,0.000000000000000000e+00,4.109194696292269633e+00,3.984265465927883110e+00
1.865289917361986909e+02,-8.132117218839628094e+02,-1.408505066870212818e+00,1.035585370434301877e+00,-6.324909060159500385e+00,0.000000000000000000e+00,4.109194696292269633e+00,3.984265465927883110e+00
1.866325502732421171e+02,-8.138442127899787693e+02,-1.408505066870212818e+00,1.035585370434301877e+00,-6.324909060159500385e+00,0.000000000000000000e+00,4.109194696292269633e+00,3.984265465927883110e+00
1.867361088102855433e+02,-8.144767036959947291e+02,-1.408505066870212818e+00,1.035585370434301877e+00,-6.324909060159500385e+00,0.000000000000000000e+00,4.109194696292269633e+00,3.984265465927883110e+00
1.868396673473289695e+02,-8.151091946020106889e+02,-1.408505066870212818e+00,1.035585370434301877e+00,-6.324909060159500385e+00,0.000000000000000000e+00,4.109194696292269633e+00,3.984265465927883110e+00
1.869432258843723957e+02,-8.157416855080266487e+02,-1.408505066870212818e+00,1.035585370434301877e+00,-6.324909060159500385e+00,0.000000000000000000e+00,4.109194696292269633e+00,3.984265465927883110e+00
1.870467844214158220e+02,-8.163741764140426085e+02,-1.408505066870212818e+00,1.035585370434301877e+00,-6.324909060159500385e+00,0.000000000000000000e+00,4.109194696292269633e+00,3.984265465927883110e+00
1.871503429584592482e+02,-8.170066673200585683e+02,-1.408505066870212818e+00,1.035585370434301877e+00,-6.324909060159500385e+00,0.000000000000000000e+00,4.109194696292269633e+00,3.984265465927883110e+00
1.872539014955026744e+02,-8.176391582260745281e+02,-1.408505066870212818e+00,1.035585370434301877e+00,-6.324909060159500385e+00,0.000000000000000000e+00,4.109194696292269633e+00,3.984265465927883110e+00
1.873574600325461006e+02,-8.182716491320904879e+02,-1.408505066870212818e+00,1.035585370434301877e+00,-6.324909060159500385e+00,0.000000000000000000e+00,4.109194696292269633e+00,3.984265465927883110e+00
1.874610185695895268e+02,-8.189041400381064477e+02,-1.408505066870212818e+00,1.035585370434301877e+00,-6.324909060159500385e+00,0.000000000000000000e+00,4.109194696292269633e+00,3.984265465927883110e+00
1.875645771066329530e+02,-8.195366309441224075e+02,-1.408505066870212818e+00,1.035585370434301877e+00,-6.324909060159500385e+00,0.000000000000000000e+00,4.109194696292269633e+00,3.984265465927883110e+00
1.876681356436763792e+02,-8.201691218501383673e+02,-1.408505066870212818e+00,1.035585370434301877e+00,-6.324909060159500385e+00,0.000000000000000000e+00,4.109194696292269633e+00,3.984265465927883110e+00
1.877716941807198054e+02,-8.208016127561543271e+02,-1.408505066870212818e+00,1.035585370434301877e+00,-6.324909060159500385e+00,0.000000000000000000e+00,4.109194696292269633e+00,3.984265465927883110e+00
1.878752527177632317e+02,-8.214341036621702870e+02,-1.408505066870212818e+00,1.035585370434301877e+00,-6.324909060159500385e+00,0.000000000000000000e+00,4.109194696292269633e+00,3.984265465927883110e+00
1.879788112548066579e+02,-8.220665945681862468e+02,-1.408505066870212818e+00,1.035585370434301877e+00,-6.324909060159500385e+00,0.000000000000000000e+00,4.109194696292269633e+00,3.984265465927883110e+00
1.880823697918500841e+02,-8.226990854742022066e+02,-1.408505066870212818e+00,1.035585370434301877e+00,-6.324909060159500385e+00,0.000000000000000000e+00,4.109194696292269633e+00,3.984265465927883110e+00
1.881859283288935103e+02,-8.233315763802181664e+02,-1.408505066870212818e+00,1.035585370434301877e+00,-6.324909060159500385e+00,0.000000000000000000e+00,4.109194696292269633e+00,3.984265465927883110e+00
1.882894868659369365e+02,-8.239640672862341262e+02,-1.408505066870212818e+00,1.035585370434301877e+00,-6.324909060159500385e+00,0.000000000000000000e+00,4.109194696292269633e+00,3.984265465927883110e+00
1.883930454029803627e+02,-8.245965581922500860e+02,-1.408505066870212818e+00,1.035585370434301877e+00,-6.324909060159500385e+00,0.000000000000000000e+00,4.109194696292269633e+00,3.984265465927883110e+00
1.884966039400237889e+02,-8.252290490982660458e+02,-1.408505066870212818e+00,1.035585370434301877e+00,-6.324909060159500385e+00,0.000000000000000000e+00,4.109194696292269633e+00,3.984265465927883110e+00
1.886001624770672151e+02,-8.258615400042820056e+02,-1.408505066870212818e+00,1.035585370434301877e+00,-6.324909060159500385e+00,0.000000000000000000e+00,4.109194696292269633e+00,3.984265465927883110e+00
1.887037210141106414e+02,-8.264940309102979654e+02,-1.408505066870212818e+00,1.035585370434301877e+00,-6.324909060159500385e+00,0.000000000000000000e+00,4.109194696292269633e+00,3.984265465927883110e+00
1.888072795511540676e+02,-8.271265218163139252e+02,-1.408505066870212818e+00,1.035585370434301877e+00,-6.324909060159500385e+00,0.000000000000000000e+00,4.109194696292269633e+00,3.984265465927883110e+00
1.889108380881974938e+02,-8.277590127223298850e+02,-1.408505066870212818e+00,1.035585370434301877e+00,-6.324909060159500385e+00,0.000000000000000000e+00,4.109194696292269633e+00,3.984265465927883110e+00
1.890143966252409200e+02,-8.283915036283458448e+02,-1.408505066870212818e+00,1.035585370434301877e+00,-6.324909060159500385e+00,0.000000000000000000e+00,4.109194696292269633e+00,3.984265465927883110e+00
1.891179551622843462e+02,-8.290239945343618047e+02,-1.408505066870212818e+00,1.035585370434301877e+00,-6.324909060159500385e+00,0.000000000000000000e+00,4.109194696292269633e+00,3.984265465927883110e+00
1.892215136993277724e+02,-8.296564854403777645e+02,-1.408505066870212818e+00,1.035585370434301877e+00,-6.324909060159500385e+00,0.000000000000000000e+00,4.109194696292269633e+00,3.984265465927883110e+00
1.893250722363711986e+02,-8.302889763463937243e+02,-1.408505066870212818e+00,1.035585370434301877e+00,-6.324909060159500385e+00,0.000000000000000000e+00,4.109194696292269633e+00,3.984265465927883110e+00
1.894286307734146249e+02,-8.309214672524096841e+02,-1.408505066870212818e+00,1.035585370434301877e+00,-6.324909060159500385e+00,0.000000000000000000e+00,4.109194696292269633e+00,3.984265465927883110e+00
1.895321893104580511e+02,-8.315539581584256439e+02,-1.408505066870212818e+00,1.035585370434301877e+00,-6.324909060159500385e+00,0.000000000000000000e+00,4.109194696292269633e+00,3.984265465927883110e+00
1.896357478475014773e+02,-8.321864490644416037e+02,-1.408505066870212818e+00,1.035585370434301877e+00,-6.324909060159500385e+00,0.000000000000000000e+00,4.109194696292269633e+00,3.984265465927883110e+00
1.897393063845449035e+02,-8.328189399704575635e+02,-1.408505066870212818e+00,1.035585370434301877e+00,-6.324909060159500385e+00,0.000000000000000000e+00,4.109194696292269633e+00,3.984265465927883110e+00
1.898428649215883297e+02,-8.334514308764735233e+02,-1.408505066870212818e+00,1.035585370434301877e+00,-6.324909060159500385e+00,0.000000000000000000e+00,4.109194696292269633e+00,3.984265465927883110e+00
1.899464234586317559e+02,-8.340839217824894831e+02,-1.408505066870212818e+00,1.035585370434301877e+00,-6.324909060159500385e+00,0.000000000000000000e+00,4.109194696292269633e+00,3.984265465927883110e+00
1.900499819956751821e+02,-8.347164126885054429e+02,-1.408505066870212818e+00,1.035585370434301877e+00,-6.324909060159500385e+00,0.000000000000000000e+00,4.109194696292269633e+00,3.984265465927883110e+00
1.901535405327186083e+02,-8.353489035945214027e+02,-1.408505066870212818e+00,1.035585370434301877e+00,-6.324909060159500385e+00,0.000000000000000000e+00,4.109194696292269633e+00,3.984265465927883110e+00
1.902570990697620346e+02,-8.359813945005373625e+02,-1.408505066870212818e+00,1.035585370434301877e+00,-6.324909060159500385e+00,0.000000000000000000e+00,4.109194696292269633e+00,3.984265465927883110e+00
1.903606576068054608e+02,-8.366138854065533224e+02,-1.408505066870212818e+00,1.035585370434301877e+00,-6.324909060159500385e+00,0.000000000000000000e+00,4.109194696292269633e+00,3.984265465927883110e+00
1.904642161438488870e+02,-8.372463763125692822e+02,-1.408505066870212818e+00,1.035585370434301877e+00,-6.324909060159500385e+00,0.000000000000000000e+00,4.109194696292269633e+00,3.984265465927883110e+00
1.905677746808923132e+02,-8.378788672185852420e+02,-1.408505066870212818e+00,1.035585370434301877e+00,-6.324909060159500385e+00,0.000000000000000000e+00,4.109194696292269633e+00,3.984265465927883110e+00
1.906713332179357394e+02,-8.385113581246012018e+02,-1.408505066870212818e+00,1.035585370434301877e+00,-6.324909060159500385e+00,0.000000000000000000e+00,4.109194696292269633e+00,3.984265465927883110e+00
1.907748917549791656e+02,-8.391438490306171616e+02,-1.408505066870212818e+00,1.035585370434301877e+00,-6.324909060159500385e+00,0.000000000000000000e+00,4.109194696292269633e+00,3.984265465927883110e+00
1.908784502920225918e+02,-8.397763399366331214e+02,-1.408505066870212818e+00,1.035585370434301877e+00,-6.324909060159500385e+00,0.000000000000000000e+00,4.109194696292269633e+00,3.984265465927883110e+00
1.909820088290660181e+02,-8.404088308426490812e+02,-1.408505066870212818e+00,1.035585370434301877e+00,-6.324909060159500385e+00,0.000000000000000000e+00,4.109194696292269633e+00,3.984265465927883110e+00
1.910855673661094443e+02,-8.410413217486650410e+02,-1.408505066870212818e+00,1.035585370434301877e+00,-6.324909060159500385e+00,0.000000000000000000e+00,4.109194696292269633e+00,3.984265465927883110e+00
1.911891259031528705e+02,-8.416738126546810008e+02,-1.408505066870212818e+00,1.035585370434301877e+00,-6.324909060159500385e+00,0.000000000000000000e+00,4.109194696292269633e+00,3.984265465927883110e+00
1.912926844401962967e+02,-8.423063035606969606e+02,-1.408505066870212818e+00,1.035585370434301877e+00,-6.324909060159500385e+00,0.000000000000000000e+00,4.109194696292269633e+00,3.984265465927883110e+00
1.913962429772397229e+02,-8.429387944667129204e+02,-1.408505066870212818e+00,1.035585370434301877e+00,-6.324909060159500385e+00,0.000000000000000000e+00,4.109194696292269633e+00,3.984265465927883110e+00
1.914998015142831491e+02,-8.435712853727288802e+02,-1.408505066870212818e+00,1.035585370434301877e+00,-6.324909060159500385e+00,0.000000000000000000e+00,4.109194696292269633e+00,3.984265465927883110e+00
1.916033600513265753e+02,-8.442037762787448401e+02,-1.408505066870212818e+00,1.035585370434301877e+00,-6.324909060159500385e+00,0.000000000000000000e+00,4.109194696292269633e+00,3.984265465927883110e+00
1.917069185883700015e+02,-8.448362671847607999e+02,-1.408505066870212818e+00,1.035585370434301877e+00,-6.324909060159500385e+00,0.000000000000000000e+00,4.109194696292269633e+00,3.984265465927883110e+00
1.918104771254134278e+02,-8.454687580907767597e+02,-1.408505066870212818e+00,1.035585370434301877e+00,-6.324909060159500385e+00,0.000000000000000000e+00,4.109194696292269633e+00,3.984265465927883110e+00
1.919140356624568540e+02,-8.461012489967927195e+02,-1.408505066870212818e+00,1.035585370434301877e+00,-6.324909060159500385e+00,0.000000000000000000e+00,4.109194696292269633e+00,3.984265465927883110e+00
1.920175941995002802e+02,-8.467337399028086793e+02,-1.408505066870212818e+00,1.035585370434301877e+00,-6.324909060159500385e+00,0.000000000000000000e+00,4.109194696292269633e+00,3.984265465927883110e+00
1.921211527365437064e+02,-8.473662308088246391e+02,-1.408505066870212818e+00,1.035585370434301877e+00,-6.324909060159500385e+00,0.000000000000000000e+00,4.109194696292269633e+00,3.984265465927883110e+00
1.922247112735871326e+02,-8.479987217148405989e+02,-1.408505066870212818e+00,1.035585370434301877e+00,-6.324909060159500385e+00,0.000000000000000000e+00,4.109194696292269633e+00,3.984265465927883110e+00
1.923282698106305588e+02,-8.486312126208565587e+02,-1.408505066870212818e+00,1.035585370434301877e+00,-6.324909060159500385e+00,0.000000000000000000e+00,4.109194696292269633e+00,3.984265465927883110e+00
1.924318283476739850e+02,-8.492637035268725185e+02,-1.408505066870212818e+00,1.035585370434301877e+00,-6.324909060159500385e+00,0.000000000000000000e+00,4.109194696292269633e+00,3.984265465927883110e+00
1.925353868847174112e+02,-8.498961944328884783e+02,-1.408505066870212818e+00,1.035585370434301877e+00,-6.324909060159500385e+00,0.000000000000000000e+00,4.109194696292269633e+00,3.984265465927883110e+00
1.926389454217608375e+02,-8.505286853389044381e+02,-1.408505066870212818e+00,1.035585370434301877e+00,-6.324909060159500385e+00,0.000000000000000000e+00,4.109194696292269633e+00,3.984265465927883110e+00
1.927425039588042637e+02,-8.511611762449203979e+02,-1.408505066870212818e+00,1.035585370434301877e+00,-6.324909060159500385e+00,0.000000000000000000e+00,4.109194696292269633e+00,3.984265465927883110e+00
1.928460624958476899e+02,-8.517936671509363578e+02,-1.408505066870212818e+00,1.035585370434301877e+00,-6.324909060159500385e+00,0.000000000000000000e+00,4.109194696292269633e+00,3.984265465927883110e+00
1.929496210328911161e+02,-8.524261580569523176e+02,-1.408505066870212818e+00,1.035585370434301877e+00,-6.324909060159500385e+00,0.000000000000000000e+00,4.109194696292269633e+00,3.984265465927883110e+00
1.930531795699345423e+02,-8.530586489629682774e+02,-1.408505066870212818e+00,1.035585370434301877e+00,-6.324909060159500385e+00,0.000000000000000000e+00,4.109194696292269633e+00,3.984265465927883110e+00
1.931567381069779685e+02,-8.536911398689842372e+02,-1.408505066870212818e+00,1.035585370434301877e+00,-6.324909060159500385e+00,0.000000000000000000e+00,4.109194696292269633e+00,3.984265465927883110e+00
1.932602966440213947e+02,-8.543236307750001970e+02,-1.408505066870212818e+00,1.035585370434301877e+00,-6.324909060159500385e+00,0.000000000000000000e+00,4.109194696292269633e+00,3.984265465927883110e+00
1.933638551810648210e+02,-8.549561216810161568e+02,-1.408505066870212818e+00,1.035585370434301877e+00,-6.324909060159500385e+00,0.000000000000000000e+00,4.109194696292269633e+00,3.984265465927883110e+00
1.934674137181082472e+02,-8.555886125870321166e+02,-1.408505066870212818e+00,1.035585370434301877e+00,-6.324909060159500385e+00,0.000000000000000000e+00,4.109194696292269633e+00,3.984265465927883110e+00
1.935709722551516734e+02,-8.562211034930480764e+02,-1.408505066870212818e+00,1.035585370434301877e+00,-6.324909060159500385e+00,0.000000000000000000e+00,4.109194696292269633e+00,3.984265465927883110e+00
1.936745307921950996e+02,-8.568535943990640362e+02,-1.408505066870212818e+00,1.035585370434301877e+00,-6.324909060159500385e+00,0.000000000000000000e+00,4.109194696292269633e+00,3.984265465927883110e+00
1.937780893292385258e+02,-8.574860853050799960e+02,-1.408505066870212818e+00,1.035585370434301877e+00,-6.324909060159500385e+00,0.000000000000000000e+00,4.109194696292269633e+00,3.984265465927883110e+00
1.943007468298334288e+02,-8.606782520305395110e+02,-1.099994787325085488e+00,5.226575005948979502e+00,-3.192166725459462029e+01,3.085102795451272861e+00,4.109194696292269633e+00,3.984265465927883110e+00
1.957679962718746367e+02,-8.635610073689073261e+02,-7.914845077799581574e-01,1.467249442041216589e+01,-2.882755338367865861e+01,3.085102795451272861e+00,4.109194696292269633e+00,3.984265465927883110e+00
1.980412910570377676e+02,-8.658621440631975474e+02,-4.829742282348308269e-01,2.273294785163129816e+01,-2.301136694290195450e+01,3.085102795451272861e+00,4.109194696292269633e+00,3.984265465927883110e+00
2.009059728931139546e+02,-8.673643748191448140e+02,-1.744639486897034963e-01,2.864681836076189470e+01,-1.502230755947248397e+01,3.085102795451272861e+00,4.109194696292269633e+00,3.984265465927883110e+00
2.040915411329072526e+02,-8.679258498904338239e+02,1.340463308554238342e-01,3.185568239793284562e+01,-5.614750712890155704e+00,3.085102795451272861e+00,4.109194696292269633e+00,3.984265465927883110e+00
2.072971950872453704e+02,-8.674935513927553075e+02,4.425566104005511647e-01,3.205653954338112044e+01,4.322984976785306799e+00,3.085102795451272861e+00,4.109194696292269633e+00,3.984265465927883110e+00
2.102202374518711281e+02,-8.661082995742538060e+02,7.510668899456784953e-01,2.923042364625762701e+01,1.385251818501502363e+01,3.085102795451272861e+00,4.109194696292269633e+00,3.984265465927883110e+00
2.125846568242423587e+02,-8.639008983199245222e+02,1.059577169490805826e+00,2.364419372371234829e+01,2.207401254329240814e+01,3.085102795451272861e+00,4.109194696292269633e+00,3.984265465927883110e+00
2.141671903755120354e+02,-8.610797838548302252e+02,1.368087449035933156e+00,1.582533551269669481e+01,2.821114465094335344e+01,3.085102795451272861e+00,4.109194696292269633e+00,3.984265465927883110e+00
2.148184056820033447e+02,-8.579113429305505178e+02,1.676597728581060487e+00,6.512153064913027478e+00,3.168440924279657267e+01,3.085102795451272861e+00,4.109194696292269633e+00,3.984265465927883110e+00
2.144768110416879949e+02,-8.546947589711664932e+02,1.985108008126187817e+00,-3.415946403153414579e+00,3.216583959384011138e+01,3.085102795451272861e+00,4.109194696292269633e+00,3.984265465927883110e+00
2.131746618939381221e+02,-8.517337613583554230e+02,2.293618287671315148e+00,-1.302149147749864433e+01,2.960997612811092949e+01,3.085102795451272861e+00,4.109194696292269633e+00,3.984265465927883110e+00
2.110349150651545642e+02,-8.493079454595763309e+02,2.602128567216442256e+00,-2.139746828783563615e+01,2.425815898779083213e+01,3.085102795451272861e+00,4.109194696292269633e+00,3.984265465927883110e+00
2.082596184388866618e+02,-8.476463715363684059e+02,2.910638846761569809e+00,-2.775296626267910227e+01,1.661573923207945569e+01,3.085102795451272861e+00,4.109194696292269633e+00,3.984265465927883110e+00
2.051108323682640560e+02,-8.469059354840912874e+02,3.219149126306697362e+00,-3.148786070622598388e+01,7.404360522771611386e+00,3.085102795451272861e+00,4.109194696292269633e+00,3.984265465927883110e+00
2.018858843467831150e+02,-8.471565537691482177e+02,3.527659405851824914e+00,-3.224948021480937399e+01,-2.506182850569348641e+00,3.085102795451272861e+00,4.109194696292269633e+00,3.984265465927883110e+00
1.988892935416330374e+02,-8.483745614918449292e+02,3.836169685396952467e+00,-2.996590805150078651e+01,-1.218007722696654760e+01,3.085102795451272861e+00,4.109194696292269633e+00,3.984265465927883110e+00
1.964040162455394523e+02,-8.504449469698611210e+02,4.144679964942080019e+00,-2.485277296093589072e+01,-2.070385478016214265e+01,3.085102795451272861e+00,4.109194696292269633e+00,3.984265465927883110e+00
1.946647274260986080e+02,-8.531722118394010295e+02,4.453190244487207572e+00,-1.739288819440846012e+01,-2.727264869539949288e+01,3.085102795451272861e+00,4.109194696292269633e+00,3.984265465927883110e+00
1.938356612908914371e+02,-8.562988311973516602e+02,4.761700524032335125e+00,-8.290661352071737156e+00,-3.126619357950585254e+01,3.085102795451272861e+00,4.109194696292269633e+00,3.984265465927883110e+00
1.939951032967241815e+02,-8.595295706657759638e+02,5.070210803577462677e+00,1.594420058327508105e+00,-3.230739468424329175e+01,3.085102795451272861e+00,4.109194696292269633e+00,3.984265465927883110e+00
1.951279979616145965e+02,-8.625593642139111807e+02,5.378721083122590230e+00,1.132894664890405068e+01,-3.029793548135177161e+01,3.085102795451272861e+00,4.109194696292269633e+00,3.984265465927883110e+00
1.971273704947853673e+02,-8.651021203445027368e+02,5.687231362667717782e+00,1.999372533170784294e+01,-2.542756130591553898e+01,3.085102795451272861e+00,4.109194696292269633e+00,3.984265465927883110e+00
1.998044280057320350e+02,-8.669177365895122875e+02,5.995741642212845335e+00,2.677057510946673702e+01,-1.815616245009580609e+01,3.085102795451272861e+00,4.109194696292269633e+00,3.984265465927883110e+00
2.029063864748918036e+02,-8.678347714425395907e+02,6.304251921757972887e+00,3.101958469159758280e+01,-9.170348530272658394e+00,3.085102795451272861e+00,4.109194696292269633e+00,3.984265465927883110e+00
2.061403401551356751e+02,-8.677666329064834372e+02,6.612762201303100440e+00,3.233953680243860873e+01,6.813853605616624343e-01,3.085102795451272861e+00,4.109194696292269633e+00,3.984265465927883110e+00
2.092009195103109107e+02,-8.667197550355100475e+02,6.921272480848227993e+00,3.060579355175233474e+01,1.046877870973420954e+01,3.085102795451272861e+00,4.109194696292269633e+00,3.984265465927883110e+00
2.117991260603966168e+02,-8.647929903926046791e+02,7.229782760393355545e+00,2.598206550085702204e+01,1.926764642905418157e+01,3.085102795451272861e+00,4.109194696292269633e+00,3.984265465927883110e+00
2.136896213721691993e+02,-8.621682757905527978e+02,7.538293039938483098e+00,1.890495311772591691e+01,2.624714602051914625e+01,3.085102795451272861e+00,4.109194696292269633e+00,3.984265465927883110e+00
2.146938934032387181e+02,-8.590934527137449095e+02,7.846803319483610650e+00,1.004272031069506532e+01,3.074823076807870237e+01,3.085102795451272861e+00,4.109194696292269633e+00,3.984265465927883110e+00
2.147171126926353395e+02,-8.558588646208560249e+02,8.155313599028737315e+00,2.321928939661218050e-01,3.234588092888893129e+01,3.085102795451272861e+00,4.109194696292269633e+00,3.984265465927883110e+00
2.137570867341162568e+02,-8.527699409531315951e+02,8.463823878573863979e+00,-9.600259585190727307e+00,3.088923667724442979e+01,3.085102795451272861e+00,4.109194696292269633e+00,3.984265465927883110e+00
2.119044670059133750e+02,-8.501183566326295704e+02,8.772334158118990644e+00,-1.852619728202873617e+01,2.651584320502027836e+01,3.085102795451272861e+00,4.109194696292269633e+00,3.984265465927883110e+00
2.093341891079163304e+02,-8.481544903456521070e+02,9.080844437664117308e+00,-2.570277897997054239e+01,1.963866286977434328e+01,3.085102795451272861e+00,4.109194696292269633e+00,3.984265465927883110e+00
2.062889542804952896e+02,-8.470637822674200379e+02,9.389354717209243972e+00,-3.045234827421030843e+01,1.090708078232069411e+01,3.085102795451272861e+00,4.109194696292269633e+00,3.984265465927883110e+00
2.030563120802214030e+02,-8.469492236751314067e+02,9.697864996754370637e+00,-3.232642200273878075e+01,1.145585922886200647e+00,3.085102795451272861e+00,4.109194696292269633e+00,3.984265465927883110e+00
1.999415082053481285e+02,-8.478216318864253935e+02,1.000637527629949730e+01,-3.114803874873269507e+01,-8.724082112939759881e+00,3.085102795451272861e+00,4.109194696292269633e+00,3.984265465927883110e+00
1.972386613441817929e+02,-8.495986288225909675e+02,1.031488555584462397e+01,-2.702846861166325354e+01,-1.776996936165629037e+01,3.085102795451272861e+00,4.109194696292269633e+00,3.984265465927883110e+00
1.952029907032708422e+02,-8.521124196467829961e+02,1.062339583538975063e+01,-2.035670640910949558e+01,-2.513790824191999818e+01,3.085102795451272861e+00,4.109194696292269633e+00,3.984265465927883110e+00
1.940267166607772253e+02,-8.551256369710088165e+02,1.093190611493487729e+01,-1.176274042493623462e+01,-3.013217324225784566e+01,3.085102795451272861e+00,4.109194696292269633e+00,3.984265465927883110e+00
1.938209101516184774e+02,-8.583537545256908743e+02,1.124041639448000396e+01,-2.058065091587367057e+00,-3.228117554682075507e+01,3.085102795451272861e+00,4.109194696292269633e+00,3.984265465927883110e+00
1.946050046756072334e+02,-8.614919538570765098e+02,1.154892667402513062e+01,7.840945239887623153e+00,-3.138199331385679258e+01,3.085102795451272861e+00,4.109194696292269633e+00,3.984265465927883110e+00
1.963049612684401097e+02,-8.642439071358483034e+02,1.185743695357025729e+01,1.699956592832886315e+01,-2.751953278771769718e+01,3.085102795451272861e+00,4.109194696292269633e+00,3.984265465927883110e+00
1.987602597101138429e+02,-8.663497582294380663e+02,1.216594723311538395e+01,2.455298441673734189e+01,-2.105851093589768297e+01,3.085102795451272861e+00,4.109194696292269633e+00,3.984265465927883110e+00
2.017390558184341103e+02,-8.676106598953559796e+02,1.247445751266051062e+01,2.978796108320268843e+01,-1.260901665917969794e+01,3.085102795451272861e+00,4.109194696292269633e+00,3.984265465927883110e+00
2.049600735839613606e+02,-8.679075501448025989e+02,1.278296779220563728e+01,3.221017765527261645e+01,-2.968902494465856634e+00,3.085102795451272861e+00,4.109194696292269633e+00,3.984265465927883110e+00
2.081191649581296872e+02,-8.672123947983411654e+02,1.309147807175076395e+01,3.159091374168330546e+01,6.951553464614486977e+00,3.085102795451272861e+00,4.109194696292269633e+00,3.984265465927883110e+00
2.109180293581301555e+02,-8.655908346432840972e+02,1.339998835129589061e+01,2.798864400000456953e+01,1.621560155057088792e+01,3.085102795451272861e+00,4.109194696292269633e+00,3.984265465927883110e+00
2.130923810185840352e+02,-8.631959872321240255e+02,1.370849863084101727e+01,2.174351660453879731e+01,2.394847411160081663e+01,3.085102795451272861e+00,4.109194696292269633e+00,3.984265465927883110e+00
2.144369044576889962e+02,-8.602539885938244879e+02,1.401700891038614394e+01,1.344523439104963458e+01,2.941998638299489599e+01,3.085102795451272861e+00,4.109194696292269633e+00,3.984265465927883110e+00
2.148246416112482109e+02,-8.570426400973500449e+02,1.432551918993127060e+01,3.877371535592232910e+00,3.211348496474414560e+01,3.085102795451272861e+00,4.109194696292269633e+00,3.984265465927883110e+00
2.142189799837102271e+02,-8.538651767601915026e+02,1.463402946947639727e+01,-6.056616275379778536e+00,3.177463337158548384e+01,3.085102795451272861e+00,4.109194696292269633e+00,3.984265465927883110e+00
2.126771098222318415e+02,-8.510216339574186577e+02,1.494253974902152393e+01,-1.541870161478382251e+01,2.843542802772857669e+01,3.085102795451272861e+00,4.109194696292269633e+00,3.984265465927883110e+00
2.103446238664044472e+02,-8.487805162603918916e+02,1.525105002856665060e+01,-2.332485955827388935e+01,2.241117697026794175e+01,3.085102795451272861e+00,4.109194696292269633e+00,3.984265465927883110e+00
2.074417695980534688e+02,-8.473534436053475929e+02,1.555956030811177726e+01,-2.902854268350974820e+01,1.427072655044310423e+01,3.085102795451272861e+00,4.109194696292269633e+00,3.984265465927883110e+00
2.042426521371317847e+02,-8.468751688545141860e+02,1.586807058765690392e+01,-3.199117460921679168e+01,4.782747508333660136e+00,3.085102795451272861e+00,4.109194696292269633e+00,3.984265465927883110e+00
2.010493515725125633e+02,-8.473908536129289359e+02,1.617658086720203059e+01,-3.193300564619223891e+01,-5.156847584147084440e+00,3.085102795451272861e+00,4.109194696292269633e+00,3.984265465927883110e+00
1.981633987264123107e+02,-8.488518037955650470e+02,1.648509114674715903e+01,-2.885952846100265035e+01,-1.460950182636105410e+01,3.085102795451272861e+00,4.109194696292269633e+00,3.984265465927883110e+00
1.958573027839056238e+02,-8.511200676184068925e+02,1.679360142629228747e+01,-2.306095942506694030e+01,-2.268263822841790045e+01,3.085102795451272861e+00,4.109194696292269633e+00,3.984265465927883110e+00
1.943488193215763431e+02,-8.539814618432451425e+02,1.710211170583741591e+01,-1.508483462329272662e+01,-2.861394224838265643e+01,3.085102795451272861e+00,4.109194696292269633e+00,3.984265465927883110e+00
1.937803885042294496e+02,-8.571657962590923034e+02,1.741062198538254435e+01,-5.684308173468870073e+00,-3.184334415847217414e+01,3.085102795451272861e+00,4.109194696292269633e+00,3.984265465927883110e+00
1.942056850199374765e+02,-8.603723866819223076e+02,1.771913226492767279e+01,4.252965157080404346e+00,-3.206590422830033305e+01,3.085102795451272861e+00,4.109194696292269633e+00,3.984265465927883110e+00
1.955845497901946146e+02,-8.632984473804386880e+02,1.802764254447280123e+01,1.378864770257135852e+01,-2.926060698516424452e+01,3.085102795451272861e+00,4.109194696292269633e+00,3.984265465927883110e+00
1.977867820338693718e+02,-8.656676819426925249e+02,1.833615282401792967e+01,2.202232243674754386e+01,-2.369234562253798160e+01,3.085102795451272861e+00,4.109194696292269633e+00,3.984265465927883110e+00
2.006044336152602909e+02,-8.672563728603803384e+02,1.864466310356305812e+01,2.817651581390924420e+01,-1.588690917687865678e+01,3.085102795451272861e+00,4.109194696292269633e+00,3.984265465927883110e+00
2.037714447692861199e+02,-8.679145062939138597e+02,1.895317338310818656e+01,3.167011154025833974e+01,-6.581334335335383479e+00,3.085102795451272861e+00,4.109194696292269633e+00,3.984265465927883110e+00
2.069887670794517760e+02,-8.675799372897173498e+02,1.926168366265331500e+01,3.217322310165653221e+01,3.345690041964959782e+00,3.085102795451272861e+00,4.109194696292269633e+00,3.984265465927883110e+00
2.099526014445174837e+02,-8.662842578839558882e+02,1.957019394219844344e+01,2.963834365065704901e+01,1.295679405761416803e+01,3.085102795451272861e+00,4.109194696292269633e+00,3.984265465927883110e+00
2.123830846336575746e+02,-8.641498139907213272e+02,1.987870422174357188e+01,2.430483189140078437e+01,2.134443893234526612e+01,3.085102795451272861e+00,4.109194696292269633e+00,3.984265465927883110e+00
2.140507156714471932e+02,-8.613781527582003719e+02,2.018721450128870032e+01,1.667631037789610815e+01,2.771661232520929019e+01,3.085102795451272861e+00,4.109194696292269633e+00,3.984265465927883110e+00
2.147980267130020309e+02,-8.582309912635787441e+02,2.049572478083382876e+01,7.473110415548248397e+00,3.147161494621611055e+01,3.085102795451272861e+00,4.109194696292269633e+00,3.984265465927883110e+00
2.145544521137009042e+02,-8.550055035980258253e+02,2.080423506037895720e+01,-2.435745993011309896e+00,3.225487665552913796e+01,3.085102795451272861e+00,4.109194696292269633e+00,3.984265465927883110e+00
2.133429916656749015e+02,-8.520062598851995972e+02,2.111274533992408564e+01,-1.211460448025999348e+01,2.999243712826174502e+01,3.085102795451272861e+00,4.109194696292269633e+00,3.984265465927883110e+00
2.112780388178287012e+02,-8.495164669214714195e+02,2.142125561946921408e+01,-2.064952847846187112e+01,2.489792963728231712e+01,3.085102795451272861e+00,4.109194696292269633e+00,3.984265465927883110e+00
2.085545789520421636e+02,-8.477712260711849694e+02,2.172976589901434252e+01,-2.723459865786537648e+01,1.745240850286476686e+01,3.085102795451272861e+00,4.109194696292269633e+00,3.984265465927883110e+00
2.054297776798781285e+02,-8.469353335688016386e+02,2.203827617855947096e+01,-3.124801272164046395e+01,8.358925023833194246e+00,3.085102795451272861e+00,4.109194696292269633e+00,3.984265465927883110e+00
2.021986977045779668e+02,-8.470877194581515823e+02,2.234678645810459940e+01,-3.231079975300163198e+01,-1.523858893499933753e+00,3.085102795451272861e+00,4.109194696292269633e+00,3.984265465927883110e+00
1.991664372096306295e+02,-8.482139945386005593e+02,2.265529673764972785e+01,-3.032260494947334095e+01,-1.126275080449016208e+01,3.085102795451272861e+00,4.109194696292269633e+00,3.984265465927883110e+00
1.966193206363826391e+02,-8.502078090807142416e+02,2.296380701719485629e+01,-2.547116573247992832e+01,-1.993814542113706878e+01,3.085102795451272861e+00,4.109194696292269633e+00,3.984265465927883110e+00
1.947978621923352591e+02,-8.528808950132399787e+02,2.327231729673998473e+01,-1.821458444047379643e+01,-2.673085932525774311e+01,3.085102795451272861e+00,4.109194696292269633e+00,3.984265465927883110e+00
1.938740550397833431e+02,-8.559808433371564433e+02,2.358082757628511317e+01,-9.238071525519110594e+00,-3.099948323916483872e+01,3.085102795451272861e+00,4.109194696292269633e+00,3.984265465927883110e+00
1.939351306574560851e+02,-8.592149381154498542e+02,2.388933785583024161e+01,6.107561767273956832e-01,-3.234094778293391670e+01,3.085102795451272861e+00,4.109194696292269633e+00,3.984265465927883110e+00
1.949753219148120138e+02,-8.622777964886331574e+02,2.419784813537537005e+01,1.040191257355941268e+01,-3.062858373183284399e+01,3.085102795451272861e+00,4.109194696292269633e+00,3.984265465927883110e+00
1.968964076395104996e+02,-8.648802047779718123e+02,2.450635841492049849e+01,1.921085724698492925e+01,-2.602408289338618630e+01,3.085102795451272861e+00,4.109194696292269633e+00,3.984265465927883110e+00
1.995169872566933975e+02,-8.667764277965179645e+02,2.481486869446562693e+01,2.620579617182911036e+01,-1.896223018546119832e+01,3.085102795451272861e+00,4.109194696292269633e+00,3.984265465927883110e+00
2.025896097323403069e+02,-8.677874126570416138e+02,2.512337897401075537e+01,3.072622475646920392e+01,-1.010984860523677753e+01,3.085102795451272861e+00,4.109194696292269633e+00,3.984265465927883110e+00
2.058241394018952803e+02,-8.678176960324700531e+02,2.543188925355588381e+01,3.234529669554964926e+01,-3.028337542839135699e-01,3.085102795451272861e+00,4.109194696292269633e+00,3.984265465927883110e+00
2.089151523407986133e+02,-8.668644183826792187e+02,2.574039953310101225e+01,3.091012938903346097e+01,9.532776497908619362e+00,3.085102795451272861e+00,4.109194696292269633e+00,3.984265465927883110e+00
2.115707763453260668e+02,-8.650175939696295018e+02,2.604890981264614069e+01,2.655624004527451021e+01,1.846824413049674263e+01,3.085102795451272861e+00,4.109194696292269633e+00,3.984265465927883110e+00
2.135402512776894355e+02,-8.624516111643771410e+02,2.635742009219126913e+01,1.969474932363355535e+01,2.565982805252413712e+01,3.085102795451272861e+00,4.109194696292269633e+00,3.984265465927883110e+00
2.146376073603268537e+02,-8.594087656385646596e+02,2.666593037173639757e+01,1.097356082637424279e+01,3.042845525812530383e+01,3.085102795451272861e+00,4.109194696292269633e+00,3.984265465927883110e+00
2.147592255711118128e+02,-8.561763813364025282e+02,2.697444065128152602e+01,1.216182107849607341e+00,3.232384302162129330e+01,3.085102795451272861e+00,4.109194696292269633e+00,3.984265465927883110e+00
2.138936219803757979e+02,-8.530596796038391858e+02,2.728295093082665446e+01,-8.656035907360093873e+00,3.116701732563386784e+01,3.085102795451272861e+00,4.109194696292269633e+00,3.984265465927883110e+00
2.121225321332535430e+02,-8.503529583364237396e+02,2.759146121037178290e+01,-1.771089847122251015e+01,2.706721267415463217e+01,3.085102795451272861e+00,4.109194696292269633e+00,3.984265465927883110e+00
2.096131930833876140e+02,-8.483118025856598479e+02,2.789997148991691134e+01,-2.509339049865920757e+01,2.041155750763936538e+01,3.085102795451272861e+00,4.109194696292269633e+00,3.984265465927883110e+00
2.066025518552170865e+02,-8.471289506670756282e+02,2.820848176946203978e+01,-3.010641228170541339e+01,1.182851918584258932e+01,3.085102795451272861e+00,4.109194696292269633e+00,3.984265465927883110e+00
2.033748914676933168e+02,-8.469160946385759416e+02,2.851699204900716822e+01,-3.227660387523758345e+01,2.128560284997179863e+00,3.085102795451272861e+00,4.109194696292269633e+00,3.984265465927883110e+00
2.002349872060709970e+02,-8.476933336583791743e+02,2.882550232855229666e+01,-3.139904261622315573e+01,-7.772390198032456787e+00,3.085102795451272861e+00,4.109194696292269633e+00,3.984265465927883110e+00
1.974793278895292872e+02,-8.493872761004992071e+02,2.913401260809742510e+01,-2.755659316541715853e+01,-1.693942442120019010e+01,3.085102795451272861e+00,4.109194696292269633e+00,3.984265465927883110e+00
1.953681195972176567e+02,-8.518379696375480989e+02,2.944252288764255354e+01,-2.111208292311632206e+01,-2.450693537048909221e+01,3.085102795451272861e+00,4.109194696292269633e+00,3.984265465927883110e+00
1.941007154308466909e+02,-8.548140049103774345e+02,2.975103316718768198e+01,-1.267404166370954144e+01,-2.976035272829312106e+01,3.085102795451272861e+00,4.109194696292269633e+00,3.984265465927883110e+00
1.937967913847780892e+02,-8.580343666043925168e+02,3.005954344673281042e+01,-3.039240460686149170e+00,-3.220361694015125664e+01,3.085102795451272861e+00,4.109194696292269633e+00,3.984265465927883110e+00
1.944850458122197097e+02,-8.611949686212819870e+02,3.036805372627793886e+01,6.882544274416266816e+00,-3.160602016889454546e+01,3.085102795451272861e+00,4.109194696292269633e+00,3.984265465927883110e+00
1.961004895525206848e+02,-8.639973677341816938e+02,3.067656400582306730e+01,1.615443740300975861e+01,-2.802399112899710332e+01,3.085102795451272861e+00,4.109194696292269633e+00,3.984265465927883110e+00
1.984905826021954454e+02,-8.661769444086658041e+02,3.098507428536819575e+01,2.390093049674763037e+01,-2.179576674484079746e+01,3.085102795451272861e+00,4.109194696292269633e+00,3.984265465927883110e+00
2.014296378679501913e+02,-8.675278897853920625e+02,3.129358456491332419e+01,2.939055265754742408e+01,-1.350945376726243197e+01,3.085102795451272861e+00,4.109194696292269633e+00,3.984265465927883110e+00
2.046401319119219693e+02,-8.679226394018331803e+02,3.160209484445845263e+01,3.210494043971785061e+01,-3.947496164410824182e+00,3.085102795451272861e+00,4.109194696292269633e+00,3.984265465927883110e+00
2.078189103992117168e+02,-8.673239186031275949e+02,3.191060512400358107e+01,3.178778487289744348e+01,5.987207987055519709e+00,3.085102795451272861e+00,4.109194696292269633e+00,3.984265465927883110e+00
2.106658137702914075e+02,-8.657882622412439559e+02,3.221911540354870596e+01,2.846903371079703149e+01,1.535656361883644472e+01,3.085102795451272861e+00,4.109194696292269633e+00,3.984265465927883110e+00
2.129120201285429630e+02,-8.634606763110989505e+02,3.252762568309383084e+01,2.246206358251564694e+01,2.327585930144993398e+01,3.085102795451272861e+00,4.109194696292269633e+00,3.984265465927883110e+00
2.143454290354496266e+02,-8.605609456043506498e+02,3.283613596263895573e+01,1.433408906906675284e+01,2.899730706748352205e+01,3.085102795451272861e+00,4.109194696292269633e+00,3.984265465927883110e+00
2.148306893214219144e+02,-8.573628802953056720e+02,3.314464624218408062e+01,4.852602859722857431e+00,3.198065309044952187e+01,3.085102795451272861e+00,4.109194696292269633e+00,3.984265465927883110e+00
2.143219797647936105e+02,-8.541684611222706280e+02,3.345315652172920551e+01,-5.087095566283095671e+00,3.194419173035016257e+01,3.085102795451272861e+00,4.109194696292269633e+00,3.984265465927883110e+00
2.128673358097001653e+02,-8.512793245332584320e+02,3.376166680127433040e+01,-1.454643955093436780e+01,2.889136589012158751e+01,3.085102795451272861e+00,4.109194696292269633e+00,3.984265465927883110e+00
2.106041137678747930e+02,-8.489682803416743582e+02,3.407017708081945528e+01,-2.263222041825381936e+01,2.311044191584064222e+01,3.085102795451272861e+00,4.109194696292269633e+00,3.984265465927883110e+00
2.077460208019601566e+02,-8.474535513678152938e+02,3.437868736036458017e+01,-2.858092965914624628e+01,1.514728973859031491e+01,3.085102795451272861e+00,4.109194696292269633e+00,3.984265465927883110e+00
2.045629353980380358e+02,-8.468781675155943276e+02,3.468719763990970506e+01,-3.183085403922117962e+01,5.753838522209827389e+00,3.085102795451272861e+00,4.109194696292269633e+00,3.984265465927883110e+00
2.013554238008472623e+02,-8.472964600208407546e+02,3.499570791945482995e+01,-3.207511597190784158e+01,-4.182925052464056215e+00,3.085102795451272861e+00,4.109194696292269633e+00,3.984265465927883110e+00
1.984263587245587814e+02,-8.486689311662298678e+02,3.530421819899995484e+01,-2.929065076288486580e+01,-1.372471145389152447e+01,3.085102795451272861e+00,4.109194696292269633e+00,3.984265465927883110e+00
1.960523202727070213e+02,-8.508659838954987435e+02,3.561272847854507972e+01,-2.374038451851770404e+01,-2.197052729268904159e+01,3.085102795451272861e+00,4.109194696292269633e+00,3.984265465927883110e+00
1.944574795660100790e+02,-8.536801591541351399e+02,3.592123875809020461e+01,-1.594840706696948374e+01,-2.814175258636367616e+01,3.085102795451272861e+00,4.109194696292269633e+00,3.984265465927883110e+00
1.937924311444629666e+02,-8.568457254325529675e+02,3.622974903763532950e+01,-6.650484215471048621e+00,-3.165566278417874813e+01,3.085102795451272861e+00,4.109194696292269633e+00,3.984265465927883110e+00
1.941199729167827002e+02,-8.600637707481823782e+02,3.653825931718045439e+01,3.275417723197328268e+00,-3.218045315629402126e+01,3.085102795451272861e+00,4.109194696292269633e+00,3.984265465927883110e+00
1.954091764006923029e+02,-8.630304277292191273e+02,3.684676959672557928e+01,1.289203483909614611e+01,-2.966656981036736340e+01,3.085102795451272861e+00,4.109194696292269633e+00,3.984265465927883110e+00
1.975383071779492070e+02,-8.654655666163046135e+02,3.715527987627070416e+01,2.129130777256910534e+01,-2.435138887085513559e+01,3.085102795451272861e+00,4.109194696292269633e+00,3.984265465927883110e+00
2.003063197970272142e+02,-8.671392468147546424e+02,3.746379015581582905e+01,2.768012619078009351e+01,-1.673680198449986989e+01,3.085102795451272861e+00,4.109194696292269633e+00,3.984265465927883110e+00
2.034518417049684729e+02,-8.678934292812176636e+02,3.777230043536095394e+01,3.145521907941267870e+01,-7.541824664630004449e+00,3.085102795451272861e+00,4.109194696292269633e+00,3.984265465927883110e+00
2.066778536303300484e+02,-8.676568995294240949e+02,3.808081071490607883e+01,3.226011925361581945e+01,2.365297517936094440e+00,3.085102795451272861e+00,4.109194696292269633e+00,3.984265465927883110e+00
2.096797359456605818e+02,-8.664519921342420048e+02,3.838932099445120372e+01,3.001882315330540862e+01,1.204907395182070040e+01,3.085102795451272861e+00,4.109194696292269633e+00,3.984265465927883110e+00
2.121740327017244567e+02,-8.643924817655504285e+02,3.869783127399632860e+01,2.494296756063877751e+01,2.059510368691526239e+01,3.085102795451272861e+00,4.109194696292269633e+00,3.984265465927883110e+00
2.139252172587681287e+02,-8.616728398933123572e+02,3.900634155354145349e+01,1.751184557043661627e+01,2.719641872238049629e+01,3.085102795451272861e+00,4.109194696292269633e+00,3.984265465927883110e+00
2.147679321414606477e+02,-8.585498716109650559e+02,3.931485183308657838e+01,8.427148826925327185e+00,3.122968282347292757e+01,3.085102795451272861e+00,4.109194696292269633e+00,3.984265465927883110e+00
2.146226030954121597e+02,-8.553184665397253639e+02,3.962336211263170327e+01,-1.453290460484768731e+00,3.231405071239650084e+01,3.085102795451272861e+00,4.109194696292269633e+00,3.984265465927883110e+00
2.135029529712783471e+02,-8.522837535606141728e+02,3.993187239217682816e+01,-1.119650124133816504e+01,3.034712979111174391e+01,3.085102795451272861e+00,4.109194696292269633e+00,3.984265465927883110e+00
2.115147059299056309e+02,-8.497322886934189228e+02,4.024038267172195305e+01,-1.988247041372702029e+01,2.551464867195193520e+01,3.085102795451272861e+00,4.109194696292269633e+00,3.984265465927883110e+00
2.088456043253327152e+02,-8.479049967379489772e+02,4.054889295126707793e+01,-2.669101604572914965e+01,1.827291955469891604e+01,3.085102795451272861e+00,4.109194696292269633e+00,3.984265465927883110e+00
2.057476809321512974e+02,-8.469744216920563531e+02,4.085740323081220282e+01,-3.097923393181419982e+01,9.305750458925949431e+00,3.085102795451272861e+00,4.109194696292269633e+00,3.984265465927883110e+00
2.025134604811240990e+02,-8.470284341000397035e+02,4.116591351035732771e+01,-3.234220451027191956e+01,-5.401240798331220505e-01,3.085102795451272861e+00,4.109194696292269633e+00,3.984265465927883110e+00
1.994483376985204757e+02,-8.480619337824890636e+02,4.147442378990245260e+01,-3.065122782603613771e+01,-1.033499682449379442e+01,3.085102795451272861e+00,4.109194696292269633e+00,3.984265465927883110e+00
1.968417400823571199e+02,-8.499773314261834685e+02,4.178293406944757749e+01,-2.606597616163355724e+01,-1.915397643694436880e+01,3.085102795451272861e+00,4.109194696292269633e+00,3.984265465927883110e+00
1.949397984012493055e+02,-8.525937635593991217e+02,4.209144434899270237e+01,-1.901941681107827620e+01,-2.616432133215654332e+01,3.085102795451272861e+00,4.109194696292269633e+00,3.984265465927883110e+00
1.939221055332575361e+02,-8.556641707787264295e+02,4.239995462853782726e+01,-1.017692867991771344e+01,-3.070407219327327653e+01,3.085102795451272861e+00,4.109194696292269633e+00,3.984265465927883110e+00
1.938847582162364915e+02,-8.588986265975574952e+02,4.270846490808295215e+01,-3.734731702103141759e-01,-3.234455818831047225e+01,3.085102795451272861e+00,4.109194696292269633e+00,3.984265465927883110e+00
1.948312830105525109e+02,-8.619917140647662563e+02,4.301697518762807704e+01,9.465247943160278510e+00,-3.093087467208725982e+01,3.085102795451272861e+00,4.109194696292269633e+00,3.984265465927883110e+00
1.966723032998480107e+02,-8.646513650870737138e+02,4.332548546717320193e+01,1.841020289295507339e+01,-2.659651022307433621e+01,3.085102795451272861e+00,4.109194696292269633e+00,3.984265465927883110e+00
1.992339787736620451e+02,-8.666264392712294011e+02,4.363399574671832681e+01,2.561675473814036863e+01,-1.975074184155703705e+01,3.085102795451272861e+00,4.109194696292269633e+00,3.984265465927883110e+00
2.022744204847313370e+02,-8.677304381243305897e+02,4.394250602626345170e+01,3.040441711069284025e+01,-1.103998853101203359e+01,3.085102795451272861e+00,4.109194696292269633e+00,3.984265465927883110e+00
2.055065314716242426e+02,-8.678591153735428634e+02,4.425101630580857659e+01,3.232110986892909210e+01,-1.286772492122592260e+00,3.085102795451272861e+00,4.109194696292269633e+00,3.984265465927883110e+00
2.086251161964791550e+02,-8.670003205319419521e+02,4.455952658535370148e+01,3.118584724854907009e+01,8.587948416009110630e+00,3.085102795451272861e+00,4.109194696292269633e+00,3.984265465927883110e+00
2.113356989601851978e+02,-8.652351462212410524e+02,4.486803686489882637e+01,2.710582763706054621e+01,1.765174310700882288e+01,3.085102795451272861e+00,4.109194696292269633e+00,3.984265465927883110e+00
2.133823300853202909e+02,-8.627302709142273898e+02,4.517654714444395125e+01,2.046631125135084162e+01,2.504875307013702113e+01,3.085102795451272861e+00,4.109194696292269633e+00,3.984265465927883110e+00
2.145717542382733427e+02,-8.597222201416454936e+02,4.548505742398907614e+01,1.189424152953057146e+01,3.008050772581904297e+01,3.085102795451272861e+00,4.109194696292269633e+00,3.984265465927883110e+00
2.147916587708778309e+02,-8.564950323159064283e+02,4.579356770353420103e+01,2.199045326044881676e+00,3.227187825739104454e+01,3.085102795451272861e+00,4.109194696292269633e+00,3.984265465927883110e+00
2.140212789623742822e+02,-8.533534381001127258e+02,4.610207798307932592e+01,-7.703798085035479026e+00,3.141594215793746514e+01,3.085102795451272861e+00,4.109194696292269633e+00,3.984265465927883110e+00
2.123333587503834679e+02,-8.505940858891741527e+02,4.641058826262445081e+01,-1.687920211990803310e+01,2.759352210938576633e+01,3.085102795451272861e+00,4.109194696292269633e+00,3.984265465927883110e+00
2.098872818067703747e+02,-8.484775304677446002e+02,4.671909854216957569e+01,-2.446076943613106636e+01,2.116555421429604777e+01,3.085102795451272861e+00,4.109194696292269633e+00,3.984265465927883110e+00
2.069140215639091309e+02,-8.472036298459222508e+02,4.702760882171470058e+01,-2.973260242861238467e+01,1.273900621822369317e+01,3.085102795451272861e+00,4.109194696292269633e+00,3.984265465927883110e+00
2.036943313012207000e+02,-8.468926734528250790e+02,4.733611910125982547e+01,-3.219690262688432369e+01,3.109563930971412482e+00,3.085102795451272861e+00,4.109194696292269633e+00,3.984265465927883110e+00
2.005322337163951829e+02,-8.475740236785528623e+02,4.764462938080495036e+01,-3.162097584825511731e+01,-6.813502257278231333e+00,3.085102795451272861e+00,4.109194696292269633e+00,3.984265465927883110e+00
1.977263132568990898e+02,-8.491833432990881647e+02,4.795313966035007525e+01,-2.805920459496106290e+01,-1.609319620535289985e+01,3.085102795451272861e+00,4.109194696292269633e+00,3.984265465927883110e+00
1.955415219640780151e+02,-8.515686705875061762e+02,4.826164993989520013e+01,-2.184791292821088504e+01,-2.385327288418058345e+01,3.085102795451272861e+00,4.109194696292269633e+00,3.984265465927883110e+00
1.941841610931895445e+02,-8.545047684626185855e+02,4.857016021944032502e+01,-1.357360870888456716e+01,-2.936097875112411870e+01,3.085102795451272861e+00,4.109194696292269633e+00,3.984265465927883110e+00
1.937824008966610165e+02,-8.577143927413378606e+02,4.887867049898544991e+01,-4.017601965285202859e+00,-3.209624278719248025e+01,3.085102795451272861e+00,4.109194696292269633e+00,3.984265465927883110e+00
1.943741780108790351e+02,-8.608944712172793743e+02,4.918718077853057480e+01,5.917771142180234811e+00,-3.180078475941510163e+01,3.085102795451272861e+00,4.109194696292269633e+00,3.984265465927883110e+00
1.959036132487115935e+02,-8.637447215780958913e+02,4.949569105807569969e+01,1.529435237832570671e+01,-2.850250360816522388e+01,3.085102795451272861e+00,4.109194696292269633e+00,3.984265465927883110e+00
1.982262880515362724e+02,-8.659960058840825923e+02,4.980420133762082457e+01,2.322674802824674245e+01,-2.251284305986707324e+01,3.085102795451272861e+00,4.109194696292269633e+00,3.984265465927883110e+00
2.011228813661465153e+02,-8.674357442060751282e+02,5.011271161716594946e+01,2.896593314610255376e+01,-1.439738321992529002e+01,3.085102795451272861e+00,4.109194696292269633e+00,3.984265465927883110e+00
2.043198792698448187e+02,-8.679279877126929250e+02,5.042122189671107435e+01,3.196997903698304810e+01,-4.922435066177453855e+00,3.085102795451272861e+00,4.109194696292269633e+00,3.984265465927883110e+00
2.075154018152164781e+02,-8.674262557841891521e+02,5.072973217625619924e+01,3.195522545371656165e+01,5.017319285037988408e+00,3.085102795451272861e+00,4.109194696292269633e+00,3.984265465927883110e+00
2.104077083671352284e+02,-8.659779249946984692e+02,5.103824245580132413e+01,2.892306551918738577e+01,1.448330789490655945e+01,3.085102795451272861e+00,4.109194696292269633e+00,3.984265465927883110e+00
2.127236897850569335e+02,-8.637197555285378030e+02,5.134675273534644901e+01,2.315981417921695140e+01,2.258169466160612160e+01,3.085102795451272861e+00,4.109194696292269633e+00,3.984265465927883110e+00
2.142446570458055533e+02,-8.608649774534871995e+02,5.165526301489157390e+01,1.520967260748615502e+01,2.854778075050588271e+01,3.085102795451272861e+00,4.109194696292269633e+00,3.984265465927883110e+00
2.148269911885543877e+02,-8.576831562435120304e+02,5.196377329443669879e+01,5.823341427488418098e+00,3.181821209975139553e+01,3.085102795451272861e+00,4.109194696292269633e+00,3.984265465927883110e+00
2.144157046888551577e+02,-8.544747387704852599e+02,5.227228357398182368e+01,-4.112864996992409594e+00,3.208417473026824496e+01,3.085102795451272861e+00,4.109194696292269633e+00,3.984265465927883110e+00
2.130496337144631980e+02,-8.515426832868727161e+02,5.258079385352694857e+01,-1.366070974391957371e+01,2.932055483612562696e+01,3.085102795451272861e+00,4.109194696292269633e+00,3.984265465927883110e+00
2.108577709786477783e+02,-8.491638522686197348e+02,5.288930413307207345e+01,-2.191862735815411156e+01,2.378831018252971674e+01,3.085102795451272861e+00,4.109194696292269633e+00,3.984265465927883110e+00
2.080470854652367620e+02,-8.475628693796543303e+02,5.319781441261719834e+01,-2.810685513411018732e+01,1.600982888965440409e+01,3.085102795451272861e+00,4.109194696292269633e+00,3.984265465927883110e+00
2.048829791608896187e+02,-8.468909091421035100e+02,5.350632469216232323e+01,-3.164106304347131271e+01,6.719602375508755721e+00,3.085102795451272861e+00,4.109194696292269633e+00,3.984265465927883110e+00
2.016642261885627363e+02,-8.472114221203050874e+02,5.381483497170744812e+01,-3.218752972326869610e+01,-3.205129782015534001e+00,3.085102795451272861e+00,4.109194696292269633e+00,3.984265465927883110e+00
1.986947607413010815e+02,-8.484941435333865911e+02,5.412334525125257301e+01,-2.969465447261659463e+01,-1.282721413081500472e+01,3.085102795451272861e+00,4.109194696292269633e+00,3.984265465927883110e+00
1.962549777708911449e+02,-8.506179510395783154e+02,5.443185553079769790e+01,-2.439782970409923024e+01,-2.123807506191750960e+01,3.085102795451272861e+00,4.109194696292269633e+00,3.984265465927883110e+00
1.945752563945537190e+02,-8.533823018429196736e+02,5.474036581034282278e+01,-1.679721376337429817e+01,-2.764350803341315910e+01,3.085102795451272861e+00,4.109194696292269633e+00,3.984265465927883110e+00
1.938142061003255208e+02,-8.565261691613212633e+02,5.504887608988794767e+01,-7.610502942282070471e+00,-3.143867318401628808e+01,3.085102795451272861e+00,4.109194696292269633e+00,3.984265465927883110e+00
1.940436898764605473e+02,-8.597526899597277179e+02,5.535738636943307256e+01,2.294837761350213334e+00,-3.226520798406466639e+01,3.085102795451272861e+00,4.109194696292269633e+00,3.984265465927883110e+00
1.952420384718804485e+02,-8.627571965598059478e+02,5.566589664897819745e+01,1.198348595419909302e+01,-3.004506600078259027e+01,3.085102795451272861e+00,4.109194696292269633e+00,3.984265465927883110e+00
1.972960965383908274e+02,-8.652559852114254682e+02,5.597440692852332234e+01,2.054058066510368974e+01,-2.498788651619495127e+01,3.085102795451272861e+00,4.109194696292269633e+00,3.984265465927883110e+00
2.000119074454954102e+02,-8.670131051227890566e+02,5.628291720806844722e+01,2.715810907104582483e+01,-1.757119911363614051e+01,3.085102795451272861e+00,4.109194696292269633e+00,3.984265465927883110e+00
2.031330278427382723e+02,-8.678626383663842034e+02,5.659142748761357211e+01,3.121120397242860278e+01,-8.495332435951283401e+00,3.085102795451272861e+00,4.109194696292269633e+00,3.984265465927883110e+00
2.063647425974305065e+02,-8.677243668567980421e+02,5.689993776715869700e+01,3.231714754692227842e+01,1.382715095861958954e+00,3.085102795451272861e+00,4.109194696292269633e+00,3.984265465927883110e+00
2.094018935863599324e+02,-8.666113470292551710e+02,5.720844804670382189e+01,3.037150988929431961e+01,1.113019827542916218e+01,3.085102795451272861e+00,4.109194696292269633e+00,3.984265465927883110e+00
2.119576945780536334e+02,-8.646286769717528387e+02,5.751695832624894678e+01,2.555800991693699942e+01,1.982670057502303962e+01,3.085102795451272861e+00,4.109194696292269633e+00,3.984265465927883110e+00
2.137908113295074486e+02,-8.619635724256612548e+02,5.782546860579407166e+01,1.833116751453804838e+01,2.665104546091604831e+01,3.085102795451272861e+00,4.109194696292269633e+00,3.984265465927883110e+00
2.147281498302768341e+02,-8.588676887390486172e+02,5.813397888533919655e+01,9.373385007693853410e+00,3.095883686612610930e+01,3.085102795451272861e+00,4.109194696292269633e+00,3.984265465927883110e+00
2.146812008896004613e+02,-8.556333580412027686e+02,5.844248916488432144e+01,-4.694894067637291890e-01,3.234330697845854985e+01,3.085102795451272861e+00,4.109194696292269633e+00,3.984265465927883110e+00
2.136543977114307609e+02,-8.525659854685668506e+02,5.875099944442944633e+01,-1.026803178169709518e+01,3.067372572635947847e+01,3.085102795451272861e+00,4.109194696292269633e+00,3.984265465927883110e+00
2.117446972844077493e+02,-8.499552109579882426e+02,5.905950972397457122e+01,-1.909700427023003400e+01,2.610774510578584540e+01,3.085102795451272861e+00,4.109194696292269633e+00,3.984265465927883110e+00
2.091324251144758364e+02,-8.480475596858061635e+02,5.936802000351969610e+01,-2.612272169931913979e+01,1.907651272182077662e+01,3.085102795451272861e+00,4.109194696292269633e+00,3.984265465927883110e+00
2.060642477960608971e+02,-8.470231636643268303e+02,5.967653028306482099e+01,-3.068177318414948473e+01,1.024396021479361707e+01,3.085102795451272861e+00,4.109194696292269633e+00,3.984265465927883110e+00
2.028298812549915340e+02,-8.469787525838444253e+02,5.998504056260994588e+01,-3.234366541069375245e+01,4.441108048242338180e-01,3.085102795451272861e+00,4.109194696292269633e+00,3.984265465927883110e+00
1.997347340122456103e+02,-8.479185200081474250e+02,6.029355084215507077e+01,-3.095147242745921901e+01,-9.397674243029536356e+00,3.085102795451272861e+00,4.109194696292269633e+00,3.984265465927883110e+00
1.970710686576109083e+02,-8.497537273927711112e+02,6.029355084215507077e+01,-2.663665354634714433e+01,-1.835207384623713267e+01,0.000000000000000000e+00,4.109194696292269633e+00,3.984265465927883110e+00
1.944074033029762063e+02,-8.515889347773947975e+02,6.029355084215507077e+01,-2.663665354634714433e+01,-1.835207384623713267e+01,0.000000000000000000e+00,4.109194696292269633e+00,3.984265465927883110e+00
1.917437379483415043e+02,-8.534241421620184838e+02,6.029355084215507077e+01,-2.663665354634714433e+01,-1.835207384623713267e+01,0.000000000000000000e+00,4.109194696292269633e+00,3.984265465927883110e+00
1.890800725937068023e+02,-8.552593495466421700e+02,6.029355084215507077e+01,-2.663665354634714433e+01,-1.835207384623713267e+01,0.000000000000000000e+00,4.109194696292269633e+00,3.984265465927883110e+00
1.864164072390721003e+02,-8.570945569312658563e+02,6.029355084215507077e+01,-2.663665354634714433e+01,-1.835207384623713267e+01,0.000000000000000000e+00,4.109194696292269633e+00,3.984265465927883110e+00
1.837527418844373983e+02,-8.589297643158895426e+02,6.029355084215507077e+01,-2.663665354634714433e+01,-1.835207384623713267e+01,0.000000000000000000e+00,4.109194696292269633e+00,3.984265465927883110e+00
1.810890765298026963e+02,-8.607649717005132288e+02,6.029355084215507077e+01,-2.663665354634714433e+01,-1.835207384623713267e+01,0.000000000000000000e+00,4.109194696292269633e+00,3.984265465927883110e+00
1.784254111751679943e+02,-8.626001790851369151e+02,6.029355084215507077e+01,-2.663665354634714433e+01,-1.835207384623713267e+01,0.000000000000000000e+00,4.109194696292269633e+00,3.984265465927883110e+00
1.757617458205332923e+02,-8.644353864697606014e+02,6.029355084215507077e+01,-2.663665354634714433e+01,-1.835207384623713267e+01,0.000000000000000000e+00,4.109194696292269633e+00,3.984265465927883110e+00
1.730980804658985903e+02,-8.662705938543842876e+02,6.029355084215507077e+01,-2.663665354634714433e+01,-1.835207384623713267e+01,0.000000000000000000e+00,4.109194696292269633e+00,3.984265465927883110e+00
1.704344151112638883e+02,-8.681058012390079739e+02,6.029355084215507077e+01,-2.663665354634714433e+01,-1.835207384623713267e+01,0.000000000000000000e+00,4.109194696292269633e+00,3.984265465927883110e+00
1.677707497566291863e+02,-8.699410086236316602e+02,6.029355084215507077e+01,-2.663665354634714433e+01,-1.835207384623713267e+01,0.000000000000000000e+00,4.109194696292269633e+00,3.984265465927883110e+00
1.651070844019944843e+02,-8.717762160082553464e+02,6.029355084215507077e+01,-2.663665354634714433e+01,-1.835207384623713267e+01,0.000000000000000000e+00,4.109194696292269633e+00,3.984265465927883110e+00
1.624434190473597823e+02,-8.736114233928790327e+02,6.029355084215507077e+01,-2.663665354634714433e+01,-1.835207384623713267e+01,0.000000000000000000e+00,4.109194696292269633e+00,3.984265465927883110e+00
1.597797536927250803e+02,-8.754466307775027190e+02,6.029355084215507077e+01,-2.663665354634714433e+01,-1.835207384623713267e+01,0.000000000000000000e+00,4.109194696292269633e+00,3.984265465927883110e+00
1.571160883380903783e+02,-8.772818381621264052e+02,6.029355084215507077e+01,-2.663665354634714433e+01,-1.835207384623713267e+01,0.000000000000000000e+00,4.109194696292269633e+00,3.984265465927883110e+00
1.544524229834556763e+02,-8.791170455467500915e+02,6.029355084215507077e+01,-2.663665354634714433e+01,-1.835207384623713267e+01,0.000000000000000000e+00,4.109194696292269633e+00,3.984265465927883110e+00
1.517887576288209743e+02,-8.809522529313737778e+02,6.029355084215507077e+01,-2.663665354634714433e+01,-1.835207384623713267e+01,0.000000000000000000e+00,4.109194696292269633e+00,3.984265465927883110e+00
1.491250922741862723e+02,-8.827874603159974640e+02,6.029355084215507077e+01,-2.663665354634714433e+01,-1.835207384623713267e+01,0.000000000000000000e+00,4.109194696292269633e+00,3.984265465927883110e+00
1.464614269195515703e+02,-8.846226677006211503e+02,6.029355084215507077e+01,-2.663665354634714433e+01,-1.835207384623713267e+01,0.000000000000000000e+00,4.109194696292269633e+00,3.984265465927883110e+00
1.437977615649168683e+02,-8.864578750852448366e+02,6.029355084215507077e+01,-2.663665354634714433e+01,-1.835207384623713267e+01,0.000000000000000000e+00,4.109194696292269633e+00,3.984265465927883110e+00
1.411340962102821663e+02,-8.882930824698685228e+02,6.029355084215507077e+01,-2.663665354634714433e+01,-1.835207384623713267e+01,0.000000000000000000e+00,4.109194696292269633e+00,3.984265465927883110e+00
1.384704308556474643e+02,-8.901282898544922091e+02,6.029355084215507077e+01,-2.663665354634714433e+01,-1.835207384623713267e+01,0.000000000000000000e+00,4.109194696292269633e+00,3.984265465927883110e+00
1.358067655010127623e+02,-8.919634972391158954e+02,6.029355084215507077e+01,-2.663665354634714433e+01,-1.835207384623713267e+01,0.000000000000000000e+00,4.109194696292269633e+00,3.984265465927883110e+00
1.331431001463780603e+02,-8.937987046237395816e+02,6.029355084215507077e+01,-2.663665354634714433e+01,-1.835207384623713267e+01,0.000000000000000000e+00,4.109194696292269633e+00,3.984265465927883110e+00
1.304794347917433583e+02,-8.956339120083632679e+02,6.029355084215507077e+01,-2.663665354634714433e+01,-1.835207384623713267e+01,0.000000000000000000e+00,4.109194696292269633e+00,3.984265465927883110e+00
1.278157694371086421e+02,-8.974691193929869542e+02,6.029355084215507077e+01,-2.663665354634714433e+01,-1.835207384623713267e+01,0.000000000000000000e+00,4.109194696292269633e+00,3.984265465927883110e+00
1.251521040824739259e+02,-8.993043267776106404e+02,6.029355084215507077e+01,-2.663665354634714433e+01,-1.835207384623713267e+01,0.000000000000000000e+00,4.109194696292269633e+00,3.984265465927883110e+00
1.224884387278392097e+02,-9.011395341622343267e+02,6.029355084215507077e+01,-2.663665354634714433e+01,-1.835207384623713267e+01,0.000000000000000000e+00,4.109194696292269633e+00,3.984265465927883110e+00
1.198247733732044935e+02,-9.029747415468580130e+02,6.029355084215507077e+01,-2.663665354634714433e+01,-1.835207384623713267e+01,0.000000000000000000e+00,4.109194696292269633e+00,3.984265465927883110e+00
1.171611080185697773e+02,-9.048099489314816992e+02,6.029355084215507077e+01,-2.663665354634714433e+01,-1.835207384623713267e+01,0.000000000000000000e+00,4.109194696292269633e+00,3.984265465927883110e+00
1.144974426639350611e+02,-9.066451563161053855e+02,6.029355084215507077e+01,-2.663665354634714433e+01,-1.835207384623713267e+01,0.000000000000000000e+00,4.109194696292269633e+00,3.984265465927883110e+00
1.118337773093003449e+02,-9.084803637007290718e+02,6.029355084215507077e+01,-2.663665354634714433e+01,-1.835207384623713267e+01,0.000000000000000000e+00,4.109194696292269633e+00,3.984265465927883110e+00
1.091701119546656287e+02,-9.103155710853527580e+02,6.029355084215507077e+01,-2.663665354634714433e+01,-1.835207384623713267e+01,0.000000000000000000e+00,4.109194696292269633e+00,3.984265465927883110e+00
1.065064466000309125e+02,-9.121507784699764443e+02,6.029355084215507077e+01,-2.663665354634714433e+01,-1.835207384623713267e+01,0.000000000000000000e+00,4.109194696292269633e+00,3.984265465927883110e+00
1.038427812453961963e+02,-9.139859858546001306e+02,6.029355084215507077e+01,-2.663665354634714433e+01,-1.835207384623713267e+01,0.000000000000000000e+00,4.109194696292269633e+00,3.984265465927883110e+00
1.011791158907614800e+02,-9.158211932392238168e+02,6.029355084215507077e+01,-2.663665354634714433e+01,-1.835207384623713267e+01,0.000000000000000000e+00,4.109194696292269633e+00,3.984265465927883110e+00
9.851545053612676384e+01,-9.176564006238475031e+02,6.029355084215507077e+01,-2.663665354634714433e+01,-1.835207384623713267e+01,0.000000000000000000e+00,4.109194696292269633e+00,3.984265465927883110e+00
9.585178518149204763e+01,-9.194916080084711894e+02,6.029355084215507077e+01,-2.663665354634714433e+01,-1.835207384623713267e+01,0.000000000000000000e+00,4.109194696292269633e+00,3.984265465927883110e+00
9.318811982685733142e+01,-9.213268153930948756e+02,6.029355084215507077e+01,-2.663665354634714433e+01,-1.835207384623713267e+01,0.000000000000000000e+00,4.109194696292269633e+00,3.984265465927883110e+00
9.052445447222261521e+01,-9.231620227777185619e+02,6.029355084215507077e+01,-2.663665354634714433e+01,-1.835207384623713267e+01,0.000000000000000000e+00,4.109194696292269633e+00,3.984265465927883110e+00
8.786078911758789900e+01,-9.249972301623422481e+02,6.029355084215507077e+01,-2.663665354634714433e+01,-1.835207384623713267e+01,0.000000000000000000e+00,4.109194696292269633e+00,3.984265465927883110e+00
8.519712376295318279e+01,-9.268324375469659344e+02,6.029355084215507077e+01,-2.663665354634714433e+01,-1.835207384623713267e+01,0.000000000000000000e+00,4.109194696292269633e+00,3.984265465927883110e+00
8.253345840831846658e+01,-9.286676449315896207e+02,6.029355084215507077e+01,-2.663665354634714433e+01,-1.835207384623713267e+01,0.000000000000000000e+00,4.109194696292269633e+00,3.984265465927883110e+00
7.986979305368375037e+01,-9.305028523162133069e+02,6.029355084215507077e+01,-2.663665354634714433e+01,-1.835207384623713267e+01,0.000000000000000000e+00,4.109194696292269633e+00,3.984265465927883110e+00
7.720612769904903416e+01,-9.323380597008369932e+02,6.029355084215507077e+01,-2.663665354634714433e+01,-1.835207384623713267e+01,0.000000000000000000e+00,4.109194696292269633e+00,3.984265465927883110e+00
7.454246234441431795e+01,-9.341732670854606795e+02,6.029355084215507077e+01,-2.663665354634714433e+01,-1.835207384623713267e+01,0.000000000000000000e+00,4.109194696292269633e+00,3.984265465927883110e+00
7.187879698977960174e+01,-9.360084744700843657e+02,6.029355084215507077e+01,-2.663665354634714433e+01,-1.835207384623713267e+01,0.000000000000000000e+00,4.109194696292269633e+00,3.984265465927883110e+00
6.921513163514488554e+01,-9.378436818547080520e+02,6.029355084215507077e+01,-2.663665354634714433e+01,-1.835207384623713267e+01,0.000000000000000000e+00,4.109194696292269633e+00,3.984265465927883110e+00
6.655146628051016933e+01,-9.396788892393317383e+02,6.029355084215507077e+01,-2.663665354634714433e+01,-1.835207384623713267e+01,0.000000000000000000e+00,4.109194696292269633e+00,3.984265465927883110e+00
6.388780092587545312e+01,-9.415140966239554245e+02,6.029355084215507077e+01,-2.663665354634714433e+01,-1.835207384623713267e+01,0.000000000000000000e+00,4.109194696292269633e+00,3.984265465927883110e+00
6.122413557124073691e+01,-9.433493040085791108e+02,6.029355084215507077e+01,-2.663665354634714433e+01,-1.835207384623713267e+01,0.000000000000000000e+00,4.109194696292269633e+00,3.984265465927883110e+00
5.856047021660602070e+01,-9.451845113932027971e+02,6.029355084215507077e+01,-2.663665354634714433e+01,-1.835207384623713267e+01,0.000000000000000000e+00,4.109194696292269633e+00,3.984265465927883110e+00
5.589680486197130449e+01,-9.470197187778264833e+02,6.029355084215507077e+01,-2.663665354634714433e+01,-1.835207384623713267e+01,0.000000000000000000e+00,4.109194696292269633e+00,3.984265465927883110e+00
5.323313950733658828e+01,-9.488549261624501696e+02,6.029355084215507077e+01,-2.663665354634714433e+01,-1.835207384623713267e+01,0.000000000000000000e+00,4.109194696292269633e+00,3.984265465927883110e+00
5.056947415270187207e+01,-9.506901335470738559e+02,6.029355084215507077e+01,-2.663665354634714433e+01,-1.835207384623713267e+01,0.000000000000000000e+00,4.109194696292269633e+00,3.984265465927883110e+00
4.790580879806715586e+01,-9.525253409316975421e+02,6.029355084215507077e+01,-2.663665354634714433e+01,-1.835207384623713267e+01,0.000000000000000000e+00,4.109194696292269633e+00,3.984265465927883110e+00
4.524214344343243965e+01,-9.543605483163212284e+02,6.029355084215507077e+01,-2.663665354634714433e+01,-1.835207384623713267e+01,0.000000000000000000e+00,4.109194696292269633e+00,3.984265465927883110e+00
4.257847808879772344e+01,-9.561957557009449147e+02,6.029355084215507077e+01,-2.663665354634714433e+01,-1.835207384623713267e+01,0.000000000000000000e+00,4.109194696292269633e+00,3.984265465927883110e+00
3.991481273416300724e+01,-9.580309630855686009e+02,6.029355084215507077e+01,-2.663665354634714433e+01,-1.835207384623713267e+01,0.000000000000000000e+00,4.109194696292269633e+00,3.984265465927883110e+00
3.725114737952829103e+01,-9.598661704701922872e+02,6.029355084215507077e+01,-2.663665354634714433e+01,-1.835207384623713267e+01,0.000000000000000000e+00,4.109194696292269633e+00,3.984265465927883110e+00
3.458748202489357482e+01,-9.617013778548159735e+02,6.029355084215507077e+01,-2.663665354634714433e+01,-1.835207384623713267e+01,0.000000000000000000e+00,4.109194696292269633e+00,3.984265465927883110e+00
3.192381667025885861e+01,-9.635365852394396597e+02,6.029355084215507077e+01,-2.663665354634714433e+01,-1.835207384623713267e+01,0.000000000000000000e+00,4.109194696292269633e+00,3.984265465927883110e+00
2.926015131562414240e+01,-9.653717926240633460e+02,6.029355084215507077e+01,-2.663665354634714433e+01,-1.835207384623713267e+01,0.000000000000000000e+00,4.109194696292269633e+00,3.984265465927883110e+00
2.659648596098942619e+01,-9.672070000086870323e+02,6.029355084215507077e+01,-2.663665354634714433e+01,-1.835207384623713267e+01,0.000000000000000000e+00,4.109194696292269633e+00,3.984265465927883110e+00
2.393282060635470998e+01,-9.690422073933107185e+02,6.029355084215507077e+01,-2.663665354634714433e+01,-1.835207384623713267e+01,0.000000000000000000e+00,4.109194696292269633e+00,3.984265465927883110e+00
2.126915525171999377e+01,-9.708774147779344048e+02,6.029355084215507077e+01,-2.663665354634714433e+01,-1.835207384623713267e+01,0.000000000000000000e+00,4.109194696292269633e+00,3.984265465927883110e+00
1.860548989708527756e+01,-9.727126221625580911e+02,6.029355084215507077e+01,-2.663665354634714433e+01,-1.835207384623713267e+01,0.000000000000000000e+00,4.109194696292269633e+00,3.984265465927883110e+00
1.594182454245056313e+01,-9.745478295471817773e+02,6.029355084215507077e+01,-2.663665354634714433e+01,-1.835207384623713267e+01,0.000000000000000000e+00,4.109194696292269633e+00,3.984265465927883110e+00
1.327815918781584870e+01,-9.763830369318054636e+02,6.029355084215507077e+01,-2.663665354634714433e+01,-1.835207384623713267e+01,0.000000000000000000e+00,4.109194696292269633e+00,3.984265465927883110e+00
1.061449383318113426e+01,-9.782182443164291499e+02,6.029355084215507077e+01,-2.663665354634714433e+01,-1.835207384623713267e+01,0.000000000000000000e+00,4.109194696292269633e+00,3.984265465927883110e+00
7.950828478546419831e+00,-9.800534517010528361e+02,6.029355084215507077e+01,-2.663665354634714433e+01,-1.835207384623713267e+01,0.000000000000000000e+00,4.109194696292269633e+00,3.984265465927883110e+00
5.287163123911705398e+00,-9.818886590856765224e+02,6.029355084215507077e+01,-2.663665354634714433e+01,-1.835207384623713267e+01,0.000000000000000000e+00,4.109194696292269633e+00,3.984265465927883110e+00
2.623497769276990965e+00,-9.837238664703002087e+02,6.029355084215507077e+01,-2.663665354634714433e+01,-1.835207384623713267e+01,0.000000000000000000e+00,4.109194696292269633e+00,3.984265465927883110e+00
-4.016758535772346761e-02,-9.855590738549238949e+02,6.029355084215507077e+01,-2.663665354634714433e+01,-1.835207384623713267e+01,0.000000000000000000e+00,4.109194696292269633e+00,3.984265465927883110e+00
-2.703832939992437900e+00,-9.873942812395475812e+02,6.029355084215507077e+01,-2.663665354634714433e+01,-1.835207384623713267e+01,0.000000000000000000e+00,4.109194696292269633e+00,3.984265465927883110e+00
-5.367498294627152333e+00,-9.892294886241712675e+02,6.029355084215507077e+01,-2.663665354634714433e+01,-1.835207384623713267e+01,0.000000000000000000e+00,4.109194696292269633e+00,3.984265465927883110e+00
-8.031163649261866766e+00,-9.910646960087949537e+02,6.029355084215507077e+01,-2.663665354634714433e+01,-1.835207384623713267e+01,0.000000000000000000e+00,4.109194696292269633e+00,3.984265465927883110e+00
-1.069482900389658120e+01,-9.928999033934186400e+02,6.029355084215507077e+01,-2.663665354634714433e+01,-1.835207384623713267e+01,0.000000000000000000e+00,4.109194696292269633e+00,3.984265465927883110e+00
-1.335849435853129563e+01,-9.947351107780423263e+02,6.029355084215507077e+01,-2.663665354634714433e+01,-1.835207384623713267e+01,0.000000000000000000e+00,4.109194696292269633e+00,3.984265465927883110e+00
-1.602215971316601184e+01,-9.965703181626660125e+02,6.029355084215507077e+01,-2.663665354634714433e+01,-1.835207384623713267e+01,0.000000000000000000e+00,4.109194696292269633e+00,3.984265465927883110e+00
-1.868582506780072805e+01,-9.984055255472896988e+02,6.029355084215507077e+01,-2.663665354634714433e+01,-1.835207384623713267e+01,0.000000000000000000e+00,4.109194696292269633e+00,3.984265465927883110e+00
-2.134949042243544426e+01,-1.000240732931913385e+03,6.029355084215507077e+01,-2.663665354634714433e+01,-1.835207384623713267e+01,0.000000000000000000e+00,4.109194696292269633e+00,3.984265465927883110e+00
-2.401315577707016047e+01,-1.002075940316537071e+03,6.029355084215507077e+01,-2.663665354634714433e+01,-1.835207384623713267e+01,0.000000000000000000e+00,4.109194696292269633e+00,3.984265465927883110e+00
-2.667682113170487668e+01,-1.003911147701160758e+03,6.029355084215507077e+01,-2.663665354634714433e+01,-1.835207384623713267e+01,0.000000000000000000e+00,4.109194696292269633e+00,3.984265465927883110e+00
-2.934048648633959289e+01,-1.005746355085784444e+03,6.029355084215507077e+01,-2.663665354634714433e+01,-1.835207384623713267e+01,0.000000000000000000e+00,4.109194696292269633e+00,3.984265465927883110e+00
-3.200415184097430910e+01,-1.007581562470408130e+03,6.029355084215507077e+01,-2.663665354634714433e+01,-1.835207384623713267e+01,0.000000000000000000e+00,4.109194696292269633e+00,3.984265465927883110e+00
-3.466781719560902530e+01,-1.009416769855031816e+03,6.029355084215507077e+01,-2.663665354634714433e+01,-1.835207384623713267e+01,0.000000000000000000e+00,4.109194696292269633e+00,3.984265465927883110e+00
-3.733148255024374151e+01,-1.011251977239655503e+03,6.029355084215507077e+01,-2.663665354634714433e+01,-1.835207384623713267e+01,0.000000000000000000e+00,4.109194696292269633e+00,3.984265465927883110e+00
-3.999514790487845772e+01,-1.013087184624279189e+03,6.029355084215507077e+01,-2.663665354634714433e+01,-1.835207384623713267e+01,0.000000000000000000e+00,4.109194696292269633e+00,3.984265465927883110e+00
-4.265881325951317393e+01,-1.014922392008902875e+03,6.029355084215507077e+01,-2.663665354634714433e+01,-1.835207384623713267e+01,0.000000000000000000e+00,4.109194696292269633e+00,3.984265465927883110e+00
-4.532247861414789014e+01,-1.016757599393526561e+03,6.029355084215507077e+01,-2.663665354634714433e+01,-1.835207384623713267e+01,0.000000000000000000e+00,4.109194696292269633e+00,3.984265465927883110e+00
-4.798614396878260635e+01,-1.018592806778150248e+03,6.029355084215507077e+01,-2.663665354634714433e+01,-1.835207384623713267e+01,0.000000000000000000e+00,4.109194696292269633e+00,3.984265465927883110e+00
-5.064980932341732256e+01,-1.020428014162773934e+03,6.029355084215507077e+01,-2.663665354634714433e+01,-1.835207384623713267e+01,0.000000000000000000e+00,4.109194696292269633e+00,3.984265465927883110e+00
-5.331347467805203877e+01,-1.022263221547397620e+03,6.029355084215507077e+01,-2.663665354634714433e+01,-1.835207384623713267e+01,0.000000000000000000e+00,4.109194696292269633e+00,3.984265465927883110e+00
-5.597714003268675498e+01,-1.024098428932021307e+03,6.029355084215507077e+01,-2.663665354634714433e+01,-1.835207384623713267e+01,0.000000000000000000e+00,4.109194696292269633e+00,3.984265465927883110e+00
-5.864080538732147119e+01,-1.025933636316645106e+03,6.029355084215507077e+01,-2.663665354634714433e+01,-1.835207384623713267e+01,0.000000000000000000e+00,4.109194696292269633e+00,3.984265465927883110e+00
-6.130447074195618740e+01,-1.027768843701268906e+03,6.029355084215507077e+01,-2.663665354634714433e+01,-1.835207384623713267e+01,0.000000000000000000e+00,4.109194696292269633e+00,3.984265465927883110e+00
-6.396813609659090361e+01,-1.029604051085892706e+03,6.029355084215507077e+01,-2.663665354634714433e+01,-1.835207384623713267e+01,0.000000000000000000e+00,4.109194696292269633e+00,3.984265465927883110e+00
-6.663180145122561271e+01,-1.031439258470516506e+03,6.029355084215507077e+01,-2.663665354634714433e+01,-1.835207384623713267e+01,0.000000000000000000e+00,4.109194696292269633e+00,3.984265465927883110e+00
-6.929546680586032892e+01,-1.033274465855140306e+03,6.029355084215507077e+01,-2.663665354634714433e+01,-1.835207384623713267e+01,0.000000000000000000e+00,4.109194696292269633e+00,3.984265465927883110e+00
-7.195913216049504513e+01,-1.035109673239764106e+03,6.029355084215507077e+01,-2.663665354634714433e+01,-1.835207384623713267e+01,0.000000000000000000e+00,4.109194696292269633e+00,3.984265465927883110e+00
-7.462279751512976134e+01,-1.036944880624387906e+03,6.029355084215507077e+01,-2.663665354634714433e+01,-1.835207384623713267e+01,0.000000000000000000e+00,4.109194696292269633e+00,3.984265465927883110e+00
-7.728646286976447755e+01,-1.038780088009011706e+03,6.029355084215507077e+01,-2.663665354634714433e+01,-1.835207384623713267e+01,0.000000000000000000e+00,4.109194696292269633e+00,3.984265465927883110e+00
-7.995012822439919375e+01,-1.040615295393635506e+03,6.029355084215507077e+01,-2.663665354634714433e+01,-1.835207384623713267e+01,0.000000000000000000e+00,4.109194696292269633e+00,3.984265465927883110e+00
-8.261379357903390996e+01,-1.042450502778259306e+03,6.029355084215507077e+01,-2.663665354634714433e+01,-1.835207384623713267e+01,0.000000000000000000e+00,4.109194696292269633e+00,3.984265465927883110e+00
-8.527745893366862617e+01,-1.044285710162883106e+03,6.029355084215507077e+01,-2.663665354634714433e+01,-1.835207384623713267e+01,0.000000000000000000e+00,4.109194696292269633e+00,3.984265465927883110e+00
-8.794112428830334238e+01,-1.046120917547506906e+03,6.029355084215507077e+01,-2.663665354634714433e+01,-1.835207384623713267e+01,0.000000000000000000e+00,4.109194696292269633e+00,3.984265465927883110e+00
-9.060478964293805859e+01,-1.047956124932130706e+03,6.029355084215507077e+01,-2.663665354634714433e+01,-1.835207384623713267e+01,0.000000000000000000e+00,4.109194696292269633e+00,3.984265465927883110e+00
-9.326845499757277480e+01,-1.049791332316754506e+03,6.029355084215507077e+01,-2.663665354634714433e+01,-1.835207384623713267e+01,0.000000000000000000e+00,4.109194696292269633e+00,3.984265465927883110e+00
-9.593212035220749101e+01,-1.051626539701378306e+03,6.029355084215507077e+01,-2.663665354634714433e+01,-1.835207384623713267e+01,0.000000000000000000e+00,4.109194696292269633e+00,3.984265465927883110e+00
-9.859578570684220722e+01,-1.053461747086002106e+03,6.029355084215507077e+01,-2.663665354634714433e+01,-1.835207384623713267e+01,0.000000000000000000e+00,4.109194696292269633e+00,3.984265465927883110e+00
-1.012594510614769234e+02,-1.055296954470625906e+03,6.029355084215507077e+01,-2.663665354634714433e+01,-1.835207384623713267e+01,0.000000000000000000e+00,4.109194696292269633e+00,3.984265465927883110e+00
-1.039231164161116396e+02,-1.057132161855249706e+03,6.029355084215507077e+01,-2.663665354634714433e+01,-1.835207384623713267e+01,0.000000000000000000e+00,4.109194696292269633e+00,3.984265465927883110e+00
-1.065867817707463558e+02,-1.058967369239873506e+03,6.029355084215507077e+01,-2.663665354634714433e+01,-1.835207384623713267e+01,0.000000000000000000e+00,4.109194696292269633e+00,3.984265465927883110e+00
-1.092504471253810721e+02,-1.060802576624497306e+03,6.029355084215507077e+01,-2.663665354634714433e+01,-1.835207384623713267e+01,0.000000000000000000e+00,4.109194696292269633e+00,3.984265465927883110e+00
-1.119141124800157883e+02,-1.062637784009121106e+03,6.029355084215507077e+01,-2.663665354634714433e+01,-1.835207384623713267e+01,0.000000000000000000e+00,4.109194696292269633e+00,3.984265465927883110e+00
-1.145777778346505045e+02,-1.064472991393744906e+03,6.029355084215507077e+01,-2.663665354634714433e+01,-1.835207384623713267e+01,0.000000000000000000e+00,4.109194696292269633e+00,3.984265465927883110e+00
-1.172414431892852207e+02,-1.066308198778368705e+03,6.029355084215507077e+01,-2.663665354634714433e+01,-1.835207384623713267e+01,0.000000000000000000e+00,4.109194696292269633e+00,3.984265465927883110e+00
-1.199051085439199369e+02,-1.068143406162992505e+03,6.029355084215507077e+01,-2.663665354634714433e+01,-1.835207384623713267e+01,0.000000000000000000e+00,4.109194696292269633e+00,3.984265465927883110e+00
-1.225687738985546531e+02,-1.069978613547616305e+03,6.029355084215507077e+01,-2.663665354634714433e+01,-1.835207384623713267e+01,0.000000000000000000e+00,4.109194696292269633e+00,3.984265465927883110e+00
-1.252324392531893693e+02,-1.071813820932240105e+03,6.029355084215507077e+01,-2.663665354634714433e+01,-1.835207384623713267e+01,0.000000000000000000e+00,4.109194696292269633e+00,3.984265465927883110e+00
-1.278961046078240855e+02,-1.073649028316863905e+03,6.029355084215507077e+01,-2.663665354634714433e+01,-1.835207384623713267e+01,0.000000000000000000e+00,4.109194696292269633e+00,3.984265465927883110e+00
-1.305597699624588017e+02,-1.075484235701487705e+03,6.029355084215507077e+01,-2.663665354634714433e+01,-1.835207384623713267e+01,0.000000000000000000e+00,4.109194696292269633e+00,3.984265465927883110e+00
-1.332234353170935037e+02,-1.077319443086111505e+03,6.029355084215507077e+01,-2.663665354634714433e+01,-1.835207384623713267e+01,0.000000000000000000e+00,4.109194696292269633e+00,3.984265465927883110e+00
-1.358871006717282057e+02,-1.079154650470735305e+03,6.029355084215507077e+01,-2.663665354634714433e+01,-1.835207384623713267e+01,0.000000000000000000e+00,4.109194696292269633e+00,3.984265465927883110e+00
-1.385507660263629077e+02,-1.080989857855359105e+03,6.029355084215507077e+01,-2.663665354634714433e+01,-1.835207384623713267e+01,0.000000000000000000e+00,4.109194696292269633e+00,3.984265465927883110e+00
-1.412144313809976097e+02,-1.082825065239982905e+03,6.029355084215507077e+01,-2.663665354634714433e+01,-1.835207384623713267e+01,0.000000000000000000e+00,4.109194696292269633e+00,3.984265465927883110e+00
-1.438780967356323117e+02,-1.084660272624606705e+03,6.029355084215507077e+01,-2.663665354634714433e+01,-1.835207384623713267e+01,0.000000000000000000e+00,4.109194696292269633e+00,3.984265465927883110e+00
-1.465417620902670137e+02,-1.086495480009230505e+03,6.029355084215507077e+01,-2.663665354634714433e+01,-1.835207384623713267e+01,0.000000000000000000e+00,4.109194696292269633e+00,3.984265465927883110e+00
-1.492054274449017157e+02,-1.088330687393854305e+03,6.029355084215507077e+01,-2.663665354634714433e+01,-1.835207384623713267e+01,0.000000000000000000e+00,4.109194696292269633e+00,3.984265465927883110e+00
-1.518690927995364177e+02,-1.090165894778478105e+03,6.029355084215507077e+01,-2.663665354634714433e+01,-1.835207384623713267e+01,0.000000000000000000e+00,4.109194696292269633e+00,3.984265465927883110e+00
-1.545327581541711197e+02,-1.092001102163101905e+03,6.029355084215507077e+01,-2.663665354634714433e+01,-1.835207384623713267e+01,0.000000000000000000e+00,4.109194696292269633e+00,3.984265465927883110e+00
-1.571964235088058217e+02,-1.093836309547725705e+03,6.029355084215507077e+01,-2.663665354634714433e+01,-1.835207384623713267e+01,0.000000000000000000e+00,4.109194696292269633e+00,3.984265465927883110e+00
-1.598600888634405237e+02,-1.095671516932349505e+03,6.029355084215507077e+01,-2.663665354634714433e+01,-1.835207384623713267e+01,0.000000000000000000e+00,4.109194696292269633e+00,3.984265465927883110e+00
-1.625237542180752257e+02,-1.097506724316973305e+03,6.029355084215507077e+01,-2.663665354634714433e+01,-1.835207384623713267e+01,0.000000000000000000e+00,4.109194696292269633e+00,3.984265465927883110e+00
-1.651874195727099277e+02,-1.099341931701597105e+03,6.029355084215507077e+01,-2.663665354634714433e+01,-1.835207384623713267e+01,0.000000000000000000e+00,4.109194696292269633e+00,3.984265465927883110e+00
-1.678510849273446297e+02,-1.101177139086220905e+03,6.029355084215507077e+01,-2.663665354634714433e+01,-1.835207384623713267e+01,0.000000000000000000e+00,4.109194696292269633e+00,3.984265465927883110e+00
-1.705147502819793317e+02,-1.103012346470844705e+03,6.029355084215507077e+01,-2.663665354634714433e+01,-1.835207384623713267e+01,0.000000000000000000e+00,4.109194696292269633e+00,3.984265465927883110e+00
-1.731784156366140337e+02,-1.104847553855468504e+03,6.029355084215507077e+01,-2.663665354634714433e+01,-1.835207384623713267e+01,0.000000000000000000e+00,4.109194696292269633e+00,3.984265465927883110e+00
-1.758420809912487357e+02,-1.106682761240092304e+03,6.029355084215507077e+01,-2.663665354634714433e+01,-1.835207384623713267e+01,0.000000000000000000e+00,4.109194696292269633e+00,3.984265465927883110e+00
-1.785057463458834377e+02,-1.108517968624716104e+03,6.029355084215507077e+01,-2.663665354634714433e+01,-1.835207384623713267e+01,0.000000000000000000e+00,4.109194696292269633e+00,3.984265465927883110e+00
-1.811694117005181397e+02,-1.110353176009339904e+03,6.029355084215507077e+01,-2.663665354634714433e+01,-1.835207384623713267e+01,0.000000000000000000e+00,4.109194696292269633e+00,3.984265465927883110e+00
-1.838330770551528417e+02,-1.112188383393963704e+03,6.029355084215507077e+01,-2.663665354634714433e+01,-1.835207384623713267e+01,0.000000000000000000e+00,4.109194696292269633e+00,3.984265465927883110e+00
-1.864967424097875437e+02,-1.114023590778587504e+03,6.029355084215507077e+01,-2.663665354634714433e+01,-1.835207384623713267e+01,0.000000000000000000e+00,4.109194696292269633e+00,3.984265465927883110e+00
-1.891604077644222457e+02,-1.115858798163211304e+03,6.029355084215507077e+01,-2.663665354634714433e+01,-1.835207384623713267e+01,0.000000000000000000e+00,4.109194696292269633e+00,3.984265465927883110e+00
-1.918240731190569477e+02,-1.117694005547835104e+03,6.029355084215507077e+01,-2.663665354634714433e+01,-1.835207384623713267e+01,0.000000000000000000e+00,4.109194696292269633e+00,3.984265465927883110e+00
-1.944877384736916497e+02,-1.119529212932458904e+03,6.029355084215507077e+01,-2.663665354634714433e+01,-1.835207384623713267e+01,0.000000000000000000e+00,4.109194696292269633e+00,3.984265465927883110e+00
-1.971514038283263517e+02,-1.121364420317082704e+03,6.029355084215507077e+01,-2.663665354634714433e+01,-1.835207384623713267e+01,0.000000000000000000e+00,4.109194696292269633e+00,3.984265465927883110e+00
-1.998150691829610537e+02,-1.123199627701706504e+03,6.029355084215507077e+01,-2.663665354634714433e+01,-1.835207384623713267e+01,0.000000000000000000e+00,4.109194696292269633e+00,3.984265465927883110e+00
-2.024787345375957557e+02,-1.125034835086330304e+03,6.029355084215507077e+01,-2.663665354634714433e+01,-1.835207384623713267e+01,0.000000000000000000e+00,4.109194696292269633e+00,3.984265465927883110e+00
-2.051423998922304577e+02,-1.126870042470954104e+03,6.029355084215507077e+01,-2.663665354634714433e+01,-1.835207384623713267e+01,0.000000000000000000e+00,4.109194696292269633e+00,3.984265465927883110e+00
-2.078060652468651597e+02,-1.128705249855577904e+03,6.029355084215507077e+01,-2.663665354634714433e+01,-1.835207384623713267e+01,0.000000000000000000e+00,4.109194696292269633e+00,3.984265465927883110e+00
-2.104697306014998617e+02,-1.130540457240201704e+03,6.029355084215507077e+01,-2.663665354634714433e+01,-1.835207384623713267e+01,0.000000000000000000e+00,4.109194696292269633e+00,3.984265465927883110e+00
-2.131333959561345637e+02,-1.132375664624825504e+03,6.029355084215507077e+01,-2.663665354634714433e+01,-1.835207384623713267e+01,0.000000000000000000e+00,4.109194696292269633e+00,3.984265465927883110e+00
-2.157970613107692657e+02,-1.134210872009449304e+03,6.029355084215507077e+01,-2.663665354634714433e+01,-1.835207384623713267e+01,0.000000000000000000e+00,4.109194696292269633e+00,3.984265465927883110e+00
-2.184607266654039677e+02,-1.136046079394073104e+03,6.029355084215507077e+01,-2.663665354634714433e+01,-1.835207384623713267e+01,0.000000000000000000e+00,4.109194696292269633e+00,3.984265465927883110e+00
-2.211243920200386697e+02,-1.137881286778696904e+03,6.029355084215507077e+01,-2.663665354634714433e+01,-1.835207384623713267e+01,0.000000000000000000e+00,4.109194696292269633e+00,3.984265465927883110e+00
-2.237880573746733717e+02,-1.139716494163320704e+03,6.029355084215507077e+01,-2.663665354634714433e+01,-1.835207384623713267e+01,0.000000000000000000e+00,4.109194696292269633e+00,3.984265465927883110e+00
-2.264517227293080737e+02,-1.141551701547944504e+03,6.029355084215507077e+01,-2.663665354634714433e+01,-1.835207384623713267e+01,0.000000000000000000e+00,4.109194696292269633e+00,3.984265465927883110e+00
-2.291153880839427757e+02,-1.143386908932568303e+03,6.029355084215507077e+01,-2.663665354634714433e+01,-1.835207384623713267e+01,0.000000000000000000e+00,4.109194696292269633e+00,3.984265465927883110e+00
-2.317790534385774777e+02,-1.145222116317192103e+03,6.029355084215507077e+01,-2.663665354634714433e+01,-1.835207384623713267e+01,0.000000000000000000e+00,4.109194696292269633e+00,3.984265465927883110e+00
-2.344427187932121797e+02,-1.147057323701815903e+03,6.029355084215507077e+01,-2.663665354634714433e+01,-1.835207384623713267e+01,0.000000000000000000e+00,4.109194696292269633e+00,3.984265465927883110e+00
-2.371063841478468817e+02,-1.148892531086439703e+03,6.029355084215507077e+01,-2.663665354634714433e+01,-1.835207384623713267e+01,0.000000000000000000e+00,4.109194696292269633e+00,3.984265465927883110e+00
-2.397700495024815837e+02,-1.150727738471063503e+03,6.029355084215507077e+01,-2.663665354634714433e+01,-1.835207384623713267e+01,0.000000000000000000e+00,4.109194696292269633e+00,3.984265465927883110e+00
-2.424337148571162857e+02,-1.152562945855687303e+03,6.029355084215507077e+01,-2.663665354634714433e+01,-1.835207384623713267e+01,0.000000000000000000e+00,4.109194696292269633e+00,3.984265465927883110e+00
-2.450973802117509877e+02,-1.154398153240311103e+03,6.029355084215507077e+01,-2.663665354634714433e+01,-1.835207384623713267e+01,0.000000000000000000e+00,4.109194696292269633e+00,3.984265465927883110e+00
-2.477610455663856897e+02,-1.156233360624934903e+03,6.029355084215507077e+01,-2.663665354634714433e+01,-1.835207384623713267e+01,0.000000000000000000e+00,4.109194696292269633e+00,3.984265465927883110e+00
-2.504247109210203917e+02,-1.158068568009558703e+03,6.029355084215507077e+01,-2.663665354634714433e+01,-1.835207384623713267e+01,0.000000000000000000e+00,4.109194696292269633e+00,3.984265465927883110e+00
-2.530883762756550937e+02,-1.159903775394182503e+03,6.029355084215507077e+01,-2.663665354634714433e+01,-1.835207384623713267e+01,0.000000000000000000e+00,4.109194696292269633e+00,3.984265465927883110e+00
-2.557520416302897956e+02,-1.161738982778806303e+03,6.029355084215507077e+01,-2.663665354634714433e+01,-1.835207384623713267e+01,0.000000000000000000e+00,4.109194696292269633e+00,3.984265465927883110e+00
-2.584157069849244976e+02,-1.163574190163430103e+03,6.029355084215507077e+01,-2.663665354634714433e+01,-1.835207384623713267e+01,0.000000000000000000e+00,4.109194696292269633e+00,3.984265465927883110e+00
-2.610793723395591996e+02,-1.165409397548053903e+03,6.029355084215507077e+01,-2.663665354634714433e+01,-1.835207384623713267e+01,0.000000000000000000e+00,4.109194696292269633e+00,3.984265465927883110e+00
-2.637430376941939016e+02,-1.167244604932677703e+03,6.029355084215507077e+01,-2.663665354634714433e+01,-1.835207384623713267e+01,0.000000000000000000e+00,4.109194696292269633e+00,3.984265465927883110e+00
-2.664067030488286036e+02,-1.169079812317301503e+03,6.029355084215507077e+01,-2.663665354634714433e+01,-1.835207384623713267e+01,0.000000000000000000e+00,4.109194696292269633e+00,3.984265465927883110e+00
-2.690703684034633056e+02,-1.170915019701925303e+03,6.029355084215507077e+01,-2.663665354634714433e+01,-1.835207384623713267e+01,0.000000000000000000e+00,4.109194696292269633e+00,3.984265465927883110e+00
-2.717340337580980076e+02,-1.172750227086549103e+03,6.029355084215507077e+01,-2.663665354634714433e+01,-1.835207384623713267e+01,0.000000000000000000e+00,4.109194696292269633e+00,3.984265465927883110e+00
-2.743976991127327096e+02,-1.174585434471172903e+03,6.029355084215507077e+01,-2.663665354634714433e+01,-1.835207384623713267e+01,0.000000000000000000e+00,4.109194696292269633e+00,3.984265465927883110e+00
-2.770613644673674116e+02,-1.176420641855796703e+03,6.029355084215507077e+01,-2.663665354634714433e+01,-1.835207384623713267e+01,0.000000000000000000e+00,4.109194696292269633e+00,3.984265465927883110e+00
-2.797250298220021136e+02,-1.178255849240420503e+03,6.029355084215507077e+01,-2.663665354634714433e+01,-1.835207384623713267e+01,0.000000000000000000e+00,4.109194696292269633e+00,3.984265465927883110e+00
-2.823886951766368156e+02,-1.180091056625044303e+03,6.029355084215507077e+01,-2.663665354634714433e+01,-1.835207384623713267e+01,0.000000000000000000e+00,4.109194696292269633e+00,3.984265465927883110e+00
-2.850523605312715176e+02,-1.181926264009668103e+03,6.029355084215507077e+01,-2.663665354634714433e+01,-1.835207384623713267e+01,0.000000000000000000e+00,4.109194696292269633e+00,3.984265465927883110e+00
-2.877160258859062196e+02,-1.183761471394291902e+03,6.029355084215507077e+01,-2.663665354634714433e+01,-1.835207384623713267e+01,0.000000000000000000e+00,4.109194696292269633e+00,3.984265465927883110e+00
-2.903796912405409216e+02,-1.185596678778915702e+03,6.029355084215507077e+01,-2.663665354634714433e+01,-1.835207384623713267e+01,0.000000000000000000e+00,4.109194696292269633e+00,3.984265465927883110e+00
-2.930433565951756236e+02,-1.187431886163539502e+03,6.029355084215507077e+01,-2.663665354634714433e+01,-1.835207384623713267e+01,0.000000000000000000e+00,4.109194696292269633e+00,3.984265465927883110e+00
-2.957070219498103256e+02,-1.189267093548163302e+03,6.029355084215507077e+01,-2.663665354634714433e+01,-1.835207384623713267e+01,0.000000000000000000e+00,4.109194696292269633e+00,3.984265465927883110e+00
-2.983706873044450276e+02,-1.191102300932787102e+03,6.029355084215507077e+01,-2.663665354634714433e+01,-1.835207384623713267e+01,0.000000000000000000e+00,4.109194696292269633e+00,3.984265465927883110e+00
-3.010343526590797296e+02,-1.192937508317410902e+03,6.029355084215507077e+01,-2.663665354634714433e+01,-1.835207384623713267e+01,0.000000000000000000e+00,4.109194696292269633e+00,3.984265465927883110e+00
-3.036980180137144316e+02,-1.194772715702034702e+03,6.029355084215507077e+01,-2.663665354634714433e+01,-1.835207384623713267e+01,0.000000000000000000e+00,4.109194696292269633e+00,3.984265465927883110e+00
-3.063616833683491336e+02,-1.196607923086658502e+03,6.029355084215507077e+01,-2.663665354634714433e+01,-1.835207384623713267e+01,0.000000000000000000e+00,4.109194696292269633e+00,3.984265465927883110e+00
-3.090253487229838356e+02,-1.198443130471282302e+03,6.029355084215507077e+01,-2.663665354634714433e+01,-1.835207384623713267e+01,0.000000000000000000e+00,4.109194696292269633e+00,3.984265465927883110e+00
-3.116890140776185376e+02,-1.200278337855906102e+03,6.029355084215507077e+01,-2.663665354634714433e+01,-1.835207384623713267e+01,0.000000000000000000e+00,4.109194696292269633e+00,3.984265465927883110e+00
-3.143526794322532396e+02,-1.202113545240529902e+03,6.029355084215507077e+01,-2.663665354634714433e+01,-1.835207384623713267e+01,0.000000000000000000e+00,4.109194696292269633e+00,3.984265465927883110e+00
-3.170163447868879416e+02,-1.203948752625153702e+03,6.029355084215507077e+01,-2.663665354634714433e+01,-1.835207384623713267e+01,0.000000000000000000e+00,4.109194696292269633e+00,3.984265465927883110e+00
-3.196800101415226436e+02,-1.205783960009777502e+03,6.029355084215507077e+01,-2.663665354634714433e+01,-1.835207384623713267e+01,0.000000000000000000e+00,4.109194696292269633e+00,3.984265465927883110e+00
-3.223436754961573456e+02,-1.207619167394401302e+03,6.029355084215507077e+01,-2.663665354634714433e+01,-1.835207384623713267e+01,0.000000000000000000e+00,4.109194696292269633e+00,3.984265465927883110e+00
-3.250073408507920476e+02,-1.209454374779025102e+03,6.029355084215507077e+01,-2.663665354634714433e+01,-1.835207384623713267e+01,0.000000000000000000e+00,4.109194696292269633e+00,3.984265465927883110e+00
-3.276710062054267496e+02,-1.211289582163648902e+03,6.029355084215507077e+01,-2.663665354634714433e+01,-1.835207384623713267e+01,0.000000000000000000e+00,4.109194696292269633e+00,3.984265465927883110e+00
-3.303346715600614516e+02,-1.213124789548272702e+03,6.029355084215507077e+01,-2.663665354634714433e+01,-1.835207384623713267e+01,0.000000000000000000e+00,4.109194696292269633e+00,3.984265465927883110e+00
-3.329983369146961536e+02,-1.214959996932896502e+03,6.029355084215507077e+01,-2.663665354634714433e+01,-1.835207384623713267e+01,0.000000000000000000e+00,4.109194696292269633e+00,3.984265465927883110e+00
-3.356620022693308556e+02,-1.216795204317520302e+03,6.029355084215507077e+01,-2.663665354634714433e+01,-1.835207384623713267e+01,0.000000000000000000e+00,4.109194696292269633e+00,3.984265465927883110e+00
-3.383256676239655576e+02,-1.218630411702144102e+03,6.029355084215507077e+01,-2.663665354634714433e+01,-1.835207384623713267e+01,0.000000000000000000e+00,4.109194696292269633e+00,3.984265465927883110e+00
-3.409893329786002596e+02,-1.220465619086767902e+03,6.029355084215507077e+01,-2.663665354634714433e+01,-1.835207384623713267e+01,0.000000000000000000e+00,4.109194696292269633e+00,3.984265465927883110e+00
-3.436529983332349616e+02,-1.222300826471391701e+03,6.029355084215507077e+01,-2.663665354634714433e+01,-1.835207384623713267e+01,0.000000000000000000e+00,4.109194696292269633e+00,3.984265465927883110e+00
-3.463166636878696636e+02,-1.224136033856015501e+03,6.029355084215507077e+01,-2.663665354634714433e+01,-1.835207384623713267e+01,0.000000000000000000e+00,4.109194696292269633e+00,3.984265465927883110e+00
-3.489803290425043656e+02,-1.225971241240639301e+03,6.029355084215507077e+01,-2.663665354634714433e+01,-1.835207384623713267e+01,0.000000000000000000e+00,4.109194696292269633e+00,3.984265465927883110e+00
-3.516439943971390676e+02,-1.227806448625263101e+03,6.029355084215507077e+01,-2.663665354634714433e+01,-1.835207384623713267e+01,0.000000000000000000e+00,4.109194696292269633e+00,3.984265465927883110e+00
-3.543076597517737696e+02,-1.229641656009886901e+03,6.029355084215507077e+01,-2.663665354634714433e+01,-1.835207384623713267e+01,0.000000000000000000e+00,4.109194696292269633e+00,3.984265465927883110e+00
-3.569713251064084716e+02,-1.231476863394510701e+03,6.029355084215507077e+01,-2.663665354634714433e+01,-1.835207384623713267e+01,0.000000000000000000e+00,4.109194696292269633e+00,3.984265465927883110e+00
-3.596349904610431736e+02,-1.233312070779134501e+03,6.029355084215507077e+01,-2.663665354634714433e+01,-1.835207384623713267e+01,0.000000000000000000e+00,4.109194696292269633e+00,3.984265465927883110e+00
-3.622986558156778756e+02,-1.235147278163758301e+03,6.029355084215507077e+01,-2.663665354634714433e+01,-1.835207384623713267e+01,0.000000000000000000e+00,4.109194696292269633e+00,3.984265465927883110e+00
-3.649623211703125776e+02,-1.236982485548382101e+03,6.029355084215507077e+01,-2.663665354634714433e+01,-1.835207384623713267e+01,0.000000000000000000e+00,4.109194696292269633e+00,3.984265465927883110e+00
-3.676259865249472796e+02,-1.238817692933005901e+03,6.029355084215507077e+01,-2.663665354634714433e+01,-1.835207384623713267e+01,0.000000000000000000e+00,4.109194696292269633e+00,3.984265465927883110e+00
-3.702896518795819816e+02,-1.240652900317629701e+03,6.029355084215507077e+01,-2.663665354634714433e+01,-1.835207384623713267e+01,0.000000000000000000e+00,4.109194696292269633e+00,3.984265465927883110e+00
-3.729533172342166836e+02,-1.242488107702253501e+03,6.029355084215507077e+01,-2.663665354634714433e+01,-1.835207384623713267e+01,0.000000000000000000e+00,4.109194696292269633e+00,3.984265465927883110e+00
-3.756169825888513856e+02,-1.244323315086877301e+03,6.029355084215507077e+01,-2.663665354634714433e+01,-1.835207384623713267e+01,0.000000000000000000e+00,4.109194696292269633e+00,3.984265465927883110e+00
-3.782806479434860876e+02,-1.246158522471501101e+03,6.029355084215507077e+01,-2.663665354634714433e+01,-1.835207384623713267e+01,0.000000000000000000e+00,4.109194696292269633e+00,3.984265465927883110e+00
-3.809443132981207896e+02,-1.247993729856124901e+03,6.029355084215507077e+01,-2.663665354634714433e+01,-1.835207384623713267e+01,0.000000000000000000e+00,4.109194696292269633e+00,3.984265465927883110e+00
-3.836079786527554916e+02,-1.249828937240748701e+03,6.029355084215507077e+01,-2.663665354634714433e+01,-1.835207384623713267e+01,0.000000000000000000e+00,4.109194696292269633e+00,3.984265465927883110e+00
-3.862716440073901936e+02,-1.251664144625372501e+03,6.029355084215507077e+01,-2.663665354634714433e+01,-1.835207384623713267e+01,0.000000000000000000e+00,4.109194696292269633e+00,3.984265465927883110e+00
-3.889353093620248956e+02,-1.253499352009996301e+03,6.029355084215507077e+01,-2.663665354634714433e+01,-1.835207384623713267e+01,0.000000000000000000e+00,4.109194696292269633e+00,3.984265465927883110e+00
-3.915989747166595976e+02,-1.255334559394620101e+03,6.029355084215507077e+01,-2.663665354634714433e+01,-1.835207384623713267e+01,0.000000000000000000e+00,4.109194696292269633e+00,3.984265465927883110e+00
-3.942626400712942996e+02,-1.257169766779243901e+03,6.029355084215507077e+01,-2.663665354634714433e+01,-1.835207384623713267e+01,0.000000000000000000e+00,4.109194696292269633e+00,3.984265465927883110e+00
-3.969263054259290016e+02,-1.259004974163867701e+03,6.029355084215507077e+01,-2.663665354634714433e+01,-1.835207384623713267e+01,0.000000000000000000e+00,4.109194696292269633e+00,3.984265465927883110e+00
-3.995899707805637036e+02,-1.260840181548491501e+03,6.029355084215507077e+01,-2.663665354634714433e+01,-1.835207384623713267e+01,0.000000000000000000e+00,4.109194696292269633e+00,3.984265465927883110e+00
-4.022536361351984056e+02,-1.262675388933115300e+03,6.029355084215507077e+01,-2.663665354634714433e+01,-1.835207384623713267e+01,0.000000000000000000e+00,4.109194696292269633e+00,3.984265465927883110e+00
-4.049173014898331076e+02,-1.264510596317739100e+03,6.029355084215507077e+01,-2.663665354634714433e+01,-1.835207384623713267e+01,0.000000000000000000e+00,4.109194696292269633e+00,3.984265465927883110e+00
-4.075809668444678096e+02,-1.266345803702362900e+03,6.029355084215507077e+01,-2.663665354634714433e+01,-1.835207384623713267e+01,0.000000000000000000e+00,4.109194696292269633e+00,3.984265465927883110e+00
-4.102446321991025115e+02,-1.268181011086986700e+03,6.029355084215507077e+01,-2.663665354634714433e+01,-1.835207384623713267e+01,0.000000000000000000e+00,4.109194696292269633e+00,3.984265465927883110e+00
-4.129082975537372135e+02,-1.270016218471610500e+03,6.029355084215507077e+01,-2.663665354634714433e+01,-1.835207384623713267e+01,0.000000000000000000e+00,4.109194696292269633e+00,3.984265465927883110e+00
-4.155719629083719155e+02,-1.271851425856234300e+03,6.029355084215507077e+01,-2.663665354634714433e+01,-1.835207384623713267e+01,0.000000000000000000e+00,4.109194696292269633e+00,3.984265465927883110e+00
-4.182356282630066175e+02,-1.273686633240858100e+03,6.029355084215507077e+01,-2.663665354634714433e+01,-1.835207384623713267e+01,0.000000000000000000e+00,4.109194696292269633e+00,3.984265465927883110e+00
-4.208992936176413195e+02,-1.275521840625481900e+03,6.029355084215507077e+01,-2.663665354634714433e+01,-1.835207384623713267e+01,0.000000000000000000e+00,4.109194696292269633e+00,3.984265465927883110e+00
-4.235629589722760215e+02,-1.277357048010105700e+03,6.029355084215507077e+01,-2.663665354634714433e+01,-1.835207384623713267e+01,0.000000000000000000e+00,4.109194696292269633e+00,3.984265465927883110e+00
-4.262266243269107235e+02,-1.279192255394729500e+03,6.029355084215507077e+01,-2.663665354634714433e+01,-1.835207384623713267e+01,0.000000000000000000e+00,4.109194696292269633e+00,3.984265465927883110e+00
-4.288902896815454255e+02,-1.281027462779353300e+03,6.029355084215507077e+01,-2.663665354634714433e+01,-1.835207384623713267e+01,0.000000000000000000e+00,4.109194696292269633e+00,3.984265465927883110e+00
-4.315539550361801275e+02,-1.282862670163977100e+03,6.029355084215507077e+01,-2.663665354634714433e+01,-1.835207384623713267e+01,0.000000000000000000e+00,4.109194696292269633e+00,3.984265465927883110e+00
-4.342176203908148295e+02,-1.284697877548600900e+03,6.029355084215507077e+01,-2.663665354634714433e+01,-1.835207384623713267e+01,0.000000000000000000e+00,4.109194696292269633e+00,3.984265465927883110e+00
-4.368812857454495315e+02,-1.286533084933224700e+03,6.029355084215507077e+01,-2.663665354634714433e+01,-1.835207384623713267e+01,0.000000000000000000e+00,4.109194696292269633e+00,3.984265465927883110e+00
-4.395449511000842335e+02,-1.288368292317848500e+03,6.029355084215507077e+01,-2.663665354634714433e+01,-1.835207384623713267e+01,0.000000000000000000e+00,4.109194696292269633e+00,3.984265465927883110e+00
-4.422086164547189355e+02,-1.290203499702472300e+03,6.029355084215507077e+01,-2.663665354634714433e+01,-1.835207384623713267e+01,0.000000000000000000e+00,4.109194696292269633e+00,3.984265465927883110e+00
-4.448722818093536375e+02,-1.292038707087096100e+03,6.029355084215507077e+01,-2.663665354634714433e+01,-1.835207384623713267e+01,0.000000000000000000e+00,4.109194696292269633e+00,3.984265465927883110e+00
-4.475359471639883395e+02,-1.293873914471719900e+03,6.029355084215507077e+01,-2.663665354634714433e+01,-1.835207384623713267e+01,0.000000000000000000e+00,4.109194696292269633e+00,3.984265465927883110e+00
-4.501996125186230415e+02,-1.295709121856343700e+03,6.029355084215507077e+01,-2.663665354634714433e+01,-1.835207384623713267e+01,0.000000000000000000e+00,4.109194696292269633e+00,3.984265465927883110e+00
-4.528632778732577435e+02,-1.297544329240967500e+03,6.029355084215507077e+01,-2.663665354634714433e+01,-1.835207384623713267e+01,0.000000000000000000e+00,4.109194696292269633e+00,3.984265465927883110e+00
-4.555269432278924455e+02,-1.299379536625591300e+03,6.029355084215507077e+01,-2.663665354634714433e+01,-1.835207384623713267e+01,0.000000000000000000e+00,4.109194696292269633e+00,3.984265465927883110e+00
-4.581906085825271475e+02,-1.301214744010215099e+03,6.029355084215507077e+01,-2.663665354634714433e+01,-1.835207384623713267e+01,0.000000000000000000e+00,4.109194696292269633e+00,3.984265465927883110e+00
-4.608542739371618495e+02,-1.303049951394838899e+03,6.029355084215507077e+01,-2.663665354634714433e+01,-1.835207384623713267e+01,0.000000000000000000e+00,4.109194696292269633e+00,3.984265465927883110e+00
-4.635179392917965515e+02,-1.304885158779462699e+03,6.029355084215507077e+01,-2.663665354634714433e+01,-1.835207384623713267e+01,0.000000000000000000e+00,4.109194696292269633e+00,3.984265465927883110e+00
-4.661816046464312535e+02,-1.306720366164086499e+03,6.029355084215507077e+01,-2.663665354634714433e+01,-1.835207384623713267e+01,0.000000000000000000e+00,4.109194696292269633e+00,3.984265465927883110e+00
-4.688452700010659555e+02,-1.308555573548710299e+03,6.029355084215507077e+01,-2.663665354634714433e+01,-1.835207384623713267e+01,0.000000000000000000e+00,4.109194696292269633e+00,3.984265465927883110e+00
-4.715089353557006575e+02,-1.310390780933334099e+03,6.029355084215507077e+01,-2.663665354634714433e+01,-1.835207384623713267e+01,0.000000000000000000e+00,4.109194696292269633e+00,3.984265465927883110e+00
-4.741726007103353595e+02,-1.312225988317957899e+03,6.029355084215507077e+01,-2.663665354634714433e+01,-1.835207384623713267e+01,0.000000000000000000e+00,4.109194696292269633e+00,3.984265465927883110e+00
-4.768362660649700615e+02,-1.314061195702581699e+03,6.029355084215507077e+01,-2.663665354634714433e+01,-1.835207384623713267e+01,0.000000000000000000e+00,4.109194696292269633e+00,3.984265465927883110e+00
-4.794999314196047635e+02,-1.315896403087205499e+03,6.029355084215507077e+01,-2.663665354634714433e+01,-1.835207384623713267e+01,0.000000000000000000e+00,4.109194696292269633e+00,3.984265465927883110e+00
-4.821635967742394655e+02,-1.317731610471829299e+03,6.029355084215507077e+01,-2.663665354634714433e+01,-1.835207384623713267e+01,0.000000000000000000e+00,4.109194696292269633e+00,3.984265465927883110e+00
-4.848272621288741675e+02,-1.319566817856453099e+03,6.029355084215507077e+01,-2.663665354634714433e+01,-1.835207384623713267e+01,0.000000000000000000e+00,4.109194696292269633e+00,3.984265465927883110e+00
-4.874909274835088695e+02,-1.321402025241076899e+03,6.029355084215507077e+01,-2.663665354634714433e+01,-1.835207384623713267e+01,0.000000000000000000e+00,4.109194696292269633e+00,3.984265465927883110e+00
-4.901545928381435715e+02,-1.323237232625700699e+03,6.029355084215507077e+01,-2.663665354634714433e+01,-1.835207384623713267e+01,0.000000000000000000e+00,4.109194696292269633e+00,3.984265465927883110e+00
-4.928182581927782735e+02,-1.325072440010324499e+03,6.029355084215507077e+01,-2.663665354634714433e+01,-1.835207384623713267e+01,0.000000000000000000e+00,4.109194696292269633e+00,3.984265465927883110e+00
-4.954819235474129755e+02,-1.326907647394948299e+03,6.029355084215507077e+01,-2.663665354634714433e+01,-1.835207384623713267e+01,0.000000000000000000e+00,4.109194696292269633e+00,3.984265465927883110e+00
-4.981455889020476775e+02,-1.328742854779572099e+03,6.029355084215507077e+01,-2.663665354634714433e+01,-1.835207384623713267e+01,0.000000000000000000e+00,4.109194696292269633e+00,3.984265465927883110e+00
-5.008092542566823795e+02,-1.330578062164195899e+03,6.029355084215507077e+01,-2.663665354634714433e+01,-1.835207384623713267e+01,0.000000000000000000e+00,4.109194696292269633e+00,3.984265465927883110e+00
-5.034729196113170815e+02,-1.332413269548819699e+03,6.029355084215507077e+01,-2.663665354634714433e+01,-1.835207384623713267e+01,0.000000000000000000e+00,4.109194696292269633e+00,3.984265465927883110e+00
-5.061365849659517835e+02,-1.334248476933443499e+03,6.029355084215507077e+01,-2.663665354634714433e+01,-1.835207384623713267e+01,0.000000000000000000e+00,4.109194696292269633e+00,3.984265465927883110e+00
-5.088002503205864855e+02,-1.336083684318067299e+03,6.029355084215507077e+01,-2.663665354634714433e+01,-1.835207384623713267e+01,0.000000000000000000e+00,4.109194696292269633e+00,3.984265465927883110e+00
-5.114639156752211875e+02,-1.337918891702691099e+03,6.029355084215507077e+01,-2.663665354634714433e+01,-1.835207384623713267e+01,0.000000000000000000e+00,4.109194696292269633e+00,3.984265465927883110e+00
-5.141275810298559463e+02,-1.339754099087314898e+03,6.029355084215507077e+01,-2.663665354634714433e+01,-1.835207384623713267e+01,0.000000000000000000e+00,4.109194696292269633e+00,3.984265465927883110e+00
-5.167912463844907052e+02,-1.341589306471938698e+03,6.029355084215507077e+01,-2.663665354634714433e+01,-1.835207384623713267e+01,0.000000000000000000e+00,4.109194696292269633e+00,3.984265465927883110e+00
-5.194549117391254640e+02,-1.343424513856562498e+03,6.029355084215507077e+01,-2.663665354634714433e+01,-1.835207384623713267e+01,0.000000000000000000e+00,4.109194696292269633e+00,3.984265465927883110e+00
-5.221757270066550518e+02,-1.345299096285800033e+03,6.029355084215507077e+01,-2.720815267529579984e+01,-1.874582429237619863e+01,0.000000000000000000e+00,4.109194696292269633e+00,3.984265465927883110e+00
-5.249536921870794686e+02,-1.347213053759651530e+03,6.029355084215507077e+01,-2.777965180424445535e+01,-1.913957473851526458e+01,0.000000000000000000e+00,4.109194696292269633e+00,3.984265465927883110e+00
-5.277888072803988280e+02,-1.349166386278116988e+03,6.029355084215507077e+01,-2.835115093319311086e+01,-1.953332518465433054e+01,0.000000000000000000e+00,4.109194696292269633e+00,3.984265465927883110e+00
-5.306810722866130163e+02,-1.351159093841196409e+03,6.029355084215507077e+01,-2.892265006214176637e+01,-1.992707563079339650e+01,0.000000000000000000e+00,4.109194696292269633e+00,3.984265465927883110e+00
-5.336304872057220337e+02,-1.353191176448889564e+03,6.029355084215507077e+01,-2.949414919109042188e+01,-2.032082607693246246e+01,0.000000000000000000e+00,4.109194696292269633e+00,3.984265465927883110e+00
-5.366370520377259936e+02,-1.355262634101196682e+03,6.029355084215507077e+01,-3.006564832003907739e+01,-2.071457652307152841e+01,0.000000000000000000e+00,4.109194696292269633e+00,3.984265465927883110e+00
-5.397007667826247825e+02,-1.357373466798117761e+03,6.029355084215507077e+01,-3.063714744898773290e+01,-2.110832696921059437e+01,0.000000000000000000e+00,4.109194696292269633e+00,3.984265465927883110e+00
-5.428216314404184004e+02,-1.359523674539652802e+03,6.029355084215507077e+01,-3.120864657793638841e+01,-2.150207741534966033e+01,0.000000000000000000e+00,4.109194696292269633e+00,3.984265465927883110e+00
-5.459996460111069609e+02,-1.361713257325801578e+03,6.029355084215507077e+01,-3.178014570688504392e+01,-2.189582786148872628e+01,0.000000000000000000e+00,4.109194696292269633e+00,3.984265465927883110e+00
-5.492348104946903504e+02,-1.363942215156564316e+03,6.029355084215507077e+01,-3.235164483583369588e+01,-2.228957830762779224e+01,0.000000000000000000e+00,4.109194696292269633e+00,3.984265465927883110e+00
-5.525271248911685689e+02,-1.366210548031941016e+03,6.029355084215507077e+01,-3.292314396478234784e+01,-2.268332875376685820e+01,0.000000000000000000e+00,4.109194696292269633e+00,3.984265465927883110e+00
-5.558765892005416163e+02,-1.368518255951931678e+03,6.029355084215507077e+01,-3.349464309373099979e+01,-2.307707919990592416e+01,0.000000000000000000e+00,4.109194696292269633e+00,3.984265465927883110e+00
-5.592832034228096063e+02,-1.370865338916536075e+03,6.029355084215507077e+01,-3.406614222267965175e+01,-2.347082964604499011e+01,0.000000000000000000e+00,4.109194696292269633e+00,3.984265465927883110e+00
-5.627469675579724253e+02,-1.373251796925754434e+03,6.029355084215507077e+01,-3.463764135162830371e+01,-2.386458009218405607e+01,0.000000000000000000e+00,4.109194696292269633e+00,3.984265465927883110e+00
-5.662678816060300733e+02,-1.375677629979586754e+03,6.029355084215507077e+01,-3.520914048057695567e+01,-2.425833053832312203e+01,0.000000000000000000e+00,4.109194696292269633e+00,3.984265465927883110e+00
-5.698459455669826639e+02,-1.378142838078033037e+03,6.029355084215507077e+01,-3.578063960952560763e+01,-2.465208098446218798e+01,0.000000000000000000e+00,4.109194696292269633e+00,3.984265465927883110e+00
-5.734811594408300834e+02,-1.380647421221093055e+03,6.029355084215507077e+01,-3.635213873847425958e+01,-2.504583143060125394e+01,0.000000000000000000e+00,4.109194696292269633e+00,3.984265465927883110e+00
-5.771735232275723320e+02,-1.383191379408767034e+03,6.029355084215507077e+01,-3.692363786742291154e+01,-2.543958187674031990e+01,0.000000000000000000e+00,4.109194696292269633e+00,3.984265465927883110e+00
-5.809230369272095231e+02,-1.385774712641054975e+03,6.029355084215507077e+01,-3.749513699637156350e+01,-2.583333232287938586e+01,0.000000000000000000e+00,4.109194696292269633e+00,3.984265465927883110e+00
-5.847297005397415433e+02,-1.388397420917956879e+03,6.029355084215507077e+01,-3.806663612532021546e+01,-2.622708276901845181e+01,0.000000000000000000e+00,4.109194696292269633e+00,3.984265465927883110e+00
-5.885935140651683923e+02,-1.391059504239472517e+03,6.029355084215507077e+01,-3.863813525426886741e+01,-2.662083321515751777e+01,0.000000000000000000e+00,4.109194696292269633e+00,3.984265465927883110e+00
-5.925144775034901841e+02,-1.393760962605602117e+03,6.029355084215507077e+01,-3.920963438321751937e+01,-2.701458366129658373e+01,0.000000000000000000e+00,4.109194696292269633e+00,3.984265465927883110e+00
-5.964925908547068047e+02,-1.396501796016345679e+03,6.029355084215507077e+01,-3.978113351216617133e+01,-2.740833410743564968e+01,0.000000000000000000e+00,4.109194696292269633e+00,3.984265465927883110e+00
-6.005278541188182544e+02,-1.399282004471703203e+03,6.029355084215507077e+01,-4.035263264111482329e+01,-2.780208455357471564e+01,0.000000000000000000e+00,4.109194696292269633e+00,3.984265465927883110e+00
-6.046202672958246467e+02,-1.402101587971674689e+03,6.029355084215507077e+01,-4.092413177006347524e+01,-2.819583499971378160e+01,0.000000000000000000e+00,4.109194696292269633e+00,3.984265465927883110e+00
-6.087698303857258679e+02,-1.404960546516259910e+03,6.029355084215507077e+01,-4.149563089901212720e+01,-2.858958544585284756e+01,0.000000000000000000e+00,4.109194696292269633e+00,3.984265465927883110e+00
-6.129765433885219181e+02,-1.407858880105459093e+03,6.029355084215507077e+01,-4.206713002796077916e+01,-2.898333589199191351e+01,0.000000000000000000e+00,4.109194696292269633e+00,3.984265465927883110e+00
-6.172404063042129110e+02,-1.410796588739272238e+03,6.029355084215507077e+01,-4.263862915690943112e+01,-2.937708633813097947e+01,0.000000000000000000e+00,4.109194696292269633e+00,3.984265465927883110e+00
-6.215614191327987328e+02,-1.413773672417699345e+03,6.029355084215507077e+01,-4.321012828585808307e+01,-2.977083678427004543e+01,0.000000000000000000e+00,4.109194696292269633e+00,3.984265465927883110e+00
-6.259395818742793836e+02,-1.416790131140740186e+03,6.029355084215507077e+01,-4.378162741480673503e+01,-3.016458723040911138e+01,0.000000000000000000e+00,4.109194696292269633e+00,3.984265465927883110e+00
-6.303748945286549770e+02,-1.419845964908394990e+03,6.029355084215507077e+01,-4.435312654375538699e+01,-3.055833767654817734e+01,0.000000000000000000e+00,4.109194696292269633e+00,3.984265465927883110e+00
-6.348673570959253993e+02,-1.422941173720663755e+03,6.029355084215507077e+01,-4.492462567270403895e+01,-3.095208812268724330e+01,0.000000000000000000e+00,4.109194696292269633e+00,3.984265465927883110e+00
-6.394169695760906507e+02,-1.426075757577546483e+03,6.029355084215507077e+01,-4.549612480165269091e+01,-3.134583856882630926e+01,0.000000000000000000e+00,4.109194696292269633e+00,3.984265465927883110e+00
-6.440237319691507309e+02,-1.429249716479042945e+03,6.029355084215507077e+01,-4.606762393060134286e+01,-3.173958901496537521e+01,0.000000000000000000e+00,4.109194696292269633e+00,3.984265465927883110e+00
-6.486876442751057539e+02,-1.432463050425153369e+03,6.029355084215507077e+01,-4.663912305954999482e+01,-3.213333946110444117e+01,0.000000000000000000e+00,4.109194696292269633e+00,3.984265465927883110e+00
-6.534087064939556058e+02,-1.435715759415877756e+03,6.029355084215507077e+01,-4.721062218849864678e+01,-3.252708990724350713e+01,0.000000000000000000e+00,4.109194696292269633e+00,3.984265465927883110e+00
-6.581869186257002866e+02,-1.439007843451216104e+03,6.029355084215507077e+01,-4.778212131744729874e+01,-3.292084035338257308e+01,0.000000000000000000e+00,4.109194696292269633e+00,3.984265465927883110e+00
-6.630222806703399101e+02,-1.442339302531168187e+03,6.029355084215507077e+01,-4.835362044639595069e+01,-3.331459079952163904e+01,0.000000000000000000e+00,4.109194696292269633e+00,3.984265465927883110e+00
-6.679147926278743626e+02,-1.445710136655734232e+03,6.029355084215507077e+01,-4.892511957534460265e+01,-3.370834124566070500e+01,0.000000000000000000e+00,4.109194696292269633e+00,3.984265465927883110e+00
-6.728644544983036440e+02,-1.449120345824914239e+03,6.029355084215507077e+01,-4.949661870429325461e+01,-3.410209169179977096e+01,0.000000000000000000e+00,4.109194696292269633e+00,3.984265465927883110e+00
-6.778712662816278680e+02,-1.452569930038708208e+03,6.029355084215507077e+01,-5.006811783324190657e+01,-3.449584213793883691e+01,0.000000000000000000e+00,4.109194696292269633e+00,3.984265465927883110e+00
-6.829352279778469210e+02,-1.456058889297115911e+03,6.029355084215507077e+01,-5.063961696219055852e+01,-3.488959258407790287e+01,0.000000000000000000e+00,4.109194696292269633e+00,3.984265465927883110e+00
-6.880563395869608030e+02,-1.459587223600137577e+03,6.029355084215507077e+01,-5.121111609113921048e+01,-3.528334303021696883e+01,0.000000000000000000e+00,4.109194696292269633e+00,3.984265465927883110e+00
-6.932346011089696276e+02,-1.463154932947773204e+03,6.029355084215507077e+01,-5.178261522008786244e+01,-3.567709347635603478e+01,0.000000000000000000e+00,4.109194696292269633e+00,3.984265465927883110e+00
-6.984700125438732812e+02,-1.466762017340022794e+03,6.029355084215507077e+01,-5.235411434903651440e+01,-3.607084392249510074e+01,0.000000000000000000e+00,4.109194696292269633e+00,3.984265465927883110e+00
-7.037625738916717637e+02,-1.470408476776886118e+03,6.029355084215507077e+01,-5.292561347798516636e+01,-3.646459436863416670e+01,0.000000000000000000e+00,4.109194696292269633e+00,3.984265465927883110e+00
-7.091122851523651889e+02,-1.474094311258363405e+03,6.029355084215507077e+01,-5.349711260693381831e+01,-3.685834481477323266e+01,0.000000000000000000e+00,4.109194696292269633e+00,3.984265465927883110e+00
-7.145191463259534430e+02,-1.477819520784454653e+03,6.029355084215507077e+01,-5.406861173588247027e+01,-3.725209526091229861e+01,0.000000000000000000e+00,4.109194696292269633e+00,3.984265465927883110e+00
-7.199831574124365261e+02,-1.481584105355159863e+03,6.029355084215507077e+01,-5.464011086483112223e+01,-3.764584570705136457e+01,0.000000000000000000e+00,4.109194696292269633e+00,3.984265465927883110e+00
-7.255043184118145518e+02,-1.485388064970478808e+03,6.029355084215507077e+01,-5.521160999377977419e+01,-3.803959615319043053e+01,0.000000000000000000e+00,4.109194696292269633e+00,3.984265465927883110e+00
-7.310826293240874065e+02,-1.489231399630411715e+03,6.029355084215507077e+01,-5.578310912272842614e+01,-3.843334659932949648e+01,0.000000000000000000e+00,4.109194696292269633e+00,3.984265465927883110e+00
-7.367180901492550902e+02,-1.493114109334958584e+03,6.029355084215507077e+01,-5.635460825167707810e+01,-3.882709704546856244e+01,0.000000000000000000e+00,4.109194696292269633e+00,3.984265465927883110e+00
-7.424107008873177165e+02,-1.497036194084119415e+03,6.029355084215507077e+01,-5.692610738062573006e+01,-3.922084749160762840e+01,0.000000000000000000e+00,4.109194696292269633e+00,3.984265465927883110e+00
-7.481604615382751717e+02,-1.500997653877893981e+03,6.029355084215507077e+01,-5.749760650957438202e+01,-3.961459793774669436e+01,0.000000000000000000e+00,4.109194696292269633e+00,3.984265465927883110e+00
-7.539673721021274559e+02,-1.504998488716282509e+03,6.029355084215507077e+01,-5.806910563852303397e+01,-4.000834838388576031e+01,0.000000000000000000e+00,4.109194696292269633e+00,3.984265465927883110e+00
-7.598314325788745691e+02,-1.509038698599284999e+03,6.029355084215507077e+01,-5.864060476747168593e+01,-4.040209883002482627e+01,0.000000000000000000e+00,4.109194696292269633e+00,3.984265465927883110e+00
-7.657526429685166249e+02,-1.513118283526901450e+03,6.029355084215507077e+01,-5.921210389642033789e+01,-4.079584927616389223e+01,0.000000000000000000e+00,4.109194696292269633e+00,3.984265465927883110e+00
-7.717310032710535097e+02,-1.517237243499131637e+03,6.029355084215507077e+01,-5.978360302536898985e+01,-4.118959972230295818e+01,0.000000000000000000e+00,4.109194696292269633e+00,3.984265465927883110e+00
-7.777665134864852234e+02,-1.521395578515975785e+03,6.029355084215507077e+01,-6.035510215431764180e+01,-4.158335016844202414e+01,0.000000000000000000e+00,4.109194696292269633e+00,3.984265465927883110e+00
-7.838591736148118798e+02,-1.525593288577433896e+03,6.029355084215507077e+01,-6.092660128326629376e+01,-4.197710061458109010e+01,0.000000000000000000e+00,4.109194696292269633e+00,3.984265465927883110e+00
-7.900089836560333652e+02,-1.529830373683505968e+03,6.029355084215507077e+01,-6.149810041221494572e+01,-4.237085106072015606e+01,0.000000000000000000e+00,4.109194696292269633e+00,3.984265465927883110e+00
-7.962159436101496794e+02,-1.534106833834192003e+03,6.029355084215507077e+01,-6.206959954116359768e+01,-4.276460150685922201e+01,0.000000000000000000e+00,4.109194696292269633e+00,3.984265465927883110e+00
-8.024800534771609364e+02,-1.538422669029491772e+03,6.029355084215507077e+01,-6.264109867011224964e+01,-4.315835195299828797e+01,0.000000000000000000e+00,4.109194696292269633e+00,3.984265465927883110e+00
-8.088013132570670223e+02,-1.542777879269405503e+03,6.029355084215507077e+01,-6.321259779906090159e+01,-4.355210239913735393e+01,0.000000000000000000e+00,4.109194696292269633e+00,3.984265465927883110e+00
-8.151797229498679371e+02,-1.547172464553933196e+03,6.029355084215507077e+01,-6.378409692800955355e+01,-4.394585284527641988e+01,0.000000000000000000e+00,4.109194696292269633e+00,3.984265465927883110e+00
-8.216152825555637946e+02,-1.551606424883074851e+03,6.029355084215507077e+01,-6.435559605695820551e+01,-4.433960329141548584e+01,0.000000000000000000e+00,4.109194696292269633e+00,3.984265465927883110e+00
-8.281079920741544811e+02,-1.556079760256830241e+03,6.029355084215507077e+01,-6.492709518590686457e+01,-4.473335373755455180e+01,0.000000000000000000e+00,4.109194696292269633e+00,3.984265465927883110e+00
-8.346578515056399965e+02,-1.560592470675199593e+03,6.029355084215507077e+01,-6.549859431485552363e+01,-4.512710418369361776e+01,0.000000000000000000e+00,4.109194696292269633e+00,3.984265465927883110e+00
-8.412648608500204546e+02,-1.565144556138182907e+03,6.029355084215507077e+01,-6.607009344380418270e+01,-4.552085462983268371e+01,0.000000000000000000e+00,4.109194696292269633e+00,3.984265465927883110e+00
-8.479290201072957416e+02,-1.569736016645780182e+03,6.029355084215507077e+01,-6.664159257275284176e+01,-4.591460507597174967e+01,0.000000000000000000e+00,4.109194696292269633e+00,3.984265465927883110e+00
-8.546503292774658576e+02,-1.574366852197991193e+03,6.029355084215507077e+01,-6.721309170170150082e+01,-4.630835552211081563e+01,0.000000000000000000e+00,4.109194696292269633e+00,3.984265465927883110e+00
-8.614287883605309162e+02,-1.579037062794816165e+03,6.029355084215507077e+01,-6.778459083065015989e+01,-4.670210596824988158e+01,0.000000000000000000e+00,4.109194696292269633e+00,3.984265465927883110e+00
-8.682643973564908038e+02,-1.583746648436255100e+03,6.029355084215507077e+01,-6.835608995959881895e+01,-4.709585641438894754e+01,0.000000000000000000e+00,4.109194696292269633e+00,3.984265465927883110e+00
-8.751571562653455203e+02,-1.588495609122307997e+03,6.029355084215507077e+01,-6.892758908854747801e+01,-4.748960686052801350e+01,0.000000000000000000e+00,4.109194696292269633e+00,3.984265465927883110e+00
-8.821070650870951795e+02,-1.593283944852974628e+03,6.029355084215507077e+01,-6.949908821749613708e+01,-4.788335730666707946e+01,0.000000000000000000e+00,4.109194696292269633e+00,3.984265465927883110e+00
-8.891141238217396676e+02,-1.598111655628255221e+03,6.029355084215507077e+01,-7.007058734644479614e+01,-4.827710775280614541e+01,0.000000000000000000e+00,4.109194696292269633e+00,3.984265465927883110e+00
-8.961783324692789847e+02,-1.602978741448149776e+03,6.029355084215507077e+01,-7.064208647539345520e+01,-4.867085819894521137e+01,0.000000000000000000e+00,4.109194696292269633e+00,3.984265465927883110e+00
-9.032996910297132445e+02,-1.607885202312658294e+03,6.029355084215507077e+01,-7.121358560434211427e+01,-4.906460864508427733e+01,0.000000000000000000e+00,4.109194696292269633e+00,3.984265465927883110e+00
-9.104781995030423332e+02,-1.612831038221780545e+03,6.029355084215507077e+01,-7.178508473329077333e+01,-4.945835909122334328e+01,0.000000000000000000e+00,4.109194696292269633e+00,3.984265465927883110e+00
-9.177138578892662508e+02,-1.617816249175516759e+03,6.029355084215507077e+01,-7.235658386223943239e+01,-4.985210953736240924e+01,0.000000000000000000e+00,4.109194696292269633e+00,3.984265465927883110e+00
-9.250066661883851111e+02,-1.622840835173866935e+03,6.029355084215507077e+01,-7.292808299118809146e+01,-5.024585998350147520e+01,0.000000000000000000e+00,4.109194696292269633e+00,3.984265465927883110e+00
-9.323566244003988004e+02,-1.627904796216831073e+03,6.029355084215507077e+01,-7.349958212013675052e+01,-5.063961042964054116e+01,0.000000000000000000e+00,4.109194696292269633e+00,3.984265465927883110e+00
-9.397637325253073186e+02,-1.633008132304408946e+03,6.029355084215507077e+01,-7.407108124908540958e+01,-5.103336087577960711e+01,0.000000000000000000e+00,4.109194696292269633e+00,3.984265465927883110e+00
-9.472279905631107795e+02,-1.638150843436600780e+03,6.029355084215507077e+01,-7.464258037803406864e+01,-5.142711132191867307e+01,0.000000000000000000e+00,4.109194696292269633e+00,3.984265465927883110e+00
-9.547493985138090693e+02,-1.643332929613406577e+03,6.029355084215507077e+01,-7.521407950698272771e+01,-5.182086176805773903e+01,0.000000000000000000e+00,4.109194696292269633e+00,3.984265465927883110e+00
-9.623279563774021881e+02,-1.648554390834826336e+03,6.029355084215507077e+01,-7.578557863593138677e+01,-5.221461221419680498e+01,0.000000000000000000e+00,4.109194696292269633e+00,3.984265465927883110e+00
-9.699636641538902495e+02,-1.653815227100859829e+03,6.029355084215507077e+01,-7.635707776488004583e+01,-5.260836266033587094e+01,0.000000000000000000e+00,4.109194696292269633e+00,3.984265465927883110e+00
-9.776565218432731399e+02,-1.659115438411507284e+03,6.029355084215507077e+01,-7.692857689382870490e+01,-5.300211310647493690e+01,0.000000000000000000e+00,4.109194696292269633e+00,3.984265465927883110e+00
-9.854065294455508592e+02,-1.664455024766768702e+03,6.029355084215507077e+01,-7.750007602277736396e+01,-5.339586355261400286e+01,0.000000000000000000e+00,4.109194696292269633e+00,3.984265465927883110e+00
-9.932136869607234075e+02,-1.669833986166644081e+03,6.029355084215507077e+01,-7.807157515172602302e+01,-5.378961399875306881e+01,0.000000000000000000e+00,4.109194696292269633e+00,3.984265465927883110e+00
-1.001077994388790898e+03,-1.675252322611133195e+03,6.029355084215507077e+01,-7.864307428067468209e+01,-5.418336444489213477e+01,0.000000000000000000e+00,4.109194696292269633e+00,3.984265465927883110e+00
-1.008999451729753218e+03,-1.680710034100236271e+03,6.029355084215507077e+01,-7.921457340962334115e+01,-5.457711489103120073e+01,0.000000000000000000e+00,4.109194696292269633e+00,3.984265465927883110e+00
-1.016978058983610367e+03,-1.686207120633953309e+03,6.029355084215507077e+01,-7.978607253857200021e+01,-5.497086533717026668e+01,0.000000000000000000e+00,4.109194696292269633e+00,3.984265465927883110e+00
-1.025013816150362345e+03,-1.691743582212284309e+03,6.029355084215507077e+01,-8.035757166752065928e+01,-5.536461578330933264e+01,0.000000000000000000e+00,4.109194696292269633e+00,3.984265465927883110e+00
-1.033106723230009266e+03,-1.697319418835229044e+03,6.029355084215507077e+01,-8.092907079646931834e+01,-5.575836622944839860e+01,0.000000000000000000e+00,4.109194696292269633e+00,3.984265465927883110e+00
-1.041256780222551015e+03,-1.702934630502787741e+03,6.029355084215507077e+01,-8.150056992541797740e+01,-5.615211667558746456e+01,0.000000000000000000e+00,4.109194696292269633e+00,3.984265465927883110e+00
-1.049463987127987593e+03,-1.708589217214960399e+03,6.029355084215507077e+01,-8.207206905436663646e+01,-5.654586712172653051e+01,0.000000000000000000e+00,4.109194696292269633e+00,3.984265465927883110e+00
-1.057728343946319228e+03,-1.714283178971747020e+03,6.029355084215507077e+01,-8.264356818331529553e+01,-5.693961756786559647e+01,0.000000000000000000e+00,4.109194696292269633e+00,3.984265465927883110e+00
-1.066049850677545692e+03,-1.720016515773147376e+03,6.029355084215507077e+01,-8.321506731226395459e+01,-5.733336801400466243e+01,0.000000000000000000e+00,4.109194696292269633e+00,3.984265465927883110e+00
-1.074428507321666984e+03,-1.725789227619161693e+03,6.029355084215507077e+01,-8.378656644121261365e+01,-5.772711846014372838e+01,0.000000000000000000e+00,4.109194696292269633e+00,3.984265465927883110e+00
-1.082807163965788277e+03,-1.731561939465176010e+03,6.029355084215507077e+01,-8.378656644121264208e+01,-5.772711846014368575e+01,0.000000000000000000e+00,4.109194696292269633e+00,3.984265465927883110e+00
-1.091185820609909570e+03,-1.737334651311190328e+03,6.029355084215507077e+01,-8.378656644121264208e+01,-5.772711846014368575e+01,0.000000000000000000e+00,4.109194696292269633e+00,3.984265465927883110e+00
-1.099564477254030862e+03,-1.743107363157204645e+03,6.029355084215507077e+01,-8.378656644121264208e+01,-5.772711846014368575e+01,0.000000000000000000e+00,4.109194696292269633e+00,3.984265465927883110e+00
-1.107943133898152155e+03,-1.748880075003218963e+03,6.029355084215507077e+01,-8.378656644121264208e+01,-5.772711846014368575e+01,0.000000000000000000e+00,4.109194696292269633e+00,3.984265465927883110e+00
-1.116321790542273447e+03,-1.754652786849233280e+03,6.029355084215507077e+01,-8.378656644121264208e+01,-5.772711846014368575e+01,0.000000000000000000e+00,4.109194696292269633e+00,3.984265465927883110e+00
-1.124700447186394740e+03,-1.760425498695247597e+03,6.029355084215507077e+01,-8.378656644121264208e+01,-5.772711846014368575e+01,0.000000000000000000e+00,4.109194696292269633e+00,3.984265465927883110e+00
-1.133079103830516033e+03,-1.766198210541261915e+03,6.029355084215507077e+01,-8.378656644121264208e+01,-5.772711846014368575e+01,0.000000000000000000e+00,4.109194696292269633e+00,3.984265465927883110e+00
-1.141457760474637325e+03,-1.771970922387276232e+03,6.029355084215507077e+01,-8.378656644121264208e+01,-5.772711846014368575e+01,0.000000000000000000e+00,4.109194696292269633e+00,3.984265465927883110e+00
-1.149836417118758618e+03,-1.777743634233290550e+03,6.029355084215507077e+01,-8.378656644121264208e+01,-5.772711846014368575e+01,0.000000000000000000e+00,4.109194696292269633e+00,3.984265465927883110e+00
-1.158215073762879911e+03,-1.783516346079304867e+03,6.029355084215507077e+01,-8.378656644121264208e+01,-5.772711846014368575e+01,0.000000000000000000e+00,4.109194696292269633e+00,3.984265465927883110e+00
-1.166593730407001203e+03,-1.789289057925319185e+03,6.029355084215507077e+01,-8.378656644121264208e+01,-5.772711846014368575e+01,0.000000000000000000e+00,4.109194696292269633e+00,3.984265465927883110e+00
-1.174972387051122496e+03,-1.795061769771333502e+03,6.029355084215507077e+01,-8.378656644121264208e+01,-5.772711846014368575e+01,0.000000000000000000e+00,4.109194696292269633e+00,3.984265465927883110e+00
-1.183351043695243789e+03,-1.800834481617347819e+03,6.029355084215507077e+01,-8.378656644121264208e+01,-5.772711846014368575e+01,0.000000000000000000e+00,4.109194696292269633e+00,3.984265465927883110e+00
-1.191729700339365081e+03,-1.806607193463362137e+03,6.029355084215507077e+01,-8.378656644121264208e+01,-5.772711846014368575e+01,0.000000000000000000e+00,4.109194696292269633e+00,3.984265465927883110e+00
-1.200108356983486374e+03,-1.812379905309376454e+03,6.029355084215507077e+01,-8.378656644121264208e+01,-5.772711846014368575e+01,0.000000000000000000e+00,4.109194696292269633e+00,3.984265465927883110e+00
-1.208487013627607666e+03,-1.818152617155390772e+03,6.029355084215507077e+01,-8.378656644121264208e+01,-5.772711846014368575e+01,0.000000000000000000e+00,4.109194696292269633e+00,3.984265465927883110e+00
-1.216865670271728959e+03,-1.823925329001405089e+03,6.029355084215507077e+01,-8.378656644121264208e+01,-5.772711846014368575e+01,0.000000000000000000e+00,4.109194696292269633e+00,3.984265465927883110e+00
-1.225244326915850252e+03,-1.829698040847419406e+03,6.029355084215507077e+01,-8.378656644121264208e+01,-5.772711846014368575e+01,0.000000000000000000e+00,4.109194696292269633e+00,3.984265465927883110e+00
-1.233622983559971544e+03,-1.835470752693433724e+03,6.029355084215507077e+01,-8.378656644121264208e+01,-5.772711846014368575e+01,0.000000000000000000e+00,4.109194696292269633e+00,3.984265465927883110e+00
-1.242001640204092837e+03,-1.841243464539448041e+03,6.029355084215507077e+01,-8.378656644121264208e+01,-5.772711846014368575e+01,0.000000000000000000e+00,4.109194696292269633e+00,3.984265465927883110e+00
-1.250380296848214130e+03,-1.847016176385462359e+03,6.029355084215507077e+01,-8.378656644121264208e+01,-5.772711846014368575e+01,0.000000000000000000e+00,4.109194696292269633e+00,3.984265465927883110e+00
-1.258758953492335422e+03,-1.852788888231476676e+03,6.029355084215507077e+01,-8.378656644121264208e+01,-5.772711846014368575e+01,0.000000000000000000e+00,4.109194696292269633e+00,3.984265465927883110e+00
-1.267137610136456715e+03,-1.858561600077490993e+03,6.029355084215507077e+01,-8.378656644121264208e+01,-5.772711846014368575e+01,0.000000000000000000e+00,4.109194696292269633e+00,3.984265465927883110e+00
-1.275516266780578007e+03,-1.864334311923505311e+03,6.029355084215507077e+01,-8.378656644121264208e+01,-5.772711846014368575e+01,0.000000000000000000e+00,4.109194696292269633e+00,3.984265465927883110e+00
-1.283894923424699300e+03,-1.870107023769519628e+03,6.029355084215507077e+01,-8.378656644121264208e+01,-5.772711846014368575e+01,0.000000000000000000e+00,4.109194696292269633e+00,3.984265465927883110e+00
-1.292273580068820593e+03,-1.875879735615533946e+03,6.029355084215507077e+01,-8.378656644121264208e+01,-5.772711846014368575e+01,0.000000000000000000e+00,4.109194696292269633e+00,3.984265465927883110e+00
-1.300652236712941885e+03,-1.881652447461548263e+03,6.029355084215507077e+01,-8.378656644121264208e+01,-5.772711846014368575e+01,0.000000000000000000e+00,4.109194696292269633e+00,3.984265465927883110e+00
-1.309030893357063178e+03,-1.887425159307562581e+03,6.029355084215507077e+01,-8.378656644121264208e+01,-5.772711846014368575e+01,0.000000000000000000e+00,4.109194696292269633e+00,3.984265465927883110e+00
-1.317409550001184471e+03,-1.893197871153576898e+03,6.029355084215507077e+01,-8.378656644121264208e+01,-5.772711846014368575e+01,0.000000000000000000e+00,4.109194696292269633e+00,3.984265465927883110e+00
-1.325788206645305763e+03,-1.898970582999591215e+03,6.029355084215507077e+01,-8.378656644121264208e+01,-5.772711846014368575e+01,0.000000000000000000e+00,4.109194696292269633e+00,3.984265465927883110e+00
-1.334166863289427056e+03,-1.904743294845605533e+03,6.029355084215507077e+01,-8.378656644121264208e+01,-5.772711846014368575e+01,0.000000000000000000e+00,4.109194696292269633e+00,3.984265465927883110e+00
-1.342545519933548348e+03,-1.910516006691619850e+03,6.029355084215507077e+01,-8.378656644121264208e+01,-5.772711846014368575e+01,0.000000000000000000e+00,4.109194696292269633e+00,3.984265465927883110e+00
-1.350924176577669641e+03,-1.916288718537634168e+03,6.029355084215507077e+01,-8.378656644121264208e+01,-5.772711846014368575e+01,0.000000000000000000e+00,4.109194696292269633e+00,3.984265465927883110e+00
-1.359302833221790934e+03,-1.922061430383648485e+03,6.029355084215507077e+01,-8.378656644121264208e+01,-5.772711846014368575e+01,0.000000000000000000e+00,4.109194696292269633e+00,3.984265465927883110e+00
-1.367681489865912226e+03,-1.927834142229662802e+03,6.029355084215507077e+01,-8.378656644121264208e+01,-5.772711846014368575e+01,0.000000000000000000e+00,4.109194696292269633e+00,3.984265465927883110e+00
-1.376060146510033519e+03,-1.933606854075677120e+03,6.029355084215507077e+01,-8.378656644121264208e+01,-5.772711846014368575e+01,0.000000000000000000e+00,4.109194696292269633e+00,3.984265465927883110e+00
-1.384438803154154812e+03,-1.939379565921691437e+03,6.029355084215507077e+01,-8.378656644121264208e+01,-5.772711846014368575e+01,0.000000000000000000e+00,4.109194696292269633e+00,3.984265465927883110e+00
-1.392817459798276104e+03,-1.945152277767705755e+03,6.029355084215507077e+01,-8.378656644121264208e+01,-5.772711846014368575e+01,0.000000000000000000e+00,4.109194696292269633e+00,3.984265465927883110e+00
-1.401196116442397397e+03,-1.950924989613720072e+03,6.029355084215507077e+01,-8.378656644121264208e+01,-5.772711846014368575e+01,0.000000000000000000e+00,4.109194696292269633e+00,3.984265465927883110e+00
-1.409574773086518690e+03,-1.956697701459734390e+03,6.029355084215507077e+01,-8.378656644121264208e+01,-5.772711846014368575e+01,0.000000000000000000e+00,4.109194696292269633e+00,3.984265465927883110e+00
-1.417953429730639982e+03,-1.962470413305748707e+03,6.029355084215507077e+01,-8.378656644121264208e+01,-5.772711846014368575e+01,0.000000000000000000e+00,4.109194696292269633e+00,3.984265465927883110e+00
-1.426332086374761275e+03,-1.968243125151763024e+03,6.029355084215507077e+01,-8.378656644121264208e+01,-5.772711846014368575e+01,0.000000000000000000e+00,4.109194696292269633e+00,3.984265465927883110e+00
-1.434710743018882567e+03,-1.974015836997777342e+03,6.029355084215507077e+01,-8.378656644121264208e+01,-5.772711846014368575e+01,0.000000000000000000e+00,4.109194696292269633e+00,3.984265465927883110e+00
-1.443089399663003860e+03,-1.979788548843791659e+03,6.029355084215507077e+01,-8.378656644121264208e+01,-5.772711846014368575e+01,0.000000000000000000e+00,4.109194696292269633e+00,3.984265465927883110e+00
-1.451468056307125153e+03,-1.985561260689805977e+03,6.029355084215507077e+01,-8.378656644121264208e+01,-5.772711846014368575e+01,0.000000000000000000e+00,4.109194696292269633e+00,3.984265465927883110e+00
-1.459846712951246445e+03,-1.991333972535820294e+03,6.029355084215507077e+01,-8.378656644121264208e+01,-5.772711846014368575e+01,0.000000000000000000e+00,4.109194696292269633e+00,3.984265465927883110e+00
-1.468225369595367738e+03,-1.997106684381834611e+03,6.029355084215507077e+01,-8.378656644121264208e+01,-5.772711846014368575e+01,0.000000000000000000e+00,4.109194696292269633e+00,3.984265465927883110e+00
-1.476604026239489031e+03,-2.002879396227848929e+03,6.029355084215507077e+01,-8.378656644121264208e+01,-5.772711846014368575e+01,0.000000000000000000e+00,4.109194696292269633e+00,3.984265465927883110e+00
-1.484982682883610323e+03,-2.008652108073863246e+03,6.029355084215507077e+01,-8.378656644121264208e+01,-5.772711846014368575e+01,0.000000000000000000e+00,4.109194696292269633e+00,3.984265465927883110e+00
-1.493361339527731616e+03,-2.014424819919877564e+03,6.029355084215507077e+01,-8.378656644121264208e+01,-5.772711846014368575e+01,0.000000000000000000e+00,4.109194696292269633e+00,3.984265465927883110e+00
-1.501739996171852908e+03,-2.020197531765891881e+03,6.029355084215507077e+01,-8.378656644121264208e+01,-5.772711846014368575e+01,0.000000000000000000e+00,4.109194696292269633e+00,3.984265465927883110e+00
-1.510118652815974201e+03,-2.025970243611906199e+03,6.029355084215507077e+01,-8.378656644121264208e+01,-5.772711846014368575e+01,0.000000000000000000e+00,4.109194696292269633e+00,3.984265465927883110e+00
-1.518497309460095494e+03,-2.031742955457920516e+03,6.029355084215507077e+01,-8.378656644121264208e+01,-5.772711846014368575e+01,0.000000000000000000e+00,4.109194696292269633e+00,3.984265465927883110e+00
-1.526875966104216786e+03,-2.037515667303934833e+03,6.029355084215507077e+01,-8.378656644121264208e+01,-5.772711846014368575e+01,0.000000000000000000e+00,4.109194696292269633e+00,3.984265465927883110e+00
-1.535254622748338079e+03,-2.043288379149949151e+03,6.029355084215507077e+01,-8.378656644121264208e+01,-5.772711846014368575e+01,0.000000000000000000e+00,4.109194696292269633e+00,3.984265465927883110e+00
-1.543633279392459372e+03,-2.049061090995963696e+03,6.029355084215507077e+01,-8.378656644121264208e+01,-5.772711846014368575e+01,0.000000000000000000e+00,4.109194696292269633e+00,3.984265465927883110e+00
-1.552011936036580664e+03,-2.054833802841978013e+03,6.029355084215507077e+01,-8.378656644121264208e+01,-5.772711846014368575e+01,0.000000000000000000e+00,4.109194696292269633e+00,3.984265465927883110e+00
-1.560390592680701957e+03,-2.060606514687992330e+03,6.029355084215507077e+01,-8.378656644121264208e+01,-5.772711846014368575e+01,0.000000000000000000e+00,4.109194696292269633e+00,3.984265465927883110e+00
-1.568769249324823249e+03,-2.066379226534006648e+03,6.029355084215507077e+01,-8.378656644121264208e+01,-5.772711846014368575e+01,0.000000000000000000e+00,4.109194696292269633e+00,3.984265465927883110e+00
-1.577147905968944542e+03,-2.072151938380020965e+03,6.029355084215507077e+01,-8.378656644121264208e+01,-5.772711846014368575e+01,0.000000000000000000e+00,4.109194696292269633e+00,3.984265465927883110e+00
