1.394018059773875677e+02,-4.785918196461057761e+01,-2.509728227424626645e+00,-5.247431054597533607e-10,2.725251515211711812e-10,0.000000000000000000e+00,5.201769496791293079e+00,6.462942165175836529e+00
1.384916219872349359e+02,-4.852541315376142705e+01,-2.509728227424504077e+00,-9.101839914288534672e+00,-6.662311891129440333e+00,0.000000000000000000e+00,5.201768782686452930e+00,6.462942165330722410e+00
1.375814379970806556e+02,-4.919164434291718635e+01,-2.509728227424609326e+00,-9.101839908956318226e+00,-6.662311891434431921e+00,0.000000000000000000e+00,5.201768192655867651e+00,6.462942165125014071e+00
1.366712540069265458e+02,-4.985787553205065592e+01,-2.509728227424608438e+00,-9.101839902216148914e+00,-6.662311891385049201e+00,0.000000000000000000e+00,5.201769040000167266e+00,6.462942165233636516e+00
1.357610700167734876e+02,-5.052410672119015800e+01,-2.509728227424605329e+00,-9.101839915308195472e+00,-6.662311891540457331e+00,0.000000000000000000e+00,5.201768620292375189e+00,6.462942165191003951e+00
1.348508860266195200e+02,-5.119033791034055270e+01,-2.509728227424484093e+00,-9.101839904230596190e+00,-6.662311891455758861e+00,0.000000000000000000e+00,5.201768951108065586e+00,6.462942165307553388e+00
1.339407020364634775e+02,-5.185656909946835924e+01,-2.509728227424579572e+00,-9.101839905183533475e+00,-6.662311891108499751e+00,0.000000000000000000e+00,5.201768587519992160e+00,6.462942165309173426e+00
1.330305180463094530e+02,-5.252280028861794392e+01,-2.509728227424614655e+00,-9.101839897168760629e+00,-6.662311891512150197e+00,0.000000000000000000e+00,5.201768924733586097e+00,6.462942165276007067e+00
1.321203340561563664e+02,-5.318903147776079265e+01,-2.509728227424443681e+00,-9.101839902581355446e+00,-6.662311891285197518e+00,0.000000000000000000e+00,5.201769492958554508e+00,6.462942165261203797e+00
1.312101500660003808e+02,-5.385526266691425690e+01,-2.509728227424564029e+00,-9.101839895492595645e+00,-6.662311891414385734e+00,0.000000000000000000e+00,5.201768517546191184e+00,6.462942165337542733e+00
1.302999660758480616e+02,-5.452149385603917864e+01,-2.509728227424607105e+00,-9.101839902869302890e+00,-6.662311891268918096e+00,0.000000000000000000e+00,5.201768750199630809e+00,6.462942165119714311e+00
1.293897820856922749e+02,-5.518772504518964439e+01,-2.509728227424595559e+00,-9.101839901074848527e+00,-6.662311891351937909e+00,0.000000000000000000e+00,5.201768362342604313e+00,6.462942165187007149e+00
1.284795980955393873e+02,-5.585395623433120704e+01,-2.509728227424418812e+00,-9.101839898044248756e+00,-6.662311891411809128e+00,0.000000000000000000e+00,5.201769238899585091e+00,6.462942165432266073e+00
1.275694141053853059e+02,-5.652018742345914859e+01,-2.509728227424752767e+00,-9.101839901081936191e+00,-6.662311891515805051e+00,0.000000000000000000e+00,5.201768943949109492e+00,6.462942165321816645e+00
1.266592301152299882e+02,-5.718641861261625081e+01,-2.509728227424539604e+00,-9.101839885247173356e+00,-6.662311891752389137e+00,0.000000000000000000e+00,5.201769187718287668e+00,6.462942165219603297e+00
1.257490461250764611e+02,-5.785264980175630711e+01,-2.509728227424700364e+00,-9.101839901866048521e+00,-6.662311891160473287e+00,0.000000000000000000e+00,5.201768797000296374e+00,6.462942165305459064e+00
1.248388621349212855e+02,-5.851888099088587580e+01,-2.509728227424834923e+00,-9.101839917327943397e+00,-6.662311891022124399e+00,0.000000000000000000e+00,5.201769110864863599e+00,6.462942165206422729e+00
1.239286781447685257e+02,-5.918511218003673946e+01,-2.509728227424754099e+00,-9.101839894630350258e+00,-6.662311891526436547e+00,0.000000000000000000e+00,5.201768566683435679e+00,6.462942165350339607e+00
1.230184941546142738e+02,-5.985134336917217723e+01,-2.509728227424706581e+00,-9.101839902738362298e+00,-6.662311891336234915e+00,0.000000000000000000e+00,5.201769027179358851e+00,6.462942165264978556e+00
1.221083101644601498e+02,-6.051757455832769494e+01,-2.509728227424426805e+00,-9.101839897546048164e+00,-6.662311891497885163e+00,0.000000000000000000e+00,5.201768658155521585e+00,6.462942165410612283e+00
1.211981261743045764e+02,-6.118380574746549883e+01,-2.509728227424605329e+00,-9.101839911000695338e+00,-6.662311891459729019e+00,0.000000000000000000e+00,5.201769061287785156e+00,6.462942165311904574e+00
1.202879421841523282e+02,-6.185003693660947732e+01,-2.509728227424592006e+00,-9.101839908248765099e+00,-6.662311891640180228e+00,0.000000000000000000e+00,5.201769209197323107e+00,6.462942165087024904e+00
1.193777581939982042e+02,-6.251626812575086234e+01,-2.509728227424738556e+00,-9.101839895127733726e+00,-6.662311891494974603e+00,0.000000000000000000e+00,5.201768564833816555e+00,6.462942165144070827e+00
1.184675742038431991e+02,-6.318249931489857829e+01,-2.509728227424707026e+00,-9.101839893792719849e+00,-6.662311891310064738e+00,0.000000000000000000e+00,5.201768713895162044e+00,6.462942165295862296e+00
1.175573902136888051e+02,-6.384873050403072625e+01,-2.509728227424752767e+00,-9.101839898750581526e+00,-6.662311891312536538e+00,0.000000000000000000e+00,5.201769500655331058e+00,6.462942165626949453e+00
1.166472062235348091e+02,-6.451496169317101703e+01,-2.509728227424515179e+00,-9.101839903394960629e+00,-6.662311891352401538e+00,0.000000000000000000e+00,5.201768956535876676e+00,6.462942165466689204e+00
1.157370222333819072e+02,-6.518119288232058750e+01,-2.509728227424547597e+00,-9.101839896547554432e+00,-6.662311891688576182e+00,0.000000000000000000e+00,5.201769393234213723e+00,6.462942165296160724e+00
1.148268382432262769e+02,-6.584742407145877507e+01,-2.509728227424637748e+00,-9.101839904155959005e+00,-6.662311891204251602e+00,0.000000000000000000e+00,5.201768580005957432e+00,6.462942165331084787e+00
1.139166542530718971e+02,-6.651365526059444733e+01,-2.509728227424651958e+00,-9.101839889964908892e+00,-6.662311891624905336e+00,0.000000000000000000e+00,5.201769017354386015e+00,6.462942165171598141e+00
1.130064702629197910e+02,-6.717988644974504098e+01,-2.509728227424714131e+00,-9.101839898342515056e+00,-6.662311891431786037e+00,0.000000000000000000e+00,5.201769025193569540e+00,6.462942165403708472e+00
1.120962862727655391e+02,-6.784611763887873792e+01,-2.509728227424738556e+00,-9.101839902137569993e+00,-6.662311891589084212e+00,0.000000000000000000e+00,5.201768991530539843e+00,6.462942165046839271e+00
1.111861022826100225e+02,-6.851234882803908022e+01,-2.509728227424731895e+00,-9.101839902549324179e+00,-6.662311891435780176e+00,0.000000000000000000e+00,5.201768698365873078e+00,6.462942165436151853e+00
1.102759182924571348e+02,-6.917858001716649596e+01,-2.509728227424572911e+00,-9.101839895272616943e+00,-6.662311891514911544e+00,0.000000000000000000e+00,5.201768762974761984e+00,6.462942165279085494e+00
1.093657343023020445e+02,-6.984481120630745465e+01,-2.509728227424485425e+00,-9.101839889975604336e+00,-6.662311891225595417e+00,0.000000000000000000e+00,5.201769027948667024e+00,6.462942165263700467e+00
1.084555503121496258e+02,-7.051104239545435348e+01,-2.509728227424540492e+00,-9.101839898418935704e+00,-6.662311891277715503e+00,0.000000000000000000e+00,5.201768477152350023e+00,6.462942165357074664e+00
1.075453663219944076e+02,-7.117727358459713116e+01,-2.509728227424729230e+00,-9.101839906775200717e+00,-6.662311891283646759e+00,0.000000000000000000e+00,5.201769011893998318e+00,6.462942165241071457e+00
1.066351823318410510e+02,-7.184350477374840693e+01,-2.509728227424650626e+00,-9.101839903947727350e+00,-6.662311891491029314e+00,0.000000000000000000e+00,5.201768791861640651e+00,6.462942165222812285e+00
1.057249983416839711e+02,-7.250973596288508816e+01,-2.509728227424810054e+00,-9.101839896435274468e+00,-6.662311891518486462e+00,0.000000000000000000e+00,5.201768821533693021e+00,6.462942165259574878e+00
1.048148143515319930e+02,-7.317596715202634527e+01,-2.509728227424654179e+00,-9.101839908216488695e+00,-6.662311891354332438e+00,0.000000000000000000e+00,5.201769179201394699e+00,6.462942165226693625e+00
1.039046303613770306e+02,-7.384219834116056802e+01,-2.509728227424667946e+00,-9.101839905936405017e+00,-6.662311891272632458e+00,0.000000000000000000e+00,5.201768631145140986e+00,6.462942165310105125e+00
1.029944463712232192e+02,-7.450842953030705473e+01,-2.509728227424511182e+00,-9.101839901613614003e+00,-6.662311891124540253e+00,0.000000000000000000e+00,5.201768323334730937e+00,6.462942165249669024e+00
1.020842623810678020e+02,-7.517466071945085559e+01,-2.509728227424795843e+00,-9.101839895741562714e+00,-6.662311891408974951e+00,0.000000000000000000e+00,5.201768972846268824e+00,6.462942165238024117e+00
1.011740783909149144e+02,-7.584089190859130269e+01,-2.509728227424731895e+00,-9.101839901998184601e+00,-6.662311891327227009e+00,0.000000000000000000e+00,5.201769041793147252e+00,6.462942165276163387e+00
1.002638944007602504e+02,-7.650712309772502806e+01,-2.509728227424667057e+00,-9.101839904458856267e+00,-6.662311891131650121e+00,0.000000000000000000e+00,5.201768396123787497e+00,6.462942165240069592e+00
9.935371041060700747e+01,-7.717335428688691934e+01,-2.509728227424639524e+00,-9.101839906336300245e+00,-6.662311891530679375e+00,0.000000000000000000e+00,5.201768579172882490e+00,6.462942165288057872e+00
9.844352642045441826e+01,-7.783958547601316980e+01,-2.509728227424668834e+00,-9.101839900544597128e+00,-6.662311891718454504e+00,0.000000000000000000e+00,5.201768607372722286e+00,6.462942165332759892e+00
9.753334243029951267e+01,-7.850581666514825940e+01,-2.509728227424632863e+00,-9.101839912691536583e+00,-6.662311891514612228e+00,0.000000000000000000e+00,5.201768711544209722e+00,6.462942165230342262e+00
9.662315844014523236e+01,-7.917204785430554637e+01,-2.509728227424571578e+00,-9.101839899194839489e+00,-6.662311891613067694e+00,0.000000000000000000e+00,5.201769069728597650e+00,6.462942165286726492e+00
9.571297444998945991e+01,-7.983827904345169202e+01,-2.509728227424721680e+00,-9.101839909243746973e+00,-6.662311891415055420e+00,0.000000000000000000e+00,5.201768605687186131e+00,6.462942165249371484e+00
9.480279045983512276e+01,-8.050451023258324312e+01,-2.509728227424694147e+00,-9.101839906452308782e+00,-6.662311891553946985e+00,0.000000000000000000e+00,5.201769233260183256e+00,6.462942165222807844e+00
9.389260646968054402e+01,-8.117074142172671714e+01,-2.509728227424467661e+00,-9.101839910615629137e+00,-6.662311891425093613e+00,0.000000000000000000e+00,5.201768942733136392e+00,6.462942165440571429e+00
9.298242247952602213e+01,-8.183697261086888375e+01,-2.509728227424655955e+00,-9.101839900430290342e+00,-6.662311891734705505e+00,0.000000000000000000e+00,5.201769053935346498e+00,6.462942165241974735e+00
9.207223848937420030e+01,-8.250320379999214992e+01,-2.509728227424532054e+00,-9.101839897890970477e+00,-6.662311891033041888e+00,0.000000000000000000e+00,5.201768801208388027e+00,6.462942165225907587e+00
9.116205449921920945e+01,-8.316943498916202770e+01,-2.509728227424872227e+00,-9.101839890752039253e+00,-6.662311891807444653e+00,0.000000000000000000e+00,5.201769281938670275e+00,6.462942165235215697e+00
9.025187050906612285e+01,-8.383566617829265510e+01,-2.509728227424632419e+00,-9.101839897257072209e+00,-6.662311891574543843e+00,0.000000000000000000e+00,5.201768520411665264e+00,6.462942165307197229e+00
8.934168651891279467e+01,-8.450189736743712388e+01,-2.509728227424468994e+00,-9.101839920294505504e+00,-6.662311891445609646e+00,0.000000000000000000e+00,5.201768889887299352e+00,6.462942165310331610e+00
8.843150252875668116e+01,-8.516812855657481407e+01,-2.509728227424648850e+00,-9.101839905435687328e+00,-6.662311891092357108e+00,0.000000000000000000e+00,5.201768803444599243e+00,6.462942165334895073e+00
8.752131853860295507e+01,-8.583435974572522298e+01,-2.509728227424728786e+00,-9.101839917053411000e+00,-6.662311891314447898e+00,0.000000000000000000e+00,5.201768672500905133e+00,6.462942165299351949e+00
8.661113454844874582e+01,-8.650059093484925654e+01,-2.509728227424613767e+00,-9.101839883739542003e+00,-6.662311891169772515e+00,0.000000000000000000e+00,5.201768712297185182e+00,6.462942165203408251e+00
8.570095055829470709e+01,-8.716682212400242236e+01,-2.509728227424715463e+00,-9.101839906183238682e+00,-6.662311891616723436e+00,0.000000000000000000e+00,5.201768445859234369e+00,6.462942165320391119e+00
8.479076656814116575e+01,-8.783305331314214470e+01,-2.509728227424771863e+00,-9.101839903302712642e+00,-6.662311891261167851e+00,0.000000000000000000e+00,5.201768676098054378e+00,6.462942165263976690e+00
8.388058257798546435e+01,-8.849928450227594112e+01,-2.509728227424641744e+00,-9.101839894886952109e+00,-6.662311891543994058e+00,0.000000000000000000e+00,5.201768894489413597e+00,6.462942165270741057e+00
8.297039858783209354e+01,-8.916551569143942402e+01,-2.509728227424688374e+00,-9.101839903501110385e+00,-6.662311891482417536e+00,0.000000000000000000e+00,5.201768916086461303e+00,6.462942165289278229e+00
8.206021459767949011e+01,-8.983174688056521973e+01,-2.509728227424644853e+00,-9.101839899755876928e+00,-6.662311891436671019e+00,0.000000000000000000e+00,5.201768677261899398e+00,6.462942165396889926e+00
8.115003060752349029e+01,-9.049797806971413650e+01,-2.509728227424553815e+00,-9.101839902845133778e+00,-6.662311891478487347e+00,0.000000000000000000e+00,5.201768800814631888e+00,6.462942165283227069e+00
8.023984661736922419e+01,-9.116420925885519466e+01,-2.509728227424683045e+00,-9.101839902989366848e+00,-6.662311891416893950e+00,0.000000000000000000e+00,5.201769335819033557e+00,6.462942165296735375e+00
7.932966262721539863e+01,-9.183044044799000005e+01,-2.509728227424502744e+00,-9.101839902686826633e+00,-6.662311891110156203e+00,0.000000000000000000e+00,5.201768892125742560e+00,6.462942165407798534e+00
7.841947863706141675e+01,-9.249667163714117635e+01,-2.509728227424641744e+00,-9.101839898771167725e+00,-6.662311891350969795e+00,0.000000000000000000e+00,5.201768856871469282e+00,6.462942165213980239e+00
7.750929464690815962e+01,-9.316290282628921204e+01,-2.509728227424704361e+00,-9.101839901609995565e+00,-6.662311891427781241e+00,0.000000000000000000e+00,5.201769290499869136e+00,6.462942165442232323e+00
7.659911065675493091e+01,-9.382913401542604959e+01,-2.509728227424574243e+00,-9.101839899297893055e+00,-6.662311891031887257e+00,0.000000000000000000e+00,5.201769053352284899e+00,6.462942165383589455e+00
7.568892666659932900e+01,-9.449536520457044730e+01,-2.509728227424609326e+00,-9.101839901992960336e+00,-6.662311891537022746e+00,0.000000000000000000e+00,5.201768762737120966e+00,6.462942165240243675e+00
7.477874267644492079e+01,-9.516159639371964829e+01,-2.509728227424632863e+00,-9.101839909931570105e+00,-6.662311891540589670e+00,0.000000000000000000e+00,5.201768288908430016e+00,6.462942165178541032e+00
7.386855868628940414e+01,-9.582782758283576641e+01,-2.509728227424590674e+00,-9.101839901712214242e+00,-6.662311891255995100e+00,0.000000000000000000e+00,5.201768875279390691e+00,6.462942165384100157e+00
7.295837469613690018e+01,-9.649405877199596659e+01,-2.509728227424529390e+00,-9.101839906902679189e+00,-6.662311891287856724e+00,0.000000000000000000e+00,5.201768567896428941e+00,6.462942165289898178e+00
7.204819070598207986e+01,-9.716028996113746530e+01,-2.509728227424752323e+00,-9.101839895756546284e+00,-6.662311891287008514e+00,0.000000000000000000e+00,5.201768629388285881e+00,6.462942165328150246e+00
7.113800671582886537e+01,-9.782652115027639184e+01,-2.509728227424682157e+00,-9.101839905916117246e+00,-6.662311891644636219e+00,0.000000000000000000e+00,5.201769421400245896e+00,6.462942165263748429e+00
7.022782272567401662e+01,-9.849275233941193619e+01,-2.509728227424615543e+00,-9.101839904246642021e+00,-6.662311891303494882e+00,0.000000000000000000e+00,5.201768956575557823e+00,6.462942165242274939e+00
6.931763873552000632e+01,-9.915898352855491282e+01,-2.509728227424845581e+00,-9.101839887326219625e+00,-6.662311891417814991e+00,0.000000000000000000e+00,5.201768726557459033e+00,6.462942165088116475e+00
6.840745474536801396e+01,-9.982521471769781840e+01,-2.509728227424715463e+00,-9.101839906968258731e+00,-6.662311891224202753e+00,0.000000000000000000e+00,5.201769138046150154e+00,6.462942165403850581e+00
6.749727075521238362e+01,-1.004914459068500321e+02,-2.509728227424918856e+00,-9.101839905518890106e+00,-6.662311891517933127e+00,0.000000000000000000e+00,5.201768811912701906e+00,6.462942165209437206e+00
6.658708676505759172e+01,-1.011576770959796505e+02,-2.509728227424557367e+00,-9.101839911266974781e+00,-6.662311891223951399e+00,0.000000000000000000e+00,5.201768805702548626e+00,6.462942165154865748e+00
6.567690277490328299e+01,-1.018239082851392112e+02,-2.509728227424780744e+00,-9.101839903877429805e+00,-6.662311891586472079e+00,0.000000000000000000e+00,5.201768744761675833e+00,6.462942165061458688e+00
6.476671878474968480e+01,-1.024901394742697249e+02,-2.509728227424673719e+00,-9.101839901850826919e+00,-6.662311891580039003e+00,0.000000000000000000e+00,5.201768748347061155e+00,6.462942165330090027e+00
6.385653479459532633e+01,-1.031563706634181301e+02,-2.509728227424670610e+00,-9.101839885913635797e+00,-6.662311891402742603e+00,0.000000000000000000e+00,5.201769205045633448e+00,6.462942165309323528e+00
6.294635080444088970e+01,-1.038226018525491412e+02,-2.509728227424596003e+00,-9.101839908828679881e+00,-6.662311891428906563e+00,0.000000000000000000e+00,5.201768770284742160e+00,6.462942165325592292e+00
6.203616681428618307e+01,-1.044888330417048223e+02,-2.509728227424597335e+00,-9.101839900649252968e+00,-6.662311891315484402e+00,0.000000000000000000e+00,5.201768776909096559e+00,6.462942165144355045e+00
6.112598282413354411e+01,-1.051550642308361461e+02,-2.509728227424658176e+00,-9.101839902245927760e+00,-6.662311891728396773e+00,0.000000000000000000e+00,5.201768952653269551e+00,6.462942165419649498e+00
6.021579883397902222e+01,-1.058212954199798190e+02,-2.509728227424659508e+00,-9.101839905182281143e+00,-6.662311891523086338e+00,0.000000000000000000e+00,5.201768901800069678e+00,6.462942165446413867e+00
5.930561484382431559e+01,-1.064875266091262063e+02,-2.509728227424769642e+00,-9.101839903625341677e+00,-6.662311891148140930e+00,0.000000000000000000e+00,5.201768986028638686e+00,6.462942165183338972e+00
5.839543085366960185e+01,-1.071537577982723093e+02,-2.509728227424726121e+00,-9.101839896874320601e+00,-6.662311891557439303e+00,0.000000000000000000e+00,5.201768539629534338e+00,6.462942165349173429e+00
5.748524686351634472e+01,-1.078199889874075694e+02,-2.509728227424504965e+00,-9.101839896560369070e+00,-6.662311891179870216e+00,0.000000000000000000e+00,5.201768582997589263e+00,6.462942165353081414e+00
5.657506287336155282e+01,-1.084862201765358662e+02,-2.509728227424518732e+00,-9.101839894136798392e+00,-6.662311891497409988e+00,0.000000000000000000e+00,5.201768259407733908e+00,6.462942165287979712e+00
5.566487888320749278e+01,-1.091524513656830209e+02,-2.509728227424486313e+00,-9.101839897723765560e+00,-6.662311891342475256e+00,0.000000000000000000e+00,5.201769106817747179e+00,6.462942165112719906e+00
5.475469489305354642e+01,-1.098186825548271770e+02,-2.509728227424766533e+00,-9.101839898010890550e+00,-6.662311891094552685e+00,0.000000000000000000e+00,5.201768616734144146e+00,6.462942165262761662e+00
5.384451090290107089e+01,-1.104849137439714610e+02,-2.509728227424615987e+00,-9.101839899889210272e+00,-6.662311891384479878e+00,0.000000000000000000e+00,5.201769457670740948e+00,6.462942165285430640e+00
5.293432691274546187e+01,-1.111511449331200936e+02,-2.509728227424704361e+00,-9.101839893854126728e+00,-6.662311891230201510e+00,0.000000000000000000e+00,5.201768836192059098e+00,6.462942165281480023e+00
5.202414292259028628e+01,-1.118173761222547569e+02,-2.509728227424550262e+00,-9.101839905511559081e+00,-6.662311891217148840e+00,0.000000000000000000e+00,5.201769014632750654e+00,6.462942165225021185e+00
5.111395893243801680e+01,-1.124836073113928165e+02,-2.509728227424639524e+00,-9.101839912833632695e+00,-6.662311891406344166e+00,0.000000000000000000e+00,5.201768703384361814e+00,6.462942165290610497e+00
5.020377494228355175e+01,-1.131498385005408096e+02,-2.509728227424451674e+00,-9.101839894429636146e+00,-6.662311891246614159e+00,0.000000000000000000e+00,5.201768485356438099e+00,6.462942165299610409e+00
4.929359095212875275e+01,-1.138160696896899680e+02,-2.509728227424539160e+00,-9.101839901883222339e+00,-6.662311891299703248e+00,0.000000000000000000e+00,5.201768694524171011e+00,6.462942165288130703e+00
4.838340696197641222e+01,-1.144823008788257681e+02,-2.509728227424522284e+00,-9.101839905493342542e+00,-6.662311891150864973e+00,0.000000000000000000e+00,5.201769262190409471e+00,6.462942165251893911e+00
4.747322297182024897e+01,-1.151485320679639699e+02,-2.509728227424739000e+00,-9.101839912922690345e+00,-6.662311891449006929e+00,0.000000000000000000e+00,5.201768807880362111e+00,6.462942165379558901e+00
4.656303898166597577e+01,-1.158147632571105703e+02,-2.509728227424641300e+00,-9.101839890663763200e+00,-6.662311891554074883e+00,0.000000000000000000e+00,5.201768909062555402e+00,6.462942164992906413e+00
4.565285499151367787e+01,-1.164809944462608797e+02,-2.509728227424615543e+00,-9.101839896660941065e+00,-6.662311891294955046e+00,0.000000000000000000e+00,5.201768574781208798e+00,6.462942165323179999e+00
4.474267100135872965e+01,-1.171472256353879402e+02,-2.509728227424597335e+00,-9.101839907227445181e+00,-6.662311891426065280e+00,0.000000000000000000e+00,5.201769335032254915e+00,6.462942165279624618e+00
4.383248701120332669e+01,-1.178134568245399549e+02,-2.509728227424774083e+00,-9.101839900219003354e+00,-6.662311891485455995e+00,0.000000000000000000e+00,5.201768991383713292e+00,6.462942165315751275e+00
4.292230302105059536e+01,-1.184796880136882606e+02,-2.509728227424639080e+00,-9.101839908235234589e+00,-6.662311890896217115e+00,0.000000000000000000e+00,5.201768642527852649e+00,6.462942165325124222e+00
4.201211903089661348e+01,-1.191459192028273861e+02,-2.509728227424683489e+00,-9.101839895425877458e+00,-6.662311891613944326e+00,0.000000000000000000e+00,5.201768441208859173e+00,6.462942165283791951e+00
4.110193504074340609e+01,-1.198121503919692827e+02,-2.509728227424571134e+00,-9.101839900967064523e+00,-6.662311891687832777e+00,0.000000000000000000e+00,5.201768861573529357e+00,6.462942165311400977e+00
4.019175105058810971e+01,-1.204783815810988585e+02,-2.509728227424912639e+00,-9.101839893939594361e+00,-6.662311891455929391e+00,0.000000000000000000e+00,5.201769096974432571e+00,6.462942165307921094e+00
3.928156706043291280e+01,-1.211446127702440378e+02,-2.509728227424781188e+00,-9.101839896193810731e+00,-6.662311891397150632e+00,0.000000000000000000e+00,5.201768781989748014e+00,6.462942165241803316e+00
3.837138307027881012e+01,-1.218108439593928267e+02,-2.509728227424531610e+00,-9.101839908665889212e+00,-6.662311891985237544e+00,0.000000000000000000e+00,5.201769073384204134e+00,6.462942165183410026e+00
3.746119908012583721e+01,-1.224770751485315401e+02,-2.509728227424644853e+00,-9.101839893885427912e+00,-6.662311891336826442e+00,0.000000000000000000e+00,5.201768562468677359e+00,6.462942165241337911e+00
3.655101508996916237e+01,-1.231433063376824180e+02,-2.509728227424581792e+00,-9.101839901016646195e+00,-6.662311891642151096e+00,0.000000000000000000e+00,5.201768918280281540e+00,6.462942165298694697e+00
3.564083109981790187e+01,-1.238095375268170244e+02,-2.509728227424601776e+00,-9.101839906831399318e+00,-6.662311891431952127e+00,0.000000000000000000e+00,5.201768631243623986e+00,6.462942165442350451e+00
3.473064710966281865e+01,-1.244757687159587647e+02,-2.509728227424612435e+00,-9.101839906437522387e+00,-6.662311891499624217e+00,0.000000000000000000e+00,5.201768945918151310e+00,6.462942165270246342e+00
3.382046311950896467e+01,-1.251419999051045124e+02,-2.509728227424736779e+00,-9.101839898710952781e+00,-6.662311891249768969e+00,0.000000000000000000e+00,5.201768834193742919e+00,6.462942165292022700e+00
3.291027912935346222e+01,-1.258082310942336193e+02,-2.509728227424631530e+00,-9.101839907519412520e+00,-6.662311891428771560e+00,0.000000000000000000e+00,5.201768766705328950e+00,6.462942165343967815e+00
3.200009513920139170e+01,-1.264744622833930237e+02,-2.509728227424641744e+00,-9.101839901699198876e+00,-6.662311891650257500e+00,0.000000000000000000e+00,5.201768565773631003e+00,6.462942165306127862e+00
3.108991114904707587e+01,-1.271406934725335134e+02,-2.509728227424495195e+00,-9.101839895366294897e+00,-6.662311891288686283e+00,0.000000000000000000e+00,5.201768874208693383e+00,6.462942165246511550e+00
3.017972715889231594e+01,-1.278069246616676935e+02,-2.509728227424616875e+00,-9.101839906856300288e+00,-6.662311891460483970e+00,0.000000000000000000e+00,5.201768953434059206e+00,6.462942165194036193e+00
2.926954316873820616e+01,-1.284731558508229909e+02,-2.509728227424565361e+00,-9.101839895787190216e+00,-6.662311891404737452e+00,0.000000000000000000e+00,5.201768602923833917e+00,6.462942165220046498e+00
2.835935917858482824e+01,-1.291393870399490140e+02,-2.509728227424811831e+00,-9.101839897279726088e+00,-6.662311891283694720e+00,0.000000000000000000e+00,5.201768741464305457e+00,6.462942165292740349e+00
2.744917518843110926e+01,-1.298056182290921470e+02,-2.509728227424578240e+00,-9.101839893150204475e+00,-6.662311891403884800e+00,0.000000000000000000e+00,5.201768788812701771e+00,6.462942165348375845e+00
2.653899119827583775e+01,-1.304718494182346831e+02,-2.509728227424707470e+00,-9.101839901785936604e+00,-6.662311891516208284e+00,0.000000000000000000e+00,5.201768719890051074e+00,6.462942165310354703e+00
2.562880720812248470e+01,-1.311380806073718759e+02,-2.509728227424689706e+00,-9.101839897758413400e+00,-6.662311891812399800e+00,0.000000000000000000e+00,5.201768171114114381e+00,6.462942165361747371e+00
2.471862321796790596e+01,-1.318043117965273439e+02,-2.509728227424692815e+00,-9.101839903171445201e+00,-6.662311891248785756e+00,0.000000000000000000e+00,5.201768569560166533e+00,6.462942165335291200e+00
2.380843922781555122e+01,-1.324705429856717842e+02,-2.509728227424714575e+00,-9.101839906675989411e+00,-6.662311891355583882e+00,0.000000000000000000e+00,5.201768949750501747e+00,6.462942165291839736e+00
2.289825523765969706e+01,-1.331367741748090054e+02,-2.509728227424646629e+00,-9.101839917709737549e+00,-6.662311891431075495e+00,0.000000000000000000e+00,5.201768616893287955e+00,6.462942165193725330e+00
2.198807124750560860e+01,-1.338030053639505184e+02,-2.509728227424596003e+00,-9.101839909932587958e+00,-6.662311891462166180e+00,0.000000000000000000e+00,5.201768997777917569e+00,6.462942165196555955e+00
2.107788725735053958e+01,-1.344692365530973461e+02,-2.509728227424580460e+00,-9.101839914137729082e+00,-6.662311891379974149e+00,0.000000000000000000e+00,5.201769071627972529e+00,6.462942165338632527e+00
2.016770326719808892e+01,-1.351354677422287978e+02,-2.509728227424733671e+00,-9.101839909755508273e+00,-6.662311891401142105e+00,0.000000000000000000e+00,5.201768477016783798e+00,6.462942165318905197e+00
1.925751927704292044e+01,-1.358016989313762792e+02,-2.509728227424625313e+00,-9.101839904537822434e+00,-6.662311891475236614e+00,0.000000000000000000e+00,5.201768451310068819e+00,6.462942165174685449e+00
1.834733528688774129e+01,-1.364679301205201511e+02,-2.509728227424596003e+00,-9.101839898521184580e+00,-6.662311891403723152e+00,0.000000000000000000e+00,5.201768598409191036e+00,6.462942165358973590e+00
1.743715129673408271e+01,-1.371341613096636252e+02,-2.509728227424487645e+00,-9.101839880144410699e+00,-6.662311891748325721e+00,0.000000000000000000e+00,5.201768177213991429e+00,6.462942165395332950e+00
1.652696730657955726e+01,-1.378003924988079518e+02,-2.509728227424687486e+00,-9.101839892302518109e+00,-6.662311891580645629e+00,0.000000000000000000e+00,5.201768575764683433e+00,6.462942165315030074e+00
1.561678331642554696e+01,-1.384666236879373571e+02,-2.509728227424668834e+00,-9.101839902875440202e+00,-6.662311891621031990e+00,0.000000000000000000e+00,5.201768990896636247e+00,6.462942165477008061e+00
1.470659932627122402e+01,-1.391328548770893292e+02,-2.509728227424716351e+00,-9.101839911341940592e+00,-6.662311891627858529e+00,0.000000000000000000e+00,5.201768575222825319e+00,6.462942165293328323e+00
1.379641533611697035e+01,-1.397990860662357022e+02,-2.509728227424581348e+00,-9.101839896781209305e+00,-6.662311891447002310e+00,0.000000000000000000e+00,5.201768541994976403e+00,6.462942165273726225e+00
1.288623134596463693e+01,-1.404653172553624643e+02,-2.509728227424704805e+00,-9.101839905775584327e+00,-6.662311891230861427e+00,0.000000000000000000e+00,5.201769258768773163e+00,6.462942165267240746e+00
1.197604735581025714e+01,-1.411315484445186996e+02,-2.509728227424678604e+00,-9.101839907287452291e+00,-6.662311891873174297e+00,0.000000000000000000e+00,5.201768632886111021e+00,6.462942165248478865e+00
1.106586336565825235e+01,-1.417977796336389247e+02,-2.509728227424534275e+00,-9.101839905465217484e+00,-6.662311891748549542e+00,0.000000000000000000e+00,5.201768529219039650e+00,6.462942165230332492e+00
1.015567937550103750e+01,-1.424640108227922042e+02,-2.509728227424537828e+00,-9.101839912730172344e+00,-6.662311891603029501e+00,0.000000000000000000e+00,5.201769057088188930e+00,6.462942165165044273e+00
9.245495385348366568e+00,-1.431302420119475300e+02,-2.509728227424659952e+00,-9.101839901739902317e+00,-6.662311891251295748e+00,0.000000000000000000e+00,5.201768911904743220e+00,6.462942165253057425e+00
8.335311395192578132e+00,-1.437964732010731552e+02,-2.509728227424627534e+00,-9.101839893477183807e+00,-6.662311891677895836e+00,0.000000000000000000e+00,5.201769269604252344e+00,6.462942165200334266e+00
7.425127405038914219e+00,-1.444627043902225410e+02,-2.509728227424510738e+00,-9.101839906128315505e+00,-6.662311891448429613e+00,0.000000000000000000e+00,5.201768497135619285e+00,6.462942165463252842e+00
6.514943414883092920e+00,-1.451289355793646791e+02,-2.509728227424463665e+00,-9.101839904486752175e+00,-6.662311891763851968e+00,0.000000000000000000e+00,5.201768597868010602e+00,6.462942165221636337e+00
5.604759424730621831e+00,-1.457951667685148038e+02,-2.509728227424497415e+00,-9.101839899054922967e+00,-6.662311891402000086e+00,0.000000000000000000e+00,5.201769175104105969e+00,6.462942165262684391e+00
4.694575434575443573e+00,-1.464613979576441238e+02,-2.509728227424627089e+00,-9.101839908349539598e+00,-6.662311891381402340e+00,0.000000000000000000e+00,5.201768588169460195e+00,6.462942165159272001e+00
3.784391444421258743e+00,-1.471276291467935096e+02,-2.509728227424533831e+00,-9.101839900239227177e+00,-6.662311891397544095e+00,0.000000000000000000e+00,5.201768470748548090e+00,6.462942165263640959e+00
2.874207454267186712e+00,-1.477938603359357614e+02,-2.509728227424735891e+00,-9.101839899397708322e+00,-6.662311891470189096e+00,0.000000000000000000e+00,5.201768437969865211e+00,6.462942165281316598e+00
1.964023464114021511e+00,-1.484600915250704247e+02,-2.509728227424829150e+00,-9.101839903950946109e+00,-6.662311891495384941e+00,0.000000000000000000e+00,5.201769094509517188e+00,6.462942165203183542e+00
1.053839473959794715e+00,-1.491263227142126766e+02,-2.509728227424792735e+00,-9.101839886061531715e+00,-6.662311891543557074e+00,0.000000000000000000e+00,5.201769154645877080e+00,6.462942165311366338e+00
1.436554838067534978e-01,-1.497925539033648761e+02,-2.509728227424661728e+00,-9.101839899536070533e+00,-6.662311891408166709e+00,0.000000000000000000e+00,5.201768473018936412e+00,6.462942165372854930e+00
-7.665285063472478955e-01,-1.504587850924843053e+02,-2.509728227424798064e+00,-9.101839908013403146e+00,-6.662311891203419378e+00,0.000000000000000000e+00,5.201769061559360807e+00,6.462942165181068788e+00
-1.676712496501518102e+00,-1.511250162816418197e+02,-2.509728227424608882e+00,-9.101839912464411597e+00,-6.662311891494498539e+00,0.000000000000000000e+00,5.201769549176465723e+00,6.462942165213474865e+00
-2.586896486656327987e+00,-1.517912474707946160e+02,-2.509728227424524949e+00,-9.101839903444282953e+00,-6.662311891607026304e+00,0.000000000000000000e+00,5.201768470995800087e+00,6.462942165219121016e+00
-3.497080476813222649e+00,-1.524574786599411595e+02,-2.509728227424804725e+00,-9.101839899161879188e+00,-6.662311891445464873e+00,0.000000000000000000e+00,5.201768924545925543e+00,6.462942165099007319e+00
-4.407264466964256222e+00,-1.531237098490766755e+02,-2.509728227424712355e+00,-9.101839893820383054e+00,-6.662311891286744725e+00,0.000000000000000000e+00,5.201768506225834088e+00,6.462942165263790173e+00
-5.317448457118831406e+00,-1.537899410382113956e+02,-2.509728227424448566e+00,-9.101839912158185442e+00,-6.662311891537235908e+00,0.000000000000000000e+00,5.201768875340661680e+00,6.462942165351754475e+00
-6.227632447272021921e+00,-1.544561722273496684e+02,-2.509728227424584013e+00,-9.101839901409006117e+00,-6.662311891385213514e+00,0.000000000000000000e+00,5.201768818043418285e+00,6.462942165325126886e+00
-7.137816437427082938e+00,-1.551224034164956436e+02,-2.509728227424713687e+00,-9.101839895721527185e+00,-6.662311891664321806e+00,0.000000000000000000e+00,5.201768432005315468e+00,6.462942165096007940e+00
-8.048000427580804583e+00,-1.557886346056391744e+02,-2.509728227424570690e+00,-9.101839904077335675e+00,-6.662311891367866501e+00,0.000000000000000000e+00,5.201769172265029439e+00,6.462942165181043030e+00
-8.958184417736813288e+00,-1.564548657947748325e+02,-2.509728227424636859e+00,-9.101839894778173345e+00,-6.662311891314794288e+00,0.000000000000000000e+00,5.201768936058275727e+00,6.462942165320712640e+00
-9.868368407890619309e+00,-1.571210969839109453e+02,-2.509728227424771863e+00,-9.101839906641377098e+00,-6.662311891397502350e+00,0.000000000000000000e+00,5.201768868382610655e+00,6.462942165293007690e+00
-1.077855239804397769e+01,-1.577873281730666690e+02,-2.509728227424584457e+00,-9.101839896956796849e+00,-6.662311891553054366e+00,0.000000000000000000e+00,5.201768523776943098e+00,6.462942165374422565e+00
-1.168873638819968086e+01,-1.584535593622084377e+02,-2.509728227424614655e+00,-9.101839902071363397e+00,-6.662311891238370976e+00,0.000000000000000000e+00,5.201769053963857914e+00,6.462942165286619023e+00
-1.259892037835213685e+01,-1.591197905513486432e+02,-2.509728227424524061e+00,-9.101839900613676093e+00,-6.662311891255080276e+00,0.000000000000000000e+00,5.201769374476956642e+00,6.462942165361586611e+00
-1.350910436850593221e+01,-1.597860217404849266e+02,-2.509728227424715907e+00,-9.101839903360330553e+00,-6.662311891281327725e+00,0.000000000000000000e+00,5.201768419758993289e+00,6.462942165381028836e+00
-1.441928835866016279e+01,-1.604522529296212667e+02,-2.509728227424643077e+00,-9.101839904306991968e+00,-6.662311891308532630e+00,0.000000000000000000e+00,5.201768816145421859e+00,6.462942165321158505e+00
-1.532947234881364906e+01,-1.611184841187785821e+02,-2.509728227424789182e+00,-9.101839906422053872e+00,-6.662311891586328194e+00,0.000000000000000000e+00,5.201769256849922307e+00,6.462942165300937347e+00
-1.623965633896833083e+01,-1.617847153079193276e+02,-2.509728227424675495e+00,-9.101839902710567642e+00,-6.662311891161863286e+00,0.000000000000000000e+00,5.201768871822823215e+00,6.462942165395367589e+00
-1.714984032912315115e+01,-1.624509464970653028e+02,-2.509728227424683045e+00,-9.101839900380570114e+00,-6.662311891608872827e+00,0.000000000000000000e+00,5.201769095730428560e+00,6.462942165245348924e+00
-1.806002431927808161e+01,-1.631171776862044283e+02,-2.509728227424565361e+00,-9.101839907560551168e+00,-6.662311891200049629e+00,0.000000000000000000e+00,5.201768606007203921e+00,6.462942165221360113e+00
-1.897020830943128900e+01,-1.637834088753517960e+02,-2.509728227424645297e+00,-9.101839897992858752e+00,-6.662311891432085353e+00,0.000000000000000000e+00,5.201769240507337244e+00,6.462942165288977137e+00
-1.988039229958608800e+01,-1.644496400644943890e+02,-2.509728227424531166e+00,-9.101839898528444550e+00,-6.662311891571080835e+00,0.000000000000000000e+00,5.201769071847829551e+00,6.462942165331300615e+00
-2.079057628973831839e+01,-1.651158712536335997e+02,-2.509728227424414815e+00,-9.101839896244518613e+00,-6.662311891370218397e+00,0.000000000000000000e+00,5.201768410140511278e+00,6.462942165173921616e+00
-2.170076027989516376e+01,-1.657821024427608734e+02,-2.509728227424669278e+00,-9.101839914701676193e+00,-6.662311891372060479e+00,0.000000000000000000e+00,5.201768771957354431e+00,6.462942165189338617e+00
-2.261094427004721652e+01,-1.664483336319042905e+02,-2.509728227424768310e+00,-9.101839911492771051e+00,-6.662311891475793502e+00,0.000000000000000000e+00,5.201768864660095026e+00,6.462942165217007151e+00
-2.352112826020102432e+01,-1.671145648210528805e+02,-2.509728227424684821e+00,-9.101839897984477901e+00,-6.662311891262456598e+00,0.000000000000000000e+00,5.201768868448265692e+00,6.462942165413800844e+00
-2.443131225035692822e+01,-1.677807960101842752e+02,-2.509728227424457003e+00,-9.101839901405547550e+00,-6.662311891518161389e+00,0.000000000000000000e+00,5.201768747047345265e+00,6.462942165150317386e+00
-2.534149624051180183e+01,-1.684470271993223491e+02,-2.509728227424555591e+00,-9.101839893600836007e+00,-6.662311891635242844e+00,0.000000000000000000e+00,5.201768660171924630e+00,6.462942165365706870e+00
-2.625168023066591871e+01,-1.691132583884757139e+02,-2.509728227424654623e+00,-9.101839905132733222e+00,-6.662311891315243706e+00,0.000000000000000000e+00,5.201769166358398699e+00,6.462942165394880867e+00
-2.716186422081901597e+01,-1.697794895776191026e+02,-2.509728227424409486e+00,-9.101839906026450322e+00,-6.662311891525011021e+00,0.000000000000000000e+00,5.201768926791848990e+00,6.462942165126945859e+00
-2.807204821097260705e+01,-1.704457207667695400e+02,-2.509728227424659508e+00,-9.101839894046435120e+00,-6.662311891180623391e+00,0.000000000000000000e+00,5.201768947789192410e+00,6.462942165350078483e+00
-2.898223220112620524e+01,-1.711119519559115361e+02,-2.509728227424544489e+00,-9.101839897586785355e+00,-6.662311891237335360e+00,0.000000000000000000e+00,5.201768871117527837e+00,6.462942165068336742e+00
-2.989241619128221217e+01,-1.717781831450440677e+02,-2.509728227424620872e+00,-9.101839911040979558e+00,-6.662311891521320639e+00,0.000000000000000000e+00,5.201768894677596400e+00,6.462942165379823578e+00
-3.080260018143518863e+01,-1.724444143341887639e+02,-2.509728227424664837e+00,-9.101839900360682023e+00,-6.662311891340475967e+00,0.000000000000000000e+00,5.201768551457448986e+00,6.462942165442231435e+00
-3.171278417158870511e+01,-1.731106455233355916e+02,-2.509728227424788294e+00,-9.101839903146126787e+00,-6.662311891632993088e+00,0.000000000000000000e+00,5.201768523493060847e+00,6.462942165318192878e+00
-3.262296816174389136e+01,-1.737768767124757971e+02,-2.509728227424481872e+00,-9.101839913996467857e+00,-6.662311891367682648e+00,0.000000000000000000e+00,5.201769109104072086e+00,6.462942165458219534e+00
-3.353315215189753928e+01,-1.744431079016165995e+02,-2.509728227424846470e+00,-9.101839911171618169e+00,-6.662311891435160227e+00,0.000000000000000000e+00,5.201768683259444970e+00,6.462942165392761673e+00
-3.444333614205099536e+01,-1.751093390907654452e+02,-2.509728227424616431e+00,-9.101839910171685588e+00,-6.662311891112714157e+00,0.000000000000000000e+00,5.201768850823070167e+00,6.462942165118218618e+00
-3.535352013220483514e+01,-1.757755702798966126e+02,-2.509728227424628422e+00,-9.101839890198304417e+00,-6.662311891586160328e+00,0.000000000000000000e+00,5.201768453026441641e+00,6.462942165192640864e+00
-3.626370412235978336e+01,-1.764418014690409677e+02,-2.509728227424699476e+00,-9.101839899468499695e+00,-6.662311891418807974e+00,0.000000000000000000e+00,5.201768277919463834e+00,6.462942165222735014e+00
-3.717388811251426262e+01,-1.771080326581878239e+02,-2.509728227424875779e+00,-9.101839897584357075e+00,-6.662311891340718439e+00,0.000000000000000000e+00,5.201768776214949597e+00,6.462942165217355317e+00
-3.808407210266901188e+01,-1.777742638473323211e+02,-2.509728227424812719e+00,-9.101839914611021598e+00,-6.662311891502159078e+00,0.000000000000000000e+00,5.201768453971930661e+00,6.462942165139925699e+00
-3.899425609282259586e+01,-1.784404950364668707e+02,-2.509728227424504077e+00,-9.101839896005369468e+00,-6.662311891288631216e+00,0.000000000000000000e+00,5.201769150918278406e+00,6.462942165439399922e+00
-3.990444008297672696e+01,-1.791067262256034098e+02,-2.509728227424834923e+00,-9.101839896532062824e+00,-6.662311891343488668e+00,0.000000000000000000e+00,5.201768586194654986e+00,6.462942165335094913e+00
-4.081462407313048857e+01,-1.797729574147637095e+02,-2.509728227424677716e+00,-9.101839914032213485e+00,-6.662311891577327394e+00,0.000000000000000000e+00,5.201768716270460224e+00,6.462942165276832185e+00
-4.172480806328560732e+01,-1.804391886038896473e+02,-2.509728227424580016e+00,-9.101839882494047629e+00,-6.662311891272549857e+00,0.000000000000000000e+00,5.201768644080269510e+00,6.462942165308941611e+00
-4.263499205343814680e+01,-1.811054197930386351e+02,-2.509728227424812719e+00,-9.101839902724202958e+00,-6.662311891368180028e+00,0.000000000000000000e+00,5.201768673952371635e+00,6.462942165220701973e+00
-4.354517604359123339e+01,-1.817716509821721047e+02,-2.509728227424605773e+00,-9.101839899452086158e+00,-6.662311891403568609e+00,0.000000000000000000e+00,5.201769053968622991e+00,6.462942165264751182e+00
-4.445536003374744638e+01,-1.824378821713223715e+02,-2.509728227424453451e+00,-9.101839900250093152e+00,-6.662311891152368659e+00,0.000000000000000000e+00,5.201768640009712286e+00,6.462942165310876064e+00
-4.536554402390021323e+01,-1.831041133604661297e+02,-2.509728227424521840e+00,-9.101839894926087027e+00,-6.662311891526079499e+00,0.000000000000000000e+00,5.201768462257279069e+00,6.462942165273851458e+00
-4.627572801405586489e+01,-1.837703445495992298e+02,-2.509728227424512070e+00,-9.101839894937137743e+00,-6.662311891594122848e+00,0.000000000000000000e+00,5.201768482557354467e+00,6.462942165273843464e+00
-4.718591200420995335e+01,-1.844365757387523672e+02,-2.509728227424675051e+00,-9.101839907176991318e+00,-6.662311891515768636e+00,0.000000000000000000e+00,5.201769089859761941e+00,6.462942165158450436e+00
-4.809609599436257810e+01,-1.851028069278896453e+02,-2.509728227424415703e+00,-9.101839899880696194e+00,-6.662311891389058438e+00,0.000000000000000000e+00,5.201769160857398155e+00,6.462942165286871266e+00
-4.900627998451809475e+01,-1.857690381170312435e+02,-2.509728227424745661e+00,-9.101839904390374159e+00,-6.662311891355232163e+00,0.000000000000000000e+00,5.201769229978161491e+00,6.462942165204737854e+00
-4.991646397467272323e+01,-1.864352693061709658e+02,-2.509728227424776303e+00,-9.101839896096407756e+00,-6.662311891342803882e+00,0.000000000000000000e+00,5.201768812120406871e+00,6.462942165198569455e+00
-5.082664796482526270e+01,-1.871015004953156051e+02,-2.509728227424745217e+00,-9.101839887987118516e+00,-6.662311891482199044e+00,0.000000000000000000e+00,5.201768579206780707e+00,6.462942165372030701e+00
-5.173683195498108489e+01,-1.877677316844608413e+02,-2.509728227424440128e+00,-9.101839894349344817e+00,-6.662311891323652091e+00,0.000000000000000000e+00,5.201768982410057696e+00,6.462942165464395927e+00
-5.264701594513444860e+01,-1.884339628736001089e+02,-2.509728227424868674e+00,-9.101839898541538076e+00,-6.662311891577576972e+00,0.000000000000000000e+00,5.201768327261934388e+00,6.462942165391634575e+00
-5.355719993528981604e+01,-1.891001940627322710e+02,-2.509728227424560032e+00,-9.101839905637202577e+00,-6.662311891510284134e+00,0.000000000000000000e+00,5.201769384536746976e+00,6.462942165308382059e+00
-5.446738392544302343e+01,-1.897664252518845842e+02,-2.509728227424740776e+00,-9.101839904391082925e+00,-6.662311891566662148e+00,0.000000000000000000e+00,5.201768662802360055e+00,6.462942165184841770e+00
-5.537756791559669267e+01,-1.904326564410262108e+02,-2.509728227424527613e+00,-9.101839915544166715e+00,-6.662311891636360173e+00,0.000000000000000000e+00,5.201768862715781871e+00,6.462942165302980158e+00
-5.628775190575150589e+01,-1.910988876301700259e+02,-2.509728227424826930e+00,-9.101839904310907059e+00,-6.662311891375773065e+00,0.000000000000000000e+00,5.201768864467134712e+00,6.462942165152536056e+00
-5.719793589590433669e+01,-1.917651188193240444e+02,-2.509728227424634639e+00,-9.101839908201215579e+00,-6.662311891382511675e+00,0.000000000000000000e+00,5.201768540787888639e+00,6.462942165318778187e+00
-5.810811988606006651e+01,-1.924313500084610098e+02,-2.509728227424657732e+00,-9.101839902863019915e+00,-6.662311891370249484e+00,0.000000000000000000e+00,5.201768957451851527e+00,6.462942165173902964e+00
-5.901830387621309626e+01,-1.930975811975902445e+02,-2.509728227424677272e+00,-9.101839914001601528e+00,-6.662311891339498082e+00,0.000000000000000000e+00,5.201769105029030449e+00,6.462942165317258514e+00
-5.992848786636588443e+01,-1.937638123867468778e+02,-2.509728227424577796e+00,-9.101839903362366258e+00,-6.662311891540821485e+00,0.000000000000000000e+00,5.201768349928530988e+00,6.462942165122447236e+00
-6.083867185652128740e+01,-1.944300435758771073e+02,-2.509728227424731006e+00,-9.101839901675013778e+00,-6.662311891343155601e+00,0.000000000000000000e+00,5.201769514451542342e+00,6.462942165225195268e+00
-6.174885584667376293e+01,-1.950962747650243330e+02,-2.509728227424714131e+00,-9.101839905374236039e+00,-6.662311891153563259e+00,0.000000000000000000e+00,5.201768515569923146e+00,6.462942165159002883e+00
-6.265903983682989065e+01,-1.957625059541541646e+02,-2.509728227424656399e+00,-9.101839913138269011e+00,-6.662311891313766665e+00,0.000000000000000000e+00,5.201769450137341266e+00,6.462942165294046859e+00
-6.356922382698491703e+01,-1.964287371433043177e+02,-2.509728227424528058e+00,-9.101839910300954628e+00,-6.662311891696946375e+00,0.000000000000000000e+00,5.201768448412280144e+00,6.462942165223164004e+00
-6.447940781713917602e+01,-1.970949683324494686e+02,-2.509728227424615099e+00,-9.101839905711461398e+00,-6.662311891496290883e+00,0.000000000000000000e+00,5.201768820063729315e+00,6.462942165196981392e+00
-6.538959180729231946e+01,-1.977611995215896741e+02,-2.509728227424771418e+00,-9.101839894107222051e+00,-6.662311891594713487e+00,0.000000000000000000e+00,5.201768860352520285e+00,6.462942165213297230e+00
-6.629977579744769400e+01,-1.984274307107272080e+02,-2.509728227424566249e+00,-9.101839890636842512e+00,-6.662311891742083603e+00,0.000000000000000000e+00,5.201768966145222883e+00,6.462942165359936375e+00
-6.720995978759991374e+01,-1.990936618998820506e+02,-2.509728227424435243e+00,-9.101839899323373118e+00,-6.662311891484240078e+00,0.000000000000000000e+00,5.201768800245192281e+00,6.462942165485818791e+00
-6.812014377775383878e+01,-1.997598930890086706e+02,-2.509728227424810054e+00,-9.101839906383952794e+00,-6.662311891267285624e+00,0.000000000000000000e+00,5.201768695051142366e+00,6.462942165311634568e+00
-6.903032776790875857e+01,-2.004261242781549868e+02,-2.509728227424636415e+00,-9.101839895495832167e+00,-6.662311891724228552e+00,0.000000000000000000e+00,5.201768831258572590e+00,6.462942165218814594e+00
-6.994051175806224308e+01,-2.010923554673024682e+02,-2.509728227424609326e+00,-9.101839889955748220e+00,-6.662311891632575644e+00,0.000000000000000000e+00,5.201768935448112252e+00,6.462942165264347949e+00
-7.085069574821781657e+01,-2.017585866564483297e+02,-2.509728227424580460e+00,-9.101839911663470062e+00,-6.662311891209864889e+00,0.000000000000000000e+00,5.201769095956458422e+00,6.462942165414876428e+00
-7.176087973837103107e+01,-2.024248178455969764e+02,-2.509728227424680380e+00,-9.101839901641765707e+00,-6.662311891289511401e+00,0.000000000000000000e+00,5.201768792861142465e+00,6.462942165408748885e+00
-7.267106372852710194e+01,-2.030910490347405357e+02,-2.509728227424567137e+00,-9.101839903836754786e+00,-6.662311891113215090e+00,0.000000000000000000e+00,5.201768687032402916e+00,6.462942165375273440e+00
-7.358124771867922220e+01,-2.037572802238755969e+02,-2.509728227424651070e+00,-9.101839897805891866e+00,-6.662311891347624915e+00,0.000000000000000000e+00,5.201769072411005723e+00,6.462942165271205575e+00
-7.449143170883340304e+01,-2.044235114129945998e+02,-2.509728227424632863e+00,-9.101839899707579562e+00,-6.662311891417727949e+00,0.000000000000000000e+00,5.201768884462881104e+00,6.462942165257501870e+00
-7.540161569898837968e+01,-2.050897426021443835e+02,-2.509728227424500968e+00,-9.101839913876530019e+00,-6.662311891621694571e+00,0.000000000000000000e+00,5.201768990122190850e+00,6.462942165294079722e+00
-7.631179968914238998e+01,-2.057559737912917228e+02,-2.509728227424699476e+00,-9.101839896954299292e+00,-6.662311891847821244e+00,0.000000000000000000e+00,5.201768990132060289e+00,6.462942165144184514e+00
-7.722198367929809137e+01,-2.064222049804295125e+02,-2.509728227424583125e+00,-9.101839904542650572e+00,-6.662311891485177107e+00,0.000000000000000000e+00,5.201768874801708797e+00,6.462942165287624441e+00
-7.813216766945093639e+01,-2.070884361695793530e+02,-2.509728227424681712e+00,-9.101839903804767928e+00,-6.662311891438640998e+00,0.000000000000000000e+00,5.201769133098437692e+00,6.462942165248784399e+00
-7.904235165960473353e+01,-2.077546673587223154e+02,-2.509728227424622649e+00,-9.101839901032931834e+00,-6.662311891595566138e+00,0.000000000000000000e+00,5.201768802736038921e+00,6.462942165361642566e+00
-7.995253564976107441e+01,-2.084208985478453542e+02,-2.509728227424416147e+00,-9.101839911189705035e+00,-6.662311891623918569e+00,0.000000000000000000e+00,5.201768948576797946e+00,6.462942165232360203e+00
-8.086271963991370626e+01,-2.090871297370041759e+02,-2.509728227424577796e+00,-9.101839901625851326e+00,-6.662311891356613280e+00,0.000000000000000000e+00,5.201768897534621239e+00,6.462942165230055380e+00
-8.177290363006835605e+01,-2.097533609261397487e+02,-2.509728227424542268e+00,-9.101839909650479399e+00,-6.662311891172749689e+00,0.000000000000000000e+00,5.201768631062151371e+00,6.462942165313258158e+00
-8.268308762021970892e+01,-2.104195921152866902e+02,-2.509728227424721680e+00,-9.101839893788834956e+00,-6.662311891320457313e+00,0.000000000000000000e+00,5.201768693328665094e+00,6.462942165230318281e+00
-8.359327161037529663e+01,-2.110858233044244514e+02,-2.509728227424688374e+00,-9.101839897584589778e+00,-6.662311891431747846e+00,0.000000000000000000e+00,5.201769084898881346e+00,6.462942165173824804e+00
-8.450345560053044380e+01,-2.117520544935691191e+02,-2.509728227424706581e+00,-9.101839903376420793e+00,-6.662311891552477938e+00,0.000000000000000000e+00,5.201768962673592789e+00,6.462942165269448758e+00
-8.541363959068284828e+01,-2.124182856827062551e+02,-2.509728227424595559e+00,-9.101839896031979293e+00,-6.662311891311104795e+00,0.000000000000000000e+00,5.201768305487513011e+00,6.462942165514275139e+00
-8.632382358083577856e+01,-2.130845168718430500e+02,-2.509728227424580016e+00,-9.101839908896840470e+00,-6.662311891636520933e+00,0.000000000000000000e+00,5.201768455336611474e+00,6.462942165414232498e+00
-8.723400757099179259e+01,-2.137507480610074424e+02,-2.509728227424401492e+00,-9.101839903347713090e+00,-6.662311891359140148e+00,0.000000000000000000e+00,5.201768454439044120e+00,6.462942165136253081e+00
-8.814419156114530551e+01,-2.144169792501459710e+02,-2.509728227424523173e+00,-9.101839894399681441e+00,-6.662311891391308194e+00,0.000000000000000000e+00,5.201768885355792627e+00,6.462942165189365262e+00
-8.905437555129904581e+01,-2.150832104392777069e+02,-2.509728227424640856e+00,-9.101839904393663971e+00,-6.662311891462239011e+00,0.000000000000000000e+00,5.201768427860474553e+00,6.462942165165201480e+00
-8.996455954145397982e+01,-2.157494416284307590e+02,-2.509728227424734115e+00,-9.101839908766514498e+00,-6.662311891769637562e+00,0.000000000000000000e+00,5.201768968449704822e+00,6.462942165372108860e+00
-9.087474353160868645e+01,-2.164156728175507851e+02,-2.509728227424785185e+00,-9.101839902015514738e+00,-6.662311891413212450e+00,0.000000000000000000e+00,5.201768315807195897e+00,6.462942165366795777e+00
-9.178492752176161673e+01,-2.170819040067111416e+02,-2.509728227424714575e+00,-9.101839903510777319e+00,-6.662311891123627206e+00,0.000000000000000000e+00,5.201768810611626215e+00,6.462942165121875249e+00
-9.269511151191805709e+01,-2.177481351958547862e+02,-2.509728227424863789e+00,-9.101839891700169716e+00,-6.662311891463746250e+00,0.000000000000000000e+00,5.201768649539759259e+00,6.462942165272053785e+00
-9.360529550207125737e+01,-2.184143663850045414e+02,-2.509728227424900204e+00,-9.101839896447792455e+00,-6.662311891368043248e+00,0.000000000000000000e+00,5.201768746300960089e+00,6.462942165432660424e+00
-9.451547949222450029e+01,-2.190805975741340887e+02,-2.509728227424594671e+00,-9.101839896227120974e+00,-6.662311891408037923e+00,0.000000000000000000e+00,5.201768395470504736e+00,6.462942165337792311e+00
-9.542566348238078433e+01,-2.197468287632738111e+02,-2.509728227424731450e+00,-9.101839901887023743e+00,-6.662311891581523149e+00,0.000000000000000000e+00,5.201768767598003329e+00,6.462942165074228029e+00
-9.633584747253325986e+01,-2.204130599524270622e+02,-2.509728227424580460e+00,-9.101839898682644758e+00,-6.662311891351655468e+00,0.000000000000000000e+00,5.201769376525433586e+00,6.462942165372068004e+00
-9.724603146268634646e+01,-2.210792911415529147e+02,-2.509728227424596447e+00,-9.101839911583892828e+00,-6.662311891346181625e+00,0.000000000000000000e+00,5.201768799419088651e+00,6.462942165432922437e+00
-9.815621545283994465e+01,-2.217455223307094627e+02,-2.509728227424895763e+00,-9.101839887103723825e+00,-6.662311891202465475e+00,0.000000000000000000e+00,5.201768820710187313e+00,6.462942165261466698e+00
-9.906639944299602973e+01,-2.224117535198535336e+02,-2.509728227424737668e+00,-9.101839901220486695e+00,-6.662311891314026902e+00,0.000000000000000000e+00,5.201768028571445157e+00,6.462942165341717171e+00
-9.997658343314959950e+01,-2.230779847089866337e+02,-2.509728227424619984e+00,-9.101839905902387784e+00,-6.662311891448046808e+00,0.000000000000000000e+00,5.201768704919113695e+00,6.462942165200162847e+00
-1.008867674233037945e+02,-2.237442158981265550e+02,-2.509728227424861569e+00,-9.101839903192727732e+00,-6.662311891631419236e+00,0.000000000000000000e+00,5.201768740925400536e+00,6.462942165088850111e+00
-1.017969514134587428e+02,-2.244104470872815114e+02,-2.509728227424683489e+00,-9.101839903363043049e+00,-6.662311891514709927e+00,0.000000000000000000e+00,5.201769062548046385e+00,6.462942165476944112e+00
-1.027071354036128525e+02,-2.250766782764229674e+02,-2.509728227424707026e+00,-9.101839896651878092e+00,-6.662311891447089351e+00,0.000000000000000000e+00,5.201768875793543856e+00,6.462942165090657554e+00
-1.036173193937667918e+02,-2.257429094655597908e+02,-2.509728227424686597e+00,-9.101839920193141253e+00,-6.662311891304952383e+00,0.000000000000000000e+00,5.201768652762873479e+00,6.462942165265752159e+00
-1.045275033839209442e+02,-2.264091406547095460e+02,-2.509728227424563585e+00,-9.101839893950380400e+00,-6.662311891391185625e+00,0.000000000000000000e+00,5.201769075626172523e+00,6.462942165231105207e+00
-1.054376873740748124e+02,-2.270753718438309647e+02,-2.509728227424514291e+00,-9.101839898630920800e+00,-6.662311891240928041e+00,0.000000000000000000e+00,5.201769309320976475e+00,6.462942165305051390e+00
-1.063478713642294906e+02,-2.277416030329926002e+02,-2.509728227424600000e+00,-9.101839916050872503e+00,-6.662311891091671434e+00,0.000000000000000000e+00,5.201769532726807199e+00,6.462942165422600915e+00
-1.072580553543837283e+02,-2.284078342221271782e+02,-2.509728227424392610e+00,-9.101839902828871232e+00,-6.662311891598483804e+00,0.000000000000000000e+00,5.201768518938437502e+00,6.462942165054176513e+00
-1.081682393445370423e+02,-2.290740654112710786e+02,-2.509728227424853575e+00,-9.101839904798893599e+00,-6.662311891449628654e+00,0.000000000000000000e+00,5.201769378507481001e+00,6.462942165382770554e+00
-1.090784233346908394e+02,-2.297402966004084419e+02,-2.509728227424666613e+00,-9.101839912809037259e+00,-6.662311891535493302e+00,0.000000000000000000e+00,5.201769066515973705e+00,6.462942165271043038e+00
-1.099886073248457734e+02,-2.304065277895415420e+02,-2.509728227424602220e+00,-9.101839909081292035e+00,-6.662311891477754600e+00,0.000000000000000000e+00,5.201768652103712753e+00,6.462942165244253800e+00
-1.108987913149992437e+02,-2.310727589786945373e+02,-2.509728227424635971e+00,-9.101839892971426593e+00,-6.662311891360332083e+00,0.000000000000000000e+00,5.201768424556418857e+00,6.462942165396425409e+00
-1.118089753051533961e+02,-2.317389901678409672e+02,-2.509728227424636859e+00,-9.101839909998982847e+00,-6.662311891384613993e+00,0.000000000000000000e+00,5.201768600288446898e+00,6.462942165329067734e+00
-1.127191592953077901e+02,-2.324052213569890171e+02,-2.509728227424657288e+00,-9.101839897617480801e+00,-6.662311891350767290e+00,0.000000000000000000e+00,5.201768918268254716e+00,6.462942165272334449e+00
-1.136293432854614878e+02,-2.330714525461216056e+02,-2.509728227424575131e+00,-9.101839901651990417e+00,-6.662311891460203306e+00,0.000000000000000000e+00,5.201769263937559451e+00,6.462942165239196513e+00
-1.145395272756146028e+02,-2.337376837352591394e+02,-2.509728227424661728e+00,-9.101839901805874433e+00,-6.662311891207004955e+00,0.000000000000000000e+00,5.201768749849352780e+00,6.462942165376670545e+00
-1.154497112657700910e+02,-2.344039149243972133e+02,-2.509728227424819824e+00,-9.101839897142212976e+00,-6.662311891477023629e+00,0.000000000000000000e+00,5.201769087721958229e+00,6.462942165374978565e+00
-1.163598952559231066e+02,-2.350701461135336956e+02,-2.509728227424653291e+00,-9.101839900393358107e+00,-6.662311891402407760e+00,0.000000000000000000e+00,5.201768957592404874e+00,6.462942165185867616e+00
-1.172700792460779411e+02,-2.357363773026960700e+02,-2.509728227424654179e+00,-9.101839901152208867e+00,-6.662311891384926632e+00,0.000000000000000000e+00,5.201769486301879297e+00,6.462942165261382321e+00
-1.181802632362324346e+02,-2.364026084918305060e+02,-2.509728227424743441e+00,-9.101839902541282612e+00,-6.662311891620116278e+00,0.000000000000000000e+00,5.201769076260067237e+00,6.462942165196643884e+00
-1.190904472263850380e+02,-2.370688396809720473e+02,-2.509728227424508518e+00,-9.101839903400517073e+00,-6.662311891496759841e+00,0.000000000000000000e+00,5.201768906429920847e+00,6.462942165397585370e+00
-1.200006312165417199e+02,-2.377350708701202961e+02,-2.509728227424424141e+00,-9.101839889594405264e+00,-6.662311891350422677e+00,0.000000000000000000e+00,5.201768737377671314e+00,6.462942165275525674e+00
-1.209108152066952755e+02,-2.384013020592519752e+02,-2.509728227424625313e+00,-9.101839887583601296e+00,-6.662311891243608564e+00,0.000000000000000000e+00,5.201768242646385154e+00,6.462942165244642823e+00
-1.218209991968479358e+02,-2.390675332484014461e+02,-2.509728227424577796e+00,-9.101839894895368488e+00,-6.662311891415177101e+00,0.000000000000000000e+00,5.201768446910351784e+00,6.462942165120671767e+00
-1.227311831870026140e+02,-2.397337644375446644e+02,-2.509728227424692371e+00,-9.101839902518417347e+00,-6.662311891448934986e+00,0.000000000000000000e+00,5.201769106221449945e+00,6.462942165052743881e+00
-1.236413671771575906e+02,-2.403999956266755191e+02,-2.509728227424761648e+00,-9.101839901487954521e+00,-6.662311891407257214e+00,0.000000000000000000e+00,5.201769234550624788e+00,6.462942165269482508e+00
-1.245515511673117430e+02,-2.410662268158310724e+02,-2.509728227424674163e+00,-9.101839907935502794e+00,-6.662311891551741638e+00,0.000000000000000000e+00,5.201768768166692425e+00,6.462942165160462160e+00
-1.254617351574653412e+02,-2.417324580049645704e+02,-2.509728227424471658e+00,-9.101839888775565157e+00,-6.662311891184350188e+00,0.000000000000000000e+00,5.201768787931633220e+00,6.462942165393099181e+00
-1.263719191476199342e+02,-2.423986891941028432e+02,-2.509728227424614211e+00,-9.101839899102998288e+00,-6.662311891419380849e+00,0.000000000000000000e+00,5.201768741449622091e+00,6.462942165346335699e+00
-1.272821031377715713e+02,-2.430649203832511205e+02,-2.509728227424886882e+00,-9.101839898260866590e+00,-6.662311891226171845e+00,0.000000000000000000e+00,5.201768811202108544e+00,6.462942165272606232e+00
-1.281922871279267042e+02,-2.437311515724024389e+02,-2.509728227424717240e+00,-9.101839906742176467e+00,-6.662311891308394074e+00,0.000000000000000000e+00,5.201768793646887268e+00,6.462942165208528600e+00
-1.291024711180809845e+02,-2.443973827615359369e+02,-2.509728227424871783e+00,-9.101839904711258811e+00,-6.662311891542634257e+00,0.000000000000000000e+00,5.201769568113789433e+00,6.462942165346634127e+00
-1.300126551082354638e+02,-2.450636139506830489e+02,-2.509728227424680824e+00,-9.101839915715260076e+00,-6.662311891030173072e+00,0.000000000000000000e+00,5.201768562165756116e+00,6.462942165263503291e+00
-1.309228390983886072e+02,-2.457298451398126815e+02,-2.509728227424676827e+00,-9.101839896539518193e+00,-6.662311891593930113e+00,0.000000000000000000e+00,5.201768909910511773e+00,6.462942165303899422e+00
-1.318330230885446497e+02,-2.463960763289717875e+02,-2.509728227424665281e+00,-9.101839891031652030e+00,-6.662311891488243099e+00,0.000000000000000000e+00,5.201768785235270087e+00,6.462942165277598683e+00
-1.327432070786983616e+02,-2.470623075180981516e+02,-2.509728227424618652e+00,-9.101839900934068694e+00,-6.662311891756443671e+00,0.000000000000000000e+00,5.201768715998636772e+00,6.462942165260320948e+00
-1.336533910688535514e+02,-2.477285387072403182e+02,-2.509728227424660840e+00,-9.101839891655725268e+00,-6.662311891343763115e+00,0.000000000000000000e+00,5.201768757562958534e+00,6.462942165219604185e+00
-1.345635750590071495e+02,-2.483947698963875439e+02,-2.509728227424660396e+00,-9.101839907399744689e+00,-6.662311891250515927e+00,0.000000000000000000e+00,5.201768941544465896e+00,6.462942165223098279e+00
-1.354737590491614867e+02,-2.490610010855269536e+02,-2.509728227424529390e+00,-9.101839901010007949e+00,-6.662311891715156698e+00,0.000000000000000000e+00,5.201769156001833316e+00,6.462942165184592191e+00
-1.363839430393136922e+02,-2.497272322746665907e+02,-2.509728227425028102e+00,-9.101839896722021095e+00,-6.662311891681600429e+00,0.000000000000000000e+00,5.201768710469710122e+00,6.462942165317069332e+00
-1.372941270294699336e+02,-2.503934634637893453e+02,-2.509728227424633307e+00,-9.101839888125239142e+00,-6.662311891524362650e+00,0.000000000000000000e+00,5.201768943745334717e+00,6.462942165213583223e+00
-1.382043110196214002e+02,-2.510596946529491333e+02,-2.509728227424609326e+00,-9.101839896348437264e+00,-6.662311891520900531e+00,0.000000000000000000e+00,5.201769210559495704e+00,6.462942165266162498e+00
-1.391144950097780111e+02,-2.517259258420892536e+02,-2.509728227424667946e+00,-9.101839905300323608e+00,-6.662311891188816837e+00,0.000000000000000000e+00,5.201768749274502390e+00,6.462942165365396008e+00
-1.400246789999318935e+02,-2.523921570312363940e+02,-2.509728227424764313e+00,-9.101839908223929854e+00,-6.662311891417813214e+00,0.000000000000000000e+00,5.201768799763991424e+00,6.462942165400850314e+00
-1.409348629900866570e+02,-2.530583882203961537e+02,-2.509728227424729674e+00,-9.101839912909824193e+00,-6.662311891309535383e+00,0.000000000000000000e+00,5.201769446440060563e+00,6.462942165338724010e+00
-1.418450469802410794e+02,-2.537246194095237115e+02,-2.509728227424534719e+00,-9.101839895023838167e+00,-6.662311891512001871e+00,0.000000000000000000e+00,5.201769036009782354e+00,6.462942165151360108e+00
-1.427552309703941091e+02,-2.543908505986632349e+02,-2.509728227424568914e+00,-9.101839893541635362e+00,-6.662311891329337321e+00,0.000000000000000000e+00,5.201768552812916724e+00,6.462942165350603396e+00
-1.436654149605483894e+02,-2.550570817878167702e+02,-2.509728227424666613e+00,-9.101839909114985971e+00,-6.662311891544810294e+00,0.000000000000000000e+00,5.201768391946829162e+00,6.462942165334381706e+00
-1.445755989507027834e+02,-2.557233129769454649e+02,-2.509728227424758984e+00,-9.101839900151791340e+00,-6.662311891322085344e+00,0.000000000000000000e+00,5.201769396795662637e+00,6.462942165258804827e+00
-1.454857829408562679e+02,-2.563895441661015866e+02,-2.509728227424842917e+00,-9.101839902752473677e+00,-6.662311891580344536e+00,0.000000000000000000e+00,5.201769370274959670e+00,6.462942165305872955e+00
-1.463959669310104346e+02,-2.570557753552269560e+02,-2.509728227424425917e+00,-9.101839904311693985e+00,-6.662311891454888446e+00,0.000000000000000000e+00,5.201768833191695585e+00,6.462942165426835750e+00
-1.473061509211640896e+02,-2.577220065443783596e+02,-2.509728227424627978e+00,-9.101839906027976212e+00,-6.662311891645392059e+00,0.000000000000000000e+00,5.201768604142736230e+00,6.462942165317953069e+00
-1.482163349113208994e+02,-2.583882377335254432e+02,-2.509728227424581348e+00,-9.101839907927889328e+00,-6.662311891399323116e+00,0.000000000000000000e+00,5.201768767530142057e+00,6.462942165233585001e+00
-1.491265189014746113e+02,-2.590544689226674677e+02,-2.509728227424675495e+00,-9.101839896536263907e+00,-6.662311891450036327e+00,0.000000000000000000e+00,5.201768875953124649e+00,6.462942165232208325e+00
-1.500367028916277263e+02,-2.597207001118106859e+02,-2.509728227424720348e+00,-9.101839908599190565e+00,-6.662311891408958964e+00,0.000000000000000000e+00,5.201769007561551028e+00,6.462942165192778532e+00
-1.509468868817809266e+02,-2.603869313009322468e+02,-2.509728227424746994e+00,-9.101839900558005070e+00,-6.662311891801238062e+00,0.000000000000000000e+00,5.201768992887547682e+00,6.462942165293817709e+00
-1.518570708719341269e+02,-2.610531624900844463e+02,-2.509728227424680824e+00,-9.101839905115911122e+00,-6.662311891249138363e+00,0.000000000000000000e+00,5.201768514577694624e+00,6.462942165248901638e+00
-1.527672548620919883e+02,-2.617193936792299951e+02,-2.509728227424609770e+00,-9.101839910801521327e+00,-6.662311891421355270e+00,0.000000000000000000e+00,5.201768659941387263e+00,6.462942165330071376e+00
-1.536774388522441939e+02,-2.623856248683707122e+02,-2.509728227424754543e+00,-9.101839896642239580e+00,-6.662311891730951174e+00,0.000000000000000000e+00,5.201769497497339856e+00,6.462942165337513423e+00
-1.545876228423989005e+02,-2.630518560575143852e+02,-2.509728227424724345e+00,-9.101839886069944541e+00,-6.662311891324297797e+00,0.000000000000000000e+00,5.201768800675392157e+00,6.462942165479461210e+00
-1.554978068325533798e+02,-2.637180872466536812e+02,-2.509728227424798508e+00,-9.101839915122983626e+00,-6.662311891745400949e+00,0.000000000000000000e+00,5.201768657396720563e+00,6.462942165139603290e+00
-1.564079908227055284e+02,-2.643843184357983773e+02,-2.509728227424722569e+00,-9.101839904726201524e+00,-6.662311891440338307e+00,0.000000000000000000e+00,5.201768878956395170e+00,6.462942165119835103e+00
-1.573181748128600361e+02,-2.650505496249500652e+02,-2.509728227424645741e+00,-9.101839892649946862e+00,-6.662311891623436289e+00,0.000000000000000000e+00,5.201769060009266532e+00,6.462942165300626485e+00
-1.582283588030163060e+02,-2.657167808140745251e+02,-2.509728227424708802e+00,-9.101839902084464029e+00,-6.662311891535045660e+00,0.000000000000000000e+00,5.201768411758513011e+00,6.462942165308312781e+00
-1.591385427931683978e+02,-2.663830120032359332e+02,-2.509728227424758096e+00,-9.101839899802081746e+00,-6.662311891370175765e+00,0.000000000000000000e+00,5.201768904787665626e+00,6.462942165399430117e+00
-1.600487267833221097e+02,-2.670492431923652816e+02,-2.509728227424870450e+00,-9.101839897696004655e+00,-6.662311891333365210e+00,0.000000000000000000e+00,5.201768862118324677e+00,6.462942165394591321e+00
-1.609589107734766742e+02,-2.677154743815189022e+02,-2.509728227424703473e+00,-9.101839912097636542e+00,-6.662311891373311035e+00,0.000000000000000000e+00,5.201768675811632825e+00,6.462942165323593002e+00
-1.618690947636312387e+02,-2.683817055706535939e+02,-2.509728227424680380e+00,-9.101839900994095345e+00,-6.662311891465351188e+00,0.000000000000000000e+00,5.201768521832105918e+00,6.462942165152023577e+00
-1.627792787537853485e+02,-2.690479367597949931e+02,-2.509728227424862901e+00,-9.101839900718955434e+00,-6.662311891446794476e+00,0.000000000000000000e+00,5.201768952962766868e+00,6.462942165270347594e+00
-1.636894627439382646e+02,-2.697141679489404851e+02,-2.509728227424708358e+00,-9.101839898368664805e+00,-6.662311891374720574e+00,0.000000000000000000e+00,5.201768707224837307e+00,6.462942165245576298e+00
-1.645996467340928007e+02,-2.703803991380758021e+02,-2.509728227424664837e+00,-9.101839894627069327e+00,-6.662311891460022117e+00,0.000000000000000000e+00,5.201768724096585750e+00,6.462942165398300354e+00
-1.655098307242478199e+02,-2.710466303272166328e+02,-2.509728227424660396e+00,-9.101839896667680563e+00,-6.662311891226701199e+00,0.000000000000000000e+00,5.201769351015738785e+00,6.462942165310545661e+00
-1.664200147144024697e+02,-2.717128615163492213e+02,-2.509728227424551594e+00,-9.101839902107936808e+00,-6.662311891407646236e+00,0.000000000000000000e+00,5.201768913370376168e+00,6.462942165230688651e+00
-1.673301987045571479e+02,-2.723790927055023303e+02,-2.509728227424652847e+00,-9.101839896959706522e+00,-6.662311891687005883e+00,0.000000000000000000e+00,5.201769142432401516e+00,6.462942165210048273e+00
-1.682403826947085008e+02,-2.730453238946452643e+02,-2.509728227424714575e+00,-9.101839897080706621e+00,-6.662311891533835073e+00,0.000000000000000000e+00,5.201768374663436667e+00,6.462942165378820825e+00
-1.691505666848655949e+02,-2.737115550837784212e+02,-2.509728227424526725e+00,-9.101839908208001262e+00,-6.662311891290795707e+00,0.000000000000000000e+00,5.201769481472274137e+00,6.462942165369977232e+00
-1.700607506750178004e+02,-2.743777862729079402e+02,-2.509728227424741220e+00,-9.101839904051633567e+00,-6.662311891243338557e+00,0.000000000000000000e+00,5.201768596586331839e+00,6.462942165166850828e+00
-1.709709346651718818e+02,-2.750440174620713378e+02,-2.509728227424616431e+00,-9.101839901848199688e+00,-6.662311891098946504e+00,0.000000000000000000e+00,5.201768942150929220e+00,6.462942165192058219e+00
-1.718811186553271568e+02,-2.757102486511966504e+02,-2.509728227424698588e+00,-9.101839914088872163e+00,-6.662311891530658059e+00,0.000000000000000000e+00,5.201768589426481348e+00,6.462942165382667525e+00
-1.727913026454809540e+02,-2.763764798403594227e+02,-2.509728227424665725e+00,-9.101839905098799477e+00,-6.662311891481563109e+00,0.000000000000000000e+00,5.201768704089984929e+00,6.462942165370825442e+00
-1.737014866356336995e+02,-2.770427110295011630e+02,-2.509728227424637303e+00,-9.101839913183843223e+00,-6.662311891596702118e+00,0.000000000000000000e+00,5.201768476487989901e+00,6.462942165052987242e+00
-1.746116706257881219e+02,-2.777089422186435854e+02,-2.509728227424684377e+00,-9.101839901066949068e+00,-6.662311891344774750e+00,0.000000000000000000e+00,5.201769643591986458e+00,6.462942165159969221e+00
-1.755218546159432549e+02,-2.783751734077741276e+02,-2.509728227424682601e+00,-9.101839899983652060e+00,-6.662311891631390814e+00,0.000000000000000000e+00,5.201768579877634302e+00,6.462942165279113915e+00
-1.764320386060970236e+02,-2.790414045969202448e+02,-2.509728227424580016e+00,-9.101839907089054549e+00,-6.662311891716708345e+00,0.000000000000000000e+00,5.201768818748110590e+00,6.462942165230995961e+00
-1.773422225962512186e+02,-2.797076357860644862e+02,-2.509728227424534719e+00,-9.101839911544644224e+00,-6.662311891471156322e+00,0.000000000000000000e+00,5.201768937147931204e+00,6.462942165404945705e+00
-1.782524065864064085e+02,-2.803738669752155488e+02,-2.509728227424767422e+00,-9.101839897536260438e+00,-6.662311891509498096e+00,0.000000000000000000e+00,5.201768770617538173e+00,6.462942165343778633e+00
-1.791625905765585287e+02,-2.810400981643478531e+02,-2.509728227424597335e+00,-9.101839903429965517e+00,-6.662311891572390898e+00,0.000000000000000000e+00,5.201768551436093624e+00,6.462942165414947482e+00
-1.800727745667128943e+02,-2.817063293534960735e+02,-2.509728227424519176e+00,-9.101839894109982509e+00,-6.662311891334892877e+00,0.000000000000000000e+00,5.201769124340764883e+00,6.462942165238468206e+00
-1.809829585568676862e+02,-2.823725605426318452e+02,-2.509728227424423697e+00,-9.101839914664276776e+00,-6.662311891460366731e+00,0.000000000000000000e+00,5.201769163449061928e+00,6.462942165422304264e+00
-1.818931425470211423e+02,-2.830387917317782467e+02,-2.509728227424788294e+00,-9.101839898151572683e+00,-6.662311891149056642e+00,0.000000000000000000e+00,5.201768743170868348e+00,6.462942165239874193e+00
-1.828033265371761615e+02,-2.837050229209102667e+02,-2.509728227424586233e+00,-9.101839897669810497e+00,-6.662311891431020427e+00,0.000000000000000000e+00,5.201769199298042601e+00,6.462942165346987622e+00
-1.837135105273316924e+02,-2.843712541100565545e+02,-2.509728227424757208e+00,-9.101839901677781342e+00,-6.662311891478458037e+00,0.000000000000000000e+00,5.201769199463949001e+00,6.462942165361824642e+00
-1.846236945174834148e+02,-2.850374852991960779e+02,-2.509728227424776748e+00,-9.101839902979419250e+00,-6.662311891521146556e+00,0.000000000000000000e+00,5.201769370418404925e+00,6.462942165368928293e+00
-1.855338785076385761e+02,-2.857037164883510059e+02,-2.509728227424586677e+00,-9.101839898411405727e+00,-6.662311891526778496e+00,0.000000000000000000e+00,5.201768853102336720e+00,6.462942165449047316e+00
-1.864440624977929133e+02,-2.863699476774951336e+02,-2.509728227424563141e+00,-9.101839907090280235e+00,-6.662311891425529708e+00,0.000000000000000000e+00,5.201768983452112138e+00,6.462942165175663334e+00
-1.873542464879466536e+02,-2.870361788666376697e+02,-2.509728227424518288e+00,-9.101839901681056944e+00,-6.662311891403151165e+00,0.000000000000000000e+00,5.201768890305794812e+00,6.462942165303990016e+00
-1.882644304781017865e+02,-2.877024100557716224e+02,-2.509728227424509850e+00,-9.101839897071089425e+00,-6.662311891362159955e+00,0.000000000000000000e+00,5.201768948465301357e+00,6.462942165159929253e+00
-1.891746144682548447e+02,-2.883686412449132490e+02,-2.509728227424556923e+00,-9.101839891415746564e+00,-6.662311891625452454e+00,0.000000000000000000e+00,5.201769011775467355e+00,6.462942165100594494e+00
-1.900847984584084998e+02,-2.890348724340495892e+02,-2.509728227424572466e+00,-9.101839915980320939e+00,-6.662311891651669704e+00,0.000000000000000000e+00,5.201768841354382999e+00,6.462942165317882015e+00
-1.909949824485632632e+02,-2.897011036231901357e+02,-2.509728227424777636e+00,-9.101839902685865624e+00,-6.662311891698815991e+00,0.000000000000000000e+00,5.201768786683629742e+00,6.462942165234927927e+00
-1.919051664387176857e+02,-2.903673348123465985e+02,-2.509728227424579128e+00,-9.101839904937570225e+00,-6.662311891458494451e+00,0.000000000000000000e+00,5.201768883393312670e+00,6.462942165289985219e+00
-1.928153504288723923e+02,-2.910335660014772543e+02,-2.509728227424819380e+00,-9.101839896730698598e+00,-6.662311891359366633e+00,0.000000000000000000e+00,5.201768492098187480e+00,6.462942165452886023e+00
-1.937255344190253368e+02,-2.916997971906279190e+02,-2.509728227424552038e+00,-9.101839906906588951e+00,-6.662311891456866420e+00,0.000000000000000000e+00,5.201768302053068282e+00,6.462942165394356842e+00
-1.946357184091800434e+02,-2.923660283797668740e+02,-2.509728227424877556e+00,-9.101839904643037826e+00,-6.662311891211208703e+00,0.000000000000000000e+00,5.201768551044192890e+00,6.462942165320238352e+00
-1.955459023993340111e+02,-2.930322595689019067e+02,-2.509728227424580016e+00,-9.101839904835307138e+00,-6.662311891256862850e+00,0.000000000000000000e+00,5.201769057213978087e+00,6.462942165228939828e+00
-1.964560863894871829e+02,-2.936984907580431354e+02,-2.509728227424637303e+00,-9.101839915884884391e+00,-6.662311891450044321e+00,0.000000000000000000e+00,5.201768573633455794e+00,6.462942165261527983e+00
-1.973662703796428843e+02,-2.943647219471932317e+02,-2.509728227424556923e+00,-9.101839900781863335e+00,-6.662311891318460688e+00,0.000000000000000000e+00,5.201768369450693541e+00,6.462942165347386414e+00
-1.982764543697976194e+02,-2.950309531363307087e+02,-2.509728227424387281e+00,-9.101839903170985124e+00,-6.662311891362470817e+00,0.000000000000000000e+00,5.201768730166844712e+00,6.462942165297106634e+00
-1.991866383599506207e+02,-2.956971843254718806e+02,-2.509728227424688374e+00,-9.101839886019439163e+00,-6.662311891412697307e+00,0.000000000000000000e+00,5.201769085755788780e+00,6.462942165161981833e+00
-2.000968223501061516e+02,-2.963634155146114040e+02,-2.509728227424582681e+00,-9.101839902608242383e+00,-6.662311891601339298e+00,0.000000000000000000e+00,5.201768713614202788e+00,6.462942165223714674e+00
-2.010070063402594371e+02,-2.970296467037604771e+02,-2.509728227424665281e+00,-9.101839893650817359e+00,-6.662311891676597320e+00,0.000000000000000000e+00,5.201768638345408924e+00,6.462942165223735991e+00
-2.019171903304146554e+02,-2.976958778929046616e+02,-2.509728227424654623e+00,-9.101839898347394708e+00,-6.662311891116997842e+00,0.000000000000000000e+00,5.201768663088716771e+00,6.462942165275614492e+00
-2.028273743205681114e+02,-2.983621090820517452e+02,-2.509728227424666169e+00,-9.101839899908581444e+00,-6.662311891299062871e+00,0.000000000000000000e+00,5.201769105591107945e+00,6.462942165360074043e+00
-2.037375583107217949e+02,-2.990283402711756935e+02,-2.509728227424786517e+00,-9.101839891902741897e+00,-6.662311891455478197e+00,0.000000000000000000e+00,5.201769718425315325e+00,6.462942165196350786e+00
-2.046477423008750236e+02,-2.996945714603266424e+02,-2.509728227424620872e+00,-9.101839898206316448e+00,-6.662311891466837999e+00,0.000000000000000000e+00,5.201768313677187727e+00,6.462942165425257457e+00
-2.055579262910301281e+02,-3.003608026494719638e+02,-2.509728227424931735e+00,-9.101839904947436111e+00,-6.662311891297712840e+00,0.000000000000000000e+00,5.201768781444422451e+00,6.462942165452316701e+00
-2.064681102811832716e+02,-3.010270338386001754e+02,-2.509728227424649738e+00,-9.101839903993736769e+00,-6.662311891514891116e+00,0.000000000000000000e+00,5.201768329094137222e+00,6.462942165423890550e+00
-2.073782942713370687e+02,-3.016932650277677226e+02,-2.509728227424563141e+00,-9.101839898458424116e+00,-6.662311891551693677e+00,0.000000000000000000e+00,5.201768391719932438e+00,6.462942165394712113e+00
-2.082884782614931112e+02,-3.023594962168999700e+02,-2.509728227424558700e+00,-9.101839892365912732e+00,-6.662311891402832309e+00,0.000000000000000000e+00,5.201768686866995672e+00,6.462942165207458345e+00
-2.091986622516471073e+02,-3.030257274060364807e+02,-2.509728227424771418e+00,-9.101839905113260798e+00,-6.662311891483579274e+00,0.000000000000000000e+00,5.201768669488362917e+00,6.462942165393033456e+00
-2.101088462418008191e+02,-3.036919585951876002e+02,-2.509728227424483649e+00,-9.101839902911857294e+00,-6.662311891206984527e+00,0.000000000000000000e+00,5.201768898550418463e+00,6.462942165152139040e+00
-2.110190302319543889e+02,-3.043581897843243382e+02,-2.509728227424680824e+00,-9.101839898593841127e+00,-6.662311891538699626e+00,0.000000000000000000e+00,5.201768585779631415e+00,6.462942165312123954e+00
-2.119292142221079018e+02,-3.050244209734640322e+02,-2.509728227424661728e+00,-9.101839887400059226e+00,-6.662311891620595006e+00,0.000000000000000000e+00,5.201768862492902379e+00,6.462942165311631904e+00
-2.128393982122613295e+02,-3.056906521626124231e+02,-2.509728227424701696e+00,-9.101839886966926585e+00,-6.662311891409473219e+00,0.000000000000000000e+00,5.201768969754840377e+00,6.462942165266143846e+00
-2.137495822024172867e+02,-3.063568833517489338e+02,-2.509728227424668390e+00,-9.101839911537949135e+00,-6.662311891314755208e+00,0.000000000000000000e+00,5.201768814719540224e+00,6.462942165227043567e+00
-2.146597661925716807e+02,-3.070231145408903899e+02,-2.509728227424448121e+00,-9.101839880199515065e+00,-6.662311891464213431e+00,0.000000000000000000e+00,5.201769011875732041e+00,6.462942165206387202e+00
-2.155699501827269557e+02,-3.076893457300346881e+02,-2.509728227424614211e+00,-9.101839916992824797e+00,-6.662311891389239626e+00,0.000000000000000000e+00,5.201768712654265769e+00,6.462942165285723739e+00
-2.164801341728795023e+02,-3.083555769191720515e+02,-2.509728227424614211e+00,-9.101839900532826988e+00,-6.662311891453075674e+00,0.000000000000000000e+00,5.201768885187359359e+00,6.462942165142941953e+00
-2.173903181630324468e+02,-3.090218081083161223e+02,-2.509728227424629310e+00,-9.101839908235834997e+00,-6.662311891446447198e+00,0.000000000000000000e+00,5.201769292943331457e+00,6.462942165275681106e+00
-2.183005021531880061e+02,-3.096880392974568963e+02,-2.509728227424803837e+00,-9.101839905204846204e+00,-6.662311891277641784e+00,0.000000000000000000e+00,5.201769435042816525e+00,6.462942165128944261e+00
-2.192106861433415474e+02,-3.103542704865913606e+02,-2.509728227424750990e+00,-9.101839901644281028e+00,-6.662311891341150094e+00,0.000000000000000000e+00,5.201769376005946022e+00,6.462942165159040186e+00
-2.201208701334947193e+02,-3.110205016757429348e+02,-2.509728227424618208e+00,-9.101839911099558478e+00,-6.662311891456262458e+00,0.000000000000000000e+00,5.201768519644842215e+00,6.462942165329387478e+00
-2.210310541236506481e+02,-3.116867328648790476e+02,-2.509728227424799840e+00,-9.101839902111134251e+00,-6.662311891214015347e+00,0.000000000000000000e+00,5.201768926776860980e+00,6.462942165159870633e+00
-2.219412381138038199e+02,-3.123529640540322703e+02,-2.509728227424635971e+00,-9.101839911038169362e+00,-6.662311891405710895e+00,0.000000000000000000e+00,5.201769471879153173e+00,6.462942165212411716e+00
-2.228514221039583560e+02,-3.130191952431706568e+02,-2.509728227424610214e+00,-9.101839907057337697e+00,-6.662311891600533720e+00,0.000000000000000000e+00,5.201768888377599431e+00,6.462942165390652249e+00
-2.237616060941113574e+02,-3.136854264323161487e+02,-2.509728227424690150e+00,-9.101839893889735578e+00,-6.662311891627920701e+00,0.000000000000000000e+00,5.201768686230987981e+00,6.462942165330739286e+00
-2.246717900842664051e+02,-3.143516576214482257e+02,-2.509728227424706137e+00,-9.101839897709144367e+00,-6.662311891430674038e+00,0.000000000000000000e+00,5.201768800743798771e+00,6.462942165285201490e+00
-2.255819740744213675e+02,-3.150178888106005957e+02,-2.509728227424667502e+00,-9.101839904454967822e+00,-6.662311891529258290e+00,0.000000000000000000e+00,5.201769045157649707e+00,6.462942165396384553e+00
-2.264921580645751078e+02,-3.156841199997361400e+02,-2.509728227424606661e+00,-9.101839908038819260e+00,-6.662311891520413809e+00,0.000000000000000000e+00,5.201768708190808610e+00,6.462942165298109387e+00
-2.274023420547287628e+02,-3.163503511888613389e+02,-2.509728227424772751e+00,-9.101839896342587721e+00,-6.662311891338431380e+00,0.000000000000000000e+00,5.201768629794555565e+00,6.462942165153700458e+00
-2.283125260448835832e+02,-3.170165823780165510e+02,-2.509728227424812719e+00,-9.101839913377958169e+00,-6.662311891388256413e+00,0.000000000000000000e+00,5.201768783376802929e+00,6.462942165193878985e+00
-2.292227100350372382e+02,-3.176828135671567566e+02,-2.509728227424454783e+00,-9.101839904741682474e+00,-6.662311891361048843e+00,0.000000000000000000e+00,5.201768900099952297e+00,6.462942165254360383e+00
-2.301328940251914332e+02,-3.183490447563021348e+02,-2.509728227424596447e+00,-9.101839903217296524e+00,-6.662311891430815258e+00,0.000000000000000000e+00,5.201768694359014233e+00,6.462942165199989653e+00
-2.310430780153452588e+02,-3.190152759454433067e+02,-2.509728227424542712e+00,-9.101839898398877082e+00,-6.662311891441747846e+00,0.000000000000000000e+00,5.201768253231976225e+00,6.462942165275527451e+00
-2.319532620054994254e+02,-3.196815071345921524e+02,-2.509728227424557812e+00,-9.101839905309338619e+00,-6.662311891492147531e+00,0.000000000000000000e+00,5.201768966390028837e+00,6.462942165411791784e+00
-2.328634459956557805e+02,-3.203477383237287768e+02,-2.509728227424484981e+00,-9.101839912318972381e+00,-6.662311891149425236e+00,0.000000000000000000e+00,5.201769189557023054e+00,6.462942165190252553e+00
-2.337736299858089239e+02,-3.210139695128751782e+02,-2.509728227424608438e+00,-9.101839907045837563e+00,-6.662311891338101866e+00,0.000000000000000000e+00,5.201768438375571790e+00,6.462942165048507270e+00
-2.346838139759612147e+02,-3.216802007020079941e+02,-2.509728227424584013e+00,-9.101839897174121674e+00,-6.662311891547628484e+00,0.000000000000000000e+00,5.201768869300747333e+00,6.462942165224433211e+00
-2.355939979661161203e+02,-3.223464318911524060e+02,-2.509728227424636859e+00,-9.101839904577861518e+00,-6.662311891464608671e+00,0.000000000000000000e+00,5.201768714929046133e+00,6.462942165369078396e+00
-2.365041819562705427e+02,-3.230126630803059697e+02,-2.509728227424747882e+00,-9.101839903215086736e+00,-6.662311891365180649e+00,0.000000000000000000e+00,5.201769331425109222e+00,6.462942165237175018e+00
-2.374143659464249083e+02,-3.236788942694404341e+02,-2.509728227424835367e+00,-9.101839907897039339e+00,-6.662311891698798227e+00,0.000000000000000000e+00,5.201768339711836830e+00,6.462942165288568575e+00
-2.383245499365797286e+02,-3.243451254585766037e+02,-2.509728227424713243e+00,-9.101839888862212291e+00,-6.662311891631157224e+00,0.000000000000000000e+00,5.201769337349133160e+00,6.462942165318668053e+00
-2.392347339267352027e+02,-3.250113566477405129e+02,-2.509728227424788738e+00,-9.101839893419924721e+00,-6.662311891347277637e+00,0.000000000000000000e+00,5.201768921369889220e+00,6.462942165084052171e+00
-2.401449179168868397e+02,-3.256775878368693498e+02,-2.509728227424547597e+00,-9.101839912252158271e+00,-6.662311891354536719e+00,0.000000000000000000e+00,5.201769312208439189e+00,6.462942165217243407e+00
-2.410551019070405800e+02,-3.263438190260138185e+02,-2.509728227424545377e+00,-9.101839894035865797e+00,-6.662311891015137988e+00,0.000000000000000000e+00,5.201768728540622000e+00,6.462942165428471775e+00
-2.419652858971950309e+02,-3.270100502151503861e+02,-2.509728227424505853e+00,-9.101839895078427389e+00,-6.662311891533654773e+00,0.000000000000000000e+00,5.201769206367238496e+00,6.462942165230511016e+00
-2.428754698873492259e+02,-3.276762814042892273e+02,-2.509728227424626201e+00,-9.101839908286658343e+00,-6.662311891434407940e+00,0.000000000000000000e+00,5.201768489983995103e+00,6.462942165381353909e+00
-2.437856538775051547e+02,-3.283425125934454059e+02,-2.509728227424508074e+00,-9.101839893917537339e+00,-6.662311891611626180e+00,0.000000000000000000e+00,5.201769038637087839e+00,6.462942165309717879e+00
-2.446958378676583834e+02,-3.290087437825741858e+02,-2.509728227424600444e+00,-9.101839913525001435e+00,-6.662311891584709045e+00,0.000000000000000000e+00,5.201769061283919804e+00,6.462942165334624178e+00
-2.456060218578117258e+02,-3.296749749717223494e+02,-2.509728227424679492e+00,-9.101839904497873945e+00,-6.662311891406336173e+00,0.000000000000000000e+00,5.201769013299243127e+00,6.462942165232342440e+00
-2.465162058479652103e+02,-3.303412061608628960e+02,-2.509728227424636415e+00,-9.101839900595381394e+00,-6.662311891534899111e+00,0.000000000000000000e+00,5.201768725924999615e+00,6.462942165064897715e+00
-2.474263898381203717e+02,-3.310074373500032152e+02,-2.509728227424578240e+00,-9.101839907218808534e+00,-6.662311891349697035e+00,0.000000000000000000e+00,5.201768836425770814e+00,6.462942165261625682e+00
-2.483365738282744530e+02,-3.316736685391446144e+02,-2.509728227424544933e+00,-9.101839894571808642e+00,-6.662311891352611148e+00,0.000000000000000000e+00,5.201768878307200694e+00,6.462942165326809096e+00
-2.492467578184268859e+02,-3.323398997282944265e+02,-2.509728227424750102e+00,-9.101839907243070016e+00,-6.662311890943644954e+00,0.000000000000000000e+00,5.201768756907488189e+00,6.462942165338935396e+00
-2.501569418085830137e+02,-3.330061309174342910e+02,-2.509728227424741220e+00,-9.101839899331928052e+00,-6.662311891313125400e+00,0.000000000000000000e+00,5.201768668292293007e+00,6.462942165002059980e+00
-2.510671257987368392e+02,-3.336723621065800671e+02,-2.509728227424612435e+00,-9.101839898269522777e+00,-6.662311891367916239e+00,0.000000000000000000e+00,5.201768198147725286e+00,6.462942165208393597e+00
-2.519773097888912616e+02,-3.343385932957288560e+02,-2.509728227424794067e+00,-9.101839894414036181e+00,-6.662311891529392405e+00,0.000000000000000000e+00,5.201768466081668763e+00,6.462942165267413053e+00
-2.528874937790451440e+02,-3.350048244848508716e+02,-2.509728227424775415e+00,-9.101839891637551361e+00,-6.662311891489544280e+00,0.000000000000000000e+00,5.201768816381115990e+00,6.462942165308945164e+00
-2.537976777691991117e+02,-3.356710556739972162e+02,-2.509728227424606661e+00,-9.101839900911999237e+00,-6.662311891253207108e+00,0.000000000000000000e+00,5.201769167394310500e+00,6.462942165460621169e+00
-2.547078617593537047e+02,-3.363372868631413439e+02,-2.509728227424902425e+00,-9.101839903578184732e+00,-6.662311891508700512e+00,0.000000000000000000e+00,5.201769037286299024e+00,6.462942165097027569e+00
-2.556180457495083544e+02,-3.370035180522933160e+02,-2.509728227424533831e+00,-9.101839897984433492e+00,-6.662311891287227006e+00,0.000000000000000000e+00,5.201769279809535185e+00,6.462942165264204952e+00
-2.565282297396626632e+02,-3.376697492414195949e+02,-2.509728227424468994e+00,-9.101839913004910798e+00,-6.662311891541770947e+00,0.000000000000000000e+00,5.201769195581001703e+00,6.462942165306226450e+00
-2.574384137298160340e+02,-3.383359804305596867e+02,-2.509728227424632863e+00,-9.101839895518264001e+00,-6.662311891413902565e+00,0.000000000000000000e+00,5.201768652996867637e+00,6.462942165418251506e+00
-2.583485977199690637e+02,-3.390022116197067135e+02,-2.509728227424581792e+00,-9.101839906370438271e+00,-6.662311891196727842e+00,0.000000000000000000e+00,5.201768911216854363e+00,6.462942165304090381e+00
-2.592587817101250494e+02,-3.396684428088491927e+02,-2.509728227424809610e+00,-9.101839898900600190e+00,-6.662311891454383961e+00,0.000000000000000000e+00,5.201769258183087885e+00,6.462942165370623826e+00
-2.601689657002785907e+02,-3.403346739979909898e+02,-2.509728227424933955e+00,-9.101839893280553540e+00,-6.662311891414661069e+00,0.000000000000000000e+00,5.201768869496066650e+00,6.462942165295086028e+00
-2.610791496904320752e+02,-3.410009051871352312e+02,-2.509728227424740332e+00,-9.101839900030464392e+00,-6.662311891410332976e+00,0.000000000000000000e+00,5.201769365687175295e+00,6.462942165149804907e+00
-2.619893336805850481e+02,-3.416671363762735041e+02,-2.509728227424620872e+00,-9.101839896468593594e+00,-6.662311891516151441e+00,0.000000000000000000e+00,5.201769143018945663e+00,6.462942165179702769e+00
-2.628995176707405221e+02,-3.423333675654216677e+02,-2.509728227424635527e+00,-9.101839905251475571e+00,-6.662311891159367505e+00,0.000000000000000000e+00,5.201768791228771782e+00,6.462942165327529409e+00
-2.638097016608942340e+02,-3.429995987545740377e+02,-2.509728227424598224e+00,-9.101839894436515976e+00,-6.662311891663045493e+00,0.000000000000000000e+00,5.201768776728227017e+00,6.462942165208846568e+00
-2.647198856510486280e+02,-3.436658299437028177e+02,-2.509728227424659508e+00,-9.101839907342093028e+00,-6.662311891561211397e+00,0.000000000000000000e+00,5.201769104098094232e+00,6.462942165499947933e+00
-2.656300696412029083e+02,-3.443320611328409768e+02,-2.509728227424346425e+00,-9.101839901466542315e+00,-6.662311891456281110e+00,0.000000000000000000e+00,5.201768472763622420e+00,6.462942165104919923e+00
-2.665402536313579276e+02,-3.449982923219996565e+02,-2.509728227424725677e+00,-9.101839901053102366e+00,-6.662311891377145301e+00,0.000000000000000000e+00,5.201768668951621599e+00,6.462942165363392277e+00
-2.674504376215123216e+02,-3.456645235111299712e+02,-2.509728227424550706e+00,-9.101839900102703496e+00,-6.662311891930238872e+00,0.000000000000000000e+00,5.201769812815121519e+00,6.462942165304990105e+00
-2.683606216116650671e+02,-3.463307547002738715e+02,-2.509728227424854463e+00,-9.101839890461924654e+00,-6.662311891450388046e+00,0.000000000000000000e+00,5.201769036214095365e+00,6.462942165144696993e+00
-2.692708056018195748e+02,-3.469969858894137928e+02,-2.509728227424647962e+00,-9.101839919651091293e+00,-6.662311891593160063e+00,0.000000000000000000e+00,5.201769034760028276e+00,6.462942165076074552e+00
-2.701809895919741962e+02,-3.476632170785592280e+02,-2.509728227424544933e+00,-9.101839895694403992e+00,-6.662311891493856386e+00,0.000000000000000000e+00,5.201769218215984480e+00,6.462942165250549209e+00
-2.710911735821286470e+02,-3.483294482676984103e+02,-2.509728227424539604e+00,-9.101839911696218977e+00,-6.662311891230357830e+00,0.000000000000000000e+00,5.201768910569886550e+00,6.462942165245832093e+00
-2.720013575722820747e+02,-3.489956794568425380e+02,-2.509728227424600000e+00,-9.101839909333619971e+00,-6.662311891525572349e+00,0.000000000000000000e+00,5.201768698039321848e+00,6.462942165272729689e+00
-2.729115415624369234e+02,-3.496619106459854152e+02,-2.509728227424725233e+00,-9.101839909101631321e+00,-6.662311891411366815e+00,0.000000000000000000e+00,5.201768742388770406e+00,6.462942165215642021e+00
-2.738217255525901237e+02,-3.503281418351239154e+02,-2.509728227424639080e+00,-9.101839896729954305e+00,-6.662311891544257847e+00,0.000000000000000000e+00,5.201768776009472184e+00,6.462942165188672483e+00
-2.747319095427437787e+02,-3.509943730242790707e+02,-2.509728227424476987e+00,-9.101839896289359189e+00,-6.662311891486950799e+00,0.000000000000000000e+00,5.201768633967358113e+00,6.462942165350572310e+00
-2.756420935328978317e+02,-3.516606042134072254e+02,-2.509728227424664837e+00,-9.101839896316299416e+00,-6.662311891586748303e+00,0.000000000000000000e+00,5.201768927043028512e+00,6.462942165362148828e+00
-2.765522775230525099e+02,-3.523268354025625513e+02,-2.509728227424786962e+00,-9.101839899515578480e+00,-6.662311891183233747e+00,0.000000000000000000e+00,5.201768910270598845e+00,6.462942165143394924e+00
-2.774624615132071312e+02,-3.529930665916981525e+02,-2.509728227424685709e+00,-9.101839900814617579e+00,-6.662311891459145485e+00,0.000000000000000000e+00,5.201768490470583650e+00,6.462942165338631639e+00
-2.783726455033620937e+02,-3.536592977808371643e+02,-2.509728227424652403e+00,-9.101839898770711201e+00,-6.662311891538892361e+00,0.000000000000000000e+00,5.201768428298235492e+00,6.462942165041939191e+00
-2.792828294935138729e+02,-3.543255289699605441e+02,-2.509728227424546709e+00,-9.101839906550578618e+00,-6.662311891309174783e+00,0.000000000000000000e+00,5.201768957799044024e+00,6.462942165275283202e+00
-2.801930134836690627e+02,-3.549917601591099583e+02,-2.509728227424746105e+00,-9.101839897130348689e+00,-6.662311891391515140e+00,0.000000000000000000e+00,5.201768871261472249e+00,6.462942165305211262e+00
-2.811031974738236272e+02,-3.556579913482666484e+02,-2.509728227424674163e+00,-9.101839906702506866e+00,-6.662311891531476071e+00,0.000000000000000000e+00,5.201768588698000961e+00,6.462942165362817626e+00
-2.820133814639766570e+02,-3.563242225374044096e+02,-2.509728227424658620e+00,-9.101839897541001534e+00,-6.662311891402069364e+00,0.000000000000000000e+00,5.201768557173903851e+00,6.462942165387443261e+00
-2.829235654541323015e+02,-3.569904537265441604e+02,-2.509728227424576907e+00,-9.101839896819077680e+00,-6.662311891458232438e+00,0.000000000000000000e+00,5.201768727011653937e+00,6.462942165278022344e+00
-2.838337494442862408e+02,-3.576566849156878334e+02,-2.509728227424741220e+00,-9.101839902640064039e+00,-6.662311891543674314e+00,0.000000000000000000e+00,5.201769326752678779e+00,6.462942165297826946e+00
-2.847439334344400095e+02,-3.583229161048371338e+02,-2.509728227424639968e+00,-9.101839914697029243e+00,-6.662311891344981696e+00,0.000000000000000000e+00,5.201768946920220849e+00,6.462942165216630563e+00
-2.856541174245951993e+02,-3.589891472939743267e+02,-2.509728227424631086e+00,-9.101839899868640060e+00,-6.662311891762943361e+00,0.000000000000000000e+00,5.201768585518430577e+00,6.462942165174850651e+00
-2.865643014147502754e+02,-3.596553784831157259e+02,-2.509728227424595115e+00,-9.101839890860327742e+00,-6.662311891625704696e+00,0.000000000000000000e+00,5.201769439183520305e+00,6.462942165238445114e+00
-2.874744854049033052e+02,-3.603216096722537145e+02,-2.509728227424682157e+00,-9.101839894535173059e+00,-6.662311891259980356e+00,0.000000000000000000e+00,5.201768429527823479e+00,6.462942165325828547e+00
-2.883846693950591771e+02,-3.609878408614005707e+02,-2.509728227424512514e+00,-9.101839902283112238e+00,-6.662311891417625809e+00,0.000000000000000000e+00,5.201768897537673020e+00,6.462942165245335602e+00
-2.892948533852104447e+02,-3.616540720505407762e+02,-2.509728227424596891e+00,-9.101839897902408438e+00,-6.662311891559653532e+00,0.000000000000000000e+00,5.201768828249059062e+00,6.462942165347882018e+00
-2.902050373753663735e+02,-3.623203032396885419e+02,-2.509728227424527613e+00,-9.101839899371185538e+00,-6.662311891371553330e+00,0.000000000000000000e+00,5.201768362842981830e+00,6.462942165485993762e+00
-2.911152213655197443e+02,-3.629865344288230631e+02,-2.509728227424579128e+00,-9.101839899547906398e+00,-6.662311891118741336e+00,0.000000000000000000e+00,5.201768811470171450e+00,6.462942165390266780e+00
-2.920254053556724330e+02,-3.636527656179689529e+02,-2.509728227424528502e+00,-9.101839908633618137e+00,-6.662311891632669791e+00,0.000000000000000000e+00,5.201768871754243406e+00,6.462942165389750748e+00
-2.929355893458283049e+02,-3.643189968071117164e+02,-2.509728227424616875e+00,-9.101839908427120207e+00,-6.662311891359542493e+00,0.000000000000000000e+00,5.201768572940793867e+00,6.462942165408922968e+00
-2.938457733359833242e+02,-3.649852279962621537e+02,-2.509728227424632419e+00,-9.101839904268357984e+00,-6.662311891315271239e+00,0.000000000000000000e+00,5.201768676266462776e+00,6.462942165150562523e+00
-2.947559573261364108e+02,-3.656514591854038372e+02,-2.509728227424544933e+00,-9.101839903474482796e+00,-6.662311891367950878e+00,0.000000000000000000e+00,5.201769537706034008e+00,6.462942165503247516e+00
-2.956661413162909184e+02,-3.663176903745372215e+02,-2.509728227424577351e+00,-9.101839908085956665e+00,-6.662311891371325956e+00,0.000000000000000000e+00,5.201768719399348484e+00,6.462942165182404608e+00
-2.965763253064440050e+02,-3.669839215636733343e+02,-2.509728227424621316e+00,-9.101839903272008314e+00,-6.662311891534582919e+00,0.000000000000000000e+00,5.201769350141694837e+00,6.462942165328990463e+00
-2.974865092965987969e+02,-3.676501527528163820e+02,-2.509728227424499192e+00,-9.101839903108219332e+00,-6.662311891368611683e+00,0.000000000000000000e+00,5.201769185445324517e+00,6.462942165385295645e+00
-2.983966932867521678e+02,-3.683163839419606234e+02,-2.509728227424510294e+00,-9.101839900585053655e+00,-6.662311891415455101e+00,0.000000000000000000e+00,5.201768661832902652e+00,6.462942165466635913e+00
-2.993068772769073007e+02,-3.689826151311054332e+02,-2.509728227424639968e+00,-9.101839902072532240e+00,-6.662311891323463797e+00,0.000000000000000000e+00,5.201769126301798885e+00,6.462942165423410046e+00
-3.002170612670611831e+02,-3.696488463202536536e+02,-2.509728227424812719e+00,-9.101839908982983118e+00,-6.662311891288810628e+00,0.000000000000000000e+00,5.201768935069066124e+00,6.462942165290922247e+00
-3.011272452572143834e+02,-3.703150775093895959e+02,-2.509728227424757652e+00,-9.101839912281246114e+00,-6.662311891570857014e+00,0.000000000000000000e+00,5.201769021166628981e+00,6.462942165298533936e+00
-3.020374292473698006e+02,-3.709813086985335531e+02,-2.509728227424646629e+00,-9.101839881908025731e+00,-6.662311891463117419e+00,0.000000000000000000e+00,5.201768762558192982e+00,6.462942165120534987e+00
-3.029476132375246493e+02,-3.716475398876716554e+02,-2.509728227424527613e+00,-9.101839903355333661e+00,-6.662311891436793587e+00,0.000000000000000000e+00,5.201768685921517310e+00,6.462942165185780574e+00
-3.038577972276790433e+02,-3.723137710768239685e+02,-2.509728227424699920e+00,-9.101839893943420634e+00,-6.662311891293948740e+00,0.000000000000000000e+00,5.201769197677026391e+00,6.462942165423414487e+00
-3.047679812178332668e+02,-3.729800022659622414e+02,-2.509728227424494751e+00,-9.101839898091929726e+00,-6.662311891627309635e+00,0.000000000000000000e+00,5.201768545957793144e+00,6.462942165323165788e+00
-3.056781652079869787e+02,-3.736462334550911919e+02,-2.509728227424913083e+00,-9.101839898631805426e+00,-6.662311891425897414e+00,0.000000000000000000e+00,5.201768859630491626e+00,6.462942165279716100e+00
-3.065883491981392126e+02,-3.743124646442431072e+02,-2.509728227424650182e+00,-9.101839902520838521e+00,-6.662311891515526163e+00,0.000000000000000000e+00,5.201768479907199705e+00,6.462942165203551248e+00
-3.074985331882953687e+02,-3.749786958333781968e+02,-2.509728227424631974e+00,-9.101839906028203586e+00,-6.662311891167045808e+00,0.000000000000000000e+00,5.201767953606053041e+00,6.462942165235263658e+00
-3.084087171784487964e+02,-3.756449270225172654e+02,-2.509728227424647962e+00,-9.101839895821333570e+00,-6.662311891494734795e+00,0.000000000000000000e+00,5.201768460672514749e+00,6.462942165075725498e+00
-3.093189011686021672e+02,-3.763111582116836189e+02,-2.509728227424557367e+00,-9.101839903066712978e+00,-6.662311891829133970e+00,0.000000000000000000e+00,5.201769326700498297e+00,6.462942165256531091e+00
-3.102290851587587213e+02,-3.769773894008240518e+02,-2.509728227424464997e+00,-9.101839905402011155e+00,-6.662311891373595252e+00,0.000000000000000000e+00,5.201769071736316086e+00,6.462942165221162050e+00
-3.111392691489107278e+02,-3.776436205899411220e+02,-2.509728227424758984e+00,-9.101839901066448135e+00,-6.662311891546949916e+00,0.000000000000000000e+00,5.201769394889399045e+00,6.462942165338340317e+00
-3.120494531390651218e+02,-3.783098517790963342e+02,-2.509728227424659952e+00,-9.101839906078222242e+00,-6.662311891161316169e+00,0.000000000000000000e+00,5.201768963700287074e+00,6.462942165225510571e+00
-3.129596371292202548e+02,-3.789760829682206804e+02,-2.509728227424507185e+00,-9.101839895988630857e+00,-6.662311891219393267e+00,0.000000000000000000e+00,5.201769099395275653e+00,6.462942165224132118e+00
-3.138698211193733982e+02,-3.796423141573848170e+02,-2.509728227424516067e+00,-9.101839913490263001e+00,-6.662311891441071943e+00,0.000000000000000000e+00,5.201768617937388761e+00,6.462942165400001215e+00
-3.147800051095288154e+02,-3.803085453465308206e+02,-2.509728227424619984e+00,-9.101839896186673329e+00,-6.662311891670915642e+00,0.000000000000000000e+00,5.201768998588651272e+00,6.462942165318230181e+00
-3.156901890996816178e+02,-3.809747765356603963e+02,-2.509728227424378844e+00,-9.101839902568585217e+00,-6.662311891204701020e+00,0.000000000000000000e+00,5.201768469769357139e+00,6.462942165412623119e+00
-3.166003730898371487e+02,-3.816410077248025345e+02,-2.509728227424629310e+00,-9.101839896719454259e+00,-6.662311891400896080e+00,0.000000000000000000e+00,5.201768961384316547e+00,6.462942165219388357e+00
-3.175105570799905763e+02,-3.823072389139519487e+02,-2.509728227424704805e+00,-9.101839899115782728e+00,-6.662311891542691100e+00,0.000000000000000000e+00,5.201768986396964500e+00,6.462942165153497953e+00
-3.184207410701456524e+02,-3.829734701030804445e+02,-2.509728227424683489e+00,-9.101839900828544216e+00,-6.662311891250340068e+00,0.000000000000000000e+00,5.201768792149361609e+00,6.462942165445639375e+00
-3.193309250603001033e+02,-3.836397012922363388e+02,-2.509728227424578684e+00,-9.101839890297519275e+00,-6.662311891473875924e+00,0.000000000000000000e+00,5.201769355751529211e+00,6.462942165208251488e+00
-3.202411090504537015e+02,-3.843059324813802959e+02,-2.509728227424622204e+00,-9.101839902194479137e+00,-6.662311891144726772e+00,0.000000000000000000e+00,5.201769259416429314e+00,6.462942165243599213e+00
-3.211512930406073565e+02,-3.849721636705056653e+02,-2.509728227424684821e+00,-9.101839901773891128e+00,-6.662311891483556181e+00,0.000000000000000000e+00,5.201768714879638544e+00,6.462942165359568669e+00
-3.220614770307602157e+02,-3.856383948596561027e+02,-2.509728227424531610e+00,-9.101839905449175205e+00,-6.662311890881713161e+00,0.000000000000000000e+00,5.201769377250262671e+00,6.462942165069501144e+00
-3.229716610209162013e+02,-3.863046260487997188e+02,-2.509728227424728786e+00,-9.101839889497545855e+00,-6.662311891394351093e+00,0.000000000000000000e+00,5.201768751133560187e+00,6.462942165300701980e+00
-3.238818450110690037e+02,-3.869708572379383327e+02,-2.509728227424709246e+00,-9.101839898787309480e+00,-6.662311891684058018e+00,0.000000000000000000e+00,5.201768709377498467e+00,6.462942165319694787e+00
-3.247920290012231703e+02,-3.876370884270846204e+02,-2.509728227424727454e+00,-9.101839888156300518e+00,-6.662311891394643304e+00,0.000000000000000000e+00,5.201768146918890778e+00,6.462942165299010888e+00
-3.257022129913801791e+02,-3.883033196162324430e+02,-2.509728227424652847e+00,-9.101839900436168307e+00,-6.662311891483489568e+00,0.000000000000000000e+00,5.201768374115122384e+00,6.462942165266310823e+00
-3.266123969815326973e+02,-3.889695508053706590e+02,-2.509728227424604885e+00,-9.101839899459006844e+00,-6.662311891183368751e+00,0.000000000000000000e+00,5.201769209144901041e+00,6.462942165344976786e+00
-3.275225809716858976e+02,-3.896357819945023948e+02,-2.509728227424900204e+00,-9.101839911369761893e+00,-6.662311891367671990e+00,0.000000000000000000e+00,5.201768608764743007e+00,6.462942165348535717e+00
-3.284327649618395526e+02,-3.903020131836448172e+02,-2.509728227424792291e+00,-9.101839892728804671e+00,-6.662311891228757332e+00,0.000000000000000000e+00,5.201768948093492995e+00,6.462942165240511905e+00
-3.293429489519953108e+02,-3.909682443727883197e+02,-2.509728227424571578e+00,-9.101839903973599988e+00,-6.662311891655107843e+00,0.000000000000000000e+00,5.201769097258282848e+00,6.462942165375515025e+00
-3.302531329421485111e+02,-3.916344755619347211e+02,-2.509728227424628866e+00,-9.101839899744568640e+00,-6.662311891279594889e+00,0.000000000000000000e+00,5.201768944458776467e+00,6.462942165397843830e+00
-3.311633169323038146e+02,-3.923007067510746992e+02,-2.509728227424583125e+00,-9.101839899213475249e+00,-6.662311891335641612e+00,0.000000000000000000e+00,5.201768537513043356e+00,6.462942165270086470e+00
-3.320735009224559917e+02,-3.929669379402247387e+02,-2.509728227424580904e+00,-9.101839917104497246e+00,-6.662311891333869696e+00,0.000000000000000000e+00,5.201768495648713575e+00,6.462942165201776668e+00
-3.329836849126119773e+02,-3.936331691293619315e+02,-2.509728227424452562e+00,-9.101839909908704840e+00,-6.662311891734331581e+00,0.000000000000000000e+00,5.201768999952389727e+00,6.462942165300342268e+00
-3.338938689027658597e+02,-3.942994003185096403e+02,-2.509728227424652847e+00,-9.101839910082730967e+00,-6.662311891351453852e+00,0.000000000000000000e+00,5.201769003977409156e+00,6.462942165336668765e+00
-3.348040528929179800e+02,-3.949656315076517217e+02,-2.509728227424564029e+00,-9.101839904515211188e+00,-6.662311891580197987e+00,0.000000000000000000e+00,5.201768859234887188e+00,6.462942165324109922e+00
-3.357142368830724877e+02,-3.956318626967712362e+02,-2.509728227424655955e+00,-9.101839912221633355e+00,-6.662311891230173089e+00,0.000000000000000000e+00,5.201768545531049170e+00,6.462942165267872241e+00
-3.366244208732271659e+02,-3.962980938859333833e+02,-2.509728227424818492e+00,-9.101839905294857758e+00,-6.662311891360367611e+00,0.000000000000000000e+00,5.201769262642719660e+00,6.462942165482094659e+00
-3.375346048633828673e+02,-3.969643250750647212e+02,-2.509728227424530722e+00,-9.101839906231038668e+00,-6.662311891595642521e+00,0.000000000000000000e+00,5.201768745059367482e+00,6.462942165290153085e+00
-3.384447888535370339e+02,-3.976305562642263567e+02,-2.509728227424692815e+00,-9.101839908871317775e+00,-6.662311891349421700e+00,0.000000000000000000e+00,5.201767890267005257e+00,6.462942165195979527e+00
-3.393549728436888699e+02,-3.982967874533516124e+02,-2.509728227424621316e+00,-9.101839896049343182e+00,-6.662311891420868548e+00,0.000000000000000000e+00,5.201768983996804430e+00,6.462942165391074134e+00
-3.402651568338450261e+02,-3.989630186424956264e+02,-2.509728227424781188e+00,-9.101839910285786317e+00,-6.662311891508186257e+00,0.000000000000000000e+00,5.201769099389546902e+00,6.462942165246861492e+00
-3.411753408239982832e+02,-3.996292498316429374e+02,-2.509728227424840252e+00,-9.101839906051287343e+00,-6.662311891205752623e+00,0.000000000000000000e+00,5.201769071871704675e+00,6.462942165190600718e+00
-3.420855248141538141e+02,-4.002954810207869514e+02,-2.509728227424660396e+00,-9.101839897472729035e+00,-6.662311891601007119e+00,0.000000000000000000e+00,5.201768713209233397e+00,6.462942165217080870e+00
-3.429957088043073554e+02,-4.009617122099156177e+02,-2.509728227424599556e+00,-9.101839908532944889e+00,-6.662311891367920680e+00,0.000000000000000000e+00,5.201769099694647736e+00,6.462942165329142341e+00
-3.439058927944604989e+02,-4.016279433990733310e+02,-2.509728227424601776e+00,-9.101839895134759217e+00,-6.662311891502792349e+00,0.000000000000000000e+00,5.201769475532495690e+00,6.462942165308408704e+00
-3.448160767846156318e+02,-4.022941745882092732e+02,-2.509728227424718128e+00,-9.101839893783534308e+00,-6.662311890980156193e+00,0.000000000000000000e+00,5.201768587347125106e+00,6.462942165216517765e+00
-3.457262607747697984e+02,-4.029604057773518093e+02,-2.509728227424698144e+00,-9.101839911852330545e+00,-6.662311891269006914e+00,0.000000000000000000e+00,5.201769220478025701e+00,6.462942165363656066e+00
-3.466364447649244198e+02,-4.036266369664938338e+02,-2.509728227424695923e+00,-9.101839905612418846e+00,-6.662311891251128770e+00,0.000000000000000000e+00,5.201768808848596493e+00,6.462942165404533590e+00
-3.475466287550764264e+02,-4.042928681556367678e+02,-2.509728227424641300e+00,-9.101839900855614118e+00,-6.662311891197862934e+00,0.000000000000000000e+00,5.201769188695736901e+00,6.462942165230749048e+00
-3.484568127452319573e+02,-4.049590993447787923e+02,-2.509728227424837144e+00,-9.101839900684614904e+00,-6.662311891367079575e+00,0.000000000000000000e+00,5.201768476183791456e+00,6.462942165340018086e+00
-3.493669967353860670e+02,-4.056253305339175768e+02,-2.509728227424558256e+00,-9.101839890772192021e+00,-6.662311891382127094e+00,0.000000000000000000e+00,5.201768844721756935e+00,6.462942165309737419e+00
-3.502771807255420526e+02,-4.062915617230626140e+02,-2.509728227424814051e+00,-9.101839904122613234e+00,-6.662311891477817660e+00,0.000000000000000000e+00,5.201768759854254576e+00,6.462942165470441758e+00
-3.511873647156943434e+02,-4.069577929122150408e+02,-2.509728227424521396e+00,-9.101839907759451620e+00,-6.662311891402837638e+00,0.000000000000000000e+00,5.201768568608016174e+00,6.462942165327860700e+00
-3.520975487058493059e+02,-4.076240241013484251e+02,-2.509728227424685265e+00,-9.101839899214219543e+00,-6.662311891403057906e+00,0.000000000000000000e+00,5.201768367370361190e+00,6.462942165287872243e+00
-3.530077326960023925e+02,-4.082902552904874938e+02,-2.509728227424796732e+00,-9.101839913568213092e+00,-6.662311891491013327e+00,0.000000000000000000e+00,5.201768546313412678e+00,6.462942165162001373e+00
-3.539179166861571844e+02,-4.089564864796412280e+02,-2.509728227424682157e+00,-9.101839897463776197e+00,-6.662311891483876813e+00,0.000000000000000000e+00,5.201768589214906591e+00,6.462942165251738480e+00
-3.548281006763121468e+02,-4.096227176687830251e+02,-2.509728227424810498e+00,-9.101839892969465495e+00,-6.662311891340351622e+00,0.000000000000000000e+00,5.201769314637398445e+00,6.462942165264664141e+00
-3.557382846664630733e+02,-4.102889488579125441e+02,-2.509728227424625313e+00,-9.101839899063367767e+00,-6.662311891501503602e+00,0.000000000000000000e+00,5.201768615163517850e+00,6.462942165130963090e+00
-3.566484686566191158e+02,-4.109551800470534886e+02,-2.509728227424557367e+00,-9.101839914008555965e+00,-6.662311891292186594e+00,0.000000000000000000e+00,5.201768282160451840e+00,6.462942165110849402e+00
-3.575586526467727708e+02,-4.116214112362110882e+02,-2.509728227424702141e+00,-9.101839910691410296e+00,-6.662311891531791375e+00,0.000000000000000000e+00,5.201769647865976509e+00,6.462942165321038601e+00
-3.584688366369295522e+02,-4.122876424253365144e+02,-2.509728227424818048e+00,-9.101839908966883996e+00,-6.662311891314951495e+00,0.000000000000000000e+00,5.201769195302693660e+00,6.462942165331885924e+00
-3.593790206270830367e+02,-4.129538736145008784e+02,-2.509728227424497859e+00,-9.101839902264678983e+00,-6.662311891655710916e+00,0.000000000000000000e+00,5.201768709546199076e+00,6.462942165243601877e+00
-3.602892046172380560e+02,-4.136201048036280099e+02,-2.509728227424796287e+00,-9.101839903580080104e+00,-6.662311891580777079e+00,0.000000000000000000e+00,5.201768419637147645e+00,6.462942165127582683e+00
-3.611993886073892668e+02,-4.142863359927604847e+02,-2.509728227424875335e+00,-9.101839902887427058e+00,-6.662311891454600676e+00,0.000000000000000000e+00,5.201768861708417901e+00,6.462942165281854834e+00
-3.621095725975438313e+02,-4.149525671819003492e+02,-2.509728227424639968e+00,-9.101839895127881164e+00,-6.662311891230224603e+00,0.000000000000000000e+00,5.201769264986232599e+00,6.462942165278135143e+00
-3.630197565876981116e+02,-4.156187983710486264e+02,-2.509728227424739000e+00,-9.101839911657851445e+00,-6.662311891573620137e+00,0.000000000000000000e+00,5.201769567446602238e+00,6.462942165380074933e+00
-3.639299405778524488e+02,-4.162850295601927542e+02,-2.509728227424524505e+00,-9.101839915393211911e+00,-6.662311891620772641e+00,0.000000000000000000e+00,5.201768477138613456e+00,6.462942165244782267e+00
-3.648401245680086049e+02,-4.169512607493289806e+02,-2.509728227424822045e+00,-9.101839899434061465e+00,-6.662311891620175786e+00,0.000000000000000000e+00,5.201769016811744528e+00,6.462942165368315450e+00
-3.657503085581616915e+02,-4.176174919384757231e+02,-2.509728227424658620e+00,-9.101839898927192252e+00,-6.662311891444257839e+00,0.000000000000000000e+00,5.201769022292441313e+00,6.462942165325185506e+00
-3.666604925483170518e+02,-4.182837231276230909e+02,-2.509728227424527169e+00,-9.101839896246605832e+00,-6.662311891212083559e+00,0.000000000000000000e+00,5.201768826149010927e+00,6.462942165268480643e+00
-3.675706765384700248e+02,-4.189499543167663660e+02,-2.509728227424755875e+00,-9.101839902586302600e+00,-6.662311891370371164e+00,0.000000000000000000e+00,5.201768625041252037e+00,6.462942165291163832e+00
-3.684808605286240208e+02,-4.196161855059081631e+02,-2.509728227424671942e+00,-9.101839906002661351e+00,-6.662311891345556347e+00,0.000000000000000000e+00,5.201768847065779688e+00,6.462942165183584997e+00
-3.693910445187764253e+02,-4.202824166950461517e+02,-2.509728227424748770e+00,-9.101839896608625580e+00,-6.662311891226256222e+00,0.000000000000000000e+00,5.201768901403633905e+00,6.462942165139450523e+00
-3.703012285089307625e+02,-4.209486478841884605e+02,-2.509728227424614655e+00,-9.101839911896306035e+00,-6.662311891157103538e+00,0.000000000000000000e+00,5.201769111420844638e+00,6.462942165353082302e+00
-3.712114124990869755e+02,-4.216148790733399210e+02,-2.509728227424576463e+00,-9.101839907014488418e+00,-6.662311891484292481e+00,0.000000000000000000e+00,5.201768592077537612e+00,6.462942165409574002e+00
-3.721215964892409716e+02,-4.222811102624635851e+02,-2.509728227424453895e+00,-9.101839900838033515e+00,-6.662311891508745809e+00,0.000000000000000000e+00,5.201768021726641322e+00,6.462942165321292620e+00
-3.730317804793949676e+02,-4.229473414516155572e+02,-2.509728227424640856e+00,-9.101839888636098053e+00,-6.662311891275743747e+00,0.000000000000000000e+00,5.201768753260570755e+00,6.462942165114123227e+00
-3.739419644695486795e+02,-4.236135726407576385e+02,-2.509728227424731006e+00,-9.101839898126119266e+00,-6.662311891086225124e+00,0.000000000000000000e+00,5.201768403459764656e+00,6.462942165292882457e+00
-3.748521484597029030e+02,-4.242798038299008567e+02,-2.509728227424810054e+00,-9.101839897491405651e+00,-6.662311891038503298e+00,0.000000000000000000e+00,5.201768405881181501e+00,6.462942165271048367e+00
-3.757623324498587749e+02,-4.249460350190245208e+02,-2.509728227424795843e+00,-9.101839895857102292e+00,-6.662311891457068924e+00,0.000000000000000000e+00,5.201769175685998725e+00,6.462942165118035653e+00
-3.766725164400095309e+02,-4.256122662081709791e+02,-2.509728227424590230e+00,-9.101839895372037859e+00,-6.662311891429303579e+00,0.000000000000000000e+00,5.201768485390840802e+00,6.462942165327260291e+00
-3.775827004301667671e+02,-4.262784973973234059e+02,-2.509728227424599112e+00,-9.101839898881372903e+00,-6.662311891058988245e+00,0.000000000000000000e+00,5.201768817016648505e+00,6.462942165434728103e+00
-3.784928844203187737e+02,-4.269447285864629862e+02,-2.509728227424787850e+00,-9.101839901732631688e+00,-6.662311891405514608e+00,0.000000000000000000e+00,5.201768807606024225e+00,6.462942165256078120e+00
-3.794030684104729971e+02,-4.276109597756079665e+02,-2.509728227424508962e+00,-9.101839908480519270e+00,-6.662311891211290416e+00,0.000000000000000000e+00,5.201768994242965682e+00,6.462942165017471652e+00
-3.803132524006290396e+02,-4.282771909647547091e+02,-2.509728227424590674e+00,-9.101839897490572540e+00,-6.662311891295423116e+00,0.000000000000000000e+00,5.201768658269277701e+00,6.462942165200539435e+00
-3.812234363907845704e+02,-4.289434221538977567e+02,-2.509728227424826486e+00,-9.101839904377090562e+00,-6.662311891491937033e+00,0.000000000000000000e+00,5.201768606765742042e+00,6.462942165161623009e+00
-3.821336203809354402e+02,-4.296096533430392128e+02,-2.509728227424735003e+00,-9.101839909570481169e+00,-6.662311891371596850e+00,0.000000000000000000e+00,5.201768845676217445e+00,6.462942165244856874e+00
-3.830438043710916531e+02,-4.302758845321734498e+02,-2.509728227424706137e+00,-9.101839895469293396e+00,-6.662311891298770661e+00,0.000000000000000000e+00,5.201768942874890556e+00,6.462942165175264542e+00
-3.839539883612445124e+02,-4.309421157213120637e+02,-2.509728227424613767e+00,-9.101839898173343713e+00,-6.662311891569880906e+00,0.000000000000000000e+00,5.201768614529879819e+00,6.462942165182320231e+00
-3.848641723513977695e+02,-4.316083469104556229e+02,-2.509728227424668834e+00,-9.101839898145916763e+00,-6.662311891602177738e+00,0.000000000000000000e+00,5.201769331417883002e+00,6.462942165392330018e+00
-3.857743563415539256e+02,-4.322745780995954306e+02,-2.509728227424887326e+00,-9.101839904179104934e+00,-6.662311891417670218e+00,0.000000000000000000e+00,5.201768594018698622e+00,6.462942165501356584e+00
-3.866845403317064438e+02,-4.329408092887358634e+02,-2.509728227424489422e+00,-9.101839904324737773e+00,-6.662311891637047623e+00,0.000000000000000000e+00,5.201768251385450625e+00,6.462942165372810521e+00
-3.875947243218615199e+02,-4.336070404778820375e+02,-2.509728227424881553e+00,-9.101839905807445064e+00,-6.662311891291841981e+00,0.000000000000000000e+00,5.201768769536637471e+00,6.462942165115246773e+00
-3.885049083120135833e+02,-4.342732716670307127e+02,-2.509728227424775415e+00,-9.101839899906273956e+00,-6.662311891332062253e+00,0.000000000000000000e+00,5.201768987812267930e+00,6.462942165421690532e+00
-3.894150923021697395e+02,-4.349395028561564800e+02,-2.509728227424631086e+00,-9.101839899163318037e+00,-6.662311891541003561e+00,0.000000000000000000e+00,5.201768605271530177e+00,6.462942165116756676e+00
-3.903252762923229398e+02,-4.356057340453165807e+02,-2.509728227424696367e+00,-9.101839901760962803e+00,-6.662311891534502983e+00,0.000000000000000000e+00,5.201769131431325910e+00,6.462942165458779087e+00
-3.912354602824776748e+02,-4.362719652344615042e+02,-2.509728227424602665e+00,-9.101839901461961091e+00,-6.662311891346265114e+00,0.000000000000000000e+00,5.201768840837248220e+00,6.462942165046449361e+00
-3.921456442726317846e+02,-4.369381964236077351e+02,-2.509728227424548486e+00,-9.101839906928722357e+00,-6.662311891222013394e+00,0.000000000000000000e+00,5.201768832418856903e+00,6.462942165434519382e+00
-3.930558282627856101e+02,-4.376044276127301487e+02,-2.509728227424603109e+00,-9.101839895896436161e+00,-6.662311891731989455e+00,0.000000000000000000e+00,5.201768741314088729e+00,6.462942165406681205e+00
-3.939660122529390378e+02,-4.382706588018727984e+02,-2.509728227424578684e+00,-9.101839909371001625e+00,-6.662311891367083128e+00,0.000000000000000000e+00,5.201768478138085960e+00,6.462942165218836799e+00
-3.948761962430953076e+02,-4.389368899910319897e+02,-2.509728227424594671e+00,-9.101839915192964980e+00,-6.662311891448283063e+00,0.000000000000000000e+00,5.201769066383271856e+00,6.462942165253732441e+00
-3.957863802332495879e+02,-4.396031211801716267e+02,-2.509728227424652403e+00,-9.101839902443627395e+00,-6.662311891280938703e+00,0.000000000000000000e+00,5.201768402737838137e+00,6.462942165300521680e+00
-3.966965642234017650e+02,-4.402693523693059205e+02,-2.509728227424895763e+00,-9.101839904611720655e+00,-6.662311891706163003e+00,0.000000000000000000e+00,5.201768892282465195e+00,6.462942165241482684e+00
-3.976067482135578075e+02,-4.409355835584373153e+02,-2.509728227424730118e+00,-9.101839895774540778e+00,-6.662311891306173628e+00,0.000000000000000000e+00,5.201769360557926269e+00,6.462942165251397419e+00
-3.985169322037115762e+02,-4.416018147475899696e+02,-2.509728227424671054e+00,-9.101839905785029217e+00,-6.662311891338333680e+00,0.000000000000000000e+00,5.201768819486882300e+00,6.462942165299178754e+00
-3.994271161938660271e+02,-4.422680459367339267e+02,-2.509728227424714575e+00,-9.101839910204249762e+00,-6.662311891363590810e+00,0.000000000000000000e+00,5.201768466096888588e+00,6.462942165195665112e+00
-4.003373001840190568e+02,-4.429342771258820903e+02,-2.509728227424807834e+00,-9.101839905230598049e+00,-6.662311891264613095e+00,0.000000000000000000e+00,5.201769050740479905e+00,6.462942165217665291e+00
-4.012474841741747014e+02,-4.436005083150203063e+02,-2.509728227424714575e+00,-9.101839893566298301e+00,-6.662311891573034828e+00,0.000000000000000000e+00,5.201768065841730682e+00,6.462942165355924473e+00
-4.021576681643300617e+02,-4.442667395041693226e+02,-2.509728227424673719e+00,-9.101839892200501936e+00,-6.662311891365455097e+00,0.000000000000000000e+00,5.201769014910892608e+00,6.462942165547677753e+00
-4.030678521544817272e+02,-4.449329706932953741e+02,-2.509728227424638636e+00,-9.101839896251020079e+00,-6.662311891577608947e+00,0.000000000000000000e+00,5.201768327952016158e+00,6.462942165150598939e+00
-4.039780361446360644e+02,-4.455992018824441061e+02,-2.509728227424563141e+00,-9.101839903020398026e+00,-6.662311891318070778e+00,0.000000000000000000e+00,5.201769079051230094e+00,6.462942165269005557e+00
-4.048882201347920500e+02,-4.462654330715927244e+02,-2.509728227424547153e+00,-9.101839907251870088e+00,-6.662311891502239014e+00,0.000000000000000000e+00,5.201769130965540278e+00,6.462942165147820717e+00
-4.057984041249454776e+02,-4.469316642607280414e+02,-2.509728227424674163e+00,-9.101839902699493834e+00,-6.662311891458158719e+00,0.000000000000000000e+00,5.201768834957641197e+00,6.462942165335760158e+00
-4.067085881150994169e+02,-4.475978954498672238e+02,-2.509728227424529834e+00,-9.101839891717769859e+00,-6.662311890972234529e+00,0.000000000000000000e+00,5.201768237972517639e+00,6.462942165336262867e+00
-4.076187721052532424e+02,-4.482641266390060650e+02,-2.509728227424731006e+00,-9.101839903184837155e+00,-6.662311891412064035e+00,0.000000000000000000e+00,5.201768289841013804e+00,6.462942165275760154e+00
-4.085289560954083754e+02,-4.489303578281539444e+02,-2.509728227424641744e+00,-9.101839890343141448e+00,-6.662311891404014474e+00,0.000000000000000000e+00,5.201768745231206914e+00,6.462942165242090198e+00
-4.094391400855604957e+02,-4.495965890173060870e+02,-2.509728227424585345e+00,-9.101839894298869638e+00,-6.662311891412815434e+00,0.000000000000000000e+00,5.201768853006364601e+00,6.462942165520173532e+00
-4.103493240757138096e+02,-4.502628202064376524e+02,-2.509728227424639524e+00,-9.101839892728404990e+00,-6.662311891366337058e+00,0.000000000000000000e+00,5.201769163160800957e+00,6.462942165232868241e+00
-4.112595080658705911e+02,-4.509290513955913866e+02,-2.509728227424837144e+00,-9.101839903722694913e+00,-6.662311891277810538e+00,0.000000000000000000e+00,5.201769662274979389e+00,6.462942165298693808e+00
-4.121696920560233934e+02,-4.515952825847302279e+02,-2.509728227424570246e+00,-9.101839899214279939e+00,-6.662311891385335194e+00,0.000000000000000000e+00,5.201768545991655834e+00,6.462942165297244301e+00
-4.130798760461795496e+02,-4.522615137738599742e+02,-2.509728227424769198e+00,-9.101839902505094670e+00,-6.662311891648529993e+00,0.000000000000000000e+00,5.201768965465122463e+00,6.462942165526468052e+00
-4.139900600363316698e+02,-4.529277449629952343e+02,-2.509728227424627534e+00,-9.101839903173317481e+00,-6.662311891381360596e+00,0.000000000000000000e+00,5.201768611804379105e+00,6.462942165198477973e+00
-4.149002440264869733e+02,-4.535939761521503328e+02,-2.509728227424580016e+00,-9.101839900137315809e+00,-6.662311891594200119e+00,0.000000000000000000e+00,5.201768130301097415e+00,6.462942165395380911e+00
-4.158104280166410831e+02,-4.542602073412789423e+02,-2.509728227424655511e+00,-9.101839899403993073e+00,-6.662311891271457398e+00,0.000000000000000000e+00,5.201768862612504485e+00,6.462942165292570706e+00
-4.167206120067959887e+02,-4.549264385304454095e+02,-2.509728227424693703e+00,-9.101839904504789303e+00,-6.662311891337340697e+00,0.000000000000000000e+00,5.201769085151459748e+00,6.462942165447826959e+00
-4.176307959969481658e+02,-4.555926697195691872e+02,-2.509728227424571578e+00,-9.101839903960437184e+00,-6.662311891353432713e+00,0.000000000000000000e+00,5.201768972239921851e+00,6.462942165042067089e+00
-4.185409799871031282e+02,-4.562589009087146792e+02,-2.509728227424639080e+00,-9.101839894744117032e+00,-6.662311891283485110e+00,0.000000000000000000e+00,5.201768829101085956e+00,6.462942165391413418e+00
-4.194511639772590570e+02,-4.569251320978467561e+02,-2.509728227424808278e+00,-9.101839918632553150e+00,-6.662311891446432988e+00,0.000000000000000000e+00,5.201768511722391075e+00,6.462942165309534026e+00
-4.203613479674116320e+02,-4.575913632870026504e+02,-2.509728227424524505e+00,-9.101839904864513997e+00,-6.662311891296037736e+00,0.000000000000000000e+00,5.201768685551560800e+00,6.462942165269682349e+00
-4.212715319575657986e+02,-4.582575944761343862e+02,-2.509728227424680380e+00,-9.101839898265856377e+00,-6.662311891543600595e+00,0.000000000000000000e+00,5.201768562299823984e+00,6.462942165289686791e+00
-4.221817159477190557e+02,-4.589238256652761265e+02,-2.509728227424590230e+00,-9.101839897442864924e+00,-6.662311891088243065e+00,0.000000000000000000e+00,5.201768967143006961e+00,6.462942165411343254e+00
-4.230918999378729382e+02,-4.595900568544283828e+02,-2.509728227424828706e+00,-9.101839907892395942e+00,-6.662311891317794554e+00,0.000000000000000000e+00,5.201768558466699055e+00,6.462942165169678788e+00
-4.240020839280278437e+02,-4.602562880435754096e+02,-2.509728227424596003e+00,-9.101839896127009055e+00,-6.662311891501396133e+00,0.000000000000000000e+00,5.201768466694283610e+00,6.462942165316255760e+00
-4.249122679181815556e+02,-4.609225192326972547e+02,-2.509728227424797176e+00,-9.101839898372592330e+00,-6.662311891377254547e+00,0.000000000000000000e+00,5.201768128633955435e+00,6.462942165306401421e+00
-4.258224519083366886e+02,-4.615887504218700315e+02,-2.509728227424831370e+00,-9.101839893521392000e+00,-6.662311891295999544e+00,0.000000000000000000e+00,5.201769309006088804e+00,6.462942165441063480e+00
-4.267326358984910826e+02,-4.622549816109878975e+02,-2.509728227424659064e+00,-9.101839906608780950e+00,-6.662311891207834513e+00,0.000000000000000000e+00,5.201768766016774848e+00,6.462942165222972157e+00
-4.276428198886447376e+02,-4.629212128001399265e+02,-2.509728227424675051e+00,-9.101839905899055339e+00,-6.662311891552902487e+00,0.000000000000000000e+00,5.201768802611677955e+00,6.462942165294073504e+00
-4.285530038788006095e+02,-4.635874439892742771e+02,-2.509728227424727010e+00,-9.101839909822501795e+00,-6.662311891236838868e+00,0.000000000000000000e+00,5.201768905353841177e+00,6.462942165181241094e+00
-4.294631878689517066e+02,-4.642536751784193143e+02,-2.509728227424715463e+00,-9.101839893863100883e+00,-6.662311891538614361e+00,0.000000000000000000e+00,5.201769100864980011e+00,6.462942165264429661e+00
-4.303733718591082607e+02,-4.649199063675551997e+02,-2.509728227424729230e+00,-9.101839895898303112e+00,-6.662311891554032250e+00,0.000000000000000000e+00,5.201768126790371483e+00,6.462942165278628082e+00
-4.312835558492616883e+02,-4.655861375567166078e+02,-2.509728227424531166e+00,-9.101839899415056223e+00,-6.662311891396340613e+00,0.000000000000000000e+00,5.201768683292631756e+00,6.462942165288902530e+00
-4.321937398394151160e+02,-4.662523687458416362e+02,-2.509728227424592450e+00,-9.101839907376984229e+00,-6.662311891426389465e+00,0.000000000000000000e+00,5.201768934110233111e+00,6.462942165386829529e+00
-4.331039238295700216e+02,-4.669185999349824669e+02,-2.509728227424786517e+00,-9.101839895259285385e+00,-6.662311891503813754e+00,0.000000000000000000e+00,5.201768666196717739e+00,6.462942165325706867e+00
-4.340141078197229376e+02,-4.675848311241251167e+02,-2.509728227424647073e+00,-9.101839904683426852e+00,-6.662311891462478819e+00,0.000000000000000000e+00,5.201768906965386741e+00,6.462942165362823843e+00
-4.349242918098769906e+02,-4.682510623132690171e+02,-2.509728227424565361e+00,-9.101839900368188907e+00,-6.662311891431874855e+00,0.000000000000000000e+00,5.201768526139346704e+00,6.462942165134898609e+00
-4.358344758000328056e+02,-4.689172935024128037e+02,-2.509728227424690150e+00,-9.101839901097397600e+00,-6.662311891426990762e+00,0.000000000000000000e+00,5.201768987810459599e+00,6.462942165338457556e+00
-4.367446597901872565e+02,-4.695835246915592052e+02,-2.509728227424601332e+00,-9.101839898564833220e+00,-6.662311891663502905e+00,0.000000000000000000e+00,5.201768499953227654e+00,6.462942165298092512e+00
-4.376548437803414799e+02,-4.702497558807093583e+02,-2.509728227424696367e+00,-9.101839905857019630e+00,-6.662311891318254631e+00,0.000000000000000000e+00,5.201768856815784048e+00,6.462942165437937980e+00
-4.385650277704947939e+02,-4.709159870698531449e+02,-2.509728227424792735e+00,-9.101839900334521616e+00,-6.662311891119936824e+00,0.000000000000000000e+00,5.201768539768637289e+00,6.462942165314470522e+00
-4.394752117606487900e+02,-4.715822182589803901e+02,-2.509728227424649294e+00,-9.101839900579411946e+00,-6.662311891399726349e+00,0.000000000000000000e+00,5.201768657471779633e+00,6.462942165331638122e+00
-4.403853957508040935e+02,-4.722484494481257684e+02,-2.509728227424521396e+00,-9.101839904846093177e+00,-6.662311891306672784e+00,0.000000000000000000e+00,5.201768537554119831e+00,6.462942165282825613e+00
-4.412955797409580327e+02,-4.729146806372640981e+02,-2.509728227424593339e+00,-9.101839896219782844e+00,-6.662311891551508936e+00,0.000000000000000000e+00,5.201768306746219928e+00,6.462942165383272375e+00
-4.422057637311115741e+02,-4.735809118264109543e+02,-2.509728227424540048e+00,-9.101839899176798809e+00,-6.662311891648591278e+00,0.000000000000000000e+00,5.201769210468436988e+00,6.462942165234855985e+00
-4.431159477212664797e+02,-4.742471430155490566e+02,-2.509728227424446789e+00,-9.101839897428263271e+00,-6.662311891285836118e+00,0.000000000000000000e+00,5.201768682434388502e+00,6.462942165331653221e+00
-4.440261317114203621e+02,-4.749133742046907969e+02,-2.509728227424645297e+00,-9.101839899721921867e+00,-6.662311891634833394e+00,0.000000000000000000e+00,5.201768504306849117e+00,6.462942165350473722e+00
-4.449363157015732781e+02,-4.755796053938358909e+02,-2.509728227424746549e+00,-9.101839908845461125e+00,-6.662311891333358105e+00,0.000000000000000000e+00,5.201768785655412231e+00,6.462942165293844354e+00
-4.458464996917293774e+02,-4.762458365829812124e+02,-2.509728227424603109e+00,-9.101839903008137611e+00,-6.662311891424392840e+00,0.000000000000000000e+00,5.201768821822662758e+00,6.462942165215538104e+00
-4.467566836818816114e+02,-4.769120677721191441e+02,-2.509728227424425917e+00,-9.101839901524895637e+00,-6.662311891467912695e+00,0.000000000000000000e+00,5.201768779466126702e+00,6.462942165244383474e+00
-4.476668676720381654e+02,-4.775782989612492884e+02,-2.509728227424603553e+00,-9.101839900484412382e+00,-6.662311891348045023e+00,0.000000000000000000e+00,5.201768656717078443e+00,6.462942165138717776e+00
-4.485770516621909678e+02,-4.782445301504229178e+02,-2.509728227424586233e+00,-9.101839903581872449e+00,-6.662311891445714451e+00,0.000000000000000000e+00,5.201768689356312869e+00,6.462942165163334529e+00
-4.494872356523447365e+02,-4.789107613395457861e+02,-2.509728227424665725e+00,-9.101839903837801060e+00,-6.662311891429863131e+00,0.000000000000000000e+00,5.201768753567091785e+00,6.462942165329288891e+00
-4.503974196424977094e+02,-4.795769925286963939e+02,-2.509728227424607550e+00,-9.101839887600537082e+00,-6.662311891563899913e+00,0.000000000000000000e+00,5.201768513005419869e+00,6.462942165405514139e+00
-4.513076036326533540e+02,-4.802432237178237528e+02,-2.509728227424659064e+00,-9.101839912477414529e+00,-6.662311891464205438e+00,0.000000000000000000e+00,5.201769188713377901e+00,6.462942165215006973e+00
-4.522177876228071796e+02,-4.809094549069802724e+02,-2.509728227424618652e+00,-9.101839909409630280e+00,-6.662311891329217417e+00,0.000000000000000000e+00,5.201768587689324264e+00,6.462942165311875264e+00
-4.531279716129623125e+02,-4.815756860961100756e+02,-2.509728227424739000e+00,-9.101839895238526879e+00,-6.662311891308961620e+00,0.000000000000000000e+00,5.201768856276050457e+00,6.462942165197154587e+00
-4.540381556031162518e+02,-4.822419172852617635e+02,-2.509728227424659952e+00,-9.101839903150720446e+00,-6.662311891859834745e+00,0.000000000000000000e+00,5.201769316541129839e+00,6.462942165368217751e+00
-4.549483395932703047e+02,-4.829081484744071986e+02,-2.509728227424652403e+00,-9.101839898903557824e+00,-6.662311891574456801e+00,0.000000000000000000e+00,5.201769321966713377e+00,6.462942165333762645e+00
-4.558585235834243576e+02,-4.835743796635410376e+02,-2.509728227424655955e+00,-9.101839914353167416e+00,-6.662311891300622513e+00,0.000000000000000000e+00,5.201768919077434106e+00,6.462942165232830938e+00
-4.567687075735785243e+02,-4.842406108526911339e+02,-2.509728227424793179e+00,-9.101839893070341247e+00,-6.662311891226656790e+00,0.000000000000000000e+00,5.201768795078618446e+00,6.462942165252212767e+00
-4.576788915637337709e+02,-4.849068420418201981e+02,-2.509728227424874891e+00,-9.101839894691007515e+00,-6.662311891567756383e+00,0.000000000000000000e+00,5.201768497066908914e+00,6.462942165324371935e+00
-4.585890755538872554e+02,-4.855730732309732502e+02,-2.509728227424543157e+00,-9.101839896717542899e+00,-6.662311891191562196e+00,0.000000000000000000e+00,5.201768720273313384e+00,6.462942165381039494e+00
-4.594992595440408536e+02,-4.862393044201054977e+02,-2.509728227424514735e+00,-9.101839904842959683e+00,-6.662311891424161914e+00,0.000000000000000000e+00,5.201768268522100946e+00,6.462942165109258674e+00
-4.604094435341941107e+02,-4.869055356092555940e+02,-2.509728227424753211e+00,-9.101839898040385179e+00,-6.662311891584522527e+00,0.000000000000000000e+00,5.201768785947605167e+00,6.462942165475254797e+00
-4.613196275243503237e+02,-4.875717667983930710e+02,-2.509728227424632419e+00,-9.101839904754225330e+00,-6.662311891492806559e+00,0.000000000000000000e+00,5.201769765746828256e+00,6.462942165241719827e+00
-4.622298115145047746e+02,-4.882379979875221920e+02,-2.509728227424630642e+00,-9.101839912128173893e+00,-6.662311891153947840e+00,0.000000000000000000e+00,5.201769100440235327e+00,6.462942165249284443e+00
-4.631399955046565537e+02,-4.889042291766918993e+02,-2.509728227424649738e+00,-9.101839907736572144e+00,-6.662311891776993455e+00,0.000000000000000000e+00,5.201768791462733077e+00,6.462942165225690871e+00
-4.640501794948112888e+02,-4.895704603658305132e+02,-2.509728227424787850e+00,-9.101839905280586507e+00,-6.662311891418704946e+00,0.000000000000000000e+00,5.201768726545544119e+00,6.462942165255307181e+00
-4.649603634849647165e+02,-4.902366915549638406e+02,-2.509728227424611990e+00,-9.101839890041819814e+00,-6.662311891326144320e+00,0.000000000000000000e+00,5.201768951454375234e+00,6.462942165394648164e+00
-4.658705474751188262e+02,-4.909029227440991008e+02,-2.509728227424684821e+00,-9.101839901828990165e+00,-6.662311891374065098e+00,0.000000000000000000e+00,5.201769084799080289e+00,6.462942165316363230e+00
-4.667807314652735613e+02,-4.915691539332377147e+02,-2.509728227424500524e+00,-9.101839890981748837e+00,-6.662311891247507667e+00,0.000000000000000000e+00,5.201769330757171517e+00,6.462942165329687683e+00
-4.676909154554265342e+02,-4.922353851223869583e+02,-2.509728227424731006e+00,-9.101839893485813349e+00,-6.662311891563646782e+00,0.000000000000000000e+00,5.201768538366223105e+00,6.462942165280801454e+00
-4.686010994455820082e+02,-4.929016163115373388e+02,-2.509728227424728786e+00,-9.101839904613566290e+00,-6.662311891431056843e+00,0.000000000000000000e+00,5.201768478484805058e+00,6.462942165219050850e+00
-4.695112834357362317e+02,-4.935678475006668577e+02,-2.509728227424779412e+00,-9.101839901949826839e+00,-6.662311891619597581e+00,0.000000000000000000e+00,5.201768427065252887e+00,6.462942165183574339e+00
-4.704214674258906825e+02,-4.942340786898062106e+02,-2.509728227424774971e+00,-9.101839902822876027e+00,-6.662311890961891692e+00,0.000000000000000000e+00,5.201769306012167249e+00,6.462942165261630123e+00
-4.713316514160437691e+02,-4.949003098789466435e+02,-2.509728227424710134e+00,-9.101839903267196163e+00,-6.662311891457594726e+00,0.000000000000000000e+00,5.201768486570749417e+00,6.462942165249274673e+00
-4.722418354061976515e+02,-4.955665410681120875e+02,-2.509728227424680380e+00,-9.101839907211262570e+00,-6.662311891540351638e+00,0.000000000000000000e+00,5.201768851436236574e+00,6.462942165103668479e+00
-4.731520193963528413e+02,-4.962327722572413222e+02,-2.509728227424651958e+00,-9.101839893634531720e+00,-6.662311891589792978e+00,0.000000000000000000e+00,5.201768872283895284e+00,6.462942165218066748e+00
-4.740622033865074627e+02,-4.968990034463831762e+02,-2.509728227424696811e+00,-9.101839910641961851e+00,-6.662311891539479447e+00,0.000000000000000000e+00,5.201768702983577519e+00,6.462942165379620185e+00
-4.749723873766609472e+02,-4.975652346355260534e+02,-2.509728227424468106e+00,-9.101839893474860332e+00,-6.662311891262792329e+00,0.000000000000000000e+00,5.201768789494096268e+00,6.462942165354174762e+00
-4.758825713668150001e+02,-4.982314658246708632e+02,-2.509728227424564917e+00,-9.101839909238114146e+00,-6.662311891275023434e+00,0.000000000000000000e+00,5.201769030599209032e+00,6.462942165342303369e+00
-4.767927553569699057e+02,-4.988976970138029969e+02,-2.509728227424593339e+00,-9.101839896469021696e+00,-6.662311891392765695e+00,0.000000000000000000e+00,5.201768764175732862e+00,6.462942165499523384e+00
-4.777029393471227081e+02,-4.995639282029508763e+02,-2.509728227424736779e+00,-9.101839900031320596e+00,-6.662311891262791441e+00,0.000000000000000000e+00,5.201768965915555043e+00,6.462942165427551622e+00
-4.786131233372771590e+02,-5.002301593920883533e+02,-2.509728227424766978e+00,-9.101839905361295280e+00,-6.662311891722699109e+00,0.000000000000000000e+00,5.201769108724399793e+00,6.462942165263801719e+00
-4.795233073274307571e+02,-5.008963905812394728e+02,-2.509728227424618208e+00,-9.101839899489290175e+00,-6.662311891267570729e+00,0.000000000000000000e+00,5.201768365134955552e+00,6.462942165315554099e+00
-4.804334913175876522e+02,-5.015626217703791099e+02,-2.509728227424616875e+00,-9.101839910836110548e+00,-6.662311891514150375e+00,0.000000000000000000e+00,5.201768726967133993e+00,6.462942165326557742e+00
-4.813436753077412504e+02,-5.022288529595257387e+02,-2.509728227424585345e+00,-9.101839894745074488e+00,-6.662311891388091212e+00,0.000000000000000000e+00,5.201768692352359835e+00,6.462942165396847294e+00
-4.822538592978956444e+02,-5.028950841486645800e+02,-2.509728227424766089e+00,-9.101839903280286137e+00,-6.662311891130557662e+00,0.000000000000000000e+00,5.201768523435321256e+00,6.462942165309147668e+00
-4.831640432880488447e+02,-5.035613153378124593e+02,-2.509728227424633751e+00,-9.101839899453196381e+00,-6.662311891380400475e+00,0.000000000000000000e+00,5.201769467867848995e+00,6.462942165295940455e+00
-4.840742272782049440e+02,-5.042275465269423194e+02,-2.509728227424685709e+00,-9.101839899706639869e+00,-6.662311891586723434e+00,0.000000000000000000e+00,5.201768842022122641e+00,6.462942165421288188e+00
-4.849844112683575190e+02,-5.048937777160851397e+02,-2.509728227424709246e+00,-9.101839894423136457e+00,-6.662311891448512213e+00,0.000000000000000000e+00,5.201768649879979556e+00,6.462942165225372015e+00
-4.858945952585110035e+02,-5.055600089052357475e+02,-2.509728227424711466e+00,-9.101839899923557908e+00,-6.662311891146216247e+00,0.000000000000000000e+00,5.201768381493108606e+00,6.462942165272780315e+00
-4.868047792486656249e+02,-5.062262400943731677e+02,-2.509728227424605329e+00,-9.101839899231109143e+00,-6.662311891557499699e+00,0.000000000000000000e+00,5.201768984737670465e+00,6.462942165289393692e+00
-4.877149632388197915e+02,-5.068924712835043351e+02,-2.509728227424527169e+00,-9.101839887598602630e+00,-6.662311891432988631e+00,0.000000000000000000e+00,5.201768745190068266e+00,6.462942165428846586e+00
-4.886251472289738444e+02,-5.075587024726556820e+02,-2.509728227424696811e+00,-9.101839899243678644e+00,-6.662311891507500583e+00,0.000000000000000000e+00,5.201769068525480044e+00,6.462942165244286663e+00
-4.895353312191271016e+02,-5.082249336618037887e+02,-2.509728227424615987e+00,-9.101839898719836341e+00,-6.662311891397529884e+00,0.000000000000000000e+00,5.201769391366217299e+00,6.462942165290696650e+00
-4.904455152092818935e+02,-5.088911648509345582e+02,-2.509728227424748326e+00,-9.101839896048623757e+00,-6.662311891241527562e+00,0.000000000000000000e+00,5.201768778558551354e+00,6.462942165140050932e+00
-4.913556991994363443e+02,-5.095573960400805049e+02,-2.509728227424802505e+00,-9.101839905396971631e+00,-6.662311891281029297e+00,0.000000000000000000e+00,5.201768721334259382e+00,6.462942165247625326e+00
-4.922658831895911362e+02,-5.102236272292204262e+02,-2.509728227424586677e+00,-9.101839895145692694e+00,-6.662311891370603867e+00,0.000000000000000000e+00,5.201769354107399934e+00,6.462942165329271127e+00
-4.931760671797443365e+02,-5.108898584183647813e+02,-2.509728227424753655e+00,-9.101839898370480242e+00,-6.662311891366048400e+00,0.000000000000000000e+00,5.201769027517131327e+00,6.462942165356681201e+00
-4.940862511698975936e+02,-5.115560896075123765e+02,-2.509728227424601332e+00,-9.101839909412323237e+00,-6.662311891468619685e+00,0.000000000000000000e+00,5.201769121318222666e+00,6.462942165369363501e+00
-4.949964351600544319e+02,-5.122223207966536620e+02,-2.509728227424778524e+00,-9.101839898013336594e+00,-6.662311891650857909e+00,0.000000000000000000e+00,5.201769119256091756e+00,6.462942165166800201e+00
-4.959066191502062111e+02,-5.128885519857969939e+02,-2.509728227424877556e+00,-9.101839907108839611e+00,-6.662311891580139367e+00,0.000000000000000000e+00,5.201769162214090692e+00,6.462942165250392890e+00
-4.968168031403596387e+02,-5.135547831749423722e+02,-2.509728227424572911e+00,-9.101839912761038320e+00,-6.662311891558829302e+00,0.000000000000000000e+00,5.201768659482199020e+00,6.462942165222995250e+00
-4.977269871305157949e+02,-5.142210143640847946e+02,-2.509728227424632419e+00,-9.101839893759114730e+00,-6.662311891633576622e+00,0.000000000000000000e+00,5.201769229995018229e+00,6.462942165279176976e+00
-4.986371711206701889e+02,-5.148872455532152799e+02,-2.509728227424648850e+00,-9.101839911246736747e+00,-6.662311891520810825e+00,0.000000000000000000e+00,5.201769062374924424e+00,6.462942165340939127e+00
-4.995473551108240713e+02,-5.155534767423629319e+02,-2.509728227424716351e+00,-9.101839917019631798e+00,-6.662311891423342125e+00,0.000000000000000000e+00,5.201768807305930942e+00,6.462942165290583851e+00
-5.004575391009783516e+02,-5.162197079314948951e+02,-2.509728227424757208e+00,-9.101839891923287240e+00,-6.662311891434406164e+00,0.000000000000000000e+00,5.201768246907618298e+00,6.462942165265115335e+00
-5.013677230911310403e+02,-5.168859391206401597e+02,-2.509728227424673275e+00,-9.101839892761205419e+00,-6.662311891455895640e+00,0.000000000000000000e+00,5.201768619262342241e+00,6.462942165321328147e+00
-5.022779070812866280e+02,-5.175521703097882664e+02,-2.509728227424596003e+00,-9.101839893806284110e+00,-6.662311891679406628e+00,0.000000000000000000e+00,5.201768360012726689e+00,6.462942165226724711e+00
-5.031880910714396009e+02,-5.182184014989235266e+02,-2.509728227424543157e+00,-9.101839899721923643e+00,-6.662311891473152059e+00,0.000000000000000000e+00,5.201768685658850977e+00,6.462942165142268713e+00
-5.040982750615939949e+02,-5.188846326880747029e+02,-2.509728227424611990e+00,-9.101839894436636769e+00,-6.662311891467761704e+00,0.000000000000000000e+00,5.201768782022154092e+00,6.462942165298699138e+00
-5.050084590517503216e+02,-5.195508638772182621e+02,-2.509728227424772307e+00,-9.101839899895319164e+00,-6.662311891456596413e+00,0.000000000000000000e+00,5.201769539809440346e+00,6.462942165358311897e+00
-5.059186430419031808e+02,-5.202170950663547728e+02,-2.509728227424536051e+00,-9.101839905514605533e+00,-6.662311891494692162e+00,0.000000000000000000e+00,5.201768853242800361e+00,6.462942165267692829e+00
-5.068288270320575180e+02,-5.208833262555023111e+02,-2.509728227424596003e+00,-9.101839909900512282e+00,-6.662311891254984353e+00,0.000000000000000000e+00,5.201769095325487591e+00,6.462942165267180350e+00
-5.077390110222114572e+02,-5.215495574446425735e+02,-2.509728227424478320e+00,-9.101839901630295770e+00,-6.662311891585024348e+00,0.000000000000000000e+00,5.201768827629214442e+00,6.462942165223629409e+00
-5.086491950123649417e+02,-5.222157886337821537e+02,-2.509728227424516511e+00,-9.101839910739533579e+00,-6.662311891527886942e+00,0.000000000000000000e+00,5.201768896110160689e+00,6.462942165235567415e+00
-5.095593790025206431e+02,-5.228820198229304879e+02,-2.509728227424666169e+00,-9.101839903634070694e+00,-6.662311891550640297e+00,0.000000000000000000e+00,5.201768701440556697e+00,6.462942165515261905e+00
-5.104695629926745255e+02,-5.235482510120650659e+02,-2.509728227424464997e+00,-9.101839901429114477e+00,-6.662311891382611151e+00,0.000000000000000000e+00,5.201769015280776287e+00,6.462942165172141706e+00
-5.113797469828285216e+02,-5.242144822012019176e+02,-2.509728227424694147e+00,-9.101839901878797434e+00,-6.662311891734010949e+00,0.000000000000000000e+00,5.201768994643515498e+00,6.462942165163393149e+00
-5.122899309729823472e+02,-5.248807133903552540e+02,-2.509728227424642633e+00,-9.101839909954916763e+00,-6.662311891190366708e+00,0.000000000000000000e+00,5.201768447980463783e+00,6.462942165314840004e+00
-5.132001149631361159e+02,-5.255469445794964258e+02,-2.509728227424564029e+00,-9.101839914006186305e+00,-6.662311891578844403e+00,0.000000000000000000e+00,5.201768562702581811e+00,6.462942165340274769e+00
-5.141102989532895435e+02,-5.262131757686295259e+02,-2.509728227424696367e+00,-9.101839919261994538e+00,-6.662311891409853359e+00,0.000000000000000000e+00,5.201768911176701593e+00,6.462942165277588913e+00
-5.150204829434433123e+02,-5.268794069577813843e+02,-2.509728227424565361e+00,-9.101839903411660160e+00,-6.662311891535844133e+00,0.000000000000000000e+00,5.201768601643716572e+00,6.462942165226950308e+00
-5.159306669335958304e+02,-5.275456381469335838e+02,-2.509728227424688374e+00,-9.101839904332267750e+00,-6.662311891546912612e+00,0.000000000000000000e+00,5.201768628989468901e+00,6.462942165426788677e+00
-5.168408509237523276e+02,-5.282118693360638417e+02,-2.509728227424719460e+00,-9.101839899366915176e+00,-6.662311891174517164e+00,0.000000000000000000e+00,5.201769401699126938e+00,6.462942165240359138e+00
-5.177510349139065511e+02,-5.288781005252043315e+02,-2.509728227424498748e+00,-9.101839901015424061e+00,-6.662311891593150293e+00,0.000000000000000000e+00,5.201768129955324227e+00,6.462942165310184173e+00
-5.186612189040614567e+02,-5.295443317143520972e+02,-2.509728227424521840e+00,-9.101839903470452242e+00,-6.662311891317836299e+00,0.000000000000000000e+00,5.201768885527222608e+00,6.462942165222036017e+00
-5.195714028942147706e+02,-5.302105629034934964e+02,-2.509728227424592006e+00,-9.101839897275937119e+00,-6.662311891319140145e+00,0.000000000000000000e+00,5.201768663310103236e+00,6.462942165520079385e+00
-5.204815868843705857e+02,-5.308767940926297797e+02,-2.509728227424599112e+00,-9.101839899207867290e+00,-6.662311891862872315e+00,0.000000000000000000e+00,5.201769210143091904e+00,6.462942165433887887e+00
-5.213917708745224218e+02,-5.315430252817691326e+02,-2.509728227424537383e+00,-9.101839909563064879e+00,-6.662311891664025154e+00,0.000000000000000000e+00,5.201768866160203508e+00,6.462942165161901897e+00
-5.223019548646773274e+02,-5.322092564709171256e+02,-2.509728227424484093e+00,-9.101839898889405589e+00,-6.662311891389378182e+00,0.000000000000000000e+00,5.201768566973649754e+00,6.462942165378668058e+00
-5.232121388548301866e+02,-5.328754876600605712e+02,-2.509728227424642633e+00,-9.101839891604809551e+00,-6.662311891523255092e+00,0.000000000000000000e+00,5.201768542405998730e+00,6.462942165153465091e+00
-5.241223228449867975e+02,-5.335417188491952629e+02,-2.509728227424693259e+00,-9.101839913576370122e+00,-6.662311891347899362e+00,0.000000000000000000e+00,5.201769553694266968e+00,6.462942165201215339e+00
-5.250325068351396567e+02,-5.342079500383423465e+02,-2.509728227424574243e+00,-9.101839895283927007e+00,-6.662311891469964387e+00,0.000000000000000000e+00,5.201768739145489207e+00,6.462942165300247233e+00
-5.259426908252941075e+02,-5.348741812274685117e+02,-2.509728227424750990e+00,-9.101839914508234486e+00,-6.662311891532157304e+00,0.000000000000000000e+00,5.201769046896762561e+00,6.462942165135047823e+00
-5.268528748154462846e+02,-5.355404124166270776e+02,-2.509728227424687486e+00,-9.101839904250004665e+00,-6.662311891512620932e+00,0.000000000000000000e+00,5.201769475942282561e+00,6.462942165188419352e+00
-5.277630588056024408e+02,-5.362066436057569945e+02,-2.509728227424500080e+00,-9.101839896690137266e+00,-6.662311891366349492e+00,0.000000000000000000e+00,5.201768949924965746e+00,6.462942165181018161e+00
-5.286732427957559821e+02,-5.368728747949154467e+02,-2.509728227424607550e+00,-9.101839892934403764e+00,-6.662311891356444526e+00,0.000000000000000000e+00,5.201768502077237066e+00,6.462942165377723924e+00
-5.295834267859108877e+02,-5.375391059840461594e+02,-2.509728227424593783e+00,-9.101839901921088938e+00,-6.662311891479551385e+00,0.000000000000000000e+00,5.201768997905763747e+00,6.462942165194432320e+00
-5.304936107760642017e+02,-5.382053371731926745e+02,-2.509728227424473879e+00,-9.101839902856990960e+00,-6.662311891600182889e+00,0.000000000000000000e+00,5.201768487047846889e+00,6.462942165184641929e+00
-5.314037947662188799e+02,-5.388715683623382802e+02,-2.509728227424818492e+00,-9.101839904438888240e+00,-6.662311891610580794e+00,0.000000000000000000e+00,5.201768933357088009e+00,6.462942165273969586e+00
-5.323139787563738992e+02,-5.395377995514819531e+02,-2.509728227424465441e+00,-9.101839894911996964e+00,-6.662311891625304128e+00,0.000000000000000000e+00,5.201768855781425671e+00,6.462942165244484727e+00
-5.332241627465270994e+02,-5.402040307406205102e+02,-2.509728227424484981e+00,-9.101839916475677583e+00,-6.662311891151475152e+00,0.000000000000000000e+00,5.201768851221221901e+00,6.462942165383875448e+00
-5.341343467366796176e+02,-5.408702619297606589e+02,-2.509728227424684377e+00,-9.101839891881819966e+00,-6.662311891243558826e+00,0.000000000000000000e+00,5.201769133812028656e+00,6.462942165108718662e+00
-5.350445307268353190e+02,-5.415364931189136541e+02,-2.509728227424831815e+00,-9.101839911153518869e+00,-6.662311891706576006e+00,0.000000000000000000e+00,5.201768698104874744e+00,6.462942165245606496e+00
-5.359547147169886330e+02,-5.422027243080464132e+02,-2.509728227424513847e+00,-9.101839904664164038e+00,-6.662311891339385284e+00,0.000000000000000000e+00,5.201768922914935978e+00,6.462942165275333828e+00
-5.368648987071425154e+02,-5.428689554971870166e+02,-2.509728227424615543e+00,-9.101839900931588900e+00,-6.662311891308940304e+00,0.000000000000000000e+00,5.201768707159764915e+00,6.462942165213928725e+00
-5.377750826972974210e+02,-5.435351866863288706e+02,-2.509728227424958380e+00,-9.101839895772506850e+00,-6.662311891217308712e+00,0.000000000000000000e+00,5.201768636493010689e+00,6.462942165089472724e+00
-5.386852666874520992e+02,-5.442014178754618570e+02,-2.509728227424645741e+00,-9.101839906163885274e+00,-6.662311891522345597e+00,0.000000000000000000e+00,5.201768237494089675e+00,6.462942165314046861e+00
-5.395954506776050721e+02,-5.448676490646092816e+02,-2.509728227424497415e+00,-9.101839898672574591e+00,-6.662311891581023993e+00,0.000000000000000000e+00,5.201768634910749256e+00,6.462942165130173500e+00
-5.405056346677597503e+02,-5.455338802537463607e+02,-2.509728227424732339e+00,-9.101839899102770914e+00,-6.662311891908863082e+00,0.000000000000000000e+00,5.201768529553279841e+00,6.462942165104402115e+00
-5.414158186579145422e+02,-5.462001114429021982e+02,-2.509728227424668834e+00,-9.101839905171296152e+00,-6.662311891655363638e+00,0.000000000000000000e+00,5.201768931584318523e+00,6.462942165161430275e+00
-5.423260026480677425e+02,-5.468663426320318877e+02,-2.509728227424693703e+00,-9.101839900237708392e+00,-6.662311891403510877e+00,0.000000000000000000e+00,5.201768294040658880e+00,6.462942165373820380e+00
-5.432361866382227618e+02,-5.475325738211862472e+02,-2.509728227424673719e+00,-9.101839901901339402e+00,-6.662311891833677002e+00,0.000000000000000000e+00,5.201769186218538010e+00,6.462942165220177948e+00
-5.441463706283769852e+02,-5.481988050103290107e+02,-2.509728227424623093e+00,-9.101839901606863847e+00,-6.662311891313230205e+00,0.000000000000000000e+00,5.201768567083447259e+00,6.462942165469521605e+00
-5.450565546185299581e+02,-5.488650361994724562e+02,-2.509728227424698144e+00,-9.101839895133148062e+00,-6.662311891353837723e+00,0.000000000000000000e+00,5.201768439188361626e+00,6.462942165274256467e+00
-5.459667386086847500e+02,-5.495312673885975983e+02,-2.509728227424659952e+00,-9.101839907285206976e+00,-6.662311891400785946e+00,0.000000000000000000e+00,5.201769063218359967e+00,6.462942165202876232e+00
-5.468769225988381777e+02,-5.501974985777480924e+02,-2.509728227424413038e+00,-9.101839909322180233e+00,-6.662311891526715435e+00,0.000000000000000000e+00,5.201769108639172856e+00,6.462942165316984955e+00
-5.477871065889929696e+02,-5.508637297668954034e+02,-2.509728227424727010e+00,-9.101839902132791593e+00,-6.662311891360118032e+00,0.000000000000000000e+00,5.201768218607964123e+00,6.462942165124159644e+00
-5.486972905791458288e+02,-5.515299609560362342e+02,-2.509728227424662617e+00,-9.101839895588407003e+00,-6.662311891255945362e+00,0.000000000000000000e+00,5.201768184698169151e+00,6.462942165278777296e+00
-5.496074745693022123e+02,-5.521961921451832040e+02,-2.509728227424557367e+00,-9.101839905712939327e+00,-6.662311891628498017e+00,0.000000000000000000e+00,5.201768862036273866e+00,6.462942165284744078e+00
-5.505176585594534799e+02,-5.528624233343133483e+02,-2.509728227424552927e+00,-9.101839902193427534e+00,-6.662311891262274521e+00,0.000000000000000000e+00,5.201768650886099188e+00,6.462942165244380810e+00
-5.514278425496090676e+02,-5.535286545234644109e+02,-2.509728227424776303e+00,-9.101839914481312022e+00,-6.662311891685186005e+00,0.000000000000000000e+00,5.201768944469927547e+00,6.462942165292861141e+00
-5.523380265397629501e+02,-5.541948857126071744e+02,-2.509728227424598224e+00,-9.101839893419647609e+00,-6.662311891208114289e+00,0.000000000000000000e+00,5.201768864036230511e+00,6.462942165318469101e+00
-5.532482105299174009e+02,-5.548611169017447082e+02,-2.509728227424556923e+00,-9.101839899352185626e+00,-6.662311891503424732e+00,0.000000000000000000e+00,5.201768739125727237e+00,6.462942165110673542e+00
-5.541583945200737844e+02,-5.555273480908880401e+02,-2.509728227424698144e+00,-9.101839906812712044e+00,-6.662311891508545969e+00,0.000000000000000000e+00,5.201768679688594688e+00,6.462942165342538736e+00
-5.550685785102245973e+02,-5.561935792800315994e+02,-2.509728227424356195e+00,-9.101839905945627862e+00,-6.662311891307916234e+00,0.000000000000000000e+00,5.201769456982318296e+00,6.462942165340977319e+00
-5.559787625003781386e+02,-5.568598104691669732e+02,-2.509728227424577796e+00,-9.101839897394320644e+00,-6.662311891172556066e+00,0.000000000000000000e+00,5.201768671439699787e+00,6.462942165263811489e+00
-5.568889464905327031e+02,-5.575260416583050755e+02,-2.509728227424603553e+00,-9.101839896134228169e+00,-6.662311891448233325e+00,0.000000000000000000e+00,5.201768409414279759e+00,6.462942165195602051e+00
-5.577991304806882908e+02,-5.581922728474564792e+02,-2.509728227424463221e+00,-9.101839902118424419e+00,-6.662311891125200169e+00,0.000000000000000000e+00,5.201769311927020745e+00,6.462942165224220936e+00
-5.587093144708411501e+02,-5.588585040366059502e+02,-2.509728227424790958e+00,-9.101839909461354239e+00,-6.662311891631373939e+00,0.000000000000000000e+00,5.201769000187780101e+00,6.462942165339587319e+00
-5.596194984609958283e+02,-5.595247352257367766e+02,-2.509728227424674163e+00,-9.101839903791036690e+00,-6.662311891650443130e+00,0.000000000000000000e+00,5.201769160031595618e+00,6.462942165310364473e+00
-5.605296824511495970e+02,-5.601909664148870434e+02,-2.509728227424669278e+00,-9.101839899460413719e+00,-6.662311891454672619e+00,0.000000000000000000e+00,5.201768761915817940e+00,6.462942165359712554e+00
-5.614398664413037068e+02,-5.608571976040304889e+02,-2.509728227424632419e+00,-9.101839904585899532e+00,-6.662311891165781930e+00,0.000000000000000000e+00,5.201768705467511467e+00,6.462942165176716713e+00
-5.623500504314575892e+02,-5.615234287931627932e+02,-2.509728227424544933e+00,-9.101839902984199426e+00,-6.662311891582191059e+00,0.000000000000000000e+00,5.201768916042086133e+00,6.462942165305119779e+00
-5.632602344216123811e+02,-5.621896599823137421e+02,-2.509728227424717240e+00,-9.101839899225700137e+00,-6.662311891687665799e+00,0.000000000000000000e+00,5.201768888714264349e+00,6.462942165327043575e+00
-5.641704184117667182e+02,-5.628558911714449096e+02,-2.509728227424775859e+00,-9.101839898840795584e+00,-6.662311891155738408e+00,0.000000000000000000e+00,5.201768404202616658e+00,6.462942165344950141e+00
-5.650806024019219649e+02,-5.635221223605761907e+02,-2.509728227424696367e+00,-9.101839905169763156e+00,-6.662311891278380749e+00,0.000000000000000000e+00,5.201768652691581174e+00,6.462942165312055565e+00
-5.659907863920743694e+02,-5.641883535497380535e+02,-2.509728227424587566e+00,-9.101839901233159225e+00,-6.662311891524168139e+00,0.000000000000000000e+00,5.201768624125361562e+00,6.462942165527471694e+00
-5.669009703822284791e+02,-5.648545847388769516e+02,-2.509728227424723013e+00,-9.101839912273614885e+00,-6.662311891599491886e+00,0.000000000000000000e+00,5.201768949899436834e+00,6.462942165248445114e+00
-5.678111543723806562e+02,-5.655208159280135760e+02,-2.509728227424708358e+00,-9.101839892027966172e+00,-6.662311891681219400e+00,0.000000000000000000e+00,5.201768468045666616e+00,6.462942165163807928e+00
-5.687213383625377219e+02,-5.661870471171603185e+02,-2.509728227424546265e+00,-9.101839897272801849e+00,-6.662311891453265744e+00,0.000000000000000000e+00,5.201768701297810438e+00,6.462942165249383919e+00
-5.696315223526902400e+02,-5.668532783063046736e+02,-2.509728227424575131e+00,-9.101839904228201661e+00,-6.662311891513124529e+00,0.000000000000000000e+00,5.201768880682672958e+00,6.462942165124013982e+00
-5.705417063428468509e+02,-5.675195094954514161e+02,-2.509728227424745661e+00,-9.101839916941258934e+00,-6.662311891642493045e+00,0.000000000000000000e+00,5.201769106211786564e+00,6.462942165449974574e+00
-5.714518903329999375e+02,-5.681857406845797414e+02,-2.509728227424629754e+00,-9.101839904917021329e+00,-6.662311891415795273e+00,0.000000000000000000e+00,5.201768547094978601e+00,6.462942165253657834e+00
-5.723620743231541610e+02,-5.688519718737318271e+02,-2.509728227424444125e+00,-9.101839892307813429e+00,-6.662311891508392314e+00,0.000000000000000000e+00,5.201768954543889656e+00,6.462942165445190845e+00
-5.732722583133078160e+02,-5.695182030628692473e+02,-2.509728227424595115e+00,-9.101839904326631370e+00,-6.662311891452644907e+00,0.000000000000000000e+00,5.201768817857744587e+00,6.462942165428619212e+00
-5.741824423034609026e+02,-5.701844342520016653e+02,-2.509728227424530278e+00,-9.101839902784634617e+00,-6.662311891337653336e+00,0.000000000000000000e+00,5.201768441062961656e+00,6.462942165224436764e+00
-5.750926262936163766e+02,-5.708506654411571617e+02,-2.509728227424889546e+00,-9.101839888465809381e+00,-6.662311891430635846e+00,0.000000000000000000e+00,5.201768664410275633e+00,6.462942165264452754e+00
-5.760028102837706001e+02,-5.715168966302924218e+02,-2.509728227424642633e+00,-9.101839900334454114e+00,-6.662311891494371530e+00,0.000000000000000000e+00,5.201768944751441026e+00,6.462942165413254614e+00
-5.769129942739243688e+02,-5.721831278194429160e+02,-2.509728227424605773e+00,-9.101839907933525708e+00,-6.662311891250243256e+00,0.000000000000000000e+00,5.201768779071004545e+00,6.462942165245731729e+00
-5.778231782640779102e+02,-5.728493590085745382e+02,-2.509728227424500968e+00,-9.101839895107541878e+00,-6.662311891327931335e+00,0.000000000000000000e+00,5.201768888597017693e+00,6.462942165355261004e+00
-5.787333622542315652e+02,-5.735155901977158237e+02,-2.509728227424458780e+00,-9.101839905077538262e+00,-6.662311891234330652e+00,0.000000000000000000e+00,5.201768964004531703e+00,6.462942165280970208e+00
-5.796435462443873803e+02,-5.741818213868640441e+02,-2.509728227424616431e+00,-9.101839894335199688e+00,-6.662311891521985885e+00,0.000000000000000000e+00,5.201768428327500970e+00,6.462942165424811591e+00
-5.805537302345401258e+02,-5.748480525760153341e+02,-2.509728227424726565e+00,-9.101839903078198901e+00,-6.662311891678764475e+00,0.000000000000000000e+00,5.201768643238978029e+00,6.462942165207419265e+00
-5.814639142246951451e+02,-5.755142837651553691e+02,-2.509728227424796287e+00,-9.101839896760443693e+00,-6.662311891464063329e+00,0.000000000000000000e+00,5.201768349383444345e+00,6.462942165331996058e+00
-5.823740982148488001e+02,-5.761805149542891513e+02,-2.509728227424589342e+00,-9.101839890254890264e+00,-6.662311890998770636e+00,0.000000000000000000e+00,5.201768663818657323e+00,6.462942165266346350e+00
-5.832842822050034783e+02,-5.768467461434323695e+02,-2.509728227424764313e+00,-9.101839892241571306e+00,-6.662311891424560706e+00,0.000000000000000000e+00,5.201768824569038330e+00,6.462942165265360472e+00
-5.841944661951564512e+02,-5.775129773325803626e+02,-2.509728227424663505e+00,-9.101839910432230951e+00,-6.662311891392144858e+00,0.000000000000000000e+00,5.201768969556559874e+00,6.462942165242159476e+00
-5.851046501853115842e+02,-5.781792085217248314e+02,-2.509728227424411706e+00,-9.101839899576916082e+00,-6.662311891551172316e+00,0.000000000000000000e+00,5.201769115463877213e+00,6.462942165229363489e+00
-5.860148341754656940e+02,-5.788454397108749845e+02,-2.509728227424467217e+00,-9.101839897743317920e+00,-6.662311891344685932e+00,0.000000000000000000e+00,5.201768504104453683e+00,6.462942165194374589e+00
-5.869250181656199175e+02,-5.795116709000037645e+02,-2.509728227424644409e+00,-9.101839899928002353e+00,-6.662311891568138300e+00,0.000000000000000000e+00,5.201768234198195451e+00,6.462942165314159659e+00
-5.878352021557745957e+02,-5.801779020891501659e+02,-2.509728227424505409e+00,-9.101839910715538551e+00,-6.662311891370249484e+00,0.000000000000000000e+00,5.201768727220374089e+00,6.462942165308326103e+00
-5.887453861459275686e+02,-5.808441332782908830e+02,-2.509728227424561808e+00,-9.101839905747647563e+00,-6.662311891200314307e+00,0.000000000000000000e+00,5.201768578628273687e+00,6.462942165393268823e+00
-5.896555701360833837e+02,-5.815103644674330781e+02,-2.509728227424671942e+00,-9.101839901972779145e+00,-6.662311891424582910e+00,0.000000000000000000e+00,5.201768265971375094e+00,6.462942165215975976e+00
-5.905657541262356744e+02,-5.821765956565753868e+02,-2.509728227424488534e+00,-9.101839904693452610e+00,-6.662311891178804402e+00,0.000000000000000000e+00,5.201768984248254846e+00,6.462942165505510594e+00
-5.914759381163901253e+02,-5.828428268457067816e+02,-2.509728227424691482e+00,-9.101839899792418365e+00,-6.662311891239839134e+00,0.000000000000000000e+00,5.201769321232677434e+00,6.462942165277140383e+00
-5.923861221065448035e+02,-5.835090580348521598e+02,-2.509728227424690150e+00,-9.101839906766382882e+00,-6.662311891310657153e+00,0.000000000000000000e+00,5.201768935863944066e+00,6.462942165261279293e+00
-5.932963060966990270e+02,-5.841752892240021993e+02,-2.509728227424630642e+00,-9.101839901974534186e+00,-6.662311891490793059e+00,0.000000000000000000e+00,5.201768788832701773e+00,6.462942165432030706e+00
-5.942064900868530231e+02,-5.848415204131473502e+02,-2.509728227424473435e+00,-9.101839901262032129e+00,-6.662311891612886505e+00,0.000000000000000000e+00,5.201769169148531269e+00,6.462942165197389066e+00
-5.951166740770069055e+02,-5.855077516022801092e+02,-2.509728227424580460e+00,-9.101839902001749749e+00,-6.662311891474702819e+00,0.000000000000000000e+00,5.201768694441041063e+00,6.462942165349438106e+00
-5.960268580671610152e+02,-5.861739827914201442e+02,-2.509728227424775859e+00,-9.101839890070396066e+00,-6.662311891478664982e+00,0.000000000000000000e+00,5.201769634276199206e+00,6.462942165375797465e+00
-5.969370420573141018e+02,-5.868402139805684783e+02,-2.509728227424520508e+00,-9.101839892966218315e+00,-6.662311891318950074e+00,0.000000000000000000e+00,5.201769292222711449e+00,6.462942165331721611e+00
-5.978472260474680979e+02,-5.875064451697049890e+02,-2.509728227424781188e+00,-9.101839911426020890e+00,-6.662311891527124885e+00,0.000000000000000000e+00,5.201768796193905864e+00,6.462942165317298482e+00
-5.987574100376220940e+02,-5.881726763588557105e+02,-2.509728227424608438e+00,-9.101839902643083846e+00,-6.662311891213951398e+00,0.000000000000000000e+00,5.201768794799914275e+00,6.462942165304612629e+00
-5.996675940277766585e+02,-5.888389075479860821e+02,-2.509728227424608438e+00,-9.101839904132264181e+00,-6.662311891211506243e+00,0.000000000000000000e+00,5.201769108858529833e+00,6.462942165226502667e+00
-6.005777780179312231e+02,-5.895051387371293004e+02,-2.509728227424626645e+00,-9.101839906375973399e+00,-6.662311891569165923e+00,0.000000000000000000e+00,5.201769212986199875e+00,6.462942165323087629e+00
-6.014879620080851055e+02,-5.901713699262766113e+02,-2.509728227424645741e+00,-9.101839911101951230e+00,-6.662311891322869606e+00,0.000000000000000000e+00,5.201769038915372789e+00,6.462942165276182038e+00
-6.023981459982404658e+02,-5.908376011154176695e+02,-2.509728227424614211e+00,-9.101839891819988537e+00,-6.662311891106548423e+00,0.000000000000000000e+00,5.201768435973987970e+00,6.462942165289492280e+00
-6.033083299883944619e+02,-5.915038323045682773e+02,-2.509728227424703917e+00,-9.101839903031606838e+00,-6.662311891466656810e+00,0.000000000000000000e+00,5.201768632615940469e+00,6.462942165291222452e+00
-6.042185139785470938e+02,-5.921700634937004679e+02,-2.509728227424792291e+00,-9.101839898928085759e+00,-6.662311891397570740e+00,0.000000000000000000e+00,5.201768526556017846e+00,6.462942165172546716e+00
-6.051286979687019993e+02,-5.928362946828391387e+02,-2.509728227424559144e+00,-9.101839903029842915e+00,-6.662311891178830159e+00,0.000000000000000000e+00,5.201768309349763975e+00,6.462942165415578089e+00
-6.060388819588557681e+02,-5.935025258719830390e+02,-2.509728227424671942e+00,-9.101839907812511399e+00,-6.662311891369421701e+00,0.000000000000000000e+00,5.201768614095201748e+00,6.462942165374070846e+00
-6.069490659490082862e+02,-5.941687570611396723e+02,-2.509728227424720792e+00,-9.101839908687255232e+00,-6.662311891411110132e+00,0.000000000000000000e+00,5.201769098682915704e+00,6.462942165278519724e+00
-6.078592499391645561e+02,-5.948349882502599257e+02,-2.509728227424623981e+00,-9.101839909106397286e+00,-6.662311891422895371e+00,0.000000000000000000e+00,5.201769338181825297e+00,6.462942165316374776e+00
-6.087694339293174153e+02,-5.955012194394033713e+02,-2.509728227424690150e+00,-9.101839897099241128e+00,-6.662311891362602267e+00,0.000000000000000000e+00,5.201769102684188795e+00,6.462942165121961402e+00
-6.096796179194707292e+02,-5.961674506285506823e+02,-2.509728227424648406e+00,-9.101839898198345935e+00,-6.662311891409750331e+00,0.000000000000000000e+00,5.201768630406177429e+00,6.462942165294914609e+00
-6.105898019096248390e+02,-5.968336818177019722e+02,-2.509728227424540936e+00,-9.101839896956155584e+00,-6.662311891416766052e+00,0.000000000000000000e+00,5.201769091797606492e+00,6.462942165216764678e+00
-6.114999858997812225e+02,-5.974999130068359818e+02,-2.509728227424561808e+00,-9.101839898788279370e+00,-6.662311891300301880e+00,0.000000000000000000e+00,5.201769298008312781e+00,6.462942165235112668e+00
-6.124101698899354460e+02,-5.981661441959670356e+02,-2.509728227424596003e+00,-9.101839901374466635e+00,-6.662311891507961548e+00,0.000000000000000000e+00,5.201768481053623994e+00,6.462942165280887608e+00
-6.133203538800868273e+02,-5.988323753851204856e+02,-2.509728227424746994e+00,-9.101839910015408819e+00,-6.662311891533468255e+00,0.000000000000000000e+00,5.201769203872755654e+00,6.462942165096718483e+00
-6.142305378702435519e+02,-5.994986065742498340e+02,-2.509728227424651958e+00,-9.101839901360904150e+00,-6.662311891305260581e+00,0.000000000000000000e+00,5.201768070024059831e+00,6.462942165225940450e+00
-6.151407218603973206e+02,-6.001648377634015787e+02,-2.509728227424569358e+00,-9.101839898017889396e+00,-6.662311891441348166e+00,0.000000000000000000e+00,5.201768449065276911e+00,6.462942165392509430e+00
-6.160509058505499524e+02,-6.008310689525503676e+02,-2.509728227424679048e+00,-9.101839900481799361e+00,-6.662311891576200296e+00,0.000000000000000000e+00,5.201768884131639403e+00,6.462942165240376902e+00
-6.169610898407065633e+02,-6.014973001416839224e+02,-2.509728227424642633e+00,-9.101839891712364405e+00,-6.662311891667584085e+00,0.000000000000000000e+00,5.201768605061912076e+00,6.462942165270495920e+00
-6.178712738308597636e+02,-6.021635313308270270e+02,-2.509728227424796287e+00,-9.101839907866022372e+00,-6.662311891272092446e+00,0.000000000000000000e+00,5.201768775031556657e+00,6.462942165201738476e+00
-6.187814578210122818e+02,-6.028297625199752474e+02,-2.509728227424765645e+00,-9.101839897132688151e+00,-6.662311891464042901e+00,0.000000000000000000e+00,5.201769180230609635e+00,6.462942165141027928e+00
-6.196916418111692337e+02,-6.034959937091232405e+02,-2.509728227424696811e+00,-9.101839897564900639e+00,-6.662311891453602364e+00,0.000000000000000000e+00,5.201769342311650668e+00,6.462942165243252823e+00
-6.206018258013191371e+02,-6.041622248982579322e+02,-2.509728227424544933e+00,-9.101839892313988045e+00,-6.662311891445529710e+00,0.000000000000000000e+00,5.201768998520548415e+00,6.462942165314728982e+00
-6.215120097914750659e+02,-6.048284560874151339e+02,-2.509728227424623093e+00,-9.101839897446524219e+00,-6.662311891502822547e+00,0.000000000000000000e+00,5.201769294311445968e+00,6.462942165276298390e+00
-6.224221937816304262e+02,-6.054946872765398211e+02,-2.509728227424557812e+00,-9.101839903055914505e+00,-6.662311891442837641e+00,0.000000000000000000e+00,5.201769329736339209e+00,6.462942165120169946e+00
-6.233323777717822622e+02,-6.061609184656861089e+02,-2.509728227424667946e+00,-9.101839914434041390e+00,-6.662311891380384488e+00,0.000000000000000000e+00,5.201768437257763722e+00,6.462942165418231966e+00
-6.242425617619377363e+02,-6.068271496548293271e+02,-2.509728227424621760e+00,-9.101839909437170917e+00,-6.662311891568475808e+00,0.000000000000000000e+00,5.201768730631924242e+00,6.462942165100568737e+00
-6.251527457520908229e+02,-6.074933808439785707e+02,-2.509728227424749658e+00,-9.101839907805407748e+00,-6.662311891378995377e+00,0.000000000000000000e+00,5.201768488539983970e+00,6.462942165338213307e+00
-6.260629297422469790e+02,-6.081596120331162183e+02,-2.509728227424576019e+00,-9.101839907734516899e+00,-6.662311891562302968e+00,0.000000000000000000e+00,5.201769251119796600e+00,6.462942165383479320e+00
-6.269731137323993835e+02,-6.088258432222561396e+02,-2.509728227424567581e+00,-9.101839890740098582e+00,-6.662311891015863630e+00,0.000000000000000000e+00,5.201769149299335204e+00,6.462942165163036989e+00
-6.278832977225548575e+02,-6.094920744113941282e+02,-2.509728227424424141e+00,-9.101839904248024027e+00,-6.662311891623149407e+00,0.000000000000000000e+00,5.201768704915419761e+00,6.462942165381791781e+00
-6.287934817127083988e+02,-6.101583056005453045e+02,-2.509728227424592006e+00,-9.101839905246093210e+00,-6.662311891491609295e+00,0.000000000000000000e+00,5.201768521477243112e+00,6.462942165423917196e+00
-6.297036657028630771e+02,-6.108245367896804510e+02,-2.509728227424629310e+00,-9.101839898738631973e+00,-6.662311891537817665e+00,0.000000000000000000e+00,5.201768640078016759e+00,6.462942165337825173e+00
-6.306138496930176416e+02,-6.114907679788225323e+02,-2.509728227424683045e+00,-9.101839899011400448e+00,-6.662311891622374915e+00,0.000000000000000000e+00,5.201768820292391737e+00,6.462942165044639253e+00
-6.315240336831699324e+02,-6.121569991679580198e+02,-2.509728227424562252e+00,-9.101839906186066642e+00,-6.662311891251371243e+00,0.000000000000000000e+00,5.201768864401432602e+00,6.462942165209179635e+00
-6.324342176733251790e+02,-6.128232303571020338e+02,-2.509728227424783853e+00,-9.101839899335303130e+00,-6.662311891458085888e+00,0.000000000000000000e+00,5.201769054939910042e+00,6.462942165242789194e+00
-6.333444016634778109e+02,-6.134894615462516185e+02,-2.509728227424599556e+00,-9.101839900757688895e+00,-6.662311891443304823e+00,0.000000000000000000e+00,5.201768692302828789e+00,6.462942165236961856e+00
-6.342545856536329438e+02,-6.141556927353940409e+02,-2.509728227424806501e+00,-9.101839906176882877e+00,-6.662311891198513969e+00,0.000000000000000000e+00,5.201768674764431388e+00,6.462942165194260014e+00
-6.351647696437887589e+02,-6.148219239245401013e+02,-2.509728227424757652e+00,-9.101839899259177358e+00,-6.662311891341190950e+00,0.000000000000000000e+00,5.201769063558515427e+00,6.462942165316534648e+00
-6.360749536339418455e+02,-6.154881551136744520e+02,-2.509728227424764757e+00,-9.101839899142778023e+00,-6.662311891412057818e+00,0.000000000000000000e+00,5.201768606831962849e+00,6.462942165130790784e+00
-6.369851376240940226e+02,-6.161543863028120995e+02,-2.509728227424719016e+00,-9.101839889653934534e+00,-6.662311891440401368e+00,0.000000000000000000e+00,5.201769017484697777e+00,6.462942165435705988e+00
-6.378953216142488145e+02,-6.168206174919642990e+02,-2.509728227424635527e+00,-9.101839913205054700e+00,-6.662311891440467981e+00,0.000000000000000000e+00,5.201769036521817213e+00,6.462942165359327085e+00
-6.388055056044042885e+02,-6.174868486810968307e+02,-2.509728227424634639e+00,-9.101839903317559433e+00,-6.662311891381656359e+00,0.000000000000000000e+00,5.201768866946548719e+00,6.462942165409696571e+00
-6.397156895945562383e+02,-6.181530798702428910e+02,-2.509728227424492086e+00,-9.101839894248595186e+00,-6.662311891306061717e+00,0.000000000000000000e+00,5.201768944564313379e+00,6.462942165321234889e+00
-6.406258735847100070e+02,-6.188193110593799702e+02,-2.509728227424683045e+00,-9.101839899152521340e+00,-6.662311891576825573e+00,0.000000000000000000e+00,5.201768412688892340e+00,6.462942165134903938e+00
-6.415360575748650263e+02,-6.194855422485128429e+02,-2.509728227424754987e+00,-9.101839896646445993e+00,-6.662311891561476962e+00,0.000000000000000000e+00,5.201768847953436747e+00,6.462942165334197853e+00
-6.424462415650191360e+02,-6.201517734376780027e+02,-2.509728227424819824e+00,-9.101839903480875904e+00,-6.662311891359957272e+00,0.000000000000000000e+00,5.201768721290069841e+00,6.462942165305663345e+00
-6.433564255551716542e+02,-6.208180046268267915e+02,-2.509728227424729674e+00,-9.101839904412956983e+00,-6.662311891456260682e+00,0.000000000000000000e+00,5.201769002947683518e+00,6.462942165259022431e+00
-6.442666095453297430e+02,-6.214842358159605737e+02,-2.509728227424520952e+00,-9.101839892463596371e+00,-6.662311891310661593e+00,0.000000000000000000e+00,5.201768690840840037e+00,6.462942165359236490e+00
-6.451767935354815791e+02,-6.221504670051041330e+02,-2.509728227424724345e+00,-9.101839910173033843e+00,-6.662311891271767372e+00,0.000000000000000000e+00,5.201768648441960963e+00,6.462942165336078126e+00
-6.460869775256369394e+02,-6.228166981942358689e+02,-2.509728227424684821e+00,-9.101839901520834886e+00,-6.662311891388331020e+00,0.000000000000000000e+00,5.201769236595905177e+00,6.462942165371935666e+00
-6.469971615157901397e+02,-6.234829293833845441e+02,-2.509728227424824709e+00,-9.101839902019767337e+00,-6.662311891301538225e+00,0.000000000000000000e+00,5.201768662983539571e+00,6.462942165264193406e+00
-6.479073455059448179e+02,-6.241491605725293539e+02,-2.509728227424680380e+00,-9.101839906493324861e+00,-6.662311891452424639e+00,0.000000000000000000e+00,5.201768829119918003e+00,6.462942165426690089e+00
-6.488175294960989277e+02,-6.248153917616592707e+02,-2.509728227424472990e+00,-9.101839918429730503e+00,-6.662311891176147860e+00,0.000000000000000000e+00,5.201769329498170613e+00,6.462942165269206285e+00
-6.497277134862521280e+02,-6.254816229508070364e+02,-2.509728227424765201e+00,-9.101839895808181424e+00,-6.662311891528155172e+00,0.000000000000000000e+00,5.201768643651318413e+00,6.462942165196859712e+00
-6.506378974764073746e+02,-6.261478541399408186e+02,-2.509728227424576907e+00,-9.101839902036418906e+00,-6.662311891400539920e+00,0.000000000000000000e+00,5.201769417527119188e+00,6.462942165257016924e+00
-6.515480814665629623e+02,-6.268140853290881296e+02,-2.509728227424542712e+00,-9.101839905441012846e+00,-6.662311891577458844e+00,0.000000000000000000e+00,5.201769504962157065e+00,6.462942165462735034e+00
-6.524582654567167310e+02,-6.274803165182432849e+02,-2.509728227424658620e+00,-9.101839902781566849e+00,-6.662311891104124584e+00,0.000000000000000000e+00,5.201769033290333688e+00,6.462942165289531360e+00
-6.533684494468699313e+02,-6.281465477073683132e+02,-2.509728227424670166e+00,-9.101839901667467814e+00,-6.662311891564285382e+00,0.000000000000000000e+00,5.201769407744613716e+00,6.462942165417865148e+00
-6.542786334370234727e+02,-6.288127788965077798e+02,-2.509728227424490754e+00,-9.101839901946920719e+00,-6.662311891553154730e+00,0.000000000000000000e+00,5.201769006617031899e+00,6.462942165351590162e+00
-6.551888174271771277e+02,-6.294790100856520212e+02,-2.509728227424617319e+00,-9.101839902584664799e+00,-6.662311891625166460e+00,0.000000000000000000e+00,5.201768360000478708e+00,6.462942165287795859e+00
-6.560990014173299869e+02,-6.301452412748030838e+02,-2.509728227424511182e+00,-9.101839905142186993e+00,-6.662311891338855041e+00,0.000000000000000000e+00,5.201768686955410281e+00,6.462942164965932434e+00
-6.570091854074861430e+02,-6.308114724639438009e+02,-2.509728227424585345e+00,-9.101839911022938878e+00,-6.662311891348842607e+00,0.000000000000000000e+00,5.201769262104894764e+00,6.462942165516167847e+00
-6.579193693976394570e+02,-6.314777036530903160e+02,-2.509728227424626645e+00,-9.101839896884568404e+00,-6.662311891537056496e+00,0.000000000000000000e+00,5.201768780910494883e+00,6.462942165355290314e+00
-6.588295533877950447e+02,-6.321439348422336479e+02,-2.509728227424643521e+00,-9.101839904090253341e+00,-6.662311891389241403e+00,0.000000000000000000e+00,5.201768936387223263e+00,6.462942165136036365e+00
-6.597397373779477903e+02,-6.328101660313632237e+02,-2.509728227424683489e+00,-9.101839902923963166e+00,-6.662311891349390613e+00,0.000000000000000000e+00,5.201768732761104630e+00,6.462942165183458876e+00
-6.606499213681030369e+02,-6.334763972205095115e+02,-2.509728227424470326e+00,-9.101839902547052219e+00,-6.662311891228505090e+00,0.000000000000000000e+00,5.201768706396104669e+00,6.462942165346577283e+00
-6.615601053582563509e+02,-6.341426284096502286e+02,-2.509728227424471214e+00,-9.101839905777048045e+00,-6.662311891782595197e+00,0.000000000000000000e+00,5.201768507126343977e+00,6.462942165391573290e+00
-6.624702893484094375e+02,-6.348088595987892404e+02,-2.509728227424819824e+00,-9.101839913860901632e+00,-6.662311891342659997e+00,0.000000000000000000e+00,5.201768869545713159e+00,6.462942165169858200e+00
-6.633804733385646841e+02,-6.354750907879248416e+02,-2.509728227424754543e+00,-9.101839901464170879e+00,-6.662311891485463988e+00,0.000000000000000000e+00,5.201769374419302316e+00,6.462942165118188420e+00
-6.642906573287199308e+02,-6.361413219770823844e+02,-2.509728227424550706e+00,-9.101839910363864306e+00,-6.662311891325773949e+00,0.000000000000000000e+00,5.201768418462196841e+00,6.462942165191339683e+00
-6.652008413188708573e+02,-6.368075531662100275e+02,-2.509728227424449898e+00,-9.101839901049011416e+00,-6.662311891532546326e+00,0.000000000000000000e+00,5.201768664022996091e+00,6.462942165247207882e+00
-6.661110253090262177e+02,-6.374737843553689345e+02,-2.509728227424708358e+00,-9.101839901636004981e+00,-6.662311891453384760e+00,0.000000000000000000e+00,5.201768959681150939e+00,6.462942165291125640e+00
-6.670212092991824875e+02,-6.381400155445146538e+02,-2.509728227424661284e+00,-9.101839912617792905e+00,-6.662311891070176628e+00,0.000000000000000000e+00,5.201768341314812361e+00,6.462942165312878906e+00
-6.679313932893338688e+02,-6.388062467336444570e+02,-2.509728227424687041e+00,-9.101839903463124770e+00,-6.662311891468758240e+00,0.000000000000000000e+00,5.201768509620960934e+00,6.462942165275751272e+00
-6.688415772794892291e+02,-6.394724779227950648e+02,-2.509728227424693703e+00,-9.101839909986933819e+00,-6.662311891517858520e+00,0.000000000000000000e+00,5.201768445021568432e+00,6.462942165457868704e+00
-6.697517612696423157e+02,-6.401387091119303250e+02,-2.509728227424695479e+00,-9.101839903796829390e+00,-6.662311891270761954e+00,0.000000000000000000e+00,5.201769110127381524e+00,6.462942165217107515e+00
-6.706619452597965392e+02,-6.408049403010782044e+02,-2.509728227424711466e+00,-9.101839902700465501e+00,-6.662311891393677854e+00,0.000000000000000000e+00,5.201768829970712993e+00,6.462942165260437299e+00
-6.715721292499506490e+02,-6.414711714902227868e+02,-2.509728227424639968e+00,-9.101839892671446108e+00,-6.662311891339526504e+00,0.000000000000000000e+00,5.201768475123833113e+00,6.462942165451838861e+00
-6.724823132401050998e+02,-6.421374026793645271e+02,-2.509728227424628866e+00,-9.101839896684367659e+00,-6.662311891522188390e+00,0.000000000000000000e+00,5.201768741961776854e+00,6.462942165407389083e+00
-6.733924972302583001e+02,-6.428036338684931934e+02,-2.509728227424546265e+00,-9.101839910321430693e+00,-6.662311891580016798e+00,0.000000000000000000e+00,5.201768967371757313e+00,6.462942165218196422e+00
-6.743026812204145699e+02,-6.434698650576382306e+02,-2.509728227424840696e+00,-9.101839902068489252e+00,-6.662311891133620101e+00,0.000000000000000000e+00,5.201769233428241712e+00,6.462942165272080430e+00
-6.752128652105682249e+02,-6.441360962467836089e+02,-2.509728227424384617e+00,-9.101839907233216564e+00,-6.662311891775250849e+00,0.000000000000000000e+00,5.201768771825931559e+00,6.462942165049990528e+00
-6.761230492007215389e+02,-6.448023274359344441e+02,-2.509728227424657288e+00,-9.101839899851457361e+00,-6.662311891195159319e+00,0.000000000000000000e+00,5.201768784396777257e+00,6.462942165302388631e+00
-6.770332331908764445e+02,-6.454685586250608367e+02,-2.509728227424504077e+00,-9.101839902568999108e+00,-6.662311891271007092e+00,0.000000000000000000e+00,5.201769153219272468e+00,6.462942165174466957e+00
-6.779434171810295311e+02,-6.461347898142114445e+02,-2.509728227424651514e+00,-9.101839893812707416e+00,-6.662311891340382708e+00,0.000000000000000000e+00,5.201768675445736179e+00,6.462942165293541485e+00
-6.788536011711840956e+02,-6.468010210033528438e+02,-2.509728227424703917e+00,-9.101839910625569630e+00,-6.662311891407052933e+00,0.000000000000000000e+00,5.201768494873693527e+00,6.462942165281409856e+00
-6.797637851613392286e+02,-6.474672521924950388e+02,-2.509728227424629310e+00,-9.101839901878966188e+00,-6.662311891367253658e+00,0.000000000000000000e+00,5.201768642152075905e+00,6.462942165212832712e+00
-6.806739691514926562e+02,-6.481334833816516721e+02,-2.509728227424598224e+00,-9.101839901793969290e+00,-6.662311891453630786e+00,0.000000000000000000e+00,5.201768833580848295e+00,6.462942165255213034e+00
-6.815841531416458565e+02,-6.487997145707868185e+02,-2.509728227424854019e+00,-9.101839897236274624e+00,-6.662311891327016511e+00,0.000000000000000000e+00,5.201769306491913269e+00,6.462942165170614928e+00
-6.824943371318001937e+02,-6.494659457599275356e+02,-2.509728227424745217e+00,-9.101839893879157373e+00,-6.662311891463829738e+00,0.000000000000000000e+00,5.201768768918459074e+00,6.462942165175531883e+00
-6.834045211219545308e+02,-6.501321769490610905e+02,-2.509728227424609326e+00,-9.101839905570431100e+00,-6.662311891166972089e+00,0.000000000000000000e+00,5.201769042082347028e+00,6.462942165281178930e+00
-6.843147051121108007e+02,-6.507984081382041950e+02,-2.509728227424548486e+00,-9.101839909548342433e+00,-6.662311891649290274e+00,0.000000000000000000e+00,5.201768784552160518e+00,6.462942165325459953e+00
-6.852248891022628641e+02,-6.514646393273314970e+02,-2.509728227424662617e+00,-9.101839901263700128e+00,-6.662311891555273036e+00,0.000000000000000000e+00,5.201768944717477083e+00,6.462942165355943125e+00
-6.861350730924175423e+02,-6.521308705164991579e+02,-2.509728227424594671e+00,-9.101839903813761623e+00,-6.662311891215270343e+00,0.000000000000000000e+00,5.201768389643488533e+00,6.462942165235546099e+00
-6.870452570825704015e+02,-6.527971017056348728e+02,-2.509728227424682601e+00,-9.101839893829268391e+00,-6.662311891557388677e+00,0.000000000000000000e+00,5.201768633928453234e+00,6.462942165249225823e+00
-6.879554410727259892e+02,-6.534633328947720656e+02,-2.509728227424798064e+00,-9.101839906515053258e+00,-6.662311891184747203e+00,0.000000000000000000e+00,5.201768920492654047e+00,6.462942165401254435e+00
-6.888656250628796442e+02,-6.541295640839177850e+02,-2.509728227424607105e+00,-9.101839889472675083e+00,-6.662311891391373919e+00,0.000000000000000000e+00,5.201769066374777317e+00,6.462942165159052621e+00
-6.897758090530337540e+02,-6.547957952730572515e+02,-2.509728227424572022e+00,-9.101839900331144761e+00,-6.662311891328633884e+00,0.000000000000000000e+00,5.201769413074172732e+00,6.462942165331707400e+00
-6.906859930431877501e+02,-6.554620264621929664e+02,-2.509728227424541824e+00,-9.101839903497161544e+00,-6.662311891486009330e+00,0.000000000000000000e+00,5.201768753426264880e+00,6.462942165387453919e+00
-6.915961770333424283e+02,-6.561282576513444837e+02,-2.509728227424658176e+00,-9.101839910879730766e+00,-6.662311891273859032e+00,0.000000000000000000e+00,5.201768883991889858e+00,6.462942165333600109e+00
-6.925063610234965381e+02,-6.567944888404819039e+02,-2.509728227424519620e+00,-9.101839893985520291e+00,-6.662311891564342226e+00,0.000000000000000000e+00,5.201768943376751331e+00,6.462942165389224947e+00
-6.934165450136501931e+02,-6.574607200296327392e+02,-2.509728227424817160e+00,-9.101839893730469200e+00,-6.662311891381506257e+00,0.000000000000000000e+00,5.201768843884204685e+00,6.462942165259393690e+00
-6.943267290038039619e+02,-6.581269512187612918e+02,-2.509728227424558256e+00,-9.101839911975574182e+00,-6.662311891569783207e+00,0.000000000000000000e+00,5.201769023175047302e+00,6.462942165144955453e+00
-6.952369129939579580e+02,-6.587931824079083754e+02,-2.509728227424863789e+00,-9.101839900077346002e+00,-6.662311891628855953e+00,0.000000000000000000e+00,5.201768378349369115e+00,6.462942165334657929e+00
-6.961470969841119540e+02,-6.594594135970525031e+02,-2.509728227424445457e+00,-9.101839893369882972e+00,-6.662311891576694123e+00,0.000000000000000000e+00,5.201768676051868212e+00,6.462942165229753400e+00
-6.970572809742657228e+02,-6.601256447861999277e+02,-2.509728227424736335e+00,-9.101839888781553256e+00,-6.662311891459207658e+00,0.000000000000000000e+00,5.201769218147749285e+00,6.462942165146583484e+00
-6.979674649644204010e+02,-6.607918759753426912e+02,-2.509728227424660396e+00,-9.101839914937270848e+00,-6.662311891368387862e+00,0.000000000000000000e+00,5.201768893717291675e+00,6.462942165309674358e+00
-6.988776489545756476e+02,-6.614581071644927306e+02,-2.509728227424654623e+00,-9.101839906735900598e+00,-6.662311891209752091e+00,0.000000000000000000e+00,5.201768789445351260e+00,6.462942165249162763e+00
-6.997878329447280521e+02,-6.621243383536140072e+02,-2.509728227424744329e+00,-9.101839904445254703e+00,-6.662311891278454468e+00,0.000000000000000000e+00,5.201768731053403982e+00,6.462942165259007332e+00
-7.006980169348828440e+02,-6.627905695427577939e+02,-2.509728227424536939e+00,-9.101839896498082894e+00,-6.662311891398637442e+00,0.000000000000000000e+00,5.201768767943007354e+00,6.462942165387167037e+00
-7.016082009250378633e+02,-6.634568007319062417e+02,-2.509728227424748326e+00,-9.101839885800488972e+00,-6.662311891329570024e+00,0.000000000000000000e+00,5.201768682172277281e+00,6.462942165406928119e+00
-7.025183849151911772e+02,-6.641230319210495736e+02,-2.509728227424689262e+00,-9.101839893282738458e+00,-6.662311891535532382e+00,0.000000000000000000e+00,5.201769290455937167e+00,6.462942165398526839e+00
-7.034285689053455144e+02,-6.647892631101931329e+02,-2.509728227424668390e+00,-9.101839893513215429e+00,-6.662311890928794611e+00,0.000000000000000000e+00,5.201768445569487476e+00,6.462942165273098283e+00
-7.043387528955004200e+02,-6.654554942993268014e+02,-2.509728227424664393e+00,-9.101839905068917602e+00,-6.662311891506446315e+00,0.000000000000000000e+00,5.201768837420384095e+00,6.462942165310725962e+00
-7.052489368856530518e+02,-6.661217254884744534e+02,-2.509728227424755875e+00,-9.101839915147332150e+00,-6.662311891156502242e+00,0.000000000000000000e+00,5.201769073774680230e+00,6.462942165201577716e+00
-7.061591208758077300e+02,-6.667879566776093725e+02,-2.509728227424633751e+00,-9.101839904083059096e+00,-6.662311891460773516e+00,0.000000000000000000e+00,5.201768770037594969e+00,6.462942165411194928e+00
-7.070693048659600208e+02,-6.674541878667553192e+02,-2.509728227424516067e+00,-9.101839909348969471e+00,-6.662311891374288031e+00,0.000000000000000000e+00,5.201768854257291075e+00,6.462942165195162403e+00
-7.079794888561160633e+02,-6.681204190558897835e+02,-2.509728227424389946e+00,-9.101839895332032526e+00,-6.662311891041749590e+00,0.000000000000000000e+00,5.201769251909402314e+00,6.462942165350799684e+00
-7.088896728462692636e+02,-6.687866502450426651e+02,-2.509728227424605773e+00,-9.101839895254576263e+00,-6.662311891123509078e+00,0.000000000000000000e+00,5.201768693988245040e+00,6.462942165293537933e+00
-7.097998568364238281e+02,-6.694528814341783800e+02,-2.509728227424483205e+00,-9.101839894000534059e+00,-6.662311891578971412e+00,0.000000000000000000e+00,5.201769099604362623e+00,6.462942165371295289e+00
-7.107100408265775968e+02,-6.701191126233379691e+02,-2.509728227424777192e+00,-9.101839897909306032e+00,-6.662311891481949466e+00,0.000000000000000000e+00,5.201768779502649487e+00,6.462942165488585466e+00
-7.116202248167321613e+02,-6.707853438124669765e+02,-2.509728227424635971e+00,-9.101839907519620354e+00,-6.662311891440889866e+00,0.000000000000000000e+00,5.201768809604930155e+00,6.462942165306284181e+00
-7.125304088068866122e+02,-6.714515750016046240e+02,-2.509728227424772307e+00,-9.101839891743033206e+00,-6.662311891269944830e+00,0.000000000000000000e+00,5.201768698246837630e+00,6.462942165300343156e+00
-7.134405927970404946e+02,-6.721178061907518213e+02,-2.509728227424678604e+00,-9.101839899127746492e+00,-6.662311891209382608e+00,0.000000000000000000e+00,5.201769194004981500e+00,6.462942165255389781e+00
-7.143507767871943770e+02,-6.727840373798921974e+02,-2.509728227424625313e+00,-9.101839895327858088e+00,-6.662311891329476765e+00,0.000000000000000000e+00,5.201768917182206131e+00,6.462942165348258605e+00
-7.152609607773481457e+02,-6.734502685690353019e+02,-2.509728227424643077e+00,-9.101839911770104763e+00,-6.662311891574493217e+00,0.000000000000000000e+00,5.201768387147527761e+00,6.462942165210402656e+00
-7.161711447675016871e+02,-6.741164997581843181e+02,-2.509728227424755875e+00,-9.101839917770989885e+00,-6.662311891503793326e+00,0.000000000000000000e+00,5.201768952478407648e+00,6.462942165150984408e+00
-7.170813287576572748e+02,-6.747827309473250352e+02,-2.509728227424615987e+00,-9.101839917877054376e+00,-6.662311891182771895e+00,0.000000000000000000e+00,5.201768530180879146e+00,6.462942165239760506e+00
-7.179915127478102477e+02,-6.754489621364571121e+02,-2.509728227424617764e+00,-9.101839904050807561e+00,-6.662311891473692071e+00,0.000000000000000000e+00,5.201768627104897291e+00,6.462942165189794252e+00
-7.189016967379660628e+02,-6.761151933256059010e+02,-2.509728227424560476e+00,-9.101839903687057642e+00,-6.662311891335346736e+00,0.000000000000000000e+00,5.201768452998066117e+00,6.462942165365469727e+00
-7.198118807281177851e+02,-6.767814245147429801e+02,-2.509728227424474767e+00,-9.101839903333024395e+00,-6.662311891560353416e+00,0.000000000000000000e+00,5.201768186135899086e+00,6.462942165338760425e+00
-7.207220647182756466e+02,-6.774476557038901774e+02,-2.509728227424707470e+00,-9.101839900695303243e+00,-6.662311891067021818e+00,0.000000000000000000e+00,5.201768390954465637e+00,6.462942165325501698e+00
-7.216322487084263457e+02,-6.781138868930185026e+02,-2.509728227424673275e+00,-9.101839902094658541e+00,-6.662311891388004170e+00,0.000000000000000000e+00,5.201769154862003752e+00,6.462942165461769584e+00
-7.225424326985817061e+02,-6.787801180821636535e+02,-2.509728227424644853e+00,-9.101839913340279864e+00,-6.662311891511055961e+00,0.000000000000000000e+00,5.201769012762978761e+00,6.462942165169668129e+00
-7.234526166887354748e+02,-6.794463492713149435e+02,-2.509728227424579572e+00,-9.101839903072033167e+00,-6.662311891081897919e+00,0.000000000000000000e+00,5.201768703536809646e+00,6.462942165210197487e+00
-7.243628006788899256e+02,-6.801125804604531595e+02,-2.509728227424524949e+00,-9.101839895558349269e+00,-6.662311891414731235e+00,0.000000000000000000e+00,5.201769107889110622e+00,6.462942165165570074e+00
-7.252729846690427848e+02,-6.807788116495938766e+02,-2.509728227424523173e+00,-9.101839912403633548e+00,-6.662311891509561157e+00,0.000000000000000000e+00,5.201768928507836343e+00,6.462942165204836442e+00
-7.261831686591981452e+02,-6.814450428387364127e+02,-2.509728227424615543e+00,-9.101839895683459858e+00,-6.662311891475373393e+00,0.000000000000000000e+00,5.201768882613865053e+00,6.462942165266216676e+00
-7.270933526493521413e+02,-6.821112740278798583e+02,-2.509728227424784297e+00,-9.101839895954233484e+00,-6.662311891257993501e+00,0.000000000000000000e+00,5.201768599306755725e+00,6.462942165302906439e+00
-7.280035366395070469e+02,-6.827775052170233039e+02,-2.509728227424738556e+00,-9.101839902943851257e+00,-6.662311891605231295e+00,0.000000000000000000e+00,5.201769038839586301e+00,6.462942165130282746e+00
-7.289137206296600198e+02,-6.834437364061772087e+02,-2.509728227424444125e+00,-9.101839908295268344e+00,-6.662311891621542692e+00,0.000000000000000000e+00,5.201769503815311779e+00,6.462942165154188956e+00
-7.298239046198140159e+02,-6.841099675953104224e+02,-2.509728227424810054e+00,-9.101839907233996385e+00,-6.662311891409625986e+00,0.000000000000000000e+00,5.201768912296692804e+00,6.462942165273576123e+00
-7.307340886099683530e+02,-6.847761987844526175e+02,-2.509728227424833591e+00,-9.101839884270335190e+00,-6.662311891350187310e+00,0.000000000000000000e+00,5.201769078449403949e+00,6.462942165287071106e+00
-7.316442726001228039e+02,-6.854424299735977684e+02,-2.509728227424385061e+00,-9.101839898592249511e+00,-6.662311891333774660e+00,0.000000000000000000e+00,5.201768934571455283e+00,6.462942165035075348e+00
-7.325544565902770273e+02,-6.861086611627340517e+02,-2.509728227424542268e+00,-9.101839899569707626e+00,-6.662311891659966179e+00,0.000000000000000000e+00,5.201768926748989053e+00,6.462942165239092596e+00
-7.334646405804302276e+02,-6.867748923518759057e+02,-2.509728227424639080e+00,-9.101839907144805508e+00,-6.662311891121976082e+00,0.000000000000000000e+00,5.201768910961048320e+00,6.462942165285887164e+00
-7.343748245705845648e+02,-6.874411235410199197e+02,-2.509728227424523173e+00,-9.101839897769984589e+00,-6.662311891613240888e+00,0.000000000000000000e+00,5.201769071264440214e+00,6.462942165340964884e+00
-7.352850085607393567e+02,-6.881073547301631379e+02,-2.509728227424597335e+00,-9.101839900163682273e+00,-6.662311891373091655e+00,0.000000000000000000e+00,5.201769180329703701e+00,6.462942165155957319e+00
-7.361951925508932391e+02,-6.887735859193006718e+02,-2.509728227424466773e+00,-9.101839915521535929e+00,-6.662311891255041196e+00,0.000000000000000000e+00,5.201769029932855837e+00,6.462942165367013381e+00
-7.371053765410474625e+02,-6.894398171084351361e+02,-2.509728227424974367e+00,-9.101839889924168148e+00,-6.662311891538702291e+00,0.000000000000000000e+00,5.201769235089586552e+00,6.462942165258697358e+00
-7.380155605312007765e+02,-6.901060482975882451e+02,-2.509728227424383729e+00,-9.101839892271675225e+00,-6.662311891554795196e+00,0.000000000000000000e+00,5.201768544204383282e+00,6.462942165346213130e+00
-7.389257445213554547e+02,-6.907722794867280527e+02,-2.509728227424516955e+00,-9.101839906998570484e+00,-6.662311891349795623e+00,0.000000000000000000e+00,5.201769005172936389e+00,6.462942165276793105e+00
-7.398359285115091097e+02,-6.914385106758820712e+02,-2.509728227424510294e+00,-9.101839903651521624e+00,-6.662311891340218395e+00,0.000000000000000000e+00,5.201768963573723425e+00,6.462942165400352046e+00
-7.407461125016628785e+02,-6.921047418650067584e+02,-2.509728227424734559e+00,-9.101839894420439947e+00,-6.662311891307775902e+00,0.000000000000000000e+00,5.201768384940764989e+00,6.462942165146005280e+00
-7.416562964918184662e+02,-6.927709730541577073e+02,-2.509728227424484537e+00,-9.101839890099089558e+00,-6.662311891482841197e+00,0.000000000000000000e+00,5.201768739639021533e+00,6.462942165346897028e+00
-7.425664804819725759e+02,-6.934372042432959233e+02,-2.509728227424729674e+00,-9.101839908422196146e+00,-6.662311891117058238e+00,0.000000000000000000e+00,5.201768524181204612e+00,6.462942165451690535e+00
-7.434766644721274815e+02,-6.941034354324377773e+02,-2.509728227424714131e+00,-9.101839904737538234e+00,-6.662311891520144691e+00,0.000000000000000000e+00,5.201768279939005701e+00,6.462942165257411276e+00
-7.443868484622798860e+02,-6.947696666215915684e+02,-2.509728227424588010e+00,-9.101839896438997712e+00,-6.662311891348205783e+00,0.000000000000000000e+00,5.201768647436852966e+00,6.462942165239028647e+00
-7.452970324524353600e+02,-6.954358978107248959e+02,-2.509728227424610214e+00,-9.101839911037233222e+00,-6.662311891344273818e+00,0.000000000000000000e+00,5.201769079539231733e+00,6.462942165478063217e+00
-7.462072164425887877e+02,-6.961021289998802786e+02,-2.509728227424672387e+00,-9.101839909884157365e+00,-6.662311891920179363e+00,0.000000000000000000e+00,5.201769190160143275e+00,6.462942165422243868e+00
-7.471174004327415332e+02,-6.967683601890179261e+02,-2.509728227424539160e+00,-9.101839900883781809e+00,-6.662311891456997870e+00,0.000000000000000000e+00,5.201768509275482621e+00,6.462942165215692647e+00
-7.480275844228954156e+02,-6.974345913781523905e+02,-2.509728227424614655e+00,-9.101839894186634083e+00,-6.662311891332548974e+00,0.000000000000000000e+00,5.201769019478146738e+00,6.462942165414914619e+00
-7.489377684130515718e+02,-6.981008225672770777e+02,-2.509728227424513403e+00,-9.101839904221339594e+00,-6.662311891410919173e+00,0.000000000000000000e+00,5.201768897583167295e+00,6.462942165268541039e+00
-7.498479524032056815e+02,-6.987670537564304141e+02,-2.509728227424643077e+00,-9.101839893234540568e+00,-6.662311891283128951e+00,0.000000000000000000e+00,5.201768940174424039e+00,6.462942165162344210e+00
-7.507581363933583134e+02,-6.994332849455788619e+02,-2.509728227424551594e+00,-9.101839896860138168e+00,-6.662311891404551822e+00,0.000000000000000000e+00,5.201769560101974221e+00,6.462942165294119690e+00
-7.516683203835121958e+02,-7.000995161347094609e+02,-2.509728227424587566e+00,-9.101839903021049949e+00,-6.662311891486216275e+00,0.000000000000000000e+00,5.201768393521022382e+00,6.462942165297742569e+00
-7.525785043736663056e+02,-7.007657473238630246e+02,-2.509728227424557367e+00,-9.101839898641992832e+00,-6.662311891378092987e+00,0.000000000000000000e+00,5.201768977201417954e+00,6.462942165297075547e+00
-7.534886883638220070e+02,-7.014319785130107903e+02,-2.509728227424733671e+00,-9.101839899674704526e+00,-6.662311891389093965e+00,0.000000000000000000e+00,5.201768489057563727e+00,6.462942165323569910e+00
-7.543988723539755483e+02,-7.020982097021403661e+02,-2.509728227424567581e+00,-9.101839889735391154e+00,-6.662311891307067135e+00,0.000000000000000000e+00,5.201768651217506978e+00,6.462942165344538914e+00
-7.553090563441285212e+02,-7.027644408912838117e+02,-2.509728227424678604e+00,-9.101839908515959365e+00,-6.662311891624389304e+00,0.000000000000000000e+00,5.201769029939990574e+00,6.462942165295672226e+00
-7.562192403342851321e+02,-7.034306720804215729e+02,-2.509728227424424141e+00,-9.101839885598748126e+00,-6.662311891249101059e+00,0.000000000000000000e+00,5.201768913370935721e+00,6.462942165334098377e+00
-7.571294243244371955e+02,-7.040969032695742271e+02,-2.509728227424404601e+00,-9.101839910620626029e+00,-6.662311891458645441e+00,0.000000000000000000e+00,5.201769220509989466e+00,6.462942165223149793e+00
-7.580396083145926696e+02,-7.047631344587026661e+02,-2.509728227424702141e+00,-9.101839896809860164e+00,-6.662311891500535488e+00,0.000000000000000000e+00,5.201768507260933205e+00,6.462942165354418123e+00
-7.589497923047450740e+02,-7.054293656478628236e+02,-2.509728227424828262e+00,-9.101839906313818673e+00,-6.662311891459951063e+00,0.000000000000000000e+00,5.201768733234507280e+00,6.462942165345074486e+00
-7.598599762949005481e+02,-7.060955968369916036e+02,-2.509728227424574687e+00,-9.101839903568064827e+00,-6.662311891401502706e+00,0.000000000000000000e+00,5.201768406959986102e+00,6.462942165205683764e+00
-7.607701602850529525e+02,-7.067618280261331165e+02,-2.509728227424778080e+00,-9.101839887981316934e+00,-6.662311891616656823e+00,0.000000000000000000e+00,5.201768980611068294e+00,6.462942165343504186e+00
-7.616803442752080855e+02,-7.074280592152744020e+02,-2.509728227424597780e+00,-9.101839906686219450e+00,-6.662311891303927425e+00,0.000000000000000000e+00,5.201768731455924666e+00,6.462942165207828715e+00
-7.625905282653635595e+02,-7.080942904044223951e+02,-2.509728227424800284e+00,-9.101839902939101279e+00,-6.662311891302858058e+00,0.000000000000000000e+00,5.201768847793172057e+00,6.462942165254723648e+00
-7.635007122555161914e+02,-7.087605215935562910e+02,-2.509728227424383284e+00,-9.101839896997883983e+00,-6.662311891441502709e+00,0.000000000000000000e+00,5.201769003302362471e+00,6.462942165217950397e+00
-7.644108962456695053e+02,-7.094267527827050799e+02,-2.509728227424557812e+00,-9.101839891924672798e+00,-6.662311891363009941e+00,0.000000000000000000e+00,5.201768851793556969e+00,6.462942165291237551e+00
-7.653210802358250930e+02,-7.100929839718517087e+02,-2.509728227424519176e+00,-9.101839904710130824e+00,-6.662311891175954237e+00,0.000000000000000000e+00,5.201768977910554703e+00,6.462942165239620174e+00
-7.662312642259797713e+02,-7.107592151610024302e+02,-2.509728227424640856e+00,-9.101839899112830423e+00,-6.662311891402167063e+00,0.000000000000000000e+00,5.201768795405393497e+00,6.462942165187229193e+00
-7.671414482161325168e+02,-7.114254463501243890e+02,-2.509728227424707914e+00,-9.101839901311912229e+00,-6.662311891505542150e+00,0.000000000000000000e+00,5.201769127028716966e+00,6.462942165531022631e+00
-7.680516322062863992e+02,-7.120916775392837508e+02,-2.509728227424594671e+00,-9.101839908299341531e+00,-6.662311891682287879e+00,0.000000000000000000e+00,5.201769320553746745e+00,6.462942165323990906e+00
-7.689618161964414185e+02,-7.127579087284287880e+02,-2.509728227424635527e+00,-9.101839894310980839e+00,-6.662311891593984292e+00,0.000000000000000000e+00,5.201768729525289459e+00,6.462942165198579225e+00
-7.698720001865948461e+02,-7.134241399175522247e+02,-2.509728227424526281e+00,-9.101839897298761528e+00,-6.662311891547989084e+00,0.000000000000000000e+00,5.201769304679509709e+00,6.462942165069065936e+00
-7.707821841767491833e+02,-7.140903711067173845e+02,-2.509728227424713243e+00,-9.101839907478259661e+00,-6.662311891413791543e+00,0.000000000000000000e+00,5.201768780113067869e+00,6.462942165348538381e+00
-7.716923681669035204e+02,-7.147566022958565100e+02,-2.509728227424726565e+00,-9.101839892689184808e+00,-6.662311891702886513e+00,0.000000000000000000e+00,5.201769195601363194e+00,6.462942165158627184e+00
-7.726025521570576302e+02,-7.154228334849819930e+02,-2.509728227424493419e+00,-9.101839901544101608e+00,-6.662311891379813389e+00,0.000000000000000000e+00,5.201768622926375762e+00,6.462942165206559508e+00
-7.735127361472125358e+02,-7.160890646741291903e+02,-2.509728227424629754e+00,-9.101839896590371737e+00,-6.662311891611643944e+00,0.000000000000000000e+00,5.201768447387301819e+00,6.462942165273583228e+00
-7.744229201373663045e+02,-7.167552958632786613e+02,-2.509728227424701696e+00,-9.101839899835463044e+00,-6.662311890954336846e+00,0.000000000000000000e+00,5.201768565562935542e+00,6.462942165216104762e+00
-7.753331041275201869e+02,-7.174215270524167636e+02,-2.509728227424472990e+00,-9.101839882875927046e+00,-6.662311891089630400e+00,0.000000000000000000e+00,5.201768726339387250e+00,6.462942165281051921e+00
-7.762432881176746378e+02,-7.180877582415555480e+02,-2.509728227424668390e+00,-9.101839906514030076e+00,-6.662311891380391593e+00,0.000000000000000000e+00,5.201769084779471086e+00,6.462942165342989931e+00
-7.771534721078280654e+02,-7.187539894306873975e+02,-2.509728227424603109e+00,-9.101839898876008306e+00,-6.662311891341472503e+00,0.000000000000000000e+00,5.201768808093143903e+00,6.462942165408374962e+00
-7.780636560979821752e+02,-7.194202206198513068e+02,-2.509728227424535163e+00,-9.101839890619702444e+00,-6.662311891443859935e+00,0.000000000000000000e+00,5.201768904382817915e+00,6.462942165103329195e+00
-7.789738400881385587e+02,-7.200864518089784951e+02,-2.509728227424476543e+00,-9.101839900686362839e+00,-6.662311891547311404e+00,0.000000000000000000e+00,5.201768841220485662e+00,6.462942165498564151e+00
-7.798840240782902811e+02,-7.207526829981178480e+02,-2.509728227424794067e+00,-9.101839898505197368e+00,-6.662311891415333420e+00,0.000000000000000000e+00,5.201768284277496157e+00,6.462942165340156642e+00
-7.807942080684439361e+02,-7.214189141872809614e+02,-2.509728227424627978e+00,-9.101839900184328869e+00,-6.662311891382956652e+00,0.000000000000000000e+00,5.201768880341644419e+00,6.462942165091225100e+00
-7.817043920585962269e+02,-7.220851453764151984e+02,-2.509728227424696367e+00,-9.101839898572022136e+00,-6.662311891348373649e+00,0.000000000000000000e+00,5.201769298964696198e+00,6.462942165356509783e+00
-7.826145760487547705e+02,-7.227513765655435236e+02,-2.509728227424463665e+00,-9.101839903299172363e+00,-6.662311891455678037e+00,0.000000000000000000e+00,5.201768894334413140e+00,6.462942165271692296e+00
-7.835247600389059244e+02,-7.234176077546843544e+02,-2.509728227424494751e+00,-9.101839894058210589e+00,-6.662311891159748534e+00,0.000000000000000000e+00,5.201769081142574080e+00,6.462942165324032651e+00
-7.844349440290611710e+02,-7.240838389438249578e+02,-2.509728227424792735e+00,-9.101839913567115303e+00,-6.662311891411359710e+00,0.000000000000000000e+00,5.201768882304842911e+00,6.462942165274736084e+00
-7.853451280192159629e+02,-7.247500701329796584e+02,-2.509728227424704805e+00,-9.101839907126421991e+00,-6.662311891454419488e+00,0.000000000000000000e+00,5.201768977658572268e+00,6.462942165191706501e+00
-7.862553120093683674e+02,-7.254163013221076426e+02,-2.509728227424770086e+00,-9.101839903383353914e+00,-6.662311891172907785e+00,0.000000000000000000e+00,5.201768774509728743e+00,6.462942165228829694e+00
-7.871654959995238414e+02,-7.260825325112642759e+02,-2.509728227424659952e+00,-9.101839903678287769e+00,-6.662311891454529622e+00,0.000000000000000000e+00,5.201768818272780592e+00,6.462942165282977491e+00
-7.880756799896784059e+02,-7.267487637004128374e+02,-2.509728227424580904e+00,-9.101839903907427143e+00,-6.662311891077657755e+00,0.000000000000000000e+00,5.201769320781258976e+00,6.462942165156805530e+00
-7.889858639798324020e+02,-7.274149948895352509e+02,-2.509728227424494751e+00,-9.101839902855337172e+00,-6.662311891613798664e+00,0.000000000000000000e+00,5.201768532639580833e+00,6.462942165481151413e+00
-7.898960479699875350e+02,-7.280812260786822208e+02,-2.509728227424570690e+00,-9.101839897402994595e+00,-6.662311891333641434e+00,0.000000000000000000e+00,5.201768374530605143e+00,6.462942165238651171e+00
-7.908062319601413037e+02,-7.287474572678211189e+02,-2.509728227424630198e+00,-9.101839894765060279e+00,-6.662311891275131792e+00,0.000000000000000000e+00,5.201768957720924291e+00,6.462942165207189227e+00
-7.917164159502947314e+02,-7.294136884569747963e+02,-2.509728227424657732e+00,-9.101839903281017996e+00,-6.662311891123279928e+00,0.000000000000000000e+00,5.201768797862514226e+00,6.462942165265536332e+00
-7.926265999404471359e+02,-7.300799196461171050e+02,-2.509728227424615099e+00,-9.101839900238736902e+00,-6.662311891541282449e+00,0.000000000000000000e+00,5.201768699502232529e+00,6.462942165271160277e+00
-7.935367839306032920e+02,-7.307461508352590727e+02,-2.509728227424683045e+00,-9.101839902104567059e+00,-6.662311891577617828e+00,0.000000000000000000e+00,5.201768580482689863e+00,6.462942165113186199e+00
-7.944469679207558102e+02,-7.314123820243912633e+02,-2.509728227424702141e+00,-9.101839897123536360e+00,-6.662311891390170437e+00,0.000000000000000000e+00,5.201768857916261091e+00,6.462942165318157350e+00
-7.953571519109093515e+02,-7.320786132135377784e+02,-2.509728227424639968e+00,-9.101839900870505318e+00,-6.662311891260507046e+00,0.000000000000000000e+00,5.201768568933323067e+00,6.462942165333372735e+00
-7.962673359010635750e+02,-7.327448444026896368e+02,-2.509728227424635083e+00,-9.101839894898928307e+00,-6.662311891361111904e+00,0.000000000000000000e+00,5.201768859839678960e+00,6.462942165340691325e+00
-7.971775198912192764e+02,-7.334110755918201221e+02,-2.509728227424508518e+00,-9.101839909675334184e+00,-6.662311891289343535e+00,0.000000000000000000e+00,5.201768858231572423e+00,6.462942165335255673e+00
-7.980877038813724766e+02,-7.340773067809597023e+02,-2.509728227424806946e+00,-9.101839898519408223e+00,-6.662311891434024247e+00,0.000000000000000000e+00,5.201768383321331513e+00,6.462942165326084343e+00
-7.989978878715268138e+02,-7.347435379701106513e+02,-2.509728227424635971e+00,-9.101839905611416981e+00,-6.662311891378441153e+00,0.000000000000000000e+00,5.201769009704686475e+00,6.462942165374591319e+00
-7.999080718616805825e+02,-7.354097691592442061e+02,-2.509728227424657732e+00,-9.101839899009581458e+00,-6.662311891691381049e+00,0.000000000000000000e+00,5.201768643315856977e+00,6.462942165211014611e+00
-8.008182558518349197e+02,-7.360760003483964056e+02,-2.509728227424776303e+00,-9.101839906771353128e+00,-6.662311891344132597e+00,0.000000000000000000e+00,5.201769353399909868e+00,6.462942165250183280e+00
-8.017284398419908484e+02,-7.367422315375373501e+02,-2.509728227424566249e+00,-9.101839897714313565e+00,-6.662311891233130723e+00,0.000000000000000000e+00,5.201768657474802993e+00,6.462942165313529053e+00
-8.026386238321425708e+02,-7.374084627266823873e+02,-2.509728227424762981e+00,-9.101839904058529385e+00,-6.662311891499360428e+00,0.000000000000000000e+00,5.201768425436291032e+00,6.462942165323435795e+00
-8.035488078222969079e+02,-7.380746939158190116e+02,-2.509728227424656843e+00,-9.101839909893314484e+00,-6.662311891398713826e+00,0.000000000000000000e+00,5.201769078473004626e+00,6.462942165304903952e+00
-8.044589918124518135e+02,-7.387409251049639352e+02,-2.509728227424604885e+00,-9.101839907983617195e+00,-6.662311891435850342e+00,0.000000000000000000e+00,5.201768753719710148e+00,6.462942165221597257e+00
-8.053691758026039906e+02,-7.394071562940997637e+02,-2.509728227424489866e+00,-9.101839910034209780e+00,-6.662311891335701119e+00,0.000000000000000000e+00,5.201768535587549813e+00,6.462942165238740877e+00
-8.062793597927596920e+02,-7.400733874832467336e+02,-2.509728227424589786e+00,-9.101839903191061509e+00,-6.662311891483733817e+00,0.000000000000000000e+00,5.201768733860538063e+00,6.462942165168765740e+00
-8.071895437829144839e+02,-7.407396186723891560e+02,-2.509728227424496971e+00,-9.101839903303167389e+00,-6.662311891162344679e+00,0.000000000000000000e+00,5.201768639210772704e+00,6.462942165218908741e+00
-8.080997277730683663e+02,-7.414058498615218014e+02,-2.509728227424568470e+00,-9.101839905695335631e+00,-6.662311891511951245e+00,0.000000000000000000e+00,5.201768648735740186e+00,6.462942165217148371e+00
-8.090099117632229309e+02,-7.420720810506747966e+02,-2.509728227424544045e+00,-9.101839890948269840e+00,-6.662311891683452281e+00,0.000000000000000000e+00,5.201768825068515234e+00,6.462942165350400003e+00
-8.099200957533765859e+02,-7.427383122398103978e+02,-2.509728227424503633e+00,-9.101839896267215124e+00,-6.662311891241787798e+00,0.000000000000000000e+00,5.201768557601567977e+00,6.462942165363164904e+00
-8.108302797435288767e+02,-7.434045434289330387e+02,-2.509728227424525837e+00,-9.101839895434592265e+00,-6.662311891316108792e+00,0.000000000000000000e+00,5.201769133418604696e+00,6.462942165180898257e+00
-8.117404637336853739e+02,-7.440707746180968343e+02,-2.509728227424531166e+00,-9.101839914504353146e+00,-6.662311891433001954e+00,0.000000000000000000e+00,5.201768655477198244e+00,6.462942165164346164e+00
-8.126506477238388015e+02,-7.447370058072332313e+02,-2.509728227424616875e+00,-9.101839902259543535e+00,-6.662311891338013048e+00,0.000000000000000000e+00,5.201769080729231831e+00,6.462942165360298752e+00
-8.135608317139934798e+02,-7.454032369963744031e+02,-2.509728227424748326e+00,-9.101839898485325264e+00,-6.662311891635742001e+00,0.000000000000000000e+00,5.201768549649632867e+00,6.462942165385585191e+00
-8.144710157041466800e+02,-7.460694681855235331e+02,-2.509728227424522284e+00,-9.101839892966603784e+00,-6.662311891438268852e+00,0.000000000000000000e+00,5.201768659110014958e+00,6.462942165482709278e+00
-8.153811996942993119e+02,-7.467356993746653870e+02,-2.509728227424679492e+00,-9.101839892304715463e+00,-6.662311891393483343e+00,0.000000000000000000e+00,5.201768865740415748e+00,6.462942165222026247e+00
-8.162913836844559228e+02,-7.474019305638064452e+02,-2.509728227424568026e+00,-9.101839901977665903e+00,-6.662311891373004613e+00,0.000000000000000000e+00,5.201769411511750540e+00,6.462942165290481711e+00
-8.172015676746087820e+02,-7.480681617529464802e+02,-2.509728227424582681e+00,-9.101839896041827416e+00,-6.662311891741501846e+00,0.000000000000000000e+00,5.201768892529201160e+00,6.462942165246312598e+00
-8.181117516647628918e+02,-7.487343929420958375e+02,-2.509728227424707026e+00,-9.101839901276788325e+00,-6.662311891303314582e+00,0.000000000000000000e+00,5.201768645059445362e+00,6.462942165282990814e+00
-8.190219356549181384e+02,-7.494006241312380325e+02,-2.509728227424636415e+00,-9.101839904477671439e+00,-6.662311891449208545e+00,0.000000000000000000e+00,5.201768610092511125e+00,6.462942165340828993e+00
-8.199321196450713387e+02,-7.500668553203672673e+02,-2.509728227424633307e+00,-9.101839900699467023e+00,-6.662311891323469126e+00,0.000000000000000000e+00,5.201768444744328868e+00,6.462942165279717877e+00
-8.208423036352255622e+02,-7.507330865095186709e+02,-2.509728227424702585e+00,-9.101839899464648553e+00,-6.662311891512311846e+00,0.000000000000000000e+00,5.201768912852426929e+00,6.462942165211215340e+00
-8.217524876253800130e+02,-7.513993176986549543e+02,-2.509728227424641300e+00,-9.101839894099358119e+00,-6.662311891397587615e+00,0.000000000000000000e+00,5.201769082565603775e+00,6.462942164971031467e+00
-8.226626716155333270e+02,-7.520655488878088590e+02,-2.509728227424750546e+00,-9.101839903615790206e+00,-6.662311891363059679e+00,0.000000000000000000e+00,5.201768823709656431e+00,6.462942165284479401e+00
-8.235728556056889147e+02,-7.527317800769452560e+02,-2.509728227424623981e+00,-9.101839901326696847e+00,-6.662311891300846334e+00,0.000000000000000000e+00,5.201768584900468895e+00,6.462942165409413242e+00
-8.244830395958425697e+02,-7.533980112660897248e+02,-2.509728227424617764e+00,-9.101839903248565733e+00,-6.662311891477691539e+00,0.000000000000000000e+00,5.201769312018192259e+00,6.462942165503378966e+00
-8.253932235859949742e+02,-7.540642424552096372e+02,-2.509728227424724789e+00,-9.101839896544264619e+00,-6.662311891562417543e+00,0.000000000000000000e+00,5.201768976058920302e+00,6.462942165156152718e+00
-8.263034075761502208e+02,-7.547304736443630873e+02,-2.509728227424878444e+00,-9.101839901808361333e+00,-6.662311891610057657e+00,0.000000000000000000e+00,5.201768172318677053e+00,6.462942165330252564e+00
-8.272135915663030801e+02,-7.553967048335089203e+02,-2.509728227424793179e+00,-9.101839884964112670e+00,-6.662311891594759672e+00,0.000000000000000000e+00,5.201768878109894523e+00,6.462942165244812465e+00
-8.281237755564588952e+02,-7.560629360226627114e+02,-2.509728227424637748e+00,-9.101839891169683838e+00,-6.662311891270274344e+00,0.000000000000000000e+00,5.201768985656247679e+00,6.462942165215231682e+00
-8.290339595466126639e+02,-7.567291672117968346e+02,-2.509728227424590674e+00,-9.101839914127838327e+00,-6.662311891403932762e+00,0.000000000000000000e+00,5.201769157394281251e+00,6.462942165346826862e+00
-8.299441435367639315e+02,-7.573953984009435771e+02,-2.509728227424737224e+00,-9.101839902863330778e+00,-6.662311891229010463e+00,0.000000000000000000e+00,5.201769101667905737e+00,6.462942165336130529e+00
-8.308543275269197466e+02,-7.580616295900787236e+02,-2.509728227424898428e+00,-9.101839909035659204e+00,-6.662311891405178876e+00,0.000000000000000000e+00,5.201769168360047324e+00,6.462942165103529923e+00
-8.317645115170752206e+02,-7.587278607792183038e+02,-2.509728227424865565e+00,-9.101839904114557456e+00,-6.662311891582960222e+00,0.000000000000000000e+00,5.201768784969911685e+00,6.462942165214933254e+00
-8.326746955072280798e+02,-7.593940919683675475e+02,-2.509728227424596447e+00,-9.101839906689257020e+00,-6.662311891440350742e+00,0.000000000000000000e+00,5.201768996409284362e+00,6.462942165356017732e+00
-8.335848794973824170e+02,-7.600603231575058771e+02,-2.509728227424381064e+00,-9.101839897647767685e+00,-6.662311891435376943e+00,0.000000000000000000e+00,5.201769144026732405e+00,6.462942165098954916e+00
-8.344950634875376636e+02,-7.607265543466419331e+02,-2.509728227424761204e+00,-9.101839907924961892e+00,-6.662311891656658602e+00,0.000000000000000000e+00,5.201768941986580685e+00,6.462942165286357898e+00
-8.354052474776918871e+02,-7.613927855357815133e+02,-2.509728227424455671e+00,-9.101839905229528682e+00,-6.662311891123906982e+00,0.000000000000000000e+00,5.201768825679082831e+00,6.462942165264117911e+00
-8.363154314678463379e+02,-7.620590167249388287e+02,-2.509728227424830038e+00,-9.101839897708757121e+00,-6.662311891602481495e+00,0.000000000000000000e+00,5.201769063695683926e+00,6.462942165284474960e+00
-8.372256154579990834e+02,-7.627252479140759078e+02,-2.509728227424822489e+00,-9.101839899308572512e+00,-6.662311891315255252e+00,0.000000000000000000e+00,5.201768674680731230e+00,6.462942165340513689e+00
-8.381357994481542164e+02,-7.633914791032220819e+02,-2.509728227424607105e+00,-9.101839892218730910e+00,-6.662311891764200134e+00,0.000000000000000000e+00,5.201768761102067984e+00,6.462942165296457375e+00
-8.390459834383076441e+02,-7.640577102923531356e+02,-2.509728227424705693e+00,-9.101839908970108084e+00,-6.662311891436965894e+00,0.000000000000000000e+00,5.201768449322432097e+00,6.462942165131727812e+00
-8.399561674284622086e+02,-7.647239414815189775e+02,-2.509728227424461444e+00,-9.101839894423482846e+00,-6.662311891512616491e+00,0.000000000000000000e+00,5.201768929070183844e+00,6.462942165260057159e+00
-8.408663514186156362e+02,-7.653901726706365025e+02,-2.509728227424758540e+00,-9.101839905409397247e+00,-6.662311891244425688e+00,0.000000000000000000e+00,5.201768722034951331e+00,6.462942165336698075e+00
-8.417765354087698597e+02,-7.660564038597884746e+02,-2.509728227424506741e+00,-9.101839892931630871e+00,-6.662311891182797652e+00,0.000000000000000000e+00,5.201768741401400220e+00,6.462942165326986732e+00
-8.426867193989222642e+02,-7.667226350489410152e+02,-2.509728227424485425e+00,-9.101839880996696053e+00,-6.662311891259987462e+00,0.000000000000000000e+00,5.201768617274399098e+00,6.462942165340167300e+00
-8.435969033890777382e+02,-7.673888662380644519e+02,-2.509728227424606661e+00,-9.101839906929336976e+00,-6.662311891548712062e+00,0.000000000000000000e+00,5.201768530965758863e+00,6.462942165436778019e+00
-8.445070873792317343e+02,-7.680550974272082385e+02,-2.509728227424732339e+00,-9.101839905465890723e+00,-6.662311891415231280e+00,0.000000000000000000e+00,5.201769036608896002e+00,6.462942165264473182e+00
-8.454172713693862988e+02,-7.687213286163457724e+02,-2.509728227424522728e+00,-9.101839902371292368e+00,-6.662311891456908164e+00,0.000000000000000000e+00,5.201769320463688118e+00,6.462942165240019854e+00
-8.463274553595400675e+02,-7.693875598055054752e+02,-2.509728227424344205e+00,-9.101839905969523414e+00,-6.662311891293725807e+00,0.000000000000000000e+00,5.201769076874179554e+00,6.462942165362807856e+00
-8.472376393496957689e+02,-7.700537909946275477e+02,-2.509728227424358860e+00,-9.101839898812748686e+00,-6.662311891561574662e+00,0.000000000000000000e+00,5.201769059040103116e+00,6.462942165206632339e+00
-8.481478233398493103e+02,-7.707200221837692879e+02,-2.509728227424714575e+00,-9.101839900787958015e+00,-6.662311891062843827e+00,0.000000000000000000e+00,5.201769044360082361e+00,6.462942165166813524e+00
-8.490580073300033064e+02,-7.713862533729251254e+02,-2.509728227424773195e+00,-9.101839898742726476e+00,-6.662311891545228626e+00,0.000000000000000000e+00,5.201769655595907871e+00,6.462942165247970827e+00
-8.499681913201575298e+02,-7.720524845620628867e+02,-2.509728227424723901e+00,-9.101839913893813971e+00,-6.662311891634584704e+00,0.000000000000000000e+00,5.201769162365276422e+00,6.462942165136150940e+00
-8.508783753103114122e+02,-7.727187157512006479e+02,-2.509728227424587566e+00,-9.101839900194804045e+00,-6.662311891241005313e+00,0.000000000000000000e+00,5.201768398391766191e+00,6.462942165406947659e+00
-8.517885593004646125e+02,-7.733849469403675130e+02,-2.509728227424723457e+00,-9.101839904352045707e+00,-6.662311891415062526e+00,0.000000000000000000e+00,5.201769177321177828e+00,6.462942165302791864e+00
-8.526987432906191771e+02,-7.740511781294744651e+02,-2.509728227424525393e+00,-9.101839899418042279e+00,-6.662311891481484061e+00,0.000000000000000000e+00,5.201768085886446791e+00,6.462942165170354691e+00
-8.536089272807736279e+02,-7.747174093186324626e+02,-2.509728227424574687e+00,-9.101839910764255137e+00,-6.662311891148951837e+00,0.000000000000000000e+00,5.201768858656343753e+00,6.462942165236503556e+00
-8.545191112709280787e+02,-7.753836405077551035e+02,-2.509728227424548042e+00,-9.101839916843289302e+00,-6.662311891521282448e+00,0.000000000000000000e+00,5.201768523925390575e+00,6.462942165335982203e+00
-8.554292952610827570e+02,-7.760498716969133284e+02,-2.509728227424701696e+00,-9.101839893611558097e+00,-6.662311891291135879e+00,0.000000000000000000e+00,5.201768866694294502e+00,6.462942165415555884e+00
-8.563394792512353888e+02,-7.767161028860556371e+02,-2.509728227424714131e+00,-9.101839893315926133e+00,-6.662311891455050983e+00,0.000000000000000000e+00,5.201768700893944164e+00,6.462942165375253012e+00
-8.572496632413884754e+02,-7.773823340752022659e+02,-2.509728227424712355e+00,-9.101839899466245498e+00,-6.662311891172850054e+00,0.000000000000000000e+00,5.201768895279106353e+00,6.462942165110342252e+00
-8.581598472315445179e+02,-7.780485652643458252e+02,-2.509728227424799396e+00,-9.101839897046335892e+00,-6.662311891620956494e+00,0.000000000000000000e+00,5.201769071343256279e+00,6.462942165286457374e+00
-8.590700312216965813e+02,-7.787147964534857465e+02,-2.509728227424599112e+00,-9.101839895721496987e+00,-6.662311891376649697e+00,0.000000000000000000e+00,5.201768282053680359e+00,6.462942165165932451e+00
-8.599802152118512595e+02,-7.793810276426206656e+02,-2.509728227424719016e+00,-9.101839889099640146e+00,-6.662311891494551830e+00,0.000000000000000000e+00,5.201768884996728737e+00,6.462942165052364629e+00
-8.608903992020068472e+02,-7.800472588317778673e+02,-2.509728227424552927e+00,-9.101839886282629521e+00,-6.662311891280466192e+00,0.000000000000000000e+00,5.201768744711599446e+00,6.462942165310919584e+00
-8.618005831921611843e+02,-7.807134900209142643e+02,-2.509728227424674163e+00,-9.101839896077008163e+00,-6.662311891469784975e+00,0.000000000000000000e+00,5.201769014946549419e+00,6.462942165460782817e+00
-8.627107671823132478e+02,-7.813797212100508887e+02,-2.509728227424639080e+00,-9.101839907127065032e+00,-6.662311891281296639e+00,0.000000000000000000e+00,5.201768908478862308e+00,6.462942165254095706e+00
-8.636209511724687218e+02,-7.820459523992012691e+02,-2.509728227424574243e+00,-9.101839898071858670e+00,-6.662311891313369649e+00,0.000000000000000000e+00,5.201769239179584225e+00,6.462942165142585793e+00
-8.645311351626227179e+02,-7.827121835883394851e+02,-2.509728227424572911e+00,-9.101839901311983283e+00,-6.662311891252827856e+00,0.000000000000000000e+00,5.201769062234273377e+00,6.462942165230762370e+00
-8.654413191527778508e+02,-7.833784147774714484e+02,-2.509728227424652847e+00,-9.101839897741141883e+00,-6.662311891470579006e+00,0.000000000000000000e+00,5.201768870658912469e+00,6.462942165258035665e+00
-8.663515031429311648e+02,-7.840446459666079591e+02,-2.509728227424520508e+00,-9.101839895350613219e+00,-6.662311891492042726e+00,0.000000000000000000e+00,5.201768946457596243e+00,6.462942165478931855e+00
-8.672616871330849335e+02,-7.847108771557676619e+02,-2.509728227424769198e+00,-9.101839906729690455e+00,-6.662311891516072393e+00,0.000000000000000000e+00,5.201768832033910606e+00,6.462942165190197485e+00
-8.681718711232390433e+02,-7.853771083448974650e+02,-2.509728227424734115e+00,-9.101839898257720662e+00,-6.662311891667902053e+00,0.000000000000000000e+00,5.201769366114271875e+00,6.462942165038514375e+00
-8.690820551133917888e+02,-7.860433395340402285e+02,-2.509728227424711910e+00,-9.101839901788425280e+00,-6.662311891271284203e+00,0.000000000000000000e+00,5.201768656035246075e+00,6.462942165213601875e+00
-8.699922391035486271e+02,-7.867095707231982260e+02,-2.509728227424651958e+00,-9.101839891013076667e+00,-6.662311890962206107e+00,0.000000000000000000e+00,5.201768596036227876e+00,6.462942165302376196e+00
-8.709024230937031916e+02,-7.873758019123330314e+02,-2.509728227424666169e+00,-9.101839907456215073e+00,-6.662311891249174778e+00,0.000000000000000000e+00,5.201769109970267202e+00,6.462942165321799770e+00
-8.718126070838540045e+02,-7.880420331014769317e+02,-2.509728227424826486e+00,-9.101839912203672611e+00,-6.662311891385294338e+00,0.000000000000000000e+00,5.201769202047949570e+00,6.462942165333058320e+00
-8.727227910740092511e+02,-7.887082642906160572e+02,-2.509728227424604441e+00,-9.101839890336961503e+00,-6.662311891330933378e+00,0.000000000000000000e+00,5.201768962246050343e+00,6.462942165082465884e+00
-8.736329750641646115e+02,-7.893744954797623450e+02,-2.509728227424752323e+00,-9.101839899221582542e+00,-6.662311891379466999e+00,0.000000000000000000e+00,5.201768502856514154e+00,6.462942165219732082e+00
-8.745431590543184939e+02,-7.900407266688961272e+02,-2.509728227424594227e+00,-9.101839905089910587e+00,-6.662311891312392653e+00,0.000000000000000000e+00,5.201768329714330008e+00,6.462942165287141272e+00
-8.754533430444707847e+02,-7.907069578580329789e+02,-2.509728227424787850e+00,-9.101839885345572867e+00,-6.662311891223337668e+00,0.000000000000000000e+00,5.201769080868553274e+00,6.462942165366471592e+00
-8.763635270346248944e+02,-7.913731890471977977e+02,-2.509728227424712355e+00,-9.101839898971482157e+00,-6.662311891356840654e+00,0.000000000000000000e+00,5.201769018948476209e+00,6.462942165240858294e+00
-8.772737110247810506e+02,-7.920394202363337399e+02,-2.509728227424554703e+00,-9.101839903872603443e+00,-6.662311891291432531e+00,0.000000000000000000e+00,5.201768268505434278e+00,6.462942165371578618e+00
-8.781838950149332277e+02,-7.927056514254626336e+02,-2.509728227424562697e+00,-9.101839909080235103e+00,-6.662311891489856031e+00,0.000000000000000000e+00,5.201768691368753750e+00,6.462942165199510924e+00
-8.790940790050880196e+02,-7.933718826145941421e+02,-2.509728227424673719e+00,-9.101839907524464479e+00,-6.662311891299823152e+00,0.000000000000000000e+00,5.201768943301409820e+00,6.462942165320734844e+00
-8.800042629952422431e+02,-7.940381138037638493e+02,-2.509728227424609770e+00,-9.101839901081600459e+00,-6.662311891581471635e+00,0.000000000000000000e+00,5.201768774136017015e+00,6.462942165138961137e+00
-8.809144469853970350e+02,-7.947043449928969494e+02,-2.509728227424639968e+00,-9.101839910619622387e+00,-6.662311891519488327e+00,0.000000000000000000e+00,5.201769084953538957e+00,6.462942165316670540e+00
-8.818246309755501215e+02,-7.953705761820310727e+02,-2.509728227424875779e+00,-9.101839899937612444e+00,-6.662311891654189466e+00,0.000000000000000000e+00,5.201768819889841744e+00,6.462942165320436416e+00
-8.827348149657042313e+02,-7.960368073711903207e+02,-2.509728227424631086e+00,-9.101839912838237012e+00,-6.662311891467387781e+00,0.000000000000000000e+00,5.201768490968499137e+00,6.462942165502729708e+00
-8.836449989558584548e+02,-7.967030385603324021e+02,-2.509728227424552482e+00,-9.101839900732725752e+00,-6.662311891298746680e+00,0.000000000000000000e+00,5.201768597223222379e+00,6.462942165337651979e+00
-8.845551829460132467e+02,-7.973692697494609547e+02,-2.509728227424744329e+00,-9.101839897862081585e+00,-6.662311891400361397e+00,0.000000000000000000e+00,5.201768985418109281e+00,6.462942165185275201e+00
-8.854653669361670154e+02,-7.980355009386032634e+02,-2.509728227424743441e+00,-9.101839906652088530e+00,-6.662311891394104180e+00,0.000000000000000000e+00,5.201768764246661902e+00,6.462942165120726834e+00
-8.863755509263214662e+02,-7.987017321277518249e+02,-2.509728227424750546e+00,-9.101839898553986785e+00,-6.662311891633861727e+00,0.000000000000000000e+00,5.201768515038579288e+00,6.462942165247317128e+00
-8.872857349164761445e+02,-7.993679633168898135e+02,-2.509728227424940172e+00,-9.101839896934039942e+00,-6.662311891432652011e+00,0.000000000000000000e+00,5.201769321059086515e+00,6.462942165372906445e+00
-8.881959189066303679e+02,-8.000341945060266653e+02,-2.509728227424690150e+00,-9.101839915487250465e+00,-6.662311891545647846e+00,0.000000000000000000e+00,5.201768377762243212e+00,6.462942165298501074e+00
-8.891061028967848188e+02,-8.007004256951727257e+02,-2.509728227424512959e+00,-9.101839901692523327e+00,-6.662311891265646047e+00,0.000000000000000000e+00,5.201768878736602986e+00,6.462942165304648157e+00
-8.900162868869381327e+02,-8.013666568843152618e+02,-2.509728227424498748e+00,-9.101839904065720077e+00,-6.662311891456409008e+00,0.000000000000000000e+00,5.201769057040031008e+00,6.462942165412538742e+00
-8.909264708770923562e+02,-8.020328880734560926e+02,-2.509728227424364633e+00,-9.101839904757287769e+00,-6.662311891384732121e+00,0.000000000000000000e+00,5.201769024960888999e+00,6.462942165265290306e+00
-8.918366548672457839e+02,-8.026991192625966960e+02,-2.509728227424617764e+00,-9.101839889634122827e+00,-6.662311891417347809e+00,0.000000000000000000e+00,5.201768565842496805e+00,6.462942165209028644e+00
-8.927468388574004621e+02,-8.033653504517315014e+02,-2.509728227424840252e+00,-9.101839901146290046e+00,-6.662311891597538782e+00,0.000000000000000000e+00,5.201769106618240990e+00,6.462942165374539805e+00
-8.936570228475544582e+02,-8.040315816408774481e+02,-2.509728227424629754e+00,-9.101839892495869222e+00,-6.662311891432382893e+00,0.000000000000000000e+00,5.201768908273540326e+00,6.462942165369513603e+00
-8.945672068377090227e+02,-8.046978128300371509e+02,-2.509728227424516955e+00,-9.101839894343285664e+00,-6.662311891302217681e+00,0.000000000000000000e+00,5.201768685267530223e+00,6.462942165250172621e+00
-8.954773908278627914e+02,-8.053640440191589960e+02,-2.509728227424665281e+00,-9.101839897494841125e+00,-6.662311891170505262e+00,0.000000000000000000e+00,5.201769146155193368e+00,6.462942165154498930e+00
-8.963875748180157643e+02,-8.060302752083132418e+02,-2.509728227424696367e+00,-9.101839906032187955e+00,-6.662311891358267069e+00,0.000000000000000000e+00,5.201768758267383497e+00,6.462942165552257201e+00
-8.972977588081705562e+02,-8.066965063974470240e+02,-2.509728227424592450e+00,-9.101839908660922518e+00,-6.662311891578102774e+00,0.000000000000000000e+00,5.201769071535403910e+00,6.462942165580337850e+00
-8.982079427983239839e+02,-8.073627375865977456e+02,-2.509728227424660396e+00,-9.101839907599980961e+00,-6.662311891513945206e+00,0.000000000000000000e+00,5.201768183672753842e+00,6.462942165216731816e+00
-8.991181267884787758e+02,-8.080289687757348247e+02,-2.509728227424769642e+00,-9.101839898821726393e+00,-6.662311891601130576e+00,0.000000000000000000e+00,5.201769243091705519e+00,6.462942165295120667e+00
-9.000283107786334540e+02,-8.086951999648719038e+02,-2.509728227424791402e+00,-9.101839897326314599e+00,-6.662311891516996099e+00,0.000000000000000000e+00,5.201769314198295469e+00,6.462942165368464664e+00
-9.009384947687871090e+02,-8.093614311540168273e+02,-2.509728227424589786e+00,-9.101839896236500138e+00,-6.662311891579402179e+00,0.000000000000000000e+00,5.201768585575507586e+00,6.462942165308837694e+00
-9.018486787589414462e+02,-8.100276623431592498e+02,-2.509728227424584457e+00,-9.101839898915839555e+00,-6.662311891587850532e+00,0.000000000000000000e+00,5.201768846168390859e+00,6.462942165332372646e+00
-9.027588627490952149e+02,-8.106938935323037185e+02,-2.509728227424501856e+00,-9.101839907634063920e+00,-6.662311891663780017e+00,0.000000000000000000e+00,5.201768262329871106e+00,6.462942165115068249e+00
-9.036690467392489836e+02,-8.113601247214442083e+02,-2.509728227424888214e+00,-9.101839912027374524e+00,-6.662311891359554927e+00,0.000000000000000000e+00,5.201769258530505979e+00,6.462942165586306409e+00
-9.045792307294020702e+02,-8.120263559105808326e+02,-2.509728227424576019e+00,-9.101839906249757917e+00,-6.662311891528862162e+00,0.000000000000000000e+00,5.201769160229217981e+00,6.462942165379309323e+00
-9.054894147195572032e+02,-8.126925870997271204e+02,-2.509728227424630198e+00,-9.101839898786765914e+00,-6.662311891475911629e+00,0.000000000000000000e+00,5.201769155813364520e+00,6.462942165192454347e+00
-9.063995987097108582e+02,-8.133588182888831852e+02,-2.509728227424674163e+00,-9.101839897695374049e+00,-6.662311891682736409e+00,0.000000000000000000e+00,5.201768673805422516e+00,6.462942165264504268e+00
-9.073097826998654227e+02,-8.140250494780364079e+02,-2.509728227424484981e+00,-9.101839898366987924e+00,-6.662311891421423660e+00,0.000000000000000000e+00,5.201768469903652381e+00,6.462942165304999875e+00
-9.082199666900195325e+02,-8.146912806671595035e+02,-2.509728227424664837e+00,-9.101839901003693001e+00,-6.662311891332967306e+00,0.000000000000000000e+00,5.201769035048303458e+00,6.462942165188672483e+00
-9.091301506801747792e+02,-8.153575118563114756e+02,-2.509728227424630198e+00,-9.101839906671560954e+00,-6.662311891501554229e+00,0.000000000000000000e+00,5.201768897440452122e+00,6.462942165372910885e+00
-9.100403346703282068e+02,-8.160237430454401419e+02,-2.509728227424564029e+00,-9.101839905541872611e+00,-6.662311891353900783e+00,0.000000000000000000e+00,5.201768664005846254e+00,6.462942165279623730e+00
-9.109505186604823166e+02,-8.166899742345794948e+02,-2.509728227424687486e+00,-9.101839903175463320e+00,-6.662311891636233163e+00,0.000000000000000000e+00,5.201769088914541150e+00,6.462942165153572560e+00
-9.118607026506357442e+02,-8.173562054237245320e+02,-2.509728227424916192e+00,-9.101839899584753368e+00,-6.662311891634675298e+00,0.000000000000000000e+00,5.201769367576526193e+00,6.462942165365668679e+00
-9.127708866407895130e+02,-8.180224366128684323e+02,-2.509728227424467217e+00,-9.101839908554934411e+00,-6.662311891620591453e+00,0.000000000000000000e+00,5.201768842803603299e+00,6.462942165237874903e+00
-9.136810706309441912e+02,-8.186886678020009640e+02,-2.509728227424711022e+00,-9.101839912510406805e+00,-6.662311890952810955e+00,0.000000000000000000e+00,5.201768847969989729e+00,6.462942165379965687e+00
-9.145912546210979599e+02,-8.193548989911354283e+02,-2.509728227424822489e+00,-9.101839908509610666e+00,-6.662311891492532112e+00,0.000000000000000000e+00,5.201768530055447926e+00,6.462942165213680923e+00
-9.155014386112526381e+02,-8.200211301803019524e+02,-2.509728227424802505e+00,-9.101839910592380178e+00,-6.662311891300005229e+00,0.000000000000000000e+00,5.201768591886811066e+00,6.462942165120010962e+00
-9.164116226014072026e+02,-8.206873613694310734e+02,-2.509728227424840696e+00,-9.101839886467496754e+00,-6.662311891405019004e+00,0.000000000000000000e+00,5.201768779687633071e+00,6.462942165330702871e+00
-9.173218065915605166e+02,-8.213535925585761106e+02,-2.509728227424826041e+00,-9.101839899260664168e+00,-6.662311891377695083e+00,0.000000000000000000e+00,5.201769000141474919e+00,6.462942165274098372e+00
-9.182319905817143990e+02,-8.220198237477341081e+02,-2.509728227424735003e+00,-9.101839913615558331e+00,-6.662311891506084827e+00,0.000000000000000000e+00,5.201768940132491359e+00,6.462942165121497773e+00
-9.191421745718701004e+02,-8.226860549368587954e+02,-2.509728227424577351e+00,-9.101839903321058856e+00,-6.662311891091682092e+00,0.000000000000000000e+00,5.201769418712553161e+00,6.462942165246574611e+00
-9.200523585620260292e+02,-8.233522861260036052e+02,-2.509728227424534719e+00,-9.101839907663597629e+00,-6.662311891268982045e+00,0.000000000000000000e+00,5.201768744136936462e+00,6.462942165297699049e+00
-9.209625425521786610e+02,-8.240185173151495519e+02,-2.509728227424504077e+00,-9.101839908404157242e+00,-6.662311891535208197e+00,0.000000000000000000e+00,5.201769149304685591e+00,6.462942165459701016e+00
-9.218727265423318613e+02,-8.246847485042916333e+02,-2.509728227424763425e+00,-9.101839911365971147e+00,-6.662311891583403423e+00,0.000000000000000000e+00,5.201768457637869325e+00,6.462942165122872673e+00
-9.227829105324857437e+02,-8.253509796934208680e+02,-2.509728227424556479e+00,-9.101839909598179901e+00,-6.662311891281298415e+00,0.000000000000000000e+00,5.201768003899749360e+00,6.462942165197754996e+00
-9.236930945226405356e+02,-8.260172108825788655e+02,-2.509728227424558256e+00,-9.101839902287695239e+00,-6.662311891410773512e+00,0.000000000000000000e+00,5.201768902088010016e+00,6.462942165314497167e+00
-9.246032785127944180e+02,-8.266834420717065086e+02,-2.509728227424558700e+00,-9.101839902668618976e+00,-6.662311891356240245e+00,0.000000000000000000e+00,5.201768546944173899e+00,6.462942165353592117e+00
-9.255134625029477320e+02,-8.273496732608634829e+02,-2.509728227424801617e+00,-9.101839902186988240e+00,-6.662311891329144586e+00,0.000000000000000000e+00,5.201768691987830984e+00,6.462942165094711200e+00
-9.264236464931009323e+02,-8.280159044500063601e+02,-2.509728227424577796e+00,-9.101839907659588391e+00,-6.662311891505187766e+00,0.000000000000000000e+00,5.201768636147556357e+00,6.462942165429428343e+00
-9.273338304832558379e+02,-8.286821356391543532e+02,-2.509728227424583569e+00,-9.101839901706025415e+00,-6.662311891437040501e+00,0.000000000000000000e+00,5.201768446361880294e+00,6.462942165313473986e+00
-9.282440144734109708e+02,-8.293483668282868848e+02,-2.509728227424696367e+00,-9.101839905244000661e+00,-6.662311891179165002e+00,0.000000000000000000e+00,5.201768947796018949e+00,6.462942165350070489e+00
-9.291541984635642848e+02,-8.300145980174230544e+02,-2.509728227424693259e+00,-9.101839901262250621e+00,-6.662311891101928119e+00,0.000000000000000000e+00,5.201768861253196263e+00,6.462942165261674532e+00
-9.300643824537182809e+02,-8.306808292065613841e+02,-2.509728227424672831e+00,-9.101839906306361527e+00,-6.662311891330617186e+00,0.000000000000000000e+00,5.201768833134648773e+00,6.462942165288994900e+00
-9.309745664438730728e+02,-8.313470603957015328e+02,-2.509728227424653291e+00,-9.101839902751040157e+00,-6.662311891557979315e+00,0.000000000000000000e+00,5.201769449599832562e+00,6.462942165299838670e+00
-9.318847504340282057e+02,-8.320132915848458879e+02,-2.509728227424544489e+00,-9.101839911435428476e+00,-6.662311891365001237e+00,0.000000000000000000e+00,5.201768116875433279e+00,6.462942165233825698e+00
-9.327949344241814060e+02,-8.326795227740054770e+02,-2.509728227424751879e+00,-9.101839905039668110e+00,-6.662311891478232440e+00,0.000000000000000000e+00,5.201768868264853296e+00,6.462942165448242626e+00
-9.337051184143340379e+02,-8.333457539631276632e+02,-2.509728227424619096e+00,-9.101839902395719051e+00,-6.662311891631472527e+00,0.000000000000000000e+00,5.201768612082822152e+00,6.462942165120489690e+00
-9.346153024044897393e+02,-8.340119851522813406e+02,-2.509728227424629310e+00,-9.101839894231979144e+00,-6.662311891414941734e+00,0.000000000000000000e+00,5.201768955536385519e+00,6.462942165349556234e+00
-9.355254863946445312e+02,-8.346782163414193292e+02,-2.509728227424696367e+00,-9.101839900036683417e+00,-6.662311891436991651e+00,0.000000000000000000e+00,5.201768666781878991e+00,6.462942165271193140e+00
-9.364356703847980725e+02,-8.353444475305650485e+02,-2.509728227424712799e+00,-9.101839905256628782e+00,-6.662311891305344957e+00,0.000000000000000000e+00,5.201769264828307371e+00,6.462942165191372546e+00
-9.373458543749521823e+02,-8.360106787197092899e+02,-2.509728227424496527e+00,-9.101839894186701585e+00,-6.662311891442389111e+00,0.000000000000000000e+00,5.201768640678315236e+00,6.462942165227029356e+00
-9.382560383651059510e+02,-8.366769099088317034e+02,-2.509728227424912639e+00,-9.101839910872477901e+00,-6.662311891363997596e+00,0.000000000000000000e+00,5.201769151581391526e+00,6.462942165168107600e+00
-9.391662223552593787e+02,-8.373431410979841303e+02,-2.509728227424539604e+00,-9.101839895279212556e+00,-6.662311891351783366e+00,0.000000000000000000e+00,5.201768354525172278e+00,6.462942165178521492e+00
-9.400764063454141706e+02,-8.380093722871214368e+02,-2.509728227424647518e+00,-9.101839888330367501e+00,-6.662311891507952666e+00,0.000000000000000000e+00,5.201769091430826997e+00,6.462942165245673998e+00
-9.409865903355675982e+02,-8.386756034762727268e+02,-2.509728227424704361e+00,-9.101839901491519669e+00,-6.662311891244873330e+00,0.000000000000000000e+00,5.201768689693280656e+00,6.462942165189959454e+00
-9.418967743257222764e+02,-8.393418346654103743e+02,-2.509728227424719016e+00,-9.101839888415094393e+00,-6.662311891391800245e+00,0.000000000000000000e+00,5.201768601877076570e+00,6.462942165248504622e+00
-9.428069583158786600e+02,-8.400080658545581400e+02,-2.509728227424498748e+00,-9.101839888047221550e+00,-6.662311891332195479e+00,0.000000000000000000e+00,5.201768661213914235e+00,6.462942165225832980e+00
-9.437171423060292454e+02,-8.406742970436998803e+02,-2.509728227424694147e+00,-9.101839910701436054e+00,-6.662311891244200091e+00,0.000000000000000000e+00,5.201768909471269353e+00,6.462942165291788221e+00
-9.446273262961829005e+02,-8.413405282328450312e+02,-2.509728227424544489e+00,-9.101839891372463853e+00,-6.662311891785842377e+00,0.000000000000000000e+00,5.201768475556724169e+00,6.462942165376100334e+00
-9.455375102863382608e+02,-8.420067594219736975e+02,-2.509728227424625757e+00,-9.101839905083281224e+00,-6.662311891583951429e+00,0.000000000000000000e+00,5.201768376849662978e+00,6.462942165380558990e+00
-9.464476942764923706e+02,-8.426729906111283981e+02,-2.509728227424797176e+00,-9.101839899992542726e+00,-6.662311891022932642e+00,0.000000000000000000e+00,5.201769264662370773e+00,6.462942165294019325e+00
-9.473578782666464804e+02,-8.433392218002652498e+02,-2.509728227424717240e+00,-9.101839908472532770e+00,-6.662311891494170801e+00,0.000000000000000000e+00,5.201768745416932127e+00,6.462942165192290034e+00
-9.482680622568005901e+02,-8.440054529894174493e+02,-2.509728227424560920e+00,-9.101839905840789058e+00,-6.662311891405789943e+00,0.000000000000000000e+00,5.201768479896867525e+00,6.462942165398207095e+00
-9.491782462469543589e+02,-8.446716841785596444e+02,-2.509728227424727010e+00,-9.101839901775900188e+00,-6.662311891473978953e+00,0.000000000000000000e+00,5.201768563157038727e+00,6.462942165098158220e+00
-9.500884302371086960e+02,-8.453379153676943361e+02,-2.509728227424690150e+00,-9.101839908667258783e+00,-6.662311891449093082e+00,0.000000000000000000e+00,5.201768577037826802e+00,6.462942165180401766e+00
-9.509986142272637153e+02,-8.460041465568278909e+02,-2.509728227424637303e+00,-9.101839912551849210e+00,-6.662311891386187845e+00,0.000000000000000000e+00,5.201768877479697295e+00,6.462942165178336751e+00
-9.519087982174174840e+02,-8.466703777459645153e+02,-2.509728227424711466e+00,-9.101839894590316504e+00,-6.662311891427649790e+00,0.000000000000000000e+00,5.201769243760192118e+00,6.462942165286020391e+00
-9.528189822075710254e+02,-8.473366089351280834e+02,-2.509728227424610214e+00,-9.101839915831785532e+00,-6.662311891627904714e+00,0.000000000000000000e+00,5.201769297373973977e+00,6.462942165287313578e+00
-9.537291661977254762e+02,-8.480028401242572045e+02,-2.509728227424828706e+00,-9.101839905665849884e+00,-6.662311891086280191e+00,0.000000000000000000e+00,5.201768449770776570e+00,6.462942165361332592e+00
-9.546393501878791312e+02,-8.486690713134013322e+02,-2.509728227424589786e+00,-9.101839901744378736e+00,-6.662311891289684596e+00,0.000000000000000000e+00,5.201768831425436446e+00,6.462942165167111064e+00
-9.555495341780324452e+02,-8.493353025025393208e+02,-2.509728227424654179e+00,-9.101839904602927689e+00,-6.662311891531219388e+00,0.000000000000000000e+00,5.201768349294558114e+00,6.462942165104667680e+00
-9.564597181681875782e+02,-8.500015336916976594e+02,-2.509728227424767422e+00,-9.101839898229759029e+00,-6.662311891500469763e+00,0.000000000000000000e+00,5.201768749897000887e+00,6.462942165247933524e+00
-9.573699021583418016e+02,-8.506677648808240519e+02,-2.509728227424852687e+00,-9.101839898547174457e+00,-6.662311891203966496e+00,0.000000000000000000e+00,5.201768400571478601e+00,6.462942165372361103e+00
-9.582800861484957977e+02,-8.513339960699671565e+02,-2.509728227424628866e+00,-9.101839910957085777e+00,-6.662311891254718788e+00,0.000000000000000000e+00,5.201768135727438569e+00,6.462942165296984953e+00
-9.591902701386507033e+02,-8.520002272591133305e+02,-2.509728227424502300e+00,-9.101839900700566588e+00,-6.662311891547289200e+00,0.000000000000000000e+00,5.201768957362207679e+00,6.462942165251235771e+00
-9.601004541288033352e+02,-8.526664584482613236e+02,-2.509728227424795399e+00,-9.101839897366312826e+00,-6.662311891214223181e+00,0.000000000000000000e+00,5.201768979996503006e+00,6.462942165212181678e+00
-9.610106381189594913e+02,-8.533326896373978343e+02,-2.509728227424604885e+00,-9.101839914527960929e+00,-6.662311891432860733e+00,0.000000000000000000e+00,5.201768991320024682e+00,6.462942165196346345e+00
-9.619208221091141695e+02,-8.539989208265446905e+02,-2.509728227424697700e+00,-9.101839900676221617e+00,-6.662311891445421352e+00,0.000000000000000000e+00,5.201769001758800748e+00,6.462942165254964344e+00
-9.628310060992673698e+02,-8.546651520156954120e+02,-2.509728227424634639e+00,-9.101839899332999195e+00,-6.662311891541249587e+00,0.000000000000000000e+00,5.201769238182524013e+00,6.462942165239740078e+00
-9.637411900894206838e+02,-8.553313832048190761e+02,-2.509728227424764313e+00,-9.101839907672591323e+00,-6.662311891547635589e+00,0.000000000000000000e+00,5.201768509236130988e+00,6.462942165241456927e+00
-9.646513740795759304e+02,-8.559976143939728672e+02,-2.509728227424677272e+00,-9.101839904067279718e+00,-6.662311891532961106e+00,0.000000000000000000e+00,5.201768508775446165e+00,6.462942165355277879e+00
-9.655615580697274254e+02,-8.566638455831122201e+02,-2.509728227424610658e+00,-9.101839895174737904e+00,-6.662311891522272767e+00,0.000000000000000000e+00,5.201769069055952599e+00,6.462942165341018175e+00
-9.664717420598821036e+02,-8.573300767722671480e+02,-2.509728227424529390e+00,-9.101839887204405954e+00,-6.662311891257499674e+00,0.000000000000000000e+00,5.201768711494274555e+00,6.462942165171465803e+00
-9.673819260500365544e+02,-8.579963079613884247e+02,-2.509728227424644853e+00,-9.101839898061424350e+00,-6.662311891419770760e+00,0.000000000000000000e+00,5.201769243656860553e+00,6.462942165282612450e+00
-9.682921100401906642e+02,-8.586625391505469906e+02,-2.509728227424688818e+00,-9.101839905141085652e+00,-6.662311891196366354e+00,0.000000000000000000e+00,5.201768703046817599e+00,6.462942165166404962e+00
-9.692022940303453424e+02,-8.593287703396753159e+02,-2.509728227424813607e+00,-9.101839897353301012e+00,-6.662311891194454994e+00,0.000000000000000000e+00,5.201769173625331533e+00,6.462942165159753394e+00
-9.701124780205003617e+02,-8.599950015288193299e+02,-2.509728227424585345e+00,-9.101839888616815699e+00,-6.662311891900341898e+00,0.000000000000000000e+00,5.201768319524430417e+00,6.462942165364116143e+00
-9.710226620106544715e+02,-8.606612327179551585e+02,-2.509728227424511182e+00,-9.101839906568573113e+00,-6.662311891563835964e+00,0.000000000000000000e+00,5.201768454057385860e+00,6.462942165311531539e+00
-9.719328460008068760e+02,-8.613274639071056527e+02,-2.509728227424600888e+00,-9.101839909001247619e+00,-6.662311891503336803e+00,0.000000000000000000e+00,5.201769407377695664e+00,6.462942165399170769e+00
-9.728430299909621226e+02,-8.619936950962470519e+02,-2.509728227424593783e+00,-9.101839904298289596e+00,-6.662311891452434409e+00,0.000000000000000000e+00,5.201768449731387634e+00,6.462942165286648333e+00
-9.737532139811171419e+02,-8.626599262853841310e+02,-2.509728227424471214e+00,-9.101839905013584087e+00,-6.662311891226467608e+00,0.000000000000000000e+00,5.201768583703893611e+00,6.462942165339328859e+00
-9.746633979712693190e+02,-8.633261574745262124e+02,-2.509728227424655067e+00,-9.101839911422375806e+00,-6.662311891486922377e+00,0.000000000000000000e+00,5.201769141028785626e+00,6.462942165253428684e+00
-9.755735819614249067e+02,-8.639923886636684074e+02,-2.509728227424655067e+00,-9.101839904182165597e+00,-6.662311891605028791e+00,0.000000000000000000e+00,5.201768594579204041e+00,6.462942165315580745e+00
-9.764837659515803807e+02,-8.646586198528073055e+02,-2.509728227424634639e+00,-9.101839909148282004e+00,-6.662311891602285208e+00,0.000000000000000000e+00,5.201768876608592329e+00,6.462942165225453728e+00
-9.773939499417319894e+02,-8.653248510419483637e+02,-2.509728227424641744e+00,-9.101839897495441534e+00,-6.662311891315251700e+00,0.000000000000000000e+00,5.201769063858579401e+00,6.462942165238710679e+00
-9.783041339318865539e+02,-8.659910822310905587e+02,-2.509728227424452118e+00,-9.101839900007009376e+00,-6.662311891381579976e+00,0.000000000000000000e+00,5.201768804636555998e+00,6.462942165188477972e+00
-9.792143179220404363e+02,-8.666573134202396886e+02,-2.509728227424562697e+00,-9.101839901507990049e+00,-6.662311891466688785e+00,0.000000000000000000e+00,5.201768837248374133e+00,6.462942165359302216e+00
-9.801245019121940913e+02,-8.673235446093842711e+02,-2.509728227424697256e+00,-9.101839907323771683e+00,-6.662311890884594412e+00,0.000000000000000000e+00,5.201769013437493427e+00,6.462942165282555607e+00
-9.810346859023478601e+02,-8.679897757985260114e+02,-2.509728227424625313e+00,-9.101839911685665641e+00,-6.662311891401615505e+00,0.000000000000000000e+00,5.201769011785446040e+00,6.462942165355108237e+00
-9.819448698925024246e+02,-8.686560069876596799e+02,-2.509728227424817604e+00,-9.101839908372131305e+00,-6.662311891523279073e+00,0.000000000000000000e+00,5.201768892815995748e+00,6.462942165126178473e+00
-9.828550538826580123e+02,-8.693222381768050582e+02,-2.509728227424619984e+00,-9.101839914475954529e+00,-6.662311891596934821e+00,0.000000000000000000e+00,5.201769138957447858e+00,6.462942165329710775e+00
-9.837652378728117810e+02,-8.699884693659461163e+02,-2.509728227424508074e+00,-9.101839890296346880e+00,-6.662311891514131723e+00,0.000000000000000000e+00,5.201769102345442874e+00,6.462942165259072169e+00
-9.846754218629660045e+02,-8.706547005550855829e+02,-2.509728227424532498e+00,-9.101839901133008226e+00,-6.662311891652271001e+00,0.000000000000000000e+00,5.201769005081516184e+00,6.462942165250822768e+00
-9.855856058531200006e+02,-8.713209317442291422e+02,-2.509728227424573355e+00,-9.101839890457092963e+00,-6.662311891404134379e+00,0.000000000000000000e+00,5.201768505676392707e+00,6.462942165237395287e+00
-9.864957898432736556e+02,-8.719871629333765668e+02,-2.509728227424685709e+00,-9.101839906778245393e+00,-6.662311891333692948e+00,0.000000000000000000e+00,5.201769040542894906e+00,6.462942165327561383e+00
-9.874059738334273106e+02,-8.726533941225169428e+02,-2.509728227424732783e+00,-9.101839890230543517e+00,-6.662311891312227452e+00,0.000000000000000000e+00,5.201768869707202647e+00,6.462942165440638931e+00
-9.883161578235801699e+02,-8.733196253116733487e+02,-2.509728227424565361e+00,-9.101839916519354645e+00,-6.662311891426669241e+00,0.000000000000000000e+00,5.201768397639941810e+00,6.462942165394652605e+00
-9.892263418137354165e+02,-8.739858565007976949e+02,-2.509728227424840696e+00,-9.101839908714531191e+00,-6.662311891311601286e+00,0.000000000000000000e+00,5.201769126165007862e+00,6.462942165383531723e+00
-9.901365258038911179e+02,-8.746520876899401173e+02,-2.509728227424675051e+00,-9.101839906748002917e+00,-6.662311891129890640e+00,0.000000000000000000e+00,5.201768500102945225e+00,6.462942165388819937e+00
-9.910467097940421581e+02,-8.753183188790910663e+02,-2.509728227424655067e+00,-9.101839914860002878e+00,-6.662311891121770024e+00,0.000000000000000000e+00,5.201769069327919937e+00,6.462942165132566252e+00
-9.919568937841982006e+02,-8.759845500682215516e+02,-2.509728227424577351e+00,-9.101839901100248653e+00,-6.662311891374557149e+00,0.000000000000000000e+00,5.201768787477749179e+00,6.462942165182138154e+00
-9.928670777743523104e+02,-8.766507812573656793e+02,-2.509728227424703029e+00,-9.101839904310439877e+00,-6.662311891213968273e+00,0.000000000000000000e+00,5.201768533051060572e+00,6.462942165207338441e+00
-9.937772617645074433e+02,-8.773170124465184472e+02,-2.509728227424809610e+00,-9.101839901476992623e+00,-6.662311891464907099e+00,0.000000000000000000e+00,5.201768278164125014e+00,6.462942165274768946e+00
-9.946874457546609847e+02,-8.779832436356555263e+02,-2.509728227424725677e+00,-9.101839914974775070e+00,-6.662311891106076800e+00,0.000000000000000000e+00,5.201768968008455118e+00,6.462942165343690704e+00
-9.955976297448133892e+02,-8.786494748247965845e+02,-2.509728227424720348e+00,-9.101839904643403756e+00,-6.662311891376801576e+00,0.000000000000000000e+00,5.201769014742643193e+00,6.462942165321023502e+00
-9.965078137349680674e+02,-8.793157060139398027e+02,-2.509728227424540048e+00,-9.101839896639786431e+00,-6.662311891484346660e+00,0.000000000000000000e+00,5.201768774018475483e+00,6.462942165099477165e+00
-9.974179977251232003e+02,-8.799819372030776776e+02,-2.509728227424758540e+00,-9.101839898405929219e+00,-6.662311891637354044e+00,0.000000000000000000e+00,5.201768634970499683e+00,6.462942165257193672e+00
-9.983281817152776512e+02,-8.806481683922329466e+02,-2.509728227424641744e+00,-9.101839903871816517e+00,-6.662311891526702112e+00,0.000000000000000000e+00,5.201768931194163947e+00,6.462942165240839643e+00
-9.992383657054299420e+02,-8.813143995813580887e+02,-2.509728227424655511e+00,-9.101839908943142987e+00,-6.662311891407481035e+00,0.000000000000000000e+00,5.201768509153578357e+00,6.462942165254980331e+00
-1.000148549695584393e+03,-8.819806307705071049e+02,-2.509728227424549818e+00,-9.101839906556374871e+00,-6.662311891266210928e+00,0.000000000000000000e+00,5.201769005246604571e+00,6.462942165400509253e+00
-1.001058733685740094e+03,-8.826468619596488452e+02,-2.509728227424700808e+00,-9.101839888724196470e+00,-6.662311891583209800e+00,0.000000000000000000e+00,5.201768903535960220e+00,6.462942165290935570e+00
-1.001968917675891817e+03,-8.833130931487938824e+02,-2.509728227424726121e+00,-9.101839901735795380e+00,-6.662311891456676349e+00,0.000000000000000000e+00,5.201768771627448551e+00,6.462942165272272277e+00
-1.002879101666046836e+03,-8.839793243379378964e+02,-2.509728227424566693e+00,-9.101839917225683863e+00,-6.662311891171456502e+00,0.000000000000000000e+00,5.201768979021453632e+00,6.462942165274260908e+00
-1.003789285656201287e+03,-8.846455555270723607e+02,-2.509728227424680380e+00,-9.101839908641295551e+00,-6.662311891551595089e+00,0.000000000000000000e+00,5.201769207489530977e+00,6.462942165109853754e+00
-1.004699469646354942e+03,-8.853117867162036418e+02,-2.509728227424643521e+00,-9.101839895990369911e+00,-6.662311891074497616e+00,0.000000000000000000e+00,5.201768972582840433e+00,6.462942165265306294e+00
-1.005609653636509165e+03,-8.859780179053562961e+02,-2.509728227424583125e+00,-9.101839914923299801e+00,-6.662311891490523053e+00,0.000000000000000000e+00,5.201769335492081758e+00,6.462942165313354970e+00
-1.006519837626664298e+03,-8.866442490945042891e+02,-2.509728227424663505e+00,-9.101839907432339061e+00,-6.662311891324235624e+00,0.000000000000000000e+00,5.201768966320275744e+00,6.462942165218742652e+00
-1.007430021616817726e+03,-8.873104802836543286e+02,-2.509728227424680824e+00,-9.101839897902788579e+00,-6.662311891238775097e+00,0.000000000000000000e+00,5.201768601113013979e+00,6.462942165256896132e+00
-1.008340205606971836e+03,-8.879767114727929993e+02,-2.509728227424675939e+00,-9.101839904716438667e+00,-6.662311891370734429e+00,0.000000000000000000e+00,5.201769331326059564e+00,6.462942165208736434e+00
-1.009250389597126627e+03,-8.886429426619343985e+02,-2.509728227424836700e+00,-9.101839911761688384e+00,-6.662311891280229048e+00,0.000000000000000000e+00,5.201769188386945686e+00,6.462942165351293511e+00
-1.010160573587280737e+03,-8.893091738510580626e+02,-2.509728227424888214e+00,-9.101839905856721202e+00,-6.662311891485225956e+00,0.000000000000000000e+00,5.201768675671996967e+00,6.462942165348436241e+00
-1.011070757577435074e+03,-8.899754050402069652e+02,-2.509728227424725233e+00,-9.101839912773510122e+00,-6.662311891300996436e+00,0.000000000000000000e+00,5.201768853650305502e+00,6.462942165380127335e+00
-1.011980941567588161e+03,-8.906416362293556404e+02,-2.509728227424619096e+00,-9.101839895208787112e+00,-6.662311891553037491e+00,0.000000000000000000e+00,5.201768515314488361e+00,6.462942165410503037e+00
-1.012891125557741589e+03,-8.913078674184911279e+02,-2.509728227424658176e+00,-9.101839897129742951e+00,-6.662311891435920508e+00,0.000000000000000000e+00,5.201768914966352853e+00,6.462942165267040018e+00
-1.013801309547896722e+03,-8.919740986076398030e+02,-2.509728227424567581e+00,-9.101839914572739332e+00,-6.662311891173529510e+00,0.000000000000000000e+00,5.201769056433460214e+00,6.462942165265642913e+00
-1.014711493538051627e+03,-8.926403297967700610e+02,-2.509728227424718572e+00,-9.101839899856438265e+00,-6.662311891406493380e+00,0.000000000000000000e+00,5.201768891389052740e+00,6.462942165205920020e+00
-1.015621677528206874e+03,-8.933065609859153255e+02,-2.509728227424667946e+00,-9.101839907752333758e+00,-6.662311891459528290e+00,0.000000000000000000e+00,5.201769379276000471e+00,6.462942165393113392e+00
-1.016531861518359278e+03,-8.939727921750630912e+02,-2.509728227424484093e+00,-9.101839913526127646e+00,-6.662311891355204629e+00,0.000000000000000000e+00,5.201769096291405603e+00,6.462942165325337385e+00
-1.017442045508514639e+03,-8.946390233642091516e+02,-2.509728227424812275e+00,-9.101839892793126552e+00,-6.662311891516018214e+00,0.000000000000000000e+00,5.201768879634241394e+00,6.462942165165179276e+00
-1.018352229498666929e+03,-8.953052545533594184e+02,-2.509728227424706581e+00,-9.101839914683880650e+00,-6.662311891492367799e+00,0.000000000000000000e+00,5.201768812361275529e+00,6.462942165122441907e+00
-1.019262413488819675e+03,-8.959714857424942238e+02,-2.509728227424575575e+00,-9.101839905450624713e+00,-6.662311891432186606e+00,0.000000000000000000e+00,5.201768995530615669e+00,6.462942165265561201e+00
-1.020172597478975149e+03,-8.966377169316365325e+02,-2.509728227424664393e+00,-9.101839910164134295e+00,-6.662311891543418518e+00,0.000000000000000000e+00,5.201768293842578217e+00,6.462942165391568849e+00
-1.021082781469129714e+03,-8.973039481207575818e+02,-2.509728227424543157e+00,-9.101839905389857321e+00,-6.662311891294394606e+00,0.000000000000000000e+00,5.201769314240196174e+00,6.462942165095723723e+00
-1.021992965459284278e+03,-8.979701793099138740e+02,-2.509728227424620872e+00,-9.101839900904847624e+00,-6.662311891496883298e+00,0.000000000000000000e+00,5.201768390966334366e+00,6.462942165209707213e+00
-1.022903149449436796e+03,-8.986364104990531132e+02,-2.509728227424814939e+00,-9.101839907651386952e+00,-6.662311891631567562e+00,0.000000000000000000e+00,5.201768616501673215e+00,6.462942165298493080e+00
-1.023813333439591247e+03,-8.993026416882028116e+02,-2.509728227424727898e+00,-9.101839904308588913e+00,-6.662311891405390263e+00,0.000000000000000000e+00,5.201768680801808209e+00,6.462942165237357983e+00
-1.024723517429747062e+03,-8.999688728773388675e+02,-2.509728227424535163e+00,-9.101839888453801208e+00,-6.662311891579727252e+00,0.000000000000000000e+00,5.201768637271415585e+00,6.462942165287783425e+00
-1.025633701419900035e+03,-9.006351040664862921e+02,-2.509728227424753211e+00,-9.101839903636220086e+00,-6.662311891473858161e+00,0.000000000000000000e+00,5.201769013446750911e+00,6.462942165450340504e+00
-1.026543885410054145e+03,-9.013013352556216660e+02,-2.509728227424706137e+00,-9.101839906032747507e+00,-6.662311891006723386e+00,0.000000000000000000e+00,5.201769129745955844e+00,6.462942165267887340e+00
-1.027454069400207800e+03,-9.019675664447748886e+02,-2.509728227424516067e+00,-9.101839912276341593e+00,-6.662311891495317440e+00,0.000000000000000000e+00,5.201768805826892716e+00,6.462942165261699401e+00
-1.028364253390363501e+03,-9.026337976339102624e+02,-2.509728227424711022e+00,-9.101839889788097437e+00,-6.662311891347142634e+00,0.000000000000000000e+00,5.201769285365950957e+00,6.462942165470017208e+00
-1.029274437380516247e+03,-9.033000288230535944e+02,-2.509728227424586677e+00,-9.101839917494979559e+00,-6.662311891336669234e+00,0.000000000000000000e+00,5.201768507896619376e+00,6.462942165056142940e+00
-1.030184621370671721e+03,-9.039662600121914693e+02,-2.509728227424846914e+00,-9.101839895052213691e+00,-6.662311891382705298e+00,0.000000000000000000e+00,5.201768297692525245e+00,6.462942165398475325e+00
-1.031094805360826058e+03,-9.046324912013380981e+02,-2.509728227424665281e+00,-9.101839883755198812e+00,-6.662311891579292933e+00,0.000000000000000000e+00,5.201768780546278670e+00,6.462942165238134251e+00
-1.032004989350978349e+03,-9.052987223904766552e+02,-2.509728227424694591e+00,-9.101839901312215986e+00,-6.662311891424288923e+00,0.000000000000000000e+00,5.201768357796095366e+00,6.462942165338435352e+00
-1.032915173341133368e+03,-9.059649535796252167e+02,-2.509728227424377511e+00,-9.101839899437395687e+00,-6.662311891304627309e+00,0.000000000000000000e+00,5.201768731562960824e+00,6.462942165154661467e+00
-1.033825357331287250e+03,-9.066311847687690033e+02,-2.509728227424575131e+00,-9.101839895958715232e+00,-6.662311891437616040e+00,0.000000000000000000e+00,5.201768751453462514e+00,6.462942165352167478e+00
-1.034735541321441815e+03,-9.072974159579013076e+02,-2.509728227424772751e+00,-9.101839910192344618e+00,-6.662311891322108437e+00,0.000000000000000000e+00,5.201769312642569254e+00,6.462942165284232487e+00
-1.035645725311596379e+03,-9.079636471470259949e+02,-2.509728227424675939e+00,-9.101839904805602899e+00,-6.662311891263073882e+00,0.000000000000000000e+00,5.201768994178679328e+00,6.462942165398859018e+00
-1.036555909301749580e+03,-9.086298783361833102e+02,-2.509728227424671942e+00,-9.101839902865245691e+00,-6.662311891022162591e+00,0.000000000000000000e+00,5.201769182626983401e+00,6.462942165212914425e+00
-1.037466093291904144e+03,-9.092961095253311896e+02,-2.509728227424476543e+00,-9.101839907737080182e+00,-6.662311891696651500e+00,0.000000000000000000e+00,5.201768895360767253e+00,6.462942165339081946e+00
-1.038376277282059846e+03,-9.099623407144806606e+02,-2.509728227424744773e+00,-9.101839919927893874e+00,-6.662311891055582080e+00,0.000000000000000000e+00,5.201768323152855977e+00,6.462942165278653839e+00
-1.039286461272212819e+03,-9.106285719036217188e+02,-2.509728227424732783e+00,-9.101839905033855871e+00,-6.662311891270323194e+00,0.000000000000000000e+00,5.201769172248777551e+00,6.462942165227298474e+00
-1.040196645262365564e+03,-9.112948030927550462e+02,-2.509728227424721680e+00,-9.101839889641569314e+00,-6.662311891483487791e+00,0.000000000000000000e+00,5.201768761291959642e+00,6.462942165200948885e+00
-1.041106829252519447e+03,-9.119610342818991739e+02,-2.509728227424686153e+00,-9.101839914869007231e+00,-6.662311891250596751e+00,0.000000000000000000e+00,5.201768530665131784e+00,6.462942165223911850e+00
-1.042017013242672874e+03,-9.126272654710350025e+02,-2.509728227424655067e+00,-9.101839901799273491e+00,-6.662311891416525356e+00,0.000000000000000000e+00,5.201769076828134608e+00,6.462942165300373354e+00
-1.042927197232828576e+03,-9.132934966601796987e+02,-2.509728227424522728e+00,-9.101839896914414751e+00,-6.662311891494291594e+00,0.000000000000000000e+00,5.201769282880133183e+00,6.462942165361720726e+00
-1.043837381222981548e+03,-9.139597278493308750e+02,-2.509728227424600000e+00,-9.101839904656744196e+00,-6.662311891341031966e+00,0.000000000000000000e+00,5.201769099024968313e+00,6.462942165255307181e+00
-1.044747565213136568e+03,-9.146259590384754574e+02,-2.509728227424677272e+00,-9.101839897240957100e+00,-6.662311891261836649e+00,0.000000000000000000e+00,5.201768635768374338e+00,6.462942165427906893e+00
-1.045657749203291360e+03,-9.152921902276044648e+02,-2.509728227424876668e+00,-9.101839891135938387e+00,-6.662311891599062896e+00,0.000000000000000000e+00,5.201769036054444406e+00,6.462942165328851019e+00
-1.046567933193445469e+03,-9.159584214167526852e+02,-2.509728227424658176e+00,-9.101839897673640323e+00,-6.662311891460308999e+00,0.000000000000000000e+00,5.201768738191702823e+00,6.462942165221467583e+00
-1.047478117183597988e+03,-9.166246526058895370e+02,-2.509728227424718128e+00,-9.101839901260223797e+00,-6.662311891434265831e+00,0.000000000000000000e+00,5.201768948627750078e+00,6.462942165198423794e+00
-1.048388301173753462e+03,-9.172908837950375300e+02,-2.509728227424771418e+00,-9.101839912971426472e+00,-6.662311891756794502e+00,0.000000000000000000e+00,5.201768630138699834e+00,6.462942165292749230e+00
-1.049298485163908936e+03,-9.179571149841783608e+02,-2.509728227424786517e+00,-9.101839903116895059e+00,-6.662311891506807804e+00,0.000000000000000000e+00,5.201769166071397166e+00,6.462942165202437472e+00
-1.050208669154060999e+03,-9.186233461733237391e+02,-2.509728227424659508e+00,-9.101839911792708904e+00,-6.662311891499265393e+00,0.000000000000000000e+00,5.201769182662780544e+00,6.462942165387675963e+00
-1.051118853144213745e+03,-9.192895773624536560e+02,-2.509728227424706581e+00,-9.101839890676888700e+00,-6.662311891173578360e+00,0.000000000000000000e+00,5.201769443997117826e+00,6.462942165167749664e+00
-1.052029037134368764e+03,-9.199558085516072197e+02,-2.509728227424702141e+00,-9.101839901713590919e+00,-6.662311891238726247e+00,0.000000000000000000e+00,5.201768476480213899e+00,6.462942165218526824e+00
-1.052939221124523556e+03,-9.206220397407591918e+02,-2.509728227424390390e+00,-9.101839885416064035e+00,-6.662311891391316188e+00,0.000000000000000000e+00,5.201768566959293238e+00,6.462942165122282034e+00
-1.053849405114677666e+03,-9.212882709298901318e+02,-2.509728227424688818e+00,-9.101839890639032760e+00,-6.662311891636892192e+00,0.000000000000000000e+00,5.201768362578186533e+00,6.462942165108986892e+00
-1.054759589104831548e+03,-9.219545021190134548e+02,-2.509728227424560920e+00,-9.101839907804219365e+00,-6.662311891602048952e+00,0.000000000000000000e+00,5.201768350507967043e+00,6.462942165308532161e+00
-1.055669773094986340e+03,-9.226207333081603110e+02,-2.509728227424630642e+00,-9.101839894541756237e+00,-6.662311891412136866e+00,0.000000000000000000e+00,5.201768857833240389e+00,6.462942165323671162e+00
-1.056579957085139768e+03,-9.232869644973134200e+02,-2.509728227424705249e+00,-9.101839898567183340e+00,-6.662311891553102328e+00,0.000000000000000000e+00,5.201768797287029678e+00,6.462942165326008848e+00
-1.057490141075293423e+03,-9.239531956864722133e+02,-2.509728227424639968e+00,-9.101839899753381147e+00,-6.662311891533946095e+00,0.000000000000000000e+00,5.201768553873511003e+00,6.462942165233559244e+00
-1.058400325065449351e+03,-9.246194268755938310e+02,-2.509728227424546265e+00,-9.101839904643492574e+00,-6.662311891180624279e+00,0.000000000000000000e+00,5.201768512691846702e+00,6.462942165393743998e+00
-1.059310509055601415e+03,-9.252856580647434157e+02,-2.509728227424679936e+00,-9.101839892334396609e+00,-6.662311891075395565e+00,0.000000000000000000e+00,5.201768533814391304e+00,6.462942165256027494e+00
-1.060220693045756661e+03,-9.259518892538825412e+02,-2.509728227424427249e+00,-9.101839901741326955e+00,-6.662311891453716939e+00,0.000000000000000000e+00,5.201769032242189894e+00,6.462942165267264727e+00
-1.061130877035909634e+03,-9.266181204430196203e+02,-2.509728227424683045e+00,-9.101839907783221051e+00,-6.662311890923209745e+00,0.000000000000000000e+00,5.201769181451931345e+00,6.462942165330751720e+00
-1.062041061026064426e+03,-9.272843516321757988e+02,-2.509728227424596003e+00,-9.101839895520374313e+00,-6.662311891271087916e+00,0.000000000000000000e+00,5.201769041746588940e+00,6.462942165453600118e+00
-1.062951245016218309e+03,-9.279505828213043515e+02,-2.509728227424704805e+00,-9.101839890802247979e+00,-6.662311891476195846e+00,0.000000000000000000e+00,5.201769220190437970e+00,6.462942165402586703e+00
-1.063861429006369917e+03,-9.286168140104493887e+02,-2.509728227424598668e+00,-9.101839903004533383e+00,-6.662311891685834375e+00,0.000000000000000000e+00,5.201768747742431920e+00,6.462942165194564659e+00
-1.064771612996527438e+03,-9.292830451995965859e+02,-2.509728227424747882e+00,-9.101839900696598207e+00,-6.662311891000157971e+00,0.000000000000000000e+00,5.201768830913881203e+00,6.462942165241690518e+00
-1.065681796986682457e+03,-9.299492763887404863e+02,-2.509728227424489866e+00,-9.101839909137668272e+00,-6.662311891491333071e+00,0.000000000000000000e+00,5.201768835864355012e+00,6.462942165147100404e+00
-1.066591980976835657e+03,-9.306155075778730179e+02,-2.509728227424529390e+00,-9.101839889429108155e+00,-6.662311891592907820e+00,0.000000000000000000e+00,5.201768874086925898e+00,6.462942165248630744e+00
-1.067502164966989767e+03,-9.312817387670226026e+02,-2.509728227424641744e+00,-9.101839906493502497e+00,-6.662311891075238357e+00,0.000000000000000000e+00,5.201768754276054452e+00,6.462942165264657923e+00
-1.068412348957144104e+03,-9.319479699561654797e+02,-2.509728227424600444e+00,-9.101839900679799200e+00,-6.662311891141711406e+00,0.000000000000000000e+00,5.201768659699805397e+00,6.462942165167877562e+00
-1.069322532947298214e+03,-9.326142011452967608e+02,-2.509728227424587121e+00,-9.101839906740460506e+00,-6.662311891447997070e+00,0.000000000000000000e+00,5.201768882383132286e+00,6.462942165185352472e+00
-1.070232716937452551e+03,-9.332804323344514614e+02,-2.509728227424689262e+00,-9.101839914891725059e+00,-6.662311891284210752e+00,0.000000000000000000e+00,5.201768717606502612e+00,6.462942165205904033e+00
-1.071142900927606206e+03,-9.339466635235869489e+02,-2.509728227424783853e+00,-9.101839895346339304e+00,-6.662311891288449139e+00,0.000000000000000000e+00,5.201769028677271756e+00,6.462942165268009020e+00
-1.072053084917759179e+03,-9.346128947127367610e+02,-2.509728227424630198e+00,-9.101839903487093153e+00,-6.662311891478089443e+00,0.000000000000000000e+00,5.201769079374015448e+00,6.462942165351029722e+00
-1.072963268907914880e+03,-9.352791259018785013e+02,-2.509728227424651070e+00,-9.101839892359643969e+00,-6.662311891260018548e+00,0.000000000000000000e+00,5.201769176251084481e+00,6.462942165194328403e+00
-1.073873452898068990e+03,-9.359453570910130793e+02,-2.509728227424605329e+00,-9.101839910168450842e+00,-6.662311891533051700e+00,0.000000000000000000e+00,5.201768882986881337e+00,6.462942165390014537e+00
-1.074783636888221508e+03,-9.366115882801583439e+02,-2.509728227424788738e+00,-9.101839896364710469e+00,-6.662311891502194605e+00,0.000000000000000000e+00,5.201768571102872940e+00,6.462942165184177412e+00
-1.075693820878376755e+03,-9.372778194693045180e+02,-2.509728227424798508e+00,-9.101839907358627357e+00,-6.662311891357384219e+00,0.000000000000000000e+00,5.201768491764791946e+00,6.462942165359577551e+00
-1.076604004868528818e+03,-9.379440506584335253e+02,-2.509728227424551150e+00,-9.101839909367457793e+00,-6.662311891462779023e+00,0.000000000000000000e+00,5.201768889285750319e+00,6.462942165314532694e+00
-1.077514188858685202e+03,-9.386102818475868617e+02,-2.509728227424810942e+00,-9.101839905850370727e+00,-6.662311891655613216e+00,0.000000000000000000e+00,5.201768954761820218e+00,6.462942165362675517e+00
-1.078424372848840903e+03,-9.392765130367253050e+02,-2.509728227424439240e+00,-9.101839913311744468e+00,-6.662311891549136611e+00,0.000000000000000000e+00,5.201768799834310286e+00,6.462942165359716107e+00
-1.079334556838992739e+03,-9.399427442258645442e+02,-2.509728227424602220e+00,-9.101839898581886246e+00,-6.662311891297557409e+00,0.000000000000000000e+00,5.201769136586854358e+00,6.462942165378303905e+00
-1.080244740829147759e+03,-9.406089754150120825e+02,-2.509728227424795399e+00,-9.101839902854260700e+00,-6.662311891239762751e+00,0.000000000000000000e+00,5.201768754748708368e+00,6.462942165288193763e+00
-1.081154924819302096e+03,-9.412752066041606440e+02,-2.509728227424564029e+00,-9.101839901500209606e+00,-6.662311891621441440e+00,0.000000000000000000e+00,5.201768881406602318e+00,6.462942165301642561e+00
-1.082065108809453932e+03,-9.419414377932988600e+02,-2.509728227424767866e+00,-9.101839903378525776e+00,-6.662311891614403514e+00,0.000000000000000000e+00,5.201768391128362090e+00,6.462942165526188276e+00
-1.082975292799608951e+03,-9.426076689824428740e+02,-2.509728227424609326e+00,-9.101839902605977528e+00,-6.662311891252627127e+00,0.000000000000000000e+00,5.201769241148338274e+00,6.462942165261789107e+00
-1.083885476789763516e+03,-9.432739001715689255e+02,-2.509728227424623981e+00,-9.101839896773032734e+00,-6.662311891251589735e+00,0.000000000000000000e+00,5.201769088372775407e+00,6.462942165363043223e+00
-1.084795660779917171e+03,-9.439401313607193060e+02,-2.509728227424773639e+00,-9.101839900494324453e+00,-6.662311891165206390e+00,0.000000000000000000e+00,5.201768143075858220e+00,6.462942165281363671e+00
-1.085705844770070144e+03,-9.446063625498533156e+02,-2.509728227424513847e+00,-9.101839900019845331e+00,-6.662311891278406506e+00,0.000000000000000000e+00,5.201768975354232438e+00,6.462942165380552773e+00
-1.086616028760226072e+03,-9.452725937389942601e+02,-2.509728227424525393e+00,-9.101839898255846606e+00,-6.662311891387293628e+00,0.000000000000000000e+00,5.201769484656082021e+00,6.462942165285655349e+00
-1.087526212750380409e+03,-9.459388249281547587e+02,-2.509728227424512514e+00,-9.101839888346704655e+00,-6.662311891477910919e+00,0.000000000000000000e+00,5.201769090507016635e+00,6.462942165290098018e+00
-1.088436396740532018e+03,-9.466050561172858124e+02,-2.509728227424705693e+00,-9.101839897527634449e+00,-6.662311891253454910e+00,0.000000000000000000e+00,5.201768803761266824e+00,6.462942165106862369e+00
-1.089346580730688856e+03,-9.472712873064128871e+02,-2.509728227424544045e+00,-9.101839906908526956e+00,-6.662311891375733097e+00,0.000000000000000000e+00,5.201768225755795783e+00,6.462942165303149800e+00
-1.090256764720842739e+03,-9.479375184955792975e+02,-2.509728227424683489e+00,-9.101839916171041267e+00,-6.662311891394161911e+00,0.000000000000000000e+00,5.201768907469991099e+00,6.462942165113559234e+00
-1.091166948710996621e+03,-9.486037496847052353e+02,-2.509728227424591562e+00,-9.101839900520689142e+00,-6.662311891204510950e+00,0.000000000000000000e+00,5.201768492855495474e+00,6.462942165172099074e+00
-1.092077132701150049e+03,-9.492699808738565252e+02,-2.509728227424577796e+00,-9.101839907247507355e+00,-6.662311891216562643e+00,0.000000000000000000e+00,5.201768697549046472e+00,6.462942165375221926e+00
-1.092987316691304841e+03,-9.499362120630007666e+02,-2.509728227424663949e+00,-9.101839905095030048e+00,-6.662311891156375232e+00,0.000000000000000000e+00,5.201769224010595494e+00,6.462942165283244833e+00
-1.093897500681458951e+03,-9.506024432521460312e+02,-2.509728227424677716e+00,-9.101839912961514401e+00,-6.662311891160858757e+00,0.000000000000000000e+00,5.201768783241933924e+00,6.462942165312594689e+00
-1.094807684671613515e+03,-9.512686744412876578e+02,-2.509728227424583125e+00,-9.101839900555919627e+00,-6.662311891452579182e+00,0.000000000000000000e+00,5.201768655937089925e+00,6.462942165275920914e+00
-1.095717868661766033e+03,-9.519349056304267833e+02,-2.509728227424782521e+00,-9.101839894180995927e+00,-6.662311891449459900e+00,0.000000000000000000e+00,5.201768947744993987e+00,6.462942165378704473e+00
-1.096628052651919461e+03,-9.526011368195690920e+02,-2.509728227424556923e+00,-9.101839914216256489e+00,-6.662311891392422858e+00,0.000000000000000000e+00,5.201768497289450011e+00,6.462942165299314645e+00
-1.097538236642074935e+03,-9.532673680087098091e+02,-2.509728227424762981e+00,-9.101839905995541713e+00,-6.662311891289567356e+00,0.000000000000000000e+00,5.201768751057488593e+00,6.462942165305555875e+00
-1.098448420632228590e+03,-9.539335991978608718e+02,-2.509728227424635971e+00,-9.101839905945789511e+00,-6.662311891386432983e+00,0.000000000000000000e+00,5.201768652249906921e+00,6.462942165353921631e+00
-1.099358604622383154e+03,-9.545998303869956771e+02,-2.509728227424716351e+00,-9.101839894357761196e+00,-6.662311891240718431e+00,0.000000000000000000e+00,5.201768305092361544e+00,6.462942165352430379e+00
-1.100268788612536582e+03,-9.552660615761340068e+02,-2.509728227424770530e+00,-9.101839895344138398e+00,-6.662311891143163578e+00,0.000000000000000000e+00,5.201769144088870256e+00,6.462942165300199271e+00
-1.101178972602690010e+03,-9.559322927652819999e+02,-2.509728227424589786e+00,-9.101839897916233824e+00,-6.662311891513171602e+00,0.000000000000000000e+00,5.201769647513597938e+00,6.462942165362785651e+00
-1.102089156592846166e+03,-9.565985239544214664e+02,-2.509728227424762093e+00,-9.101839897215828756e+00,-6.662311891396498709e+00,0.000000000000000000e+00,5.201769156338465372e+00,6.462942165282320239e+00
-1.102999340582998911e+03,-9.572647551435477453e+02,-2.509728227424651958e+00,-9.101839899172318837e+00,-6.662311891422923793e+00,0.000000000000000000e+00,5.201769097654945107e+00,6.462942165258571237e+00
-1.103909524573152567e+03,-9.579309863327101766e+02,-2.509728227424676383e+00,-9.101839917557434489e+00,-6.662311891606989001e+00,0.000000000000000000e+00,5.201768772607778146e+00,6.462942165406847295e+00
-1.104819708563307586e+03,-9.585972175218475968e+02,-2.509728227424707914e+00,-9.101839903570855483e+00,-6.662311891461439650e+00,0.000000000000000000e+00,5.201768658363548958e+00,6.462942165305022968e+00
-1.105729892553461241e+03,-9.592634487110035479e+02,-2.509728227424743885e+00,-9.101839893797111003e+00,-6.662311891220927151e+00,0.000000000000000000e+00,5.201769007950207246e+00,6.462942165338649403e+00
-1.106640076543614896e+03,-9.599296799001363070e+02,-2.509728227424706137e+00,-9.101839897321250206e+00,-6.662311891343915882e+00,0.000000000000000000e+00,5.201769092636597591e+00,6.462942165261815752e+00
-1.107550260533769688e+03,-9.605959110892626995e+02,-2.509728227424853131e+00,-9.101839898807080331e+00,-6.662311891471408565e+00,0.000000000000000000e+00,5.201768599940885807e+00,6.462942165268851014e+00
-1.108460444523924480e+03,-9.612621422784126253e+02,-2.509728227424455227e+00,-9.101839910979728998e+00,-6.662311891439527400e+00,0.000000000000000000e+00,5.201769253436485663e+00,6.462942165279939033e+00
-1.109370628514078589e+03,-9.619283734675558435e+02,-2.509728227424485869e+00,-9.101839902008865835e+00,-6.662311891258261731e+00,0.000000000000000000e+00,5.201769104924902187e+00,6.462942165334219169e+00
-1.110280812504234063e+03,-9.625946046566949690e+02,-2.509728227424714131e+00,-9.101839900679458140e+00,-6.662311891416628384e+00,0.000000000000000000e+00,5.201768599354077871e+00,6.462942165310246345e+00
-1.111190996494387264e+03,-9.632608358458388693e+02,-2.509728227424624425e+00,-9.101839903931770337e+00,-6.662311891324256052e+00,0.000000000000000000e+00,5.201768232708436912e+00,6.462942165199098810e+00
-1.112101180484541374e+03,-9.639270670349836792e+02,-2.509728227424617764e+00,-9.101839896527170737e+00,-6.662311891182148393e+00,0.000000000000000000e+00,5.201769280787137184e+00,6.462942165329898181e+00
-1.113011364474695483e+03,-9.645932982241379250e+02,-2.509728227424585345e+00,-9.101839897862944895e+00,-6.662311891698720068e+00,0.000000000000000000e+00,5.201769020529820153e+00,6.462942165279955020e+00
-1.113921548464849138e+03,-9.652595294132721619e+02,-2.509728227424716351e+00,-9.101839892581375935e+00,-6.662311891402949549e+00,0.000000000000000000e+00,5.201768975893796387e+00,6.462942165231015501e+00
-1.114831732455003021e+03,-9.659257606024108327e+02,-2.509728227424658620e+00,-9.101839913143011884e+00,-6.662311891447907364e+00,0.000000000000000000e+00,5.201768825439745392e+00,6.462942165217519630e+00
-1.115741916445156676e+03,-9.665919917915487076e+02,-2.509728227424721236e+00,-9.101839885177723133e+00,-6.662311891292445054e+00,0.000000000000000000e+00,5.201768827046246990e+00,6.462942165345020307e+00
-1.116652100435312377e+03,-9.672582229806949954e+02,-2.509728227424710578e+00,-9.101839894418162658e+00,-6.662311891707857647e+00,0.000000000000000000e+00,5.201769241402273813e+00,6.462942165256183813e+00
-1.117562284425466260e+03,-9.679244541698349167e+02,-2.509728227424580460e+00,-9.101839896496629834e+00,-6.662311891070865855e+00,0.000000000000000000e+00,5.201769197728101091e+00,6.462942165138772843e+00
-1.118472468415618778e+03,-9.685906853589810908e+02,-2.509728227424695923e+00,-9.101839901604016347e+00,-6.662311891348579707e+00,0.000000000000000000e+00,5.201768933230741077e+00,6.462942165364935043e+00
-1.119382652405774252e+03,-9.692569165481089613e+02,-2.509728227424660396e+00,-9.101839908035334048e+00,-6.662311891242721273e+00,0.000000000000000000e+00,5.201768686146027498e+00,6.462942165271520878e+00
-1.120292836395927679e+03,-9.699231477372748031e+02,-2.509728227424577796e+00,-9.101839902236683599e+00,-6.662311891389714802e+00,0.000000000000000000e+00,5.201768743708565346e+00,6.462942165236724712e+00
-1.121203020386081789e+03,-9.705893789264067664e+02,-2.509728227424556479e+00,-9.101839915405239623e+00,-6.662311891664670860e+00,0.000000000000000000e+00,5.201768975116259242e+00,6.462942165390195726e+00
-1.122113204376236808e+03,-9.712556101155479382e+02,-2.509728227424786517e+00,-9.101839901454811255e+00,-6.662311891607219039e+00,0.000000000000000000e+00,5.201768895521527547e+00,6.462942165253559246e+00
-1.123023388366389327e+03,-9.719218413046775140e+02,-2.509728227424848690e+00,-9.101839905943494458e+00,-6.662311891380594986e+00,0.000000000000000000e+00,5.201768822872650411e+00,6.462942165201150502e+00
-1.123933572356544119e+03,-9.725880724938372168e+02,-2.509728227424595559e+00,-9.101839905511136308e+00,-6.662311891274591780e+00,0.000000000000000000e+00,5.201768891626148417e+00,6.462942165080715284e+00
-1.124843756346696864e+03,-9.732543036829780476e+02,-2.509728227424590230e+00,-9.101839894673693365e+00,-6.662311891315030543e+00,0.000000000000000000e+00,5.201768640814226963e+00,6.462942165246066573e+00
-1.125753940336852565e+03,-9.739205348721183100e+02,-2.509728227424635083e+00,-9.101839912550719447e+00,-6.662311891269260933e+00,0.000000000000000000e+00,5.201768691247454335e+00,6.462942165320800569e+00
-1.126664124327008039e+03,-9.745867660612406098e+02,-2.509728227424740332e+00,-9.101839905697563182e+00,-6.662311891450572787e+00,0.000000000000000000e+00,5.201768716825695194e+00,6.462942165099147651e+00
-1.127574308317160330e+03,-9.752529972504040643e+02,-2.509728227424616431e+00,-9.101839897353638520e+00,-6.662311891292066690e+00,0.000000000000000000e+00,5.201768352550669938e+00,6.462942165341790890e+00
-1.128484492307314440e+03,-9.759192284395360275e+02,-2.509728227424647962e+00,-9.101839906681728820e+00,-6.662311891231680328e+00,0.000000000000000000e+00,5.201769613404939818e+00,6.462942165266331251e+00
-1.129394676297468550e+03,-9.765854596286876586e+02,-2.509728227424722569e+00,-9.101839895085078069e+00,-6.662311891548177378e+00,0.000000000000000000e+00,5.201768644766721295e+00,6.462942165341870826e+00
-1.130304860287623569e+03,-9.772516908178157564e+02,-2.509728227424802061e+00,-9.101839882992086572e+00,-6.662311891377976636e+00,0.000000000000000000e+00,5.201768664660623820e+00,6.462942165393893212e+00
-1.131215044277778134e+03,-9.779179220069619305e+02,-2.509728227424541380e+00,-9.101839898953395291e+00,-6.662311891655306795e+00,0.000000000000000000e+00,5.201768685715696172e+00,6.462942165309451426e+00
-1.132125228267932016e+03,-9.785841531961090141e+02,-2.509728227424593783e+00,-9.101839900643891923e+00,-6.662311891310199741e+00,0.000000000000000000e+00,5.201768689527074940e+00,6.462942165326681199e+00
-1.133035412258086126e+03,-9.792503843852442742e+02,-2.509728227424404157e+00,-9.101839918870084034e+00,-6.662311891443764011e+00,0.000000000000000000e+00,5.201768550963699056e+00,6.462942165382906445e+00
-1.133945596248239553e+03,-9.799166155744001117e+02,-2.509728227424566249e+00,-9.101839891296672036e+00,-6.662311891435262368e+00,0.000000000000000000e+00,5.201768637175467447e+00,6.462942165066033695e+00
-1.134855780238393891e+03,-9.805828467635207062e+02,-2.509728227424722569e+00,-9.101839894294684541e+00,-6.662311891753874171e+00,0.000000000000000000e+00,5.201768797681752154e+00,6.462942165328672495e+00
-1.135765964228548683e+03,-9.812490779526830238e+02,-2.509728227424432578e+00,-9.101839913493448009e+00,-6.662311891440329426e+00,0.000000000000000000e+00,5.201768696491549271e+00,6.462942165264239591e+00
-1.136676148218702338e+03,-9.819153091418176018e+02,-2.509728227424670166e+00,-9.101839906325208673e+00,-6.662311891447430412e+00,0.000000000000000000e+00,5.201769329652492502e+00,6.462942165399876870e+00
-1.137586332208855993e+03,-9.825815403309685507e+02,-2.509728227424521840e+00,-9.101839900280779716e+00,-6.662311891587076040e+00,0.000000000000000000e+00,5.201768971955056386e+00,6.462942165383962489e+00
-1.138496516199009420e+03,-9.832477715201114279e+02,-2.509728227424811386e+00,-9.101839895995061269e+00,-6.662311891562978872e+00,0.000000000000000000e+00,5.201769348071540122e+00,6.462942165478233747e+00
-1.139406700189165804e+03,-9.839140027092535092e+02,-2.509728227424585789e+00,-9.101839903018211331e+00,-6.662311891479623327e+00,0.000000000000000000e+00,5.201768961302781769e+00,6.462942165223538815e+00
-1.140316884179317185e+03,-9.845802338983933168e+02,-2.509728227424722125e+00,-9.101839898795695660e+00,-6.662311891234041106e+00,0.000000000000000000e+00,5.201768805061735002e+00,6.462942165356222013e+00
-1.141227068169471522e+03,-9.852464650875301686e+02,-2.509728227424568026e+00,-9.101839907785747030e+00,-6.662311891558596599e+00,0.000000000000000000e+00,5.201768953062970269e+00,6.462942165317475229e+00
-1.142137252159626769e+03,-9.859126962766742963e+02,-2.509728227424546265e+00,-9.101839899346384044e+00,-6.662311891422509014e+00,0.000000000000000000e+00,5.201768813358071952e+00,6.462942165106773551e+00
-1.143047436149778832e+03,-9.865789274658302475e+02,-2.509728227424804725e+00,-9.101839911210532819e+00,-6.662311891308110745e+00,0.000000000000000000e+00,5.201768899008364144e+00,6.462942165140765916e+00
-1.143957620139933852e+03,-9.872451586549560716e+02,-2.509728227424665725e+00,-9.101839910611790430e+00,-6.662311891607873626e+00,0.000000000000000000e+00,5.201769157075552208e+00,6.462942165138758632e+00
-1.144867804130088189e+03,-9.879113898440870116e+02,-2.509728227424685265e+00,-9.101839905764446570e+00,-6.662311891182712387e+00,0.000000000000000000e+00,5.201769081812730455e+00,6.462942165413943840e+00
-1.145777988120244345e+03,-9.885776210332332994e+02,-2.509728227424555591e+00,-9.101839902052047293e+00,-6.662311891734992386e+00,0.000000000000000000e+00,5.201768961615921505e+00,6.462942165210879608e+00
-1.146688172110397545e+03,-9.892438522223725386e+02,-2.509728227424616875e+00,-9.101839896387254214e+00,-6.662311891343961179e+00,0.000000000000000000e+00,5.201768555486347978e+00,6.462942165385473281e+00
-1.147598356100549836e+03,-9.899100834115251928e+02,-2.509728227424698144e+00,-9.101839910184757798e+00,-6.662311891542954889e+00,0.000000000000000000e+00,5.201768636010680069e+00,6.462942165515387138e+00
-1.148508540090703264e+03,-9.905763146006670468e+02,-2.509728227424739000e+00,-9.101839899372556886e+00,-6.662311891445209078e+00,0.000000000000000000e+00,5.201769297416888094e+00,6.462942165419943485e+00
-1.149418724080859192e+03,-9.912425457898179957e+02,-2.509728227424823821e+00,-9.101839915349900778e+00,-6.662311891367417083e+00,0.000000000000000000e+00,5.201769062585197112e+00,6.462942165362022706e+00
-1.150328908071013302e+03,-9.919087769789526874e+02,-2.509728227424573799e+00,-9.101839915313401974e+00,-6.662311891384987028e+00,0.000000000000000000e+00,5.201768638941657308e+00,6.462942165194284883e+00
-1.151239092061167185e+03,-9.925750081680880612e+02,-2.509728227424750102e+00,-9.101839892967650059e+00,-6.662311891514201889e+00,0.000000000000000000e+00,5.201769221303165658e+00,6.462942165341897471e+00
-1.152149276051322204e+03,-9.932412393572410565e+02,-2.509728227424603997e+00,-9.101839912117668518e+00,-6.662311891361154537e+00,0.000000000000000000e+00,5.201769178638784297e+00,6.462942165224828450e+00
-1.153059460041475631e+03,-9.939074705463735881e+02,-2.509728227424643965e+00,-9.101839902802806748e+00,-6.662311891469133052e+00,0.000000000000000000e+00,5.201768699944680385e+00,6.462942165233465985e+00
-1.161918692071506257e+03,-1.000392199737510509e+03,-1.618730084711387018e+00,-8.859232029893549054e+01,-6.484729191138036697e+01,8.909981427133359944e+00,5.201769086826466548e+00,6.462942165292526298e+00
-1.162444753688159381e+03,-1.011358555742122348e+03,-7.277319419979186854e-01,-5.260616166485345246e+00,-1.096635600459404856e+02,8.909981427133359944e+00,5.201769103620971890e+00,6.462942165374983006e+00
-1.154246924288093396e+03,-1.018661520754473031e+03,1.632662007153032890e-01,8.197829400786638132e+01,-7.302965012347789298e+01,8.909981427133359944e+00,5.201768644561758137e+00,6.462942165319049970e+00
-1.143413959917876809e+03,-1.016876979413434015e+03,1.054264343428698014e+00,1.083296437000107915e+02,1.784541341035614082e+01,8.909981427133359944e+00,5.201768157432820061e+00,6.462942165363516622e+00
-1.137991804703990056e+03,-1.007330360238003550e+03,1.945262486142231184e+00,5.422155214516720889e+01,9.546619175414561198e+01,8.909981427133359944e+00,5.201768538771668560e+00,6.462942165370750836e+00
-1.142007644226034927e+03,-9.971122029786207577e+02,2.836260628855504340e+00,-4.015839521888193531e+01,1.021815725935491201e+02,8.909981427133359944e+00,5.201768714333127264e+00,6.462942165265713967e+00
-1.152478802707458726e+03,-9.938118174100706028e+02,3.727258771568890960e+00,-1.047115848116581986e+02,3.300385568517896218e+01,8.909981427133359944e+00,5.201768494927992315e+00,6.462942165251568838e+00
-1.161628059324686319e+03,-9.998804917460504385e+02,4.618256914281996472e+00,-9.149256616625397953e+01,-6.068674335992010072e+01,8.909981427133359944e+00,5.201769302671065631e+00,6.462942165223448221e+00
-1.162660006558105124e+03,-1.010810852661959530e+03,5.509255056995292499e+00,-1.031947234543389946e+01,-1.093036091587705698e+02,8.909981427133359944e+00,5.201769143884208191e+00,6.462942165294193408e+00
-1.154808188477663180e+03,-1.018484616906183419e+03,6.400253199708694218e+00,7.851818081006608452e+01,-7.673764244224749120e+01,8.909981427133359944e+00,5.201768330939011697e+00,6.462942165272753670e+00
-1.143904368893113997e+03,-1.017202266208488822e+03,7.291251342422114590e+00,1.090381958441592758e+02,1.282350697653167693e+01,8.909981427133359944e+00,5.201768933423746688e+00,6.462942165343486423e+00
-1.138047118070575834e+03,-1.007916238120770117e+03,8.182249485135313805e+00,5.857250822686113167e+01,9.286028087713776813e+01,8.909981427133359944e+00,5.201768792199722213e+00,6.462942165328501964e+00
-1.141586779207194922e+03,-9.975235241401741177e+02,9.073247627848754604e+00,-3.539661136396991026e+01,1.039271398059466378e+02,8.909981427133359944e+00,5.201767807160380563e+00,6.462942165283213747e+00
-1.151894347465644842e+03,-9.937430821763850872e+02,9.964245770562099480e+00,-1.030756825854348051e+02,3.780441963808736716e+01,8.909981427133359944e+00,5.201769577897117358e+00,6.462942165288011687e+00
-1.161314105033778560e+03,-9.993827516881514157e+02,1.085524391327545857e+01,-9.419757568164456529e+01,-5.639669511749072939e+01,8.909981427133359944e+00,5.201768806184659866e+00,6.462942165249173421e+00
-1.162849735807520346e+03,-1.010253793173261101e+03,1.174624205598865778e+01,-1.535630774154079248e+01,-1.087104148511855044e+02,8.909981427133359944e+00,5.201768084402662140e+00,6.462942165291234886e+00
-1.155360684073567654e+03,-1.018281981572284849e+03,1.263724019870216253e+01,7.489051733745962736e+01,-8.028188399076267956e+01,8.909981427133359944e+00,5.201768909287872944e+00,6.462942165374792935e+00
-1.144409276980103868e+03,-1.017504557931370414e+03,1.352823834141526049e+01,1.095140709324865753e+02,7.774236409337735410e+00,8.909981427133359944e+00,5.201768694314429453e+00,6.462942165349817358e+00
-1.138129429360508311e+03,-1.008498936424843691e+03,1.441923648412870662e+01,6.279847620096353467e+01,9.005621506519813124e+01,8.909981427133359944e+00,5.201768710786901728e+00,6.462942165331078570e+00
-1.141185358814261690e+03,-9.979538427781357086e+02,1.531023462684205505e+01,-3.055929453895524261e+01,1.054509364671239382e+02,8.909981427133359944e+00,5.201768855219672361e+00,6.462942165313362075e+00
-1.151307341487475242e+03,-9.937014115197466708e+02,1.620123276955540703e+01,-1.012198267186085161e+02,4.252431258408985570e+01,8.909981427133359944e+00,5.201768708918002027e+00,6.462942165308492193e+00
-1.160977499147134040e+03,-9.989000416933322413e+02,1.709223091226870039e+01,-9.670157660711207370e+01,-5.198630173575614322e+01,8.909981427133359944e+00,5.201768996961633640e+00,6.462942165304294662e+00
-1.163013536572381781e+03,-1.009688565987556558e+03,1.798322905498219626e+01,-2.036037425852751426e+01,-1.078852429423244530e+02,8.909981427133359944e+00,5.201769069964615078e+00,6.462942165263918959e+00
-1.155903232103185246e+03,-1.018054047157197374e+03,1.887422719769535107e+01,7.110304469415773099e+01,-8.365481169613387635e+01,8.909981427133359944e+00,5.201768901586597771e+00,6.462942165319498500e+00
-1.144927606753402642e+03,-1.017783209520542641e+03,1.976522534040879364e+01,1.097562534984659095e+02,2.708376366503793875e+00,8.909981427133359944e+00,5.201768803046577183e+00,6.462942165246093218e+00
-1.138238562929390127e+03,-1.009077211727961412e+03,2.065622348312196266e+01,6.689043823325951621e+01,8.705997792583505657e+01,8.909981427133359944e+00,5.201768827472499801e+00,6.462942165266005290e+00
-1.140804239639856405e+03,-9.984022406337757047e+02,2.154722162583563971e+01,-2.565676710962759088e+01,1.067497109416308945e+02,8.909981427133359944e+00,5.201768321320363597e+00,6.462942165321757138e+00
-1.150719037387417757e+03,-9.936868943613134206e+02,2.243821976854887268e+01,-9.914797747021538044e+01,4.715346272456241650e+01,8.909981427133359944e+00,5.201768918349682913e+00,6.462942165334906619e+00
-1.160618959949438931e+03,-9.984333918184065624e+02,2.332921791126209499e+01,-9.899922561701306734e+01,-4.746497457127848207e+01,8.909981427133359944e+00,5.201768784630497855e+00,6.462942165324194299e+00
-1.163151059317563067e+03,-1.009116377245445960e+03,2.422021605397557309e+01,-2.532099367595567685e+01,-1.068298542704414302e+02,8.909981427133359944e+00,5.201769041009979055e+00,6.462942165365647362e+00
-1.156434674821047111e+03,-1.017801300051047747e+03,2.511121419668857868e+01,6.716384496196278064e+01,-8.684922805604709595e+01,8.909981427133359944e+00,5.201768674000819104e+00,6.462942165215634915e+00
-1.145458252146977884e+03,-1.018037626360227364e+03,2.600221233940211718e+01,1.097642267405977634e+02,-2.363263091519418158e+00,8.909981427133359944e+00,5.201768762323969675e+00,6.462942165235000758e+00
-1.138374285896650463e+03,-1.009649830046024704e+03,2.689321048211541410e+01,7.083966251530358704e+01,8.387796314197782976e+01,8.909981427133359944e+00,5.201768840258114146e+00,6.462942165351842405e+00
-1.140444234955754837e+03,-9.988677608690452416e+02,2.778420862482882825e+01,-2.069949060252023898e+01,1.078206917696449096e+02,8.909981427133359944e+00,5.201768772079691239e+00,6.462942165229454083e+00
-1.150130690550012787e+03,-9.936995616793335557e+02,2.867520676754194753e+01,-9.686455593602114789e+01,5.168199189730923138e+01,8.909981427133359944e+00,5.201769052666008086e+00,6.462942165351667434e+00
-1.160239252528958559e+03,-9.979837978495241941e+02,2.956620491025550379e+01,-1.010856197930261260e+02,-4.284236170239633168e+01,8.909981427133359944e+00,5.201768558069054471e+00,6.462942165278580120e+00
-1.163262010582713629e+03,-1.008538447942853395e+03,3.045720305296880426e+01,-3.022758054583719911e+01,-1.055465009332288417e+02,8.909981427133359944e+00,5.201768666865248747e+00,6.462942165171568831e+00
-1.156953878179354660e+03,-1.017524279591960408e+03,3.134820119568218644e+01,6.308132403202987604e+01,-8.985831649105493568e+01,8.909981427133359944e+00,5.201768782284727166e+00,6.462942165090654889e+00
-1.146000080814446619e+03,-1.018267265549265517e+03,3.223919933839530927e+01,1.095379736455592621e+02,-7.429859573049681920e+00,8.909981427133359944e+00,5.201769069408761048e+00,6.462942165168527708e+00
-1.138536308642491804e+03,-1.010215569466481497e+03,3.313019748110868790e+01,7.463772171419483925e+01,8.051696082777999663e+01,8.909981427133359944e+00,5.201768655423157028e+00,6.462942165235389780e+00
-1.140106112977432531e+03,-9.993494101084337444e+02,3.402119562382216600e+01,-1.569804335193801315e+01,1.086615935803044266e+02,8.909981427133359944e+00,5.201768735939385380e+00,6.462942165108748860e+00
-1.149543556450989627e+03,-9.937393864429346877e+02,3.491219376653571516e+01,-9.437443473711240927e+01,5.610023665536275672e+01,8.909981427133359944e+00,5.201768726550301203e+00,6.462942165300399999e+00
-1.159839187144917332e+03,-9.975522191770589870e+02,3.580319190924887351e+01,-1.029563069462890610e+02,-3.812832734139318802e+01,8.909981427133359944e+00,5.201768078987814903e+00,6.462942165085361346e+00
-1.163346153608472605e+03,-1.007956011325503823e+03,3.669419005196222372e+01,-3.506966463294779857e+01,-1.040379214843537170e+02,8.909981427133359944e+00,5.201768747982989716e+00,6.462942165369991443e+00
-1.157459734247924871e+03,-1.017223576915018270e+03,3.758518819467556682e+01,5.886419360952762503e+01,-9.267565589507925949e+01,8.909981427133359944e+00,5.201768598775384334e+00,6.462942165289203622e+00
-1.146551936545383114e+03,-1.018471637059651016e+03,3.847618633738871807e+01,1.090779770334951166e+02,-1.248060144664243687e+01,8.909981427133359944e+00,5.201769328169667084e+00,6.462942165255816995e+00
-1.138724285425911603e+03,-1.010773222755649954e+03,3.936718448010210381e+01,7.827651118966211641e+01,7.698414304020798227e+01,8.909981427133359944e+00,5.201768714636274993e+00,6.462942165234561998e+00
-1.139790595224768367e+03,-9.998461605586550149e+02,4.025818262281560322e+01,-1.066309798929311192e+01,1.092706219699441164e+02,8.909981427133359944e+00,5.201768523813069756e+00,6.462942165205856959e+00
-1.148958887978215216e+03,-9.938062836698924229e+02,4.114918076552875448e+01,-9.168292754722465077e+01,6.039876888772420926e+01,8.909981427133359944e+00,5.201768839035250558e+00,6.462942165281987172e+00
-1.159419617498483603e+03,-9.971395767485232682e+02,4.204017890824205494e+01,-1.046072951935729805e+02,-3.333293078622140371e+01,8.909981427133359944e+00,5.201769571732095088e+00,6.462942165239619285e+00
-1.163403308841692478e+03,-1.007370310257243432e+03,4.293117705095542647e+01,-3.983691344229151809e+01,-1.023073350868852316e+02,8.909981427133359944e+00,5.201768557612209243e+00,6.462942165347932644e+00
-1.157951163578416072e+03,-1.016899833690875994e+03,4.382217519366890457e+01,5.452145263825060084e+01,-9.529523433637038465e+01,8.909981427133359944e+00,5.201768763197992307e+00,6.462942165266356120e+00
-1.147112641732579277e+03,-1.018650304782215358e+03,4.471317333638220504e+01,1.083852184389037490e+02,-1.750471091341577079e+01,8.909981427133359944e+00,5.201768693299395174e+00,6.462942165282584916e+00
-1.138937815122478469e+03,-1.011321599934897108e+03,4.560417147909546287e+01,8.174826609894716967e+01,7.328704847291790259e+01,8.909981427133359944e+00,5.201769233101115830e+00,6.462942165431159403e+00
-1.139498354982386672e+03,-1.000356952201852209e+03,4.649516962180860702e+01,-5.605398603012278436e+00,1.096464773303779765e+02,8.909981427133359944e+00,5.201769020025856172e+00,6.462942165117111060e+00
-1.148377932758148745e+03,-9.939001106079784904e+02,4.738616776452209223e+01,-8.879577774656904410e+01,6.456841593882681707e+01,8.909981427133359944e+00,5.201768482894221002e+00,6.462942165311524434e+00
-1.158981438911050418e+03,-9.967467511033095207e+02,4.827716590723560586e+01,-1.060350615284304894e+02,-2.846640495315595842e+01,8.909981427133359944e+00,5.201768769716208496e+00,6.462942165255648241e+00
-1.163433354318586680e+03,-1.006782594568023001e+03,4.916816404994892054e+01,-4.451915407946891889e+01,-1.003584346474006566e+02,8.909981427133359944e+00,5.201769097069851355e+00,6.462942165278955819e+00
-1.158427117507761750e+03,-1.016553740756593470e+03,5.005916219266219258e+01,5.006236810640650958e+01,-9.771146188566468993e+01,8.909981427133359944e+00,5.201768880670448958e+00,6.462942165315714860e+00
-1.147680999884932817e+03,-1.018802887457145403e+03,5.095016033537542910e+01,1.074611762484394006e+02,-2.249146700571168367e+01,8.909981427133359944e+00,5.201768826555495551e+00,6.462942165267339334e+00
-1.139176442080295374e+03,-1.011859530819892711e+03,5.184115847808909194e+01,8.504557805277188720e+01,6.943356637251555696e+01,8.909981427133359944e+00,5.201768884703287021e+00,6.462942165250858295e+00
-1.139230015862949585e+03,-1.000880695057664184e+03,5.273215662080196608e+01,-5.357378287370468950e-01,1.097883576223240851e+02,8.909981427133359944e+00,5.201769032504589774e+00,6.462942165190188604e+00
-1.147801930493519194e+03,-9.940206670394597950e+02,5.362315476351557919e+01,-8.571914630595668427e+01,6.860028018190432419e+01,8.909981427133359944e+00,5.201768554094789998e+00,6.462942165315188170e+00
-1.158525586413704104e+03,-9.963745804936404511e+02,5.451415290622892940e+01,-1.072365591923794881e+02,-2.353913454167142660e+01,8.909981427133359944e+00,5.201769097802458219e+00,6.462942165232234082e+00
-1.163436225924983319e+03,-1.006194118386752052e+03,5.540515104894230092e+01,-4.910639510805921759e+01,-9.819537893111021276e+01,8.909981427133359944e+00,5.201768658732258466e+00,6.462942165242873571e+00
-1.158886580395914962e+03,-1.016186036641246915e+03,5.629614919165555165e+01,4.549645529390096499e+01,-9.991918254469339900e+01,8.909981427133359944e+00,5.201769145571428332e+00,6.462942165223532598e+00
-1.148255798180646707e+03,-1.018929059487625409e+03,5.718714733436895159e+01,1.063078221583111542e+02,-2.743022846381080626e+01,8.909981427133359944e+00,5.201768781924552165e+00,6.462942165259028648e+00
-1.139439657092316565e+03,-1.012385867517719817e+03,5.807814547708211705e+01,8.816141088597895248e+01,6.543191969894772342e+01,8.909981427133359944e+00,5.201769063562012185e+00,6.462942165332885125e+00
-1.138986150476397370e+03,-1.001416271509055832e+03,5.896914361979543884e+01,4.535066159733693425e+00,1.096959600868901106e+02,8.909981427133359944e+00,5.201768760385268919e+00,6.462942165391748262e+00
-1.147232110317926072e+03,-9.941676957085146569e+02,5.986014176250882457e+01,-8.245959841879653140e+01,7.248575800526384683e+01,8.909981427133359944e+00,5.201768404216150721e+00,6.462942165316989396e+00
-1.158053032751962519e+03,-9.960238590959349949e+02,6.075113990522218899e+01,-1.082092243366293474e+02,-1.856163387421928590e+01,8.909981427133359944e+00,5.201768870090839769e+00,6.462942165353250168e+00
-1.163411917533157293e+03,-1.005606137465208917e+03,6.164213804793554630e+01,-5.358884782417711534e+01,-9.582278369250173000e+01,8.909981427133359944e+00,5.201768613955536580e+00,6.462942165253016569e+00
-1.159328571793130095e+03,-1.015797505990164836e+03,6.253313619064888940e+01,4.083345740055001727e+01,-1.019136852496408352e+02,8.909981427133359944e+00,5.201768433302793149e+00,6.462942165364455427e+00
-1.148835810055274806e+03,-1.019028551634648693e+03,6.342413433336218986e+01,1.049276173804355921e+02,-3.231045644498448155e+01,8.909981427133359944e+00,5.201768764602701545e+00,6.462942165066830391e+00
-1.139726898482946581e+03,-1.012899486876340575e+03,6.431513247607546191e+01,9.108911571712199873e+01,6.129064758329446505e+01,8.909981427133359944e+00,5.201768346461372872e+00,6.462942165195944000e+00
-1.138767279208087302e+03,-1.001962538687202027e+03,6.520613061878886185e+01,9.596192754400746594e+00,1.093694818909391273e+02,8.909981427133359944e+00,5.201769054861759223e+00,6.462942165402846051e+00
-1.146669688172983797e+03,-9.943408828700223694e+02,6.609712876150219074e+01,-7.902408963692670341e+01,7.621655817179009773e+01,8.909981427133359944e+00,5.201768748205078730e+00,6.462942165379073955e+00
-1.157564786310025966e+03,-9.956953353160206461e+02,6.698812690421553384e+01,-1.089509813695098757e+02,-1.354452445989799969e+01,8.909981427133359944e+00,5.201768828000063571e+00,6.462942165375856973e+00
-1.163360481014880861e+03,-1.005019906498246200e+03,6.787912504692891957e+01,-5.795694705606511832e+01,-9.324571182184733686e+01,8.909981427133359944e+00,5.201768674279018789e+00,6.462942165344539802e+00
-1.159752148532151523e+03,-1.015388977890533283e+03,6.877012318964222004e+01,3.608332482224247428e+01,-1.036907139230038695e+02,8.909981427133359944e+00,5.201768796550965135e+00,6.462942165235165071e+00
-1.149419797819093446e+03,-1.019101151591562939e+03,6.966112133235554893e+01,1.033235071431878396e+02,-3.712173701015942839e+01,8.909981427133359944e+00,5.201768766328824789e+00,6.462942165251969406e+00
-1.140037553306602831e+03,-1.013399292881290080e+03,7.055211947506896308e+01,9.382244511308198298e+01,5.701858710261992513e+01,8.909981427133359944e+00,5.201768820009874617e+00,6.462942165308102282e+00
-1.138573869108314739e+03,-1.002518330910387931e+03,7.144311761778210723e+01,1.463684198809590242e+01,1.088096197087524928e+02,8.909981427133359944e+00,5.201769012004166193e+00,6.462942165330625599e+00
-1.146115864213621307e+03,-9.945398589592024337e+02,7.233411576049545033e+01,-7.541995104605292966e+01,7.978471951186838851e+01,8.909981427133359944e+00,5.201769289092835535e+00,6.462942165376996506e+00
-1.157061888958982763e+03,-9.953897101921487547e+02,7.322511390320896396e+01,-1.094602474424292211e+02,-8.498512329170235802e+00,8.909981427133359944e+00,5.201768502675995443e+00,6.462942165321723387e+00
-1.163282026130753366e+03,-1.004436676446571369e+03,7.411611204592199442e+01,-6.220137172250476709e+01,-9.046966254424195597e+01,8.909981427133359944e+00,5.201768796479782964e+00,6.462942165169820896e+00
-1.160156406740833063e+03,-1.014961324102113622e+03,7.500711018863546542e+01,3.125619390106778539e+01,-1.052464765556401431e+02,8.909981427133359944e+00,5.201768773587141403e+00,6.462942165257233640e+00
-1.150006515298218574e+03,-1.019146704436966502e+03,7.589810833134897905e+01,1.014989144308912188e+02,-4.185380334856882456e+01,8.909981427133359944e+00,5.201768820102327773e+00,6.462942165426849961e+00
-1.140370958655680397e+03,-1.013884218994465414e+03,7.678910647406227952e+01,9.635556642920722936e+01,5.262485442491354348e+01,8.909981427133359944e+00,5.201768786141744094e+00,6.462942165191251753e+00
-1.138406332895688365e+03,-1.003082462171263614e+03,7.768010461677543788e+01,1.964625759774190072e+01,1.080175682320314934e+02,8.909981427133359944e+00,5.201768768475695914e+00,6.462942165158672481e+00
-1.145571820247056621e+03,-9.947641993801718172e+02,7.857110275948882361e+01,-7.165487351383551129e+01,8.318262791092321606e+01,8.909981427133359944e+00,5.201769144709166071e+00,6.462942165304642828e+00
-1.156545413833561042e+03,-9.951076358990135304e+02,7.946210090220229461e+01,-1.097359358706241323e+02,-3.434365188168038596e+00,8.909981427133359944e+00,5.201768803795397744e+00,6.462942165308932729e+00
-1.163176720295975656e+03,-1.003857691867151061e+03,8.035309904491538191e+01,-6.631306461574229161e+01,-8.750055968148720353e+01,8.909981427133359944e+00,5.201768854672037534e+00,6.462942165276451156e+00
-1.160540483770923402e+03,-1.014515457197098272e+03,8.124409718762871080e+01,2.636236524438911033e+01,-1.065776532989879684e+02,8.909981427133359944e+00,5.201768716743702115e+00,6.462942165311410747e+00
-1.150594710493803632e+03,-1.019165112965480716e+03,8.213509533034205390e+01,9.945773277676693169e+01,-4.649655768370863740e+01,8.909981427133359944e+00,5.201768509905953408e+00,6.462942165183161336e+00
-1.140726403075130293e+03,-1.014353230430040185e+03,8.302609347305556753e+01,9.868307419994316376e+01,4.811882535437194974e+01,8.909981427133359944e+00,5.201768724014879552e+00,6.462942165320675336e+00
-1.138265028076420776e+03,-1.003653728667803648e+03,8.391709161576868325e+01,2.461374997997583947e+01,1.069950176222609457e+02,8.909981427133359944e+00,5.201769162136319125e+00,6.462942165374736980e+00
-1.145038717210946970e+03,-9.950134254119673187e+02,8.480808975848226794e+01,-6.773689134813173496e+01,8.640303255839710062e+01,8.909981427133359944e+00,5.201768880436493880e+00,6.462942165265012306e+00
-1.156016463042146597e+03,-9.948497143560906579e+02,8.569908790119541209e+01,-1.097774583265180155e+02,1.637110558521489123e+00,8.909981427133359944e+00,5.201768726821906164e+00,6.462942165267649308e+00
-1.163044788223097157e+03,-1.003284188257593541e+03,8.659008604390878361e+01,-7.028325181115083353e+01,-8.434473901497557335e+01,8.909981427133359944e+00,5.201768946548781081e+00,6.462942165412906448e+00
-1.160903560038867226e+03,-1.014052328612708948e+03,8.748108418662214092e+01,2.141228185594006561e+01,-1.076814035510089695e+02,8.909981427133359944e+00,5.201769048730546352e+00,6.462942165403591233e+00
-1.151183128253708446e+03,-1.019156337895040565e+03,8.837208232933544139e+01,9.720431784358125071e+01,-5.104009282363509215e+01,8.909981427133359944e+00,5.201769057285084763e+00,6.462942165329442545e+00
-1.141103128080650777e+03,-1.014805326362624555e+03,8.926308047204868501e+01,1.008000017318775576e+02,4.351011532466357323e+01,8.909981427133359944e+00,5.201768096313723611e+00,6.462942165091352997e+00
-1.138150256181443638e+03,-1.004230911372135552e+03,9.015407861476211338e+01,2.952871899418792623e+01,1.057441499048771476e+02,8.909981427133359944e+00,5.201768697739789005e+00,6.462942165130405314e+00
-1.144517692696051427e+03,-9.952870052301299211e+02,9.104507675747568385e+01,-6.367436514465330077e+01,8.943906141980788504e+01,8.909981427133359944e+00,5.201768453935182279e+00,6.462942165254408344e+00
-1.155476165315009894e+03,-9.946164959432705928e+02,9.193607490018868589e+01,-1.095847261863181643e+02,6.705092868628872438e+00,8.909981427133359944e+00,5.201768881306122694e+00,6.462942165246697179e+00
-1.162886511442514802e+03,-1.002717389419581423e+03,9.282707304290208583e+01,-7.410346127629399859e+01,-8.100893476328901954e+01,8.909981427133359944e+00,5.201768886056987284e+00,6.462942165325215704e+00
-1.161244860774725566e+03,-1.013572926620904923e+03,9.371807118561534367e+01,1.641650667678731779e+01,-1.085553720131208024e+02,8.909981427133359944e+00,5.201768936483233574e+00,6.462942165252673732e+00
-1.151770512950856983e+03,-1.019120397950849110e+03,9.460906932832875782e+01,9.474347824536518203e+01,-5.547471329963148889e+01,8.909981427133359944e+00,5.201768652922800662e+00,6.462942165198334976e+00
-1.141500329777202069e+03,-1.015239542062806095e+03,9.550006747104200144e+01,1.027018317429776175e+02,3.880855888056394321e+01,8.909981427133359944e+00,5.201768763489494241e+00,6.462942165202265166e+00
-1.138062262122979746e+03,-1.004812778631640640e+03,9.639106561375527349e+01,3.438067653538176671e+01,1.042676343116989415e+02,8.909981427133359944e+00,5.201768979073276178e+00,6.462942165302957065e+00
-1.144009858518725423e+03,-9.955843550415921754e+02,9.728206375646861659e+01,-5.947596395731147112e+01,9.228423590051370695e+01,8.909981427133359944e+00,5.201768488384854727e+00,6.462942165129949679e+00
-1.154925673595692160e+03,-9.944084783262355813e+02,9.817306189918211601e+01,-1.091581507664155026e+02,1.175876715373225601e+01,8.909981427133359944e+00,5.201768629975545899e+00,6.462942165249118354e+00
-1.162702227701698575e+03,-1.002158504847509221e+03,9.906406004189527437e+01,-7.776554105431530672e+01,-7.750026521254143574e+01,8.909981427133359944e+00,5.201768891785224724e+00,6.462942165374927050e+00
-1.161563657675457080e+03,-1.013078274219610194e+03,9.995505818460868852e+01,1.138570025094669447e+01,-1.091976937211430823e+02,8.909981427133359944e+00,5.201768804495862319e+00,6.462942165087754098e+00
-1.152355611162628520e+03,-1.019057369825269575e+03,1.008460563273219464e+02,9.208046512165279296e+01,-5.979095605681857251e+01,8.909981427133359944e+00,5.201769177919731924e+00,6.462942165254117910e+00
-1.141917160574453874e+03,-1.015654950955932577e+03,1.017370544700353605e+02,1.043845058918379607e+02,3.402418869333983764e+01,8.909981427133359944e+00,5.201768240094901685e+00,6.462942165393203098e+00
-1.138001233671908267e+03,-1.005398088797451464e+03,1.026280526127488031e+02,3.915926903539649118e+01,1.025686215846972118e+02,8.909981427133359944e+00,5.201769217495479936e+00,6.462942165211557288e+00
-1.143516298348403552e+03,-9.959048403303507939e+02,1.035190507554619614e+02,-5.515064675900512725e+01,9.493248467142154823e+01,8.909981427133359944e+00,5.201768990470921672e+00,6.462942165369232939e+00
-1.154366162580731498e+03,-9.942261053946483571e+02,1.044100488981752477e+02,-1.084986423236578048e+02,1.678734935675321793e+01,8.909981427133359944e+00,5.201768463584676816e+00,6.462942165220753488e+00
-1.162492330244479717e+03,-1.001608727147438117e+03,1.053010470408886761e+02,-8.126167663796331908e+01,-7.382621752775023083e+01,8.909981427133359944e+00,5.201769083966762963e+00,6.462942165149111240e+00
-1.161859270459044183e+03,-1.012569426949577405e+03,1.061920451836018344e+02,6.330597860298750490e+00,-1.096069980211796775e+02,8.909981427133359944e+00,5.201768807682925377e+00,6.462942165152240293e+00
-1.152937174345547191e+03,-1.018967388014315816e+03,1.070830433263152912e+02,8.922096113384581884e+01,-6.397961064765333816e+01,8.909981427133359944e+00,5.201768526295977857e+00,6.462942165483060997e+00
-1.142352730995452475e+03,-1.016050666599269675e+03,1.079740414690286769e+02,1.058444335088276489e+02,2.916721415001059725e+01,8.909981427133359944e+00,5.201768930896258247e+00,6.462942165168976238e+00
-1.137967301057091845e+03,-1.005985592873773612e+03,1.088650396117417927e+02,4.385429938996007593e+01,1.006507372551890001e+02,8.909981427133359944e+00,5.201769442695336920e+00,6.462942165144462514e+00
-1.143038065395164040e+03,-9.962477772115131529e+02,1.097560377544553063e+02,-5.070764337829048429e+01,9.737815662246076442e+01,8.909981427133359944e+00,5.201768917452100460e+00,6.462942165433187114e+00
-1.153798826212987024e+03,-9.940697663148768015e+02,1.106470358971686778e+02,-1.076076081847862440e+02,2.178010896615689873e+01,8.909981427133359944e+00,5.201768369353024113e+00,6.462942165305078035e+00
-1.162257266971907484e+03,-1.001069229492293289e+03,1.115380340398821346e+02,-8.458440759475351456e+01,-6.999463177450138573e+01,8.909981427133359944e+00,5.201768830591200654e+00,6.462942165301419628e+00
-1.162131068316154369e+03,-1.012047470642108919e+03,1.124290321825950940e+02,1.261986546223347050e+00,-1.097824114983274484e+02,8.909981427133359944e+00,5.201768091502013469e+00,6.462942165227776314e+00
-1.153513961499545985e+03,-1.018850644530469594e+03,1.133200303253088208e+02,8.617106816476793085e+01,-6.803173888403500769e+01,8.909981427133359944e+00,5.201768936740217342e+00,6.462942165304065512e+00
-1.142806111574688657e+03,-1.016425844573572590e+03,1.142110284680219223e+02,1.070784992579855128e+02,2.424799956926008093e+01,8.909981427133359944e+00,5.201769240917351489e+00,6.462942165181254417e+00
-1.137960536687477543e+03,-1.006574037183227460e+03,1.151020266107354075e+02,4.845574887440622547e+01,9.851807390352487914e+01,8.909981427133359944e+00,5.201768812467211234e+00,6.462942165227047120e+00
-1.142576180162272067e+03,-9.966124338907004585e+02,1.159930247534485517e+02,-4.615643474158196824e+01,9.961603292531729892e+01,8.909981427133359944e+00,5.201768809302021346e+00,6.462942165305402220e+00
-1.153224875133861133e+03,-9.939397946995003394e+02,1.168840228961621790e+02,-1.064869497197866224e+02,2.672639191217239940e+01,8.909981427133359944e+00,5.201768672643585667e+00,6.462942165302778541e+00
-1.161997539486464120e+03,-1.000541163118303189e+03,1.177750210388753942e+02,-8.772664352429798384e+01,-6.601368418798912785e+01,8.909981427133359944e+00,5.201769347501386420e+00,6.462942165302007602e+00
-1.162378471256221474e+03,-1.011513519101919542e+03,1.186660191815886520e+02,-3.809317700603712886e+00,-1.097235598357814439e+02,8.909981427133359944e+00,5.201768560587607837e+00,6.462942165185304511e+00
-1.154084741816146789e+03,-1.018707388493217763e+03,1.195570173243016967e+02,8.293729440138311304e+01,-7.193869391296080096e+01,8.909981427133359944e+00,5.201769124591574922e+00,6.462942165347738133e+00
-1.143276334841481230e+03,-1.016779684285024246e+03,1.204480154670154519e+02,1.080840697407722075e+02,1.927704208171387279e+01,8.909981427133359944e+00,5.201769266845200690e+00,6.462942165077569356e+00
-1.137980954997582558e+03,-1.007162166042112744e+03,1.213390136097285819e+02,5.295379843895939587e+01,9.617518242916069937e+01,8.909981427133359944e+00,5.201768949562127098e+00,6.462942165290019858e+00
-1.142131628268518398e+03,-9.969980322254865541e+02,1.222300117524418965e+02,-4.150673269813379562e+01,1.016413381664951743e+02,8.909981427133359944e+00,5.201768486307844164e+00,6.462942165264638383e+00
-1.152645534099919587e+03,-9.938364678954797000e+02,1.231210098951552823e+02,-1.051390583206921008e+02,3.161564330001701961e+01,8.909981427133359944e+00,5.201768823812117581e+00,6.462942165090992397e+00
-1.161713702021696236e+03,-1.000025654868501420e+03,1.240120080378686964e+02,-9.068167921836968048e+01,-6.189186973018352234e+01,8.909981427133359944e+00,5.201768408145455602e+00,6.462942165222947288e+00
-1.162600951345097428e+03,-1.010968711730360496e+03,1.249030061805818548e+02,-8.872493232396475804e+00,-1.094305686190133429e+02,8.909981427133359944e+00,5.201768913614450263e+00,6.462942165251222448e+00
-1.154648297304886682e+03,-1.018537925597156345e+03,1.257940043232953258e+02,7.952654038471705178e+01,-7.569213866757803544e+01,8.909981427133359944e+00,5.201768246185389799e+00,6.462942165310434639e+00
-1.143762397384468613e+03,-1.017111430673622522e+03,1.266850024660086262e+02,1.088589992038732390e+02,1.426494923516677638e+01,8.909981427133359944e+00,5.201768537208808496e+00,6.462942165204058398e+00
-1.138028512416693047e+03,-1.007748724439805756e+03,1.275760006087220262e+02,5.733884968426207962e+01,9.362706233804156852e+01,8.909981427133359944e+00,5.201768963875438523e+00,6.462942165238112047e+00
-1.141705358345022887e+03,-9.974037493860250834e+02,1.284669987514353124e+02,-3.676845928571190569e+01,1.034497505377894839e+02,8.909981427133359944e+00,5.201768885355682492e+00,6.462942165348836809e+00
-1.152062039369379363e+03,-9.937600063923563312e+02,1.293579968941486129e+02,-1.035668102449314176e+02,3.643742993679416031e+01,8.909981427133359944e+00,5.201769021040090202e+00,6.462942165336785116e+00
-1.161406360259536086e+03,-9.995238047880116028e+02,1.302489950368618281e+02,-9.344320890355430720e+01,-5.763798395647479822e+01,8.909981427133359944e+00,5.201769076178851314e+00,6.462942165144826667e+00
-1.162798033831604926e+03,-1.010414211094164557e+03,1.311399931795753560e+02,-1.391673572159315952e+01,-1.089040630614749716e+02,8.909981427133359944e+00,5.201768433496463118e+00,6.462942165387751459e+00
-1.155203425392395047e+03,-1.018342617459849180e+03,1.320309913222886848e+02,7.594608439697496749e+01,-7.928406365689822621e+01,8.909981427133359944e+00,5.201768715144552857e+00,6.462942165266990280e+00
-1.144263261992791968e+03,-1.017420375824353187e+03,1.329219894650017864e+02,1.094016339956304620e+02,9.222416354954065199e+00,8.909981427133359944e+00,5.201768780706552242e+00,6.462942165194590416e+00
-1.138103107461829268e+03,-1.008332460716966921e+03,1.338129876077152289e+02,6.160154530903793813e+01,9.087915107367990686e+01,8.909981427133359944e+00,5.201768582580571731e+00,6.462942165360963109e+00
-1.141298280010919825e+03,-9.978287196107924046e+02,1.347039857504287284e+02,-3.195172549220646729e+01,1.050374110617290597e+02,8.909981427133359944e+00,5.201768973779557825e+00,6.462942165069651246e+00
-1.151475636064039236e+03,-9.937105733515743395e+02,1.355949838931417446e+02,-1.017735605373867145e+02,4.118146259219599159e+01,8.909981427133359944e+00,5.201768772177620903e+00,6.462942165345836543e+00
-1.161076170037836846e+03,-9.990366837768444839e+02,1.364859820358550735e+02,-9.600533973913978514e+01,-5.326110425261433790e+01,8.909981427133359944e+00,5.201769019660681614e+00,6.462942165241367221e+00
-1.162969298160617882e+03,-1.009851200444494907e+03,1.373769801785684592e+02,-1.893128122882344044e+01,-1.081451666767746360e+02,8.909981427133359944e+00,5.201769209338568345e+00,6.462942165298930952e+00
-1.155748941488559694e+03,-1.018121880850154525e+03,1.382679783212816744e+02,7.220356671550450756e+01,-8.270680405656675305e+01,8.909981427133359944e+00,5.201769066880102876e+00,6.462942165233002356e+00
-1.144777859869407848e+03,-1.017705860477902547e+03,1.391589764639951454e+02,1.097108161940365108e+02,4.160203722310788166e+00,8.909981427133359944e+00,5.201768148151561633e+00,6.462942165189022425e+00
-1.138204580954326275e+03,-1.008912129236332817e+03,1.400499746067084459e+02,6.573278914152521679e+01,8.793731241559147804e+01,8.909981427133359944e+00,5.201768899264098245e+00,6.462942165298233732e+00
-1.140911261932343677e+03,-9.982720360540699858e+02,1.409409727494218885e+02,-2.706680978102906820e+01,1.064009318228213061e+02,8.909981427133359944e+00,5.201768573694199205e+00,6.462942165312584919e+00
-1.150887575512324020e+03,-9.936882742585563619e+02,1.418319708921349900e+02,-9.976313580121616553e+01,4.583761795496582181e+01,8.909981427133359944e+00,5.201769163178714628e+00,6.462942165238225734e+00
-1.160723835950863759e+03,-9.985653313045017967e+02,1.427229690348485747e+02,-9.836260438156607222e+01,-4.877057046001869622e+01,8.909981427133359944e+00,5.201768417364131203e+00,6.462942165305102904e+00
-1.163114378870479641e+03,-1.009280881192100992e+03,1.436139671775618183e+02,-2.390542919850413384e+01,-1.071554988761151463e+02,8.909981427133359944e+00,5.201769060777792220e+00,6.462942165288435348e+00
-1.156283681514346881e+03,-1.017876186798826097e+03,1.445049653202751756e+02,6.830697356415717536e+01,-8.595305606729901626e+01,8.909981427133359944e+00,5.201768902129090044e+00,6.462942165138238160e+00
-1.145305092911789643e+03,-1.017967275437413946e+03,1.453959634629885898e+02,1.097858860207397953e+02,-9.108863859596019186e-01,8.909981427133359944e+00,5.201768998194299165e+00,6.462942165398115613e+00
-1.138332716359476990e+03,-1.009486493040899973e+03,1.462869616057018334e+02,6.972376552965945962e+01,8.480782396514040045e+01,8.909981427133359944e+00,5.201769022938449893e+00,6.462942165293282137e+00
-1.140545129968761785e+03,-9.987327527210949256e+02,1.471779597484151338e+02,-2.212413609088741850e+01,1.075374031982372713e+02,8.909981427133359944e+00,5.201768623916737333e+00,6.462942165154259122e+00
-1.150299112579062921e+03,-9.936931566973947838e+02,1.480689578911284343e+02,-9.753982610886858140e+01,5.039596023674121739e+01,8.909981427133359944e+00,5.201769303020955526e+00,6.462942165207262946e+00
-1.160350109845777069e+03,-9.981107531919569738e+02,1.489599560338419337e+02,-1.005099726665737592e+02,-4.417596494584093847e+01,8.909981427133359944e+00,5.201769098510958145e+00,6.462942165185972421e+00
-1.163232966372865121e+03,-1.008704470343568687e+03,1.498509541765550921e+02,-2.882856528132190732e+01,-1.059371715160291672e+02,8.909981427133359944e+00,5.201769075307969281e+00,6.462942165129620165e+00
-1.156806504385811650e+03,-1.017606059593433542e+03,1.507419523192683073e+02,6.426461986149134020e+01,-8.901589249851920727e+01,8.909981427133359944e+00,5.201768813472800623e+00,6.462942165210125545e+00
-1.145843836055183829e+03,-1.018204062868405458e+03,1.516329504619818067e+02,1.096266833080227485e+02,-5.980032749955169535e+00,8.909981427133359944e+00,5.201768428427306468e+00,6.462942165279908835e+00
-1.138487240248613034e+03,-1.010054326493332496e+03,1.525239486046950503e+02,7.356595806435677787e+01,8.149736375067487870e+01,8.909981427133359944e+00,5.201769100035566140e+00,6.462942165358589008e+00
-1.140200665410674446e+03,-9.992098864866784425e+02,1.534149467474084645e+02,-1.713425162021741599e+01,1.084444000666839827e+02,8.909981427133359944e+00,5.201769043314437013e+00,6.462942165285173957e+00
-1.149711502987722270e+03,-9.937252102494412611e+02,1.543059448901219639e+02,-9.510837577298894985e+01,5.484676237235814256e+01,8.909981427133359944e+00,5.201769120595137963e+00,6.462942165152655960e+00
-1.159955789218246309e+03,-9.976739194653044933e+02,1.551969430328349802e+02,-1.024428623212856593e+02,-3.948709215840862896e+01,8.909981427133359944e+00,5.201768887433841471e+00,6.462942165155320495e+00
-1.163324807613420944e+03,-1.008123197904361405e+03,1.560879411755482806e+02,-3.369018395727984938e+01,-1.044927843908734530e+02,8.909981427133359944e+00,5.201768788598442939e+00,6.462942165231446268e+00
-1.157316294449090265e+03,-1.017312075659473066e+03,1.569789393182615811e+02,6.008513163105411792e+01,-9.188877755127114710e+01,8.909981427133359944e+00,5.201768922708824405e+00,6.462942165205219247e+00
-1.146392939673385627e+03,-1.018415717489234567e+03,1.578699374609750805e+02,1.092335477596945594e+02,-1.103641829723410872e+01,8.909981427133359944e+00,5.201768455891367715e+00,6.462942165370781034e+00
-1.138667822882576047e+03,-1.010614417891556513e+03,1.587609356036884378e+02,7.725116791249925541e+01,7.801299597671743413e+01,8.909981427133359944e+00,5.201768575675906447e+00,6.462942165178683140e+00
-1.139878603312417908e+03,-9.997024191931080850e+02,1.596519337464017099e+02,-1.210780429068774211e+01,1.091199869848121295e+02,8.909981427133359944e+00,5.201768763063768120e+00,6.462942165241052805e+00
-1.149126000640829943e+03,-9.937843665155188546e+02,1.605429318891150672e+02,-9.247397326795569938e+01,5.918052677583454368e+01,8.909981427133359944e+00,5.201769293791322468e+00,6.462942165103011227e+00
-1.159541715510680433e+03,-9.972557622858521427e+02,1.614339300318284813e+02,-1.041571487028712539e+02,-3.471395770333058550e+01,8.909981427133359944e+00,5.201768912238599718e+00,6.462942165279869755e+00
-1.163389706611741076e+03,-1.007538304254171294e+03,1.623249281745418386e+02,-3.847991100494709826e+01,-1.028254196829755358e+02,8.909981427133359944e+00,5.201768724533012644e+00,6.462942165185717514e+00
-1.157811963861060121e+03,-1.016994862330521073e+03,1.632159263172548549e+02,5.577742751119113507e+01,-9.456558076359442566e+01,8.909981427133359944e+00,5.201768619660391835e+00,6.462942165137945061e+00
-1.146951232031923155e+03,-1.018601787649194307e+03,1.641069244599683827e+02,1.086073182955626635e+02,-1.606925318692363192e+01,8.909981427133359944e+00,5.201768715578562130e+00,6.462942165264138339e+00
-1.138874078915338032e+03,-1.011165572054183940e+03,1.649979226026816832e+02,8.077153116712356962e+01,7.436215595042088466e+01,8.909981427133359944e+00,5.201768445396497853e+00,6.462942165109891945e+00
-1.139579630923626610e+03,-1.000209299822812909e+03,1.658889207453950689e+02,-7.055520090749043405e+00,1.095627223136679476e+02,8.909981427133359944e+00,5.201769030378394554e+00,6.462942165127692817e+00
-1.148543854944244686e+03,-9.938704992617934977e+02,1.667799188881084262e+02,-8.964224020774015855e+01,6.338800561032920911e+01,8.909981427133359944e+00,5.201768639539882777e+00,6.462942165467549849e+00
-1.159108772316663362e+03,-9.968571739608873941e+02,1.676709170308218120e+02,-1.056491737222843170e+02,-2.986674699091475205e+01,8.909981427133359944e+00,5.201768888994097395e+00,6.462942165314212950e+00
-1.163427524879589555e+03,-1.006951037499918812e+03,1.685619151735351693e+02,-4.318752562219849978e+01,-1.009386353900429611e+02,8.909981427133359944e+00,5.201768471806822447e+00,6.462942165302854036e+00
-1.158292454910736069e+03,-1.016655096509382361e+03,1.694529133162482708e+02,5.135069970281487173e+01,-9.704059009472301511e+01,8.909981427133359944e+00,5.201768769516101898e+00,6.462942165446089682e+00
-1.147517521788441172e+03,-1.018761876292441457e+03,1.703439114589614576e+02,1.077493312266698524e+02,-2.106779783055375788e+01,8.909981427133359944e+00,5.201768725929406756e+00,6.462942165190218802e+00
-1.139105568216305301e+03,-1.011706612871091806e+03,1.712349096016749002e+02,8.411953572867095374e+01,7.055263421355191156e+01,8.909981427133359944e+00,5.201769313509256421e+00,6.462942165214159651e+00
-1.139304386222714584e+03,-1.000729446741145580e+03,1.721259077443883712e+02,-1.988180060395803972e+00,1.097716612994553742e+02,8.909981427133359944e+00,5.201769458432598192e+00,6.462942165199844879e+00
-1.147966308141061972e+03,-9.939834246892569354e+02,1.730169058871016716e+02,-8.661921918043655921e+01,6.746022051914974327e+01,8.909981427133359944e+00,5.201768961700330429e+00,6.462942165358872337e+00
-1.158657883495455735e+03,-9.964790050397107279e+02,1.739079040298151142e+02,-1.069157535429502559e+02,-2.495580350446963180e+01,8.909981427133359944e+00,5.201768809980233499e+00,6.462942165161435604e+00
-1.163438181716408280e+03,-1.006362650812549987e+03,1.747989021725283010e+02,-4.780298221280573756e+01,-9.883645772851586742e+01,8.909981427133359944e+00,5.201769098343080877e+00,6.462942165160253438e+00
-1.158756742276289060e+03,-1.016293503223740800e+03,1.756899003152416867e+02,4.681439439605322406e+01,-9.930852411190663531e+01,8.909981427133359944e+00,5.201768528337811226e+00,6.462942165294628616e+00
-1.148090600534899522e+03,-1.018895641805160494e+03,1.756899003152418004e+02,1.066614174108595563e+02,-2.602138581421122865e+01,0.000000000000000000e+00,5.201768603439722582e+00,6.462942165224430546e+00
-1.137424458793511349e+03,-1.021497780386559270e+03,1.756899003152415730e+02,1.066614174186104123e+02,-2.602138581404337359e+01,0.000000000000000000e+00,5.201768697404466124e+00,6.462942165455651811e+00
-1.126758317052122493e+03,-1.024099918967950316e+03,1.756899003152416867e+02,1.066614174214354733e+02,-2.602138581389805694e+01,0.000000000000000000e+00,5.201768705151192052e+00,6.462942165311661213e+00
-1.116092175310731818e+03,-1.026702057549352503e+03,1.756899003152417436e+02,1.066614174193038451e+02,-2.602138581400616957e+01,0.000000000000000000e+00,5.201768385264828432e+00,6.462942165358281699e+00
-1.105426033569343645e+03,-1.029304196130749915e+03,1.756899003152418004e+02,1.066614174105051376e+02,-2.602138581413101548e+01,0.000000000000000000e+00,5.201768433194895458e+00,6.462942165313423359e+00
-1.094759891827956380e+03,-1.031906334712171656e+03,1.756899003152416867e+02,1.066614173982699185e+02,-2.602138581391432837e+01,0.000000000000000000e+00,5.201768255161907106e+00,6.462942165283542373e+00
-1.084093750086567297e+03,-1.034508473293567931e+03,1.756899003152416867e+02,1.066614173982897711e+02,-2.602138581398773098e+01,0.000000000000000000e+00,5.201769192040170964e+00,6.462942165242927750e+00
-1.073427608345176623e+03,-1.037110611874981714e+03,1.756899003152414309e+02,1.066614174121530851e+02,-2.602138581384379279e+01,0.000000000000000000e+00,5.201768570704974337e+00,6.462942165322569821e+00
-1.062761466603787994e+03,-1.039712750456372532e+03,1.756899003152417720e+02,1.066614174185530430e+02,-2.602138581396114247e+01,0.000000000000000000e+00,5.201768456457728895e+00,6.462942165254168536e+00
-1.052095324862398684e+03,-1.042314889037791545e+03,1.756899003152416583e+02,1.066614174182141710e+02,-2.602138581405033690e+01,0.000000000000000000e+00,5.201768864244979973e+00,6.462942165341963197e+00
-1.041429183121008009e+03,-1.044917027619173723e+03,1.756899003152416014e+02,1.066614174117605245e+02,-2.602138581398367378e+01,0.000000000000000000e+00,5.201769370285377114e+00,6.462942165207937073e+00
-1.030763041379620518e+03,-1.047519166200585460e+03,1.756899003152416867e+02,1.066614174130009332e+02,-2.602138581392005179e+01,0.000000000000000000e+00,5.201768693825107093e+00,6.462942165526751381e+00
-1.020096899638231434e+03,-1.050121304781997424e+03,1.756899003152418288e+02,1.066614174081068143e+02,-2.602138581411805873e+01,0.000000000000000000e+00,5.201769111335216245e+00,6.462942165301613251e+00
-1.009430757896841442e+03,-1.052723443363407569e+03,1.756899003152415162e+02,1.066614174177580452e+02,-2.602138581384879146e+01,0.000000000000000000e+00,5.201768760717930817e+00,6.462942165028063179e+00
-9.987646161554533819e+02,-1.055325581944808619e+03,1.756899003152418572e+02,1.066614174051619841e+02,-2.602138581392708261e+01,0.000000000000000000e+00,5.201769010121087611e+00,6.462942165088651159e+00
-9.880984744140646399e+02,-1.057927720526204666e+03,1.756899003152417436e+02,1.066614174110541597e+02,-2.602138581402122597e+01,0.000000000000000000e+00,5.201769344369990833e+00,6.462942165259033978e+00
-9.774323326726739651e+02,-1.060529859107621178e+03,1.756899003152415730e+02,1.066614174239744699e+02,-2.602138581407393758e+01,0.000000000000000000e+00,5.201769083910184222e+00,6.462942165320473720e+00
-9.667661909312848820e+02,-1.063131997689019272e+03,1.756899003152416014e+02,1.066614174088326052e+02,-2.602138581423050567e+01,0.000000000000000000e+00,5.201769141058107948e+00,6.462942165237421932e+00
-9.561000491898964810e+02,-1.065734136270404861e+03,1.756899003152415162e+02,1.066614174072793162e+02,-2.602138581397647243e+01,0.000000000000000000e+00,5.201768931883471225e+00,6.462942165154498042e+00
-9.454339074485080801e+02,-1.068336274851828875e+03,1.756899003152416583e+02,1.066614174109522537e+02,-2.602138581398093464e+01,0.000000000000000000e+00,5.201769393997372148e+00,6.462942165287994811e+00
-9.347677657071176327e+02,-1.070938413433238793e+03,1.756899003152416867e+02,1.066614174152727799e+02,-2.602138581376796367e+01,0.000000000000000000e+00,5.201768686241323714e+00,6.462942165520866311e+00
-9.241016239657284359e+02,-1.073540552014632567e+03,1.756899003152415730e+02,1.066614174143429068e+02,-2.602138581379305293e+01,0.000000000000000000e+00,5.201768708519447060e+00,6.462942165332877131e+00
-9.134354822243388980e+02,-1.076142690596040211e+03,1.756899003152416299e+02,1.066614174165393081e+02,-2.602138581394694583e+01,0.000000000000000000e+00,5.201768322843814296e+00,6.462942165253590332e+00
-9.027693404829491328e+02,-1.078744829177443307e+03,1.756899003152417151e+02,1.066614174155175334e+02,-2.602138581401182904e+01,0.000000000000000000e+00,5.201768813580308404e+00,6.462942165284279561e+00
-8.921031987415597087e+02,-1.081346967758846858e+03,1.756899003152416583e+02,1.066614174204599550e+02,-2.602138581375118420e+01,0.000000000000000000e+00,5.201768408768038476e+00,6.462942165245006976e+00
-8.814370570001723308e+02,-1.083949106340243361e+03,1.756899003152417436e+02,1.066614174140545259e+02,-2.602138581397128547e+01,0.000000000000000000e+00,5.201768597803018146e+00,6.462942165246801984e+00
-8.707709152587824519e+02,-1.086551244921668967e+03,1.756899003152417436e+02,1.066614174231631864e+02,-2.602138581409639073e+01,0.000000000000000000e+00,5.201769093898697349e+00,6.462942165321019061e+00
-8.601047735173946194e+02,-1.089153383503054556e+03,1.756899003152416299e+02,1.066614174149186454e+02,-2.602138581378181215e+01,0.000000000000000000e+00,5.201768740182740380e+00,6.462942165313370069e+00
-8.494386317760053089e+02,-1.091755522084463337e+03,1.756899003152416867e+02,1.066614174188853070e+02,-2.602138581420807739e+01,0.000000000000000000e+00,5.201768696421511962e+00,6.462942165277799411e+00
-8.387724900346153163e+02,-1.094357660665870981e+03,1.756899003152415730e+02,1.066614174082435227e+02,-2.602138581401302631e+01,0.000000000000000000e+00,5.201768586203730393e+00,6.462942165254633942e+00
-8.281063482932275974e+02,-1.096959799247276123e+03,1.756899003152417436e+02,1.066614174076897399e+02,-2.602138581411610474e+01,0.000000000000000000e+00,5.201768649478057505e+00,6.462942165312563603e+00
-8.174402065518373774e+02,-1.099561937828676264e+03,1.756899003152418004e+02,1.066614174092467380e+02,-2.602138581390287442e+01,0.000000000000000000e+00,5.201768539106246259e+00,6.462942165385365811e+00
-8.067740648104489765e+02,-1.102164076410084135e+03,1.756899003152417436e+02,1.066614174242163529e+02,-2.602138581401820261e+01,0.000000000000000000e+00,5.201768882914734604e+00,6.462942165284191631e+00
-7.961079230690580744e+02,-1.104766214991480410e+03,1.756899003152416867e+02,1.066614174182532508e+02,-2.602138581416556917e+01,0.000000000000000000e+00,5.201769192003093067e+00,6.462942165234074388e+00
-7.854417813276688776e+02,-1.107368353572896012e+03,1.756899003152416299e+02,1.066614174075791652e+02,-2.602138581427729491e+01,0.000000000000000000e+00,5.201768720615564057e+00,6.462942165331627464e+00
-7.747756395862802492e+02,-1.109970492154307522e+03,1.756899003152415162e+02,1.066614174010280465e+02,-2.602138581396999584e+01,0.000000000000000000e+00,5.201769019707807473e+00,6.462942165247777204e+00
-7.641094978448911661e+02,-1.112572630735700614e+03,1.756899003152418004e+02,1.066614174066150014e+02,-2.602138581412599905e+01,0.000000000000000000e+00,5.201769267065652791e+00,6.462942165446896148e+00
-7.534433561035025377e+02,-1.115174769317113032e+03,1.756899003152416867e+02,1.066614174128668822e+02,-2.602138581408536311e+01,0.000000000000000000e+00,5.201768927675948007e+00,6.462942165202230527e+00
-7.427772143621127725e+02,-1.117776907898510899e+03,1.756899003152416299e+02,1.066614174030476079e+02,-2.602138581402267903e+01,0.000000000000000000e+00,5.201769065250203106e+00,6.462942165281283735e+00
-7.321110726207239168e+02,-1.120379046479918998e+03,1.756899003152416583e+02,1.066614174055749089e+02,-2.602138581394919115e+01,0.000000000000000000e+00,5.201769275349751531e+00,6.462942165334835565e+00
-7.214449308793342652e+02,-1.122981185061316864e+03,1.756899003152415446e+02,1.066614174173971890e+02,-2.602138581380311777e+01,0.000000000000000000e+00,5.201769207708050402e+00,6.462942165344763623e+00
-7.107787891379449547e+02,-1.125583323642726327e+03,1.756899003152416299e+02,1.066614174143604004e+02,-2.602138581415038843e+01,0.000000000000000000e+00,5.201768576115440190e+00,6.462942165397384642e+00
-7.001126473965559853e+02,-1.128185462224117373e+03,1.756899003152416014e+02,1.066614174043882173e+02,-2.602138581376637561e+01,0.000000000000000000e+00,5.201768717072775772e+00,6.462942165261665650e+00
-6.894465056551658790e+02,-1.130787600805531611e+03,1.756899003152415446e+02,1.066614174095859511e+02,-2.602138581403870887e+01,0.000000000000000000e+00,5.201768453295655625e+00,6.462942165150772134e+00
-6.787803639137771370e+02,-1.133389739386945394e+03,1.756899003152416014e+02,1.066614174103698929e+02,-2.602138581425905883e+01,0.000000000000000000e+00,5.201769390465222465e+00,6.462942165366352576e+00
-6.681142221723880539e+02,-1.135991877968331210e+03,1.756899003152416583e+02,1.066614174109323443e+02,-2.602138581405641204e+01,0.000000000000000000e+00,5.201768646937002138e+00,6.462942165160691310e+00
-6.574480804309978339e+02,-1.138594016549750222e+03,1.756899003152417720e+02,1.066614174074298518e+02,-2.602138581428917163e+01,0.000000000000000000e+00,5.201769009545001765e+00,6.462942165194221822e+00
-6.467819386896110245e+02,-1.141196155131146043e+03,1.756899003152416867e+02,1.066614174114170623e+02,-2.602138581414831719e+01,0.000000000000000000e+00,5.201768989321820413e+00,6.462942165199898170e+00
-6.361157969482197814e+02,-1.143798293712558461e+03,1.756899003152415446e+02,1.066614174108472213e+02,-2.602138581398678596e+01,0.000000000000000000e+00,5.201769354509532484e+00,6.462942165119422988e+00
-6.254496552068317214e+02,-1.146400432293949962e+03,1.756899003152415730e+02,1.066614174071630998e+02,-2.602138581408566154e+01,0.000000000000000000e+00,5.201768817142220058e+00,6.462942165278295903e+00
-6.147835134654433205e+02,-1.149002570875350557e+03,1.756899003152416299e+02,1.066614174080103368e+02,-2.602138581402131123e+01,0.000000000000000000e+00,5.201768799691864231e+00,6.462942165252790083e+00
-6.041173717240527594e+02,-1.151604709456760474e+03,1.756899003152416014e+02,1.066614174175712435e+02,-2.602138581397454331e+01,0.000000000000000000e+00,5.201768683375172841e+00,6.462942165366861502e+00
-5.934512299826620847e+02,-1.154206848038170392e+03,1.756899003152416014e+02,1.066614174154384074e+02,-2.602138581415949403e+01,0.000000000000000000e+00,5.201768904477610533e+00,6.462942165286455598e+00
-5.827850882412742521e+02,-1.156808986619566440e+03,1.756899003152418857e+02,1.066614174096586254e+02,-2.602138581393893446e+01,0.000000000000000000e+00,5.201768940046675560e+00,6.462942165229425662e+00
-5.721189464998857375e+02,-1.159411125200975675e+03,1.756899003152417436e+02,1.066614174131802883e+02,-2.602138581382668647e+01,0.000000000000000000e+00,5.201768852401400522e+00,6.462942165251583937e+00
-5.614528047584963133e+02,-1.162013263782372178e+03,1.756899003152416299e+02,1.066614174077003696e+02,-2.602138581428003761e+01,0.000000000000000000e+00,5.201769236836419452e+00,6.462942165452913557e+00
-5.507866630171074576e+02,-1.164615402363790736e+03,1.756899003152417436e+02,1.066614174131946697e+02,-2.602138581414942564e+01,0.000000000000000000e+00,5.201769077228682647e+00,6.462942165313284804e+00
-5.401205212757166692e+02,-1.167217540945196106e+03,1.756899003152414878e+02,1.066614174164879643e+02,-2.602138581390798322e+01,0.000000000000000000e+00,5.201769528022476941e+00,6.462942165373925185e+00
-5.294543795343284955e+02,-1.169819679526603068e+03,1.756899003152416583e+02,1.066614174088015403e+02,-2.602138581387836425e+01,0.000000000000000000e+00,5.201768747778524826e+00,6.462942165209009104e+00
-5.187882377929386166e+02,-1.172421818107997524e+03,1.756899003152416583e+02,1.066614174132511152e+02,-2.602138581439474407e+01,0.000000000000000000e+00,5.201769021418184202e+00,6.462942165449501175e+00
-5.081220960515491356e+02,-1.175023956689397437e+03,1.756899003152416014e+02,1.066614174053844408e+02,-2.602138581425580099e+01,0.000000000000000000e+00,5.201768564024380481e+00,6.462942165344201406e+00
-4.974559543101597683e+02,-1.177626095270807127e+03,1.756899003152419425e+02,1.066614174245483895e+02,-2.602138581400052786e+01,0.000000000000000000e+00,5.201769135283477397e+00,6.462942165270661121e+00
-4.867898125687718220e+02,-1.180228233852210451e+03,1.756899003152416014e+02,1.066614174206440282e+02,-2.602138581380897620e+01,0.000000000000000000e+00,5.201769013296289046e+00,6.462942165468784417e+00
-4.761236708273820568e+02,-1.182830372433621051e+03,1.756899003152416014e+02,1.066614174091355665e+02,-2.602138581386574856e+01,0.000000000000000000e+00,5.201769254377253127e+00,6.462942165329685018e+00
-4.654575290859932579e+02,-1.185432511015014370e+03,1.756899003152416583e+02,1.066614174204448915e+02,-2.602138581415631435e+01,0.000000000000000000e+00,5.201768596762558872e+00,6.462942165305419984e+00
-4.547913873446035495e+02,-1.188034649596426561e+03,1.756899003152416299e+02,1.066614174156600114e+02,-2.602138581381382565e+01,0.000000000000000000e+00,5.201769062245216624e+00,6.462942165204506928e+00
-4.441252456032144664e+02,-1.190636788177815788e+03,1.756899003152418004e+02,1.066614174115643863e+02,-2.602138581375102788e+01,0.000000000000000000e+00,5.201768403688776132e+00,6.462942165400361816e+00
-4.334591038618269181e+02,-1.193238926759237074e+03,1.756899003152416299e+02,1.066614174166604130e+02,-2.602138581408373597e+01,0.000000000000000000e+00,5.201768741659169137e+00,6.462942165189962118e+00
-4.227929621204367550e+02,-1.195841065340633577e+03,1.756899003152415162e+02,1.066614174011947540e+02,-2.602138581393938210e+01,0.000000000000000000e+00,5.201768566457277032e+00,6.462942165430690444e+00
-4.121268203790472171e+02,-1.198443203922031898e+03,1.756899003152415446e+02,1.066614174082787656e+02,-2.602138581424223673e+01,0.000000000000000000e+00,5.201769122679547941e+00,6.462942165265610051e+00
-4.014606786376582477e+02,-1.201045342503438405e+03,1.756899003152416583e+02,1.066614174191184077e+02,-2.602138581401674244e+01,0.000000000000000000e+00,5.201768487162728327e+00,6.462942165363706692e+00
-3.907945368962700172e+02,-1.203647481084848550e+03,1.756899003152417436e+02,1.066614174090391884e+02,-2.602138581415616869e+01,0.000000000000000000e+00,5.201769591709305196e+00,6.462942165370904490e+00
-3.801283951548788878e+02,-1.206249619666250055e+03,1.756899003152417436e+02,1.066614174018365730e+02,-2.602138581392279448e+01,0.000000000000000000e+00,5.201769135594362048e+00,6.462942165032862896e+00
-3.694622534134910552e+02,-1.208851758247655198e+03,1.756899003152416299e+02,1.066614174076240573e+02,-2.602138581424410191e+01,0.000000000000000000e+00,5.201768456473458535e+00,6.462942165359923941e+00
-3.587961116721029384e+02,-1.211453896829069663e+03,1.756899003152415446e+02,1.066614174133285502e+02,-2.602138581397624861e+01,0.000000000000000000e+00,5.201769104607643079e+00,6.462942165157476992e+00
-3.481299699307126048e+02,-1.214056035410462300e+03,1.756899003152418004e+02,1.066614174193543931e+02,-2.602138581417626995e+01,0.000000000000000000e+00,5.201769140927220647e+00,6.462942165354234270e+00
-3.374638281893221006e+02,-1.216658173991860622e+03,1.756899003152417151e+02,1.066614174225375677e+02,-2.602138581401547057e+01,0.000000000000000000e+00,5.201768590095038114e+00,6.462942165508658299e+00
-3.267976864479352912e+02,-1.219260312573266901e+03,1.756899003152416014e+02,1.066614174056782645e+02,-2.602138581408613760e+01,0.000000000000000000e+00,5.201768356242505220e+00,6.462942165268523276e+00
-3.161315447065449575e+02,-1.221862451154669998e+03,1.756899003152417151e+02,1.066614174162731672e+02,-2.602138581392654615e+01,0.000000000000000000e+00,5.201768375292415314e+00,6.462942165500339620e+00
-3.054654029651566702e+02,-1.224464589736079233e+03,1.756899003152415162e+02,1.066614174088674503e+02,-2.602138581435708886e+01,0.000000000000000000e+00,5.201768730643010485e+00,6.462942165130388439e+00
-2.947992612237674734e+02,-1.227066728317480965e+03,1.756899003152415162e+02,1.066614174035417761e+02,-2.602138581394980932e+01,0.000000000000000000e+00,5.201768777921727427e+00,6.462942165411720730e+00
-2.841331194823782198e+02,-1.229668866898882925e+03,1.756899003152416583e+02,1.066614174206297747e+02,-2.602138581404414452e+01,0.000000000000000000e+00,5.201768508844003769e+00,6.462942165142057327e+00
-2.734669777409887388e+02,-1.232271005480284202e+03,1.756899003152416299e+02,1.066614174144365847e+02,-2.602138581437855080e+01,0.000000000000000000e+00,5.201769103834791075e+00,6.462942165210312950e+00
-2.628008359995999399e+02,-1.234873144061699804e+03,1.756899003152415162e+02,1.066614173982504354e+02,-2.602138581386498117e+01,0.000000000000000000e+00,5.201768209982444269e+00,6.462942165199603295e+00
-2.521346942582093504e+02,-1.237475282643088576e+03,1.756899003152416583e+02,1.066614174110345203e+02,-2.602138581401763417e+01,0.000000000000000000e+00,5.201768536382753716e+00,6.462942165218034773e+00
-2.414685525168211484e+02,-1.240077421224510317e+03,1.756899003152414878e+02,1.066614174091272105e+02,-2.602138581422464370e+01,0.000000000000000000e+00,5.201768962277002473e+00,6.462942165178525933e+00
-2.308024107754315537e+02,-1.242679559805910912e+03,1.756899003152417151e+02,1.066614174072721113e+02,-2.602138581385054295e+01,0.000000000000000000e+00,5.201768410261062847e+00,6.462942165295662456e+00
-2.201362690340440338e+02,-1.245281698387317647e+03,1.756899003152416014e+02,1.066614174134460598e+02,-2.602138581423280073e+01,0.000000000000000000e+00,5.201768218320102832e+00,6.462942165315155307e+00
-2.094701272926536717e+02,-1.247883836968718242e+03,1.756899003152419709e+02,1.066614174101346464e+02,-2.602138581383271188e+01,0.000000000000000000e+00,5.201768960987698698e+00,6.462942165284962570e+00
-1.988039855512642191e+02,-1.250485975550128842e+03,1.756899003152416867e+02,1.066614174105536250e+02,-2.602138581399650263e+01,0.000000000000000000e+00,5.201768703152112927e+00,6.462942165264662364e+00
-1.879766193880358571e+02,-1.253127446844187943e+03,1.756899003152416299e+02,1.082736616304402588e+02,-2.641471294071151377e+01,0.000000000000000000e+00,5.201768832674571463e+00,6.462942165317999255e+00
-1.769880288029666531e+02,-1.255808250850909644e+03,1.756899003152418004e+02,1.098859058550671790e+02,-2.680804006719550969e+01,0.000000000000000000e+00,5.201768288230311121e+00,6.462942165297411279e+00
-1.658382137960578007e+02,-1.258528387570310770e+03,1.756899003152417436e+02,1.114981500625357000e+02,-2.720136719360892386e+01,0.000000000000000000e+00,5.201769625973821753e+00,6.462942165201419620e+00
-1.545271743673096125e+02,-1.261287857002369265e+03,1.756899003152418857e+02,1.131103942802751305e+02,-2.759469432056714311e+01,0.000000000000000000e+00,5.201768759119987706e+00,6.462942165417395302e+00
-1.430549105167199286e+02,-1.264086659147087175e+03,1.756899003152414593e+02,1.147226384933775165e+02,-2.798802144738576203e+01,0.000000000000000000e+00,5.201768380715215301e+00,6.462942165409629958e+00
-1.314214222442903974e+02,-1.266924794004466776e+03,1.756899003152418288e+02,1.163348827258739959e+02,-2.838134857393525579e+01,0.000000000000000000e+00,5.201768808242613673e+00,6.462942165215981305e+00
-1.196267095500223974e+02,-1.269802261574505337e+03,1.756899003152416299e+02,1.179471269488156366e+02,-2.877467570040953504e+01,0.000000000000000000e+00,5.201768893722143794e+00,6.462942165522266968e+00
-1.076707724339151611e+02,-1.272719061857212409e+03,1.756899003152416583e+02,1.195593711624835578e+02,-2.916800282693392177e+01,0.000000000000000000e+00,5.201769302819016616e+00,6.462942165341169165e+00
-9.555361089596439683e+01,-1.275675194852578215e+03,1.756899003152416299e+02,1.211716153860114389e+02,-2.956132995365410565e+01,0.000000000000000000e+00,5.201768642742877091e+00,6.462942165467006284e+00
-8.327522493617649957e+01,-1.278670660560610486e+03,1.756899003152415446e+02,1.227838595868877150e+02,-2.995465708048606146e+01,0.000000000000000000e+00,5.201767978070805043e+00,6.462942165282063556e+00
-7.083561455454891131e+01,-1.281705458981313768e+03,1.756899003152414593e+02,1.243961038078524552e+02,-3.034798420696955290e+01,0.000000000000000000e+00,5.201768951704182520e+00,6.462942165268593442e+00
-5.823477975108040994e+01,-1.284779590114662597e+03,1.756899003152418004e+02,1.260083480201313932e+02,-3.074131133344252831e+01,0.000000000000000000e+00,5.201768875105505785e+00,6.462942165319845778e+00
-4.547272052577192625e+01,-1.287893053960699035e+03,1.756899003152415730e+02,1.276205922566018671e+02,-3.113463846029829796e+01,0.000000000000000000e+00,5.201768961141730152e+00,6.462942165400142436e+00
-3.254943687862478185e+01,-1.291045850519370788e+03,1.756899003152415730e+02,1.292328364786976920e+02,-3.152796558653545844e+01,0.000000000000000000e+00,5.201768317800075536e+00,6.462942165391197591e+00
-1.946492880963547734e+01,-1.294237979790705594e+03,1.756899003152415446e+02,1.308450806973504541e+02,-3.192129271329852713e+01,0.000000000000000000e+00,5.201768647506361809e+00,6.462942165149456741e+00
-6.219196318808269730e+00,-1.297469441774717097e+03,1.756899003152417720e+02,1.324573249140592281e+02,-3.231461984003352228e+01,0.000000000000000000e+00,5.201768990555446059e+00,6.462942165329088162e+00
7.187760593860792468e+00,-1.300740236471399612e+03,1.756899003152417720e+02,1.340695691204784623e+02,-3.270794696694103720e+01,0.000000000000000000e+00,5.201769121569270737e+00,6.462942165156138508e+00
2.075594192836879159e+01,-1.304050363880729947e+03,1.756899003152417151e+02,1.356818133596242433e+02,-3.310127409353010108e+01,0.000000000000000000e+00,5.201769116350023481e+00,6.462942165265595840e+00
3.448534768471618150e+01,-1.307399824002735386e+03,1.756899003152418572e+02,1.372940575600069906e+02,-3.349460121979646487e+01,0.000000000000000000e+00,5.201769061385077109e+00,6.462942165307588915e+00
4.837597786290399426e+01,-1.310788616837381596e+03,1.756899003152416583e+02,1.389063017847400374e+02,-3.388792834676051058e+01,0.000000000000000000e+00,5.201769026846447375e+00,6.462942165223082291e+00
6.242783246293078037e+01,-1.314216742384698591e+03,1.756899003152417436e+02,1.405185459988053935e+02,-3.428125547350830971e+01,0.000000000000000000e+00,5.201768542515980975e+00,6.462942165150256102e+00
7.664091148479798221e+01,-1.317684200644686143e+03,1.756899003152415446e+02,1.421307902176285438e+02,-3.467458259988860902e+01,0.000000000000000000e+00,5.201769247482626035e+00,6.462942165347239865e+00
9.101521492850777406e+01,-1.321190991617326517e+03,1.756899003152417151e+02,1.437430344420403685e+02,-3.506790972668641615e+01,0.000000000000000000e+00,5.201768561622568399e+00,6.462942165437500996e+00
1.055507427940528800e+02,-1.324737115302650636e+03,1.756899003152416583e+02,1.453552786567288990e+02,-3.546123685322925922e+01,0.000000000000000000e+00,5.201768711833122616e+00,6.462942165268345640e+00
1.202474950814405474e+02,-1.328322571700621893e+03,1.756899003152416299e+02,1.469675228762158952e+02,-3.585456397966535036e+01,0.000000000000000000e+00,5.201768806599317507e+00,6.462942165266565731e+00
1.351054717906678775e+02,-1.331947360811252793e+03,1.756899003152414878e+02,1.485797670992548660e+02,-3.624789110662037217e+01,0.000000000000000000e+00,5.201768869982283938e+00,6.462942165263825700e+00
1.501246729217357938e+02,-1.335611482634573349e+03,1.756899003152416583e+02,1.501920113137600197e+02,-3.664121823312793680e+01,0.000000000000000000e+00,5.201768935625878498e+00,6.462942165270147754e+00
1.653050984746425627e+02,-1.339314937170529447e+03,1.756899003152418004e+02,1.518042555324328760e+02,-3.703454535960605654e+01,0.000000000000000000e+00,5.201768627257572497e+00,6.462942165271460482e+00
1.806467484493884967e+02,-1.343057724419150418e+03,1.756899003152418004e+02,1.534164997529280186e+02,-3.742787248632319574e+01,0.000000000000000000e+00,5.201769008173956266e+00,6.462942165228845681e+00
1.961496228459754434e+02,-1.346839844380433306e+03,1.756899003152415162e+02,1.550287439624224248e+02,-3.782119961248393736e+01,0.000000000000000000e+00,5.201768834295775079e+00,6.462942165489654833e+00
2.118137216644018963e+02,-1.350661297054373108e+03,1.756899003152416299e+02,1.566409881834931923e+02,-3.821452673949391254e+01,0.000000000000000000e+00,5.201769142339268903e+00,6.462942165425335617e+00
2.276390449046700439e+02,-1.354522082440994836e+03,1.756899003152417151e+02,1.582532323880867295e+02,-3.860785386601475011e+01,0.000000000000000000e+00,5.201768893182961762e+00,6.462942165319657484e+00
2.436255925667753957e+02,-1.358422200540260519e+03,1.756899003152418004e+02,1.598654766250814134e+02,-3.900118099256102511e+01,0.000000000000000000e+00,5.201769306629879352e+00,6.462942165164919039e+00
2.597733646507239769e+02,-1.362361651352202216e+03,1.756899003152415730e+02,1.614777208427367441e+02,-3.939450811937898322e+01,0.000000000000000000e+00,5.201769151833692817e+00,6.462942165302997921e+00
2.760823611565086253e+02,-1.366340434876796735e+03,1.756899003152417151e+02,1.630899650513179893e+02,-3.978783524581979236e+01,0.000000000000000000e+00,5.201769131826594617e+00,6.462942165219794255e+00
2.925525820841365885e+02,-1.370358551114058628e+03,1.756899003152416299e+02,1.647022092848815191e+02,-4.018116237210794139e+01,0.000000000000000000e+00,5.201768843429145583e+00,6.462942165217426371e+00
3.091840274336032621e+02,-1.374416000063991305e+03,1.756899003152416583e+02,1.663144535064315050e+02,-4.057448949930752491e+01,0.000000000000000000e+00,5.201768868800296985e+00,6.462942165209964784e+00
3.259766972049083620e+02,-1.378512781726594540e+03,1.756899003152416867e+02,1.679266977088926467e+02,-4.096781662607253338e+01,0.000000000000000000e+00,5.201768768548236999e+00,6.462942165291440055e+00
3.429305913980544460e+02,-1.382648896101832406e+03,1.756899003152418857e+02,1.695389419356266103e+02,-4.136114375242465968e+01,0.000000000000000000e+00,5.201768924296635177e+00,6.462942165191607025e+00
3.600457100130414574e+02,-1.386824343189768115e+03,1.756899003152416867e+02,1.711511861605096954e+02,-4.175447087893194009e+01,0.000000000000000000e+00,5.201768884614745403e+00,6.462942165167127051e+00
3.773220530498670087e+02,-1.391039122990331180e+03,1.756899003152415730e+02,1.727634303726046596e+02,-4.214779800571771062e+01,0.000000000000000000e+00,5.201768616844378634e+00,6.462942165216686519e+00
3.947596205085337147e+02,-1.395293235503570941e+03,1.756899003152419425e+02,1.743756745878385459e+02,-4.254112513271882534e+01,0.000000000000000000e+00,5.201768546023324724e+00,6.462942165294439434e+00
4.123584123890398700e+02,-1.399586680729467162e+03,1.756899003152416299e+02,1.759879188007188588e+02,-4.293445225912417129e+01,0.000000000000000000e+00,5.201768807922657167e+00,6.462942165293422470e+00
4.301184286913859864e+02,-1.403919458668038487e+03,1.756899003152415446e+02,1.776001630267812743e+02,-4.332777938547327068e+01,0.000000000000000000e+00,5.201769303849366644e+00,6.462942165397461913e+00
4.480396694155716659e+02,-1.408291569319269229e+03,1.756899003152416014e+02,1.792124072232131766e+02,-4.372110651212756238e+01,0.000000000000000000e+00,5.201769218103351022e+00,6.462942165203127587e+00
4.661221345615979885e+02,-1.412703012683162569e+03,1.756899003152417151e+02,1.808246514732193475e+02,-4.411443363880002977e+01,0.000000000000000000e+00,5.201769049185032578e+00,6.462942165275694428e+00
4.843658241294629079e+02,-1.417153788759701001e+03,1.756899003152416583e+02,1.824368956720688573e+02,-4.450776076540854120e+01,0.000000000000000000e+00,5.201769233487650190e+00,6.462942165389129912e+00
5.027707381191685840e+02,-1.421643897548930681e+03,1.756899003152418004e+02,1.840491398942595254e+02,-4.490108789244720100e+01,0.000000000000000000e+00,5.201768679010301710e+00,6.462942165230597169e+00
5.213368765307153581e+02,-1.426173339050804316e+03,1.756899003152416299e+02,1.856613841136619669e+02,-4.529441501874058673e+01,0.000000000000000000e+00,5.201768606332207945e+00,6.462942165258653837e+00
5.400642393641005583e+02,-1.430742113265346006e+03,1.756899003152416014e+02,1.872736283237185546e+02,-4.568774214541692658e+01,0.000000000000000000e+00,5.201768833312519824e+00,6.462942165252064441e+00
5.589528266193257195e+02,-1.435350220192553934e+03,1.756899003152417436e+02,1.888858725550308009e+02,-4.608106927209145454e+01,0.000000000000000000e+00,5.201768682831575674e+00,6.462942165254612625e+00
5.780026382963908418e+02,-1.439997659832416957e+03,1.756899003152416867e+02,1.904981167759275138e+02,-4.647439639893206476e+01,0.000000000000000000e+00,5.201768781468283365e+00,6.462942165261400973e+00
5.972136743952971756e+02,-1.444684432184956677e+03,1.756899003152416583e+02,1.921103609945799917e+02,-4.686772352536826247e+01,0.000000000000000000e+00,5.201769233386790425e+00,6.462942165179867970e+00
6.165859349160416514e+02,-1.449410537250133984e+03,1.756899003152418004e+02,1.937226052046951565e+02,-4.726105065163166330e+01,0.000000000000000000e+00,5.201768817275053358e+00,6.462942165195415534e+00
6.361194198586264292e+02,-1.454175975027999584e+03,1.756899003152417436e+02,1.953348494201479753e+02,-4.765437777853870926e+01,0.000000000000000000e+00,5.201769023076349363e+00,6.462942165498687608e+00
6.558141292230521913e+02,-1.458980745518520052e+03,1.756899003152417151e+02,1.969470936401818335e+02,-4.804770490539934258e+01,0.000000000000000000e+00,5.201769135989565029e+00,6.462942165231980951e+00
6.756700630093166637e+02,-1.463824848721695616e+03,1.756899003152415446e+02,1.985593378655642027e+02,-4.844103203201301966e+01,0.000000000000000000e+00,5.201768699765310089e+00,6.462942165272720807e+00
6.956872212174210972e+02,-1.468708284637546058e+03,1.756899003152416583e+02,2.001715820804220130e+02,-4.883435915874135702e+01,0.000000000000000000e+00,5.201769440780076081e+00,6.462942165092293578e+00
7.158656038473669696e+02,-1.473631053266046365e+03,1.756899003152415730e+02,2.017838262903234465e+02,-4.922768628489039600e+01,0.000000000000000000e+00,5.201768445165781074e+00,6.462942165207832268e+00
7.362052108991521209e+02,-1.478593154607212227e+03,1.756899003152415730e+02,2.033960705222643810e+02,-4.962101341159682022e+01,0.000000000000000000e+00,5.201768996460680583e+00,6.462942165175329379e+00
7.567060423727774605e+02,-1.483594588661053649e+03,1.756899003152416583e+02,2.050083147353554409e+02,-5.001434053809878577e+01,0.000000000000000000e+00,5.201768461101018204e+00,6.462942165165616260e+00
7.773680982682393505e+02,-1.488635355427547438e+03,1.756899003152417720e+02,2.066205589549674073e+02,-5.040766766498799711e+01,0.000000000000000000e+00,5.201768912388401667e+00,6.462942165345098466e+00
7.981913785855444985e+02,-1.493715454906703144e+03,1.756899003152416583e+02,2.082328031748737089e+02,-5.080099479173003374e+01,0.000000000000000000e+00,5.201769074328278286e+00,6.462942165177621767e+00
8.191758833246898348e+02,-1.498834887098519630e+03,1.756899003152416867e+02,2.098450474015074860e+02,-5.119432191828030199e+01,0.000000000000000000e+00,5.201768879521891265e+00,6.462942165298177777e+00
8.403216124856745637e+02,-1.503993652002994622e+03,1.756899003152414593e+02,2.114572916081187941e+02,-5.158764904496766235e+01,0.000000000000000000e+00,5.201768519518968681e+00,6.462942165221967628e+00
8.616285660684976619e+02,-1.509191749620154269e+03,1.756899003152416014e+02,2.130695358281774929e+02,-5.198097617156420824e+01,0.000000000000000000e+00,5.201768228703057773e+00,6.462942165190853849e+00
8.830967440731625402e+02,-1.514429179949955142e+03,1.756899003152416014e+02,2.146817800489270383e+02,-5.237430329808334051e+01,0.000000000000000000e+00,5.201768381812117426e+00,6.462942165328788846e+00
9.047261464996665836e+02,-1.519705942992434530e+03,1.756899003152416867e+02,2.162940242663542847e+02,-5.276763042476344623e+01,0.000000000000000000e+00,5.201768322403292899e+00,6.462942165215543433e+00
9.265167733480128618e+02,-1.525022038747558781e+03,1.756899003152418004e+02,2.179062684808842789e+02,-5.316095755141133594e+01,0.000000000000000000e+00,5.201768603043661621e+00,6.462942165276172268e+00
9.484686246181942124e+02,-1.530377467215366323e+03,1.756899003152418288e+02,2.195185126962543336e+02,-5.355428467803675829e+01,0.000000000000000000e+00,5.201768183696430015e+00,6.462942165405254791e+00
9.705817003102189346e+02,-1.535772228395823959e+03,1.756899003152417436e+02,2.211307569192174185e+02,-5.394761180462399608e+01,0.000000000000000000e+00,5.201768653763919836e+00,6.462942165165283193e+00
9.928560004240832768e+02,-1.541206322288946239e+03,1.756899003152416014e+02,2.227430011263598146e+02,-5.434093893124993002e+01,0.000000000000000000e+00,5.201768801228855210e+00,6.462942165292338004e+00
1.015291524959787466e+03,-1.546679748894738850e+03,1.756899003152416299e+02,2.243552453514707281e+02,-5.473426605774110953e+01,0.000000000000000000e+00,5.201768977775421021e+00,6.462942165251192250e+00
1.037888273917330480e+03,-1.552192508213178371e+03,1.756899003152416299e+02,2.259674895736112035e+02,-5.512759318442812173e+01,0.000000000000000000e+00,5.201768713668404764e+00,6.462942165330481714e+00
1.060646247296714137e+03,-1.557744600244286630e+03,1.756899003152416583e+02,2.275797337981618966e+02,-5.552092031105415515e+01,0.000000000000000000e+00,5.201768570494998301e+00,6.462942165155249441e+00
1.083565445097937072e+03,-1.563336024988056806e+03,1.756899003152416014e+02,2.291919780038759313e+02,-5.591424743768648398e+01,0.000000000000000000e+00,5.201768650550275375e+00,6.462942165335751277e+00
1.106645867321002015e+03,-1.568966782444501405e+03,1.756899003152416014e+02,2.308042222444243521e+02,-5.630757456427789975e+01,0.000000000000000000e+00,5.201768720310736782e+00,6.462942165159149432e+00
1.129887513965903281e+03,-1.574636872613603828e+03,1.756899003152418288e+02,2.324164664626064791e+02,-5.670090169097922939e+01,0.000000000000000000e+00,5.201768438137877482e+00,6.462942165211869039e+00
1.153290385032648828e+03,-1.580346295495354980e+03,1.756899003152416299e+02,2.340287106610798276e+02,-5.709422881757226520e+01,0.000000000000000000e+00,5.201768995622494174e+00,6.462942165296545305e+00
1.176854480521230698e+03,-1.586095051089782828e+03,1.756899003152417151e+02,2.356409548806580005e+02,-5.748755594426488358e+01,0.000000000000000000e+00,5.201768835839096106e+00,6.462942165462798982e+00
1.200579800431654121e+03,-1.591883139396877368e+03,1.756899003152417436e+02,2.372531991039181207e+02,-5.788088307085618567e+01,0.000000000000000000e+00,5.201768726047907521e+00,6.462942165361402758e+00
1.224466344763918414e+03,-1.597710560416624730e+03,1.756899003152415446e+02,2.388654433310469187e+02,-5.827421019761276710e+01,0.000000000000000000e+00,5.201768645060734109e+00,6.462942165279365270e+00
1.248514113518020849e+03,-1.603577314149049698e+03,1.756899003152417436e+02,2.404776875328197718e+02,-5.866753732391466514e+01,0.000000000000000000e+00,5.201769092131504735e+00,6.462942165358872337e+00
1.272723106693965747e+03,-1.609483400594114755e+03,1.756899003152416867e+02,2.420899317659769281e+02,-5.906086445084105208e+01,0.000000000000000000e+00,5.201768721846354637e+00,6.462942165340978207e+00
1.297093324291745830e+03,-1.615428819751853780e+03,1.756899003152418572e+02,2.437021759763113096e+02,-5.945419157708893465e+01,0.000000000000000000e+00,5.201769092289838525e+00,6.462942165271533312e+00
1.321624766311369058e+03,-1.621413571622261315e+03,1.756899003152415730e+02,2.453144201961531792e+02,-5.984751870411039931e+01,0.000000000000000000e+00,5.201768764029265135e+00,6.462942165300435526e+00
1.346317432752832701e+03,-1.627437656205323492e+03,1.756899003152416014e+02,2.469266644189861779e+02,-6.024084583069889476e+01,0.000000000000000000e+00,5.201768909630913207e+00,6.462942165207594236e+00
1.371171323616136306e+03,-1.633501073501044630e+03,1.756899003152419709e+02,2.485389086322610979e+02,-6.063417295720405065e+01,0.000000000000000000e+00,5.201769397612075352e+00,6.462942165234166758e+00
1.396186438901278279e+03,-1.639603823509438371e+03,1.756899003152416299e+02,2.501511528627834480e+02,-6.102750008412953520e+01,0.000000000000000000e+00,5.201769137336055948e+00,6.462942165452736809e+00
1.421362778608260214e+03,-1.645745906230484707e+03,1.756899003152416014e+02,2.517633970537389416e+02,-6.142082721062178052e+01,0.000000000000000000e+00,5.201769102606562889e+00,6.462942165370050063e+00
1.446700342737081883e+03,-1.651927321664210240e+03,1.756899003152416299e+02,2.533756412718540787e+02,-6.181415433712534480e+01,0.000000000000000000e+00,5.201768762939343205e+00,6.462942165246586157e+00
1.472199131287746241e+03,-1.658148069810580864e+03,1.756899003152415446e+02,2.549878855122347261e+02,-6.220748146369133735e+01,0.000000000000000000e+00,5.201768705597872078e+00,6.462942165359849334e+00
1.497859144260248058e+03,-1.664408150669616589e+03,1.756899003152415162e+02,2.566001297135221648e+02,-6.260080859038640710e+01,0.000000000000000000e+00,5.201768062963233241e+00,6.462942164996244188e+00
1.523680381654591429e+03,-1.670707564241311047e+03,1.756899003152414593e+02,2.582123739502933404e+02,-6.299413571685883539e+01,0.000000000000000000e+00,5.201768438310725884e+00,6.462942165401980965e+00
1.549662843470773169e+03,-1.677046310525678336e+03,1.756899003152415730e+02,2.598246181675439743e+02,-6.338746284352711058e+01,0.000000000000000000e+00,5.201769050910855618e+00,6.462942165264039751e+00
1.575806529708794415e+03,-1.683424389522696856e+03,1.756899003152414593e+02,2.614368623895625205e+02,-6.378078997028320174e+01,0.000000000000000000e+00,5.201768356099949919e+00,6.462942165313385168e+00
1.602111440368656758e+03,-1.689841801232397074e+03,1.756899003152414878e+02,2.630491066022895552e+02,-6.417411709716020596e+01,0.000000000000000000e+00,5.201768512933107935e+00,6.462942165350776591e+00
1.628577575450358154e+03,-1.696298545654763302e+03,1.756899003152416299e+02,2.646613508284380600e+02,-6.456744422357222390e+01,0.000000000000000000e+00,5.201769224493816957e+00,6.462942165346231782e+00
1.655204934953900420e+03,-1.702794622789781897e+03,1.756899003152415730e+02,2.662735950366998168e+02,-6.496077135010514780e+01,0.000000000000000000e+00,5.201768992876479203e+00,6.462942165227433478e+00
1.681993518879281282e+03,-1.709330032637452177e+03,1.756899003152415446e+02,2.678858392663914287e+02,-6.535409847636098846e+01,0.000000000000000000e+00,5.201769203269723363e+00,6.462942165364775171e+00
1.708782102804664646e+03,-1.715865442485134963e+03,1.756899003152418288e+02,2.678858392507628423e+02,-6.535409847674853268e+01,0.000000000000000000e+00,5.201768967475055128e+00,6.462942165138666262e+00
1.735570686730045736e+03,-1.722400852332819113e+03,1.756899003152416867e+02,2.678858392362209884e+02,-6.535409847695491692e+01,0.000000000000000000e+00,5.201768572500751198e+00,6.462942165293995345e+00
1.762359270655426144e+03,-1.728936262180488939e+03,1.756899003152415730e+02,2.678858392529307366e+02,-6.535409847695611063e+01,0.000000000000000000e+00,5.201769068509245031e+00,6.462942165347961954e+00
1.789147854580808826e+03,-1.735471672028172406e+03,1.756899003152414878e+02,2.678858392587392245e+02,-6.535409847705101072e+01,0.000000000000000000e+00,5.201768283410426186e+00,6.462942165157346430e+00
1.815936438506189461e+03,-1.742007081875855647e+03,1.756899003152415162e+02,2.678858392540273030e+02,-6.535409847712793407e+01,0.000000000000000000e+00,5.201769174531735374e+00,6.462942165411758921e+00
1.842725022431573507e+03,-1.748542491723531384e+03,1.756899003152417151e+02,2.678858392418346170e+02,-6.535409847657491866e+01,0.000000000000000000e+00,5.201768949364264039e+00,6.462942165454363952e+00
1.869513606356953687e+03,-1.755077901571211669e+03,1.756899003152416867e+02,2.678858392622890392e+02,-6.535409847661074423e+01,0.000000000000000000e+00,5.201769409606146866e+00,6.462942165193958921e+00
1.896302190282335232e+03,-1.761613311418889680e+03,1.756899003152417436e+02,2.678858392579109022e+02,-6.535409847690745266e+01,0.000000000000000000e+00,5.201769055964872379e+00,6.462942165257260285e+00
1.923090774207717686e+03,-1.768148721266580424e+03,1.756899003152417151e+02,2.678858392518023948e+02,-6.535409847660717730e+01,0.000000000000000000e+00,5.201769612106536655e+00,6.462942165227581803e+00
1.949879358133100141e+03,-1.774684131114245247e+03,1.756899003152416583e+02,2.678858392515284095e+02,-6.535409847695561325e+01,0.000000000000000000e+00,5.201768689762930720e+00,6.462942165322321131e+00
1.976667942058481913e+03,-1.781219540961928715e+03,1.756899003152418004e+02,2.678858392561153323e+02,-6.535409847679326845e+01,0.000000000000000000e+00,5.201769040629596219e+00,6.462942165197605782e+00
2.003456525983862775e+03,-1.787754950809607635e+03,1.756899003152419425e+02,2.678858392440539546e+02,-6.535409847688751483e+01,0.000000000000000000e+00,5.201768662531920384e+00,6.462942165157864238e+00
2.030245109909245002e+03,-1.794290360657291330e+03,1.756899003152416014e+02,2.678858392389358869e+02,-6.535409847692342566e+01,0.000000000000000000e+00,5.201768507129333585e+00,6.462942165367405956e+00
2.057033693834626774e+03,-1.800825770504977072e+03,1.756899003152417720e+02,2.678858392476419681e+02,-6.535409847689497553e+01,0.000000000000000000e+00,5.201768129235668781e+00,6.462942165152282037e+00
2.083822277760007182e+03,-1.807361180352643487e+03,1.756899003152416583e+02,2.678858392428018647e+02,-6.535409847707357756e+01,0.000000000000000000e+00,5.201769277089081989e+00,6.462942165185297405e+00
2.110610861685391683e+03,-1.813896590200325363e+03,1.756899003152417436e+02,2.678858392597359170e+02,-6.535409847651814630e+01,0.000000000000000000e+00,5.201768856183091039e+00,6.462942165259359051e+00
2.137399445610772545e+03,-1.820432000047999509e+03,1.756899003152418004e+02,2.678858392589861523e+02,-6.535409847666123540e+01,0.000000000000000000e+00,5.201768992547108006e+00,6.462942165188798604e+00
2.164188029536155682e+03,-1.826967409895688206e+03,1.756899003152417436e+02,2.678858392673170101e+02,-6.535409847673413708e+01,0.000000000000000000e+00,5.201768612825908633e+00,6.462942165215518564e+00
2.190976613461534271e+03,-1.833502819743368946e+03,1.756899003152417720e+02,2.678858392398928459e+02,-6.535409847679353845e+01,0.000000000000000000e+00,5.201768718040505668e+00,6.462942165172704811e+00
2.217765197386916043e+03,-1.840038229591050140e+03,1.756899003152416299e+02,2.678858392455487092e+02,-6.535409847714097964e+01,0.000000000000000000e+00,5.201768956130098154e+00,6.462942165370527903e+00
2.244553781312297815e+03,-1.846573639438732016e+03,1.756899003152416867e+02,2.678858392594402744e+02,-6.535409847682895190e+01,0.000000000000000000e+00,5.201768539151196080e+00,6.462942165222184343e+00
2.271342365237681406e+03,-1.853109049286409117e+03,1.756899003152415730e+02,2.678858392564133055e+02,-6.535409847702368324e+01,0.000000000000000000e+00,5.201768787007049255e+00,6.462942165295603836e+00
2.298130949163062269e+03,-1.859644459134097588e+03,1.756899003152417151e+02,2.678858392505084112e+02,-6.535409847665358996e+01,0.000000000000000000e+00,5.201769010328542997e+00,6.462942165337136835e+00
2.324919533088443586e+03,-1.866179868981766958e+03,1.756899003152417151e+02,2.678858392507924577e+02,-6.535409847690746687e+01,0.000000000000000000e+00,5.201768257714133981e+00,6.462942165371081238e+00
2.351708117013826723e+03,-1.872715278829441559e+03,1.756899003152415162e+02,2.678858392551530869e+02,-6.535409847695275687e+01,0.000000000000000000e+00,5.201768817167943482e+00,6.462942165391196703e+00
2.378496700939206676e+03,-1.879250688677122980e+03,1.756899003152415446e+02,2.678858392550760641e+02,-6.535409847658338833e+01,0.000000000000000000e+00,5.201768826312036964e+00,6.462942165311003073e+00
2.405285284864588448e+03,-1.885786098524803947e+03,1.756899003152415162e+02,2.678858392517165612e+02,-6.535409847656381999e+01,0.000000000000000000e+00,5.201768893557673579e+00,6.462942165284182749e+00
2.432073868789970675e+03,-1.892321508372485596e+03,1.756899003152417151e+02,2.678858392636923895e+02,-6.535409847718763388e+01,0.000000000000000000e+00,5.201768873721960063e+00,6.462942165273799944e+00
2.458862452715352902e+03,-1.898856918220150192e+03,1.756899003152415730e+02,2.678858392458424191e+02,-6.535409847662289451e+01,0.000000000000000000e+00,5.201768667489003128e+00,6.462942165300832542e+00
2.485651036640735128e+03,-1.905392328067846620e+03,1.756899003152416299e+02,2.678858392504974972e+02,-6.535409847687819251e+01,0.000000000000000000e+00,5.201769078510219302e+00,6.462942165327547173e+00
2.512439620566115991e+03,-1.911927737915525540e+03,1.756899003152417436e+02,2.678858392639784824e+02,-6.535409847682505813e+01,0.000000000000000000e+00,5.201769221658337550e+00,6.462942165240209924e+00
2.539228204491498218e+03,-1.918463147763208553e+03,1.756899003152415162e+02,2.678858392609943166e+02,-6.535409847672221417e+01,0.000000000000000000e+00,5.201768659206015499e+00,6.462942165413554818e+00
2.566016788416881354e+03,-1.924998557610877924e+03,1.756899003152416867e+02,2.678858392558348100e+02,-6.535409847661682647e+01,0.000000000000000000e+00,5.201768559344830400e+00,6.462942165382982829e+00
2.592805372342264036e+03,-1.931533967458562074e+03,1.756899003152417720e+02,2.678858392518572487e+02,-6.535409847716110221e+01,0.000000000000000000e+00,5.201768616969831172e+00,6.462942165222460567e+00
2.619593956267644444e+03,-1.938069377306246679e+03,1.756899003152414593e+02,2.678858392381753788e+02,-6.535409847662458560e+01,0.000000000000000000e+00,5.201768455090969745e+00,6.462942165361616809e+00
2.646382540193026671e+03,-1.944604787153918778e+03,1.756899003152415446e+02,2.678858392670922512e+02,-6.535409847677648543e+01,0.000000000000000000e+00,5.201768990750563759e+00,6.462942165242093751e+00
2.673171124118407988e+03,-1.951140197001594970e+03,1.756899003152418288e+02,2.678858392467132035e+02,-6.535409847672121941e+01,0.000000000000000000e+00,5.201768334016921180e+00,6.462942165292923313e+00
2.699959708043789760e+03,-1.957675606849289579e+03,1.756899003152417151e+02,2.678858392647633764e+02,-6.535409847663278526e+01,0.000000000000000000e+00,5.201768788469824933e+00,6.462942165282275830e+00
2.726748291969171532e+03,-1.964211016696964862e+03,1.756899003152416299e+02,2.678858392658839875e+02,-6.535409847671330397e+01,0.000000000000000000e+00,5.201768759990393676e+00,6.462942165266317041e+00
2.753536875894551940e+03,-1.970746426544629458e+03,1.756899003152416867e+02,2.678858392541058606e+02,-6.535409847673867034e+01,0.000000000000000000e+00,5.201769267839494226e+00,6.462942165240523451e+00
2.780325459819935531e+03,-1.977281836392325204e+03,1.756899003152417436e+02,2.678858392552652390e+02,-6.535409847710954523e+01,0.000000000000000000e+00,5.201768506705755968e+00,6.462942165302508535e+00
2.807114043745317304e+03,-1.983817246239995711e+03,1.756899003152416014e+02,2.678858392576742062e+02,-6.535409847691640550e+01,0.000000000000000000e+00,5.201768928783464752e+00,6.462942165187411270e+00
2.833902627670699985e+03,-1.990352656087679634e+03,1.756899003152418004e+02,2.678858392615040884e+02,-6.535409847686149476e+01,0.000000000000000000e+00,5.201768246245184635e+00,6.462942165295739727e+00
2.860691211596079029e+03,-1.996888065935363102e+03,1.756899003152416299e+02,2.678858392476535073e+02,-6.535409847707755659e+01,0.000000000000000000e+00,5.201768699669802487e+00,6.462942164979954107e+00
2.887479795521463075e+03,-2.003423475783034974e+03,1.756899003152414878e+02,2.678858392439233285e+02,-6.535409847683875739e+01,0.000000000000000000e+00,5.201768728734112557e+00,6.462942165407642214e+00
2.914268379446843483e+03,-2.009958885630725945e+03,1.756899003152414025e+02,2.678858392477742427e+02,-6.535409847662896254e+01,0.000000000000000000e+00,5.201768824929460244e+00,6.462942165340616718e+00
2.941056963372224345e+03,-2.016494295478390768e+03,1.756899003152416299e+02,2.678858392577942027e+02,-6.535409847701771469e+01,0.000000000000000000e+00,5.201768746115744690e+00,6.462942165227972602e+00
2.967845547297607027e+03,-2.023029705326065823e+03,1.756899003152416583e+02,2.678858392550656049e+02,-6.535409847680681139e+01,0.000000000000000000e+00,5.201768805340290847e+00,6.462942165231670977e+00
2.994634131222987889e+03,-2.029565115173758613e+03,1.756899003152417720e+02,2.678858392481955661e+02,-6.535409847683668261e+01,0.000000000000000000e+00,5.201768827121172833e+00,6.462942165206920997e+00
3.021422715148370116e+03,-2.036100525021416388e+03,1.756899003152414878e+02,2.678858392595233227e+02,-6.535409847686656803e+01,0.000000000000000000e+00,5.201769180304575357e+00,6.462942165238635184e+00
3.048211299073751434e+03,-2.042635934869122366e+03,1.756899003152416014e+02,2.678858392590816493e+02,-6.535409847652648807e+01,0.000000000000000000e+00,5.201769146618171469e+00,6.462942165251821081e+00
3.074999882999135025e+03,-2.049171344716795375e+03,1.756899003152416583e+02,2.678858392460161895e+02,-6.535409847666447547e+01,0.000000000000000000e+00,5.201769199505832830e+00,6.462942165209877743e+00
3.101788466924516797e+03,-2.055706754564469065e+03,1.756899003152417436e+02,2.678858392569036937e+02,-6.535409847700773867e+01,0.000000000000000000e+00,5.201768593012690900e+00,6.462942165241231329e+00
3.128577050849897205e+03,-2.062242164412158672e+03,1.756899003152415730e+02,2.678858392563939219e+02,-6.535409847666470284e+01,0.000000000000000000e+00,5.201768997255317828e+00,6.462942165235443959e+00
3.155365634775278522e+03,-2.068777574259834637e+03,1.756899003152416299e+02,2.678858392613824435e+02,-6.535409847664443816e+01,0.000000000000000000e+00,5.201768563415263280e+00,6.462942165264111694e+00
3.182154218700661659e+03,-2.075312984107517423e+03,1.756899003152415730e+02,2.678858392553066210e+02,-6.535409847666038274e+01,0.000000000000000000e+00,5.201768097799397417e+00,6.462942165533419825e+00
3.208942802626043431e+03,-2.081848393955197025e+03,1.756899003152416583e+02,2.678858392657205627e+02,-6.535409847682521445e+01,0.000000000000000000e+00,5.201768524314408282e+00,6.462942165351039492e+00
3.235731386551424748e+03,-2.088383803802857074e+03,1.756899003152418857e+02,2.678858392536422457e+02,-6.535409847680502082e+01,0.000000000000000000e+00,5.201768981131918324e+00,6.462942165418589013e+00
3.262519970476806066e+03,-2.094919213650545316e+03,1.756899003152414878e+02,2.678858392537697455e+02,-6.535409847683267515e+01,0.000000000000000000e+00,5.201769453474807570e+00,6.462942165315648246e+00
3.289308554402189202e+03,-2.101454623498230376e+03,1.756899003152416867e+02,2.678858392505881625e+02,-6.535409847675335016e+01,0.000000000000000000e+00,5.201768499334839646e+00,6.462942165254268012e+00
3.316097138327571429e+03,-2.107990033345919983e+03,1.756899003152418004e+02,2.678858392402814275e+02,-6.535409847696965357e+01,0.000000000000000000e+00,5.201768921925613576e+00,6.462942165123006788e+00
3.342885722252951837e+03,-2.114525443193585488e+03,1.756899003152417436e+02,2.678858392554633951e+02,-6.535409847674630157e+01,0.000000000000000000e+00,5.201768672203463062e+00,6.462942165105819647e+00
3.369674306178333154e+03,-2.121060853041272821e+03,1.756899003152416014e+02,2.678858392500378613e+02,-6.535409847708325515e+01,0.000000000000000000e+00,5.201768963868489415e+00,6.462942165130826311e+00
3.396462890103715836e+03,-2.127596262888949241e+03,1.756899003152416583e+02,2.678858392596553131e+02,-6.535409847686419482e+01,0.000000000000000000e+00,5.201769293388513127e+00,6.462942165326036381e+00
3.423251474029095789e+03,-2.134131672736621567e+03,1.756899003152416299e+02,2.678858392546677578e+02,-6.535409847673663819e+01,0.000000000000000000e+00,5.201769315227153356e+00,6.462942165270654904e+00
3.450040057954478925e+03,-2.140667082584305263e+03,1.756899003152418004e+02,2.678858392520206166e+02,-6.535409847692750418e+01,0.000000000000000000e+00,5.201768402576779415e+00,6.462942165438825270e+00
3.476828641879861152e+03,-2.147202492431996689e+03,1.756899003152414878e+02,2.678858392482189288e+02,-6.535409847700115904e+01,0.000000000000000000e+00,5.201769229202217737e+00,6.462942165225533664e+00
3.503617225805242470e+03,-2.153737902279659011e+03,1.756899003152417436e+02,2.678858392621810935e+02,-6.535409847700734076e+01,0.000000000000000000e+00,5.201768753950176460e+00,6.462942165409331530e+00
3.530405809730624242e+03,-2.160273312127350891e+03,1.756899003152416583e+02,2.678858392531643631e+02,-6.535409847668323380e+01,0.000000000000000000e+00,5.201768723805461292e+00,6.462942165162454344e+00
3.557194393656005559e+03,-2.166808721975017761e+03,1.756899003152414878e+02,2.678858392543959326e+02,-6.535409847681997064e+01,0.000000000000000000e+00,5.201769602519753732e+00,6.462942165191035038e+00
3.583982977581387331e+03,-2.173344131822699637e+03,1.756899003152418288e+02,2.678858392531030859e+02,-6.535409847674162620e+01,0.000000000000000000e+00,5.201768844016103621e+00,6.462942165352212776e+00
3.610771561506767739e+03,-2.179879541670382878e+03,1.756899003152419141e+02,2.678858392680751876e+02,-6.535409847685387774e+01,0.000000000000000000e+00,5.201768956264832156e+00,6.462942165215488366e+00
3.637560145432151785e+03,-2.186414951518067028e+03,1.756899003152416867e+02,2.678858392461783637e+02,-6.535409847654030102e+01,0.000000000000000000e+00,5.201768571431800048e+00,6.462942165314974119e+00
3.664348729357532648e+03,-2.192950361365748904e+03,1.756899003152416299e+02,2.678858392547424501e+02,-6.535409847701031083e+01,0.000000000000000000e+00,5.201768872129481025e+00,6.462942165300787245e+00
3.691137313282915784e+03,-2.199485771213438056e+03,1.756899003152415162e+02,2.678858392636411736e+02,-6.535409847653571092e+01,0.000000000000000000e+00,5.201769433952800448e+00,6.462942165328232846e+00
3.717925897208297556e+03,-2.206021181061097650e+03,1.756899003152415446e+02,2.678858392516816593e+02,-6.535409847676190509e+01,0.000000000000000000e+00,5.201769117061282977e+00,6.462942165279566886e+00
3.744714481133679783e+03,-2.212556590908784983e+03,1.756899003152416299e+02,2.678858392503620962e+02,-6.535409847669728833e+01,0.000000000000000000e+00,5.201768733436987979e+00,6.462942165233833691e+00
3.771503065059059736e+03,-2.219092000756466859e+03,1.756899003152416867e+02,2.678858392558599917e+02,-6.535409847685512830e+01,0.000000000000000000e+00,5.201768986376431592e+00,6.462942165500113134e+00
3.798291648984441963e+03,-2.225627410604143734e+03,1.756899003152416583e+02,2.678858392504051835e+02,-6.535409847667696681e+01,0.000000000000000000e+00,5.201768231693892908e+00,6.462942165191912558e+00
3.825080232909824645e+03,-2.232162820451816060e+03,1.756899003152415446e+02,2.678858392564442852e+02,-6.535409847670085526e+01,0.000000000000000000e+00,5.201768881537525147e+00,6.462942165224033531e+00
3.851868816835206417e+03,-2.238698230299512943e+03,1.756899003152417436e+02,2.678858392557793877e+02,-6.535409847674414152e+01,0.000000000000000000e+00,5.201768935484799350e+00,6.462942165170840525e+00
3.878657400760587279e+03,-2.245233640147177084e+03,1.756899003152417151e+02,2.678858392585384536e+02,-6.535409847667017402e+01,0.000000000000000000e+00,5.201769072789632631e+00,6.462942165223273250e+00
3.905445984685968142e+03,-2.251769049994873967e+03,1.756899003152416299e+02,2.678858392582787360e+02,-6.535409847666279859e+01,0.000000000000000000e+00,5.201768666119785500e+00,6.462942165117205207e+00
3.932234568611350824e+03,-2.258304459842552660e+03,1.756899003152414878e+02,2.678858392573606579e+02,-6.535409847680756457e+01,0.000000000000000000e+00,5.201768688052460732e+00,6.462942165447175924e+00
3.959023152536733505e+03,-2.264839869690229079e+03,1.756899003152416014e+02,2.678858392565662712e+02,-6.535409847680909934e+01,0.000000000000000000e+00,5.201769336682151135e+00,6.462942165242814063e+00
3.985811736462113913e+03,-2.271375279537907318e+03,1.756899003152414878e+02,2.678858392666012946e+02,-6.535409847690669949e+01,0.000000000000000000e+00,5.201768771626340104e+00,6.462942165396658112e+00
4.012600320387495685e+03,-2.277910689385583282e+03,1.756899003152415730e+02,2.678858392586122363e+02,-6.535409847664695349e+01,0.000000000000000000e+00,5.201768400683556948e+00,6.462942165179540233e+00
4.039388904312877912e+03,-2.284446099233256518e+03,1.756899003152417151e+02,2.678858392469802538e+02,-6.535409847694351981e+01,0.000000000000000000e+00,5.201769185670179318e+00,6.462942165214980328e+00
4.066177488238259230e+03,-2.290981509080937485e+03,1.756899003152416299e+02,2.678858392475896153e+02,-6.535409847651359883e+01,0.000000000000000000e+00,5.201768914894770113e+00,6.462942165223219959e+00
4.092966072163640092e+03,-2.297516918928630730e+03,1.756899003152415162e+02,2.678858392482659383e+02,-6.535409847687839147e+01,0.000000000000000000e+00,5.201769139981377243e+00,6.462942165305537223e+00
4.119754656089022319e+03,-2.304052328776307604e+03,1.756899003152415446e+02,2.678858392533824713e+02,-6.535409847677286166e+01,0.000000000000000000e+00,5.201768864189822317e+00,6.462942165122951721e+00
4.146543240014406365e+03,-2.310587738623984023e+03,1.756899003152417720e+02,2.678858392493722249e+02,-6.535409847691525442e+01,0.000000000000000000e+00,5.201769218123571292e+00,6.462942165017041773e+00
4.173331823939787682e+03,-2.317123148471657714e+03,1.756899003152416014e+02,2.678858392570256228e+02,-6.535409847651327198e+01,0.000000000000000000e+00,5.201768814152561760e+00,6.462942165197829603e+00
4.200120407865171728e+03,-2.323658558319334134e+03,1.756899003152416867e+02,2.678858392529468802e+02,-6.535409847676262984e+01,0.000000000000000000e+00,5.201768809093036516e+00,6.462942165376081682e+00
4.226908991790553046e+03,-2.330193968167022831e+03,1.756899003152414878e+02,2.678858392529732555e+02,-6.535409847702790387e+01,0.000000000000000000e+00,5.201768331726762895e+00,6.462942165358827040e+00
4.253697575715934363e+03,-2.336729378014704707e+03,1.756899003152416299e+02,2.678858392534112340e+02,-6.535409847674658579e+01,0.000000000000000000e+00,5.201769441299653352e+00,6.462942165250143312e+00
4.280486159641315680e+03,-2.343264787862369758e+03,1.756899003152418288e+02,2.678858392587746380e+02,-6.535409847685330931e+01,0.000000000000000000e+00,5.201768866749204356e+00,6.462942165220954216e+00
4.307274743566698817e+03,-2.349800197710055727e+03,1.756899003152415730e+02,2.678858392496744614e+02,-6.535409847678218398e+01,0.000000000000000000e+00,5.201768596746782158e+00,6.462942165298176889e+00
4.334063327492081044e+03,-2.356335607557733056e+03,1.756899003152417720e+02,2.678858392579261363e+02,-6.535409847664443816e+01,0.000000000000000000e+00,5.201768768595285586e+00,6.462942165301192254e+00
4.360851911417464180e+03,-2.362871017405411294e+03,1.756899003152417720e+02,2.678858392597583133e+02,-6.535409847652873339e+01,0.000000000000000000e+00,5.201768788865871684e+00,6.462942165251631010e+00
4.387640495342845497e+03,-2.369406427253093625e+03,1.756899003152416014e+02,2.678858392613886963e+02,-6.535409847653683357e+01,0.000000000000000000e+00,5.201768699548975583e+00,6.462942165307227427e+00
4.414429079268226815e+03,-2.375941837100769135e+03,1.756899003152418004e+02,2.678858392702115339e+02,-6.535409847687513718e+01,0.000000000000000000e+00,5.201768871538652306e+00,6.462942165390290761e+00
4.441217663193610861e+03,-2.382477246948449192e+03,1.756899003152415446e+02,2.678858392586360537e+02,-6.535409847697600583e+01,0.000000000000000000e+00,5.201768500554361907e+00,6.462942165331669209e+00
4.468006247118992178e+03,-2.389012656796138344e+03,1.756899003152416867e+02,2.678858392591304209e+02,-6.535409847661219374e+01,0.000000000000000000e+00,5.201769159258976316e+00,6.462942165246939652e+00
4.494794831044374405e+03,-2.395548066643810216e+03,1.756899003152416014e+02,2.678858392554054149e+02,-6.535409847652854864e+01,0.000000000000000000e+00,5.201768698829678961e+00,6.462942165022115049e+00
4.521583414969756632e+03,-2.402083476491488909e+03,1.756899003152417436e+02,2.678858392562239032e+02,-6.535409847690125673e+01,0.000000000000000000e+00,5.201768816734049672e+00,6.462942165071886791e+00
4.548371998895137949e+03,-2.408618886339176697e+03,1.756899003152417151e+02,2.678858392491574705e+02,-6.535409847673028594e+01,0.000000000000000000e+00,5.201769138965517847e+00,6.462942165301251762e+00
4.575160582820521995e+03,-2.415154296186844931e+03,1.756899003152414025e+02,2.678858392611015233e+02,-6.535409847677196638e+01,0.000000000000000000e+00,5.201768683788472458e+00,6.462942165428962937e+00
4.601949166745903312e+03,-2.421689706034524988e+03,1.756899003152414878e+02,2.678858392566805833e+02,-6.535409847686234741e+01,0.000000000000000000e+00,5.201768866729285179e+00,6.462942165218153789e+00
4.628737750671287358e+03,-2.428225115882203681e+03,1.756899003152417436e+02,2.678858392539858642e+02,-6.535409847675421702e+01,0.000000000000000000e+00,5.201768948333277187e+00,6.462942165236584380e+00
4.655526334596665947e+03,-2.434760525729886467e+03,1.756899003152418857e+02,2.678858392526549324e+02,-6.535409847681636109e+01,0.000000000000000000e+00,5.201768987501526276e+00,6.462942165252366422e+00
4.682314918522049993e+03,-2.441295935577563796e+03,1.756899003152415162e+02,2.678858392481752730e+02,-6.535409847712553244e+01,0.000000000000000000e+00,5.201768848274918255e+00,6.462942165289699226e+00
4.709103502447432220e+03,-2.447831345425248401e+03,1.756899003152416867e+02,2.678858392494281588e+02,-6.535409847659330751e+01,0.000000000000000000e+00,5.201768612173777839e+00,6.462942165193466870e+00
4.735892086372815356e+03,-2.454366755272932096e+03,1.756899003152416299e+02,2.678858392428917341e+02,-6.535409847687684248e+01,0.000000000000000000e+00,5.201768976511922382e+00,6.462942165400476391e+00
4.762680670298196674e+03,-2.460902165120589416e+03,1.756899003152418288e+02,2.678858392549121277e+02,-6.535409847666063854e+01,0.000000000000000000e+00,5.201769463034151109e+00,6.462942165212119505e+00
4.789469254223579810e+03,-2.467437574968274475e+03,1.756899003152417151e+02,2.678858392523555381e+02,-6.535409847681202677e+01,0.000000000000000000e+00,5.201768786379952658e+00,6.462942165301165609e+00
4.816257838148961127e+03,-2.473972984815960444e+03,1.756899003152416014e+02,2.678858392521487986e+02,-6.535409847695201790e+01,0.000000000000000000e+00,5.201769017773732351e+00,6.462942165277688389e+00
4.843046422074343354e+03,-2.480508394663652780e+03,1.756899003152417151e+02,2.678858392452174826e+02,-6.535409847677519224e+01,0.000000000000000000e+00,5.201768579733051290e+00,6.462942165205191714e+00
4.869835005999725581e+03,-2.487043804511319649e+03,1.756899003152416583e+02,2.678858392375670974e+02,-6.535409847669740202e+01,0.000000000000000000e+00,5.201769296955187194e+00,6.462942165213985568e+00
4.896623589925106899e+03,-2.493579214359021989e+03,1.756899003152415446e+02,2.678858392475094661e+02,-6.535409847683476414e+01,0.000000000000000000e+00,5.201768552214562469e+00,6.462942165269103256e+00
4.923412173850489125e+03,-2.500114624206678855e+03,1.756899003152416583e+02,2.678858392586758441e+02,-6.535409847678239714e+01,0.000000000000000000e+00,5.201769342315570199e+00,6.462942165405592299e+00
4.950200757775872262e+03,-2.506650034054359821e+03,1.756899003152417151e+02,2.678858392446003336e+02,-6.535409847655974147e+01,0.000000000000000000e+00,5.201769398461086880e+00,6.462942165102268710e+00
4.976989341701254489e+03,-2.513185443902044881e+03,1.756899003152416583e+02,2.678858392521559040e+02,-6.535409847678882045e+01,0.000000000000000000e+00,5.201768707048019635e+00,6.462942165402234984e+00
5.003777925626635806e+03,-2.519720853749726302e+03,1.756899003152416583e+02,2.678858392617568711e+02,-6.535409847693262009e+01,0.000000000000000000e+00,5.201768783329689505e+00,6.462942165264998984e+00
5.030566509552020761e+03,-2.526256263597415909e+03,1.756899003152415446e+02,2.678858392475801224e+02,-6.535409847682666395e+01,0.000000000000000000e+00,5.201768872430351465e+00,6.462942165158985119e+00
5.057355093477401169e+03,-2.532791673445080505e+03,1.756899003152418004e+02,2.678858392574447294e+02,-6.535409847691734342e+01,0.000000000000000000e+00,5.201768314965286244e+00,6.462942165303037889e+00
5.084143677402784306e+03,-2.539327083292763291e+03,1.756899003152417436e+02,2.678858392540527689e+02,-6.535409847659545335e+01,0.000000000000000000e+00,5.201768234377307287e+00,6.462942165128232830e+00
5.110932261328165623e+03,-2.545862493140446986e+03,1.756899003152416299e+02,2.678858392497040199e+02,-6.535409847672102046e+01,0.000000000000000000e+00,5.201768689133547063e+00,6.462942165230628255e+00
5.137720845253549669e+03,-2.552397902988118858e+03,1.756899003152417151e+02,2.678858392514746924e+02,-6.535409847705402342e+01,0.000000000000000000e+00,5.201768631623580497e+00,6.462942165410332507e+00
5.164509429178930077e+03,-2.558933312835810739e+03,1.756899003152416583e+02,2.678858392564490600e+02,-6.535409847663531480e+01,0.000000000000000000e+00,5.201769336243717845e+00,6.462942165421150520e+00
5.191298013104312304e+03,-2.565468722683489432e+03,1.756899003152417436e+02,2.678858392525125964e+02,-6.535409847693128427e+01,0.000000000000000000e+00,5.201768895924787195e+00,6.462942165249677018e+00
5.218086597029694531e+03,-2.572004132531164032e+03,1.756899003152415730e+02,2.678858392550966983e+02,-6.535409847665580685e+01,0.000000000000000000e+00,5.201768777708247526e+00,6.462942165170772135e+00
5.244875180955076758e+03,-2.578539542378842725e+03,1.756899003152414309e+02,2.678858392591859570e+02,-6.535409847703969888e+01,0.000000000000000000e+00,5.201768729246686540e+00,6.462942165142990802e+00
5.271663764880458075e+03,-2.585074952226517325e+03,1.756899003152416014e+02,2.678858392540360001e+02,-6.535409847708707787e+01,0.000000000000000000e+00,5.201769216887281999e+00,6.462942165360322733e+00
5.298452348805841211e+03,-2.591610362074203749e+03,1.756899003152416299e+02,2.678858392604516325e+02,-6.535409847700599073e+01,0.000000000000000000e+00,5.201768614497832566e+00,6.462942165121191351e+00
5.325240932731223438e+03,-2.598145771921890173e+03,1.756899003152416583e+02,2.678858392501759340e+02,-6.535409847681307838e+01,0.000000000000000000e+00,5.201768809879469657e+00,6.462942165293452668e+00
5.352029516656606575e+03,-2.604681181769571594e+03,1.756899003152417436e+02,2.678858392402431718e+02,-6.535409847646657511e+01,0.000000000000000000e+00,5.201768655804515085e+00,6.462942165242744785e+00
5.378818100581987892e+03,-2.611216591617242102e+03,1.756899003152416583e+02,2.678858392575095877e+02,-6.535409847700991293e+01,0.000000000000000000e+00,5.201768778423768502e+00,6.462942165302283826e+00
5.405606684507371028e+03,-2.617752001464918976e+03,1.756899003152417436e+02,2.678858392570484739e+02,-6.535409847696736563e+01,0.000000000000000000e+00,5.201768855953532444e+00,6.462942165233148017e+00
5.432395268432752346e+03,-2.624287411312608583e+03,1.756899003152416299e+02,2.678858392687381524e+02,-6.535409847672340788e+01,0.000000000000000000e+00,5.201768703332668053e+00,6.462942165201112310e+00
5.459183852358135482e+03,-2.630822821160282729e+03,1.756899003152417436e+02,2.678858392484424940e+02,-6.535409847672612216e+01,0.000000000000000000e+00,5.201768865094087424e+00,6.462942165304315090e+00
5.485972436283514980e+03,-2.637358231007963695e+03,1.756899003152417720e+02,2.678858392587577555e+02,-6.535409847688860907e+01,0.000000000000000000e+00,5.201768694410342064e+00,6.462942165389009119e+00
5.512761020208897207e+03,-2.643893640855638751e+03,1.756899003152416867e+02,2.678858392602097638e+02,-6.535409847680401185e+01,0.000000000000000000e+00,5.201768862675667293e+00,6.462942165238898973e+00
5.539549604134280344e+03,-2.650429050703319717e+03,1.756899003152415162e+02,2.678858392744573393e+02,-6.535409847686827334e+01,0.000000000000000000e+00,5.201769393379867878e+00,6.462942165283203089e+00
5.566338188059662571e+03,-2.656964460551005232e+03,1.756899003152415730e+02,2.678858392526713601e+02,-6.535409847679952122e+01,0.000000000000000000e+00,5.201769240231409519e+00,6.462942165365088698e+00
5.593126771985043888e+03,-2.663499870398673011e+03,1.756899003152417720e+02,2.678858392549079781e+02,-6.535409847696499241e+01,0.000000000000000000e+00,5.201769393945789410e+00,6.462942165063642719e+00
5.619915355910427024e+03,-2.670035280246368075e+03,1.756899003152415446e+02,2.678858392455604758e+02,-6.535409847672750061e+01,0.000000000000000000e+00,5.201769107606142306e+00,6.462942165314719212e+00
5.646703939835811070e+03,-2.676570690094029942e+03,1.756899003152416299e+02,2.678858392368805426e+02,-6.535409847662833727e+01,0.000000000000000000e+00,5.201768533010494799e+00,6.462942165293995345e+00
5.673492523761192388e+03,-2.683106099941707271e+03,1.756899003152416299e+02,2.678858392458733988e+02,-6.535409847681602002e+01,0.000000000000000000e+00,5.201768741558721487e+00,6.462942165386660776e+00
5.700281107686575524e+03,-2.689641509789404608e+03,1.756899003152415730e+02,2.678858392556448393e+02,-6.535409847673660977e+01,0.000000000000000000e+00,5.201768711222501729e+00,6.462942165336849065e+00
5.727069691611956841e+03,-2.696176919637077845e+03,1.756899003152417436e+02,2.678858392506112409e+02,-6.535409847662580773e+01,0.000000000000000000e+00,5.201768995642069626e+00,6.462942165326153621e+00
5.753858275537338159e+03,-2.702712329484757902e+03,1.756899003152416867e+02,2.678858392711661622e+02,-6.535409847678359085e+01,0.000000000000000000e+00,5.201769021334940568e+00,6.462942165431354802e+00
5.780646859462722205e+03,-2.709247739332423862e+03,1.756899003152418288e+02,2.678858392576104279e+02,-6.535409847693726704e+01,0.000000000000000000e+00,5.201769069226793718e+00,6.462942165312433929e+00
5.807435443388103522e+03,-2.715783149180110740e+03,1.756899003152418288e+02,2.678858392567244664e+02,-6.535409847704890751e+01,0.000000000000000000e+00,5.201769322855172462e+00,6.462942165204738743e+00
5.834224027313485749e+03,-2.722318559027794436e+03,1.756899003152417720e+02,2.678858392651291069e+02,-6.535409847680998041e+01,0.000000000000000000e+00,5.201768369237587564e+00,6.462942165241573278e+00
5.861012611238867976e+03,-2.728853968875465853e+03,1.756899003152416867e+02,2.678858392575265839e+02,-6.535409847668553596e+01,0.000000000000000000e+00,5.201769017508770077e+00,6.462942165206802869e+00
5.887801195164252022e+03,-2.735389378723134541e+03,1.756899003152417151e+02,2.678858392570218712e+02,-6.535409847668847760e+01,0.000000000000000000e+00,5.201768905906170914e+00,6.462942165382108861e+00
5.914589779089631520e+03,-2.741924788570834608e+03,1.756899003152417720e+02,2.678858392518962432e+02,-6.535409847635322933e+01,0.000000000000000000e+00,5.201768781972205602e+00,6.462942165339390144e+00
5.941378363015014656e+03,-2.748460198418524669e+03,1.756899003152417436e+02,2.678858392452457338e+02,-6.535409847631284208e+01,0.000000000000000000e+00,5.201769132614153079e+00,6.462942165305308961e+00
5.968166946940396883e+03,-2.754995608266186537e+03,1.756899003152415446e+02,2.678858392386203491e+02,-6.535409847683479256e+01,0.000000000000000000e+00,5.201768852797045817e+00,6.462942165297941521e+00
5.994955530865779110e+03,-2.761531018113867958e+03,1.756899003152418288e+02,2.678858392595475948e+02,-6.535409847662384664e+01,0.000000000000000000e+00,5.201768433273602277e+00,6.462942165283051210e+00
6.021744114791161337e+03,-2.768066427961549834e+03,1.756899003152418857e+02,2.678858392488388631e+02,-6.535409847678452877e+01,0.000000000000000000e+00,5.201769089267918034e+00,6.462942165303800834e+00
6.048532698716541745e+03,-2.774601837809237622e+03,1.756899003152417151e+02,2.678858392552355667e+02,-6.535409847647045467e+01,0.000000000000000000e+00,5.201769416178027683e+00,6.462942165206214007e+00
6.075321282641925791e+03,-2.781137247656909949e+03,1.756899003152418288e+02,2.678858392573652623e+02,-6.535409847638575798e+01,0.000000000000000000e+00,5.201768824200184049e+00,6.462942165258699134e+00
6.102109866567305289e+03,-2.787672657504581821e+03,1.756899003152416583e+02,2.678858392499764705e+02,-6.535409847681883377e+01,0.000000000000000000e+00,5.201768648782559623e+00,6.462942165175820541e+00
6.128898450492690245e+03,-2.794208067352273247e+03,1.756899003152416867e+02,2.678858392554731154e+02,-6.535409847672937644e+01,0.000000000000000000e+00,5.201769165186370891e+00,6.462942165244016657e+00
6.155687034418073381e+03,-2.800743477199959671e+03,1.756899003152416014e+02,2.678858392562387962e+02,-6.535409847684695706e+01,0.000000000000000000e+00,5.201769249839975018e+00,6.462942165256320592e+00
6.182475618343453789e+03,-2.807278887047636545e+03,1.756899003152417720e+02,2.678858392514782167e+02,-6.535409847682610973e+01,0.000000000000000000e+00,5.201768648161011477e+00,6.462942165268861672e+00
6.209264202268836925e+03,-2.813814296895323423e+03,1.756899003152416583e+02,2.678858392355606952e+02,-6.535409847666718974e+01,0.000000000000000000e+00,5.201768457736541507e+00,6.462942165300705533e+00
6.236052786194218243e+03,-2.820349706742984381e+03,1.756899003152417436e+02,2.678858392597043121e+02,-6.535409847664362815e+01,0.000000000000000000e+00,5.201768757974269519e+00,6.462942165236350789e+00
6.262841370119601379e+03,-2.826885116590666257e+03,1.756899003152415162e+02,2.678858392517327047e+02,-6.535409847669856731e+01,0.000000000000000000e+00,5.201769196036623910e+00,6.462942165480275669e+00
6.289629954044983606e+03,-2.833420526438356774e+03,1.756899003152415730e+02,2.678858392550152416e+02,-6.535409847691620655e+01,0.000000000000000000e+00,5.201768856082556347e+00,6.462942165382053794e+00
6.316418537970365833e+03,-2.839955936286026827e+03,1.756899003152414593e+02,2.678858392542904880e+02,-6.535409847672443107e+01,0.000000000000000000e+00,5.201768868080501207e+00,6.462942165215868506e+00
6.343207121895748060e+03,-2.846491346133711886e+03,1.756899003152416867e+02,2.678858392509254145e+02,-6.535409847681324891e+01,0.000000000000000000e+00,5.201768931201287138e+00,6.462942165252928639e+00
6.369995705821130286e+03,-2.853026755981391489e+03,1.756899003152416583e+02,2.678858392517033735e+02,-6.535409847691320806e+01,0.000000000000000000e+00,5.201768881128526978e+00,6.462942165243211079e+00
6.396784289746512513e+03,-2.859562165829066544e+03,1.756899003152417436e+02,2.678858392553227645e+02,-6.535409847664638505e+01,0.000000000000000000e+00,5.201768898440550792e+00,6.462942165209427436e+00
6.423572873671893831e+03,-2.866097575676737051e+03,1.756899003152416583e+02,2.678858392532544599e+02,-6.535409847696364238e+01,0.000000000000000000e+00,5.201768810977339896e+00,6.462942165488097856e+00
6.450361457597276058e+03,-2.872632985524437117e+03,1.756899003152417151e+02,2.678858392424121462e+02,-6.535409847674523576e+01,0.000000000000000000e+00,5.201768599754561073e+00,6.462942165294043306e+00
6.477150041522658285e+03,-2.879168395372103532e+03,1.756899003152416583e+02,2.678858392612016246e+02,-6.535409847689402341e+01,0.000000000000000000e+00,5.201768526373082402e+00,6.462942165319840448e+00
6.503938625448040511e+03,-2.885703805219785409e+03,1.756899003152416014e+02,2.678858392521186715e+02,-6.535409847706380049e+01,0.000000000000000000e+00,5.201768960736688818e+00,6.462942165297053343e+00
6.530727209373422738e+03,-2.892239215067467740e+03,1.756899003152415162e+02,2.678858392656877641e+02,-6.535409847684073270e+01,0.000000000000000000e+00,5.201768734137321992e+00,6.462942165313191545e+00
6.557515793298806784e+03,-2.898774624915146887e+03,1.756899003152416299e+02,2.678858392458708977e+02,-6.535409847711957809e+01,0.000000000000000000e+00,5.201769020155804668e+00,6.462942165284431439e+00
6.584304377224189011e+03,-2.905310034762831037e+03,1.756899003152417436e+02,2.678858392452667658e+02,-6.535409847667621364e+01,0.000000000000000000e+00,5.201769653013561090e+00,6.462942165265411987e+00
6.611092961149571238e+03,-2.911845444610502000e+03,1.756899003152416867e+02,2.678858392526989860e+02,-6.535409847705443553e+01,0.000000000000000000e+00,5.201768720339044805e+00,6.462942165301075903e+00
6.637881545074953465e+03,-2.918380854458178419e+03,1.756899003152416299e+02,2.678858392609964199e+02,-6.535409847681010831e+01,0.000000000000000000e+00,5.201768653169353662e+00,6.462942165147063101e+00
6.664670129000334782e+03,-2.924916264305865752e+03,1.756899003152416867e+02,2.678858392572093976e+02,-6.535409847661131266e+01,0.000000000000000000e+00,5.201768542991612954e+00,6.462942165406262873e+00
6.691458712925717919e+03,-2.931451674153548538e+03,1.756899003152416867e+02,2.678858392476811900e+02,-6.535409847680148232e+01,0.000000000000000000e+00,5.201769094366948565e+00,6.462942165400522576e+00
6.718247296851098326e+03,-2.937987084001229050e+03,1.756899003152416867e+02,2.678858392392265273e+02,-6.535409847711670750e+01,0.000000000000000000e+00,5.201768933163172015e+00,6.462942165471675438e+00
6.745035880776481463e+03,-2.944522493848924569e+03,1.756899003152415162e+02,2.678858392428232946e+02,-6.535409847687851936e+01,0.000000000000000000e+00,5.201768910552063474e+00,6.462942165375132220e+00
6.771824464701863690e+03,-2.951057903696580070e+03,1.756899003152417436e+02,2.678858392443215166e+02,-6.535409847684030638e+01,0.000000000000000000e+00,5.201768554940902511e+00,6.462942165267265615e+00
