7.450984446435900566e+01,-1.199709208951760964e+01,-1.699976015163952692e+00,0.000000000000000000e+00,0.000000000000000000e+00,0.000000000000000000e+00,5.585165533850192432e+00,4.728658067754500927e+00
7.438857416640571785e+01,-1.293063656678127060e+01,-1.699976015163952692e+00,-1.212702979532894076e+00,-9.335444772636616761e+00,0.000000000000000000e+00,5.585165533850192432e+00,4.728658067754500927e+00
7.426730386845243004e+01,-1.386418104404493157e+01,-1.699976015163952692e+00,-1.212702979532894076e+00,-9.335444772636616761e+00,0.000000000000000000e+00,5.585165533850192432e+00,4.728658067754500927e+00
7.414603357049914223e+01,-1.479772552130859253e+01,-1.699976015163952692e+00,-1.212702979532894076e+00,-9.335444772636616761e+00,0.000000000000000000e+00,5.585165533850192432e+00,4.728658067754500927e+00
7.402476327254585442e+01,-1.573126999857225350e+01,-1.699976015163952692e+00,-1.212702979532894076e+00,-9.335444772636616761e+00,0.000000000000000000e+00,5.585165533850192432e+00,4.728658067754500927e+00
7.390349297459256661e+01,-1.666481447583591446e+01,-1.699976015163952692e+00,-1.212702979532894076e+00,-9.335444772636616761e+00,0.000000000000000000e+00,5.585165533850192432e+00,4.728658067754500927e+00
7.378222267663927880e+01,-1.759835895309957721e+01,-1.699976015163952692e+00,-1.212702979532894076e+00,-9.335444772636616761e+00,0.000000000000000000e+00,5.585165533850192432e+00,4.728658067754500927e+00
7.366095237868599099e+01,-1.853190343036323995e+01,-1.699976015163952692e+00,-1.212702979532894076e+00,-9.335444772636616761e+00,0.000000000000000000e+00,5.585165533850192432e+00,4.728658067754500927e+00
7.353968208073270318e+01,-1.946544790762690269e+01,-1.699976015163952692e+00,-1.212702979532894076e+00,-9.335444772636616761e+00,0.000000000000000000e+00,5.585165533850192432e+00,4.728658067754500927e+00
7.341841178277941538e+01,-2.039899238489056543e+01,-1.699976015163952692e+00,-1.212702979532894076e+00,-9.335444772636616761e+00,0.000000000000000000e+00,5.585165533850192432e+00,4.728658067754500927e+00
7.329714148482612757e+01,-2.133253686215422817e+01,-1.699976015163952692e+00,-1.212702979532894076e+00,-9.335444772636616761e+00,0.000000000000000000e+00,5.585165533850192432e+00,4.728658067754500927e+00
7.317587118687283976e+01,-2.226608133941789092e+01,-1.699976015163952692e+00,-1.212702979532894076e+00,-9.335444772636616761e+00,0.000000000000000000e+00,5.585165533850192432e+00,4.728658067754500927e+00
7.305460088891955195e+01,-2.319962581668155366e+01,-1.699976015163952692e+00,-1.212702979532894076e+00,-9.335444772636616761e+00,0.000000000000000000e+00,5.585165533850192432e+00,4.728658067754500927e+00
7.293333059096626414e+01,-2.413317029394521640e+01,-1.699976015163952692e+00,-1.212702979532894076e+00,-9.335444772636616761e+00,0.000000000000000000e+00,5.585165533850192432e+00,4.728658067754500927e+00
7.281206029301297633e+01,-2.506671477120887914e+01,-1.699976015163952692e+00,-1.212702979532894076e+00,-9.335444772636616761e+00,0.000000000000000000e+00,5.585165533850192432e+00,4.728658067754500927e+00
7.269078999505968852e+01,-2.600025924847254188e+01,-1.699976015163952692e+00,-1.212702979532894076e+00,-9.335444772636616761e+00,0.000000000000000000e+00,5.585165533850192432e+00,4.728658067754500927e+00
7.256951969710640071e+01,-2.693380372573620463e+01,-1.699976015163952692e+00,-1.212702979532894076e+00,-9.335444772636616761e+00,0.000000000000000000e+00,5.585165533850192432e+00,4.728658067754500927e+00
7.244824939915311290e+01,-2.786734820299986737e+01,-1.699976015163952692e+00,-1.212702979532894076e+00,-9.335444772636616761e+00,0.000000000000000000e+00,5.585165533850192432e+00,4.728658067754500927e+00
7.232697910119982510e+01,-2.880089268026353011e+01,-1.699976015163952692e+00,-1.212702979532894076e+00,-9.335444772636616761e+00,0.000000000000000000e+00,5.585165533850192432e+00,4.728658067754500927e+00
7.220570880324653729e+01,-2.973443715752719285e+01,-1.699976015163952692e+00,-1.212702979532894076e+00,-9.335444772636616761e+00,0.000000000000000000e+00,5.585165533850192432e+00,4.728658067754500927e+00
7.208443850529324948e+01,-3.066798163479085559e+01,-1.699976015163952692e+00,-1.212702979532894076e+00,-9.335444772636616761e+00,0.000000000000000000e+00,5.585165533850192432e+00,4.728658067754500927e+00
7.196316820733996167e+01,-3.160152611205451834e+01,-1.699976015163952692e+00,-1.212702979532894076e+00,-9.335444772636616761e+00,0.000000000000000000e+00,5.585165533850192432e+00,4.728658067754500927e+00
7.184189790938667386e+01,-3.253507058931818108e+01,-1.699976015163952692e+00,-1.212702979532894076e+00,-9.335444772636616761e+00,0.000000000000000000e+00,5.585165533850192432e+00,4.728658067754500927e+00
7.172062761143338605e+01,-3.346861506658184027e+01,-1.699976015163952692e+00,-1.212702979532894076e+00,-9.335444772636616761e+00,0.000000000000000000e+00,5.585165533850192432e+00,4.728658067754500927e+00
7.159935731348009824e+01,-3.440215954384549946e+01,-1.699976015163952692e+00,-1.212702979532894076e+00,-9.335444772636616761e+00,0.000000000000000000e+00,5.585165533850192432e+00,4.728658067754500927e+00
7.147808701552681043e+01,-3.533570402110915865e+01,-1.699976015163952692e+00,-1.212702979532894076e+00,-9.335444772636616761e+00,0.000000000000000000e+00,5.585165533850192432e+00,4.728658067754500927e+00
7.135681671757352262e+01,-3.626924849837281783e+01,-1.699976015163952692e+00,-1.212702979532894076e+00,-9.335444772636616761e+00,0.000000000000000000e+00,5.585165533850192432e+00,4.728658067754500927e+00
7.123554641962023481e+01,-3.720279297563647702e+01,-1.699976015163952692e+00,-1.212702979532894076e+00,-9.335444772636616761e+00,0.000000000000000000e+00,5.585165533850192432e+00,4.728658067754500927e+00
7.111427612166694701e+01,-3.813633745290013621e+01,-1.699976015163952692e+00,-1.212702979532894076e+00,-9.335444772636616761e+00,0.000000000000000000e+00,5.585165533850192432e+00,4.728658067754500927e+00
7.099300582371365920e+01,-3.906988193016379540e+01,-1.699976015163952692e+00,-1.212702979532894076e+00,-9.335444772636616761e+00,0.000000000000000000e+00,5.585165533850192432e+00,4.728658067754500927e+00
7.087173552576037139e+01,-4.000342640742745459e+01,-1.699976015163952692e+00,-1.212702979532894076e+00,-9.335444772636616761e+00,0.000000000000000000e+00,5.585165533850192432e+00,4.728658067754500927e+00
7.075046522780708358e+01,-4.093697088469111378e+01,-1.699976015163952692e+00,-1.212702979532894076e+00,-9.335444772636616761e+00,0.000000000000000000e+00,5.585165533850192432e+00,4.728658067754500927e+00
7.062919492985379577e+01,-4.187051536195477297e+01,-1.699976015163952692e+00,-1.212702979532894076e+00,-9.335444772636616761e+00,0.000000000000000000e+00,5.585165533850192432e+00,4.728658067754500927e+00
7.050792463190050796e+01,-4.280405983921843216e+01,-1.699976015163952692e+00,-1.212702979532894076e+00,-9.335444772636616761e+00,0.000000000000000000e+00,5.585165533850192432e+00,4.728658067754500927e+00
7.038665433394722015e+01,-4.373760431648209135e+01,-1.699976015163952692e+00,-1.212702979532894076e+00,-9.335444772636616761e+00,0.000000000000000000e+00,5.585165533850192432e+00,4.728658067754500927e+00
7.026538403599393234e+01,-4.467114879374575054e+01,-1.699976015163952692e+00,-1.212702979532894076e+00,-9.335444772636616761e+00,0.000000000000000000e+00,5.585165533850192432e+00,4.728658067754500927e+00
7.014411373804064453e+01,-4.560469327100940973e+01,-1.699976015163952692e+00,-1.212702979532894076e+00,-9.335444772636616761e+00,0.000000000000000000e+00,5.585165533850192432e+00,4.728658067754500927e+00
7.002284344008735673e+01,-4.653823774827306892e+01,-1.699976015163952692e+00,-1.212702979532894076e+00,-9.335444772636616761e+00,0.000000000000000000e+00,5.585165533850192432e+00,4.728658067754500927e+00
6.990157314213406892e+01,-4.747178222553672811e+01,-1.699976015163952692e+00,-1.212702979532894076e+00,-9.335444772636616761e+00,0.000000000000000000e+00,5.585165533850192432e+00,4.728658067754500927e+00
6.978030284418078111e+01,-4.840532670280038730e+01,-1.699976015163952692e+00,-1.212702979532894076e+00,-9.335444772636616761e+00,0.000000000000000000e+00,5.585165533850192432e+00,4.728658067754500927e+00
6.965903254622749330e+01,-4.933887118006404648e+01,-1.699976015163952692e+00,-1.212702979532894076e+00,-9.335444772636616761e+00,0.000000000000000000e+00,5.585165533850192432e+00,4.728658067754500927e+00
6.953776224827420549e+01,-5.027241565732770567e+01,-1.699976015163952692e+00,-1.212702979532894076e+00,-9.335444772636616761e+00,0.000000000000000000e+00,5.585165533850192432e+00,4.728658067754500927e+00
6.941649195032091768e+01,-5.120596013459136486e+01,-1.699976015163952692e+00,-1.212702979532894076e+00,-9.335444772636616761e+00,0.000000000000000000e+00,5.585165533850192432e+00,4.728658067754500927e+00
6.929522165236762987e+01,-5.213950461185502405e+01,-1.699976015163952692e+00,-1.212702979532894076e+00,-9.335444772636616761e+00,0.000000000000000000e+00,5.585165533850192432e+00,4.728658067754500927e+00
6.917395135441434206e+01,-5.307304908911868324e+01,-1.699976015163952692e+00,-1.212702979532894076e+00,-9.335444772636616761e+00,0.000000000000000000e+00,5.585165533850192432e+00,4.728658067754500927e+00
6.905268105646105425e+01,-5.400659356638234243e+01,-1.699976015163952692e+00,-1.212702979532894076e+00,-9.335444772636616761e+00,0.000000000000000000e+00,5.585165533850192432e+00,4.728658067754500927e+00
6.893141075850776645e+01,-5.494013804364600162e+01,-1.699976015163952692e+00,-1.212702979532894076e+00,-9.335444772636616761e+00,0.000000000000000000e+00,5.585165533850192432e+00,4.728658067754500927e+00
6.881014046055447864e+01,-5.587368252090966081e+01,-1.699976015163952692e+00,-1.212702979532894076e+00,-9.335444772636616761e+00,0.000000000000000000e+00,5.585165533850192432e+00,4.728658067754500927e+00
6.868887016260119083e+01,-5.680722699817332000e+01,-1.699976015163952692e+00,-1.212702979532894076e+00,-9.335444772636616761e+00,0.000000000000000000e+00,5.585165533850192432e+00,4.728658067754500927e+00
6.856759986464790302e+01,-5.774077147543697919e+01,-1.699976015163952692e+00,-1.212702979532894076e+00,-9.335444772636616761e+00,0.000000000000000000e+00,5.585165533850192432e+00,4.728658067754500927e+00
6.844632956669461521e+01,-5.867431595270063838e+01,-1.699976015163952692e+00,-1.212702979532894076e+00,-9.335444772636616761e+00,0.000000000000000000e+00,5.585165533850192432e+00,4.728658067754500927e+00
6.832505926874132740e+01,-5.960786042996429757e+01,-1.699976015163952692e+00,-1.212702979532894076e+00,-9.335444772636616761e+00,0.000000000000000000e+00,5.585165533850192432e+00,4.728658067754500927e+00
6.820378897078803959e+01,-6.054140490722795676e+01,-1.699976015163952692e+00,-1.212702979532894076e+00,-9.335444772636616761e+00,0.000000000000000000e+00,5.585165533850192432e+00,4.728658067754500927e+00
6.808251867283475178e+01,-6.147494938449161594e+01,-1.699976015163952692e+00,-1.212702979532894076e+00,-9.335444772636616761e+00,0.000000000000000000e+00,5.585165533850192432e+00,4.728658067754500927e+00
6.796124837488146397e+01,-6.240849386175527513e+01,-1.699976015163952692e+00,-1.212702979532894076e+00,-9.335444772636616761e+00,0.000000000000000000e+00,5.585165533850192432e+00,4.728658067754500927e+00
6.783997807692817616e+01,-6.334203833901893432e+01,-1.699976015163952692e+00,-1.212702979532894076e+00,-9.335444772636616761e+00,0.000000000000000000e+00,5.585165533850192432e+00,4.728658067754500927e+00
6.771870777897488836e+01,-6.427558281628259351e+01,-1.699976015163952692e+00,-1.212702979532894076e+00,-9.335444772636616761e+00,0.000000000000000000e+00,5.585165533850192432e+00,4.728658067754500927e+00
6.759743748102160055e+01,-6.520912729354625981e+01,-1.699976015163952692e+00,-1.212702979532894076e+00,-9.335444772636616761e+00,0.000000000000000000e+00,5.585165533850192432e+00,4.728658067754500927e+00
6.747616718306831274e+01,-6.614267177080992610e+01,-1.699976015163952692e+00,-1.212702979532894076e+00,-9.335444772636616761e+00,0.000000000000000000e+00,5.585165533850192432e+00,4.728658067754500927e+00
6.735489688511502493e+01,-6.707621624807359240e+01,-1.699976015163952692e+00,-1.212702979532894076e+00,-9.335444772636616761e+00,0.000000000000000000e+00,5.585165533850192432e+00,4.728658067754500927e+00
6.723362658716173712e+01,-6.800976072533725869e+01,-1.699976015163952692e+00,-1.212702979532894076e+00,-9.335444772636616761e+00,0.000000000000000000e+00,5.585165533850192432e+00,4.728658067754500927e+00
6.711235628920844931e+01,-6.894330520260092499e+01,-1.699976015163952692e+00,-1.212702979532894076e+00,-9.335444772636616761e+00,0.000000000000000000e+00,5.585165533850192432e+00,4.728658067754500927e+00
6.699108599125516150e+01,-6.987684967986459128e+01,-1.699976015163952692e+00,-1.212702979532894076e+00,-9.335444772636616761e+00,0.000000000000000000e+00,5.585165533850192432e+00,4.728658067754500927e+00
6.686981569330187369e+01,-7.081039415712825758e+01,-1.699976015163952692e+00,-1.212702979532894076e+00,-9.335444772636616761e+00,0.000000000000000000e+00,5.585165533850192432e+00,4.728658067754500927e+00
6.674854539534858588e+01,-7.174393863439192387e+01,-1.699976015163952692e+00,-1.212702979532894076e+00,-9.335444772636616761e+00,0.000000000000000000e+00,5.585165533850192432e+00,4.728658067754500927e+00
6.662727509739529808e+01,-7.267748311165559016e+01,-1.699976015163952692e+00,-1.212702979532894076e+00,-9.335444772636616761e+00,0.000000000000000000e+00,5.585165533850192432e+00,4.728658067754500927e+00
6.650600479944201027e+01,-7.361102758891925646e+01,-1.699976015163952692e+00,-1.212702979532894076e+00,-9.335444772636616761e+00,0.000000000000000000e+00,5.585165533850192432e+00,4.728658067754500927e+00
6.638473450148872246e+01,-7.454457206618292275e+01,-1.699976015163952692e+00,-1.212702979532894076e+00,-9.335444772636616761e+00,0.000000000000000000e+00,5.585165533850192432e+00,4.728658067754500927e+00
6.626346420353543465e+01,-7.547811654344658905e+01,-1.699976015163952692e+00,-1.212702979532894076e+00,-9.335444772636616761e+00,0.000000000000000000e+00,5.585165533850192432e+00,4.728658067754500927e+00
6.614219390558214684e+01,-7.641166102071025534e+01,-1.699976015163952692e+00,-1.212702979532894076e+00,-9.335444772636616761e+00,0.000000000000000000e+00,5.585165533850192432e+00,4.728658067754500927e+00
6.602092360762885903e+01,-7.734520549797392164e+01,-1.699976015163952692e+00,-1.212702979532894076e+00,-9.335444772636616761e+00,0.000000000000000000e+00,5.585165533850192432e+00,4.728658067754500927e+00
6.589965330967557122e+01,-7.827874997523758793e+01,-1.699976015163952692e+00,-1.212702979532894076e+00,-9.335444772636616761e+00,0.000000000000000000e+00,5.585165533850192432e+00,4.728658067754500927e+00
6.577838301172228341e+01,-7.921229445250125423e+01,-1.699976015163952692e+00,-1.212702979532894076e+00,-9.335444772636616761e+00,0.000000000000000000e+00,5.585165533850192432e+00,4.728658067754500927e+00
6.565711271376899560e+01,-8.014583892976492052e+01,-1.699976015163952692e+00,-1.212702979532894076e+00,-9.335444772636616761e+00,0.000000000000000000e+00,5.585165533850192432e+00,4.728658067754500927e+00
6.553584241581570780e+01,-8.107938340702858682e+01,-1.699976015163952692e+00,-1.212702979532894076e+00,-9.335444772636616761e+00,0.000000000000000000e+00,5.585165533850192432e+00,4.728658067754500927e+00
6.541457211786241999e+01,-8.201292788429225311e+01,-1.699976015163952692e+00,-1.212702979532894076e+00,-9.335444772636616761e+00,0.000000000000000000e+00,5.585165533850192432e+00,4.728658067754500927e+00
6.529330181990913218e+01,-8.294647236155591941e+01,-1.699976015163952692e+00,-1.212702979532894076e+00,-9.335444772636616761e+00,0.000000000000000000e+00,5.585165533850192432e+00,4.728658067754500927e+00
6.517203152195584437e+01,-8.388001683881958570e+01,-1.699976015163952692e+00,-1.212702979532894076e+00,-9.335444772636616761e+00,0.000000000000000000e+00,5.585165533850192432e+00,4.728658067754500927e+00
6.505076122400255656e+01,-8.481356131608325200e+01,-1.699976015163952692e+00,-1.212702979532894076e+00,-9.335444772636616761e+00,0.000000000000000000e+00,5.585165533850192432e+00,4.728658067754500927e+00
6.492949092604926875e+01,-8.574710579334691829e+01,-1.699976015163952692e+00,-1.212702979532894076e+00,-9.335444772636616761e+00,0.000000000000000000e+00,5.585165533850192432e+00,4.728658067754500927e+00
6.480822062809598094e+01,-8.668065027061058458e+01,-1.699976015163952692e+00,-1.212702979532894076e+00,-9.335444772636616761e+00,0.000000000000000000e+00,5.585165533850192432e+00,4.728658067754500927e+00
6.468695033014269313e+01,-8.761419474787425088e+01,-1.699976015163952692e+00,-1.212702979532894076e+00,-9.335444772636616761e+00,0.000000000000000000e+00,5.585165533850192432e+00,4.728658067754500927e+00
6.456568003218940532e+01,-8.854773922513791717e+01,-1.699976015163952692e+00,-1.212702979532894076e+00,-9.335444772636616761e+00,0.000000000000000000e+00,5.585165533850192432e+00,4.728658067754500927e+00
6.444440973423611752e+01,-8.948128370240158347e+01,-1.699976015163952692e+00,-1.212702979532894076e+00,-9.335444772636616761e+00,0.000000000000000000e+00,5.585165533850192432e+00,4.728658067754500927e+00
6.432313943628282971e+01,-9.041482817966524976e+01,-1.699976015163952692e+00,-1.212702979532894076e+00,-9.335444772636616761e+00,0.000000000000000000e+00,5.585165533850192432e+00,4.728658067754500927e+00
6.420186913832954190e+01,-9.134837265692891606e+01,-1.699976015163952692e+00,-1.212702979532894076e+00,-9.335444772636616761e+00,0.000000000000000000e+00,5.585165533850192432e+00,4.728658067754500927e+00
6.408059884037625409e+01,-9.228191713419258235e+01,-1.699976015163952692e+00,-1.212702979532894076e+00,-9.335444772636616761e+00,0.000000000000000000e+00,5.585165533850192432e+00,4.728658067754500927e+00
6.395932854242296628e+01,-9.321546161145624865e+01,-1.699976015163952692e+00,-1.212702979532894076e+00,-9.335444772636616761e+00,0.000000000000000000e+00,5.585165533850192432e+00,4.728658067754500927e+00
6.383805824446967847e+01,-9.414900608871991494e+01,-1.699976015163952692e+00,-1.212702979532894076e+00,-9.335444772636616761e+00,0.000000000000000000e+00,5.585165533850192432e+00,4.728658067754500927e+00
6.371678794651639066e+01,-9.508255056598358124e+01,-1.699976015163952692e+00,-1.212702979532894076e+00,-9.335444772636616761e+00,0.000000000000000000e+00,5.585165533850192432e+00,4.728658067754500927e+00
6.359551764856310285e+01,-9.601609504324724753e+01,-1.699976015163952692e+00,-1.212702979532894076e+00,-9.335444772636616761e+00,0.000000000000000000e+00,5.585165533850192432e+00,4.728658067754500927e+00
6.347424735060981504e+01,-9.694963952051091383e+01,-1.699976015163952692e+00,-1.212702979532894076e+00,-9.335444772636616761e+00,0.000000000000000000e+00,5.585165533850192432e+00,4.728658067754500927e+00
6.335297705265652723e+01,-9.788318399777458012e+01,-1.699976015163952692e+00,-1.212702979532894076e+00,-9.335444772636616761e+00,0.000000000000000000e+00,5.585165533850192432e+00,4.728658067754500927e+00
6.323170675470323943e+01,-9.881672847503824642e+01,-1.699976015163952692e+00,-1.212702979532894076e+00,-9.335444772636616761e+00,0.000000000000000000e+00,5.585165533850192432e+00,4.728658067754500927e+00
6.311043645674995162e+01,-9.975027295230191271e+01,-1.699976015163952692e+00,-1.212702979532894076e+00,-9.335444772636616761e+00,0.000000000000000000e+00,5.585165533850192432e+00,4.728658067754500927e+00
6.298916615879666381e+01,-1.006838174295655790e+02,-1.699976015163952692e+00,-1.212702979532894076e+00,-9.335444772636616761e+00,0.000000000000000000e+00,5.585165533850192432e+00,4.728658067754500927e+00
6.286789586084337600e+01,-1.016173619068292453e+02,-1.699976015163952692e+00,-1.212702979532894076e+00,-9.335444772636616761e+00,0.000000000000000000e+00,5.585165533850192432e+00,4.728658067754500927e+00
6.274662556289008819e+01,-1.025509063840929116e+02,-1.699976015163952692e+00,-1.212702979532894076e+00,-9.335444772636616761e+00,0.000000000000000000e+00,5.585165533850192432e+00,4.728658067754500927e+00
6.262535526493680038e+01,-1.034844508613565779e+02,-1.699976015163952692e+00,-1.212702979532894076e+00,-9.335444772636616761e+00,0.000000000000000000e+00,5.585165533850192432e+00,4.728658067754500927e+00
6.250408496698351257e+01,-1.044179953386202442e+02,-1.699976015163952692e+00,-1.212702979532894076e+00,-9.335444772636616761e+00,0.000000000000000000e+00,5.585165533850192432e+00,4.728658067754500927e+00
6.238281466903022476e+01,-1.053515398158839105e+02,-1.699976015163952692e+00,-1.212702979532894076e+00,-9.335444772636616761e+00,0.000000000000000000e+00,5.585165533850192432e+00,4.728658067754500927e+00
6.213114814469226843e+01,-1.072888805981943250e+02,-9.075241345579077024e-01,-2.516665243379592187e+00,-1.937340782310414511e+01,7.924518806060449450e+00,5.585165533850192432e+00,4.728658067754500927e+00
6.333398828042125217e+01,-1.088282963815858579e+02,-1.150722539518627130e-01,1.202840135728982851e+01,-1.539415783391530468e+01,7.924518806060449450e+00,5.585165533850192432e+00,4.728658067754500927e+00
6.527468653265538023e+01,-1.090526078615660026e+02,6.773796266541822764e-01,1.940698252234127708e+01,-2.243114799801377401e+00,7.924518806060449450e+00,5.585165533850192432e+00,4.728658067754500927e+00
6.679698070607506111e+01,-1.078281709314434380e+02,1.469831507260227266e+00,1.522294173419677854e+01,1.224436930122567624e+01,7.924518806060449450e+00,5.585165533850192432e+00,4.728658067754500927e+00
6.699389250003299878e+01,-1.058845014400751836e+02,2.262283387866272477e+00,1.969117939579434262e+00,1.943669491368257951e+01,7.924518806060449450e+00,5.585165533850192432e+00,4.728658067754500927e+00
6.574810245855297808e+01,-1.043796318381412931e+02,3.054735268472317244e+00,-1.245790041480023014e+01,1.504869601933895318e+01,7.924518806060449450e+00,5.585165533850192432e+00,4.728658067754500927e+00
6.380184855016550216e+01,-1.042101589188828967e+02,3.847187149078362012e+00,-1.946253908387473786e+01,1.694729192583897870e+00,7.924518806060449450e+00,5.585165533850192432e+00,4.728658067754500927e+00
6.231470301345574114e+01,-1.054770541390647907e+02,4.639639029684406779e+00,-1.487145536709761551e+01,-1.266895220181887360e+01,7.924518806060449450e+00,5.585165533850192432e+00,4.728658067754500927e+00
6.217270269678805761e+01,-1.074255051280151747e+02,5.432090910290451546e+00,-1.420003166676809148e+00,-1.948450988950390794e+01,7.924518806060449450e+00,5.585165533850192432e+00,4.728658067754500927e+00
6.346045096273942221e+01,-1.088946306331421994e+02,6.224542790896496314e+00,1.287748265951366911e+01,-1.469125505127021114e+01,7.924518806060449450e+00,5.585165533850192432e+00,4.728658067754500927e+00
6.541071125854135460e+01,-1.090091300868266160e+02,7.016994671502541081e+00,1.950260295801933808e+01,-1.144994536844229360e+00,7.924518806060449450e+00,5.585165533850192432e+00,4.728658067754500927e+00
6.686152435200892796e+01,-1.077007850581363613e+02,7.809446552108585848e+00,1.450813093467579939e+01,1.308345028690256839e+01,7.924518806060449450e+00,5.585165533850192432e+00,4.728658067754500927e+00
6.694850015544042776e+01,-1.057491035892760038e+02,8.601898432714630616e+00,8.697580343150440596e-01,1.951681468860357427e+01,7.924518806060449450e+00,5.585165533850192432e+00,4.728658067754500927e+00
6.561981874613555021e+01,-1.043168916430742286e+02,9.394350313320675383e+00,-1.328681409304879679e+01,1.432211946201774921e+01,7.924518806060449450e+00,5.585165533850192432e+00,4.728658067754500927e+00
6.366710452084664240e+01,-1.042574567995073807e+02,1.018680219392672015e+01,-1.952714225288908167e+01,5.943484356685448944e-01,7.924518806060449450e+00,5.585165533850192432e+00,4.728658067754500927e+00
6.225377875558357488e+01,-1.056062101600292493e+02,1.097925407453276492e+01,-1.413325765263066813e+01,-1.348753360521872580e+01,7.924518806060449450e+00,5.585165533850192432e+00,4.728658067754500927e+00
6.222189670039027476e+01,-1.075595685195813616e+02,1.177170595513880968e+01,-3.188205519329901927e-01,-1.953358359552115076e+01,7.924518806060449450e+00,5.585165533850192432e+00,4.728658067754500927e+00
6.359045358808393189e+01,-1.089537268288926555e+02,1.256415783574485445e+01,1.368556887693660329e+01,-1.394158309311291788e+01,7.924518806060449450e+00,5.585165533850192432e+00,4.728658067754500927e+00
6.554406733154061726e+01,-1.089580497506603933e+02,1.335660971635089922e+01,1.953613743456691410e+01,-4.322921767731127685e-02,7.924518806060449450e+00,5.585165533850192432e+00,4.728658067754500927e+00
6.691878072452524862e+01,-1.075699617010669300e+02,1.414906159695694399e+01,1.374713392984629046e+01,1.388088049593456752e+01,7.924518806060449450e+00,5.585165533850192432e+00,4.728658067754500927e+00
6.689554365253506774e+01,-1.056164813748898723e+02,1.494151347756298875e+01,-2.323707199018659741e-01,1.953480326177051651e+01,7.924518806060449450e+00,5.585165533850192432e+00,4.728658067754500927e+00
6.548820069333542904e+01,-1.042614864887494548e+02,1.573396535816903352e+01,-1.407342959199632304e+01,1.354994886140423560e+01,7.924518806060449450e+00,5.585165533850192432e+00,4.728658067754500927e+00
6.353524255907000651e+01,-1.043122789299390263e+02,1.652641723877507829e+01,-1.952958134265422885e+01,-5.079244118957131349e-01,7.924518806060449450e+00,5.585165533850192432e+00,4.728658067754500927e+00
6.220023584598498445e+01,-1.057385967144083168e+02,1.731886911938112306e+01,-1.335006713085022234e+01,-1.426317784469296690e+01,7.924518806060449450e+00,5.585165533850192432e+00,4.728658067754500927e+00
6.227857354784488564e+01,-1.076906439860548801e+02,1.811132099998716782e+01,7.833770185990319712e-01,-1.952047271646561910e+01,7.924518806060449450e+00,5.585165533850192432e+00,4.728658067754500927e+00
6.372358229694582121e+01,-1.090053968378476554e+02,1.890377288059321259e+01,1.445008749100936818e+01,-1.314752851792770905e+01,7.924518806060449450e+00,5.585165533850192432e+00,4.728658067754500927e+00
6.567433021654289860e+01,-1.088995294658052302e+02,1.969622476119925736e+01,1.950747919597073121e+01,1.058673720424255116e+00,7.924518806060449450e+00,5.585165533850192432e+00,4.728658067754500927e+00
6.696856754965723724e+01,-1.074361173325192738e+02,2.048867664180530213e+01,1.294237333114334021e+01,1.463412133285963357e+01,7.924518806060449450e+00,5.585165533850192432e+00,4.728658067754500927e+00
6.683519157677609712e+01,-1.054870569958099509e+02,2.128112852241134689e+01,-1.333759728811444223e+00,1.949060336709329988e+01,7.924518806060449450e+00,5.585165533850192432e+00,4.728658067754500927e+00
6.535366730232708221e+01,-1.042135927558354638e+02,2.207358040301739166e+01,-1.481524274449013490e+01,1.273464239974488343e+01,7.924518806060449450e+00,5.585165533850192432e+00,4.728658067754500927e+00
6.340668244348707105e+01,-1.043744507855486745e+02,2.286603228362343643e+01,-1.946984858840011867e+01,-1.608580297132111037e+00,7.924518806060449450e+00,5.585165533850192432e+00,4.728658067754500927e+00
6.215424473692751661e+01,-1.058737923535255447e+02,2.365848416422948119e+01,-1.252437706559553732e+01,-1.499341567976864731e+01,7.924518806060449450e+00,5.585165533850192432e+00,4.728658067754500927e+00
6.234255281008598359e+01,-1.078183142525688112e+02,2.445093604483552596e+01,1.883080731584695355e+00,-1.944521899043264312e+01,7.924518806060449450e+00,5.585165533850192432e+00,4.728658067754500927e+00
6.385941327802179046e+01,-1.090494761700634285e+02,2.524338792544157073e+01,1.516860467935809353e+01,-1.231161917494622138e+01,7.924518806060449450e+00,5.585165533850192432e+00,4.728658067754500927e+00
6.580108522551027761e+01,-1.088337555298554804e+02,2.603583980604761550e+01,1.941671947488490702e+01,2.157206402079527852e+00,7.924518806060449450e+00,5.585165533850192432e+00,4.728658067754500927e+00
6.701072633252103117e+01,-1.072996780420781278e+02,2.682829168665366026e+01,1.209641107010750005e+01,1.534077487777356552e+01,7.924518806060449450e+00,5.585165533850192432e+00,4.728658067754500927e+00
6.676763605720991279e+01,-1.053612424707153252e+02,2.762074356725970503e+01,-2.430902753111115810e+00,1.938435571362805376e+01,7.924518806060449450e+00,5.585165533850192432e+00,4.728658067754500927e+00
6.521664685617780322e+01,-1.041733629126130438e+02,2.841319544786574980e+01,-1.550989201032109932e+01,1.187879558102274480e+01,7.924518806060449450e+00,5.585165533850192432e+00,4.728658067754500927e+00
6.328183344141964994e+01,-1.044437744440746059e+02,2.920564732847179457e+01,-1.934813414758150074e+01,-2.704115314615582744e+00,7.924518806060449450e+00,5.585165533850192432e+00,4.728658067754500927e+00
6.211595183974522172e+01,-1.060113666860662960e+02,2.999809920907783933e+01,-1.165881601674429824e+01,-1.567592241991693491e+01,7.924518806060449450e+00,5.585165533850192432e+00,4.728658067754500927e+00
6.241363081102633004e+01,-1.079421728846094055e+02,3.079055108968388410e+01,2.976789712811104049e+00,-1.930806198543110597e+01,7.924518806060449450e+00,5.585165533850192432e+00,4.728658067754500927e+00
6.399751411740491136e+01,-1.090858245002908262e+02,3.158300297028992887e+01,1.583883306378581324e+01,-1.143651615681423728e+01,7.924518806060449450e+00,5.585165533850192432e+00,4.728658067754500927e+00
6.592392883762435929e+01,-1.087609373321889024e+02,3.237545485089597719e+01,1.926414720219453258e+01,3.248871681019182223e+00,7.924518806060449450e+00,5.585165533850192432e+00,4.728658067754500927e+00
6.704512286187950565e+01,-1.071610781801851999e+02,3.316790673150202196e+01,1.121194024255148847e+01,1.599859152003707585e+01,7.924518806060449450e+00,5.585165533850192432e+00,4.728658067754500927e+00
6.669309215483303888e+01,-1.052394383264217907e+02,3.396035861210806672e+01,-3.520307070464675281e+00,1.921639853763405270e+01,7.924518806060449450e+00,5.585165533850192432e+00,4.728658067754500927e+00
6.507757555542133332e+01,-1.041409250295970566e+02,3.475281049271411149e+01,-1.615516599411699161e+01,1.098513296824730112e+01,7.924518806060449450e+00,5.585165533850192432e+00,4.728658067754500927e+00
6.316109300596960452e+01,-1.045200292157022517e+02,3.554526237332015626e+01,-1.916482549451727024e+01,-3.791041861052015793e+00,7.924518806060449450e+00,5.585165533850192432e+00,4.728658067754500927e+00
6.208547905874260664e+01,-1.061508817482159088e+02,3.633771425392620102e+01,-1.075613947227000367e+01,-1.630852532513663178e+01,7.924518806060449450e+00,5.585165533850192432e+00,4.728658067754500927e+00
6.249158127595426038e+01,-1.080618255818884847e+02,3.713016613453224579e+01,4.061022172116508955e+00,-1.910943833672580539e+01,7.924518806060449450e+00,5.585165533850192432e+00,4.728658067754500927e+00
6.413744517516158794e+01,-1.091143261146966807e+02,3.792261801513829056e+01,1.645863899207325431e+01,-1.052500532808196176e+01,7.924518806060449450e+00,5.585165533850192432e+00,4.728658067754500927e+00
6.604246998388285306e+01,-1.086813066873819622e+02,3.871506989574433533e+01,1.905024808721269736e+01,4.330194273147193407e+00,7.924518806060449450e+00,5.585165533850192432e+00,4.728658067754500927e+00
6.707164763739982050e+01,-1.070207589753975128e+02,3.950752177635038009e+01,1.029177653516965307e+01,1.660547711984449748e+01,7.924518806060449450e+00,5.585165533850192432e+00,4.728658067754500927e+00
6.661179717795180011e+01,-1.051220323228166507e+02,4.029997365695642486e+01,-4.598504594480163910e+00,1.898726652580862151e+01,7.924518806060449450e+00,5.585165533850192432e+00,4.728658067754500927e+00
6.493689612942640110e+01,-1.041163823718277541e+02,4.109242553756246963e+01,-1.674901048525403979e+01,1.005649950988901153e+01,7.924518806060449450e+00,5.585165533850192432e+00,4.728658067754500927e+00
6.304484551073864651e+01,-1.046029723456237406e+02,4.188487741816851440e+01,-1.892050618687751751e+01,-4.865899737959811233e+00,7.924518806060449450e+00,5.585165533850192432e+00,4.728658067754500927e+00
6.206292340311586742e+01,-1.062918933979044880e+02,4.267732929877455916e+01,-9.819221076227819367e+00,-1.688921052280748825e+01,7.924518806060449450e+00,5.585165533850192432e+00,4.728658067754500927e+00
6.257615605187245933e+01,-1.081768914335866896e+02,4.346978117938060393e+01,5.132326487565933348e+00,-1.884998035682204431e+01,7.924518806060449450e+00,5.585165533850192432e+00,4.728658067754500927e+00
6.427876098491219636e+01,-1.091348902792353783e+02,4.426223305998664870e+01,1.702604933039736324e+01,-9.579988456486951520e+00,7.924518806060449450e+00,5.585165533850192432e+00,4.728658067754500927e+00
6.615633129205613727e+01,-1.085951170972349189e+02,4.505468494059269347e+01,1.877570307143936645e+01,5.397731820004596948e+00,7.924518806060449450e+00,5.585165533850192432e+00,4.728658067754500927e+00
6.709021621824437887e+01,-1.068791671297493053e+02,4.584713682119873823e+01,9.338849261882382180e+00,1.715949967485610372e+01,7.924518806060449450e+00,5.585165533850192432e+00,4.728658067754500927e+00
6.652400992671832114e+01,-1.050093982184365302e+02,4.663958870180478300e+01,-5.662062915260638540e+00,1.869768911312780446e+01,7.924518806060449450e+00,5.585165533850192432e+00,4.728658067754500927e+00
6.479505642698073586e+01,-1.040998130701295565e+02,4.743204058241082777e+01,-1.728953499737588828e+01,9.095851483069749221e+00,7.924518806060449450e+00,5.585165533850192432e+00,4.728658067754500927e+00
6.293346102618625082e+01,-1.046923397868405345e+02,4.822449246301687253e+01,-1.861595400794488597e+01,-5.925267167109720567e+00,7.924518806060449450e+00,5.585165533850192432e+00,4.728658067754500927e+00
6.204835667812690758e+01,-1.064339527287199587e+02,4.901694434362291730e+01,-8.851043480593448365e+00,-1.741612941879429144e+01,7.924518806060449450e+00,5.585165533850192432e+00,4.728658067754500927e+00
6.266708589748569125e+01,-1.082870041309716953e+02,4.980939622422896207e+01,6.187292193587826006e+00,-1.853051402251742630e+01,7.924518806060449450e+00,5.585165533850192432e+00,4.728658067754500927e+00
6.442101167196015865e+01,-1.091474515284978963e+02,5.060184810483500684e+01,1.753925774474465626e+01,-8.604473975262076024e+00,7.924518806060449450e+00,5.585165533850192432e+00,4.728658067754500927e+00
6.626515028804057295e+01,-1.085026429437562854e+02,5.139429998544105160e+01,1.844138616080416782e+01,6.448085847416134442e+00,7.924518806060449450e+00,5.585165533850192432e+00,4.728658067754500927e+00
6.710076949188579931e+01,-1.067367533966892665e+02,5.218675186604709637e+01,8.356192038452196158e+00,1.765889547067018128e+01,7.924518806060449450e+00,5.585165533850192432e+00,4.728658067754500927e+00
6.643000986924788265e+01,-1.049018945806180909e+02,5.297920374665314114e+01,-6.707596226379183513e+00,1.834858816071175269e+01,7.924518806060449450e+00,5.585165533850192432e+00,4.728658067754500927e+00
6.465250799057780284e+01,-1.040912698723838616e+02,5.377165562725918591e+01,-1.777501878670074120e+01,8.106247082342328270e+00,7.924518806060449450e+00,5.585165533850192432e+00,4.728658067754500927e+00
6.282729414152134950e+01,-1.047878470407492841e+02,5.456410750786523067e+01,-1.825213849056455828e+01,-6.965771683654259583e+00,7.924518806060449450e+00,5.585165533850192432e+00,4.728658067754500927e+00
6.204182525651344093e+01,-1.065766074989884231e+02,5.535655938847127544e+01,-7.854688850079113216e+00,-1.788760458239142181e+01,7.924518806060449450e+00,5.585165533850192432e+00,4.728658067754500927e+00
6.276408134032243424e+01,-1.083918131335313433e+02,5.614901126907732021e+01,7.222560838089965074e+00,-1.815205634542921231e+01,7.924518806060449450e+00,5.585165533850192432e+00,4.728658067754500927e+00
6.456374438545462624e+01,-1.091519698741191036e+02,5.694146314968336497e+01,1.799663045132190220e+01,-7.601567405877617922e+00,7.924518806060449450e+00,5.585165533850192432e+00,4.728658067754500927e+00
6.636858054978407040e+01,-1.084041786156759173e+02,5.773391503028940974e+01,1.804836164329445936e+01,7.477912584431910759e+00,7.924518806060449450e+00,5.585165533850192432e+00,4.728658067754500927e+00
6.710327386228983926e+01,-1.065939711461203530e+02,5.852636691089545451e+01,7.346933125057725000e+00,1.810207469555568238e+01,7.924518806060449450e+00,5.585165533850192432e+00,4.728658067754500927e+00
6.633009625194048908e+01,-1.047998636440096334e+02,5.931881879150149928e+01,-7.731776103493499086e+00,1.794107502110714236e+01,7.924518806060449450e+00,5.585165533850192432e+00,4.728658067754500927e+00
6.450970461894465302e+01,-1.040907799756077736e+02,6.011127067210754404e+01,-1.820391632995833220e+01,7.090836684018621661e+00,7.924518806060449450e+00,5.585165533850192432e+00,4.728658067754500927e+00
6.272668283587813676e+01,-1.048891900628347571e+02,6.090372255271358881e+01,-1.783021783066513422e+01,-7.984100872269774385e+00,7.924518806060449450e+00,5.585165533850192432e+00,4.728658067754500927e+00
6.204334993086280292e+01,-1.067194035714721423e+02,6.169617443331963358e+01,-6.833329050153371220e+00,-1.830213508637387676e+01,7.924518806060449450e+00,5.585165533850192432e+00,4.728658067754500927e+00
6.286683359826203343e+01,-1.084909847849089317e+02,6.248862631392567835e+01,8.234836673992331768e+00,-1.771581213436795110e+01,7.924518806060449450e+00,5.585165533850192432e+00,4.728658067754500927e+00
6.470650474002788144e+01,-1.091484309320794921e+02,6.328107819453172311e+01,1.839671141765850848e+01,-6.574461471705554949e+00,7.924518806060449450e+00,5.585165533850192432e+00,4.728658067754500927e+00
6.646629281011047397e+01,-1.083000375712671683e+02,6.407353007513776788e+01,1.759788070082599631e+01,8.483933608123278347e+00,7.924518806060449450e+00,5.585165533850192432e+00,4.728658067754500927e+00
6.709772135686748129e+01,-1.064512749211100981e+02,6.486598195574381975e+01,6.314285467570036836e+00,1.848762650157076237e+01,7.924518806060449450e+00,5.585165533850192432e+00,4.728658067754500927e+00
6.622458714683884295e+01,-1.047036302210771765e+02,6.565843383634987163e+01,-8.731342100286381580e+00,1.747644700032916987e+01,7.924518806060449450e+00,5.585165533850192432e+00,4.728658067754500927e+00
6.436710092238708114e+01,-1.040983449393732201e+02,6.645088571695592350e+01,-1.857486224451755064e+01,6.052852817039594768e+00,7.924518806060449450e+00,5.585165533850192432e+00,4.728658067754500927e+00
6.263194740236948377e+01,-1.049960462305865150e+02,6.724333759756197537e+01,-1.735153520017599149e+01,-8.977012912132929401e+00,7.924518806060449450e+00,5.585165533850192432e+00,4.728658067754500927e+00
6.205292584741940232e+01,-1.068618863591020016e+02,6.803578947816802724e+01,-5.790215549500781655e+00,-1.865840128515482377e+01,7.924518806060449450e+00,5.585165533850192432e+00,4.728658067754500927e+00
6.297501556253349975e+01,-1.085842033750883928e+02,6.882824135877407912e+01,9.220897151140983183e+00,-1.722317015986394395e+01,7.924518806060449450e+00,5.585165533850192432e+00,4.728658067754500927e+00
6.484883826231779835e+01,-1.091368459684962318e+02,6.962069323938013099e+01,1.873822699784302159e+01,-5.526425934078431190e+00,7.924518806060449450e+00,5.585165533850192432e+00,4.728658067754500927e+00
6.655797600493198729e+01,-1.081905513404616244e+02,7.041314511998618286e+01,1.709137742614190358e+01,9.462946280346029582e+00,7.924518806060449450e+00,5.585165533850192432e+00,4.728658067754500927e+00
6.708412965185533494e+01,-1.063091189908660539e+02,7.120559700059223474e+01,5.261536469233514701e+00,1.881432349595577236e+01,7.924518806060449450e+00,5.585165533850192432e+00,4.728658067754500927e+00
6.611381843905527944e+01,-1.046135006680734563e+02,7.199804888119828661e+01,-9.703112128000508818e+00,1.695618322792594768e+01,7.924518806060449450e+00,5.585165533850192432e+00,4.728658067754500927e+00
6.422515087555112245e+01,-1.041139406808419494e+02,7.279050076180433848e+01,-1.888667563504158053e+01,4.995599872315080958e+00,7.924518806060449450e+00,5.585165533850192432e+00,4.728658067754500927e+00
6.254338942844318439e+01,-1.051080753705580264e+02,7.358295264241039035e+01,-1.681761447107940199e+01,-9.941346897160789453e+00,7.924518806060449450e+00,5.585165533850192432e+00,4.728658067754500927e+00
6.207052252153631855e+01,-1.070036022721418050e+02,7.437540452301644223e+01,-4.728669069068636155e+00,-1.895526901583782120e+01,7.924518806060449450e+00,5.585165533850192432e+00,4.728658067754500927e+00
6.308828283905626932e+01,-1.086711721454476134e+02,7.516785640362249410e+01,1.017760317519954150e+01,-1.667569873305811257e+01,7.924518806060449450e+00,5.585165533850192432e+00,4.728658067754500927e+00
6.499029183776991658e+01,-1.091172518637579145e+02,7.596030828422854597e+01,1.902008998713643351e+01,-4.460797183103060171e+00,7.924518806060449450e+00,5.585165533850192432e+00,4.728658067754500927e+00
6.664333826351212053e+01,-1.080760684694337499e+02,7.675276016483459784e+01,1.653046425742209635e+01,1.041183394324161782e+01,7.924518806060449450e+00,5.585165533850192432e+00,4.728658067754500927e+00
6.706254201604393472e+01,-1.061679559045836783e+02,7.754521204544064972e+01,4.192037525318129454e+00,1.908112564850073056e+01,7.924518806060449450e+00,5.585165533850192432e+00,4.728658067754500927e+00
6.599814275749177739e+01,-1.045297619097622146e+02,7.833766392604670159e+01,-1.064399258552159644e+01,1.638193994821459043e+01,7.924518806060449450e+00,5.585165533850192432e+00,4.728658067754500927e+00
6.408430637220850201e+01,-1.041375175514327367e+02,7.913011580665275346e+01,-1.913836385283280705e+01,3.922443583294779490e+00,7.924518806060449450e+00,5.585165533850192432e+00,4.728658067754500927e+00
6.246129083578753693e+01,-1.052249208412988395e+02,7.992256768725880534e+01,-1.623015536420968630e+01,-1.087403289866107414e+01,7.924518806060449450e+00,5.585165533850192432e+00,4.728658067754500927e+00
6.209608393472251464e+01,-1.071441001621779350e+02,8.071501956786485721e+01,-3.652069010650193182e+00,-1.919179320879099748e+01,7.924518806060449450e+00,5.585165533850192432e+00,4.728658067754500927e+00
6.320627484480890246e+01,-1.087516142334808933e+02,8.150747144847090908e+01,1.110190910086389415e+01,-1.607514071302964709e+01,7.924518806060449450e+00,5.585165533850192432e+00,4.728658067754500927e+00
6.513041515311459762e+01,-1.090897109951168744e+02,8.229992332907696095e+01,1.924140308305695513e+01,-3.380967616359853434e+00,7.924518806060449450e+00,5.585165533850192432e+00,4.728658067754500927e+00
6.672210783762790243e+01,-1.079569534110141262e+02,8.309237520968301283e+01,1.591692684513308720e+01,1.132757584102748183e+01,7.924518806060449450e+00,5.585165533850192432e+00,4.728658067754500927e+00
6.703302717303276381e+01,-1.060282350507689415e+02,8.388482709028906470e+01,3.109193354048676916e+00,1.928718360245184371e+01,7.924518806060449450e+00,5.585165533850192432e+00,4.728658067754500927e+00
6.587792835225592114e+01,-1.044526805260014157e+02,8.467727897089511657e+01,-1.155098820776845692e+01,1.575554524767524001e+01,7.924518806060449450e+00,5.585165533850192432e+00,4.728658067754500927e+00
6.394501578666579178e+01,-1.041690004948760873e+02,8.546973085150116844e+01,-1.932912565590126874e+01,2.836800311253351747e+00,7.924518806060449450e+00,5.585165533850192432e+00,4.728658067754500927e+00
6.238591298284164566e+01,-1.053462106687121604e+02,8.626218273210722032e+01,-1.559102803824148431e+01,-1.177210173836072826e+01,7.924518806060449450e+00,5.585165533850192432e+00,4.728658067754500927e+00
6.212952871297584068e+01,-1.072829327583370116e+02,8.705463461271327219e+01,-2.563842698658036046e+00,-1.936722089624852927e+01,7.924518806060449450e+00,5.585165533850192432e+00,4.728658067754500927e+00
6.332861595573427138e+01,-1.088252735541825587e+02,8.784708649331932406e+01,1.199087242758431593e+01,-1.542340795845542090e+01,7.924518806060449450e+00,5.585165533850192432e+00,4.728658067754500927e+00
6.526876212992586090e+01,-1.090543110381131129e+02,8.863953837392537594e+01,1.940146174191583839e+01,-2.290374839305538313e+00,7.924518806060449450e+00,5.585165533850192432e+00,4.728658067754500927e+00
6.679403396667213144e+01,-1.078335853644647955e+02,8.943199025453142781e+01,1.525271836746275333e+01,1.220725673648310483e+01,7.924518806060449450e+00,5.585165533850192432e+00,4.728658067754500927e+00
6.699567908245074932e+01,-1.058904012266234815e+02,9.022444213513747968e+01,2.016451157786142367e+00,1.943184137841318204e+01,7.924518806060449450e+00,5.585165533850192432e+00,4.728658067754500927e+00
6.575355792234776686e+01,-1.043825019030942514e+02,9.101689401574353155e+01,-1.242121160102981037e+01,1.507899323529227509e+01,7.924518806060449450e+00,5.585165533850192432e+00,4.728658067754500927e+00
6.380772254637831509e+01,-1.042082892861536294e+02,9.180934589634958343e+01,-1.945835375969451775e+01,1.742126169406222447e+00,7.924518806060449450e+00,5.585165533850192432e+00,4.728658067754500927e+00
6.231749583276878468e+01,-1.054715587302232791e+02,9.260179777695563530e+01,-1.490226713609526854e+01,-1.263269444069643832e+01,7.924518806060449450e+00,5.585165533850192432e+00,4.728658067754500927e+00
6.217075038583490709e+01,-1.074196580911593770e+02,9.339424965756168717e+01,-1.467454469338800749e+00,-1.948099360936103253e+01,7.924518806060449450e+00,5.585165533850192432e+00,4.728658067754500927e+00
6.345491670252775407e+01,-1.088919156152858392e+02,9.418670153816773905e+01,1.284166316692848753e+01,-1.472257524126468731e+01,7.924518806060449450e+00,5.585165533850192432e+00,4.728658067754500927e+00
6.540489234469887947e+01,-1.090111646874616582e+02,9.497915341877379092e+01,1.949975642171122914e+01,-1.192490721758212802e+00,7.924518806060449450e+00,5.585165533850192432e+00,4.728658067754500927e+00
6.685888767594242665e+01,-1.077063570683095293e+02,9.577160529937984279e+01,1.453995331243547184e+01,1.304807619152128240e+01,7.924518806060449450e+00,5.585165533850192432e+00,4.728658067754500927e+00
6.695061664083853259e+01,-1.057548932220457658e+02,9.656405717998589466e+01,9.172896489610405935e-01,1.951463846263764879e+01,7.924518806060449450e+00,5.585165533850192432e+00,4.728658067754500927e+00
6.562542739734885799e+01,-1.043194494526090210e+02,9.735650906059194654e+01,-1.325189243489670332e+01,1.435443769436738926e+01,7.924518806060449450e+00,5.585165533850192432e+00,4.728658067754500927e+00
6.367286372031185948e+01,-1.042552588505614750e+02,9.814896094119799841e+01,-1.952563677037000289e+01,6.419060204754777343e-01,7.924518806060449450e+00,5.585165533850192432e+00,4.728658067754500927e+00
6.225625718954067622e+01,-1.056005659839893411e+02,9.894141282180405028e+01,-1.416606530771184502e+01,-1.345307133427867896e+01,7.924518806060449450e+00,5.585165533850192432e+00,4.728658067754500927e+00
6.221961772532454660e+01,-1.075538408995957980e+02,9.973386470241010215e+01,-3.663946421612944704e-01,-1.953274915606462514e+01,7.924518806060449450e+00,5.585165533850192432e+00,4.728658067754500927e+00
6.358477501050113290e+01,-1.089513282637622069e+02,1.005263165830161540e+02,1.365157285176587720e+01,-1.397487364166405222e+01,7.924518806060449450e+00,5.585165533850192432e+00,4.728658067754500927e+00
6.553837243092513631e+01,-1.089604092982924612e+02,1.013187684636222059e+02,1.953597420424008035e+01,-9.081034530257271753e-02,7.924518806060449450e+00,5.585165533850192432e+00,4.728658067754500927e+00
6.691646250557533904e+01,-1.075756735500624757e+02,1.021112203442282578e+02,1.378090074650207875e+01,1.384735748229986996e+01,7.924518806060449450e+00,5.585165533850192432e+00,4.728658067754500927e+00
6.689798330314488339e+01,-1.056221424227565819e+02,1.029036722248343096e+02,-1.847920243046188848e-01,1.953531127305887694e+01,7.924518806060449450e+00,5.585165533850192432e+00,4.728658067754500927e+00
6.549394467699215738e+01,-1.042637239001551563e+02,1.036961241054403615e+02,-1.404038626152731517e+01,1.358418522601421152e+01,7.924518806060449450e+00,5.585165533850192432e+00,4.728658067754500927e+00
6.354086862754663656e+01,-1.043097596618818983e+02,1.044885759860464134e+02,-1.953076049445519047e+01,-4.603576172674384015e-01,7.924518806060449450e+00,5.585165533850192432e+00,4.728658067754500927e+00
6.220239200456502004e+01,-1.057328217392373517e+02,1.052810278666524653e+02,-1.338476622981616870e+01,-1.423062077355448274e+01,7.924518806060449450e+00,5.585165533850192432e+00,4.728658067754500927e+00
6.227597516371623954e+01,-1.076850540166482091e+02,1.060734797472585171e+02,7.358315915121993456e-01,-1.952232277410863048e+01,7.924518806060449450e+00,5.585165533850192432e+00,4.728658067754500927e+00
6.371777747957550275e+01,-1.090033223612041837e+02,1.068659316278645690e+02,1.441802315859266237e+01,-1.318268344555968774e+01,7.924518806060449450e+00,5.585165533850192432e+00,4.728658067754500927e+00
6.566877745870189642e+01,-1.089022064488843000e+02,1.076583835084706209e+02,1.950999979126395445e+01,1.011159123198843268e+00,7.924518806060449450e+00,5.585165533850192432e+00,4.728658067754500927e+00
6.696657516780530273e+01,-1.074419508368350193e+02,1.084508353890766728e+02,1.297797709103402397e+01,1.460255612049287066e+01,7.924518806060449450e+00,5.585165533850192432e+00,4.728658067754500927e+00
6.683794662604212533e+01,-1.054925714369953340e+02,1.092432872696827246e+02,-1.286285417631783279e+00,1.949379399839691729e+01,7.924518806060449450e+00,5.585165533850192432e+00,4.728658067754500927e+00
6.535952833262528827e+01,-1.042155026463791359e+02,1.100357391502887765e+02,-1.478418293416840612e+01,1.277068790616196559e+01,7.924518806060449450e+00,5.585165533850192432e+00,4.728658067754500927e+00
6.341215747055267116e+01,-1.043716182183956249e+02,1.108281910308948284e+02,-1.947370862072614983e+01,-1.561155720164946636e+00,7.924518806060449450e+00,5.585165533850192432e+00,4.728658067754500927e+00
6.215607175606348278e+01,-1.058679049636860015e+02,1.116206429115008802e+02,-1.256085714489190153e+01,-1.496286745290373332e+01,7.924518806060449450e+00,5.585165533850192432e+00,4.728658067754500927e+00
6.233964328877336669e+01,-1.078128797292431358e+02,1.124130947921069321e+02,1.835715327098849325e+00,-1.944974765557132201e+01,7.924518806060449450e+00,5.585165533850192432e+00,4.728658067754500927e+00
6.385350070032819758e+01,-1.090477323859418988e+02,1.132055466727129840e+02,1.513857411554828758e+01,-1.234852656698762630e+01,7.924518806060449450e+00,5.585165533850192432e+00,4.728658067754500927e+00
6.579569228748395915e+01,-1.088367414262851440e+02,1.139979985533190359e+02,1.942191587155757659e+01,2.109909596567527412e+00,7.924518806060449450e+00,5.585165533850192432e+00,4.728658067754500927e+00
6.700906613045570737e+01,-1.073056146309257741e+02,1.147904504339250877e+02,1.213373842971745198e+01,1.531126795359370796e+01,7.924518806060449450e+00,5.585165533850192432e+00,4.728658067754500927e+00
6.677069773451438550e+01,-1.053665927501591284e+02,1.155829023145311396e+02,-2.383683959413167130e+00,1.939021880766651051e+01,7.924518806060449450e+00,5.585165533850192432e+00,4.728658067754500927e+00
6.522260627470106442e+01,-1.041749392022147020e+02,1.163753541951371915e+02,-1.548091459813316639e+01,1.191653547944431857e+01,7.924518806060449450e+00,5.585165533850192432e+00,4.728658067754500927e+00
6.328713999748767804e+01,-1.044406375952193287e+02,1.171678060757432434e+02,-1.935466277213384245e+01,-2.656983930046260323e+00,7.924518806060449450e+00,5.585165533850192432e+00,4.728658067754500927e+00
6.211744390317581832e+01,-1.060053856238894667e+02,1.179602579563492952e+02,-1.169696094311857237e+01,-1.564748028670132030e+01,7.924518806060449450e+00,5.585165533850192432e+00,4.728658067754500927e+00
6.241041941490473022e+01,-1.079369111080088572e+02,1.187527098369553471e+02,2.929755117289132293e+00,-1.931525484119394065e+01,7.924518806060449450e+00,5.585165533850192432e+00,4.728658067754500927e+00
6.399151260190409118e+01,-1.090844169599763660e+02,1.195451617175613990e+02,1.581093186999361855e+01,-1.147505851967508761e+01,7.924518806060449450e+00,5.585165533850192432e+00,4.728658067754500927e+00
6.591871288767124781e+01,-1.087642226364562958e+02,1.203376135981674508e+02,1.927200285767154853e+01,3.201943235200677584e+00,7.924518806060449450e+00,5.585165533850192432e+00,4.728658067754500927e+00
6.704380012480488915e+01,-1.071670989546099406e+02,1.211300654787735027e+02,1.125087237133646845e+01,1.597123681846354160e+01,7.924518806060449450e+00,5.585165533850192432e+00,4.728658067754500927e+00
6.669645071341687981e+01,-1.052446074116678432e+02,1.219225173593795546e+02,-3.473494113880151613e+00,1.922491542942094966e+01,7.924518806060449450e+00,5.585165533850192432e+00,4.728658067754500927e+00
6.508361439053722108e+01,-1.041421627001854375e+02,1.227149692399856065e+02,-1.612836322879652329e+01,1.102444711482403683e+01,7.924518806060449450e+00,5.585165533850192432e+00,4.728658067754500927e+00
6.316621419777593616e+01,-1.045165980712102254e+02,1.235074211205916583e+02,-1.917400192761283861e+01,-3.744353710247874112e+00,7.924518806060449450e+00,5.585165533850192432e+00,4.728658067754500927e+00
6.208663141652809969e+01,-1.061448260542361481e+02,1.242998730011977102e+02,-1.079582781247836465e+01,-1.628227983025922398e+01,7.924518806060449450e+00,5.585165533850192432e+00,4.728658067754500927e+00
6.248807822840817039e+01,-1.080567533027230809e+02,1.250923248818037621e+02,4.014468118800681218e+00,-1.911927248486931319e+01,7.924518806060449450e+00,5.585165533850192432e+00,4.728658067754500927e+00
6.413137382750046811e+01,-1.091132592990522028e+02,1.258847767624098140e+02,1.643295599092294168e+01,-1.056505996329114971e+01,7.924518806060449450e+00,5.585165533850192432e+00,4.728658067754500927e+00
6.603744762682519820e+01,-1.086848809408182035e+02,1.266772286430158658e+02,1.906073799324732221e+01,4.283783582340014107e+00,7.924518806060449450e+00,5.585165533850192432e+00,4.728658067754500927e+00
6.707066657621021477e+01,-1.070268447684422171e+02,1.274696805236219177e+02,1.033218949385015684e+01,1.658036172375983597e+01,7.924518806060449450e+00,5.585165533850192432e+00,4.728658067754500927e+00
6.661544192594317337e+01,-1.051270037582351193e+02,1.282621324042279696e+02,-4.552246502670473483e+00,1.899841010207097014e+01,7.924518806060449450e+00,5.585165533850192432e+00,4.728658067754500927e+00
6.494299515668208755e+01,-1.041172774833152062e+02,1.290545842848340214e+02,-1.672446769261086530e+01,1.009726274919907318e+01,7.924518806060449450e+00,5.585165533850192432e+00,4.728658067754500927e+00
6.304976503512077812e+01,-1.045992578284418784e+02,1.298470361654400733e+02,-1.893230121561309076e+01,-4.819803451266747807e+00,7.924518806060449450e+00,5.585165533850192432e+00,4.728658067754500927e+00
6.206373238675936932e+01,-1.062857823502442898e+02,1.306394880460461252e+02,-9.860326483614080928e+00,-1.686524521802415322e+01,7.924518806060449450e+00,5.585165533850192432e+00,4.728658067754500927e+00
6.257237250475004231e+01,-1.081720247993069535e+02,1.314319399266521771e+02,5.086401179906762771e+00,-1.886242449062661919e+01,7.924518806060449450e+00,5.585165533850192432e+00,4.728658067754500927e+00
6.427263913304631160e+01,-1.091341675844368524e+02,1.322243918072582289e+02,1.700266628296266802e+01,-9.621427851299005241e+00,7.924518806060449450e+00,5.585165533850192432e+00,4.728658067754500927e+00
6.615151851641893188e+01,-1.085989689213099609e+02,1.330168436878642808e+02,1.878879383372616019e+01,5.351986631268951022e+00,7.924518806060449450e+00,5.585165533850192432e+00,4.728658067754500927e+00
6.708957995611901026e+01,-1.068852985674719491e+02,1.338092955684703327e+02,9.380614397000835325e+00,1.713670353838008253e+01,7.924518806060449450e+00,5.585165533850192432e+00,4.728658067754500927e+00
6.652792926116985939e+01,-1.050141561776099195e+02,1.346017474490763846e+02,-5.616506949491530065e+00,1.871142389862036026e+01,7.924518806060449450e+00,5.585165533850192432e+00,4.728658067754500927e+00
6.480119623030348919e+01,-1.041003627729551653e+02,1.353941993296824364e+02,-1.726733030866366647e+01,9.137934046547549372e+00,7.924518806060449450e+00,5.585165533850192432e+00,4.728658067754500927e+00
6.293816322198393465e+01,-1.046883537220243312e+02,1.361866512102884883e+02,-1.863033008319556316e+01,-5.879909490691684226e+00,7.924518806060449450e+00,5.585165533850192432e+00,4.728658067754500927e+00
6.204881971225292858e+01,-1.064278057817186465e+02,1.369791030908945402e+02,-8.893435097310089077e+00,-1.739452059694319175e+01,7.924518806060449450e+00,5.585165533850192432e+00,4.728658067754500927e+00
6.266303389559718795e+01,-1.082823586343637885e+02,1.377715549715005920e+02,6.142141833442566146e+00,-1.854552852645139893e+01,7.924518806060449450e+00,5.585165533850192432e+00,4.728658067754500927e+00
6.441485880462366254e+01,-1.091470752552228305e+02,1.385640068521066439e+02,1.751824909026470678e+01,-8.647166208590387981e+00,7.924518806060449450e+00,5.585165533850192432e+00,4.728658067754500927e+00
6.626056241515254897e+01,-1.085067600763022284e+02,1.393564587327126958e+02,1.845703610528883232e+01,6.403151789206014577e+00,7.924518806060449450e+00,5.585165533850192432e+00,4.728658067754500927e+00
6.710048005434629204e+01,-1.067429109598394064e+02,1.401489106133187477e+02,8.399176391937372088e+00,1.763849116462827382e+01,7.924518806060449450e+00,5.585165533850192432e+00,4.728658067754500927e+00
6.643419131307439329e+01,-1.049064239167242647e+02,1.409413624939247995e+02,-6.662887412718933255e+00,1.836487043115140949e+01,7.924518806060449450e+00,5.585165533850192432e+00,4.728658067754500927e+00
6.465866902408554040e+01,-1.040914724165849776e+02,1.417338143745308514e+02,-1.775522288988850050e+01,8.149515001392854785e+00,7.924518806060449450e+00,5.585165533850192432e+00,4.728658067754500927e+00
6.283176403943351573e+01,-1.047836021178181056e+02,1.425262662551369033e+02,-1.826904984652027153e+01,-6.921297012331248055e+00,7.924518806060449450e+00,5.585165533850192432e+00,4.728658067754500927e+00
6.204194086706658595e+01,-1.065704442212698098e+02,1.433187181357429552e+02,-7.898231723669285387e+00,-1.786842103451706265e+01,7.924518806060449450e+00,5.585165533850192432e+00,4.728658067754500927e+00
6.275977378309592325e+01,-1.083874035633961768e+02,1.441111700163490070e+02,7.178329160293395184e+00,-1.816959342126370558e+01,7.924518806060449450e+00,5.585165533850192432e+00,4.728658067754500927e+00
6.455758009011853460e+01,-1.091519412202222981e+02,1.449036218969550589e+02,1.797806307022615258e+01,-7.645376568261259997e+00,7.924518806060449450e+00,5.585165533850192432e+00,4.728658067754500927e+00
6.636423218500273435e+01,-1.084085479499231752e+02,1.456960737775611108e+02,1.806652094884193360e+01,7.433932702991286945e+00,7.924518806060449450e+00,5.585165533850192432e+00,4.728658067754500927e+00
6.710333217075201162e+01,-1.066001352322779780e+02,1.464885256581671626e+02,7.390999857492825065e+00,1.808412717645197532e+01,7.924518806060449450e+00,5.585165533850192432e+00,4.728658067754500927e+00
6.633452649363934484e+01,-1.048041499380411921e+02,1.472809775387732145e+02,-7.688056771126720257e+00,1.795985294236788476e+01,7.924518806060449450e+00,5.585165533850192432e+00,4.728658067754500927e+00
6.451586726916960401e+01,-1.040906347163909373e+02,1.480734294193792664e+02,-1.818659224469738689e+01,7.135152216502502753e+00,7.924518806060449450e+00,5.585165533850192432e+00,4.728658067754500927e+00
6.273090620611712609e+01,-1.048846997953750559e+02,1.488658812999853183e+02,-1.784961063052474728e+01,-7.940650789841199320e+00,7.924518806060449450e+00,5.585165533850192432e+00,4.728658067754500927e+00
6.204311774980031657e+01,-1.067132435836483495e+02,1.496583331805913701e+02,-6.877884563168064069e+00,-1.828543788273286808e+01,7.924518806060449450e+00,5.585165533850192432e+00,4.728658067754500927e+00
6.286228419867843087e+01,-1.084868251789824569e+02,1.504507850611974220e+02,8.191664488781166042e+00,-1.773581595334112038e+01,7.924518806060449450e+00,5.585165533850192432e+00,4.728658067754500927e+00
6.470034864054392187e+01,-1.091487499887797554e+02,1.512432369418034739e+02,1.838064441865486742e+01,-6.619248097973026823e+00,7.924518806060449450e+00,5.585165533850192432e+00,4.728658067754500927e+00
6.646219779632637881e+01,-1.083046451975694993e+02,1.520356888224095258e+02,1.761849155782457288e+01,8.441047912102618511e+00,7.924518806060449450e+00,5.585165533850192432e+00,4.728658067754500927e+00
6.709812722570806898e+01,-1.064574259070894158e+02,1.528281407030155776e+02,6.359294293816929233e+00,1.847219290480085974e+01,7.924518806060449450e+00,5.585165533850192432e+00,4.728658067754500927e+00
6.622925208286675058e+01,-1.047076598277439672e+02,1.536205925836216295e+02,-8.688751428413153732e+00,1.749766079345453917e+01,7.924518806060449450e+00,5.585165533850192432e+00,4.728658067754500927e+00
6.437324557071472952e+01,-1.040978523391668347e+02,1.544130444642276814e+02,-1.856006512152024257e+01,6.098074885771371356e+00,7.924518806060449450e+00,5.585165533850192432e+00,4.728658067754500927e+00
6.263591079996119504e+01,-1.049913249132317787e+02,1.552054963448337332e+02,-1.737334770753536972e+01,-8.934725740649417602e+00,7.924518806060449450e+00,5.585165533850192432e+00,4.728658067754500927e+00
6.205234661388280415e+01,-1.068557492713118080e+02,1.559979482254397851e+02,-5.835641860783890245e+00,-1.864424358080033528e+01,7.924518806060449450e+00,5.585165533850192432e+00,4.728658067754500927e+00
6.297023880347160940e+01,-1.085803069753528547e+02,1.567904001060458370e+02,9.178921895888038307e+00,-1.724557704041053441e+01,7.924518806060449450e+00,5.585165533850192432e+00,4.728658067754500927e+00
6.484270995644628499e+01,-1.091375117200860245e+02,1.567904001060458370e+02,1.872471152974678077e+01,-5.572047447331703651e+00,0.000000000000000000e+00,5.585165533850192432e+00,4.728658067754500927e+00
6.671518110942096769e+01,-1.096947164648191944e+02,1.567904001060458370e+02,1.872471152974678077e+01,-5.572047447331703651e+00,0.000000000000000000e+00,5.585165533850192432e+00,4.728658067754500927e+00
6.858765226239565038e+01,-1.102519212095523642e+02,1.567904001060458370e+02,1.872471152974678077e+01,-5.572047447331703651e+00,0.000000000000000000e+00,5.585165533850192432e+00,4.728658067754500927e+00
7.046012341537033308e+01,-1.108091259542855340e+02,1.567904001060458370e+02,1.872471152974678077e+01,-5.572047447331703651e+00,0.000000000000000000e+00,5.585165533850192432e+00,4.728658067754500927e+00
7.233259456834501577e+01,-1.113663306990187039e+02,1.567904001060458370e+02,1.872471152974678077e+01,-5.572047447331703651e+00,0.000000000000000000e+00,5.585165533850192432e+00,4.728658067754500927e+00
7.420506572131969847e+01,-1.119235354437518737e+02,1.567904001060458370e+02,1.872471152974678077e+01,-5.572047447331703651e+00,0.000000000000000000e+00,5.585165533850192432e+00,4.728658067754500927e+00
7.607753687429438116e+01,-1.124807401884850435e+02,1.567904001060458370e+02,1.872471152974678077e+01,-5.572047447331703651e+00,0.000000000000000000e+00,5.585165533850192432e+00,4.728658067754500927e+00
7.795000802726906386e+01,-1.130379449332182134e+02,1.567904001060458370e+02,1.872471152974678077e+01,-5.572047447331703651e+00,0.000000000000000000e+00,5.585165533850192432e+00,4.728658067754500927e+00
7.982247918024374655e+01,-1.135951496779513832e+02,1.567904001060458370e+02,1.872471152974678077e+01,-5.572047447331703651e+00,0.000000000000000000e+00,5.585165533850192432e+00,4.728658067754500927e+00
8.169495033321842925e+01,-1.141523544226845530e+02,1.567904001060458370e+02,1.872471152974678077e+01,-5.572047447331703651e+00,0.000000000000000000e+00,5.585165533850192432e+00,4.728658067754500927e+00
8.356742148619311195e+01,-1.147095591674177228e+02,1.567904001060458370e+02,1.872471152974678077e+01,-5.572047447331703651e+00,0.000000000000000000e+00,5.585165533850192432e+00,4.728658067754500927e+00
8.543989263916779464e+01,-1.152667639121508927e+02,1.567904001060458370e+02,1.872471152974678077e+01,-5.572047447331703651e+00,0.000000000000000000e+00,5.585165533850192432e+00,4.728658067754500927e+00
8.731236379214247734e+01,-1.158239686568840625e+02,1.567904001060458370e+02,1.872471152974678077e+01,-5.572047447331703651e+00,0.000000000000000000e+00,5.585165533850192432e+00,4.728658067754500927e+00
8.918483494511716003e+01,-1.163811734016172323e+02,1.567904001060458370e+02,1.872471152974678077e+01,-5.572047447331703651e+00,0.000000000000000000e+00,5.585165533850192432e+00,4.728658067754500927e+00
9.105730609809184273e+01,-1.169383781463504022e+02,1.567904001060458370e+02,1.872471152974678077e+01,-5.572047447331703651e+00,0.000000000000000000e+00,5.585165533850192432e+00,4.728658067754500927e+00
9.292977725106652542e+01,-1.174955828910835720e+02,1.567904001060458370e+02,1.872471152974678077e+01,-5.572047447331703651e+00,0.000000000000000000e+00,5.585165533850192432e+00,4.728658067754500927e+00
9.480224840404120812e+01,-1.180527876358167418e+02,1.567904001060458370e+02,1.872471152974678077e+01,-5.572047447331703651e+00,0.000000000000000000e+00,5.585165533850192432e+00,4.728658067754500927e+00
9.667471955701589081e+01,-1.186099923805499117e+02,1.567904001060458370e+02,1.872471152974678077e+01,-5.572047447331703651e+00,0.000000000000000000e+00,5.585165533850192432e+00,4.728658067754500927e+00
9.854719070999057351e+01,-1.191671971252830815e+02,1.567904001060458370e+02,1.872471152974678077e+01,-5.572047447331703651e+00,0.000000000000000000e+00,5.585165533850192432e+00,4.728658067754500927e+00
1.004196618629652562e+02,-1.197244018700162513e+02,1.567904001060458370e+02,1.872471152974678077e+01,-5.572047447331703651e+00,0.000000000000000000e+00,5.585165533850192432e+00,4.728658067754500927e+00
1.022921330159399389e+02,-1.202816066147494212e+02,1.567904001060458370e+02,1.872471152974678077e+01,-5.572047447331703651e+00,0.000000000000000000e+00,5.585165533850192432e+00,4.728658067754500927e+00
1.041646041689146216e+02,-1.208388113594825910e+02,1.567904001060458370e+02,1.872471152974678077e+01,-5.572047447331703651e+00,0.000000000000000000e+00,5.585165533850192432e+00,4.728658067754500927e+00
1.060370753218893043e+02,-1.213960161042157608e+02,1.567904001060458370e+02,1.872471152974678077e+01,-5.572047447331703651e+00,0.000000000000000000e+00,5.585165533850192432e+00,4.728658067754500927e+00
1.079095464748639870e+02,-1.219532208489489307e+02,1.567904001060458370e+02,1.872471152974678077e+01,-5.572047447331703651e+00,0.000000000000000000e+00,5.585165533850192432e+00,4.728658067754500927e+00
1.097820176278386697e+02,-1.225104255936821005e+02,1.567904001060458370e+02,1.872471152974678077e+01,-5.572047447331703651e+00,0.000000000000000000e+00,5.585165533850192432e+00,4.728658067754500927e+00
1.116544887808133524e+02,-1.230676303384152703e+02,1.567904001060458370e+02,1.872471152974678077e+01,-5.572047447331703651e+00,0.000000000000000000e+00,5.585165533850192432e+00,4.728658067754500927e+00
1.135269599337880351e+02,-1.236248350831484402e+02,1.567904001060458370e+02,1.872471152974678077e+01,-5.572047447331703651e+00,0.000000000000000000e+00,5.585165533850192432e+00,4.728658067754500927e+00
1.153994310867627178e+02,-1.241820398278816100e+02,1.567904001060458370e+02,1.872471152974678077e+01,-5.572047447331703651e+00,0.000000000000000000e+00,5.585165533850192432e+00,4.728658067754500927e+00
1.172719022397374005e+02,-1.247392445726147798e+02,1.567904001060458370e+02,1.872471152974678077e+01,-5.572047447331703651e+00,0.000000000000000000e+00,5.585165533850192432e+00,4.728658067754500927e+00
1.191443733927120832e+02,-1.252964493173479497e+02,1.567904001060458370e+02,1.872471152974678077e+01,-5.572047447331703651e+00,0.000000000000000000e+00,5.585165533850192432e+00,4.728658067754500927e+00
1.210168445456867659e+02,-1.258536540620811195e+02,1.567904001060458370e+02,1.872471152974678077e+01,-5.572047447331703651e+00,0.000000000000000000e+00,5.585165533850192432e+00,4.728658067754500927e+00
1.228893156986614486e+02,-1.264108588068142893e+02,1.567904001060458370e+02,1.872471152974678077e+01,-5.572047447331703651e+00,0.000000000000000000e+00,5.585165533850192432e+00,4.728658067754500927e+00
1.247617868516361312e+02,-1.269680635515474592e+02,1.567904001060458370e+02,1.872471152974678077e+01,-5.572047447331703651e+00,0.000000000000000000e+00,5.585165533850192432e+00,4.728658067754500927e+00
1.266342580046108139e+02,-1.275252682962806290e+02,1.567904001060458370e+02,1.872471152974678077e+01,-5.572047447331703651e+00,0.000000000000000000e+00,5.585165533850192432e+00,4.728658067754500927e+00
1.285067291575854824e+02,-1.280824730410137988e+02,1.567904001060458370e+02,1.872471152974678077e+01,-5.572047447331703651e+00,0.000000000000000000e+00,5.585165533850192432e+00,4.728658067754500927e+00
1.303792003105601509e+02,-1.286396777857469829e+02,1.567904001060458370e+02,1.872471152974678077e+01,-5.572047447331703651e+00,0.000000000000000000e+00,5.585165533850192432e+00,4.728658067754500927e+00
1.322516714635348194e+02,-1.291968825304801669e+02,1.567904001060458370e+02,1.872471152974678077e+01,-5.572047447331703651e+00,0.000000000000000000e+00,5.585165533850192432e+00,4.728658067754500927e+00
1.341241426165094879e+02,-1.297540872752133509e+02,1.567904001060458370e+02,1.872471152974678077e+01,-5.572047447331703651e+00,0.000000000000000000e+00,5.585165533850192432e+00,4.728658067754500927e+00
1.359966137694841564e+02,-1.303112920199465350e+02,1.567904001060458370e+02,1.872471152974678077e+01,-5.572047447331703651e+00,0.000000000000000000e+00,5.585165533850192432e+00,4.728658067754500927e+00
1.378690849224588248e+02,-1.308684967646797190e+02,1.567904001060458370e+02,1.872471152974678077e+01,-5.572047447331703651e+00,0.000000000000000000e+00,5.585165533850192432e+00,4.728658067754500927e+00
1.397415560754334933e+02,-1.314257015094129031e+02,1.567904001060458370e+02,1.872471152974678077e+01,-5.572047447331703651e+00,0.000000000000000000e+00,5.585165533850192432e+00,4.728658067754500927e+00
1.416140272284081618e+02,-1.319829062541460871e+02,1.567904001060458370e+02,1.872471152974678077e+01,-5.572047447331703651e+00,0.000000000000000000e+00,5.585165533850192432e+00,4.728658067754500927e+00
1.434864983813828303e+02,-1.325401109988792712e+02,1.567904001060458370e+02,1.872471152974678077e+01,-5.572047447331703651e+00,0.000000000000000000e+00,5.585165533850192432e+00,4.728658067754500927e+00
1.453589695343574988e+02,-1.330973157436124552e+02,1.567904001060458370e+02,1.872471152974678077e+01,-5.572047447331703651e+00,0.000000000000000000e+00,5.585165533850192432e+00,4.728658067754500927e+00
1.472314406873321673e+02,-1.336545204883456393e+02,1.567904001060458370e+02,1.872471152974678077e+01,-5.572047447331703651e+00,0.000000000000000000e+00,5.585165533850192432e+00,4.728658067754500927e+00
1.491039118403068358e+02,-1.342117252330788233e+02,1.567904001060458370e+02,1.872471152974678077e+01,-5.572047447331703651e+00,0.000000000000000000e+00,5.585165533850192432e+00,4.728658067754500927e+00
1.509763829932815042e+02,-1.347689299778120073e+02,1.567904001060458370e+02,1.872471152974678077e+01,-5.572047447331703651e+00,0.000000000000000000e+00,5.585165533850192432e+00,4.728658067754500927e+00
1.528488541462561727e+02,-1.353261347225451914e+02,1.567904001060458370e+02,1.872471152974678077e+01,-5.572047447331703651e+00,0.000000000000000000e+00,5.585165533850192432e+00,4.728658067754500927e+00
1.547213252992308412e+02,-1.358833394672783754e+02,1.567904001060458370e+02,1.872471152974678077e+01,-5.572047447331703651e+00,0.000000000000000000e+00,5.585165533850192432e+00,4.728658067754500927e+00
1.565937964522055097e+02,-1.364405442120115595e+02,1.567904001060458370e+02,1.872471152974678077e+01,-5.572047447331703651e+00,0.000000000000000000e+00,5.585165533850192432e+00,4.728658067754500927e+00
1.584662676051801782e+02,-1.369977489567447435e+02,1.567904001060458370e+02,1.872471152974678077e+01,-5.572047447331703651e+00,0.000000000000000000e+00,5.585165533850192432e+00,4.728658067754500927e+00
1.603387387581548467e+02,-1.375549537014779276e+02,1.567904001060458370e+02,1.872471152974678077e+01,-5.572047447331703651e+00,0.000000000000000000e+00,5.585165533850192432e+00,4.728658067754500927e+00
1.622112099111295151e+02,-1.381121584462111116e+02,1.567904001060458370e+02,1.872471152974678077e+01,-5.572047447331703651e+00,0.000000000000000000e+00,5.585165533850192432e+00,4.728658067754500927e+00
1.640836810641041836e+02,-1.386693631909442956e+02,1.567904001060458370e+02,1.872471152974678077e+01,-5.572047447331703651e+00,0.000000000000000000e+00,5.585165533850192432e+00,4.728658067754500927e+00
1.659561522170788521e+02,-1.392265679356774797e+02,1.567904001060458370e+02,1.872471152974678077e+01,-5.572047447331703651e+00,0.000000000000000000e+00,5.585165533850192432e+00,4.728658067754500927e+00
1.678286233700535206e+02,-1.397837726804106637e+02,1.567904001060458370e+02,1.872471152974678077e+01,-5.572047447331703651e+00,0.000000000000000000e+00,5.585165533850192432e+00,4.728658067754500927e+00
1.697010945230281891e+02,-1.403409774251438478e+02,1.567904001060458370e+02,1.872471152974678077e+01,-5.572047447331703651e+00,0.000000000000000000e+00,5.585165533850192432e+00,4.728658067754500927e+00
1.715735656760028576e+02,-1.408981821698770318e+02,1.567904001060458370e+02,1.872471152974678077e+01,-5.572047447331703651e+00,0.000000000000000000e+00,5.585165533850192432e+00,4.728658067754500927e+00
1.734460368289775261e+02,-1.414553869146102159e+02,1.567904001060458370e+02,1.872471152974678077e+01,-5.572047447331703651e+00,0.000000000000000000e+00,5.585165533850192432e+00,4.728658067754500927e+00
1.753185079819521945e+02,-1.420125916593433999e+02,1.567904001060458370e+02,1.872471152974678077e+01,-5.572047447331703651e+00,0.000000000000000000e+00,5.585165533850192432e+00,4.728658067754500927e+00
1.771909791349268630e+02,-1.425697964040765839e+02,1.567904001060458370e+02,1.872471152974678077e+01,-5.572047447331703651e+00,0.000000000000000000e+00,5.585165533850192432e+00,4.728658067754500927e+00
1.790634502879015315e+02,-1.431270011488097680e+02,1.567904001060458370e+02,1.872471152974678077e+01,-5.572047447331703651e+00,0.000000000000000000e+00,5.585165533850192432e+00,4.728658067754500927e+00
1.809359214408762000e+02,-1.436842058935429520e+02,1.567904001060458370e+02,1.872471152974678077e+01,-5.572047447331703651e+00,0.000000000000000000e+00,5.585165533850192432e+00,4.728658067754500927e+00
1.828083925938508685e+02,-1.442414106382761361e+02,1.567904001060458370e+02,1.872471152974678077e+01,-5.572047447331703651e+00,0.000000000000000000e+00,5.585165533850192432e+00,4.728658067754500927e+00
1.846808637468255370e+02,-1.447986153830093201e+02,1.567904001060458370e+02,1.872471152974678077e+01,-5.572047447331703651e+00,0.000000000000000000e+00,5.585165533850192432e+00,4.728658067754500927e+00
1.865533348998002054e+02,-1.453558201277425042e+02,1.567904001060458370e+02,1.872471152974678077e+01,-5.572047447331703651e+00,0.000000000000000000e+00,5.585165533850192432e+00,4.728658067754500927e+00
1.884258060527748739e+02,-1.459130248724756882e+02,1.567904001060458370e+02,1.872471152974678077e+01,-5.572047447331703651e+00,0.000000000000000000e+00,5.585165533850192432e+00,4.728658067754500927e+00
1.902982772057495424e+02,-1.464702296172088722e+02,1.567904001060458370e+02,1.872471152974678077e+01,-5.572047447331703651e+00,0.000000000000000000e+00,5.585165533850192432e+00,4.728658067754500927e+00
1.921707483587242109e+02,-1.470274343619420563e+02,1.567904001060458370e+02,1.872471152974678077e+01,-5.572047447331703651e+00,0.000000000000000000e+00,5.585165533850192432e+00,4.728658067754500927e+00
1.940432195116988794e+02,-1.475846391066752403e+02,1.567904001060458370e+02,1.872471152974678077e+01,-5.572047447331703651e+00,0.000000000000000000e+00,5.585165533850192432e+00,4.728658067754500927e+00
1.959156906646735479e+02,-1.481418438514084244e+02,1.567904001060458370e+02,1.872471152974678077e+01,-5.572047447331703651e+00,0.000000000000000000e+00,5.585165533850192432e+00,4.728658067754500927e+00
1.977881618176482164e+02,-1.486990485961416084e+02,1.567904001060458370e+02,1.872471152974678077e+01,-5.572047447331703651e+00,0.000000000000000000e+00,5.585165533850192432e+00,4.728658067754500927e+00
1.996606329706228848e+02,-1.492562533408747925e+02,1.567904001060458370e+02,1.872471152974678077e+01,-5.572047447331703651e+00,0.000000000000000000e+00,5.585165533850192432e+00,4.728658067754500927e+00
2.015331041235975533e+02,-1.498134580856079765e+02,1.567904001060458370e+02,1.872471152974678077e+01,-5.572047447331703651e+00,0.000000000000000000e+00,5.585165533850192432e+00,4.728658067754500927e+00
2.034055752765722218e+02,-1.503706628303411605e+02,1.567904001060458370e+02,1.872471152974678077e+01,-5.572047447331703651e+00,0.000000000000000000e+00,5.585165533850192432e+00,4.728658067754500927e+00
2.052780464295468903e+02,-1.509278675750743446e+02,1.567904001060458370e+02,1.872471152974678077e+01,-5.572047447331703651e+00,0.000000000000000000e+00,5.585165533850192432e+00,4.728658067754500927e+00
2.071505175825215588e+02,-1.514850723198075286e+02,1.567904001060458370e+02,1.872471152974678077e+01,-5.572047447331703651e+00,0.000000000000000000e+00,5.585165533850192432e+00,4.728658067754500927e+00
2.090229887354962273e+02,-1.520422770645407127e+02,1.567904001060458370e+02,1.872471152974678077e+01,-5.572047447331703651e+00,0.000000000000000000e+00,5.585165533850192432e+00,4.728658067754500927e+00
2.108954598884708957e+02,-1.525994818092738967e+02,1.567904001060458370e+02,1.872471152974678077e+01,-5.572047447331703651e+00,0.000000000000000000e+00,5.585165533850192432e+00,4.728658067754500927e+00
2.127679310414455642e+02,-1.531566865540070808e+02,1.567904001060458370e+02,1.872471152974678077e+01,-5.572047447331703651e+00,0.000000000000000000e+00,5.585165533850192432e+00,4.728658067754500927e+00
2.146404021944202327e+02,-1.537138912987402648e+02,1.567904001060458370e+02,1.872471152974678077e+01,-5.572047447331703651e+00,0.000000000000000000e+00,5.585165533850192432e+00,4.728658067754500927e+00
2.165128733473949012e+02,-1.542710960434734488e+02,1.567904001060458370e+02,1.872471152974678077e+01,-5.572047447331703651e+00,0.000000000000000000e+00,5.585165533850192432e+00,4.728658067754500927e+00
2.183853445003695697e+02,-1.548283007882066329e+02,1.567904001060458370e+02,1.872471152974678077e+01,-5.572047447331703651e+00,0.000000000000000000e+00,5.585165533850192432e+00,4.728658067754500927e+00
2.202578156533442382e+02,-1.553855055329398169e+02,1.567904001060458370e+02,1.872471152974678077e+01,-5.572047447331703651e+00,0.000000000000000000e+00,5.585165533850192432e+00,4.728658067754500927e+00
2.221302868063189067e+02,-1.559427102776730010e+02,1.567904001060458370e+02,1.872471152974678077e+01,-5.572047447331703651e+00,0.000000000000000000e+00,5.585165533850192432e+00,4.728658067754500927e+00
2.240027579592935751e+02,-1.564999150224061850e+02,1.567904001060458370e+02,1.872471152974678077e+01,-5.572047447331703651e+00,0.000000000000000000e+00,5.585165533850192432e+00,4.728658067754500927e+00
2.258752291122682436e+02,-1.570571197671393691e+02,1.567904001060458370e+02,1.872471152974678077e+01,-5.572047447331703651e+00,0.000000000000000000e+00,5.585165533850192432e+00,4.728658067754500927e+00
2.277477002652429121e+02,-1.576143245118725531e+02,1.567904001060458370e+02,1.872471152974678077e+01,-5.572047447331703651e+00,0.000000000000000000e+00,5.585165533850192432e+00,4.728658067754500927e+00
2.296201714182175806e+02,-1.581715292566057371e+02,1.567904001060458370e+02,1.872471152974678077e+01,-5.572047447331703651e+00,0.000000000000000000e+00,5.585165533850192432e+00,4.728658067754500927e+00
2.314926425711922491e+02,-1.587287340013389212e+02,1.567904001060458370e+02,1.872471152974678077e+01,-5.572047447331703651e+00,0.000000000000000000e+00,5.585165533850192432e+00,4.728658067754500927e+00
2.333651137241669176e+02,-1.592859387460721052e+02,1.567904001060458370e+02,1.872471152974678077e+01,-5.572047447331703651e+00,0.000000000000000000e+00,5.585165533850192432e+00,4.728658067754500927e+00
2.352375848771415860e+02,-1.598431434908052893e+02,1.567904001060458370e+02,1.872471152974678077e+01,-5.572047447331703651e+00,0.000000000000000000e+00,5.585165533850192432e+00,4.728658067754500927e+00
2.371100560301162545e+02,-1.604003482355384733e+02,1.567904001060458370e+02,1.872471152974678077e+01,-5.572047447331703651e+00,0.000000000000000000e+00,5.585165533850192432e+00,4.728658067754500927e+00
2.389825271830909230e+02,-1.609575529802716574e+02,1.567904001060458370e+02,1.872471152974678077e+01,-5.572047447331703651e+00,0.000000000000000000e+00,5.585165533850192432e+00,4.728658067754500927e+00
2.408549983360655915e+02,-1.615147577250048414e+02,1.567904001060458370e+02,1.872471152974678077e+01,-5.572047447331703651e+00,0.000000000000000000e+00,5.585165533850192432e+00,4.728658067754500927e+00
2.427274694890402600e+02,-1.620719624697380254e+02,1.567904001060458370e+02,1.872471152974678077e+01,-5.572047447331703651e+00,0.000000000000000000e+00,5.585165533850192432e+00,4.728658067754500927e+00
2.445999406420149285e+02,-1.626291672144712095e+02,1.567904001060458370e+02,1.872471152974678077e+01,-5.572047447331703651e+00,0.000000000000000000e+00,5.585165533850192432e+00,4.728658067754500927e+00
2.464724117949895970e+02,-1.631863719592043935e+02,1.567904001060458370e+02,1.872471152974678077e+01,-5.572047447331703651e+00,0.000000000000000000e+00,5.585165533850192432e+00,4.728658067754500927e+00
2.483448829479642654e+02,-1.637435767039375776e+02,1.567904001060458370e+02,1.872471152974678077e+01,-5.572047447331703651e+00,0.000000000000000000e+00,5.585165533850192432e+00,4.728658067754500927e+00
2.502173541009389339e+02,-1.643007814486707616e+02,1.567904001060458370e+02,1.872471152974678077e+01,-5.572047447331703651e+00,0.000000000000000000e+00,5.585165533850192432e+00,4.728658067754500927e+00
2.520898252539136024e+02,-1.648579861934039457e+02,1.567904001060458370e+02,1.872471152974678077e+01,-5.572047447331703651e+00,0.000000000000000000e+00,5.585165533850192432e+00,4.728658067754500927e+00
2.539622964068882709e+02,-1.654151909381371297e+02,1.567904001060458370e+02,1.872471152974678077e+01,-5.572047447331703651e+00,0.000000000000000000e+00,5.585165533850192432e+00,4.728658067754500927e+00
2.558347675598629394e+02,-1.659723956828703137e+02,1.567904001060458370e+02,1.872471152974678077e+01,-5.572047447331703651e+00,0.000000000000000000e+00,5.585165533850192432e+00,4.728658067754500927e+00
2.577072387128376363e+02,-1.665296004276034978e+02,1.567904001060458370e+02,1.872471152974678077e+01,-5.572047447331703651e+00,0.000000000000000000e+00,5.585165533850192432e+00,4.728658067754500927e+00
2.595797098658123332e+02,-1.670868051723366818e+02,1.567904001060458370e+02,1.872471152974678077e+01,-5.572047447331703651e+00,0.000000000000000000e+00,5.585165533850192432e+00,4.728658067754500927e+00
2.614521810187870301e+02,-1.676440099170698659e+02,1.567904001060458370e+02,1.872471152974678077e+01,-5.572047447331703651e+00,0.000000000000000000e+00,5.585165533850192432e+00,4.728658067754500927e+00
2.633246521717617270e+02,-1.682012146618030499e+02,1.567904001060458370e+02,1.872471152974678077e+01,-5.572047447331703651e+00,0.000000000000000000e+00,5.585165533850192432e+00,4.728658067754500927e+00
2.651971233247364239e+02,-1.687584194065362340e+02,1.567904001060458370e+02,1.872471152974678077e+01,-5.572047447331703651e+00,0.000000000000000000e+00,5.585165533850192432e+00,4.728658067754500927e+00
2.670695944777111208e+02,-1.693156241512694180e+02,1.567904001060458370e+02,1.872471152974678077e+01,-5.572047447331703651e+00,0.000000000000000000e+00,5.585165533850192432e+00,4.728658067754500927e+00
2.689420656306858177e+02,-1.698728288960026021e+02,1.567904001060458370e+02,1.872471152974678077e+01,-5.572047447331703651e+00,0.000000000000000000e+00,5.585165533850192432e+00,4.728658067754500927e+00
2.708145367836605146e+02,-1.704300336407357861e+02,1.567904001060458370e+02,1.872471152974678077e+01,-5.572047447331703651e+00,0.000000000000000000e+00,5.585165533850192432e+00,4.728658067754500927e+00
2.726870079366352115e+02,-1.709872383854689701e+02,1.567904001060458370e+02,1.872471152974678077e+01,-5.572047447331703651e+00,0.000000000000000000e+00,5.585165533850192432e+00,4.728658067754500927e+00
2.745594790896099084e+02,-1.715444431302021542e+02,1.567904001060458370e+02,1.872471152974678077e+01,-5.572047447331703651e+00,0.000000000000000000e+00,5.585165533850192432e+00,4.728658067754500927e+00
2.764319502425846053e+02,-1.721016478749353382e+02,1.567904001060458370e+02,1.872471152974678077e+01,-5.572047447331703651e+00,0.000000000000000000e+00,5.585165533850192432e+00,4.728658067754500927e+00
2.783044213955593023e+02,-1.726588526196685223e+02,1.567904001060458370e+02,1.872471152974678077e+01,-5.572047447331703651e+00,0.000000000000000000e+00,5.585165533850192432e+00,4.728658067754500927e+00
2.801768925485339992e+02,-1.732160573644017063e+02,1.567904001060458370e+02,1.872471152974678077e+01,-5.572047447331703651e+00,0.000000000000000000e+00,5.585165533850192432e+00,4.728658067754500927e+00
2.820493637015086961e+02,-1.737732621091348904e+02,1.567904001060458370e+02,1.872471152974678077e+01,-5.572047447331703651e+00,0.000000000000000000e+00,5.585165533850192432e+00,4.728658067754500927e+00
2.839218348544833930e+02,-1.743304668538680744e+02,1.567904001060458370e+02,1.872471152974678077e+01,-5.572047447331703651e+00,0.000000000000000000e+00,5.585165533850192432e+00,4.728658067754500927e+00
2.857943060074580899e+02,-1.748876715986012584e+02,1.567904001060458370e+02,1.872471152974678077e+01,-5.572047447331703651e+00,0.000000000000000000e+00,5.585165533850192432e+00,4.728658067754500927e+00
2.876667771604327868e+02,-1.754448763433344425e+02,1.567904001060458370e+02,1.872471152974678077e+01,-5.572047447331703651e+00,0.000000000000000000e+00,5.585165533850192432e+00,4.728658067754500927e+00
2.895392483134074837e+02,-1.760020810880676265e+02,1.567904001060458370e+02,1.872471152974678077e+01,-5.572047447331703651e+00,0.000000000000000000e+00,5.585165533850192432e+00,4.728658067754500927e+00
2.914117194663821806e+02,-1.765592858328008106e+02,1.567904001060458370e+02,1.872471152974678077e+01,-5.572047447331703651e+00,0.000000000000000000e+00,5.585165533850192432e+00,4.728658067754500927e+00
2.932841906193568775e+02,-1.771164905775339946e+02,1.567904001060458370e+02,1.872471152974678077e+01,-5.572047447331703651e+00,0.000000000000000000e+00,5.585165533850192432e+00,4.728658067754500927e+00
2.951566617723315744e+02,-1.776736953222671787e+02,1.567904001060458370e+02,1.872471152974678077e+01,-5.572047447331703651e+00,0.000000000000000000e+00,5.585165533850192432e+00,4.728658067754500927e+00
2.970291329253062713e+02,-1.782309000670003627e+02,1.567904001060458370e+02,1.872471152974678077e+01,-5.572047447331703651e+00,0.000000000000000000e+00,5.585165533850192432e+00,4.728658067754500927e+00
2.989016040782809682e+02,-1.787881048117335467e+02,1.567904001060458370e+02,1.872471152974678077e+01,-5.572047447331703651e+00,0.000000000000000000e+00,5.585165533850192432e+00,4.728658067754500927e+00
3.007740752312556651e+02,-1.793453095564667308e+02,1.567904001060458370e+02,1.872471152974678077e+01,-5.572047447331703651e+00,0.000000000000000000e+00,5.585165533850192432e+00,4.728658067754500927e+00
3.026465463842303620e+02,-1.799025143011999148e+02,1.567904001060458370e+02,1.872471152974678077e+01,-5.572047447331703651e+00,0.000000000000000000e+00,5.585165533850192432e+00,4.728658067754500927e+00
3.045190175372050589e+02,-1.804597190459330989e+02,1.567904001060458370e+02,1.872471152974678077e+01,-5.572047447331703651e+00,0.000000000000000000e+00,5.585165533850192432e+00,4.728658067754500927e+00
3.063914886901797558e+02,-1.810169237906662829e+02,1.567904001060458370e+02,1.872471152974678077e+01,-5.572047447331703651e+00,0.000000000000000000e+00,5.585165533850192432e+00,4.728658067754500927e+00
3.082639598431544528e+02,-1.815741285353994670e+02,1.567904001060458370e+02,1.872471152974678077e+01,-5.572047447331703651e+00,0.000000000000000000e+00,5.585165533850192432e+00,4.728658067754500927e+00
3.101364309961291497e+02,-1.821313332801326510e+02,1.567904001060458370e+02,1.872471152974678077e+01,-5.572047447331703651e+00,0.000000000000000000e+00,5.585165533850192432e+00,4.728658067754500927e+00
3.120089021491038466e+02,-1.826885380248658350e+02,1.567904001060458370e+02,1.872471152974678077e+01,-5.572047447331703651e+00,0.000000000000000000e+00,5.585165533850192432e+00,4.728658067754500927e+00
3.138813733020785435e+02,-1.832457427695990191e+02,1.567904001060458370e+02,1.872471152974678077e+01,-5.572047447331703651e+00,0.000000000000000000e+00,5.585165533850192432e+00,4.728658067754500927e+00
3.157538444550532404e+02,-1.838029475143322031e+02,1.567904001060458370e+02,1.872471152974678077e+01,-5.572047447331703651e+00,0.000000000000000000e+00,5.585165533850192432e+00,4.728658067754500927e+00
3.176263156080279373e+02,-1.843601522590653872e+02,1.567904001060458370e+02,1.872471152974678077e+01,-5.572047447331703651e+00,0.000000000000000000e+00,5.585165533850192432e+00,4.728658067754500927e+00
3.194987867610026342e+02,-1.849173570037985712e+02,1.567904001060458370e+02,1.872471152974678077e+01,-5.572047447331703651e+00,0.000000000000000000e+00,5.585165533850192432e+00,4.728658067754500927e+00
3.213712579139773311e+02,-1.854745617485317553e+02,1.567904001060458370e+02,1.872471152974678077e+01,-5.572047447331703651e+00,0.000000000000000000e+00,5.585165533850192432e+00,4.728658067754500927e+00
3.232437290669520280e+02,-1.860317664932649393e+02,1.567904001060458370e+02,1.872471152974678077e+01,-5.572047447331703651e+00,0.000000000000000000e+00,5.585165533850192432e+00,4.728658067754500927e+00
3.251162002199267249e+02,-1.865889712379981233e+02,1.567904001060458370e+02,1.872471152974678077e+01,-5.572047447331703651e+00,0.000000000000000000e+00,5.585165533850192432e+00,4.728658067754500927e+00
3.269886713729014218e+02,-1.871461759827313074e+02,1.567904001060458370e+02,1.872471152974678077e+01,-5.572047447331703651e+00,0.000000000000000000e+00,5.585165533850192432e+00,4.728658067754500927e+00
3.288611425258761187e+02,-1.877033807274644914e+02,1.567904001060458370e+02,1.872471152974678077e+01,-5.572047447331703651e+00,0.000000000000000000e+00,5.585165533850192432e+00,4.728658067754500927e+00
3.307336136788508156e+02,-1.882605854721976755e+02,1.567904001060458370e+02,1.872471152974678077e+01,-5.572047447331703651e+00,0.000000000000000000e+00,5.585165533850192432e+00,4.728658067754500927e+00
3.326060848318255125e+02,-1.888177902169308595e+02,1.567904001060458370e+02,1.872471152974678077e+01,-5.572047447331703651e+00,0.000000000000000000e+00,5.585165533850192432e+00,4.728658067754500927e+00
3.344785559848002094e+02,-1.893749949616640436e+02,1.567904001060458370e+02,1.872471152974678077e+01,-5.572047447331703651e+00,0.000000000000000000e+00,5.585165533850192432e+00,4.728658067754500927e+00
3.363510271377749064e+02,-1.899321997063972276e+02,1.567904001060458370e+02,1.872471152974678077e+01,-5.572047447331703651e+00,0.000000000000000000e+00,5.585165533850192432e+00,4.728658067754500927e+00
3.382234982907496033e+02,-1.904894044511304116e+02,1.567904001060458370e+02,1.872471152974678077e+01,-5.572047447331703651e+00,0.000000000000000000e+00,5.585165533850192432e+00,4.728658067754500927e+00
3.400959694437243002e+02,-1.910466091958635957e+02,1.567904001060458370e+02,1.872471152974678077e+01,-5.572047447331703651e+00,0.000000000000000000e+00,5.585165533850192432e+00,4.728658067754500927e+00
3.419684405966989971e+02,-1.916038139405967797e+02,1.567904001060458370e+02,1.872471152974678077e+01,-5.572047447331703651e+00,0.000000000000000000e+00,5.585165533850192432e+00,4.728658067754500927e+00
3.438409117496736940e+02,-1.921610186853299638e+02,1.567904001060458370e+02,1.872471152974678077e+01,-5.572047447331703651e+00,0.000000000000000000e+00,5.585165533850192432e+00,4.728658067754500927e+00
3.457133829026483909e+02,-1.927182234300631478e+02,1.567904001060458370e+02,1.872471152974678077e+01,-5.572047447331703651e+00,0.000000000000000000e+00,5.585165533850192432e+00,4.728658067754500927e+00
3.475858540556230878e+02,-1.932754281747963319e+02,1.567904001060458370e+02,1.872471152974678077e+01,-5.572047447331703651e+00,0.000000000000000000e+00,5.585165533850192432e+00,4.728658067754500927e+00
3.494583252085977847e+02,-1.938326329195295159e+02,1.567904001060458370e+02,1.872471152974678077e+01,-5.572047447331703651e+00,0.000000000000000000e+00,5.585165533850192432e+00,4.728658067754500927e+00
3.513307963615724816e+02,-1.943898376642626999e+02,1.567904001060458370e+02,1.872471152974678077e+01,-5.572047447331703651e+00,0.000000000000000000e+00,5.585165533850192432e+00,4.728658067754500927e+00
3.532032675145471785e+02,-1.949470424089958840e+02,1.567904001060458370e+02,1.872471152974678077e+01,-5.572047447331703651e+00,0.000000000000000000e+00,5.585165533850192432e+00,4.728658067754500927e+00
3.550757386675218754e+02,-1.955042471537290680e+02,1.567904001060458370e+02,1.872471152974678077e+01,-5.572047447331703651e+00,0.000000000000000000e+00,5.585165533850192432e+00,4.728658067754500927e+00
3.569482098204965723e+02,-1.960614518984622521e+02,1.567904001060458370e+02,1.872471152974678077e+01,-5.572047447331703651e+00,0.000000000000000000e+00,5.585165533850192432e+00,4.728658067754500927e+00
3.588206809734712692e+02,-1.966186566431954361e+02,1.567904001060458370e+02,1.872471152974678077e+01,-5.572047447331703651e+00,0.000000000000000000e+00,5.585165533850192432e+00,4.728658067754500927e+00
3.606931521264459661e+02,-1.971758613879286202e+02,1.567904001060458370e+02,1.872471152974678077e+01,-5.572047447331703651e+00,0.000000000000000000e+00,5.585165533850192432e+00,4.728658067754500927e+00
3.625656232794206630e+02,-1.977330661326618042e+02,1.567904001060458370e+02,1.872471152974678077e+01,-5.572047447331703651e+00,0.000000000000000000e+00,5.585165533850192432e+00,4.728658067754500927e+00
3.644380944323953599e+02,-1.982902708773949882e+02,1.567904001060458370e+02,1.872471152974678077e+01,-5.572047447331703651e+00,0.000000000000000000e+00,5.585165533850192432e+00,4.728658067754500927e+00
3.663105655853700569e+02,-1.988474756221281723e+02,1.567904001060458370e+02,1.872471152974678077e+01,-5.572047447331703651e+00,0.000000000000000000e+00,5.585165533850192432e+00,4.728658067754500927e+00
3.681830367383447538e+02,-1.994046803668613563e+02,1.567904001060458370e+02,1.872471152974678077e+01,-5.572047447331703651e+00,0.000000000000000000e+00,5.585165533850192432e+00,4.728658067754500927e+00
3.700555078913194507e+02,-1.999618851115945404e+02,1.567904001060458370e+02,1.872471152974678077e+01,-5.572047447331703651e+00,0.000000000000000000e+00,5.585165533850192432e+00,4.728658067754500927e+00
3.719279790442941476e+02,-2.005190898563277244e+02,1.567904001060458370e+02,1.872471152974678077e+01,-5.572047447331703651e+00,0.000000000000000000e+00,5.585165533850192432e+00,4.728658067754500927e+00
3.738004501972688445e+02,-2.010762946010609085e+02,1.567904001060458370e+02,1.872471152974678077e+01,-5.572047447331703651e+00,0.000000000000000000e+00,5.585165533850192432e+00,4.728658067754500927e+00
3.756729213502435414e+02,-2.016334993457940925e+02,1.567904001060458370e+02,1.872471152974678077e+01,-5.572047447331703651e+00,0.000000000000000000e+00,5.585165533850192432e+00,4.728658067754500927e+00
3.775453925032182383e+02,-2.021907040905272765e+02,1.567904001060458370e+02,1.872471152974678077e+01,-5.572047447331703651e+00,0.000000000000000000e+00,5.585165533850192432e+00,4.728658067754500927e+00
3.794178636561929352e+02,-2.027479088352604606e+02,1.567904001060458370e+02,1.872471152974678077e+01,-5.572047447331703651e+00,0.000000000000000000e+00,5.585165533850192432e+00,4.728658067754500927e+00
3.812903348091676321e+02,-2.033051135799936446e+02,1.567904001060458370e+02,1.872471152974678077e+01,-5.572047447331703651e+00,0.000000000000000000e+00,5.585165533850192432e+00,4.728658067754500927e+00
3.831628059621423290e+02,-2.038623183247268287e+02,1.567904001060458370e+02,1.872471152974678077e+01,-5.572047447331703651e+00,0.000000000000000000e+00,5.585165533850192432e+00,4.728658067754500927e+00
3.850352771151170259e+02,-2.044195230694600127e+02,1.567904001060458370e+02,1.872471152974678077e+01,-5.572047447331703651e+00,0.000000000000000000e+00,5.585165533850192432e+00,4.728658067754500927e+00
3.869077482680917228e+02,-2.049767278141931968e+02,1.567904001060458370e+02,1.872471152974678077e+01,-5.572047447331703651e+00,0.000000000000000000e+00,5.585165533850192432e+00,4.728658067754500927e+00
3.887802194210664197e+02,-2.055339325589263808e+02,1.567904001060458370e+02,1.872471152974678077e+01,-5.572047447331703651e+00,0.000000000000000000e+00,5.585165533850192432e+00,4.728658067754500927e+00
3.906526905740411166e+02,-2.060911373036595649e+02,1.567904001060458370e+02,1.872471152974678077e+01,-5.572047447331703651e+00,0.000000000000000000e+00,5.585165533850192432e+00,4.728658067754500927e+00
3.925251617270158135e+02,-2.066483420483927489e+02,1.567904001060458370e+02,1.872471152974678077e+01,-5.572047447331703651e+00,0.000000000000000000e+00,5.585165533850192432e+00,4.728658067754500927e+00
3.943976328799905104e+02,-2.072055467931259329e+02,1.567904001060458370e+02,1.872471152974678077e+01,-5.572047447331703651e+00,0.000000000000000000e+00,5.585165533850192432e+00,4.728658067754500927e+00
3.962701040329652074e+02,-2.077627515378591170e+02,1.567904001060458370e+02,1.872471152974678077e+01,-5.572047447331703651e+00,0.000000000000000000e+00,5.585165533850192432e+00,4.728658067754500927e+00
3.981425751859399043e+02,-2.083199562825923010e+02,1.567904001060458370e+02,1.872471152974678077e+01,-5.572047447331703651e+00,0.000000000000000000e+00,5.585165533850192432e+00,4.728658067754500927e+00
4.000150463389146012e+02,-2.088771610273254851e+02,1.567904001060458370e+02,1.872471152974678077e+01,-5.572047447331703651e+00,0.000000000000000000e+00,5.585165533850192432e+00,4.728658067754500927e+00
4.018875174918892981e+02,-2.094343657720586691e+02,1.567904001060458370e+02,1.872471152974678077e+01,-5.572047447331703651e+00,0.000000000000000000e+00,5.585165533850192432e+00,4.728658067754500927e+00
4.037599886448639950e+02,-2.099915705167918532e+02,1.567904001060458370e+02,1.872471152974678077e+01,-5.572047447331703651e+00,0.000000000000000000e+00,5.585165533850192432e+00,4.728658067754500927e+00
4.056324597978386919e+02,-2.105487752615250372e+02,1.567904001060458370e+02,1.872471152974678077e+01,-5.572047447331703651e+00,0.000000000000000000e+00,5.585165533850192432e+00,4.728658067754500927e+00
4.075049309508133888e+02,-2.111059800062582212e+02,1.567904001060458370e+02,1.872471152974678077e+01,-5.572047447331703651e+00,0.000000000000000000e+00,5.585165533850192432e+00,4.728658067754500927e+00
4.093774021037880857e+02,-2.116631847509914053e+02,1.567904001060458370e+02,1.872471152974678077e+01,-5.572047447331703651e+00,0.000000000000000000e+00,5.585165533850192432e+00,4.728658067754500927e+00
4.112498732567627826e+02,-2.122203894957245893e+02,1.567904001060458370e+02,1.872471152974678077e+01,-5.572047447331703651e+00,0.000000000000000000e+00,5.585165533850192432e+00,4.728658067754500927e+00
4.131223444097374795e+02,-2.127775942404577734e+02,1.567904001060458370e+02,1.872471152974678077e+01,-5.572047447331703651e+00,0.000000000000000000e+00,5.585165533850192432e+00,4.728658067754500927e+00
4.149948155627121764e+02,-2.133347989851909574e+02,1.567904001060458370e+02,1.872471152974678077e+01,-5.572047447331703651e+00,0.000000000000000000e+00,5.585165533850192432e+00,4.728658067754500927e+00
4.168672867156868733e+02,-2.138920037299241415e+02,1.567904001060458370e+02,1.872471152974678077e+01,-5.572047447331703651e+00,0.000000000000000000e+00,5.585165533850192432e+00,4.728658067754500927e+00
4.187397578686615702e+02,-2.144492084746573255e+02,1.567904001060458370e+02,1.872471152974678077e+01,-5.572047447331703651e+00,0.000000000000000000e+00,5.585165533850192432e+00,4.728658067754500927e+00
4.206122290216362671e+02,-2.150064132193905095e+02,1.567904001060458370e+02,1.872471152974678077e+01,-5.572047447331703651e+00,0.000000000000000000e+00,5.585165533850192432e+00,4.728658067754500927e+00
4.224847001746109640e+02,-2.155636179641236936e+02,1.567904001060458370e+02,1.872471152974678077e+01,-5.572047447331703651e+00,0.000000000000000000e+00,5.585165533850192432e+00,4.728658067754500927e+00
4.243571713275856609e+02,-2.161208227088568776e+02,1.567904001060458370e+02,1.872471152974678077e+01,-5.572047447331703651e+00,0.000000000000000000e+00,5.585165533850192432e+00,4.728658067754500927e+00
4.262296424805603579e+02,-2.166780274535900617e+02,1.567904001060458370e+02,1.872471152974678077e+01,-5.572047447331703651e+00,0.000000000000000000e+00,5.585165533850192432e+00,4.728658067754500927e+00
4.281021136335350548e+02,-2.172352321983232457e+02,1.567904001060458370e+02,1.872471152974678077e+01,-5.572047447331703651e+00,0.000000000000000000e+00,5.585165533850192432e+00,4.728658067754500927e+00
4.299745847865097517e+02,-2.177924369430564298e+02,1.567904001060458370e+02,1.872471152974678077e+01,-5.572047447331703651e+00,0.000000000000000000e+00,5.585165533850192432e+00,4.728658067754500927e+00
4.318470559394844486e+02,-2.183496416877896138e+02,1.567904001060458370e+02,1.872471152974678077e+01,-5.572047447331703651e+00,0.000000000000000000e+00,5.585165533850192432e+00,4.728658067754500927e+00
4.337195270924591455e+02,-2.189068464325227978e+02,1.567904001060458370e+02,1.872471152974678077e+01,-5.572047447331703651e+00,0.000000000000000000e+00,5.585165533850192432e+00,4.728658067754500927e+00
4.355919982454338424e+02,-2.194640511772559819e+02,1.567904001060458370e+02,1.872471152974678077e+01,-5.572047447331703651e+00,0.000000000000000000e+00,5.585165533850192432e+00,4.728658067754500927e+00
4.374644693984085393e+02,-2.200212559219891659e+02,1.567904001060458370e+02,1.872471152974678077e+01,-5.572047447331703651e+00,0.000000000000000000e+00,5.585165533850192432e+00,4.728658067754500927e+00
4.393369405513832362e+02,-2.205784606667223500e+02,1.567904001060458370e+02,1.872471152974678077e+01,-5.572047447331703651e+00,0.000000000000000000e+00,5.585165533850192432e+00,4.728658067754500927e+00
4.412094117043579331e+02,-2.211356654114555340e+02,1.567904001060458370e+02,1.872471152974678077e+01,-5.572047447331703651e+00,0.000000000000000000e+00,5.585165533850192432e+00,4.728658067754500927e+00
4.430818828573326300e+02,-2.216928701561887181e+02,1.567904001060458370e+02,1.872471152974678077e+01,-5.572047447331703651e+00,0.000000000000000000e+00,5.585165533850192432e+00,4.728658067754500927e+00
4.449543540103073269e+02,-2.222500749009219021e+02,1.567904001060458370e+02,1.872471152974678077e+01,-5.572047447331703651e+00,0.000000000000000000e+00,5.585165533850192432e+00,4.728658067754500927e+00
4.468268251632820238e+02,-2.228072796456550861e+02,1.567904001060458370e+02,1.872471152974678077e+01,-5.572047447331703651e+00,0.000000000000000000e+00,5.585165533850192432e+00,4.728658067754500927e+00
4.486992963162567207e+02,-2.233644843903882702e+02,1.567904001060458370e+02,1.872471152974678077e+01,-5.572047447331703651e+00,0.000000000000000000e+00,5.585165533850192432e+00,4.728658067754500927e+00
4.505717674692314176e+02,-2.239216891351214542e+02,1.567904001060458370e+02,1.872471152974678077e+01,-5.572047447331703651e+00,0.000000000000000000e+00,5.585165533850192432e+00,4.728658067754500927e+00
4.524442386222061145e+02,-2.244788938798546383e+02,1.567904001060458370e+02,1.872471152974678077e+01,-5.572047447331703651e+00,0.000000000000000000e+00,5.585165533850192432e+00,4.728658067754500927e+00
4.543167097751808114e+02,-2.250360986245878223e+02,1.567904001060458370e+02,1.872471152974678077e+01,-5.572047447331703651e+00,0.000000000000000000e+00,5.585165533850192432e+00,4.728658067754500927e+00
4.561891809281555084e+02,-2.255933033693210064e+02,1.567904001060458370e+02,1.872471152974678077e+01,-5.572047447331703651e+00,0.000000000000000000e+00,5.585165533850192432e+00,4.728658067754500927e+00
4.580616520811302053e+02,-2.261505081140541904e+02,1.567904001060458370e+02,1.872471152974678077e+01,-5.572047447331703651e+00,0.000000000000000000e+00,5.585165533850192432e+00,4.728658067754500927e+00
4.599341232341049022e+02,-2.267077128587873744e+02,1.567904001060458370e+02,1.872471152974678077e+01,-5.572047447331703651e+00,0.000000000000000000e+00,5.585165533850192432e+00,4.728658067754500927e+00
4.618065943870795991e+02,-2.272649176035205585e+02,1.567904001060458370e+02,1.872471152974678077e+01,-5.572047447331703651e+00,0.000000000000000000e+00,5.585165533850192432e+00,4.728658067754500927e+00
4.636790655400542960e+02,-2.278221223482537425e+02,1.567904001060458370e+02,1.872471152974678077e+01,-5.572047447331703651e+00,0.000000000000000000e+00,5.585165533850192432e+00,4.728658067754500927e+00
4.655515366930289929e+02,-2.283793270929869266e+02,1.567904001060458370e+02,1.872471152974678077e+01,-5.572047447331703651e+00,0.000000000000000000e+00,5.585165533850192432e+00,4.728658067754500927e+00
4.674240078460036898e+02,-2.289365318377201106e+02,1.567904001060458370e+02,1.872471152974678077e+01,-5.572047447331703651e+00,0.000000000000000000e+00,5.585165533850192432e+00,4.728658067754500927e+00
4.692964789989783867e+02,-2.294937365824532947e+02,1.567904001060458370e+02,1.872471152974678077e+01,-5.572047447331703651e+00,0.000000000000000000e+00,5.585165533850192432e+00,4.728658067754500927e+00
4.711689501519530836e+02,-2.300509413271864787e+02,1.567904001060458370e+02,1.872471152974678077e+01,-5.572047447331703651e+00,0.000000000000000000e+00,5.585165533850192432e+00,4.728658067754500927e+00
4.730414213049277805e+02,-2.306081460719196627e+02,1.567904001060458370e+02,1.872471152974678077e+01,-5.572047447331703651e+00,0.000000000000000000e+00,5.585165533850192432e+00,4.728658067754500927e+00
4.749138924579024774e+02,-2.311653508166528468e+02,1.567904001060458370e+02,1.872471152974678077e+01,-5.572047447331703651e+00,0.000000000000000000e+00,5.585165533850192432e+00,4.728658067754500927e+00
4.767863636108771743e+02,-2.317225555613860308e+02,1.567904001060458370e+02,1.872471152974678077e+01,-5.572047447331703651e+00,0.000000000000000000e+00,5.585165533850192432e+00,4.728658067754500927e+00
4.786588347638518712e+02,-2.322797603061192149e+02,1.567904001060458370e+02,1.872471152974678077e+01,-5.572047447331703651e+00,0.000000000000000000e+00,5.585165533850192432e+00,4.728658067754500927e+00
4.805313059168265681e+02,-2.328369650508523989e+02,1.567904001060458370e+02,1.872471152974678077e+01,-5.572047447331703651e+00,0.000000000000000000e+00,5.585165533850192432e+00,4.728658067754500927e+00
4.824037770698012650e+02,-2.333941697955855830e+02,1.567904001060458370e+02,1.872471152974678077e+01,-5.572047447331703651e+00,0.000000000000000000e+00,5.585165533850192432e+00,4.728658067754500927e+00
4.842762482227759619e+02,-2.339513745403187670e+02,1.567904001060458370e+02,1.872471152974678077e+01,-5.572047447331703651e+00,0.000000000000000000e+00,5.585165533850192432e+00,4.728658067754500927e+00
4.861487193757506589e+02,-2.345085792850519510e+02,1.567904001060458370e+02,1.872471152974678077e+01,-5.572047447331703651e+00,0.000000000000000000e+00,5.585165533850192432e+00,4.728658067754500927e+00
4.880211905287253558e+02,-2.350657840297851351e+02,1.567904001060458370e+02,1.872471152974678077e+01,-5.572047447331703651e+00,0.000000000000000000e+00,5.585165533850192432e+00,4.728658067754500927e+00
4.898936616817000527e+02,-2.356229887745183191e+02,1.567904001060458370e+02,1.872471152974678077e+01,-5.572047447331703651e+00,0.000000000000000000e+00,5.585165533850192432e+00,4.728658067754500927e+00
4.917661328346747496e+02,-2.361801935192515032e+02,1.567904001060458370e+02,1.872471152974678077e+01,-5.572047447331703651e+00,0.000000000000000000e+00,5.585165533850192432e+00,4.728658067754500927e+00
4.936386039876494465e+02,-2.367373982639846872e+02,1.567904001060458370e+02,1.872471152974678077e+01,-5.572047447331703651e+00,0.000000000000000000e+00,5.585165533850192432e+00,4.728658067754500927e+00
4.955110751406241434e+02,-2.372946030087178713e+02,1.567904001060458370e+02,1.872471152974678077e+01,-5.572047447331703651e+00,0.000000000000000000e+00,5.585165533850192432e+00,4.728658067754500927e+00
4.973835462935988403e+02,-2.378518077534510553e+02,1.567904001060458370e+02,1.872471152974678077e+01,-5.572047447331703651e+00,0.000000000000000000e+00,5.585165533850192432e+00,4.728658067754500927e+00
4.992560174465735372e+02,-2.384090124981842393e+02,1.567904001060458370e+02,1.872471152974678077e+01,-5.572047447331703651e+00,0.000000000000000000e+00,5.585165533850192432e+00,4.728658067754500927e+00
5.011284885995482341e+02,-2.389662172429174234e+02,1.567904001060458370e+02,1.872471152974678077e+01,-5.572047447331703651e+00,0.000000000000000000e+00,5.585165533850192432e+00,4.728658067754500927e+00
5.030009597525229310e+02,-2.395234219876506074e+02,1.567904001060458370e+02,1.872471152974678077e+01,-5.572047447331703651e+00,0.000000000000000000e+00,5.585165533850192432e+00,4.728658067754500927e+00
5.048734309054976279e+02,-2.400806267323837915e+02,1.567904001060458370e+02,1.872471152974678077e+01,-5.572047447331703651e+00,0.000000000000000000e+00,5.585165533850192432e+00,4.728658067754500927e+00
5.067459020584723248e+02,-2.406378314771169755e+02,1.567904001060458370e+02,1.872471152974678077e+01,-5.572047447331703651e+00,0.000000000000000000e+00,5.585165533850192432e+00,4.728658067754500927e+00
5.086183732114470217e+02,-2.411950362218501596e+02,1.567904001060458370e+02,1.872471152974678077e+01,-5.572047447331703651e+00,0.000000000000000000e+00,5.585165533850192432e+00,4.728658067754500927e+00
5.104908443644217186e+02,-2.417522409665833436e+02,1.567904001060458370e+02,1.872471152974678077e+01,-5.572047447331703651e+00,0.000000000000000000e+00,5.585165533850192432e+00,4.728658067754500927e+00
5.123633155173963587e+02,-2.423094457113165276e+02,1.567904001060458370e+02,1.872471152974678077e+01,-5.572047447331703651e+00,0.000000000000000000e+00,5.585165533850192432e+00,4.728658067754500927e+00
5.142357866703709988e+02,-2.428666504560497117e+02,1.567904001060458370e+02,1.872471152974678077e+01,-5.572047447331703651e+00,0.000000000000000000e+00,5.585165533850192432e+00,4.728658067754500927e+00
5.161082578233456388e+02,-2.434238552007828957e+02,1.567904001060458370e+02,1.872471152974678077e+01,-5.572047447331703651e+00,0.000000000000000000e+00,5.585165533850192432e+00,4.728658067754500927e+00
5.179807289763202789e+02,-2.439810599455160798e+02,1.567904001060458370e+02,1.872471152974678077e+01,-5.572047447331703651e+00,0.000000000000000000e+00,5.585165533850192432e+00,4.728658067754500927e+00
5.198532001292949190e+02,-2.445382646902492638e+02,1.567904001060458370e+02,1.872471152974678077e+01,-5.572047447331703651e+00,0.000000000000000000e+00,5.585165533850192432e+00,4.728658067754500927e+00
5.217256712822695590e+02,-2.450954694349824479e+02,1.567904001060458370e+02,1.872471152974678077e+01,-5.572047447331703651e+00,0.000000000000000000e+00,5.585165533850192432e+00,4.728658067754500927e+00
5.235981424352441991e+02,-2.456526741797156319e+02,1.567904001060458370e+02,1.872471152974678077e+01,-5.572047447331703651e+00,0.000000000000000000e+00,5.585165533850192432e+00,4.728658067754500927e+00
5.254706135882188391e+02,-2.462098789244488160e+02,1.567904001060458370e+02,1.872471152974678077e+01,-5.572047447331703651e+00,0.000000000000000000e+00,5.585165533850192432e+00,4.728658067754500927e+00
5.273430847411934792e+02,-2.467670836691820000e+02,1.567904001060458370e+02,1.872471152974678077e+01,-5.572047447331703651e+00,0.000000000000000000e+00,5.585165533850192432e+00,4.728658067754500927e+00
5.292155558941681193e+02,-2.473242884139151840e+02,1.567904001060458370e+02,1.872471152974678077e+01,-5.572047447331703651e+00,0.000000000000000000e+00,5.585165533850192432e+00,4.728658067754500927e+00
5.310880270471427593e+02,-2.478814931586483681e+02,1.567904001060458370e+02,1.872471152974678077e+01,-5.572047447331703651e+00,0.000000000000000000e+00,5.585165533850192432e+00,4.728658067754500927e+00
5.329604982001173994e+02,-2.484386979033815521e+02,1.567904001060458370e+02,1.872471152974678077e+01,-5.572047447331703651e+00,0.000000000000000000e+00,5.585165533850192432e+00,4.728658067754500927e+00
5.348329693530920395e+02,-2.489959026481147362e+02,1.567904001060458370e+02,1.872471152974678077e+01,-5.572047447331703651e+00,0.000000000000000000e+00,5.585165533850192432e+00,4.728658067754500927e+00
5.367054405060666795e+02,-2.495531073928479202e+02,1.567904001060458370e+02,1.872471152974678077e+01,-5.572047447331703651e+00,0.000000000000000000e+00,5.585165533850192432e+00,4.728658067754500927e+00
5.385779116590413196e+02,-2.501103121375811043e+02,1.567904001060458370e+02,1.872471152974678077e+01,-5.572047447331703651e+00,0.000000000000000000e+00,5.585165533850192432e+00,4.728658067754500927e+00
5.404503828120159596e+02,-2.506675168823142883e+02,1.567904001060458370e+02,1.872471152974678077e+01,-5.572047447331703651e+00,0.000000000000000000e+00,5.585165533850192432e+00,4.728658067754500927e+00
5.423228539649905997e+02,-2.512247216270474723e+02,1.567904001060458370e+02,1.872471152974678077e+01,-5.572047447331703651e+00,0.000000000000000000e+00,5.585165533850192432e+00,4.728658067754500927e+00
5.441953251179652398e+02,-2.517819263717806564e+02,1.567904001060458370e+02,1.872471152974678077e+01,-5.572047447331703651e+00,0.000000000000000000e+00,5.585165533850192432e+00,4.728658067754500927e+00
5.460677962709398798e+02,-2.523391311165138404e+02,1.567904001060458370e+02,1.872471152974678077e+01,-5.572047447331703651e+00,0.000000000000000000e+00,5.585165533850192432e+00,4.728658067754500927e+00
5.479402674239145199e+02,-2.528963358612470245e+02,1.567904001060458370e+02,1.872471152974678077e+01,-5.572047447331703651e+00,0.000000000000000000e+00,5.585165533850192432e+00,4.728658067754500927e+00
5.498127385768891600e+02,-2.534535406059802085e+02,1.567904001060458370e+02,1.872471152974678077e+01,-5.572047447331703651e+00,0.000000000000000000e+00,5.585165533850192432e+00,4.728658067754500927e+00
5.516852097298638000e+02,-2.540107453507133926e+02,1.567904001060458370e+02,1.872471152974678077e+01,-5.572047447331703651e+00,0.000000000000000000e+00,5.585165533850192432e+00,4.728658067754500927e+00
5.535576808828384401e+02,-2.545679500954465766e+02,1.567904001060458370e+02,1.872471152974678077e+01,-5.572047447331703651e+00,0.000000000000000000e+00,5.585165533850192432e+00,4.728658067754500927e+00
5.554301520358130801e+02,-2.551251548401797606e+02,1.567904001060458370e+02,1.872471152974678077e+01,-5.572047447331703651e+00,0.000000000000000000e+00,5.585165533850192432e+00,4.728658067754500927e+00
5.573026231887877202e+02,-2.556823595849129447e+02,1.567904001060458370e+02,1.872471152974678077e+01,-5.572047447331703651e+00,0.000000000000000000e+00,5.585165533850192432e+00,4.728658067754500927e+00
5.591750943417623603e+02,-2.562395643296461003e+02,1.567904001060458370e+02,1.872471152974678077e+01,-5.572047447331703651e+00,0.000000000000000000e+00,5.585165533850192432e+00,4.728658067754500927e+00
5.610475654947370003e+02,-2.567967690743792559e+02,1.567904001060458370e+02,1.872471152974678077e+01,-5.572047447331703651e+00,0.000000000000000000e+00,5.585165533850192432e+00,4.728658067754500927e+00
5.629200366477116404e+02,-2.573539738191124115e+02,1.567904001060458370e+02,1.872471152974678077e+01,-5.572047447331703651e+00,0.000000000000000000e+00,5.585165533850192432e+00,4.728658067754500927e+00
5.647925078006862805e+02,-2.579111785638455672e+02,1.567904001060458370e+02,1.872471152974678077e+01,-5.572047447331703651e+00,0.000000000000000000e+00,5.585165533850192432e+00,4.728658067754500927e+00
5.666649789536609205e+02,-2.584683833085787228e+02,1.567904001060458370e+02,1.872471152974678077e+01,-5.572047447331703651e+00,0.000000000000000000e+00,5.585165533850192432e+00,4.728658067754500927e+00
5.685374501066355606e+02,-2.590255880533118784e+02,1.567904001060458370e+02,1.872471152974678077e+01,-5.572047447331703651e+00,0.000000000000000000e+00,5.585165533850192432e+00,4.728658067754500927e+00
5.704099212596102007e+02,-2.595827927980450340e+02,1.567904001060458370e+02,1.872471152974678077e+01,-5.572047447331703651e+00,0.000000000000000000e+00,5.585165533850192432e+00,4.728658067754500927e+00
5.722823924125848407e+02,-2.601399975427781897e+02,1.567904001060458370e+02,1.872471152974678077e+01,-5.572047447331703651e+00,0.000000000000000000e+00,5.585165533850192432e+00,4.728658067754500927e+00
5.741548635655594808e+02,-2.606972022875113453e+02,1.567904001060458370e+02,1.872471152974678077e+01,-5.572047447331703651e+00,0.000000000000000000e+00,5.585165533850192432e+00,4.728658067754500927e+00
5.760273347185341208e+02,-2.612544070322445009e+02,1.567904001060458370e+02,1.872471152974678077e+01,-5.572047447331703651e+00,0.000000000000000000e+00,5.585165533850192432e+00,4.728658067754500927e+00
5.778998058715087609e+02,-2.618116117769776565e+02,1.567904001060458370e+02,1.872471152974678077e+01,-5.572047447331703651e+00,0.000000000000000000e+00,5.585165533850192432e+00,4.728658067754500927e+00
5.797722770244834010e+02,-2.623688165217108121e+02,1.567904001060458370e+02,1.872471152974678077e+01,-5.572047447331703651e+00,0.000000000000000000e+00,5.585165533850192432e+00,4.728658067754500927e+00
5.816447481774580410e+02,-2.629260212664439678e+02,1.567904001060458370e+02,1.872471152974678077e+01,-5.572047447331703651e+00,0.000000000000000000e+00,5.585165533850192432e+00,4.728658067754500927e+00
5.835172193304326811e+02,-2.634832260111771234e+02,1.567904001060458370e+02,1.872471152974678077e+01,-5.572047447331703651e+00,0.000000000000000000e+00,5.585165533850192432e+00,4.728658067754500927e+00
5.853896904834073212e+02,-2.640404307559102790e+02,1.567904001060458370e+02,1.872471152974678077e+01,-5.572047447331703651e+00,0.000000000000000000e+00,5.585165533850192432e+00,4.728658067754500927e+00
5.872621616363819612e+02,-2.645976355006434346e+02,1.567904001060458370e+02,1.872471152974678077e+01,-5.572047447331703651e+00,0.000000000000000000e+00,5.585165533850192432e+00,4.728658067754500927e+00
5.891346327893566013e+02,-2.651548402453765902e+02,1.567904001060458370e+02,1.872471152974678077e+01,-5.572047447331703651e+00,0.000000000000000000e+00,5.585165533850192432e+00,4.728658067754500927e+00
5.910071039423312413e+02,-2.657120449901097459e+02,1.567904001060458370e+02,1.872471152974678077e+01,-5.572047447331703651e+00,0.000000000000000000e+00,5.585165533850192432e+00,4.728658067754500927e+00
5.928795750953058814e+02,-2.662692497348429015e+02,1.567904001060458370e+02,1.872471152974678077e+01,-5.572047447331703651e+00,0.000000000000000000e+00,5.585165533850192432e+00,4.728658067754500927e+00
5.947520462482805215e+02,-2.668264544795760571e+02,1.567904001060458370e+02,1.872471152974678077e+01,-5.572047447331703651e+00,0.000000000000000000e+00,5.585165533850192432e+00,4.728658067754500927e+00
5.966245174012551615e+02,-2.673836592243092127e+02,1.567904001060458370e+02,1.872471152974678077e+01,-5.572047447331703651e+00,0.000000000000000000e+00,5.585165533850192432e+00,4.728658067754500927e+00
5.984969885542298016e+02,-2.679408639690423684e+02,1.567904001060458370e+02,1.872471152974678077e+01,-5.572047447331703651e+00,0.000000000000000000e+00,5.585165533850192432e+00,4.728658067754500927e+00
6.003694597072044417e+02,-2.684980687137755240e+02,1.567904001060458370e+02,1.872471152974678077e+01,-5.572047447331703651e+00,0.000000000000000000e+00,5.585165533850192432e+00,4.728658067754500927e+00
6.022419308601790817e+02,-2.690552734585086796e+02,1.567904001060458370e+02,1.872471152974678077e+01,-5.572047447331703651e+00,0.000000000000000000e+00,5.585165533850192432e+00,4.728658067754500927e+00
6.041144020131537218e+02,-2.696124782032418352e+02,1.567904001060458370e+02,1.872471152974678077e+01,-5.572047447331703651e+00,0.000000000000000000e+00,5.585165533850192432e+00,4.728658067754500927e+00
6.059868731661283618e+02,-2.701696829479749908e+02,1.567904001060458370e+02,1.872471152974678077e+01,-5.572047447331703651e+00,0.000000000000000000e+00,5.585165533850192432e+00,4.728658067754500927e+00
6.078593443191030019e+02,-2.707268876927081465e+02,1.567904001060458370e+02,1.872471152974678077e+01,-5.572047447331703651e+00,0.000000000000000000e+00,5.585165533850192432e+00,4.728658067754500927e+00
6.097318154720776420e+02,-2.712840924374413021e+02,1.567904001060458370e+02,1.872471152974678077e+01,-5.572047447331703651e+00,0.000000000000000000e+00,5.585165533850192432e+00,4.728658067754500927e+00
6.116042866250522820e+02,-2.718412971821744577e+02,1.567904001060458370e+02,1.872471152974678077e+01,-5.572047447331703651e+00,0.000000000000000000e+00,5.585165533850192432e+00,4.728658067754500927e+00
6.134767577780269221e+02,-2.723985019269076133e+02,1.567904001060458370e+02,1.872471152974678077e+01,-5.572047447331703651e+00,0.000000000000000000e+00,5.585165533850192432e+00,4.728658067754500927e+00
6.153492289310015622e+02,-2.729557066716407689e+02,1.567904001060458370e+02,1.872471152974678077e+01,-5.572047447331703651e+00,0.000000000000000000e+00,5.585165533850192432e+00,4.728658067754500927e+00
6.172217000839762022e+02,-2.735129114163739246e+02,1.567904001060458370e+02,1.872471152974678077e+01,-5.572047447331703651e+00,0.000000000000000000e+00,5.585165533850192432e+00,4.728658067754500927e+00
6.190941712369508423e+02,-2.740701161611070802e+02,1.567904001060458370e+02,1.872471152974678077e+01,-5.572047447331703651e+00,0.000000000000000000e+00,5.585165533850192432e+00,4.728658067754500927e+00
6.209666423899254823e+02,-2.746273209058402358e+02,1.567904001060458370e+02,1.872471152974678077e+01,-5.572047447331703651e+00,0.000000000000000000e+00,5.585165533850192432e+00,4.728658067754500927e+00
6.228391135429001224e+02,-2.751845256505733914e+02,1.567904001060458370e+02,1.872471152974678077e+01,-5.572047447331703651e+00,0.000000000000000000e+00,5.585165533850192432e+00,4.728658067754500927e+00
6.247115846958747625e+02,-2.757417303953065471e+02,1.567904001060458370e+02,1.872471152974678077e+01,-5.572047447331703651e+00,0.000000000000000000e+00,5.585165533850192432e+00,4.728658067754500927e+00
6.265840558488494025e+02,-2.762989351400397027e+02,1.567904001060458370e+02,1.872471152974678077e+01,-5.572047447331703651e+00,0.000000000000000000e+00,5.585165533850192432e+00,4.728658067754500927e+00
6.284565270018240426e+02,-2.768561398847728583e+02,1.567904001060458370e+02,1.872471152974678077e+01,-5.572047447331703651e+00,0.000000000000000000e+00,5.585165533850192432e+00,4.728658067754500927e+00
6.303289981547986827e+02,-2.774133446295060139e+02,1.567904001060458370e+02,1.872471152974678077e+01,-5.572047447331703651e+00,0.000000000000000000e+00,5.585165533850192432e+00,4.728658067754500927e+00
6.322014693077733227e+02,-2.779705493742391695e+02,1.567904001060458370e+02,1.872471152974678077e+01,-5.572047447331703651e+00,0.000000000000000000e+00,5.585165533850192432e+00,4.728658067754500927e+00
6.340739404607479628e+02,-2.785277541189723252e+02,1.567904001060458370e+02,1.872471152974678077e+01,-5.572047447331703651e+00,0.000000000000000000e+00,5.585165533850192432e+00,4.728658067754500927e+00
6.359464116137226029e+02,-2.790849588637054808e+02,1.567904001060458370e+02,1.872471152974678077e+01,-5.572047447331703651e+00,0.000000000000000000e+00,5.585165533850192432e+00,4.728658067754500927e+00
6.378188827666972429e+02,-2.796421636084386364e+02,1.567904001060458370e+02,1.872471152974678077e+01,-5.572047447331703651e+00,0.000000000000000000e+00,5.585165533850192432e+00,4.728658067754500927e+00
6.396913539196718830e+02,-2.801993683531717920e+02,1.567904001060458370e+02,1.872471152974678077e+01,-5.572047447331703651e+00,0.000000000000000000e+00,5.585165533850192432e+00,4.728658067754500927e+00
6.415638250726465230e+02,-2.807565730979049476e+02,1.567904001060458370e+02,1.872471152974678077e+01,-5.572047447331703651e+00,0.000000000000000000e+00,5.585165533850192432e+00,4.728658067754500927e+00
6.434362962256211631e+02,-2.813137778426381033e+02,1.567904001060458370e+02,1.872471152974678077e+01,-5.572047447331703651e+00,0.000000000000000000e+00,5.585165533850192432e+00,4.728658067754500927e+00
6.453087673785958032e+02,-2.818709825873712589e+02,1.567904001060458370e+02,1.872471152974678077e+01,-5.572047447331703651e+00,0.000000000000000000e+00,5.585165533850192432e+00,4.728658067754500927e+00
6.471812385315704432e+02,-2.824281873321044145e+02,1.567904001060458370e+02,1.872471152974678077e+01,-5.572047447331703651e+00,0.000000000000000000e+00,5.585165533850192432e+00,4.728658067754500927e+00
6.490537096845450833e+02,-2.829853920768375701e+02,1.567904001060458370e+02,1.872471152974678077e+01,-5.572047447331703651e+00,0.000000000000000000e+00,5.585165533850192432e+00,4.728658067754500927e+00
6.509261808375197234e+02,-2.835425968215707258e+02,1.567904001060458370e+02,1.872471152974678077e+01,-5.572047447331703651e+00,0.000000000000000000e+00,5.585165533850192432e+00,4.728658067754500927e+00
6.527986519904943634e+02,-2.840998015663038814e+02,1.567904001060458370e+02,1.872471152974678077e+01,-5.572047447331703651e+00,0.000000000000000000e+00,5.585165533850192432e+00,4.728658067754500927e+00
6.546711231434690035e+02,-2.846570063110370370e+02,1.567904001060458370e+02,1.872471152974678077e+01,-5.572047447331703651e+00,0.000000000000000000e+00,5.585165533850192432e+00,4.728658067754500927e+00
6.565435942964436435e+02,-2.852142110557701926e+02,1.567904001060458370e+02,1.872471152974678077e+01,-5.572047447331703651e+00,0.000000000000000000e+00,5.585165533850192432e+00,4.728658067754500927e+00
6.584160654494182836e+02,-2.857714158005033482e+02,1.567904001060458370e+02,1.872471152974678077e+01,-5.572047447331703651e+00,0.000000000000000000e+00,5.585165533850192432e+00,4.728658067754500927e+00
6.602885366023929237e+02,-2.863286205452365039e+02,1.567904001060458370e+02,1.872471152974678077e+01,-5.572047447331703651e+00,0.000000000000000000e+00,5.585165533850192432e+00,4.728658067754500927e+00
6.621610077553675637e+02,-2.868858252899696595e+02,1.567904001060458370e+02,1.872471152974678077e+01,-5.572047447331703651e+00,0.000000000000000000e+00,5.585165533850192432e+00,4.728658067754500927e+00
6.640334789083422038e+02,-2.874430300347028151e+02,1.567904001060458370e+02,1.872471152974678077e+01,-5.572047447331703651e+00,0.000000000000000000e+00,5.585165533850192432e+00,4.728658067754500927e+00
6.659059500613168439e+02,-2.880002347794359707e+02,1.567904001060458370e+02,1.872471152974678077e+01,-5.572047447331703651e+00,0.000000000000000000e+00,5.585165533850192432e+00,4.728658067754500927e+00
6.677784212142914839e+02,-2.885574395241691263e+02,1.567904001060458370e+02,1.872471152974678077e+01,-5.572047447331703651e+00,0.000000000000000000e+00,5.585165533850192432e+00,4.728658067754500927e+00
6.696508923672661240e+02,-2.891146442689022820e+02,1.567904001060458370e+02,1.872471152974678077e+01,-5.572047447331703651e+00,0.000000000000000000e+00,5.585165533850192432e+00,4.728658067754500927e+00
6.715233635202407640e+02,-2.896718490136354376e+02,1.567904001060458370e+02,1.872471152974678077e+01,-5.572047447331703651e+00,0.000000000000000000e+00,5.585165533850192432e+00,4.728658067754500927e+00
6.733958346732154041e+02,-2.902290537583685932e+02,1.567904001060458370e+02,1.872471152974678077e+01,-5.572047447331703651e+00,0.000000000000000000e+00,5.585165533850192432e+00,4.728658067754500927e+00
6.752683058261900442e+02,-2.907862585031017488e+02,1.567904001060458370e+02,1.872471152974678077e+01,-5.572047447331703651e+00,0.000000000000000000e+00,5.585165533850192432e+00,4.728658067754500927e+00
6.771407769791646842e+02,-2.913434632478349045e+02,1.567904001060458370e+02,1.872471152974678077e+01,-5.572047447331703651e+00,0.000000000000000000e+00,5.585165533850192432e+00,4.728658067754500927e+00
6.790132481321393243e+02,-2.919006679925680601e+02,1.567904001060458370e+02,1.872471152974678077e+01,-5.572047447331703651e+00,0.000000000000000000e+00,5.585165533850192432e+00,4.728658067754500927e+00
6.808857192851139644e+02,-2.924578727373012157e+02,1.567904001060458370e+02,1.872471152974678077e+01,-5.572047447331703651e+00,0.000000000000000000e+00,5.585165533850192432e+00,4.728658067754500927e+00
6.827581904380886044e+02,-2.930150774820343713e+02,1.567904001060458370e+02,1.872471152974678077e+01,-5.572047447331703651e+00,0.000000000000000000e+00,5.585165533850192432e+00,4.728658067754500927e+00
6.846306615910632445e+02,-2.935722822267675269e+02,1.567904001060458370e+02,1.872471152974678077e+01,-5.572047447331703651e+00,0.000000000000000000e+00,5.585165533850192432e+00,4.728658067754500927e+00
6.865031327440378845e+02,-2.941294869715006826e+02,1.567904001060458370e+02,1.872471152974678077e+01,-5.572047447331703651e+00,0.000000000000000000e+00,5.585165533850192432e+00,4.728658067754500927e+00
6.883756038970125246e+02,-2.946866917162338382e+02,1.567904001060458370e+02,1.872471152974678077e+01,-5.572047447331703651e+00,0.000000000000000000e+00,5.585165533850192432e+00,4.728658067754500927e+00
6.902480750499871647e+02,-2.952438964609669938e+02,1.567904001060458370e+02,1.872471152974678077e+01,-5.572047447331703651e+00,0.000000000000000000e+00,5.585165533850192432e+00,4.728658067754500927e+00
6.921205462029618047e+02,-2.958011012057001494e+02,1.567904001060458370e+02,1.872471152974678077e+01,-5.572047447331703651e+00,0.000000000000000000e+00,5.585165533850192432e+00,4.728658067754500927e+00
6.939930173559364448e+02,-2.963583059504333050e+02,1.567904001060458370e+02,1.872471152974678077e+01,-5.572047447331703651e+00,0.000000000000000000e+00,5.585165533850192432e+00,4.728658067754500927e+00
6.958654885089110849e+02,-2.969155106951664607e+02,1.567904001060458370e+02,1.872471152974678077e+01,-5.572047447331703651e+00,0.000000000000000000e+00,5.585165533850192432e+00,4.728658067754500927e+00
6.977379596618857249e+02,-2.974727154398996163e+02,1.567904001060458370e+02,1.872471152974678077e+01,-5.572047447331703651e+00,0.000000000000000000e+00,5.585165533850192432e+00,4.728658067754500927e+00
6.996104308148603650e+02,-2.980299201846327719e+02,1.567904001060458370e+02,1.872471152974678077e+01,-5.572047447331703651e+00,0.000000000000000000e+00,5.585165533850192432e+00,4.728658067754500927e+00
7.014829019678350051e+02,-2.985871249293659275e+02,1.567904001060458370e+02,1.872471152974678077e+01,-5.572047447331703651e+00,0.000000000000000000e+00,5.585165533850192432e+00,4.728658067754500927e+00
7.033553731208096451e+02,-2.991443296740990831e+02,1.567904001060458370e+02,1.872471152974678077e+01,-5.572047447331703651e+00,0.000000000000000000e+00,5.585165533850192432e+00,4.728658067754500927e+00
7.052278442737842852e+02,-2.997015344188322388e+02,1.567904001060458370e+02,1.872471152974678077e+01,-5.572047447331703651e+00,0.000000000000000000e+00,5.585165533850192432e+00,4.728658067754500927e+00
7.071003154267589252e+02,-3.002587391635653944e+02,1.567904001060458370e+02,1.872471152974678077e+01,-5.572047447331703651e+00,0.000000000000000000e+00,5.585165533850192432e+00,4.728658067754500927e+00
7.089727865797335653e+02,-3.008159439082985500e+02,1.567904001060458370e+02,1.872471152974678077e+01,-5.572047447331703651e+00,0.000000000000000000e+00,5.585165533850192432e+00,4.728658067754500927e+00
7.108452577327082054e+02,-3.013731486530317056e+02,1.567904001060458370e+02,1.872471152974678077e+01,-5.572047447331703651e+00,0.000000000000000000e+00,5.585165533850192432e+00,4.728658067754500927e+00
7.127177288856828454e+02,-3.019303533977648613e+02,1.567904001060458370e+02,1.872471152974678077e+01,-5.572047447331703651e+00,0.000000000000000000e+00,5.585165533850192432e+00,4.728658067754500927e+00
7.145902000386574855e+02,-3.024875581424980169e+02,1.567904001060458370e+02,1.872471152974678077e+01,-5.572047447331703651e+00,0.000000000000000000e+00,5.585165533850192432e+00,4.728658067754500927e+00
7.164626711916321256e+02,-3.030447628872311725e+02,1.567904001060458370e+02,1.872471152974678077e+01,-5.572047447331703651e+00,0.000000000000000000e+00,5.585165533850192432e+00,4.728658067754500927e+00
7.183351423446067656e+02,-3.036019676319643281e+02,1.567904001060458370e+02,1.872471152974678077e+01,-5.572047447331703651e+00,0.000000000000000000e+00,5.585165533850192432e+00,4.728658067754500927e+00
7.202076134975814057e+02,-3.041591723766974837e+02,1.567904001060458370e+02,1.872471152974678077e+01,-5.572047447331703651e+00,0.000000000000000000e+00,5.585165533850192432e+00,4.728658067754500927e+00
7.220800846505560457e+02,-3.047163771214306394e+02,1.567904001060458370e+02,1.872471152974678077e+01,-5.572047447331703651e+00,0.000000000000000000e+00,5.585165533850192432e+00,4.728658067754500927e+00
7.239525558035306858e+02,-3.052735818661637950e+02,1.567904001060458370e+02,1.872471152974678077e+01,-5.572047447331703651e+00,0.000000000000000000e+00,5.585165533850192432e+00,4.728658067754500927e+00
7.258250269565053259e+02,-3.058307866108969506e+02,1.567904001060458370e+02,1.872471152974678077e+01,-5.572047447331703651e+00,0.000000000000000000e+00,5.585165533850192432e+00,4.728658067754500927e+00
7.276974981094799659e+02,-3.063879913556301062e+02,1.567904001060458370e+02,1.872471152974678077e+01,-5.572047447331703651e+00,0.000000000000000000e+00,5.585165533850192432e+00,4.728658067754500927e+00
7.295699692624546060e+02,-3.069451961003632618e+02,1.567904001060458370e+02,1.872471152974678077e+01,-5.572047447331703651e+00,0.000000000000000000e+00,5.585165533850192432e+00,4.728658067754500927e+00
7.314424404154292461e+02,-3.075024008450964175e+02,1.567904001060458370e+02,1.872471152974678077e+01,-5.572047447331703651e+00,0.000000000000000000e+00,5.585165533850192432e+00,4.728658067754500927e+00
7.333149115684038861e+02,-3.080596055898295731e+02,1.567904001060458370e+02,1.872471152974678077e+01,-5.572047447331703651e+00,0.000000000000000000e+00,5.585165533850192432e+00,4.728658067754500927e+00
7.351873827213785262e+02,-3.086168103345627287e+02,1.567904001060458370e+02,1.872471152974678077e+01,-5.572047447331703651e+00,0.000000000000000000e+00,5.585165533850192432e+00,4.728658067754500927e+00
7.370598538743531662e+02,-3.091740150792958843e+02,1.567904001060458370e+02,1.872471152974678077e+01,-5.572047447331703651e+00,0.000000000000000000e+00,5.585165533850192432e+00,4.728658067754500927e+00
7.389323250273278063e+02,-3.097312198240290400e+02,1.567904001060458370e+02,1.872471152974678077e+01,-5.572047447331703651e+00,0.000000000000000000e+00,5.585165533850192432e+00,4.728658067754500927e+00
7.408047961803024464e+02,-3.102884245687621956e+02,1.567904001060458370e+02,1.872471152974678077e+01,-5.572047447331703651e+00,0.000000000000000000e+00,5.585165533850192432e+00,4.728658067754500927e+00
7.426772673332770864e+02,-3.108456293134953512e+02,1.567904001060458370e+02,1.872471152974678077e+01,-5.572047447331703651e+00,0.000000000000000000e+00,5.585165533850192432e+00,4.728658067754500927e+00
7.445497384862517265e+02,-3.114028340582285068e+02,1.567904001060458370e+02,1.872471152974678077e+01,-5.572047447331703651e+00,0.000000000000000000e+00,5.585165533850192432e+00,4.728658067754500927e+00
7.464222096392263666e+02,-3.119600388029616624e+02,1.567904001060458370e+02,1.872471152974678077e+01,-5.572047447331703651e+00,0.000000000000000000e+00,5.585165533850192432e+00,4.728658067754500927e+00
7.482946807922010066e+02,-3.125172435476948181e+02,1.567904001060458370e+02,1.872471152974678077e+01,-5.572047447331703651e+00,0.000000000000000000e+00,5.585165533850192432e+00,4.728658067754500927e+00
7.501671519451756467e+02,-3.130744482924279737e+02,1.567904001060458370e+02,1.872471152974678077e+01,-5.572047447331703651e+00,0.000000000000000000e+00,5.585165533850192432e+00,4.728658067754500927e+00
7.520396230981502868e+02,-3.136316530371611293e+02,1.567904001060458370e+02,1.872471152974678077e+01,-5.572047447331703651e+00,0.000000000000000000e+00,5.585165533850192432e+00,4.728658067754500927e+00
7.539120942511249268e+02,-3.141888577818942849e+02,1.567904001060458370e+02,1.872471152974678077e+01,-5.572047447331703651e+00,0.000000000000000000e+00,5.585165533850192432e+00,4.728658067754500927e+00
7.557845654040995669e+02,-3.147460625266274405e+02,1.567904001060458370e+02,1.872471152974678077e+01,-5.572047447331703651e+00,0.000000000000000000e+00,5.585165533850192432e+00,4.728658067754500927e+00
7.576570365570742069e+02,-3.153032672713605962e+02,1.567904001060458370e+02,1.872471152974678077e+01,-5.572047447331703651e+00,0.000000000000000000e+00,5.585165533850192432e+00,4.728658067754500927e+00
7.595295077100488470e+02,-3.158604720160937518e+02,1.567904001060458370e+02,1.872471152974678077e+01,-5.572047447331703651e+00,0.000000000000000000e+00,5.585165533850192432e+00,4.728658067754500927e+00
7.614019788630234871e+02,-3.164176767608269074e+02,1.567904001060458370e+02,1.872471152974678077e+01,-5.572047447331703651e+00,0.000000000000000000e+00,5.585165533850192432e+00,4.728658067754500927e+00
7.632744500159981271e+02,-3.169748815055600630e+02,1.567904001060458370e+02,1.872471152974678077e+01,-5.572047447331703651e+00,0.000000000000000000e+00,5.585165533850192432e+00,4.728658067754500927e+00
7.651469211689727672e+02,-3.175320862502932187e+02,1.567904001060458370e+02,1.872471152974678077e+01,-5.572047447331703651e+00,0.000000000000000000e+00,5.585165533850192432e+00,4.728658067754500927e+00
7.670193923219474073e+02,-3.180892909950263743e+02,1.567904001060458370e+02,1.872471152974678077e+01,-5.572047447331703651e+00,0.000000000000000000e+00,5.585165533850192432e+00,4.728658067754500927e+00
7.688918634749220473e+02,-3.186464957397595299e+02,1.567904001060458370e+02,1.872471152974678077e+01,-5.572047447331703651e+00,0.000000000000000000e+00,5.585165533850192432e+00,4.728658067754500927e+00
7.707643346278966874e+02,-3.192037004844926855e+02,1.567904001060458370e+02,1.872471152974678077e+01,-5.572047447331703651e+00,0.000000000000000000e+00,5.585165533850192432e+00,4.728658067754500927e+00
7.726368057808713274e+02,-3.197609052292258411e+02,1.567904001060458370e+02,1.872471152974678077e+01,-5.572047447331703651e+00,0.000000000000000000e+00,5.585165533850192432e+00,4.728658067754500927e+00
7.745092769338459675e+02,-3.203181099739589968e+02,1.567904001060458370e+02,1.872471152974678077e+01,-5.572047447331703651e+00,0.000000000000000000e+00,5.585165533850192432e+00,4.728658067754500927e+00
7.763817480868206076e+02,-3.208753147186921524e+02,1.567904001060458370e+02,1.872471152974678077e+01,-5.572047447331703651e+00,0.000000000000000000e+00,5.585165533850192432e+00,4.728658067754500927e+00
7.782542192397952476e+02,-3.214325194634253080e+02,1.567904001060458370e+02,1.872471152974678077e+01,-5.572047447331703651e+00,0.000000000000000000e+00,5.585165533850192432e+00,4.728658067754500927e+00
7.801266903927698877e+02,-3.219897242081584636e+02,1.567904001060458370e+02,1.872471152974678077e+01,-5.572047447331703651e+00,0.000000000000000000e+00,5.585165533850192432e+00,4.728658067754500927e+00
7.819991615457445278e+02,-3.225469289528916192e+02,1.567904001060458370e+02,1.872471152974678077e+01,-5.572047447331703651e+00,0.000000000000000000e+00,5.585165533850192432e+00,4.728658067754500927e+00
7.838716326987191678e+02,-3.231041336976247749e+02,1.567904001060458370e+02,1.872471152974678077e+01,-5.572047447331703651e+00,0.000000000000000000e+00,5.585165533850192432e+00,4.728658067754500927e+00
7.857441038516938079e+02,-3.236613384423579305e+02,1.567904001060458370e+02,1.872471152974678077e+01,-5.572047447331703651e+00,0.000000000000000000e+00,5.585165533850192432e+00,4.728658067754500927e+00
7.876165750046684479e+02,-3.242185431870910861e+02,1.567904001060458370e+02,1.872471152974678077e+01,-5.572047447331703651e+00,0.000000000000000000e+00,5.585165533850192432e+00,4.728658067754500927e+00
7.894890461576430880e+02,-3.247757479318242417e+02,1.567904001060458370e+02,1.872471152974678077e+01,-5.572047447331703651e+00,0.000000000000000000e+00,5.585165533850192432e+00,4.728658067754500927e+00
7.913615173106177281e+02,-3.253329526765573974e+02,1.567904001060458370e+02,1.872471152974678077e+01,-5.572047447331703651e+00,0.000000000000000000e+00,5.585165533850192432e+00,4.728658067754500927e+00
7.932339884635923681e+02,-3.258901574212905530e+02,1.567904001060458370e+02,1.872471152974678077e+01,-5.572047447331703651e+00,0.000000000000000000e+00,5.585165533850192432e+00,4.728658067754500927e+00
7.951064596165670082e+02,-3.264473621660237086e+02,1.567904001060458370e+02,1.872471152974678077e+01,-5.572047447331703651e+00,0.000000000000000000e+00,5.585165533850192432e+00,4.728658067754500927e+00
7.969789307695416483e+02,-3.270045669107568642e+02,1.567904001060458370e+02,1.872471152974678077e+01,-5.572047447331703651e+00,0.000000000000000000e+00,5.585165533850192432e+00,4.728658067754500927e+00
7.988514019225162883e+02,-3.275617716554900198e+02,1.567904001060458370e+02,1.872471152974678077e+01,-5.572047447331703651e+00,0.000000000000000000e+00,5.585165533850192432e+00,4.728658067754500927e+00
8.007238730754909284e+02,-3.281189764002231755e+02,1.567904001060458370e+02,1.872471152974678077e+01,-5.572047447331703651e+00,0.000000000000000000e+00,5.585165533850192432e+00,4.728658067754500927e+00
8.025963442284655684e+02,-3.286761811449563311e+02,1.567904001060458370e+02,1.872471152974678077e+01,-5.572047447331703651e+00,0.000000000000000000e+00,5.585165533850192432e+00,4.728658067754500927e+00
8.044688153814402085e+02,-3.292333858896894867e+02,1.567904001060458370e+02,1.872471152974678077e+01,-5.572047447331703651e+00,0.000000000000000000e+00,5.585165533850192432e+00,4.728658067754500927e+00
8.063412865344148486e+02,-3.297905906344226423e+02,1.567904001060458370e+02,1.872471152974678077e+01,-5.572047447331703651e+00,0.000000000000000000e+00,5.585165533850192432e+00,4.728658067754500927e+00
8.082137576873894886e+02,-3.303477953791557979e+02,1.567904001060458370e+02,1.872471152974678077e+01,-5.572047447331703651e+00,0.000000000000000000e+00,5.585165533850192432e+00,4.728658067754500927e+00
8.100862288403641287e+02,-3.309050001238889536e+02,1.567904001060458370e+02,1.872471152974678077e+01,-5.572047447331703651e+00,0.000000000000000000e+00,5.585165533850192432e+00,4.728658067754500927e+00
8.119586999933387688e+02,-3.314622048686221092e+02,1.567904001060458370e+02,1.872471152974678077e+01,-5.572047447331703651e+00,0.000000000000000000e+00,5.585165533850192432e+00,4.728658067754500927e+00
8.138311711463134088e+02,-3.320194096133552648e+02,1.567904001060458370e+02,1.872471152974678077e+01,-5.572047447331703651e+00,0.000000000000000000e+00,5.585165533850192432e+00,4.728658067754500927e+00
8.157036422992880489e+02,-3.325766143580884204e+02,1.567904001060458370e+02,1.872471152974678077e+01,-5.572047447331703651e+00,0.000000000000000000e+00,5.585165533850192432e+00,4.728658067754500927e+00
8.175761134522626890e+02,-3.331338191028215761e+02,1.567904001060458370e+02,1.872471152974678077e+01,-5.572047447331703651e+00,0.000000000000000000e+00,5.585165533850192432e+00,4.728658067754500927e+00
8.194485846052373290e+02,-3.336910238475547317e+02,1.567904001060458370e+02,1.872471152974678077e+01,-5.572047447331703651e+00,0.000000000000000000e+00,5.585165533850192432e+00,4.728658067754500927e+00
8.213210557582119691e+02,-3.342482285922878873e+02,1.567904001060458370e+02,1.872471152974678077e+01,-5.572047447331703651e+00,0.000000000000000000e+00,5.585165533850192432e+00,4.728658067754500927e+00
8.231935269111866091e+02,-3.348054333370210429e+02,1.567904001060458370e+02,1.872471152974678077e+01,-5.572047447331703651e+00,0.000000000000000000e+00,5.585165533850192432e+00,4.728658067754500927e+00
8.250659980641612492e+02,-3.353626380817541985e+02,1.567904001060458370e+02,1.872471152974678077e+01,-5.572047447331703651e+00,0.000000000000000000e+00,5.585165533850192432e+00,4.728658067754500927e+00
8.269384692171358893e+02,-3.359198428264873542e+02,1.567904001060458370e+02,1.872471152974678077e+01,-5.572047447331703651e+00,0.000000000000000000e+00,5.585165533850192432e+00,4.728658067754500927e+00
8.288109403701105293e+02,-3.364770475712205098e+02,1.567904001060458370e+02,1.872471152974678077e+01,-5.572047447331703651e+00,0.000000000000000000e+00,5.585165533850192432e+00,4.728658067754500927e+00
8.306834115230851694e+02,-3.370342523159536654e+02,1.567904001060458370e+02,1.872471152974678077e+01,-5.572047447331703651e+00,0.000000000000000000e+00,5.585165533850192432e+00,4.728658067754500927e+00
8.325558826760598095e+02,-3.375914570606868210e+02,1.567904001060458370e+02,1.872471152974678077e+01,-5.572047447331703651e+00,0.000000000000000000e+00,5.585165533850192432e+00,4.728658067754500927e+00
8.344283538290344495e+02,-3.381486618054199766e+02,1.567904001060458370e+02,1.872471152974678077e+01,-5.572047447331703651e+00,0.000000000000000000e+00,5.585165533850192432e+00,4.728658067754500927e+00
8.363008249820090896e+02,-3.387058665501531323e+02,1.567904001060458370e+02,1.872471152974678077e+01,-5.572047447331703651e+00,0.000000000000000000e+00,5.585165533850192432e+00,4.728658067754500927e+00
8.381732961349837296e+02,-3.392630712948862879e+02,1.567904001060458370e+02,1.872471152974678077e+01,-5.572047447331703651e+00,0.000000000000000000e+00,5.585165533850192432e+00,4.728658067754500927e+00
8.400457672879583697e+02,-3.398202760396194435e+02,1.567904001060458370e+02,1.872471152974678077e+01,-5.572047447331703651e+00,0.000000000000000000e+00,5.585165533850192432e+00,4.728658067754500927e+00
8.419182384409330098e+02,-3.403774807843525991e+02,1.567904001060458370e+02,1.872471152974678077e+01,-5.572047447331703651e+00,0.000000000000000000e+00,5.585165533850192432e+00,4.728658067754500927e+00
8.437907095939076498e+02,-3.409346855290857548e+02,1.567904001060458370e+02,1.872471152974678077e+01,-5.572047447331703651e+00,0.000000000000000000e+00,5.585165533850192432e+00,4.728658067754500927e+00
8.456631807468822899e+02,-3.414918902738189104e+02,1.567904001060458370e+02,1.872471152974678077e+01,-5.572047447331703651e+00,0.000000000000000000e+00,5.585165533850192432e+00,4.728658067754500927e+00
8.475356518998569300e+02,-3.420490950185520660e+02,1.567904001060458370e+02,1.872471152974678077e+01,-5.572047447331703651e+00,0.000000000000000000e+00,5.585165533850192432e+00,4.728658067754500927e+00
8.494081230528315700e+02,-3.426062997632852216e+02,1.567904001060458370e+02,1.872471152974678077e+01,-5.572047447331703651e+00,0.000000000000000000e+00,5.585165533850192432e+00,4.728658067754500927e+00
8.512805942058062101e+02,-3.431635045080183772e+02,1.567904001060458370e+02,1.872471152974678077e+01,-5.572047447331703651e+00,0.000000000000000000e+00,5.585165533850192432e+00,4.728658067754500927e+00
8.531530653587808501e+02,-3.437207092527515329e+02,1.567904001060458370e+02,1.872471152974678077e+01,-5.572047447331703651e+00,0.000000000000000000e+00,5.585165533850192432e+00,4.728658067754500927e+00
8.550255365117554902e+02,-3.442779139974846885e+02,1.567904001060458370e+02,1.872471152974678077e+01,-5.572047447331703651e+00,0.000000000000000000e+00,5.585165533850192432e+00,4.728658067754500927e+00
8.568980076647301303e+02,-3.448351187422178441e+02,1.567904001060458370e+02,1.872471152974678077e+01,-5.572047447331703651e+00,0.000000000000000000e+00,5.585165533850192432e+00,4.728658067754500927e+00
8.587704788177047703e+02,-3.453923234869509997e+02,1.567904001060458370e+02,1.872471152974678077e+01,-5.572047447331703651e+00,0.000000000000000000e+00,5.585165533850192432e+00,4.728658067754500927e+00
8.606429499706794104e+02,-3.459495282316841553e+02,1.567904001060458370e+02,1.872471152974678077e+01,-5.572047447331703651e+00,0.000000000000000000e+00,5.585165533850192432e+00,4.728658067754500927e+00
8.625154211236540505e+02,-3.465067329764173110e+02,1.567904001060458370e+02,1.872471152974678077e+01,-5.572047447331703651e+00,0.000000000000000000e+00,5.585165533850192432e+00,4.728658067754500927e+00
8.643878922766286905e+02,-3.470639377211504666e+02,1.567904001060458370e+02,1.872471152974678077e+01,-5.572047447331703651e+00,0.000000000000000000e+00,5.585165533850192432e+00,4.728658067754500927e+00
8.662603634296033306e+02,-3.476211424658836222e+02,1.567904001060458370e+02,1.872471152974678077e+01,-5.572047447331703651e+00,0.000000000000000000e+00,5.585165533850192432e+00,4.728658067754500927e+00
8.681328345825779707e+02,-3.481783472106167778e+02,1.567904001060458370e+02,1.872471152974678077e+01,-5.572047447331703651e+00,0.000000000000000000e+00,5.585165533850192432e+00,4.728658067754500927e+00
8.700053057355526107e+02,-3.487355519553499335e+02,1.567904001060458370e+02,1.872471152974678077e+01,-5.572047447331703651e+00,0.000000000000000000e+00,5.585165533850192432e+00,4.728658067754500927e+00
8.718777768885272508e+02,-3.492927567000830891e+02,1.567904001060458370e+02,1.872471152974678077e+01,-5.572047447331703651e+00,0.000000000000000000e+00,5.585165533850192432e+00,4.728658067754500927e+00
8.737502480415018908e+02,-3.498499614448162447e+02,1.567904001060458370e+02,1.872471152974678077e+01,-5.572047447331703651e+00,0.000000000000000000e+00,5.585165533850192432e+00,4.728658067754500927e+00
8.756227191944765309e+02,-3.504071661895494003e+02,1.567904001060458370e+02,1.872471152974678077e+01,-5.572047447331703651e+00,0.000000000000000000e+00,5.585165533850192432e+00,4.728658067754500927e+00
8.774951903474511710e+02,-3.509643709342825559e+02,1.567904001060458370e+02,1.872471152974678077e+01,-5.572047447331703651e+00,0.000000000000000000e+00,5.585165533850192432e+00,4.728658067754500927e+00
8.793676615004258110e+02,-3.515215756790157116e+02,1.567904001060458370e+02,1.872471152974678077e+01,-5.572047447331703651e+00,0.000000000000000000e+00,5.585165533850192432e+00,4.728658067754500927e+00
8.812401326534004511e+02,-3.520787804237488672e+02,1.567904001060458370e+02,1.872471152974678077e+01,-5.572047447331703651e+00,0.000000000000000000e+00,5.585165533850192432e+00,4.728658067754500927e+00
8.831126038063750912e+02,-3.526359851684820228e+02,1.567904001060458370e+02,1.872471152974678077e+01,-5.572047447331703651e+00,0.000000000000000000e+00,5.585165533850192432e+00,4.728658067754500927e+00
8.849850749593497312e+02,-3.531931899132151784e+02,1.567904001060458370e+02,1.872471152974678077e+01,-5.572047447331703651e+00,0.000000000000000000e+00,5.585165533850192432e+00,4.728658067754500927e+00
8.868575461123243713e+02,-3.537503946579483340e+02,1.567904001060458370e+02,1.872471152974678077e+01,-5.572047447331703651e+00,0.000000000000000000e+00,5.585165533850192432e+00,4.728658067754500927e+00
8.887300172652990113e+02,-3.543075994026814897e+02,1.567904001060458370e+02,1.872471152974678077e+01,-5.572047447331703651e+00,0.000000000000000000e+00,5.585165533850192432e+00,4.728658067754500927e+00
8.906024884182736514e+02,-3.548648041474146453e+02,1.567904001060458370e+02,1.872471152974678077e+01,-5.572047447331703651e+00,0.000000000000000000e+00,5.585165533850192432e+00,4.728658067754500927e+00
8.924749595712482915e+02,-3.554220088921478009e+02,1.567904001060458370e+02,1.872471152974678077e+01,-5.572047447331703651e+00,0.000000000000000000e+00,5.585165533850192432e+00,4.728658067754500927e+00
8.943474307242229315e+02,-3.559792136368809565e+02,1.567904001060458370e+02,1.872471152974678077e+01,-5.572047447331703651e+00,0.000000000000000000e+00,5.585165533850192432e+00,4.728658067754500927e+00
8.962199018771975716e+02,-3.565364183816141121e+02,1.567904001060458370e+02,1.872471152974678077e+01,-5.572047447331703651e+00,0.000000000000000000e+00,5.585165533850192432e+00,4.728658067754500927e+00
8.980923730301722117e+02,-3.570936231263472678e+02,1.567904001060458370e+02,1.872471152974678077e+01,-5.572047447331703651e+00,0.000000000000000000e+00,5.585165533850192432e+00,4.728658067754500927e+00
8.999648441831468517e+02,-3.576508278710804234e+02,1.567904001060458370e+02,1.872471152974678077e+01,-5.572047447331703651e+00,0.000000000000000000e+00,5.585165533850192432e+00,4.728658067754500927e+00
9.018373153361214918e+02,-3.582080326158135790e+02,1.567904001060458370e+02,1.872471152974678077e+01,-5.572047447331703651e+00,0.000000000000000000e+00,5.585165533850192432e+00,4.728658067754500927e+00
9.037097864890961318e+02,-3.587652373605467346e+02,1.567904001060458370e+02,1.872471152974678077e+01,-5.572047447331703651e+00,0.000000000000000000e+00,5.585165533850192432e+00,4.728658067754500927e+00
9.055822576420707719e+02,-3.593224421052798903e+02,1.567904001060458370e+02,1.872471152974678077e+01,-5.572047447331703651e+00,0.000000000000000000e+00,5.585165533850192432e+00,4.728658067754500927e+00
9.074547287950454120e+02,-3.598796468500130459e+02,1.567904001060458370e+02,1.872471152974678077e+01,-5.572047447331703651e+00,0.000000000000000000e+00,5.585165533850192432e+00,4.728658067754500927e+00
9.093271999480200520e+02,-3.604368515947462015e+02,1.567904001060458370e+02,1.872471152974678077e+01,-5.572047447331703651e+00,0.000000000000000000e+00,5.585165533850192432e+00,4.728658067754500927e+00
9.111996711009946921e+02,-3.609940563394793571e+02,1.567904001060458370e+02,1.872471152974678077e+01,-5.572047447331703651e+00,0.000000000000000000e+00,5.585165533850192432e+00,4.728658067754500927e+00
9.130721422539693322e+02,-3.615512610842125127e+02,1.567904001060458370e+02,1.872471152974678077e+01,-5.572047447331703651e+00,0.000000000000000000e+00,5.585165533850192432e+00,4.728658067754500927e+00
9.149446134069439722e+02,-3.621084658289456684e+02,1.567904001060458370e+02,1.872471152974678077e+01,-5.572047447331703651e+00,0.000000000000000000e+00,5.585165533850192432e+00,4.728658067754500927e+00
9.168170845599186123e+02,-3.626656705736788240e+02,1.567904001060458370e+02,1.872471152974678077e+01,-5.572047447331703651e+00,0.000000000000000000e+00,5.585165533850192432e+00,4.728658067754500927e+00
9.186895557128932523e+02,-3.632228753184119796e+02,1.567904001060458370e+02,1.872471152974678077e+01,-5.572047447331703651e+00,0.000000000000000000e+00,5.585165533850192432e+00,4.728658067754500927e+00
9.205620268658678924e+02,-3.637800800631451352e+02,1.567904001060458370e+02,1.872471152974678077e+01,-5.572047447331703651e+00,0.000000000000000000e+00,5.585165533850192432e+00,4.728658067754500927e+00
9.224344980188425325e+02,-3.643372848078782908e+02,1.567904001060458370e+02,1.872471152974678077e+01,-5.572047447331703651e+00,0.000000000000000000e+00,5.585165533850192432e+00,4.728658067754500927e+00
9.243069691718171725e+02,-3.648944895526114465e+02,1.567904001060458370e+02,1.872471152974678077e+01,-5.572047447331703651e+00,0.000000000000000000e+00,5.585165533850192432e+00,4.728658067754500927e+00
9.261794403247918126e+02,-3.654516942973446021e+02,1.567904001060458370e+02,1.872471152974678077e+01,-5.572047447331703651e+00,0.000000000000000000e+00,5.585165533850192432e+00,4.728658067754500927e+00
9.280519114777664527e+02,-3.660088990420777577e+02,1.567904001060458370e+02,1.872471152974678077e+01,-5.572047447331703651e+00,0.000000000000000000e+00,5.585165533850192432e+00,4.728658067754500927e+00
9.299243826307410927e+02,-3.665661037868109133e+02,1.567904001060458370e+02,1.872471152974678077e+01,-5.572047447331703651e+00,0.000000000000000000e+00,5.585165533850192432e+00,4.728658067754500927e+00
9.317968537837157328e+02,-3.671233085315440690e+02,1.567904001060458370e+02,1.872471152974678077e+01,-5.572047447331703651e+00,0.000000000000000000e+00,5.585165533850192432e+00,4.728658067754500927e+00
9.336693249366903729e+02,-3.676805132762772246e+02,1.567904001060458370e+02,1.872471152974678077e+01,-5.572047447331703651e+00,0.000000000000000000e+00,5.585165533850192432e+00,4.728658067754500927e+00
9.355417960896650129e+02,-3.682377180210103802e+02,1.567904001060458370e+02,1.872471152974678077e+01,-5.572047447331703651e+00,0.000000000000000000e+00,5.585165533850192432e+00,4.728658067754500927e+00
9.374142672426396530e+02,-3.687949227657435358e+02,1.567904001060458370e+02,1.872471152974678077e+01,-5.572047447331703651e+00,0.000000000000000000e+00,5.585165533850192432e+00,4.728658067754500927e+00
9.392867383956142930e+02,-3.693521275104766914e+02,1.567904001060458370e+02,1.872471152974678077e+01,-5.572047447331703651e+00,0.000000000000000000e+00,5.585165533850192432e+00,4.728658067754500927e+00
9.411592095485889331e+02,-3.699093322552098471e+02,1.567904001060458370e+02,1.872471152974678077e+01,-5.572047447331703651e+00,0.000000000000000000e+00,5.585165533850192432e+00,4.728658067754500927e+00
9.430316807015635732e+02,-3.704665369999430027e+02,1.567904001060458370e+02,1.872471152974678077e+01,-5.572047447331703651e+00,0.000000000000000000e+00,5.585165533850192432e+00,4.728658067754500927e+00
9.449041518545382132e+02,-3.710237417446761583e+02,1.567904001060458370e+02,1.872471152974678077e+01,-5.572047447331703651e+00,0.000000000000000000e+00,5.585165533850192432e+00,4.728658067754500927e+00
9.467766230075128533e+02,-3.715809464894093139e+02,1.567904001060458370e+02,1.872471152974678077e+01,-5.572047447331703651e+00,0.000000000000000000e+00,5.585165533850192432e+00,4.728658067754500927e+00
9.486490941604874934e+02,-3.721381512341424695e+02,1.567904001060458370e+02,1.872471152974678077e+01,-5.572047447331703651e+00,0.000000000000000000e+00,5.585165533850192432e+00,4.728658067754500927e+00
9.505215653134621334e+02,-3.726953559788756252e+02,1.567904001060458370e+02,1.872471152974678077e+01,-5.572047447331703651e+00,0.000000000000000000e+00,5.585165533850192432e+00,4.728658067754500927e+00
9.523940364664367735e+02,-3.732525607236087808e+02,1.567904001060458370e+02,1.872471152974678077e+01,-5.572047447331703651e+00,0.000000000000000000e+00,5.585165533850192432e+00,4.728658067754500927e+00
9.542665076194114135e+02,-3.738097654683419364e+02,1.567904001060458370e+02,1.872471152974678077e+01,-5.572047447331703651e+00,0.000000000000000000e+00,5.585165533850192432e+00,4.728658067754500927e+00
9.561389787723860536e+02,-3.743669702130750920e+02,1.567904001060458370e+02,1.872471152974678077e+01,-5.572047447331703651e+00,0.000000000000000000e+00,5.585165533850192432e+00,4.728658067754500927e+00
9.580114499253606937e+02,-3.749241749578082477e+02,1.567904001060458370e+02,1.872471152974678077e+01,-5.572047447331703651e+00,0.000000000000000000e+00,5.585165533850192432e+00,4.728658067754500927e+00
9.598839210783353337e+02,-3.754813797025414033e+02,1.567904001060458370e+02,1.872471152974678077e+01,-5.572047447331703651e+00,0.000000000000000000e+00,5.585165533850192432e+00,4.728658067754500927e+00
9.617563922313099738e+02,-3.760385844472745589e+02,1.567904001060458370e+02,1.872471152974678077e+01,-5.572047447331703651e+00,0.000000000000000000e+00,5.585165533850192432e+00,4.728658067754500927e+00
9.636288633842846139e+02,-3.765957891920077145e+02,1.567904001060458370e+02,1.872471152974678077e+01,-5.572047447331703651e+00,0.000000000000000000e+00,5.585165533850192432e+00,4.728658067754500927e+00
9.655013345372592539e+02,-3.771529939367408701e+02,1.567904001060458370e+02,1.872471152974678077e+01,-5.572047447331703651e+00,0.000000000000000000e+00,5.585165533850192432e+00,4.728658067754500927e+00
9.673738056902338940e+02,-3.777101986814740258e+02,1.567904001060458370e+02,1.872471152974678077e+01,-5.572047447331703651e+00,0.000000000000000000e+00,5.585165533850192432e+00,4.728658067754500927e+00
9.692462768432085340e+02,-3.782674034262071814e+02,1.567904001060458370e+02,1.872471152974678077e+01,-5.572047447331703651e+00,0.000000000000000000e+00,5.585165533850192432e+00,4.728658067754500927e+00
9.711187479961831741e+02,-3.788246081709403370e+02,1.567904001060458370e+02,1.872471152974678077e+01,-5.572047447331703651e+00,0.000000000000000000e+00,5.585165533850192432e+00,4.728658067754500927e+00
9.729912191491578142e+02,-3.793818129156734926e+02,1.567904001060458370e+02,1.872471152974678077e+01,-5.572047447331703651e+00,0.000000000000000000e+00,5.585165533850192432e+00,4.728658067754500927e+00
9.748636903021324542e+02,-3.799390176604066482e+02,1.567904001060458370e+02,1.872471152974678077e+01,-5.572047447331703651e+00,0.000000000000000000e+00,5.585165533850192432e+00,4.728658067754500927e+00
9.767361614551070943e+02,-3.804962224051398039e+02,1.567904001060458370e+02,1.872471152974678077e+01,-5.572047447331703651e+00,0.000000000000000000e+00,5.585165533850192432e+00,4.728658067754500927e+00
9.786086326080817344e+02,-3.810534271498729595e+02,1.567904001060458370e+02,1.872471152974678077e+01,-5.572047447331703651e+00,0.000000000000000000e+00,5.585165533850192432e+00,4.728658067754500927e+00
9.804811037610563744e+02,-3.816106318946061151e+02,1.567904001060458370e+02,1.872471152974678077e+01,-5.572047447331703651e+00,0.000000000000000000e+00,5.585165533850192432e+00,4.728658067754500927e+00
9.823535749140310145e+02,-3.821678366393392707e+02,1.567904001060458370e+02,1.872471152974678077e+01,-5.572047447331703651e+00,0.000000000000000000e+00,5.585165533850192432e+00,4.728658067754500927e+00
9.842260460670056545e+02,-3.827250413840724264e+02,1.567904001060458370e+02,1.872471152974678077e+01,-5.572047447331703651e+00,0.000000000000000000e+00,5.585165533850192432e+00,4.728658067754500927e+00
9.860985172199802946e+02,-3.832822461288055820e+02,1.567904001060458370e+02,1.872471152974678077e+01,-5.572047447331703651e+00,0.000000000000000000e+00,5.585165533850192432e+00,4.728658067754500927e+00
9.879709883729549347e+02,-3.838394508735387376e+02,1.567904001060458370e+02,1.872471152974678077e+01,-5.572047447331703651e+00,0.000000000000000000e+00,5.585165533850192432e+00,4.728658067754500927e+00
9.898434595259295747e+02,-3.843966556182718932e+02,1.567904001060458370e+02,1.872471152974678077e+01,-5.572047447331703651e+00,0.000000000000000000e+00,5.585165533850192432e+00,4.728658067754500927e+00
9.917159306789042148e+02,-3.849538603630050488e+02,1.567904001060458370e+02,1.872471152974678077e+01,-5.572047447331703651e+00,0.000000000000000000e+00,5.585165533850192432e+00,4.728658067754500927e+00
9.935884018318788549e+02,-3.855110651077382045e+02,1.567904001060458370e+02,1.872471152974678077e+01,-5.572047447331703651e+00,0.000000000000000000e+00,5.585165533850192432e+00,4.728658067754500927e+00
9.954608729848534949e+02,-3.860682698524713601e+02,1.567904001060458370e+02,1.872471152974678077e+01,-5.572047447331703651e+00,0.000000000000000000e+00,5.585165533850192432e+00,4.728658067754500927e+00
9.973333441378281350e+02,-3.866254745972045157e+02,1.567904001060458370e+02,1.872471152974678077e+01,-5.572047447331703651e+00,0.000000000000000000e+00,5.585165533850192432e+00,4.728658067754500927e+00
9.992058152908027751e+02,-3.871826793419376713e+02,1.567904001060458370e+02,1.872471152974678077e+01,-5.572047447331703651e+00,0.000000000000000000e+00,5.585165533850192432e+00,4.728658067754500927e+00
1.001078286443777415e+03,-3.877398840866708269e+02,1.567904001060458370e+02,1.872471152974678077e+01,-5.572047447331703651e+00,0.000000000000000000e+00,5.585165533850192432e+00,4.728658067754500927e+00
1.002950757596752055e+03,-3.882970888314039826e+02,1.567904001060458370e+02,1.872471152974678077e+01,-5.572047447331703651e+00,0.000000000000000000e+00,5.585165533850192432e+00,4.728658067754500927e+00
1.004823228749726695e+03,-3.888542935761371382e+02,1.567904001060458370e+02,1.872471152974678077e+01,-5.572047447331703651e+00,0.000000000000000000e+00,5.585165533850192432e+00,4.728658067754500927e+00
1.006695699902701335e+03,-3.894114983208702938e+02,1.567904001060458370e+02,1.872471152974678077e+01,-5.572047447331703651e+00,0.000000000000000000e+00,5.585165533850192432e+00,4.728658067754500927e+00
1.008568171055675975e+03,-3.899687030656034494e+02,1.567904001060458370e+02,1.872471152974678077e+01,-5.572047447331703651e+00,0.000000000000000000e+00,5.585165533850192432e+00,4.728658067754500927e+00
1.010440642208650615e+03,-3.905259078103366051e+02,1.567904001060458370e+02,1.872471152974678077e+01,-5.572047447331703651e+00,0.000000000000000000e+00,5.585165533850192432e+00,4.728658067754500927e+00
1.012313113361625255e+03,-3.910831125550697607e+02,1.567904001060458370e+02,1.872471152974678077e+01,-5.572047447331703651e+00,0.000000000000000000e+00,5.585165533850192432e+00,4.728658067754500927e+00
1.014185584514599896e+03,-3.916403172998029163e+02,1.567904001060458370e+02,1.872471152974678077e+01,-5.572047447331703651e+00,0.000000000000000000e+00,5.585165533850192432e+00,4.728658067754500927e+00
1.016058055667574536e+03,-3.921975220445360719e+02,1.567904001060458370e+02,1.872471152974678077e+01,-5.572047447331703651e+00,0.000000000000000000e+00,5.585165533850192432e+00,4.728658067754500927e+00
1.017930526820549176e+03,-3.927547267892692275e+02,1.567904001060458370e+02,1.872471152974678077e+01,-5.572047447331703651e+00,0.000000000000000000e+00,5.585165533850192432e+00,4.728658067754500927e+00
1.019802997973523816e+03,-3.933119315340023832e+02,1.567904001060458370e+02,1.872471152974678077e+01,-5.572047447331703651e+00,0.000000000000000000e+00,5.585165533850192432e+00,4.728658067754500927e+00
1.021675469126498456e+03,-3.938691362787355388e+02,1.567904001060458370e+02,1.872471152974678077e+01,-5.572047447331703651e+00,0.000000000000000000e+00,5.585165533850192432e+00,4.728658067754500927e+00
1.023547940279473096e+03,-3.944263410234686944e+02,1.567904001060458370e+02,1.872471152974678077e+01,-5.572047447331703651e+00,0.000000000000000000e+00,5.585165533850192432e+00,4.728658067754500927e+00
1.025420411432447736e+03,-3.949835457682018500e+02,1.567904001060458370e+02,1.872471152974678077e+01,-5.572047447331703651e+00,0.000000000000000000e+00,5.585165533850192432e+00,4.728658067754500927e+00
1.027292882585422376e+03,-3.955407505129350056e+02,1.567904001060458370e+02,1.872471152974678077e+01,-5.572047447331703651e+00,0.000000000000000000e+00,5.585165533850192432e+00,4.728658067754500927e+00
1.029165353738397016e+03,-3.960979552576681613e+02,1.567904001060458370e+02,1.872471152974678077e+01,-5.572047447331703651e+00,0.000000000000000000e+00,5.585165533850192432e+00,4.728658067754500927e+00
1.031037824891371656e+03,-3.966551600024013169e+02,1.567904001060458370e+02,1.872471152974678077e+01,-5.572047447331703651e+00,0.000000000000000000e+00,5.585165533850192432e+00,4.728658067754500927e+00
1.032910296044346296e+03,-3.972123647471344725e+02,1.567904001060458370e+02,1.872471152974678077e+01,-5.572047447331703651e+00,0.000000000000000000e+00,5.585165533850192432e+00,4.728658067754500927e+00
1.034782767197320936e+03,-3.977695694918676281e+02,1.567904001060458370e+02,1.872471152974678077e+01,-5.572047447331703651e+00,0.000000000000000000e+00,5.585165533850192432e+00,4.728658067754500927e+00
1.036655238350295576e+03,-3.983267742366007838e+02,1.567904001060458370e+02,1.872471152974678077e+01,-5.572047447331703651e+00,0.000000000000000000e+00,5.585165533850192432e+00,4.728658067754500927e+00
1.038527709503270216e+03,-3.988839789813339394e+02,1.567904001060458370e+02,1.872471152974678077e+01,-5.572047447331703651e+00,0.000000000000000000e+00,5.585165533850192432e+00,4.728658067754500927e+00
1.040400180656244856e+03,-3.994411837260670950e+02,1.567904001060458370e+02,1.872471152974678077e+01,-5.572047447331703651e+00,0.000000000000000000e+00,5.585165533850192432e+00,4.728658067754500927e+00
1.042272651809219496e+03,-3.999983884708002506e+02,1.567904001060458370e+02,1.872471152974678077e+01,-5.572047447331703651e+00,0.000000000000000000e+00,5.585165533850192432e+00,4.728658067754500927e+00
1.044145122962194137e+03,-4.005555932155334062e+02,1.567904001060458370e+02,1.872471152974678077e+01,-5.572047447331703651e+00,0.000000000000000000e+00,5.585165533850192432e+00,4.728658067754500927e+00
1.046017594115168777e+03,-4.011127979602665619e+02,1.567904001060458370e+02,1.872471152974678077e+01,-5.572047447331703651e+00,0.000000000000000000e+00,5.585165533850192432e+00,4.728658067754500927e+00
1.047890065268143417e+03,-4.016700027049997175e+02,1.567904001060458370e+02,1.872471152974678077e+01,-5.572047447331703651e+00,0.000000000000000000e+00,5.585165533850192432e+00,4.728658067754500927e+00
1.049762536421118057e+03,-4.022272074497328731e+02,1.567904001060458370e+02,1.872471152974678077e+01,-5.572047447331703651e+00,0.000000000000000000e+00,5.585165533850192432e+00,4.728658067754500927e+00
1.051635007574092697e+03,-4.027844121944660287e+02,1.567904001060458370e+02,1.872471152974678077e+01,-5.572047447331703651e+00,0.000000000000000000e+00,5.585165533850192432e+00,4.728658067754500927e+00
1.053507478727067337e+03,-4.033416169391991843e+02,1.567904001060458370e+02,1.872471152974678077e+01,-5.572047447331703651e+00,0.000000000000000000e+00,5.585165533850192432e+00,4.728658067754500927e+00
1.055379949880041977e+03,-4.038988216839323400e+02,1.567904001060458370e+02,1.872471152974678077e+01,-5.572047447331703651e+00,0.000000000000000000e+00,5.585165533850192432e+00,4.728658067754500927e+00
1.057252421033016617e+03,-4.044560264286654956e+02,1.567904001060458370e+02,1.872471152974678077e+01,-5.572047447331703651e+00,0.000000000000000000e+00,5.585165533850192432e+00,4.728658067754500927e+00
1.059124892185991257e+03,-4.050132311733986512e+02,1.567904001060458370e+02,1.872471152974678077e+01,-5.572047447331703651e+00,0.000000000000000000e+00,5.585165533850192432e+00,4.728658067754500927e+00
1.060997363338965897e+03,-4.055704359181318068e+02,1.567904001060458370e+02,1.872471152974678077e+01,-5.572047447331703651e+00,0.000000000000000000e+00,5.585165533850192432e+00,4.728658067754500927e+00
1.062869834491940537e+03,-4.061276406628649625e+02,1.567904001060458370e+02,1.872471152974678077e+01,-5.572047447331703651e+00,0.000000000000000000e+00,5.585165533850192432e+00,4.728658067754500927e+00
1.064742305644915177e+03,-4.066848454075981181e+02,1.567904001060458370e+02,1.872471152974678077e+01,-5.572047447331703651e+00,0.000000000000000000e+00,5.585165533850192432e+00,4.728658067754500927e+00
1.066614776797889817e+03,-4.072420501523312737e+02,1.567904001060458370e+02,1.872471152974678077e+01,-5.572047447331703651e+00,0.000000000000000000e+00,5.585165533850192432e+00,4.728658067754500927e+00
1.068487247950864457e+03,-4.077992548970644293e+02,1.567904001060458370e+02,1.872471152974678077e+01,-5.572047447331703651e+00,0.000000000000000000e+00,5.585165533850192432e+00,4.728658067754500927e+00
1.070359719103839097e+03,-4.083564596417975849e+02,1.567904001060458370e+02,1.872471152974678077e+01,-5.572047447331703651e+00,0.000000000000000000e+00,5.585165533850192432e+00,4.728658067754500927e+00
1.072232190256813738e+03,-4.089136643865307406e+02,1.567904001060458370e+02,1.872471152974678077e+01,-5.572047447331703651e+00,0.000000000000000000e+00,5.585165533850192432e+00,4.728658067754500927e+00
1.074104661409788378e+03,-4.094708691312638962e+02,1.567904001060458370e+02,1.872471152974678077e+01,-5.572047447331703651e+00,0.000000000000000000e+00,5.585165533850192432e+00,4.728658067754500927e+00
1.075977132562763018e+03,-4.100280738759970518e+02,1.567904001060458370e+02,1.872471152974678077e+01,-5.572047447331703651e+00,0.000000000000000000e+00,5.585165533850192432e+00,4.728658067754500927e+00
1.077849603715737658e+03,-4.105852786207302074e+02,1.567904001060458370e+02,1.872471152974678077e+01,-5.572047447331703651e+00,0.000000000000000000e+00,5.585165533850192432e+00,4.728658067754500927e+00
1.079722074868712298e+03,-4.111424833654633630e+02,1.567904001060458370e+02,1.872471152974678077e+01,-5.572047447331703651e+00,0.000000000000000000e+00,5.585165533850192432e+00,4.728658067754500927e+00
1.081594546021686938e+03,-4.116996881101965187e+02,1.567904001060458370e+02,1.872471152974678077e+01,-5.572047447331703651e+00,0.000000000000000000e+00,5.585165533850192432e+00,4.728658067754500927e+00
1.083467017174661578e+03,-4.122568928549296743e+02,1.567904001060458370e+02,1.872471152974678077e+01,-5.572047447331703651e+00,0.000000000000000000e+00,5.585165533850192432e+00,4.728658067754500927e+00
1.085339488327636218e+03,-4.128140975996628299e+02,1.567904001060458370e+02,1.872471152974678077e+01,-5.572047447331703651e+00,0.000000000000000000e+00,5.585165533850192432e+00,4.728658067754500927e+00
1.087211959480610858e+03,-4.133713023443959855e+02,1.567904001060458370e+02,1.872471152974678077e+01,-5.572047447331703651e+00,0.000000000000000000e+00,5.585165533850192432e+00,4.728658067754500927e+00
1.089084430633585498e+03,-4.139285070891291411e+02,1.567904001060458370e+02,1.872471152974678077e+01,-5.572047447331703651e+00,0.000000000000000000e+00,5.585165533850192432e+00,4.728658067754500927e+00
1.090956901786560138e+03,-4.144857118338622968e+02,1.567904001060458370e+02,1.872471152974678077e+01,-5.572047447331703651e+00,0.000000000000000000e+00,5.585165533850192432e+00,4.728658067754500927e+00
1.092829372939534778e+03,-4.150429165785954524e+02,1.567904001060458370e+02,1.872471152974678077e+01,-5.572047447331703651e+00,0.000000000000000000e+00,5.585165533850192432e+00,4.728658067754500927e+00
1.094701844092509418e+03,-4.156001213233286080e+02,1.567904001060458370e+02,1.872471152974678077e+01,-5.572047447331703651e+00,0.000000000000000000e+00,5.585165533850192432e+00,4.728658067754500927e+00
1.096574315245484058e+03,-4.161573260680617636e+02,1.567904001060458370e+02,1.872471152974678077e+01,-5.572047447331703651e+00,0.000000000000000000e+00,5.585165533850192432e+00,4.728658067754500927e+00
1.098446786398458698e+03,-4.167145308127949193e+02,1.567904001060458370e+02,1.872471152974678077e+01,-5.572047447331703651e+00,0.000000000000000000e+00,5.585165533850192432e+00,4.728658067754500927e+00
1.100319257551433338e+03,-4.172717355575280749e+02,1.567904001060458370e+02,1.872471152974678077e+01,-5.572047447331703651e+00,0.000000000000000000e+00,5.585165533850192432e+00,4.728658067754500927e+00
1.102191728704407979e+03,-4.178289403022612305e+02,1.567904001060458370e+02,1.872471152974678077e+01,-5.572047447331703651e+00,0.000000000000000000e+00,5.585165533850192432e+00,4.728658067754500927e+00
1.104064199857382619e+03,-4.183861450469943861e+02,1.567904001060458370e+02,1.872471152974678077e+01,-5.572047447331703651e+00,0.000000000000000000e+00,5.585165533850192432e+00,4.728658067754500927e+00
1.105936671010357259e+03,-4.189433497917275417e+02,1.567904001060458370e+02,1.872471152974678077e+01,-5.572047447331703651e+00,0.000000000000000000e+00,5.585165533850192432e+00,4.728658067754500927e+00
1.107809142163331899e+03,-4.195005545364606974e+02,1.567904001060458370e+02,1.872471152974678077e+01,-5.572047447331703651e+00,0.000000000000000000e+00,5.585165533850192432e+00,4.728658067754500927e+00
1.109681613316306539e+03,-4.200577592811938530e+02,1.567904001060458370e+02,1.872471152974678077e+01,-5.572047447331703651e+00,0.000000000000000000e+00,5.585165533850192432e+00,4.728658067754500927e+00
1.111554084469281179e+03,-4.206149640259270086e+02,1.567904001060458370e+02,1.872471152974678077e+01,-5.572047447331703651e+00,0.000000000000000000e+00,5.585165533850192432e+00,4.728658067754500927e+00
1.113426555622255819e+03,-4.211721687706601642e+02,1.567904001060458370e+02,1.872471152974678077e+01,-5.572047447331703651e+00,0.000000000000000000e+00,5.585165533850192432e+00,4.728658067754500927e+00
1.115299026775230459e+03,-4.217293735153933198e+02,1.567904001060458370e+02,1.872471152974678077e+01,-5.572047447331703651e+00,0.000000000000000000e+00,5.585165533850192432e+00,4.728658067754500927e+00
1.117171497928205099e+03,-4.222865782601264755e+02,1.567904001060458370e+02,1.872471152974678077e+01,-5.572047447331703651e+00,0.000000000000000000e+00,5.585165533850192432e+00,4.728658067754500927e+00
1.119043969081179739e+03,-4.228437830048596311e+02,1.567904001060458370e+02,1.872471152974678077e+01,-5.572047447331703651e+00,0.000000000000000000e+00,5.585165533850192432e+00,4.728658067754500927e+00
1.120916440234154379e+03,-4.234009877495927867e+02,1.567904001060458370e+02,1.872471152974678077e+01,-5.572047447331703651e+00,0.000000000000000000e+00,5.585165533850192432e+00,4.728658067754500927e+00
1.122788911387129019e+03,-4.239581924943259423e+02,1.567904001060458370e+02,1.872471152974678077e+01,-5.572047447331703651e+00,0.000000000000000000e+00,5.585165533850192432e+00,4.728658067754500927e+00
1.124661382540103659e+03,-4.245153972390590980e+02,1.567904001060458370e+02,1.872471152974678077e+01,-5.572047447331703651e+00,0.000000000000000000e+00,5.585165533850192432e+00,4.728658067754500927e+00
1.126533853693078299e+03,-4.250726019837922536e+02,1.567904001060458370e+02,1.872471152974678077e+01,-5.572047447331703651e+00,0.000000000000000000e+00,5.585165533850192432e+00,4.728658067754500927e+00
1.128406324846052939e+03,-4.256298067285254092e+02,1.567904001060458370e+02,1.872471152974678077e+01,-5.572047447331703651e+00,0.000000000000000000e+00,5.585165533850192432e+00,4.728658067754500927e+00
1.130278795999027579e+03,-4.261870114732585648e+02,1.567904001060458370e+02,1.872471152974678077e+01,-5.572047447331703651e+00,0.000000000000000000e+00,5.585165533850192432e+00,4.728658067754500927e+00
1.132151267152002220e+03,-4.267442162179917204e+02,1.567904001060458370e+02,1.872471152974678077e+01,-5.572047447331703651e+00,0.000000000000000000e+00,5.585165533850192432e+00,4.728658067754500927e+00
1.134023738304976860e+03,-4.273014209627248761e+02,1.567904001060458370e+02,1.872471152974678077e+01,-5.572047447331703651e+00,0.000000000000000000e+00,5.585165533850192432e+00,4.728658067754500927e+00
1.135896209457951500e+03,-4.278586257074580317e+02,1.567904001060458370e+02,1.872471152974678077e+01,-5.572047447331703651e+00,0.000000000000000000e+00,5.585165533850192432e+00,4.728658067754500927e+00
1.137768680610926140e+03,-4.284158304521911873e+02,1.567904001060458370e+02,1.872471152974678077e+01,-5.572047447331703651e+00,0.000000000000000000e+00,5.585165533850192432e+00,4.728658067754500927e+00
1.139641151763900780e+03,-4.289730351969243429e+02,1.567904001060458370e+02,1.872471152974678077e+01,-5.572047447331703651e+00,0.000000000000000000e+00,5.585165533850192432e+00,4.728658067754500927e+00
1.141513622916875420e+03,-4.295302399416574985e+02,1.567904001060458370e+02,1.872471152974678077e+01,-5.572047447331703651e+00,0.000000000000000000e+00,5.585165533850192432e+00,4.728658067754500927e+00
1.143386094069850060e+03,-4.300874446863906542e+02,1.567904001060458370e+02,1.872471152974678077e+01,-5.572047447331703651e+00,0.000000000000000000e+00,5.585165533850192432e+00,4.728658067754500927e+00
1.145258565222824700e+03,-4.306446494311238098e+02,1.567904001060458370e+02,1.872471152974678077e+01,-5.572047447331703651e+00,0.000000000000000000e+00,5.585165533850192432e+00,4.728658067754500927e+00
1.147131036375799340e+03,-4.312018541758569654e+02,1.567904001060458370e+02,1.872471152974678077e+01,-5.572047447331703651e+00,0.000000000000000000e+00,5.585165533850192432e+00,4.728658067754500927e+00
1.149003507528773980e+03,-4.317590589205901210e+02,1.567904001060458370e+02,1.872471152974678077e+01,-5.572047447331703651e+00,0.000000000000000000e+00,5.585165533850192432e+00,4.728658067754500927e+00
1.150875978681748620e+03,-4.323162636653232767e+02,1.567904001060458370e+02,1.872471152974678077e+01,-5.572047447331703651e+00,0.000000000000000000e+00,5.585165533850192432e+00,4.728658067754500927e+00
1.152748449834723260e+03,-4.328734684100564323e+02,1.567904001060458370e+02,1.872471152974678077e+01,-5.572047447331703651e+00,0.000000000000000000e+00,5.585165533850192432e+00,4.728658067754500927e+00
1.154620920987697900e+03,-4.334306731547895879e+02,1.567904001060458370e+02,1.872471152974678077e+01,-5.572047447331703651e+00,0.000000000000000000e+00,5.585165533850192432e+00,4.728658067754500927e+00
1.156493392140672540e+03,-4.339878778995227435e+02,1.567904001060458370e+02,1.872471152974678077e+01,-5.572047447331703651e+00,0.000000000000000000e+00,5.585165533850192432e+00,4.728658067754500927e+00
1.158365863293647180e+03,-4.345450826442558991e+02,1.567904001060458370e+02,1.872471152974678077e+01,-5.572047447331703651e+00,0.000000000000000000e+00,5.585165533850192432e+00,4.728658067754500927e+00
1.160238334446621820e+03,-4.351022873889890548e+02,1.567904001060458370e+02,1.872471152974678077e+01,-5.572047447331703651e+00,0.000000000000000000e+00,5.585165533850192432e+00,4.728658067754500927e+00
1.162110805599596461e+03,-4.356594921337222104e+02,1.567904001060458370e+02,1.872471152974678077e+01,-5.572047447331703651e+00,0.000000000000000000e+00,5.585165533850192432e+00,4.728658067754500927e+00
1.163983276752571101e+03,-4.362166968784553660e+02,1.567904001060458370e+02,1.872471152974678077e+01,-5.572047447331703651e+00,0.000000000000000000e+00,5.585165533850192432e+00,4.728658067754500927e+00
1.165855747905545741e+03,-4.367739016231885216e+02,1.567904001060458370e+02,1.872471152974678077e+01,-5.572047447331703651e+00,0.000000000000000000e+00,5.585165533850192432e+00,4.728658067754500927e+00
1.167728219058520381e+03,-4.373311063679216772e+02,1.567904001060458370e+02,1.872471152974678077e+01,-5.572047447331703651e+00,0.000000000000000000e+00,5.585165533850192432e+00,4.728658067754500927e+00
1.169600690211495021e+03,-4.378883111126548329e+02,1.567904001060458370e+02,1.872471152974678077e+01,-5.572047447331703651e+00,0.000000000000000000e+00,5.585165533850192432e+00,4.728658067754500927e+00
1.171473161364469661e+03,-4.384455158573879885e+02,1.567904001060458370e+02,1.872471152974678077e+01,-5.572047447331703651e+00,0.000000000000000000e+00,5.585165533850192432e+00,4.728658067754500927e+00
1.173345632517444301e+03,-4.390027206021211441e+02,1.567904001060458370e+02,1.872471152974678077e+01,-5.572047447331703651e+00,0.000000000000000000e+00,5.585165533850192432e+00,4.728658067754500927e+00
1.175218103670418941e+03,-4.395599253468542997e+02,1.567904001060458370e+02,1.872471152974678077e+01,-5.572047447331703651e+00,0.000000000000000000e+00,5.585165533850192432e+00,4.728658067754500927e+00
1.177090574823393581e+03,-4.401171300915874554e+02,1.567904001060458370e+02,1.872471152974678077e+01,-5.572047447331703651e+00,0.000000000000000000e+00,5.585165533850192432e+00,4.728658067754500927e+00
1.178963045976368221e+03,-4.406743348363206110e+02,1.567904001060458370e+02,1.872471152974678077e+01,-5.572047447331703651e+00,0.000000000000000000e+00,5.585165533850192432e+00,4.728658067754500927e+00
1.180835517129342861e+03,-4.412315395810537666e+02,1.567904001060458370e+02,1.872471152974678077e+01,-5.572047447331703651e+00,0.000000000000000000e+00,5.585165533850192432e+00,4.728658067754500927e+00
1.182707988282317501e+03,-4.417887443257869222e+02,1.567904001060458370e+02,1.872471152974678077e+01,-5.572047447331703651e+00,0.000000000000000000e+00,5.585165533850192432e+00,4.728658067754500927e+00
1.184580459435292141e+03,-4.423459490705200778e+02,1.567904001060458370e+02,1.872471152974678077e+01,-5.572047447331703651e+00,0.000000000000000000e+00,5.585165533850192432e+00,4.728658067754500927e+00
1.186452930588266781e+03,-4.429031538152532335e+02,1.567904001060458370e+02,1.872471152974678077e+01,-5.572047447331703651e+00,0.000000000000000000e+00,5.585165533850192432e+00,4.728658067754500927e+00
1.188325401741241421e+03,-4.434603585599863891e+02,1.567904001060458370e+02,1.872471152974678077e+01,-5.572047447331703651e+00,0.000000000000000000e+00,5.585165533850192432e+00,4.728658067754500927e+00
1.190197872894216061e+03,-4.440175633047195447e+02,1.567904001060458370e+02,1.872471152974678077e+01,-5.572047447331703651e+00,0.000000000000000000e+00,5.585165533850192432e+00,4.728658067754500927e+00
1.192070344047190702e+03,-4.445747680494527003e+02,1.567904001060458370e+02,1.872471152974678077e+01,-5.572047447331703651e+00,0.000000000000000000e+00,5.585165533850192432e+00,4.728658067754500927e+00
1.193942815200165342e+03,-4.451319727941858559e+02,1.567904001060458370e+02,1.872471152974678077e+01,-5.572047447331703651e+00,0.000000000000000000e+00,5.585165533850192432e+00,4.728658067754500927e+00
1.195815286353139982e+03,-4.456891775389190116e+02,1.567904001060458370e+02,1.872471152974678077e+01,-5.572047447331703651e+00,0.000000000000000000e+00,5.585165533850192432e+00,4.728658067754500927e+00
1.197687757506114622e+03,-4.462463822836521672e+02,1.567904001060458370e+02,1.872471152974678077e+01,-5.572047447331703651e+00,0.000000000000000000e+00,5.585165533850192432e+00,4.728658067754500927e+00
1.199560228659089262e+03,-4.468035870283853228e+02,1.567904001060458370e+02,1.872471152974678077e+01,-5.572047447331703651e+00,0.000000000000000000e+00,5.585165533850192432e+00,4.728658067754500927e+00
1.201432699812063902e+03,-4.473607917731184784e+02,1.567904001060458370e+02,1.872471152974678077e+01,-5.572047447331703651e+00,0.000000000000000000e+00,5.585165533850192432e+00,4.728658067754500927e+00
1.203305170965038542e+03,-4.479179965178516341e+02,1.567904001060458370e+02,1.872471152974678077e+01,-5.572047447331703651e+00,0.000000000000000000e+00,5.585165533850192432e+00,4.728658067754500927e+00
1.205177642118013182e+03,-4.484752012625847897e+02,1.567904001060458370e+02,1.872471152974678077e+01,-5.572047447331703651e+00,0.000000000000000000e+00,5.585165533850192432e+00,4.728658067754500927e+00
1.207050113270987822e+03,-4.490324060073179453e+02,1.567904001060458370e+02,1.872471152974678077e+01,-5.572047447331703651e+00,0.000000000000000000e+00,5.585165533850192432e+00,4.728658067754500927e+00
1.208922584423962462e+03,-4.495896107520511009e+02,1.567904001060458370e+02,1.872471152974678077e+01,-5.572047447331703651e+00,0.000000000000000000e+00,5.585165533850192432e+00,4.728658067754500927e+00
1.210795055576937102e+03,-4.501468154967842565e+02,1.567904001060458370e+02,1.872471152974678077e+01,-5.572047447331703651e+00,0.000000000000000000e+00,5.585165533850192432e+00,4.728658067754500927e+00
1.212667526729911742e+03,-4.507040202415174122e+02,1.567904001060458370e+02,1.872471152974678077e+01,-5.572047447331703651e+00,0.000000000000000000e+00,5.585165533850192432e+00,4.728658067754500927e+00
1.214539997882886382e+03,-4.512612249862505678e+02,1.567904001060458370e+02,1.872471152974678077e+01,-5.572047447331703651e+00,0.000000000000000000e+00,5.585165533850192432e+00,4.728658067754500927e+00
1.216412469035861022e+03,-4.518184297309837234e+02,1.567904001060458370e+02,1.872471152974678077e+01,-5.572047447331703651e+00,0.000000000000000000e+00,5.585165533850192432e+00,4.728658067754500927e+00
1.218284940188835662e+03,-4.523756344757168790e+02,1.567904001060458370e+02,1.872471152974678077e+01,-5.572047447331703651e+00,0.000000000000000000e+00,5.585165533850192432e+00,4.728658067754500927e+00
1.220157411341810302e+03,-4.529328392204500346e+02,1.567904001060458370e+02,1.872471152974678077e+01,-5.572047447331703651e+00,0.000000000000000000e+00,5.585165533850192432e+00,4.728658067754500927e+00
1.222029882494784943e+03,-4.534900439651831903e+02,1.567904001060458370e+02,1.872471152974678077e+01,-5.572047447331703651e+00,0.000000000000000000e+00,5.585165533850192432e+00,4.728658067754500927e+00
1.223902353647759583e+03,-4.540472487099163459e+02,1.567904001060458370e+02,1.872471152974678077e+01,-5.572047447331703651e+00,0.000000000000000000e+00,5.585165533850192432e+00,4.728658067754500927e+00
1.225774824800734223e+03,-4.546044534546495015e+02,1.567904001060458370e+02,1.872471152974678077e+01,-5.572047447331703651e+00,0.000000000000000000e+00,5.585165533850192432e+00,4.728658067754500927e+00
1.227647295953708863e+03,-4.551616581993826571e+02,1.567904001060458370e+02,1.872471152974678077e+01,-5.572047447331703651e+00,0.000000000000000000e+00,5.585165533850192432e+00,4.728658067754500927e+00
1.229519767106683503e+03,-4.557188629441158128e+02,1.567904001060458370e+02,1.872471152974678077e+01,-5.572047447331703651e+00,0.000000000000000000e+00,5.585165533850192432e+00,4.728658067754500927e+00
1.231392238259658143e+03,-4.562760676888489684e+02,1.567904001060458370e+02,1.872471152974678077e+01,-5.572047447331703651e+00,0.000000000000000000e+00,5.585165533850192432e+00,4.728658067754500927e+00
1.233264709412632783e+03,-4.568332724335821240e+02,1.567904001060458370e+02,1.872471152974678077e+01,-5.572047447331703651e+00,0.000000000000000000e+00,5.585165533850192432e+00,4.728658067754500927e+00
1.235137180565607423e+03,-4.573904771783152796e+02,1.567904001060458370e+02,1.872471152974678077e+01,-5.572047447331703651e+00,0.000000000000000000e+00,5.585165533850192432e+00,4.728658067754500927e+00
1.237009651718582063e+03,-4.579476819230484352e+02,1.567904001060458370e+02,1.872471152974678077e+01,-5.572047447331703651e+00,0.000000000000000000e+00,5.585165533850192432e+00,4.728658067754500927e+00
1.238882122871556703e+03,-4.585048866677815909e+02,1.567904001060458370e+02,1.872471152974678077e+01,-5.572047447331703651e+00,0.000000000000000000e+00,5.585165533850192432e+00,4.728658067754500927e+00
1.240754594024531343e+03,-4.590620914125147465e+02,1.567904001060458370e+02,1.872471152974678077e+01,-5.572047447331703651e+00,0.000000000000000000e+00,5.585165533850192432e+00,4.728658067754500927e+00
1.242627065177505983e+03,-4.596192961572479021e+02,1.567904001060458370e+02,1.872471152974678077e+01,-5.572047447331703651e+00,0.000000000000000000e+00,5.585165533850192432e+00,4.728658067754500927e+00
1.244499536330480623e+03,-4.601765009019810577e+02,1.567904001060458370e+02,1.872471152974678077e+01,-5.572047447331703651e+00,0.000000000000000000e+00,5.585165533850192432e+00,4.728658067754500927e+00
1.246372007483455263e+03,-4.607337056467142133e+02,1.567904001060458370e+02,1.872471152974678077e+01,-5.572047447331703651e+00,0.000000000000000000e+00,5.585165533850192432e+00,4.728658067754500927e+00
1.248244478636429903e+03,-4.612909103914473690e+02,1.567904001060458370e+02,1.872471152974678077e+01,-5.572047447331703651e+00,0.000000000000000000e+00,5.585165533850192432e+00,4.728658067754500927e+00
1.250116949789404543e+03,-4.618481151361805246e+02,1.567904001060458370e+02,1.872471152974678077e+01,-5.572047447331703651e+00,0.000000000000000000e+00,5.585165533850192432e+00,4.728658067754500927e+00
1.251989420942379184e+03,-4.624053198809136802e+02,1.567904001060458370e+02,1.872471152974678077e+01,-5.572047447331703651e+00,0.000000000000000000e+00,5.585165533850192432e+00,4.728658067754500927e+00
1.253861892095353824e+03,-4.629625246256468358e+02,1.567904001060458370e+02,1.872471152974678077e+01,-5.572047447331703651e+00,0.000000000000000000e+00,5.585165533850192432e+00,4.728658067754500927e+00
1.255734363248328464e+03,-4.635197293703799915e+02,1.567904001060458370e+02,1.872471152974678077e+01,-5.572047447331703651e+00,0.000000000000000000e+00,5.585165533850192432e+00,4.728658067754500927e+00
1.257606834401303104e+03,-4.640769341151131471e+02,1.567904001060458370e+02,1.872471152974678077e+01,-5.572047447331703651e+00,0.000000000000000000e+00,5.585165533850192432e+00,4.728658067754500927e+00
1.259479305554277744e+03,-4.646341388598463027e+02,1.567904001060458370e+02,1.872471152974678077e+01,-5.572047447331703651e+00,0.000000000000000000e+00,5.585165533850192432e+00,4.728658067754500927e+00
1.261351776707252384e+03,-4.651913436045794583e+02,1.567904001060458370e+02,1.872471152974678077e+01,-5.572047447331703651e+00,0.000000000000000000e+00,5.585165533850192432e+00,4.728658067754500927e+00
1.263224247860227024e+03,-4.657485483493126139e+02,1.567904001060458370e+02,1.872471152974678077e+01,-5.572047447331703651e+00,0.000000000000000000e+00,5.585165533850192432e+00,4.728658067754500927e+00
1.265096719013201664e+03,-4.663057530940457696e+02,1.567904001060458370e+02,1.872471152974678077e+01,-5.572047447331703651e+00,0.000000000000000000e+00,5.585165533850192432e+00,4.728658067754500927e+00
1.266969190166176304e+03,-4.668629578387789252e+02,1.567904001060458370e+02,1.872471152974678077e+01,-5.572047447331703651e+00,0.000000000000000000e+00,5.585165533850192432e+00,4.728658067754500927e+00
1.268841661319150944e+03,-4.674201625835120808e+02,1.567904001060458370e+02,1.872471152974678077e+01,-5.572047447331703651e+00,0.000000000000000000e+00,5.585165533850192432e+00,4.728658067754500927e+00
1.270714132472125584e+03,-4.679773673282452364e+02,1.567904001060458370e+02,1.872471152974678077e+01,-5.572047447331703651e+00,0.000000000000000000e+00,5.585165533850192432e+00,4.728658067754500927e+00
1.272586603625100224e+03,-4.685345720729783920e+02,1.567904001060458370e+02,1.872471152974678077e+01,-5.572047447331703651e+00,0.000000000000000000e+00,5.585165533850192432e+00,4.728658067754500927e+00
1.274459074778074864e+03,-4.690917768177115477e+02,1.567904001060458370e+02,1.872471152974678077e+01,-5.572047447331703651e+00,0.000000000000000000e+00,5.585165533850192432e+00,4.728658067754500927e+00
1.276331545931049504e+03,-4.696489815624447033e+02,1.567904001060458370e+02,1.872471152974678077e+01,-5.572047447331703651e+00,0.000000000000000000e+00,5.585165533850192432e+00,4.728658067754500927e+00
1.278204017084024144e+03,-4.702061863071778589e+02,1.567904001060458370e+02,1.872471152974678077e+01,-5.572047447331703651e+00,0.000000000000000000e+00,5.585165533850192432e+00,4.728658067754500927e+00
1.280076488236998784e+03,-4.707633910519110145e+02,1.567904001060458370e+02,1.872471152974678077e+01,-5.572047447331703651e+00,0.000000000000000000e+00,5.585165533850192432e+00,4.728658067754500927e+00
1.281948959389973425e+03,-4.713205957966441702e+02,1.567904001060458370e+02,1.872471152974678077e+01,-5.572047447331703651e+00,0.000000000000000000e+00,5.585165533850192432e+00,4.728658067754500927e+00
1.283821430542948065e+03,-4.718778005413773258e+02,1.567904001060458370e+02,1.872471152974678077e+01,-5.572047447331703651e+00,0.000000000000000000e+00,5.585165533850192432e+00,4.728658067754500927e+00
1.285693901695922705e+03,-4.724350052861104814e+02,1.567904001060458370e+02,1.872471152974678077e+01,-5.572047447331703651e+00,0.000000000000000000e+00,5.585165533850192432e+00,4.728658067754500927e+00
1.287566372848897345e+03,-4.729922100308436370e+02,1.567904001060458370e+02,1.872471152974678077e+01,-5.572047447331703651e+00,0.000000000000000000e+00,5.585165533850192432e+00,4.728658067754500927e+00
1.289438844001871985e+03,-4.735494147755767926e+02,1.567904001060458370e+02,1.872471152974678077e+01,-5.572047447331703651e+00,0.000000000000000000e+00,5.585165533850192432e+00,4.728658067754500927e+00
1.291311315154846625e+03,-4.741066195203099483e+02,1.567904001060458370e+02,1.872471152974678077e+01,-5.572047447331703651e+00,0.000000000000000000e+00,5.585165533850192432e+00,4.728658067754500927e+00
1.293183786307821265e+03,-4.746638242650431039e+02,1.567904001060458370e+02,1.872471152974678077e+01,-5.572047447331703651e+00,0.000000000000000000e+00,5.585165533850192432e+00,4.728658067754500927e+00
1.295056257460795905e+03,-4.752210290097762595e+02,1.567904001060458370e+02,1.872471152974678077e+01,-5.572047447331703651e+00,0.000000000000000000e+00,5.585165533850192432e+00,4.728658067754500927e+00
1.296928728613770545e+03,-4.757782337545094151e+02,1.567904001060458370e+02,1.872471152974678077e+01,-5.572047447331703651e+00,0.000000000000000000e+00,5.585165533850192432e+00,4.728658067754500927e+00
1.298801199766745185e+03,-4.763354384992425707e+02,1.567904001060458370e+02,1.872471152974678077e+01,-5.572047447331703651e+00,0.000000000000000000e+00,5.585165533850192432e+00,4.728658067754500927e+00
1.300673670919719825e+03,-4.768926432439757264e+02,1.567904001060458370e+02,1.872471152974678077e+01,-5.572047447331703651e+00,0.000000000000000000e+00,5.585165533850192432e+00,4.728658067754500927e+00
1.302546142072694465e+03,-4.774498479887088820e+02,1.567904001060458370e+02,1.872471152974678077e+01,-5.572047447331703651e+00,0.000000000000000000e+00,5.585165533850192432e+00,4.728658067754500927e+00
1.304418613225669105e+03,-4.780070527334420376e+02,1.567904001060458370e+02,1.872471152974678077e+01,-5.572047447331703651e+00,0.000000000000000000e+00,5.585165533850192432e+00,4.728658067754500927e+00
1.306291084378643745e+03,-4.785642574781751932e+02,1.567904001060458370e+02,1.872471152974678077e+01,-5.572047447331703651e+00,0.000000000000000000e+00,5.585165533850192432e+00,4.728658067754500927e+00
1.308163555531618385e+03,-4.791214622229083488e+02,1.567904001060458370e+02,1.872471152974678077e+01,-5.572047447331703651e+00,0.000000000000000000e+00,5.585165533850192432e+00,4.728658067754500927e+00
1.310036026684593025e+03,-4.796786669676415045e+02,1.567904001060458370e+02,1.872471152974678077e+01,-5.572047447331703651e+00,0.000000000000000000e+00,5.585165533850192432e+00,4.728658067754500927e+00
1.311908497837567666e+03,-4.802358717123746601e+02,1.567904001060458370e+02,1.872471152974678077e+01,-5.572047447331703651e+00,0.000000000000000000e+00,5.585165533850192432e+00,4.728658067754500927e+00
1.313780968990542306e+03,-4.807930764571078157e+02,1.567904001060458370e+02,1.872471152974678077e+01,-5.572047447331703651e+00,0.000000000000000000e+00,5.585165533850192432e+00,4.728658067754500927e+00
1.315653440143516946e+03,-4.813502812018409713e+02,1.567904001060458370e+02,1.872471152974678077e+01,-5.572047447331703651e+00,0.000000000000000000e+00,5.585165533850192432e+00,4.728658067754500927e+00
1.317525911296491586e+03,-4.819074859465741270e+02,1.567904001060458370e+02,1.872471152974678077e+01,-5.572047447331703651e+00,0.000000000000000000e+00,5.585165533850192432e+00,4.728658067754500927e+00
1.319398382449466226e+03,-4.824646906913072826e+02,1.567904001060458370e+02,1.872471152974678077e+01,-5.572047447331703651e+00,0.000000000000000000e+00,5.585165533850192432e+00,4.728658067754500927e+00
1.321270853602440866e+03,-4.830218954360404382e+02,1.567904001060458370e+02,1.872471152974678077e+01,-5.572047447331703651e+00,0.000000000000000000e+00,5.585165533850192432e+00,4.728658067754500927e+00
1.323143324755415506e+03,-4.835791001807735938e+02,1.567904001060458370e+02,1.872471152974678077e+01,-5.572047447331703651e+00,0.000000000000000000e+00,5.585165533850192432e+00,4.728658067754500927e+00
1.325015795908390146e+03,-4.841363049255067494e+02,1.567904001060458370e+02,1.872471152974678077e+01,-5.572047447331703651e+00,0.000000000000000000e+00,5.585165533850192432e+00,4.728658067754500927e+00
1.326888267061364786e+03,-4.846935096702399051e+02,1.567904001060458370e+02,1.872471152974678077e+01,-5.572047447331703651e+00,0.000000000000000000e+00,5.585165533850192432e+00,4.728658067754500927e+00
1.328760738214339426e+03,-4.852507144149730607e+02,1.567904001060458370e+02,1.872471152974678077e+01,-5.572047447331703651e+00,0.000000000000000000e+00,5.585165533850192432e+00,4.728658067754500927e+00
1.330633209367314066e+03,-4.858079191597062163e+02,1.567904001060458370e+02,1.872471152974678077e+01,-5.572047447331703651e+00,0.000000000000000000e+00,5.585165533850192432e+00,4.728658067754500927e+00
1.332505680520288706e+03,-4.863651239044393719e+02,1.567904001060458370e+02,1.872471152974678077e+01,-5.572047447331703651e+00,0.000000000000000000e+00,5.585165533850192432e+00,4.728658067754500927e+00
1.334378151673263346e+03,-4.869223286491725275e+02,1.567904001060458370e+02,1.872471152974678077e+01,-5.572047447331703651e+00,0.000000000000000000e+00,5.585165533850192432e+00,4.728658067754500927e+00
1.336250622826237986e+03,-4.874795333939056832e+02,1.567904001060458370e+02,1.872471152974678077e+01,-5.572047447331703651e+00,0.000000000000000000e+00,5.585165533850192432e+00,4.728658067754500927e+00
1.338123093979212626e+03,-4.880367381386388388e+02,1.567904001060458370e+02,1.872471152974678077e+01,-5.572047447331703651e+00,0.000000000000000000e+00,5.585165533850192432e+00,4.728658067754500927e+00
1.339995565132187266e+03,-4.885939428833719944e+02,1.567904001060458370e+02,1.872471152974678077e+01,-5.572047447331703651e+00,0.000000000000000000e+00,5.585165533850192432e+00,4.728658067754500927e+00
1.341868036285161907e+03,-4.891511476281051500e+02,1.567904001060458370e+02,1.872471152974678077e+01,-5.572047447331703651e+00,0.000000000000000000e+00,5.585165533850192432e+00,4.728658067754500927e+00
1.343740507438136547e+03,-4.897083523728383057e+02,1.567904001060458370e+02,1.872471152974678077e+01,-5.572047447331703651e+00,0.000000000000000000e+00,5.585165533850192432e+00,4.728658067754500927e+00
1.345612978591111187e+03,-4.902655571175714613e+02,1.567904001060458370e+02,1.872471152974678077e+01,-5.572047447331703651e+00,0.000000000000000000e+00,5.585165533850192432e+00,4.728658067754500927e+00
1.347485449744085827e+03,-4.908227618623046169e+02,1.567904001060458370e+02,1.872471152974678077e+01,-5.572047447331703651e+00,0.000000000000000000e+00,5.585165533850192432e+00,4.728658067754500927e+00
1.349357920897060467e+03,-4.913799666070377725e+02,1.567904001060458370e+02,1.872471152974678077e+01,-5.572047447331703651e+00,0.000000000000000000e+00,5.585165533850192432e+00,4.728658067754500927e+00
1.351230392050035107e+03,-4.919371713517709281e+02,1.567904001060458370e+02,1.872471152974678077e+01,-5.572047447331703651e+00,0.000000000000000000e+00,5.585165533850192432e+00,4.728658067754500927e+00
1.353102863203009747e+03,-4.924943760965040838e+02,1.567904001060458370e+02,1.872471152974678077e+01,-5.572047447331703651e+00,0.000000000000000000e+00,5.585165533850192432e+00,4.728658067754500927e+00
1.354975334355984387e+03,-4.930515808412372394e+02,1.567904001060458370e+02,1.872471152974678077e+01,-5.572047447331703651e+00,0.000000000000000000e+00,5.585165533850192432e+00,4.728658067754500927e+00
1.356847805508959027e+03,-4.936087855859703950e+02,1.567904001060458370e+02,1.872471152974678077e+01,-5.572047447331703651e+00,0.000000000000000000e+00,5.585165533850192432e+00,4.728658067754500927e+00
1.358720276661933667e+03,-4.941659903307035506e+02,1.567904001060458370e+02,1.872471152974678077e+01,-5.572047447331703651e+00,0.000000000000000000e+00,5.585165533850192432e+00,4.728658067754500927e+00
1.360592747814908307e+03,-4.947231950754367062e+02,1.567904001060458370e+02,1.872471152974678077e+01,-5.572047447331703651e+00,0.000000000000000000e+00,5.585165533850192432e+00,4.728658067754500927e+00
1.362465218967882947e+03,-4.952803998201698619e+02,1.567904001060458370e+02,1.872471152974678077e+01,-5.572047447331703651e+00,0.000000000000000000e+00,5.585165533850192432e+00,4.728658067754500927e+00
1.364337690120857587e+03,-4.958376045649030175e+02,1.567904001060458370e+02,1.872471152974678077e+01,-5.572047447331703651e+00,0.000000000000000000e+00,5.585165533850192432e+00,4.728658067754500927e+00
1.366210161273832227e+03,-4.963948093096361731e+02,1.567904001060458370e+02,1.872471152974678077e+01,-5.572047447331703651e+00,0.000000000000000000e+00,5.585165533850192432e+00,4.728658067754500927e+00
1.368082632426806867e+03,-4.969520140543693287e+02,1.567904001060458370e+02,1.872471152974678077e+01,-5.572047447331703651e+00,0.000000000000000000e+00,5.585165533850192432e+00,4.728658067754500927e+00
1.369955103579781508e+03,-4.975092187991024844e+02,1.567904001060458370e+02,1.872471152974678077e+01,-5.572047447331703651e+00,0.000000000000000000e+00,5.585165533850192432e+00,4.728658067754500927e+00
1.371827574732756148e+03,-4.980664235438356400e+02,1.567904001060458370e+02,1.872471152974678077e+01,-5.572047447331703651e+00,0.000000000000000000e+00,5.585165533850192432e+00,4.728658067754500927e+00
1.373700045885730788e+03,-4.986236282885687956e+02,1.567904001060458370e+02,1.872471152974678077e+01,-5.572047447331703651e+00,0.000000000000000000e+00,5.585165533850192432e+00,4.728658067754500927e+00
1.375572517038705428e+03,-4.991808330333019512e+02,1.567904001060458370e+02,1.872471152974678077e+01,-5.572047447331703651e+00,0.000000000000000000e+00,5.585165533850192432e+00,4.728658067754500927e+00
1.377444988191680068e+03,-4.997380377780351068e+02,1.567904001060458370e+02,1.872471152974678077e+01,-5.572047447331703651e+00,0.000000000000000000e+00,5.585165533850192432e+00,4.728658067754500927e+00
1.379317459344654708e+03,-5.002952425227682625e+02,1.567904001060458370e+02,1.872471152974678077e+01,-5.572047447331703651e+00,0.000000000000000000e+00,5.585165533850192432e+00,4.728658067754500927e+00
1.381189930497629348e+03,-5.008524472675014181e+02,1.567904001060458370e+02,1.872471152974678077e+01,-5.572047447331703651e+00,0.000000000000000000e+00,5.585165533850192432e+00,4.728658067754500927e+00
1.383062401650603988e+03,-5.014096520122345737e+02,1.567904001060458370e+02,1.872471152974678077e+01,-5.572047447331703651e+00,0.000000000000000000e+00,5.585165533850192432e+00,4.728658067754500927e+00
1.384934872803578628e+03,-5.019668567569677293e+02,1.567904001060458370e+02,1.872471152974678077e+01,-5.572047447331703651e+00,0.000000000000000000e+00,5.585165533850192432e+00,4.728658067754500927e+00
1.386807343956553268e+03,-5.025240615017008849e+02,1.567904001060458370e+02,1.872471152974678077e+01,-5.572047447331703651e+00,0.000000000000000000e+00,5.585165533850192432e+00,4.728658067754500927e+00
1.388679815109527908e+03,-5.030812662464340406e+02,1.567904001060458370e+02,1.872471152974678077e+01,-5.572047447331703651e+00,0.000000000000000000e+00,5.585165533850192432e+00,4.728658067754500927e+00
1.390552286262502548e+03,-5.036384709911671962e+02,1.567904001060458370e+02,1.872471152974678077e+01,-5.572047447331703651e+00,0.000000000000000000e+00,5.585165533850192432e+00,4.728658067754500927e+00
1.392424757415477188e+03,-5.041956757359003518e+02,1.567904001060458370e+02,1.872471152974678077e+01,-5.572047447331703651e+00,0.000000000000000000e+00,5.585165533850192432e+00,4.728658067754500927e+00
1.394297228568451828e+03,-5.047528804806335074e+02,1.567904001060458370e+02,1.872471152974678077e+01,-5.572047447331703651e+00,0.000000000000000000e+00,5.585165533850192432e+00,4.728658067754500927e+00
1.396169699721426468e+03,-5.053100852253666631e+02,1.567904001060458370e+02,1.872471152974678077e+01,-5.572047447331703651e+00,0.000000000000000000e+00,5.585165533850192432e+00,4.728658067754500927e+00
1.398042170874401108e+03,-5.058672899700998187e+02,1.567904001060458370e+02,1.872471152974678077e+01,-5.572047447331703651e+00,0.000000000000000000e+00,5.585165533850192432e+00,4.728658067754500927e+00
1.399914642027375749e+03,-5.064244947148329743e+02,1.567904001060458370e+02,1.872471152974678077e+01,-5.572047447331703651e+00,0.000000000000000000e+00,5.585165533850192432e+00,4.728658067754500927e+00
1.401787113180350389e+03,-5.069816994595661299e+02,1.567904001060458370e+02,1.872471152974678077e+01,-5.572047447331703651e+00,0.000000000000000000e+00,5.585165533850192432e+00,4.728658067754500927e+00
1.403659584333325029e+03,-5.075389042042992855e+02,1.567904001060458370e+02,1.872471152974678077e+01,-5.572047447331703651e+00,0.000000000000000000e+00,5.585165533850192432e+00,4.728658067754500927e+00
1.405532055486299669e+03,-5.080961089490324412e+02,1.567904001060458370e+02,1.872471152974678077e+01,-5.572047447331703651e+00,0.000000000000000000e+00,5.585165533850192432e+00,4.728658067754500927e+00
1.407404526639274309e+03,-5.086533136937655968e+02,1.567904001060458370e+02,1.872471152974678077e+01,-5.572047447331703651e+00,0.000000000000000000e+00,5.585165533850192432e+00,4.728658067754500927e+00
1.409276997792248949e+03,-5.092105184384987524e+02,1.567904001060458370e+02,1.872471152974678077e+01,-5.572047447331703651e+00,0.000000000000000000e+00,5.585165533850192432e+00,4.728658067754500927e+00
1.411149468945223589e+03,-5.097677231832319080e+02,1.567904001060458370e+02,1.872471152974678077e+01,-5.572047447331703651e+00,0.000000000000000000e+00,5.585165533850192432e+00,4.728658067754500927e+00
1.413021940098198229e+03,-5.103249279279650636e+02,1.567904001060458370e+02,1.872471152974678077e+01,-5.572047447331703651e+00,0.000000000000000000e+00,5.585165533850192432e+00,4.728658067754500927e+00
1.414894411251172869e+03,-5.108821326726982193e+02,1.567904001060458370e+02,1.872471152974678077e+01,-5.572047447331703651e+00,0.000000000000000000e+00,5.585165533850192432e+00,4.728658067754500927e+00
1.416766882404147509e+03,-5.114393374174313749e+02,1.567904001060458370e+02,1.872471152974678077e+01,-5.572047447331703651e+00,0.000000000000000000e+00,5.585165533850192432e+00,4.728658067754500927e+00
1.418639353557122149e+03,-5.119965421621645305e+02,1.567904001060458370e+02,1.872471152974678077e+01,-5.572047447331703651e+00,0.000000000000000000e+00,5.585165533850192432e+00,4.728658067754500927e+00
1.420511824710096789e+03,-5.125537469068976861e+02,1.567904001060458370e+02,1.872471152974678077e+01,-5.572047447331703651e+00,0.000000000000000000e+00,5.585165533850192432e+00,4.728658067754500927e+00
1.422384295863071429e+03,-5.131109516516308986e+02,1.567904001060458370e+02,1.872471152974678077e+01,-5.572047447331703651e+00,0.000000000000000000e+00,5.585165533850192432e+00,4.728658067754500927e+00
1.424256767016046069e+03,-5.136681563963641111e+02,1.567904001060458370e+02,1.872471152974678077e+01,-5.572047447331703651e+00,0.000000000000000000e+00,5.585165533850192432e+00,4.728658067754500927e+00
1.426129238169020709e+03,-5.142253611410973235e+02,1.567904001060458370e+02,1.872471152974678077e+01,-5.572047447331703651e+00,0.000000000000000000e+00,5.585165533850192432e+00,4.728658067754500927e+00
1.428001709321995349e+03,-5.147825658858305360e+02,1.567904001060458370e+02,1.872471152974678077e+01,-5.572047447331703651e+00,0.000000000000000000e+00,5.585165533850192432e+00,4.728658067754500927e+00
1.429874180474969990e+03,-5.153397706305637485e+02,1.567904001060458370e+02,1.872471152974678077e+01,-5.572047447331703651e+00,0.000000000000000000e+00,5.585165533850192432e+00,4.728658067754500927e+00
1.431746651627944630e+03,-5.158969753752969609e+02,1.567904001060458370e+02,1.872471152974678077e+01,-5.572047447331703651e+00,0.000000000000000000e+00,5.585165533850192432e+00,4.728658067754500927e+00
1.433619122780919270e+03,-5.164541801200301734e+02,1.567904001060458370e+02,1.872471152974678077e+01,-5.572047447331703651e+00,0.000000000000000000e+00,5.585165533850192432e+00,4.728658067754500927e+00
1.435491593933893910e+03,-5.170113848647633858e+02,1.567904001060458370e+02,1.872471152974678077e+01,-5.572047447331703651e+00,0.000000000000000000e+00,5.585165533850192432e+00,4.728658067754500927e+00
1.437364065086868550e+03,-5.175685896094965983e+02,1.567904001060458370e+02,1.872471152974678077e+01,-5.572047447331703651e+00,0.000000000000000000e+00,5.585165533850192432e+00,4.728658067754500927e+00
1.439236536239843190e+03,-5.181257943542298108e+02,1.567904001060458370e+02,1.872471152974678077e+01,-5.572047447331703651e+00,0.000000000000000000e+00,5.585165533850192432e+00,4.728658067754500927e+00
1.441109007392817830e+03,-5.186829990989630232e+02,1.567904001060458370e+02,1.872471152974678077e+01,-5.572047447331703651e+00,0.000000000000000000e+00,5.585165533850192432e+00,4.728658067754500927e+00
1.442981478545792470e+03,-5.192402038436962357e+02,1.567904001060458370e+02,1.872471152974678077e+01,-5.572047447331703651e+00,0.000000000000000000e+00,5.585165533850192432e+00,4.728658067754500927e+00
1.444853949698767110e+03,-5.197974085884294482e+02,1.567904001060458370e+02,1.872471152974678077e+01,-5.572047447331703651e+00,0.000000000000000000e+00,5.585165533850192432e+00,4.728658067754500927e+00
1.446726420851741750e+03,-5.203546133331626606e+02,1.567904001060458370e+02,1.872471152974678077e+01,-5.572047447331703651e+00,0.000000000000000000e+00,5.585165533850192432e+00,4.728658067754500927e+00
1.448598892004716390e+03,-5.209118180778958731e+02,1.567904001060458370e+02,1.872471152974678077e+01,-5.572047447331703651e+00,0.000000000000000000e+00,5.585165533850192432e+00,4.728658067754500927e+00
1.450471363157691030e+03,-5.214690228226290856e+02,1.567904001060458370e+02,1.872471152974678077e+01,-5.572047447331703651e+00,0.000000000000000000e+00,5.585165533850192432e+00,4.728658067754500927e+00
1.452343834310665670e+03,-5.220262275673622980e+02,1.567904001060458370e+02,1.872471152974678077e+01,-5.572047447331703651e+00,0.000000000000000000e+00,5.585165533850192432e+00,4.728658067754500927e+00
1.454216305463640310e+03,-5.225834323120955105e+02,1.567904001060458370e+02,1.872471152974678077e+01,-5.572047447331703651e+00,0.000000000000000000e+00,5.585165533850192432e+00,4.728658067754500927e+00
1.456088776616614950e+03,-5.231406370568287230e+02,1.567904001060458370e+02,1.872471152974678077e+01,-5.572047447331703651e+00,0.000000000000000000e+00,5.585165533850192432e+00,4.728658067754500927e+00
1.457961247769589590e+03,-5.236978418015619354e+02,1.567904001060458370e+02,1.872471152974678077e+01,-5.572047447331703651e+00,0.000000000000000000e+00,5.585165533850192432e+00,4.728658067754500927e+00
1.459833718922564231e+03,-5.242550465462951479e+02,1.567904001060458370e+02,1.872471152974678077e+01,-5.572047447331703651e+00,0.000000000000000000e+00,5.585165533850192432e+00,4.728658067754500927e+00
1.461706190075538871e+03,-5.248122512910283604e+02,1.567904001060458370e+02,1.872471152974678077e+01,-5.572047447331703651e+00,0.000000000000000000e+00,5.585165533850192432e+00,4.728658067754500927e+00
1.463578661228513511e+03,-5.253694560357615728e+02,1.567904001060458370e+02,1.872471152974678077e+01,-5.572047447331703651e+00,0.000000000000000000e+00,5.585165533850192432e+00,4.728658067754500927e+00
1.465451132381488151e+03,-5.259266607804947853e+02,1.567904001060458370e+02,1.872471152974678077e+01,-5.572047447331703651e+00,0.000000000000000000e+00,5.585165533850192432e+00,4.728658067754500927e+00
1.467323603534462791e+03,-5.264838655252279978e+02,1.567904001060458370e+02,1.872471152974678077e+01,-5.572047447331703651e+00,0.000000000000000000e+00,5.585165533850192432e+00,4.728658067754500927e+00
1.469196074687437431e+03,-5.270410702699612102e+02,1.567904001060458370e+02,1.872471152974678077e+01,-5.572047447331703651e+00,0.000000000000000000e+00,5.585165533850192432e+00,4.728658067754500927e+00
1.471068545840412071e+03,-5.275982750146944227e+02,1.567904001060458370e+02,1.872471152974678077e+01,-5.572047447331703651e+00,0.000000000000000000e+00,5.585165533850192432e+00,4.728658067754500927e+00
1.472941016993386711e+03,-5.281554797594276351e+02,1.567904001060458370e+02,1.872471152974678077e+01,-5.572047447331703651e+00,0.000000000000000000e+00,5.585165533850192432e+00,4.728658067754500927e+00
1.474813488146361351e+03,-5.287126845041608476e+02,1.567904001060458370e+02,1.872471152974678077e+01,-5.572047447331703651e+00,0.000000000000000000e+00,5.585165533850192432e+00,4.728658067754500927e+00
1.476685959299335991e+03,-5.292698892488940601e+02,1.567904001060458370e+02,1.872471152974678077e+01,-5.572047447331703651e+00,0.000000000000000000e+00,5.585165533850192432e+00,4.728658067754500927e+00
1.478558430452310631e+03,-5.298270939936272725e+02,1.567904001060458370e+02,1.872471152974678077e+01,-5.572047447331703651e+00,0.000000000000000000e+00,5.585165533850192432e+00,4.728658067754500927e+00
1.480430901605285271e+03,-5.303842987383604850e+02,1.567904001060458370e+02,1.872471152974678077e+01,-5.572047447331703651e+00,0.000000000000000000e+00,5.585165533850192432e+00,4.728658067754500927e+00
1.482303372758259911e+03,-5.309415034830936975e+02,1.567904001060458370e+02,1.872471152974678077e+01,-5.572047447331703651e+00,0.000000000000000000e+00,5.585165533850192432e+00,4.728658067754500927e+00
1.484175843911234551e+03,-5.314987082278269099e+02,1.567904001060458370e+02,1.872471152974678077e+01,-5.572047447331703651e+00,0.000000000000000000e+00,5.585165533850192432e+00,4.728658067754500927e+00
1.486048315064209191e+03,-5.320559129725601224e+02,1.567904001060458370e+02,1.872471152974678077e+01,-5.572047447331703651e+00,0.000000000000000000e+00,5.585165533850192432e+00,4.728658067754500927e+00
1.487920786217183831e+03,-5.326131177172933349e+02,1.567904001060458370e+02,1.872471152974678077e+01,-5.572047447331703651e+00,0.000000000000000000e+00,5.585165533850192432e+00,4.728658067754500927e+00
1.489793257370158472e+03,-5.331703224620265473e+02,1.567904001060458370e+02,1.872471152974678077e+01,-5.572047447331703651e+00,0.000000000000000000e+00,5.585165533850192432e+00,4.728658067754500927e+00
1.491665728523133112e+03,-5.337275272067597598e+02,1.567904001060458370e+02,1.872471152974678077e+01,-5.572047447331703651e+00,0.000000000000000000e+00,5.585165533850192432e+00,4.728658067754500927e+00
1.493538199676107752e+03,-5.342847319514929723e+02,1.567904001060458370e+02,1.872471152974678077e+01,-5.572047447331703651e+00,0.000000000000000000e+00,5.585165533850192432e+00,4.728658067754500927e+00
1.495410670829082392e+03,-5.348419366962261847e+02,1.567904001060458370e+02,1.872471152974678077e+01,-5.572047447331703651e+00,0.000000000000000000e+00,5.585165533850192432e+00,4.728658067754500927e+00
1.497283141982057032e+03,-5.353991414409593972e+02,1.567904001060458370e+02,1.872471152974678077e+01,-5.572047447331703651e+00,0.000000000000000000e+00,5.585165533850192432e+00,4.728658067754500927e+00
1.499155613135031672e+03,-5.359563461856926097e+02,1.567904001060458370e+02,1.872471152974678077e+01,-5.572047447331703651e+00,0.000000000000000000e+00,5.585165533850192432e+00,4.728658067754500927e+00
1.501028084288006312e+03,-5.365135509304258221e+02,1.567904001060458370e+02,1.872471152974678077e+01,-5.572047447331703651e+00,0.000000000000000000e+00,5.585165533850192432e+00,4.728658067754500927e+00
1.502900555440980952e+03,-5.370707556751590346e+02,1.567904001060458370e+02,1.872471152974678077e+01,-5.572047447331703651e+00,0.000000000000000000e+00,5.585165533850192432e+00,4.728658067754500927e+00
1.504773026593955592e+03,-5.376279604198922470e+02,1.567904001060458370e+02,1.872471152974678077e+01,-5.572047447331703651e+00,0.000000000000000000e+00,5.585165533850192432e+00,4.728658067754500927e+00
1.506645497746930232e+03,-5.381851651646254595e+02,1.567904001060458370e+02,1.872471152974678077e+01,-5.572047447331703651e+00,0.000000000000000000e+00,5.585165533850192432e+00,4.728658067754500927e+00
1.508517968899904872e+03,-5.387423699093586720e+02,1.567904001060458370e+02,1.872471152974678077e+01,-5.572047447331703651e+00,0.000000000000000000e+00,5.585165533850192432e+00,4.728658067754500927e+00
1.510390440052879512e+03,-5.392995746540918844e+02,1.567904001060458370e+02,1.872471152974678077e+01,-5.572047447331703651e+00,0.000000000000000000e+00,5.585165533850192432e+00,4.728658067754500927e+00
1.512262911205854152e+03,-5.398567793988250969e+02,1.567904001060458370e+02,1.872471152974678077e+01,-5.572047447331703651e+00,0.000000000000000000e+00,5.585165533850192432e+00,4.728658067754500927e+00
1.514135382358828792e+03,-5.404139841435583094e+02,1.567904001060458370e+02,1.872471152974678077e+01,-5.572047447331703651e+00,0.000000000000000000e+00,5.585165533850192432e+00,4.728658067754500927e+00
1.516007853511803432e+03,-5.409711888882915218e+02,1.567904001060458370e+02,1.872471152974678077e+01,-5.572047447331703651e+00,0.000000000000000000e+00,5.585165533850192432e+00,4.728658067754500927e+00
1.517880324664778072e+03,-5.415283936330247343e+02,1.567904001060458370e+02,1.872471152974678077e+01,-5.572047447331703651e+00,0.000000000000000000e+00,5.585165533850192432e+00,4.728658067754500927e+00
1.519752795817752713e+03,-5.420855983777579468e+02,1.567904001060458370e+02,1.872471152974678077e+01,-5.572047447331703651e+00,0.000000000000000000e+00,5.585165533850192432e+00,4.728658067754500927e+00
1.521625266970727353e+03,-5.426428031224911592e+02,1.567904001060458370e+02,1.872471152974678077e+01,-5.572047447331703651e+00,0.000000000000000000e+00,5.585165533850192432e+00,4.728658067754500927e+00
1.523497738123701993e+03,-5.432000078672243717e+02,1.567904001060458370e+02,1.872471152974678077e+01,-5.572047447331703651e+00,0.000000000000000000e+00,5.585165533850192432e+00,4.728658067754500927e+00
1.525370209276676633e+03,-5.437572126119575842e+02,1.567904001060458370e+02,1.872471152974678077e+01,-5.572047447331703651e+00,0.000000000000000000e+00,5.585165533850192432e+00,4.728658067754500927e+00
1.527242680429651273e+03,-5.443144173566907966e+02,1.567904001060458370e+02,1.872471152974678077e+01,-5.572047447331703651e+00,0.000000000000000000e+00,5.585165533850192432e+00,4.728658067754500927e+00
1.529115151582625913e+03,-5.448716221014240091e+02,1.567904001060458370e+02,1.872471152974678077e+01,-5.572047447331703651e+00,0.000000000000000000e+00,5.585165533850192432e+00,4.728658067754500927e+00
1.530987622735600553e+03,-5.454288268461572216e+02,1.567904001060458370e+02,1.872471152974678077e+01,-5.572047447331703651e+00,0.000000000000000000e+00,5.585165533850192432e+00,4.728658067754500927e+00
1.532860093888575193e+03,-5.459860315908904340e+02,1.567904001060458370e+02,1.872471152974678077e+01,-5.572047447331703651e+00,0.000000000000000000e+00,5.585165533850192432e+00,4.728658067754500927e+00
1.534732565041549833e+03,-5.465432363356236465e+02,1.567904001060458370e+02,1.872471152974678077e+01,-5.572047447331703651e+00,0.000000000000000000e+00,5.585165533850192432e+00,4.728658067754500927e+00
1.536605036194524473e+03,-5.471004410803568589e+02,1.567904001060458370e+02,1.872471152974678077e+01,-5.572047447331703651e+00,0.000000000000000000e+00,5.585165533850192432e+00,4.728658067754500927e+00
1.538477507347499113e+03,-5.476576458250900714e+02,1.567904001060458370e+02,1.872471152974678077e+01,-5.572047447331703651e+00,0.000000000000000000e+00,5.585165533850192432e+00,4.728658067754500927e+00
1.540349978500473753e+03,-5.482148505698232839e+02,1.567904001060458370e+02,1.872471152974678077e+01,-5.572047447331703651e+00,0.000000000000000000e+00,5.585165533850192432e+00,4.728658067754500927e+00
1.542222449653448393e+03,-5.487720553145564963e+02,1.567904001060458370e+02,1.872471152974678077e+01,-5.572047447331703651e+00,0.000000000000000000e+00,5.585165533850192432e+00,4.728658067754500927e+00
1.544094920806423033e+03,-5.493292600592897088e+02,1.567904001060458370e+02,1.872471152974678077e+01,-5.572047447331703651e+00,0.000000000000000000e+00,5.585165533850192432e+00,4.728658067754500927e+00
1.545967391959397673e+03,-5.498864648040229213e+02,1.567904001060458370e+02,1.872471152974678077e+01,-5.572047447331703651e+00,0.000000000000000000e+00,5.585165533850192432e+00,4.728658067754500927e+00
1.547839863112372313e+03,-5.504436695487561337e+02,1.567904001060458370e+02,1.872471152974678077e+01,-5.572047447331703651e+00,0.000000000000000000e+00,5.585165533850192432e+00,4.728658067754500927e+00
1.549712334265346954e+03,-5.510008742934893462e+02,1.567904001060458370e+02,1.872471152974678077e+01,-5.572047447331703651e+00,0.000000000000000000e+00,5.585165533850192432e+00,4.728658067754500927e+00
1.551584805418321594e+03,-5.515580790382225587e+02,1.567904001060458370e+02,1.872471152974678077e+01,-5.572047447331703651e+00,0.000000000000000000e+00,5.585165533850192432e+00,4.728658067754500927e+00
1.553457276571296234e+03,-5.521152837829557711e+02,1.567904001060458370e+02,1.872471152974678077e+01,-5.572047447331703651e+00,0.000000000000000000e+00,5.585165533850192432e+00,4.728658067754500927e+00
1.555329747724270874e+03,-5.526724885276889836e+02,1.567904001060458370e+02,1.872471152974678077e+01,-5.572047447331703651e+00,0.000000000000000000e+00,5.585165533850192432e+00,4.728658067754500927e+00
1.557202218877245514e+03,-5.532296932724221961e+02,1.567904001060458370e+02,1.872471152974678077e+01,-5.572047447331703651e+00,0.000000000000000000e+00,5.585165533850192432e+00,4.728658067754500927e+00
1.559074690030220154e+03,-5.537868980171554085e+02,1.567904001060458370e+02,1.872471152974678077e+01,-5.572047447331703651e+00,0.000000000000000000e+00,5.585165533850192432e+00,4.728658067754500927e+00
1.560947161183194794e+03,-5.543441027618886210e+02,1.567904001060458370e+02,1.872471152974678077e+01,-5.572047447331703651e+00,0.000000000000000000e+00,5.585165533850192432e+00,4.728658067754500927e+00
1.562819632336169434e+03,-5.549013075066218335e+02,1.567904001060458370e+02,1.872471152974678077e+01,-5.572047447331703651e+00,0.000000000000000000e+00,5.585165533850192432e+00,4.728658067754500927e+00
1.564692103489144074e+03,-5.554585122513550459e+02,1.567904001060458370e+02,1.872471152974678077e+01,-5.572047447331703651e+00,0.000000000000000000e+00,5.585165533850192432e+00,4.728658067754500927e+00
1.566564574642118714e+03,-5.560157169960882584e+02,1.567904001060458370e+02,1.872471152974678077e+01,-5.572047447331703651e+00,0.000000000000000000e+00,5.585165533850192432e+00,4.728658067754500927e+00
1.568437045795093354e+03,-5.565729217408214708e+02,1.567904001060458370e+02,1.872471152974678077e+01,-5.572047447331703651e+00,0.000000000000000000e+00,5.585165533850192432e+00,4.728658067754500927e+00
1.570309516948067994e+03,-5.571301264855546833e+02,1.567904001060458370e+02,1.872471152974678077e+01,-5.572047447331703651e+00,0.000000000000000000e+00,5.585165533850192432e+00,4.728658067754500927e+00
1.572181988101042634e+03,-5.576873312302878958e+02,1.567904001060458370e+02,1.872471152974678077e+01,-5.572047447331703651e+00,0.000000000000000000e+00,5.585165533850192432e+00,4.728658067754500927e+00
1.574054459254017274e+03,-5.582445359750211082e+02,1.567904001060458370e+02,1.872471152974678077e+01,-5.572047447331703651e+00,0.000000000000000000e+00,5.585165533850192432e+00,4.728658067754500927e+00
1.575926930406991914e+03,-5.588017407197543207e+02,1.567904001060458370e+02,1.872471152974678077e+01,-5.572047447331703651e+00,0.000000000000000000e+00,5.585165533850192432e+00,4.728658067754500927e+00
1.577799401559966554e+03,-5.593589454644875332e+02,1.567904001060458370e+02,1.872471152974678077e+01,-5.572047447331703651e+00,0.000000000000000000e+00,5.585165533850192432e+00,4.728658067754500927e+00
1.579671872712941195e+03,-5.599161502092207456e+02,1.567904001060458370e+02,1.872471152974678077e+01,-5.572047447331703651e+00,0.000000000000000000e+00,5.585165533850192432e+00,4.728658067754500927e+00
1.581544343865915835e+03,-5.604733549539539581e+02,1.567904001060458370e+02,1.872471152974678077e+01,-5.572047447331703651e+00,0.000000000000000000e+00,5.585165533850192432e+00,4.728658067754500927e+00
1.583416815018890475e+03,-5.610305596986871706e+02,1.567904001060458370e+02,1.872471152974678077e+01,-5.572047447331703651e+00,0.000000000000000000e+00,5.585165533850192432e+00,4.728658067754500927e+00
1.585289286171865115e+03,-5.615877644434203830e+02,1.567904001060458370e+02,1.872471152974678077e+01,-5.572047447331703651e+00,0.000000000000000000e+00,5.585165533850192432e+00,4.728658067754500927e+00
1.587161757324839755e+03,-5.621449691881535955e+02,1.567904001060458370e+02,1.872471152974678077e+01,-5.572047447331703651e+00,0.000000000000000000e+00,5.585165533850192432e+00,4.728658067754500927e+00
1.589034228477814395e+03,-5.627021739328868080e+02,1.567904001060458370e+02,1.872471152974678077e+01,-5.572047447331703651e+00,0.000000000000000000e+00,5.585165533850192432e+00,4.728658067754500927e+00
1.590906699630789035e+03,-5.632593786776200204e+02,1.567904001060458370e+02,1.872471152974678077e+01,-5.572047447331703651e+00,0.000000000000000000e+00,5.585165533850192432e+00,4.728658067754500927e+00
1.592779170783763675e+03,-5.638165834223532329e+02,1.567904001060458370e+02,1.872471152974678077e+01,-5.572047447331703651e+00,0.000000000000000000e+00,5.585165533850192432e+00,4.728658067754500927e+00
1.594651641936738315e+03,-5.643737881670864454e+02,1.567904001060458370e+02,1.872471152974678077e+01,-5.572047447331703651e+00,0.000000000000000000e+00,5.585165533850192432e+00,4.728658067754500927e+00
1.596524113089712955e+03,-5.649309929118196578e+02,1.567904001060458370e+02,1.872471152974678077e+01,-5.572047447331703651e+00,0.000000000000000000e+00,5.585165533850192432e+00,4.728658067754500927e+00
1.598396584242687595e+03,-5.654881976565528703e+02,1.567904001060458370e+02,1.872471152974678077e+01,-5.572047447331703651e+00,0.000000000000000000e+00,5.585165533850192432e+00,4.728658067754500927e+00
1.600269055395662235e+03,-5.660454024012860827e+02,1.567904001060458370e+02,1.872471152974678077e+01,-5.572047447331703651e+00,0.000000000000000000e+00,5.585165533850192432e+00,4.728658067754500927e+00
1.602141526548636875e+03,-5.666026071460192952e+02,1.567904001060458370e+02,1.872471152974678077e+01,-5.572047447331703651e+00,0.000000000000000000e+00,5.585165533850192432e+00,4.728658067754500927e+00
1.604013997701611515e+03,-5.671598118907525077e+02,1.567904001060458370e+02,1.872471152974678077e+01,-5.572047447331703651e+00,0.000000000000000000e+00,5.585165533850192432e+00,4.728658067754500927e+00
1.605886468854586155e+03,-5.677170166354857201e+02,1.567904001060458370e+02,1.872471152974678077e+01,-5.572047447331703651e+00,0.000000000000000000e+00,5.585165533850192432e+00,4.728658067754500927e+00
1.607758940007560795e+03,-5.682742213802189326e+02,1.567904001060458370e+02,1.872471152974678077e+01,-5.572047447331703651e+00,0.000000000000000000e+00,5.585165533850192432e+00,4.728658067754500927e+00
1.609631411160535436e+03,-5.688314261249521451e+02,1.567904001060458370e+02,1.872471152974678077e+01,-5.572047447331703651e+00,0.000000000000000000e+00,5.585165533850192432e+00,4.728658067754500927e+00
1.611503882313510076e+03,-5.693886308696853575e+02,1.567904001060458370e+02,1.872471152974678077e+01,-5.572047447331703651e+00,0.000000000000000000e+00,5.585165533850192432e+00,4.728658067754500927e+00
1.613376353466484716e+03,-5.699458356144185700e+02,1.567904001060458370e+02,1.872471152974678077e+01,-5.572047447331703651e+00,0.000000000000000000e+00,5.585165533850192432e+00,4.728658067754500927e+00
1.615248824619459356e+03,-5.705030403591517825e+02,1.567904001060458370e+02,1.872471152974678077e+01,-5.572047447331703651e+00,0.000000000000000000e+00,5.585165533850192432e+00,4.728658067754500927e+00
1.617121295772433996e+03,-5.710602451038849949e+02,1.567904001060458370e+02,1.872471152974678077e+01,-5.572047447331703651e+00,0.000000000000000000e+00,5.585165533850192432e+00,4.728658067754500927e+00
1.618993766925408636e+03,-5.716174498486182074e+02,1.567904001060458370e+02,1.872471152974678077e+01,-5.572047447331703651e+00,0.000000000000000000e+00,5.585165533850192432e+00,4.728658067754500927e+00
1.620866238078383276e+03,-5.721746545933514199e+02,1.567904001060458370e+02,1.872471152974678077e+01,-5.572047447331703651e+00,0.000000000000000000e+00,5.585165533850192432e+00,4.728658067754500927e+00
1.622738709231357916e+03,-5.727318593380846323e+02,1.567904001060458370e+02,1.872471152974678077e+01,-5.572047447331703651e+00,0.000000000000000000e+00,5.585165533850192432e+00,4.728658067754500927e+00
1.624611180384332556e+03,-5.732890640828178448e+02,1.567904001060458370e+02,1.872471152974678077e+01,-5.572047447331703651e+00,0.000000000000000000e+00,5.585165533850192432e+00,4.728658067754500927e+00
1.626483651537307196e+03,-5.738462688275510573e+02,1.567904001060458370e+02,1.872471152974678077e+01,-5.572047447331703651e+00,0.000000000000000000e+00,5.585165533850192432e+00,4.728658067754500927e+00
1.628356122690281836e+03,-5.744034735722842697e+02,1.567904001060458370e+02,1.872471152974678077e+01,-5.572047447331703651e+00,0.000000000000000000e+00,5.585165533850192432e+00,4.728658067754500927e+00
1.630228593843256476e+03,-5.749606783170174822e+02,1.567904001060458370e+02,1.872471152974678077e+01,-5.572047447331703651e+00,0.000000000000000000e+00,5.585165533850192432e+00,4.728658067754500927e+00
1.632101064996231116e+03,-5.755178830617506947e+02,1.567904001060458370e+02,1.872471152974678077e+01,-5.572047447331703651e+00,0.000000000000000000e+00,5.585165533850192432e+00,4.728658067754500927e+00
1.633973536149205756e+03,-5.760750878064839071e+02,1.567904001060458370e+02,1.872471152974678077e+01,-5.572047447331703651e+00,0.000000000000000000e+00,5.585165533850192432e+00,4.728658067754500927e+00
1.635846007302180396e+03,-5.766322925512171196e+02,1.567904001060458370e+02,1.872471152974678077e+01,-5.572047447331703651e+00,0.000000000000000000e+00,5.585165533850192432e+00,4.728658067754500927e+00
1.637718478455155036e+03,-5.771894972959503320e+02,1.567904001060458370e+02,1.872471152974678077e+01,-5.572047447331703651e+00,0.000000000000000000e+00,5.585165533850192432e+00,4.728658067754500927e+00
1.639590949608129677e+03,-5.777467020406835445e+02,1.567904001060458370e+02,1.872471152974678077e+01,-5.572047447331703651e+00,0.000000000000000000e+00,5.585165533850192432e+00,4.728658067754500927e+00
1.641463420761104317e+03,-5.783039067854167570e+02,1.567904001060458370e+02,1.872471152974678077e+01,-5.572047447331703651e+00,0.000000000000000000e+00,5.585165533850192432e+00,4.728658067754500927e+00
1.643335891914078957e+03,-5.788611115301499694e+02,1.567904001060458370e+02,1.872471152974678077e+01,-5.572047447331703651e+00,0.000000000000000000e+00,5.585165533850192432e+00,4.728658067754500927e+00
1.645208363067053597e+03,-5.794183162748831819e+02,1.567904001060458370e+02,1.872471152974678077e+01,-5.572047447331703651e+00,0.000000000000000000e+00,5.585165533850192432e+00,4.728658067754500927e+00
1.647080834220028237e+03,-5.799755210196163944e+02,1.567904001060458370e+02,1.872471152974678077e+01,-5.572047447331703651e+00,0.000000000000000000e+00,5.585165533850192432e+00,4.728658067754500927e+00
1.648953305373002877e+03,-5.805327257643496068e+02,1.567904001060458370e+02,1.872471152974678077e+01,-5.572047447331703651e+00,0.000000000000000000e+00,5.585165533850192432e+00,4.728658067754500927e+00
1.650825776525977517e+03,-5.810899305090828193e+02,1.567904001060458370e+02,1.872471152974678077e+01,-5.572047447331703651e+00,0.000000000000000000e+00,5.585165533850192432e+00,4.728658067754500927e+00
1.652698247678952157e+03,-5.816471352538160318e+02,1.567904001060458370e+02,1.872471152974678077e+01,-5.572047447331703651e+00,0.000000000000000000e+00,5.585165533850192432e+00,4.728658067754500927e+00
1.654570718831926797e+03,-5.822043399985492442e+02,1.567904001060458370e+02,1.872471152974678077e+01,-5.572047447331703651e+00,0.000000000000000000e+00,5.585165533850192432e+00,4.728658067754500927e+00
1.656443189984901437e+03,-5.827615447432824567e+02,1.567904001060458370e+02,1.872471152974678077e+01,-5.572047447331703651e+00,0.000000000000000000e+00,5.585165533850192432e+00,4.728658067754500927e+00
1.658315661137876077e+03,-5.833187494880156692e+02,1.567904001060458370e+02,1.872471152974678077e+01,-5.572047447331703651e+00,0.000000000000000000e+00,5.585165533850192432e+00,4.728658067754500927e+00
1.660188132290850717e+03,-5.838759542327488816e+02,1.567904001060458370e+02,1.872471152974678077e+01,-5.572047447331703651e+00,0.000000000000000000e+00,5.585165533850192432e+00,4.728658067754500927e+00
1.662060603443825357e+03,-5.844331589774820941e+02,1.567904001060458370e+02,1.872471152974678077e+01,-5.572047447331703651e+00,0.000000000000000000e+00,5.585165533850192432e+00,4.728658067754500927e+00
1.663933074596799997e+03,-5.849903637222153066e+02,1.567904001060458370e+02,1.872471152974678077e+01,-5.572047447331703651e+00,0.000000000000000000e+00,5.585165533850192432e+00,4.728658067754500927e+00
1.665805545749774637e+03,-5.855475684669485190e+02,1.567904001060458370e+02,1.872471152974678077e+01,-5.572047447331703651e+00,0.000000000000000000e+00,5.585165533850192432e+00,4.728658067754500927e+00
1.667678016902749278e+03,-5.861047732116817315e+02,1.567904001060458370e+02,1.872471152974678077e+01,-5.572047447331703651e+00,0.000000000000000000e+00,5.585165533850192432e+00,4.728658067754500927e+00
1.669550488055723918e+03,-5.866619779564149439e+02,1.567904001060458370e+02,1.872471152974678077e+01,-5.572047447331703651e+00,0.000000000000000000e+00,5.585165533850192432e+00,4.728658067754500927e+00
1.671422959208698558e+03,-5.872191827011481564e+02,1.567904001060458370e+02,1.872471152974678077e+01,-5.572047447331703651e+00,0.000000000000000000e+00,5.585165533850192432e+00,4.728658067754500927e+00
1.673295430361673198e+03,-5.877763874458813689e+02,1.567904001060458370e+02,1.872471152974678077e+01,-5.572047447331703651e+00,0.000000000000000000e+00,5.585165533850192432e+00,4.728658067754500927e+00
1.675167901514647838e+03,-5.883335921906145813e+02,1.567904001060458370e+02,1.872471152974678077e+01,-5.572047447331703651e+00,0.000000000000000000e+00,5.585165533850192432e+00,4.728658067754500927e+00
1.677040372667622478e+03,-5.888907969353477938e+02,1.567904001060458370e+02,1.872471152974678077e+01,-5.572047447331703651e+00,0.000000000000000000e+00,5.585165533850192432e+00,4.728658067754500927e+00
1.678912843820597118e+03,-5.894480016800810063e+02,1.567904001060458370e+02,1.872471152974678077e+01,-5.572047447331703651e+00,0.000000000000000000e+00,5.585165533850192432e+00,4.728658067754500927e+00
1.680785314973571758e+03,-5.900052064248142187e+02,1.567904001060458370e+02,1.872471152974678077e+01,-5.572047447331703651e+00,0.000000000000000000e+00,5.585165533850192432e+00,4.728658067754500927e+00
1.682657786126546398e+03,-5.905624111695474312e+02,1.567904001060458370e+02,1.872471152974678077e+01,-5.572047447331703651e+00,0.000000000000000000e+00,5.585165533850192432e+00,4.728658067754500927e+00
1.684530257279521038e+03,-5.911196159142806437e+02,1.567904001060458370e+02,1.872471152974678077e+01,-5.572047447331703651e+00,0.000000000000000000e+00,5.585165533850192432e+00,4.728658067754500927e+00
1.686402728432495678e+03,-5.916768206590138561e+02,1.567904001060458370e+02,1.872471152974678077e+01,-5.572047447331703651e+00,0.000000000000000000e+00,5.585165533850192432e+00,4.728658067754500927e+00
1.688275199585470318e+03,-5.922340254037470686e+02,1.567904001060458370e+02,1.872471152974678077e+01,-5.572047447331703651e+00,0.000000000000000000e+00,5.585165533850192432e+00,4.728658067754500927e+00
1.690147670738444958e+03,-5.927912301484802811e+02,1.567904001060458370e+02,1.872471152974678077e+01,-5.572047447331703651e+00,0.000000000000000000e+00,5.585165533850192432e+00,4.728658067754500927e+00
1.692020141891419598e+03,-5.933484348932134935e+02,1.567904001060458370e+02,1.872471152974678077e+01,-5.572047447331703651e+00,0.000000000000000000e+00,5.585165533850192432e+00,4.728658067754500927e+00
1.693892613044394238e+03,-5.939056396379467060e+02,1.567904001060458370e+02,1.872471152974678077e+01,-5.572047447331703651e+00,0.000000000000000000e+00,5.585165533850192432e+00,4.728658067754500927e+00
1.695765084197368878e+03,-5.944628443826799185e+02,1.567904001060458370e+02,1.872471152974678077e+01,-5.572047447331703651e+00,0.000000000000000000e+00,5.585165533850192432e+00,4.728658067754500927e+00
1.697637555350343519e+03,-5.950200491274131309e+02,1.567904001060458370e+02,1.872471152974678077e+01,-5.572047447331703651e+00,0.000000000000000000e+00,5.585165533850192432e+00,4.728658067754500927e+00
1.699510026503318159e+03,-5.955772538721463434e+02,1.567904001060458370e+02,1.872471152974678077e+01,-5.572047447331703651e+00,0.000000000000000000e+00,5.585165533850192432e+00,4.728658067754500927e+00
1.701382497656292799e+03,-5.961344586168795558e+02,1.567904001060458370e+02,1.872471152974678077e+01,-5.572047447331703651e+00,0.000000000000000000e+00,5.585165533850192432e+00,4.728658067754500927e+00
1.703254968809267439e+03,-5.966916633616127683e+02,1.567904001060458370e+02,1.872471152974678077e+01,-5.572047447331703651e+00,0.000000000000000000e+00,5.585165533850192432e+00,4.728658067754500927e+00
1.705127439962242079e+03,-5.972488681063459808e+02,1.567904001060458370e+02,1.872471152974678077e+01,-5.572047447331703651e+00,0.000000000000000000e+00,5.585165533850192432e+00,4.728658067754500927e+00
1.706999911115216719e+03,-5.978060728510791932e+02,1.567904001060458370e+02,1.872471152974678077e+01,-5.572047447331703651e+00,0.000000000000000000e+00,5.585165533850192432e+00,4.728658067754500927e+00
1.708872382268191359e+03,-5.983632775958124057e+02,1.567904001060458370e+02,1.872471152974678077e+01,-5.572047447331703651e+00,0.000000000000000000e+00,5.585165533850192432e+00,4.728658067754500927e+00
1.710744853421165999e+03,-5.989204823405456182e+02,1.567904001060458370e+02,1.872471152974678077e+01,-5.572047447331703651e+00,0.000000000000000000e+00,5.585165533850192432e+00,4.728658067754500927e+00
1.712617324574140639e+03,-5.994776870852788306e+02,1.567904001060458370e+02,1.872471152974678077e+01,-5.572047447331703651e+00,0.000000000000000000e+00,5.585165533850192432e+00,4.728658067754500927e+00
1.714489795727115279e+03,-6.000348918300120431e+02,1.567904001060458370e+02,1.872471152974678077e+01,-5.572047447331703651e+00,0.000000000000000000e+00,5.585165533850192432e+00,4.728658067754500927e+00
1.716362266880089919e+03,-6.005920965747452556e+02,1.567904001060458370e+02,1.872471152974678077e+01,-5.572047447331703651e+00,0.000000000000000000e+00,5.585165533850192432e+00,4.728658067754500927e+00
1.718234738033064559e+03,-6.011493013194784680e+02,1.567904001060458370e+02,1.872471152974678077e+01,-5.572047447331703651e+00,0.000000000000000000e+00,5.585165533850192432e+00,4.728658067754500927e+00
1.720107209186039199e+03,-6.017065060642116805e+02,1.567904001060458370e+02,1.872471152974678077e+01,-5.572047447331703651e+00,0.000000000000000000e+00,5.585165533850192432e+00,4.728658067754500927e+00
1.721979680339013839e+03,-6.022637108089448930e+02,1.567904001060458370e+02,1.872471152974678077e+01,-5.572047447331703651e+00,0.000000000000000000e+00,5.585165533850192432e+00,4.728658067754500927e+00
1.723852151491988479e+03,-6.028209155536781054e+02,1.567904001060458370e+02,1.872471152974678077e+01,-5.572047447331703651e+00,0.000000000000000000e+00,5.585165533850192432e+00,4.728658067754500927e+00
1.725724622644963119e+03,-6.033781202984113179e+02,1.567904001060458370e+02,1.872471152974678077e+01,-5.572047447331703651e+00,0.000000000000000000e+00,5.585165533850192432e+00,4.728658067754500927e+00
1.727597093797937760e+03,-6.039353250431445304e+02,1.567904001060458370e+02,1.872471152974678077e+01,-5.572047447331703651e+00,0.000000000000000000e+00,5.585165533850192432e+00,4.728658067754500927e+00
1.729469564950912400e+03,-6.044925297878777428e+02,1.567904001060458370e+02,1.872471152974678077e+01,-5.572047447331703651e+00,0.000000000000000000e+00,5.585165533850192432e+00,4.728658067754500927e+00
1.731342036103887040e+03,-6.050497345326109553e+02,1.567904001060458370e+02,1.872471152974678077e+01,-5.572047447331703651e+00,0.000000000000000000e+00,5.585165533850192432e+00,4.728658067754500927e+00
1.733214507256861680e+03,-6.056069392773441677e+02,1.567904001060458370e+02,1.872471152974678077e+01,-5.572047447331703651e+00,0.000000000000000000e+00,5.585165533850192432e+00,4.728658067754500927e+00
1.735086978409836320e+03,-6.061641440220773802e+02,1.567904001060458370e+02,1.872471152974678077e+01,-5.572047447331703651e+00,0.000000000000000000e+00,5.585165533850192432e+00,4.728658067754500927e+00
1.736959449562810960e+03,-6.067213487668105927e+02,1.567904001060458370e+02,1.872471152974678077e+01,-5.572047447331703651e+00,0.000000000000000000e+00,5.585165533850192432e+00,4.728658067754500927e+00
1.738831920715785600e+03,-6.072785535115438051e+02,1.567904001060458370e+02,1.872471152974678077e+01,-5.572047447331703651e+00,0.000000000000000000e+00,5.585165533850192432e+00,4.728658067754500927e+00
1.740704391868760240e+03,-6.078357582562770176e+02,1.567904001060458370e+02,1.872471152974678077e+01,-5.572047447331703651e+00,0.000000000000000000e+00,5.585165533850192432e+00,4.728658067754500927e+00
1.742576863021734880e+03,-6.083929630010102301e+02,1.567904001060458370e+02,1.872471152974678077e+01,-5.572047447331703651e+00,0.000000000000000000e+00,5.585165533850192432e+00,4.728658067754500927e+00
1.744449334174709520e+03,-6.089501677457434425e+02,1.567904001060458370e+02,1.872471152974678077e+01,-5.572047447331703651e+00,0.000000000000000000e+00,5.585165533850192432e+00,4.728658067754500927e+00
1.746321805327684160e+03,-6.095073724904766550e+02,1.567904001060458370e+02,1.872471152974678077e+01,-5.572047447331703651e+00,0.000000000000000000e+00,5.585165533850192432e+00,4.728658067754500927e+00
1.748194276480658800e+03,-6.100645772352098675e+02,1.567904001060458370e+02,1.872471152974678077e+01,-5.572047447331703651e+00,0.000000000000000000e+00,5.585165533850192432e+00,4.728658067754500927e+00
1.750066747633633440e+03,-6.106217819799430799e+02,1.567904001060458370e+02,1.872471152974678077e+01,-5.572047447331703651e+00,0.000000000000000000e+00,5.585165533850192432e+00,4.728658067754500927e+00
1.751939218786608080e+03,-6.111789867246762924e+02,1.567904001060458370e+02,1.872471152974678077e+01,-5.572047447331703651e+00,0.000000000000000000e+00,5.585165533850192432e+00,4.728658067754500927e+00
1.753811689939582720e+03,-6.117361914694095049e+02,1.567904001060458370e+02,1.872471152974678077e+01,-5.572047447331703651e+00,0.000000000000000000e+00,5.585165533850192432e+00,4.728658067754500927e+00
1.755684161092557360e+03,-6.122933962141427173e+02,1.567904001060458370e+02,1.872471152974678077e+01,-5.572047447331703651e+00,0.000000000000000000e+00,5.585165533850192432e+00,4.728658067754500927e+00
1.757556632245532001e+03,-6.128506009588759298e+02,1.567904001060458370e+02,1.872471152974678077e+01,-5.572047447331703651e+00,0.000000000000000000e+00,5.585165533850192432e+00,4.728658067754500927e+00
1.759429103398506641e+03,-6.134078057036091423e+02,1.567904001060458370e+02,1.872471152974678077e+01,-5.572047447331703651e+00,0.000000000000000000e+00,5.585165533850192432e+00,4.728658067754500927e+00
1.761301574551481281e+03,-6.139650104483423547e+02,1.567904001060458370e+02,1.872471152974678077e+01,-5.572047447331703651e+00,0.000000000000000000e+00,5.585165533850192432e+00,4.728658067754500927e+00
1.763174045704455921e+03,-6.145222151930755672e+02,1.567904001060458370e+02,1.872471152974678077e+01,-5.572047447331703651e+00,0.000000000000000000e+00,5.585165533850192432e+00,4.728658067754500927e+00
1.765046516857430561e+03,-6.150794199378087797e+02,1.567904001060458370e+02,1.872471152974678077e+01,-5.572047447331703651e+00,0.000000000000000000e+00,5.585165533850192432e+00,4.728658067754500927e+00
1.766918988010405201e+03,-6.156366246825419921e+02,1.567904001060458370e+02,1.872471152974678077e+01,-5.572047447331703651e+00,0.000000000000000000e+00,5.585165533850192432e+00,4.728658067754500927e+00
1.768791459163379841e+03,-6.161938294272752046e+02,1.567904001060458370e+02,1.872471152974678077e+01,-5.572047447331703651e+00,0.000000000000000000e+00,5.585165533850192432e+00,4.728658067754500927e+00
1.770663930316354481e+03,-6.167510341720084170e+02,1.567904001060458370e+02,1.872471152974678077e+01,-5.572047447331703651e+00,0.000000000000000000e+00,5.585165533850192432e+00,4.728658067754500927e+00
1.772536401469329121e+03,-6.173082389167416295e+02,1.567904001060458370e+02,1.872471152974678077e+01,-5.572047447331703651e+00,0.000000000000000000e+00,5.585165533850192432e+00,4.728658067754500927e+00
1.774408872622303761e+03,-6.178654436614748420e+02,1.567904001060458370e+02,1.872471152974678077e+01,-5.572047447331703651e+00,0.000000000000000000e+00,5.585165533850192432e+00,4.728658067754500927e+00
1.776281343775278401e+03,-6.184226484062080544e+02,1.567904001060458370e+02,1.872471152974678077e+01,-5.572047447331703651e+00,0.000000000000000000e+00,5.585165533850192432e+00,4.728658067754500927e+00
1.778153814928253041e+03,-6.189798531509412669e+02,1.567904001060458370e+02,1.872471152974678077e+01,-5.572047447331703651e+00,0.000000000000000000e+00,5.585165533850192432e+00,4.728658067754500927e+00
1.780026286081227681e+03,-6.195370578956744794e+02,1.567904001060458370e+02,1.872471152974678077e+01,-5.572047447331703651e+00,0.000000000000000000e+00,5.585165533850192432e+00,4.728658067754500927e+00
1.781898757234202321e+03,-6.200942626404076918e+02,1.567904001060458370e+02,1.872471152974678077e+01,-5.572047447331703651e+00,0.000000000000000000e+00,5.585165533850192432e+00,4.728658067754500927e+00
1.783771228387176961e+03,-6.206514673851409043e+02,1.567904001060458370e+02,1.872471152974678077e+01,-5.572047447331703651e+00,0.000000000000000000e+00,5.585165533850192432e+00,4.728658067754500927e+00
1.785643699540151601e+03,-6.212086721298741168e+02,1.567904001060458370e+02,1.872471152974678077e+01,-5.572047447331703651e+00,0.000000000000000000e+00,5.585165533850192432e+00,4.728658067754500927e+00
1.787516170693126242e+03,-6.217658768746073292e+02,1.567904001060458370e+02,1.872471152974678077e+01,-5.572047447331703651e+00,0.000000000000000000e+00,5.585165533850192432e+00,4.728658067754500927e+00
1.789388641846100882e+03,-6.223230816193405417e+02,1.567904001060458370e+02,1.872471152974678077e+01,-5.572047447331703651e+00,0.000000000000000000e+00,5.585165533850192432e+00,4.728658067754500927e+00
1.791261112999075522e+03,-6.228802863640737542e+02,1.567904001060458370e+02,1.872471152974678077e+01,-5.572047447331703651e+00,0.000000000000000000e+00,5.585165533850192432e+00,4.728658067754500927e+00
1.793133584152050162e+03,-6.234374911088069666e+02,1.567904001060458370e+02,1.872471152974678077e+01,-5.572047447331703651e+00,0.000000000000000000e+00,5.585165533850192432e+00,4.728658067754500927e+00
1.795006055305024802e+03,-6.239946958535401791e+02,1.567904001060458370e+02,1.872471152974678077e+01,-5.572047447331703651e+00,0.000000000000000000e+00,5.585165533850192432e+00,4.728658067754500927e+00
1.796878526457999442e+03,-6.245519005982733916e+02,1.567904001060458370e+02,1.872471152974678077e+01,-5.572047447331703651e+00,0.000000000000000000e+00,5.585165533850192432e+00,4.728658067754500927e+00
1.798750997610974082e+03,-6.251091053430066040e+02,1.567904001060458370e+02,1.872471152974678077e+01,-5.572047447331703651e+00,0.000000000000000000e+00,5.585165533850192432e+00,4.728658067754500927e+00
1.800623468763948722e+03,-6.256663100877398165e+02,1.567904001060458370e+02,1.872471152974678077e+01,-5.572047447331703651e+00,0.000000000000000000e+00,5.585165533850192432e+00,4.728658067754500927e+00
1.802495939916923362e+03,-6.262235148324730289e+02,1.567904001060458370e+02,1.872471152974678077e+01,-5.572047447331703651e+00,0.000000000000000000e+00,5.585165533850192432e+00,4.728658067754500927e+00
1.804368411069898002e+03,-6.267807195772062414e+02,1.567904001060458370e+02,1.872471152974678077e+01,-5.572047447331703651e+00,0.000000000000000000e+00,5.585165533850192432e+00,4.728658067754500927e+00
1.806240882222872642e+03,-6.273379243219394539e+02,1.567904001060458370e+02,1.872471152974678077e+01,-5.572047447331703651e+00,0.000000000000000000e+00,5.585165533850192432e+00,4.728658067754500927e+00
1.808113353375847282e+03,-6.278951290666726663e+02,1.567904001060458370e+02,1.872471152974678077e+01,-5.572047447331703651e+00,0.000000000000000000e+00,5.585165533850192432e+00,4.728658067754500927e+00
1.809985824528821922e+03,-6.284523338114058788e+02,1.567904001060458370e+02,1.872471152974678077e+01,-5.572047447331703651e+00,0.000000000000000000e+00,5.585165533850192432e+00,4.728658067754500927e+00
1.811858295681796562e+03,-6.290095385561390913e+02,1.567904001060458370e+02,1.872471152974678077e+01,-5.572047447331703651e+00,0.000000000000000000e+00,5.585165533850192432e+00,4.728658067754500927e+00
1.813730766834771202e+03,-6.295667433008723037e+02,1.567904001060458370e+02,1.872471152974678077e+01,-5.572047447331703651e+00,0.000000000000000000e+00,5.585165533850192432e+00,4.728658067754500927e+00
1.815603237987745842e+03,-6.301239480456055162e+02,1.567904001060458370e+02,1.872471152974678077e+01,-5.572047447331703651e+00,0.000000000000000000e+00,5.585165533850192432e+00,4.728658067754500927e+00
1.817475709140720483e+03,-6.306811527903387287e+02,1.567904001060458370e+02,1.872471152974678077e+01,-5.572047447331703651e+00,0.000000000000000000e+00,5.585165533850192432e+00,4.728658067754500927e+00
1.819348180293695123e+03,-6.312383575350719411e+02,1.567904001060458370e+02,1.872471152974678077e+01,-5.572047447331703651e+00,0.000000000000000000e+00,5.585165533850192432e+00,4.728658067754500927e+00
1.821220651446669763e+03,-6.317955622798051536e+02,1.567904001060458370e+02,1.872471152974678077e+01,-5.572047447331703651e+00,0.000000000000000000e+00,5.585165533850192432e+00,4.728658067754500927e+00
1.823093122599644403e+03,-6.323527670245383661e+02,1.567904001060458370e+02,1.872471152974678077e+01,-5.572047447331703651e+00,0.000000000000000000e+00,5.585165533850192432e+00,4.728658067754500927e+00
1.824965593752619043e+03,-6.329099717692715785e+02,1.567904001060458370e+02,1.872471152974678077e+01,-5.572047447331703651e+00,0.000000000000000000e+00,5.585165533850192432e+00,4.728658067754500927e+00
1.826838064905593683e+03,-6.334671765140047910e+02,1.567904001060458370e+02,1.872471152974678077e+01,-5.572047447331703651e+00,0.000000000000000000e+00,5.585165533850192432e+00,4.728658067754500927e+00
1.828710536058568323e+03,-6.340243812587380035e+02,1.567904001060458370e+02,1.872471152974678077e+01,-5.572047447331703651e+00,0.000000000000000000e+00,5.585165533850192432e+00,4.728658067754500927e+00
1.830583007211542963e+03,-6.345815860034712159e+02,1.567904001060458370e+02,1.872471152974678077e+01,-5.572047447331703651e+00,0.000000000000000000e+00,5.585165533850192432e+00,4.728658067754500927e+00
1.832455478364517603e+03,-6.351387907482044284e+02,1.567904001060458370e+02,1.872471152974678077e+01,-5.572047447331703651e+00,0.000000000000000000e+00,5.585165533850192432e+00,4.728658067754500927e+00
1.834327949517492243e+03,-6.356959954929376408e+02,1.567904001060458370e+02,1.872471152974678077e+01,-5.572047447331703651e+00,0.000000000000000000e+00,5.585165533850192432e+00,4.728658067754500927e+00
1.836200420670466883e+03,-6.362532002376708533e+02,1.567904001060458370e+02,1.872471152974678077e+01,-5.572047447331703651e+00,0.000000000000000000e+00,5.585165533850192432e+00,4.728658067754500927e+00
1.838072891823441523e+03,-6.368104049824040658e+02,1.567904001060458370e+02,1.872471152974678077e+01,-5.572047447331703651e+00,0.000000000000000000e+00,5.585165533850192432e+00,4.728658067754500927e+00
1.839945362976416163e+03,-6.373676097271372782e+02,1.567904001060458370e+02,1.872471152974678077e+01,-5.572047447331703651e+00,0.000000000000000000e+00,5.585165533850192432e+00,4.728658067754500927e+00
1.841817834129390803e+03,-6.379248144718704907e+02,1.567904001060458370e+02,1.872471152974678077e+01,-5.572047447331703651e+00,0.000000000000000000e+00,5.585165533850192432e+00,4.728658067754500927e+00
1.843690305282365443e+03,-6.384820192166037032e+02,1.567904001060458370e+02,1.872471152974678077e+01,-5.572047447331703651e+00,0.000000000000000000e+00,5.585165533850192432e+00,4.728658067754500927e+00
1.845562776435340083e+03,-6.390392239613369156e+02,1.567904001060458370e+02,1.872471152974678077e+01,-5.572047447331703651e+00,0.000000000000000000e+00,5.585165533850192432e+00,4.728658067754500927e+00
1.847435247588314724e+03,-6.395964287060701281e+02,1.567904001060458370e+02,1.872471152974678077e+01,-5.572047447331703651e+00,0.000000000000000000e+00,5.585165533850192432e+00,4.728658067754500927e+00
1.849307718741289364e+03,-6.401536334508033406e+02,1.567904001060458370e+02,1.872471152974678077e+01,-5.572047447331703651e+00,0.000000000000000000e+00,5.585165533850192432e+00,4.728658067754500927e+00
1.851180189894264004e+03,-6.407108381955365530e+02,1.567904001060458370e+02,1.872471152974678077e+01,-5.572047447331703651e+00,0.000000000000000000e+00,5.585165533850192432e+00,4.728658067754500927e+00
1.853052661047238644e+03,-6.412680429402697655e+02,1.567904001060458370e+02,1.872471152974678077e+01,-5.572047447331703651e+00,0.000000000000000000e+00,5.585165533850192432e+00,4.728658067754500927e+00
1.854925132200213284e+03,-6.418252476850029780e+02,1.567904001060458370e+02,1.872471152974678077e+01,-5.572047447331703651e+00,0.000000000000000000e+00,5.585165533850192432e+00,4.728658067754500927e+00
1.856797603353187924e+03,-6.423824524297361904e+02,1.567904001060458370e+02,1.872471152974678077e+01,-5.572047447331703651e+00,0.000000000000000000e+00,5.585165533850192432e+00,4.728658067754500927e+00
1.858670074506162564e+03,-6.429396571744694029e+02,1.567904001060458370e+02,1.872471152974678077e+01,-5.572047447331703651e+00,0.000000000000000000e+00,5.585165533850192432e+00,4.728658067754500927e+00
1.860542545659137204e+03,-6.434968619192026154e+02,1.567904001060458370e+02,1.872471152974678077e+01,-5.572047447331703651e+00,0.000000000000000000e+00,5.585165533850192432e+00,4.728658067754500927e+00
1.862415016812111844e+03,-6.440540666639358278e+02,1.567904001060458370e+02,1.872471152974678077e+01,-5.572047447331703651e+00,0.000000000000000000e+00,5.585165533850192432e+00,4.728658067754500927e+00
1.864287487965086484e+03,-6.446112714086690403e+02,1.567904001060458370e+02,1.872471152974678077e+01,-5.572047447331703651e+00,0.000000000000000000e+00,5.585165533850192432e+00,4.728658067754500927e+00
1.866159959118061124e+03,-6.451684761534022527e+02,1.567904001060458370e+02,1.872471152974678077e+01,-5.572047447331703651e+00,0.000000000000000000e+00,5.585165533850192432e+00,4.728658067754500927e+00
1.868032430271035764e+03,-6.457256808981354652e+02,1.567904001060458370e+02,1.872471152974678077e+01,-5.572047447331703651e+00,0.000000000000000000e+00,5.585165533850192432e+00,4.728658067754500927e+00
1.869904901424010404e+03,-6.462828856428686777e+02,1.567904001060458370e+02,1.872471152974678077e+01,-5.572047447331703651e+00,0.000000000000000000e+00,5.585165533850192432e+00,4.728658067754500927e+00
1.871777372576985044e+03,-6.468400903876018901e+02,1.567904001060458370e+02,1.872471152974678077e+01,-5.572047447331703651e+00,0.000000000000000000e+00,5.585165533850192432e+00,4.728658067754500927e+00
1.873649843729959684e+03,-6.473972951323351026e+02,1.567904001060458370e+02,1.872471152974678077e+01,-5.572047447331703651e+00,0.000000000000000000e+00,5.585165533850192432e+00,4.728658067754500927e+00
1.875522314882934324e+03,-6.479544998770683151e+02,1.567904001060458370e+02,1.872471152974678077e+01,-5.572047447331703651e+00,0.000000000000000000e+00,5.585165533850192432e+00,4.728658067754500927e+00
1.877394786035908965e+03,-6.485117046218015275e+02,1.567904001060458370e+02,1.872471152974678077e+01,-5.572047447331703651e+00,0.000000000000000000e+00,5.585165533850192432e+00,4.728658067754500927e+00
1.879267257188883605e+03,-6.490689093665347400e+02,1.567904001060458370e+02,1.872471152974678077e+01,-5.572047447331703651e+00,0.000000000000000000e+00,5.585165533850192432e+00,4.728658067754500927e+00
1.881139728341858245e+03,-6.496261141112679525e+02,1.567904001060458370e+02,1.872471152974678077e+01,-5.572047447331703651e+00,0.000000000000000000e+00,5.585165533850192432e+00,4.728658067754500927e+00
1.883012199494832885e+03,-6.501833188560011649e+02,1.567904001060458370e+02,1.872471152974678077e+01,-5.572047447331703651e+00,0.000000000000000000e+00,5.585165533850192432e+00,4.728658067754500927e+00
1.884884670647807525e+03,-6.507405236007343774e+02,1.567904001060458370e+02,1.872471152974678077e+01,-5.572047447331703651e+00,0.000000000000000000e+00,5.585165533850192432e+00,4.728658067754500927e+00
1.886757141800782165e+03,-6.512977283454675899e+02,1.567904001060458370e+02,1.872471152974678077e+01,-5.572047447331703651e+00,0.000000000000000000e+00,5.585165533850192432e+00,4.728658067754500927e+00
1.888629612953756805e+03,-6.518549330902008023e+02,1.567904001060458370e+02,1.872471152974678077e+01,-5.572047447331703651e+00,0.000000000000000000e+00,5.585165533850192432e+00,4.728658067754500927e+00
1.890502084106731445e+03,-6.524121378349340148e+02,1.567904001060458370e+02,1.872471152974678077e+01,-5.572047447331703651e+00,0.000000000000000000e+00,5.585165533850192432e+00,4.728658067754500927e+00
1.892374555259706085e+03,-6.529693425796672273e+02,1.567904001060458370e+02,1.872471152974678077e+01,-5.572047447331703651e+00,0.000000000000000000e+00,5.585165533850192432e+00,4.728658067754500927e+00
1.894247026412680725e+03,-6.535265473244004397e+02,1.567904001060458370e+02,1.872471152974678077e+01,-5.572047447331703651e+00,0.000000000000000000e+00,5.585165533850192432e+00,4.728658067754500927e+00
1.896119497565655365e+03,-6.540837520691336522e+02,1.567904001060458370e+02,1.872471152974678077e+01,-5.572047447331703651e+00,0.000000000000000000e+00,5.585165533850192432e+00,4.728658067754500927e+00
1.897991968718630005e+03,-6.546409568138668646e+02,1.567904001060458370e+02,1.872471152974678077e+01,-5.572047447331703651e+00,0.000000000000000000e+00,5.585165533850192432e+00,4.728658067754500927e+00
1.899864439871604645e+03,-6.551981615586000771e+02,1.567904001060458370e+02,1.872471152974678077e+01,-5.572047447331703651e+00,0.000000000000000000e+00,5.585165533850192432e+00,4.728658067754500927e+00
1.901736911024579285e+03,-6.557553663033332896e+02,1.567904001060458370e+02,1.872471152974678077e+01,-5.572047447331703651e+00,0.000000000000000000e+00,5.585165533850192432e+00,4.728658067754500927e+00
1.903609382177553925e+03,-6.563125710480665020e+02,1.567904001060458370e+02,1.872471152974678077e+01,-5.572047447331703651e+00,0.000000000000000000e+00,5.585165533850192432e+00,4.728658067754500927e+00
1.905481853330528565e+03,-6.568697757927997145e+02,1.567904001060458370e+02,1.872471152974678077e+01,-5.572047447331703651e+00,0.000000000000000000e+00,5.585165533850192432e+00,4.728658067754500927e+00
1.907354324483503206e+03,-6.574269805375329270e+02,1.567904001060458370e+02,1.872471152974678077e+01,-5.572047447331703651e+00,0.000000000000000000e+00,5.585165533850192432e+00,4.728658067754500927e+00
1.909226795636477846e+03,-6.579841852822661394e+02,1.567904001060458370e+02,1.872471152974678077e+01,-5.572047447331703651e+00,0.000000000000000000e+00,5.585165533850192432e+00,4.728658067754500927e+00
1.911099266789452486e+03,-6.585413900269993519e+02,1.567904001060458370e+02,1.872471152974678077e+01,-5.572047447331703651e+00,0.000000000000000000e+00,5.585165533850192432e+00,4.728658067754500927e+00
1.912971737942427126e+03,-6.590985947717325644e+02,1.567904001060458370e+02,1.872471152974678077e+01,-5.572047447331703651e+00,0.000000000000000000e+00,5.585165533850192432e+00,4.728658067754500927e+00
1.914844209095401766e+03,-6.596557995164657768e+02,1.567904001060458370e+02,1.872471152974678077e+01,-5.572047447331703651e+00,0.000000000000000000e+00,5.585165533850192432e+00,4.728658067754500927e+00
1.916716680248376406e+03,-6.602130042611989893e+02,1.567904001060458370e+02,1.872471152974678077e+01,-5.572047447331703651e+00,0.000000000000000000e+00,5.585165533850192432e+00,4.728658067754500927e+00
1.918589151401351046e+03,-6.607702090059322018e+02,1.567904001060458370e+02,1.872471152974678077e+01,-5.572047447331703651e+00,0.000000000000000000e+00,5.585165533850192432e+00,4.728658067754500927e+00
1.920461622554325686e+03,-6.613274137506654142e+02,1.567904001060458370e+02,1.872471152974678077e+01,-5.572047447331703651e+00,0.000000000000000000e+00,5.585165533850192432e+00,4.728658067754500927e+00
1.922334093707300326e+03,-6.618846184953986267e+02,1.567904001060458370e+02,1.872471152974678077e+01,-5.572047447331703651e+00,0.000000000000000000e+00,5.585165533850192432e+00,4.728658067754500927e+00
1.924206564860274966e+03,-6.624418232401318392e+02,1.567904001060458370e+02,1.872471152974678077e+01,-5.572047447331703651e+00,0.000000000000000000e+00,5.585165533850192432e+00,4.728658067754500927e+00
1.926079036013249606e+03,-6.629990279848650516e+02,1.567904001060458370e+02,1.872471152974678077e+01,-5.572047447331703651e+00,0.000000000000000000e+00,5.585165533850192432e+00,4.728658067754500927e+00
1.927951507166224246e+03,-6.635562327295982641e+02,1.567904001060458370e+02,1.872471152974678077e+01,-5.572047447331703651e+00,0.000000000000000000e+00,5.585165533850192432e+00,4.728658067754500927e+00
1.929823978319198886e+03,-6.641134374743314766e+02,1.567904001060458370e+02,1.872471152974678077e+01,-5.572047447331703651e+00,0.000000000000000000e+00,5.585165533850192432e+00,4.728658067754500927e+00
1.931696449472173526e+03,-6.646706422190646890e+02,1.567904001060458370e+02,1.872471152974678077e+01,-5.572047447331703651e+00,0.000000000000000000e+00,5.585165533850192432e+00,4.728658067754500927e+00
1.933568920625148166e+03,-6.652278469637979015e+02,1.567904001060458370e+02,1.872471152974678077e+01,-5.572047447331703651e+00,0.000000000000000000e+00,5.585165533850192432e+00,4.728658067754500927e+00
1.935441391778122806e+03,-6.657850517085311139e+02,1.567904001060458370e+02,1.872471152974678077e+01,-5.572047447331703651e+00,0.000000000000000000e+00,5.585165533850192432e+00,4.728658067754500927e+00
1.937313862931097447e+03,-6.663422564532643264e+02,1.567904001060458370e+02,1.872471152974678077e+01,-5.572047447331703651e+00,0.000000000000000000e+00,5.585165533850192432e+00,4.728658067754500927e+00
1.939186334084072087e+03,-6.668994611979975389e+02,1.567904001060458370e+02,1.872471152974678077e+01,-5.572047447331703651e+00,0.000000000000000000e+00,5.585165533850192432e+00,4.728658067754500927e+00
1.941058805237046727e+03,-6.674566659427307513e+02,1.567904001060458370e+02,1.872471152974678077e+01,-5.572047447331703651e+00,0.000000000000000000e+00,5.585165533850192432e+00,4.728658067754500927e+00
1.942931276390021367e+03,-6.680138706874639638e+02,1.567904001060458370e+02,1.872471152974678077e+01,-5.572047447331703651e+00,0.000000000000000000e+00,5.585165533850192432e+00,4.728658067754500927e+00
1.944803747542996007e+03,-6.685710754321971763e+02,1.567904001060458370e+02,1.872471152974678077e+01,-5.572047447331703651e+00,0.000000000000000000e+00,5.585165533850192432e+00,4.728658067754500927e+00
1.946676218695970647e+03,-6.691282801769303887e+02,1.567904001060458370e+02,1.872471152974678077e+01,-5.572047447331703651e+00,0.000000000000000000e+00,5.585165533850192432e+00,4.728658067754500927e+00
1.948548689848945287e+03,-6.696854849216636012e+02,1.567904001060458370e+02,1.872471152974678077e+01,-5.572047447331703651e+00,0.000000000000000000e+00,5.585165533850192432e+00,4.728658067754500927e+00
1.950421161001919927e+03,-6.702426896663968137e+02,1.567904001060458370e+02,1.872471152974678077e+01,-5.572047447331703651e+00,0.000000000000000000e+00,5.585165533850192432e+00,4.728658067754500927e+00
1.952293632154894567e+03,-6.707998944111300261e+02,1.567904001060458370e+02,1.872471152974678077e+01,-5.572047447331703651e+00,0.000000000000000000e+00,5.585165533850192432e+00,4.728658067754500927e+00
1.954166103307869207e+03,-6.713570991558632386e+02,1.567904001060458370e+02,1.872471152974678077e+01,-5.572047447331703651e+00,0.000000000000000000e+00,5.585165533850192432e+00,4.728658067754500927e+00
1.956038574460843847e+03,-6.719143039005964511e+02,1.567904001060458370e+02,1.872471152974678077e+01,-5.572047447331703651e+00,0.000000000000000000e+00,5.585165533850192432e+00,4.728658067754500927e+00
1.957911045613818487e+03,-6.724715086453296635e+02,1.567904001060458370e+02,1.872471152974678077e+01,-5.572047447331703651e+00,0.000000000000000000e+00,5.585165533850192432e+00,4.728658067754500927e+00
1.959783516766793127e+03,-6.730287133900628760e+02,1.567904001060458370e+02,1.872471152974678077e+01,-5.572047447331703651e+00,0.000000000000000000e+00,5.585165533850192432e+00,4.728658067754500927e+00
1.961655987919767767e+03,-6.735859181347960885e+02,1.567904001060458370e+02,1.872471152974678077e+01,-5.572047447331703651e+00,0.000000000000000000e+00,5.585165533850192432e+00,4.728658067754500927e+00
1.963528459072742407e+03,-6.741431228795293009e+02,1.567904001060458370e+02,1.872471152974678077e+01,-5.572047447331703651e+00,0.000000000000000000e+00,5.585165533850192432e+00,4.728658067754500927e+00
1.965400930225717048e+03,-6.747003276242625134e+02,1.567904001060458370e+02,1.872471152974678077e+01,-5.572047447331703651e+00,0.000000000000000000e+00,5.585165533850192432e+00,4.728658067754500927e+00
1.967273401378691688e+03,-6.752575323689957258e+02,1.567904001060458370e+02,1.872471152974678077e+01,-5.572047447331703651e+00,0.000000000000000000e+00,5.585165533850192432e+00,4.728658067754500927e+00
1.969145872531666328e+03,-6.758147371137289383e+02,1.567904001060458370e+02,1.872471152974678077e+01,-5.572047447331703651e+00,0.000000000000000000e+00,5.585165533850192432e+00,4.728658067754500927e+00
1.971018343684640968e+03,-6.763719418584621508e+02,1.567904001060458370e+02,1.872471152974678077e+01,-5.572047447331703651e+00,0.000000000000000000e+00,5.585165533850192432e+00,4.728658067754500927e+00
1.972890814837615608e+03,-6.769291466031953632e+02,1.567904001060458370e+02,1.872471152974678077e+01,-5.572047447331703651e+00,0.000000000000000000e+00,5.585165533850192432e+00,4.728658067754500927e+00
1.974763285990590248e+03,-6.774863513479285757e+02,1.567904001060458370e+02,1.872471152974678077e+01,-5.572047447331703651e+00,0.000000000000000000e+00,5.585165533850192432e+00,4.728658067754500927e+00
1.976635757143564888e+03,-6.780435560926617882e+02,1.567904001060458370e+02,1.872471152974678077e+01,-5.572047447331703651e+00,0.000000000000000000e+00,5.585165533850192432e+00,4.728658067754500927e+00
1.978508228296539528e+03,-6.786007608373950006e+02,1.567904001060458370e+02,1.872471152974678077e+01,-5.572047447331703651e+00,0.000000000000000000e+00,5.585165533850192432e+00,4.728658067754500927e+00
1.980380699449514168e+03,-6.791579655821282131e+02,1.567904001060458370e+02,1.872471152974678077e+01,-5.572047447331703651e+00,0.000000000000000000e+00,5.585165533850192432e+00,4.728658067754500927e+00
1.982253170602488808e+03,-6.797151703268614256e+02,1.567904001060458370e+02,1.872471152974678077e+01,-5.572047447331703651e+00,0.000000000000000000e+00,5.585165533850192432e+00,4.728658067754500927e+00
1.984125641755463448e+03,-6.802723750715946380e+02,1.567904001060458370e+02,1.872471152974678077e+01,-5.572047447331703651e+00,0.000000000000000000e+00,5.585165533850192432e+00,4.728658067754500927e+00
1.985998112908438088e+03,-6.808295798163278505e+02,1.567904001060458370e+02,1.872471152974678077e+01,-5.572047447331703651e+00,0.000000000000000000e+00,5.585165533850192432e+00,4.728658067754500927e+00
1.987870584061412728e+03,-6.813867845610610630e+02,1.567904001060458370e+02,1.872471152974678077e+01,-5.572047447331703651e+00,0.000000000000000000e+00,5.585165533850192432e+00,4.728658067754500927e+00
1.989743055214387368e+03,-6.819439893057942754e+02,1.567904001060458370e+02,1.872471152974678077e+01,-5.572047447331703651e+00,0.000000000000000000e+00,5.585165533850192432e+00,4.728658067754500927e+00
1.991615526367362008e+03,-6.825011940505274879e+02,1.567904001060458370e+02,1.872471152974678077e+01,-5.572047447331703651e+00,0.000000000000000000e+00,5.585165533850192432e+00,4.728658067754500927e+00
1.993487997520336648e+03,-6.830583987952607004e+02,1.567904001060458370e+02,1.872471152974678077e+01,-5.572047447331703651e+00,0.000000000000000000e+00,5.585165533850192432e+00,4.728658067754500927e+00
1.995360468673311289e+03,-6.836156035399939128e+02,1.567904001060458370e+02,1.872471152974678077e+01,-5.572047447331703651e+00,0.000000000000000000e+00,5.585165533850192432e+00,4.728658067754500927e+00
1.997232939826285929e+03,-6.841728082847271253e+02,1.567904001060458370e+02,1.872471152974678077e+01,-5.572047447331703651e+00,0.000000000000000000e+00,5.585165533850192432e+00,4.728658067754500927e+00
1.999105410979260569e+03,-6.847300130294603377e+02,1.567904001060458370e+02,1.872471152974678077e+01,-5.572047447331703651e+00,0.000000000000000000e+00,5.585165533850192432e+00,4.728658067754500927e+00
2.000977882132235209e+03,-6.852872177741935502e+02,1.567904001060458370e+02,1.872471152974678077e+01,-5.572047447331703651e+00,0.000000000000000000e+00,5.585165533850192432e+00,4.728658067754500927e+00
2.002850353285209849e+03,-6.858444225189267627e+02,1.567904001060458370e+02,1.872471152974678077e+01,-5.572047447331703651e+00,0.000000000000000000e+00,5.585165533850192432e+00,4.728658067754500927e+00
2.004722824438184489e+03,-6.864016272636599751e+02,1.567904001060458370e+02,1.872471152974678077e+01,-5.572047447331703651e+00,0.000000000000000000e+00,5.585165533850192432e+00,4.728658067754500927e+00
2.006595295591159129e+03,-6.869588320083931876e+02,1.567904001060458370e+02,1.872471152974678077e+01,-5.572047447331703651e+00,0.000000000000000000e+00,5.585165533850192432e+00,4.728658067754500927e+00
2.008467766744133769e+03,-6.875160367531264001e+02,1.567904001060458370e+02,1.872471152974678077e+01,-5.572047447331703651e+00,0.000000000000000000e+00,5.585165533850192432e+00,4.728658067754500927e+00
2.010340237897108409e+03,-6.880732414978596125e+02,1.567904001060458370e+02,1.872471152974678077e+01,-5.572047447331703651e+00,0.000000000000000000e+00,5.585165533850192432e+00,4.728658067754500927e+00
2.012212709050083049e+03,-6.886304462425928250e+02,1.567904001060458370e+02,1.872471152974678077e+01,-5.572047447331703651e+00,0.000000000000000000e+00,5.585165533850192432e+00,4.728658067754500927e+00
2.014085180203057689e+03,-6.891876509873260375e+02,1.567904001060458370e+02,1.872471152974678077e+01,-5.572047447331703651e+00,0.000000000000000000e+00,5.585165533850192432e+00,4.728658067754500927e+00
2.015957651356032329e+03,-6.897448557320592499e+02,1.567904001060458370e+02,1.872471152974678077e+01,-5.572047447331703651e+00,0.000000000000000000e+00,5.585165533850192432e+00,4.728658067754500927e+00
2.017830122509006969e+03,-6.903020604767924624e+02,1.567904001060458370e+02,1.872471152974678077e+01,-5.572047447331703651e+00,0.000000000000000000e+00,5.585165533850192432e+00,4.728658067754500927e+00
2.019702593661981609e+03,-6.908592652215256749e+02,1.567904001060458370e+02,1.872471152974678077e+01,-5.572047447331703651e+00,0.000000000000000000e+00,5.585165533850192432e+00,4.728658067754500927e+00
2.021575064814956249e+03,-6.914164699662588873e+02,1.567904001060458370e+02,1.872471152974678077e+01,-5.572047447331703651e+00,0.000000000000000000e+00,5.585165533850192432e+00,4.728658067754500927e+00
2.023447535967930889e+03,-6.919736747109920998e+02,1.567904001060458370e+02,1.872471152974678077e+01,-5.572047447331703651e+00,0.000000000000000000e+00,5.585165533850192432e+00,4.728658067754500927e+00
2.025320007120905530e+03,-6.925308794557253123e+02,1.567904001060458370e+02,1.872471152974678077e+01,-5.572047447331703651e+00,0.000000000000000000e+00,5.585165533850192432e+00,4.728658067754500927e+00
2.027192478273880170e+03,-6.930880842004585247e+02,1.567904001060458370e+02,1.872471152974678077e+01,-5.572047447331703651e+00,0.000000000000000000e+00,5.585165533850192432e+00,4.728658067754500927e+00
2.029064949426854810e+03,-6.936452889451917372e+02,1.567904001060458370e+02,1.872471152974678077e+01,-5.572047447331703651e+00,0.000000000000000000e+00,5.585165533850192432e+00,4.728658067754500927e+00
2.031060732770882851e+03,-6.942391885879100073e+02,1.567904001060458370e+02,1.995783344028058792e+01,-5.938996427182375193e+00,0.000000000000000000e+00,5.585165533850192432e+00,4.728658067754500927e+00
2.033179828305964293e+03,-6.948697831286133351e+02,1.567904001060458370e+02,2.119095535081439508e+01,-6.305945407033046735e+00,0.000000000000000000e+00,5.585165533850192432e+00,4.728658067754500927e+00
2.035422236032099136e+03,-6.955370725673017205e+02,1.567904001060458370e+02,2.242407726134820223e+01,-6.672894386883718276e+00,0.000000000000000000e+00,5.585165533850192432e+00,4.728658067754500927e+00
2.037787955949287380e+03,-6.962410569039751636e+02,1.567904001060458370e+02,2.365719917188200938e+01,-7.039843366734389818e+00,0.000000000000000000e+00,5.585165533850192432e+00,4.728658067754500927e+00
2.040276988057529024e+03,-6.969817361386336643e+02,1.567904001060458370e+02,2.489032108241581653e+01,-7.406792346585061360e+00,0.000000000000000000e+00,5.585165533850192432e+00,4.728658067754500927e+00
2.042889332356824070e+03,-6.977591102712772226e+02,1.567904001060458370e+02,2.612344299294962369e+01,-7.773741326435732901e+00,0.000000000000000000e+00,5.585165533850192432e+00,4.728658067754500927e+00
2.045624988847172517e+03,-6.985731793019058387e+02,1.567904001060458370e+02,2.735656490348343084e+01,-8.140690306286403555e+00,0.000000000000000000e+00,5.585165533850192432e+00,4.728658067754500927e+00
2.048483957528574138e+03,-6.994239432305195123e+02,1.567904001060458370e+02,2.858968681401723799e+01,-8.507639286137074208e+00,0.000000000000000000e+00,5.585165533850192432e+00,4.728658067754500927e+00
2.051466238401029386e+03,-7.003114020571182436e+02,1.567904001060458370e+02,2.982280872455104515e+01,-8.874588265987744862e+00,0.000000000000000000e+00,5.585165533850192432e+00,4.728658067754500927e+00
2.054571831464537809e+03,-7.012355557817020326e+02,1.567904001060458370e+02,3.105593063508485230e+01,-9.241537245838415515e+00,0.000000000000000000e+00,5.585165533850192432e+00,4.728658067754500927e+00
2.057800736719099859e+03,-7.021964044042709929e+02,1.567904001060458370e+02,3.228905254561865945e+01,-9.608486225689086169e+00,0.000000000000000000e+00,5.585165533850192432e+00,4.728658067754500927e+00
2.061152954164715084e+03,-7.031939479248250109e+02,1.567904001060458370e+02,3.352217445615246305e+01,-9.975435205539756822e+00,0.000000000000000000e+00,5.585165533850192432e+00,4.728658067754500927e+00
2.064628483801383936e+03,-7.042281863433640865e+02,1.567904001060458370e+02,3.475529636668626665e+01,-1.034238418539042748e+01,0.000000000000000000e+00,5.585165533850192432e+00,4.728658067754500927e+00
2.068227325629105962e+03,-7.052991196598882198e+02,1.567904001060458370e+02,3.598841827722007025e+01,-1.070933316524109813e+01,0.000000000000000000e+00,5.585165533850192432e+00,4.728658067754500927e+00
2.071949479647881162e+03,-7.064067478743974107e+02,1.567904001060458370e+02,3.722154018775387385e+01,-1.107628214509176878e+01,0.000000000000000000e+00,5.585165533850192432e+00,4.728658067754500927e+00
2.075794945857709990e+03,-7.075510709868916592e+02,1.567904001060458370e+02,3.845466209828767745e+01,-1.144323112494243944e+01,0.000000000000000000e+00,5.585165533850192432e+00,4.728658067754500927e+00
2.079763724258591992e+03,-7.087320889973709654e+02,1.567904001060458370e+02,3.968778400882148105e+01,-1.181018010479311009e+01,0.000000000000000000e+00,5.585165533850192432e+00,4.728658067754500927e+00
2.083855814850527622e+03,-7.099498019058353293e+02,1.567904001060458370e+02,4.092090591935528465e+01,-1.217712908464378074e+01,0.000000000000000000e+00,5.585165533850192432e+00,4.728658067754500927e+00
2.088071217633516426e+03,-7.112042097122847508e+02,1.567904001060458370e+02,4.215402782988908825e+01,-1.254407806449445140e+01,0.000000000000000000e+00,5.585165533850192432e+00,4.728658067754500927e+00
2.092409932607558858e+03,-7.124953124167192300e+02,1.567904001060458370e+02,4.338714974042289185e+01,-1.291102704434512205e+01,0.000000000000000000e+00,5.585165533850192432e+00,4.728658067754500927e+00
2.096871959772654463e+03,-7.138231100191387668e+02,1.567904001060458370e+02,4.462027165095669545e+01,-1.327797602419579270e+01,0.000000000000000000e+00,5.585165533850192432e+00,4.728658067754500927e+00
2.101457299128803697e+03,-7.151876025195433613e+02,1.567904001060458370e+02,4.585339356149049905e+01,-1.364492500404646336e+01,0.000000000000000000e+00,5.585165533850192432e+00,4.728658067754500927e+00
2.106165950676006105e+03,-7.165887899179331271e+02,1.567904001060458370e+02,4.708651547202430265e+01,-1.401187398389713401e+01,0.000000000000000000e+00,5.585165533850192432e+00,4.728658067754500927e+00
2.110997914414262141e+03,-7.180266722143079505e+02,1.567904001060458370e+02,4.831963738255810625e+01,-1.437882296374780466e+01,0.000000000000000000e+00,5.585165533850192432e+00,4.728658067754500927e+00
2.115953190343571350e+03,-7.195012494086678316e+02,1.567904001060458370e+02,4.955275929309190985e+01,-1.474577194359847532e+01,0.000000000000000000e+00,5.585165533850192432e+00,4.728658067754500927e+00
2.121031778463933733e+03,-7.210125215010127704e+02,1.567904001060458370e+02,5.078588120362571345e+01,-1.511272092344914597e+01,0.000000000000000000e+00,5.585165533850192432e+00,4.728658067754500927e+00
2.126233678775349745e+03,-7.225604884913427668e+02,1.567904001060458370e+02,5.201900311415951705e+01,-1.547966990329981662e+01,0.000000000000000000e+00,5.585165533850192432e+00,4.728658067754500927e+00
2.131558891277818930e+03,-7.241451503796578208e+02,1.567904001060458370e+02,5.325212502469332065e+01,-1.584661888315048728e+01,0.000000000000000000e+00,5.585165533850192432e+00,4.728658067754500927e+00
2.137007415971341743e+03,-7.257665071659579326e+02,1.567904001060458370e+02,5.448524693522712425e+01,-1.621356786300115971e+01,0.000000000000000000e+00,5.585165533850192432e+00,4.728658067754500927e+00
2.142579252855917730e+03,-7.274245588502431019e+02,1.567904001060458370e+02,5.571836884576092785e+01,-1.658051684285183214e+01,0.000000000000000000e+00,5.585165533850192432e+00,4.728658067754500927e+00
2.148274401931547345e+03,-7.291193054325133289e+02,1.567904001060458370e+02,5.695149075629473145e+01,-1.694746582270250457e+01,0.000000000000000000e+00,5.585165533850192432e+00,4.728658067754500927e+00
2.154092863198230134e+03,-7.308507469127686136e+02,1.567904001060458370e+02,5.818461266682853505e+01,-1.731441480255317700e+01,0.000000000000000000e+00,5.585165533850192432e+00,4.728658067754500927e+00
2.160034636655966551e+03,-7.326188832910089559e+02,1.567904001060458370e+02,5.941773457736233865e+01,-1.768136378240384943e+01,0.000000000000000000e+00,5.585165533850192432e+00,4.728658067754500927e+00
2.166099722304756142e+03,-7.344237145672343559e+02,1.567904001060458370e+02,6.065085648789614226e+01,-1.804831276225452186e+01,0.000000000000000000e+00,5.585165533850192432e+00,4.728658067754500927e+00
2.172288120144599361e+03,-7.362652407414449272e+02,1.567904001060458370e+02,6.188397839842994586e+01,-1.841526174210519429e+01,0.000000000000000000e+00,5.585165533850192432e+00,4.728658067754500927e+00
2.178599830175495754e+03,-7.381434618136405561e+02,1.567904001060458370e+02,6.311710030896374946e+01,-1.878221072195586672e+01,0.000000000000000000e+00,5.585165533850192432e+00,4.728658067754500927e+00
2.185034852397445320e+03,-7.400583777838212427e+02,1.567904001060458370e+02,6.435022221949755306e+01,-1.914915970180653915e+01,0.000000000000000000e+00,5.585165533850192432e+00,4.728658067754500927e+00
2.191593186810448515e+03,-7.420099886519869870e+02,1.567904001060458370e+02,6.558334413003136376e+01,-1.951610868165721158e+01,0.000000000000000000e+00,5.585165533850192432e+00,4.728658067754500927e+00
2.198274833414504883e+03,-7.439982944181377889e+02,1.567904001060458370e+02,6.681646604056517447e+01,-1.988305766150788401e+01,0.000000000000000000e+00,5.585165533850192432e+00,4.728658067754500927e+00
2.205079792209614880e+03,-7.460232950822736484e+02,1.567904001060458370e+02,6.804958795109898517e+01,-2.025000664135855644e+01,0.000000000000000000e+00,5.585165533850192432e+00,4.728658067754500927e+00
2.212008063195778050e+03,-7.480849906443945656e+02,1.567904001060458370e+02,6.928270986163279588e+01,-2.061695562120922887e+01,0.000000000000000000e+00,5.585165533850192432e+00,4.728658067754500927e+00
2.219059646372994848e+03,-7.501833811045005405e+02,1.567904001060458370e+02,7.051583177216660658e+01,-2.098390460105990130e+01,0.000000000000000000e+00,5.585165533850192432e+00,4.728658067754500927e+00
2.226234541741264820e+03,-7.523184664625915730e+02,1.567904001060458370e+02,7.174895368270041729e+01,-2.135085358091057373e+01,0.000000000000000000e+00,5.585165533850192432e+00,4.728658067754500927e+00
2.233532749300588421e+03,-7.544902467186676631e+02,1.567904001060458370e+02,7.298207559323422799e+01,-2.171780256076124616e+01,0.000000000000000000e+00,5.585165533850192432e+00,4.728658067754500927e+00
2.240954269050965195e+03,-7.566987218727288109e+02,1.567904001060458370e+02,7.421519750376803870e+01,-2.208475154061191859e+01,0.000000000000000000e+00,5.585165533850192432e+00,4.728658067754500927e+00
2.248499100992395597e+03,-7.589438919247750164e+02,1.567904001060458370e+02,7.544831941430184941e+01,-2.245170052046259102e+01,0.000000000000000000e+00,5.585165533850192432e+00,4.728658067754500927e+00
2.256167245124879173e+03,-7.612257568748063932e+02,1.567904001060458370e+02,7.668144132483566011e+01,-2.281864950031326345e+01,0.000000000000000000e+00,5.585165533850192432e+00,4.728658067754500927e+00
2.263958701448415923e+03,-7.635443167228228276e+02,1.567904001060458370e+02,7.791456323536947082e+01,-2.318559848016393587e+01,0.000000000000000000e+00,5.585165533850192432e+00,4.728658067754500927e+00
2.271873469963006301e+03,-7.658995714688243197e+02,1.567904001060458370e+02,7.914768514590328152e+01,-2.355254746001460830e+01,0.000000000000000000e+00,5.585165533850192432e+00,4.728658067754500927e+00
2.279911550668649852e+03,-7.682915211128108695e+02,1.567904001060458370e+02,8.038080705643709223e+01,-2.391949643986528073e+01,0.000000000000000000e+00,5.585165533850192432e+00,4.728658067754500927e+00
2.288072943565347032e+03,-7.707201656547824768e+02,1.567904001060458370e+02,8.161392896697090293e+01,-2.428644541971595316e+01,0.000000000000000000e+00,5.585165533850192432e+00,4.728658067754500927e+00
2.296357648653097385e+03,-7.731855050947391419e+02,1.567904001060458370e+02,8.284705087750471364e+01,-2.465339439956662559e+01,0.000000000000000000e+00,5.585165533850192432e+00,4.728658067754500927e+00
2.304765665931901367e+03,-7.756875394326808646e+02,1.567904001060458370e+02,8.408017278803852435e+01,-2.502034337941729802e+01,0.000000000000000000e+00,5.585165533850192432e+00,4.728658067754500927e+00
2.313296995401758522e+03,-7.782262686686076449e+02,1.567904001060458370e+02,8.531329469857233505e+01,-2.538729235926797045e+01,0.000000000000000000e+00,5.585165533850192432e+00,4.728658067754500927e+00
2.321951637062669306e+03,-7.808016928025194829e+02,1.567904001060458370e+02,8.654641660910614576e+01,-2.575424133911864288e+01,0.000000000000000000e+00,5.585165533850192432e+00,4.728658067754500927e+00
2.330729590914633263e+03,-7.834138118344163786e+02,1.567904001060458370e+02,8.777953851963995646e+01,-2.612119031896931531e+01,0.000000000000000000e+00,5.585165533850192432e+00,4.728658067754500927e+00
2.339630856957650849e+03,-7.860626257642983319e+02,1.567904001060458370e+02,8.901266043017376717e+01,-2.648813929881998774e+01,0.000000000000000000e+00,5.585165533850192432e+00,4.728658067754500927e+00
2.348655435191721608e+03,-7.887481345921653428e+02,1.567904001060458370e+02,9.024578234070757787e+01,-2.685508827867066017e+01,0.000000000000000000e+00,5.585165533850192432e+00,4.728658067754500927e+00
2.357803325616845541e+03,-7.914703383180175251e+02,1.567904001060458370e+02,9.147890425124138858e+01,-2.722203725852133260e+01,0.000000000000000000e+00,5.585165533850192432e+00,4.728658067754500927e+00
2.367074528233023102e+03,-7.942292369418547651e+02,1.567904001060458370e+02,9.271202616177519928e+01,-2.758898623837200503e+01,0.000000000000000000e+00,5.585165533850192432e+00,4.728658067754500927e+00
2.376469043040253837e+03,-7.970248304636770627e+02,1.567904001060458370e+02,9.394514807230900999e+01,-2.795593521822267746e+01,0.000000000000000000e+00,5.585165533850192432e+00,4.728658067754500927e+00
2.385986870038538200e+03,-7.998571188834844179e+02,1.567904001060458370e+02,9.517826998284282070e+01,-2.832288419807334989e+01,0.000000000000000000e+00,5.585165533850192432e+00,4.728658067754500927e+00
2.395628009227875737e+03,-8.027261022012768308e+02,1.567904001060458370e+02,9.641139189337663140e+01,-2.868983317792402232e+01,0.000000000000000000e+00,5.585165533850192432e+00,4.728658067754500927e+00
2.405392460608266902e+03,-8.056317804170543013e+02,1.567904001060458370e+02,9.764451380391044211e+01,-2.905678215777469475e+01,0.000000000000000000e+00,5.585165533850192432e+00,4.728658067754500927e+00
2.415280224179711240e+03,-8.085741535308168295e+02,1.567904001060458370e+02,9.887763571444425281e+01,-2.942373113762536718e+01,0.000000000000000000e+00,5.585165533850192432e+00,4.728658067754500927e+00
2.425291299942209207e+03,-8.115532215425644154e+02,1.567904001060458370e+02,1.001107576249780635e+02,-2.979068011747603961e+01,0.000000000000000000e+00,5.585165533850192432e+00,4.728658067754500927e+00
2.435425687895760348e+03,-8.145689844522970589e+02,1.567904001060458370e+02,1.013438795355118742e+02,-3.015762909732671204e+01,0.000000000000000000e+00,5.585165533850192432e+00,4.728658067754500927e+00
2.445683388040365116e+03,-8.176214422600147600e+02,1.567904001060458370e+02,1.025770014460456849e+02,-3.052457807717738447e+01,0.000000000000000000e+00,5.585165533850192432e+00,4.728658067754500927e+00
2.456064400376023059e+03,-8.207105949657175188e+02,1.567904001060458370e+02,1.038101233565794956e+02,-3.089152705702805690e+01,0.000000000000000000e+00,5.585165533850192432e+00,4.728658067754500927e+00
2.466568724902734175e+03,-8.238364425694053352e+02,1.567904001060458370e+02,1.050432452671133063e+02,-3.125847603687872933e+01,0.000000000000000000e+00,5.585165533850192432e+00,4.728658067754500927e+00
2.477196361620498919e+03,-8.269989850710783230e+02,1.567904001060458370e+02,1.062763671776471170e+02,-3.162542501672940176e+01,0.000000000000000000e+00,5.585165533850192432e+00,4.728658067754500927e+00
2.487947310529316837e+03,-8.301982224707363685e+02,1.567904001060458370e+02,1.075094890881809278e+02,-3.199237399658007419e+01,0.000000000000000000e+00,5.585165533850192432e+00,4.728658067754500927e+00
2.498821571629188384e+03,-8.334341547683794715e+02,1.567904001060458370e+02,1.087426109987147385e+02,-3.235932297643074662e+01,0.000000000000000000e+00,5.585165533850192432e+00,4.728658067754500927e+00
2.509819144920113104e+03,-8.367067819640076323e+02,1.567904001060458370e+02,1.099757329092485492e+02,-3.272627195628141550e+01,0.000000000000000000e+00,5.585165533850192432e+00,4.728658067754500927e+00
2.520940030402091452e+03,-8.400161040576208507e+02,1.567904001060458370e+02,1.112088548197823599e+02,-3.309322093613208438e+01,0.000000000000000000e+00,5.585165533850192432e+00,4.728658067754500927e+00
2.532184228075122974e+03,-8.433621210492191267e+02,1.567904001060458370e+02,1.124419767303161706e+02,-3.346016991598275325e+01,0.000000000000000000e+00,5.585165533850192432e+00,4.728658067754500927e+00
2.543551737939208124e+03,-8.467448329388024604e+02,1.567904001060458370e+02,1.136750986408499813e+02,-3.382711889583342213e+01,0.000000000000000000e+00,5.585165533850192432e+00,4.728658067754500927e+00
2.555042559994346448e+03,-8.501642397263708517e+02,1.567904001060458370e+02,1.149082205513837920e+02,-3.419406787568409101e+01,0.000000000000000000e+00,5.585165533850192432e+00,4.728658067754500927e+00
2.566656694240538400e+03,-8.536203414119243007e+02,1.567904001060458370e+02,1.161413424619176027e+02,-3.456101685553475988e+01,0.000000000000000000e+00,5.585165533850192432e+00,4.728658067754500927e+00
2.578394140677783525e+03,-8.571131379954628073e+02,1.567904001060458370e+02,1.173744643724514134e+02,-3.492796583538542876e+01,0.000000000000000000e+00,5.585165533850192432e+00,4.728658067754500927e+00
2.590254899306081825e+03,-8.606426294769863716e+02,1.567904001060458370e+02,1.186075862829852241e+02,-3.529491481523609764e+01,0.000000000000000000e+00,5.585165533850192432e+00,4.728658067754500927e+00
2.602238970125433752e+03,-8.642088158564949936e+02,1.567904001060458370e+02,1.198407081935190348e+02,-3.566186379508676652e+01,0.000000000000000000e+00,5.585165533850192432e+00,4.728658067754500927e+00
2.614346353135838854e+03,-8.678116971339887868e+02,1.567904001060458370e+02,1.210738301040528455e+02,-3.602881277493743539e+01,0.000000000000000000e+00,5.585165533850192432e+00,4.728658067754500927e+00
2.626577048337297583e+03,-8.714512733094676378e+02,1.567904001060458370e+02,1.223069520145866562e+02,-3.639576175478810427e+01,0.000000000000000000e+00,5.585165533850192432e+00,4.728658067754500927e+00
2.638931055729809486e+03,-8.751275443829315464e+02,1.567904001060458370e+02,1.235400739251204669e+02,-3.676271073463877315e+01,0.000000000000000000e+00,5.585165533850192432e+00,4.728658067754500927e+00
2.651408375313375018e+03,-8.788405103543805126e+02,1.567904001060458370e+02,1.247731958356542776e+02,-3.712965971448944202e+01,0.000000000000000000e+00,5.585165533850192432e+00,4.728658067754500927e+00
2.664009007087993723e+03,-8.825901712238145365e+02,1.567904001060458370e+02,1.260063177461880883e+02,-3.749660869434011090e+01,0.000000000000000000e+00,5.585165533850192432e+00,4.728658067754500927e+00
2.676732951053666056e+03,-8.863765269912336180e+02,1.567904001060458370e+02,1.272394396567218990e+02,-3.786355767419077978e+01,0.000000000000000000e+00,5.585165533850192432e+00,4.728658067754500927e+00
2.689580207210391563e+03,-8.901995776566377572e+02,1.567904001060458370e+02,1.284725615672556955e+02,-3.823050665404144866e+01,0.000000000000000000e+00,5.585165533850192432e+00,4.728658067754500927e+00
2.702550775558170699e+03,-8.940593232200269540e+02,1.567904001060458370e+02,1.297056834777895062e+02,-3.859745563389211753e+01,0.000000000000000000e+00,5.585165533850192432e+00,4.728658067754500927e+00
2.715644656097003008e+03,-8.979557636814012085e+02,1.567904001060458370e+02,1.309388053883233169e+02,-3.896440461374278641e+01,0.000000000000000000e+00,5.585165533850192432e+00,4.728658067754500927e+00
2.728861848826888945e+03,-9.018888990407605206e+02,1.567904001060458370e+02,1.321719272988571277e+02,-3.933135359359345529e+01,0.000000000000000000e+00,5.585165533850192432e+00,4.728658067754500927e+00
2.742202353747828056e+03,-9.058587292981048904e+02,1.567904001060458370e+02,1.334050492093909384e+02,-3.969830257344412416e+01,0.000000000000000000e+00,5.585165533850192432e+00,4.728658067754500927e+00
2.755666170859820340e+03,-9.098652544534343178e+02,1.567904001060458370e+02,1.346381711199247491e+02,-4.006525155329479304e+01,0.000000000000000000e+00,5.585165533850192432e+00,4.728658067754500927e+00
2.769253300162866253e+03,-9.139084745067489166e+02,1.567904001060458370e+02,1.358712930304585598e+02,-4.043220053314546192e+01,0.000000000000000000e+00,5.585165533850192432e+00,4.728658067754500927e+00
2.782963741656965340e+03,-9.179883894580485730e+02,1.567904001060458370e+02,1.371044149409923705e+02,-4.079914951299613080e+01,0.000000000000000000e+00,5.585165533850192432e+00,4.728658067754500927e+00
2.796797495342118054e+03,-9.221049993073332871e+02,1.567904001060458370e+02,1.383375368515261812e+02,-4.116609849284679967e+01,0.000000000000000000e+00,5.585165533850192432e+00,4.728658067754500927e+00
2.810754561218323943e+03,-9.262583040546030588e+02,1.567904001060458370e+02,1.395706587620599919e+02,-4.153304747269746855e+01,0.000000000000000000e+00,5.585165533850192432e+00,4.728658067754500927e+00
2.824834939285583459e+03,-9.304483036998578882e+02,1.567904001060458370e+02,1.408037806725938026e+02,-4.189999645254813743e+01,0.000000000000000000e+00,5.585165533850192432e+00,4.728658067754500927e+00
2.839038629543896150e+03,-9.346749982430977752e+02,1.567904001060458370e+02,1.420369025831276133e+02,-4.226694543239880630e+01,0.000000000000000000e+00,5.585165533850192432e+00,4.728658067754500927e+00
2.853242319802208840e+03,-9.389016927863376623e+02,1.567904001060458370e+02,1.420369025831275849e+02,-4.226694543239890578e+01,0.000000000000000000e+00,5.585165533850192432e+00,4.728658067754500927e+00
2.867446010060521530e+03,-9.431283873295775493e+02,1.567904001060458370e+02,1.420369025831275849e+02,-4.226694543239890578e+01,0.000000000000000000e+00,5.585165533850192432e+00,4.728658067754500927e+00
2.881649700318834221e+03,-9.473550818728174363e+02,1.567904001060458370e+02,1.420369025831275849e+02,-4.226694543239890578e+01,0.000000000000000000e+00,5.585165533850192432e+00,4.728658067754500927e+00
2.895853390577146911e+03,-9.515817764160573233e+02,1.567904001060458370e+02,1.420369025831275849e+02,-4.226694543239890578e+01,0.000000000000000000e+00,5.585165533850192432e+00,4.728658067754500927e+00
2.910057080835459601e+03,-9.558084709592972104e+02,1.567904001060458370e+02,1.420369025831275849e+02,-4.226694543239890578e+01,0.000000000000000000e+00,5.585165533850192432e+00,4.728658067754500927e+00
2.924260771093772291e+03,-9.600351655025370974e+02,1.567904001060458370e+02,1.420369025831275849e+02,-4.226694543239890578e+01,0.000000000000000000e+00,5.585165533850192432e+00,4.728658067754500927e+00
2.938464461352084982e+03,-9.642618600457769844e+02,1.567904001060458370e+02,1.420369025831275849e+02,-4.226694543239890578e+01,0.000000000000000000e+00,5.585165533850192432e+00,4.728658067754500927e+00
2.952668151610397672e+03,-9.684885545890168714e+02,1.567904001060458370e+02,1.420369025831275849e+02,-4.226694543239890578e+01,0.000000000000000000e+00,5.585165533850192432e+00,4.728658067754500927e+00
2.966871841868710362e+03,-9.727152491322567585e+02,1.567904001060458370e+02,1.420369025831275849e+02,-4.226694543239890578e+01,0.000000000000000000e+00,5.585165533850192432e+00,4.728658067754500927e+00
2.981075532127023052e+03,-9.769419436754966455e+02,1.567904001060458370e+02,1.420369025831275849e+02,-4.226694543239890578e+01,0.000000000000000000e+00,5.585165533850192432e+00,4.728658067754500927e+00
2.995279222385335743e+03,-9.811686382187365325e+02,1.567904001060458370e+02,1.420369025831275849e+02,-4.226694543239890578e+01,0.000000000000000000e+00,5.585165533850192432e+00,4.728658067754500927e+00
3.009482912643648433e+03,-9.853953327619764195e+02,1.567904001060458370e+02,1.420369025831275849e+02,-4.226694543239890578e+01,0.000000000000000000e+00,5.585165533850192432e+00,4.728658067754500927e+00
3.023686602901961123e+03,-9.896220273052163066e+02,1.567904001060458370e+02,1.420369025831275849e+02,-4.226694543239890578e+01,0.000000000000000000e+00,5.585165533850192432e+00,4.728658067754500927e+00
3.037890293160273814e+03,-9.938487218484561936e+02,1.567904001060458370e+02,1.420369025831275849e+02,-4.226694543239890578e+01,0.000000000000000000e+00,5.585165533850192432e+00,4.728658067754500927e+00
3.052093983418586504e+03,-9.980754163916960806e+02,1.567904001060458370e+02,1.420369025831275849e+02,-4.226694543239890578e+01,0.000000000000000000e+00,5.585165533850192432e+00,4.728658067754500927e+00
3.066297673676899194e+03,-1.002302110934935968e+03,1.567904001060458370e+02,1.420369025831275849e+02,-4.226694543239890578e+01,0.000000000000000000e+00,5.585165533850192432e+00,4.728658067754500927e+00
3.080501363935211884e+03,-1.006528805478175855e+03,1.567904001060458370e+02,1.420369025831275849e+02,-4.226694543239890578e+01,0.000000000000000000e+00,5.585165533850192432e+00,4.728658067754500927e+00
3.094705054193524575e+03,-1.010755500021415742e+03,1.567904001060458370e+02,1.420369025831275849e+02,-4.226694543239890578e+01,0.000000000000000000e+00,5.585165533850192432e+00,4.728658067754500927e+00
3.108908744451837265e+03,-1.014982194564655629e+03,1.567904001060458370e+02,1.420369025831275849e+02,-4.226694543239890578e+01,0.000000000000000000e+00,5.585165533850192432e+00,4.728658067754500927e+00
3.123112434710149955e+03,-1.019208889107895516e+03,1.567904001060458370e+02,1.420369025831275849e+02,-4.226694543239890578e+01,0.000000000000000000e+00,5.585165533850192432e+00,4.728658067754500927e+00
3.137316124968462645e+03,-1.023435583651135403e+03,1.567904001060458370e+02,1.420369025831275849e+02,-4.226694543239890578e+01,0.000000000000000000e+00,5.585165533850192432e+00,4.728658067754500927e+00
3.151519815226775336e+03,-1.027662278194375403e+03,1.567904001060458370e+02,1.420369025831275849e+02,-4.226694543239890578e+01,0.000000000000000000e+00,5.585165533850192432e+00,4.728658067754500927e+00
3.165723505485088026e+03,-1.031888972737615404e+03,1.567904001060458370e+02,1.420369025831275849e+02,-4.226694543239890578e+01,0.000000000000000000e+00,5.585165533850192432e+00,4.728658067754500927e+00
3.179927195743400716e+03,-1.036115667280855405e+03,1.567904001060458370e+02,1.420369025831275849e+02,-4.226694543239890578e+01,0.000000000000000000e+00,5.585165533850192432e+00,4.728658067754500927e+00
3.194130886001713407e+03,-1.040342361824095406e+03,1.567904001060458370e+02,1.420369025831275849e+02,-4.226694543239890578e+01,0.000000000000000000e+00,5.585165533850192432e+00,4.728658067754500927e+00
3.208334576260026097e+03,-1.044569056367335406e+03,1.567904001060458370e+02,1.420369025831275849e+02,-4.226694543239890578e+01,0.000000000000000000e+00,5.585165533850192432e+00,4.728658067754500927e+00
3.222538266518338787e+03,-1.048795750910575407e+03,1.567904001060458370e+02,1.420369025831275849e+02,-4.226694543239890578e+01,0.000000000000000000e+00,5.585165533850192432e+00,4.728658067754500927e+00
3.236741956776651477e+03,-1.053022445453815408e+03,1.567904001060458370e+02,1.420369025831275849e+02,-4.226694543239890578e+01,0.000000000000000000e+00,5.585165533850192432e+00,4.728658067754500927e+00
3.250945647034964168e+03,-1.057249139997055408e+03,1.567904001060458370e+02,1.420369025831275849e+02,-4.226694543239890578e+01,0.000000000000000000e+00,5.585165533850192432e+00,4.728658067754500927e+00
3.265149337293276858e+03,-1.061475834540295409e+03,1.567904001060458370e+02,1.420369025831275849e+02,-4.226694543239890578e+01,0.000000000000000000e+00,5.585165533850192432e+00,4.728658067754500927e+00
3.279353027551589548e+03,-1.065702529083535410e+03,1.567904001060458370e+02,1.420369025831275849e+02,-4.226694543239890578e+01,0.000000000000000000e+00,5.585165533850192432e+00,4.728658067754500927e+00
3.293556717809902239e+03,-1.069929223626775411e+03,1.567904001060458370e+02,1.420369025831275849e+02,-4.226694543239890578e+01,0.000000000000000000e+00,5.585165533850192432e+00,4.728658067754500927e+00
3.307760408068214929e+03,-1.074155918170015411e+03,1.567904001060458370e+02,1.420369025831275849e+02,-4.226694543239890578e+01,0.000000000000000000e+00,5.585165533850192432e+00,4.728658067754500927e+00
3.321964098326527619e+03,-1.078382612713255412e+03,1.567904001060458370e+02,1.420369025831275849e+02,-4.226694543239890578e+01,0.000000000000000000e+00,5.585165533850192432e+00,4.728658067754500927e+00
3.336167788584840309e+03,-1.082609307256495413e+03,1.567904001060458370e+02,1.420369025831275849e+02,-4.226694543239890578e+01,0.000000000000000000e+00,5.585165533850192432e+00,4.728658067754500927e+00
3.350371478843153000e+03,-1.086836001799735413e+03,1.567904001060458370e+02,1.420369025831275849e+02,-4.226694543239890578e+01,0.000000000000000000e+00,5.585165533850192432e+00,4.728658067754500927e+00
3.364575169101465690e+03,-1.091062696342975414e+03,1.567904001060458370e+02,1.420369025831275849e+02,-4.226694543239890578e+01,0.000000000000000000e+00,5.585165533850192432e+00,4.728658067754500927e+00
3.378778859359778380e+03,-1.095289390886215415e+03,1.567904001060458370e+02,1.420369025831275849e+02,-4.226694543239890578e+01,0.000000000000000000e+00,5.585165533850192432e+00,4.728658067754500927e+00
3.392982549618091070e+03,-1.099516085429455416e+03,1.567904001060458370e+02,1.420369025831275849e+02,-4.226694543239890578e+01,0.000000000000000000e+00,5.585165533850192432e+00,4.728658067754500927e+00
3.407186239876403761e+03,-1.103742779972695416e+03,1.567904001060458370e+02,1.420369025831275849e+02,-4.226694543239890578e+01,0.000000000000000000e+00,5.585165533850192432e+00,4.728658067754500927e+00
3.421389930134716451e+03,-1.107969474515935417e+03,1.567904001060458370e+02,1.420369025831275849e+02,-4.226694543239890578e+01,0.000000000000000000e+00,5.585165533850192432e+00,4.728658067754500927e+00
3.435593620393029141e+03,-1.112196169059175418e+03,1.567904001060458370e+02,1.420369025831275849e+02,-4.226694543239890578e+01,0.000000000000000000e+00,5.585165533850192432e+00,4.728658067754500927e+00
3.449797310651341832e+03,-1.116422863602415418e+03,1.567904001060458370e+02,1.420369025831275849e+02,-4.226694543239890578e+01,0.000000000000000000e+00,5.585165533850192432e+00,4.728658067754500927e+00
3.464001000909654522e+03,-1.120649558145655419e+03,1.567904001060458370e+02,1.420369025831275849e+02,-4.226694543239890578e+01,0.000000000000000000e+00,5.585165533850192432e+00,4.728658067754500927e+00
3.478204691167967212e+03,-1.124876252688895420e+03,1.567904001060458370e+02,1.420369025831275849e+02,-4.226694543239890578e+01,0.000000000000000000e+00,5.585165533850192432e+00,4.728658067754500927e+00
3.492408381426279902e+03,-1.129102947232135421e+03,1.567904001060458370e+02,1.420369025831275849e+02,-4.226694543239890578e+01,0.000000000000000000e+00,5.585165533850192432e+00,4.728658067754500927e+00
3.506612071684592593e+03,-1.133329641775375421e+03,1.567904001060458370e+02,1.420369025831275849e+02,-4.226694543239890578e+01,0.000000000000000000e+00,5.585165533850192432e+00,4.728658067754500927e+00
3.520815761942905283e+03,-1.137556336318615422e+03,1.567904001060458370e+02,1.420369025831275849e+02,-4.226694543239890578e+01,0.000000000000000000e+00,5.585165533850192432e+00,4.728658067754500927e+00
3.535019452201217973e+03,-1.141783030861855423e+03,1.567904001060458370e+02,1.420369025831275849e+02,-4.226694543239890578e+01,0.000000000000000000e+00,5.585165533850192432e+00,4.728658067754500927e+00
3.549223142459530663e+03,-1.146009725405095423e+03,1.567904001060458370e+02,1.420369025831275849e+02,-4.226694543239890578e+01,0.000000000000000000e+00,5.585165533850192432e+00,4.728658067754500927e+00
3.563426832717843354e+03,-1.150236419948335424e+03,1.567904001060458370e+02,1.420369025831275849e+02,-4.226694543239890578e+01,0.000000000000000000e+00,5.585165533850192432e+00,4.728658067754500927e+00
3.577630522976156044e+03,-1.154463114491575425e+03,1.567904001060458370e+02,1.420369025831275849e+02,-4.226694543239890578e+01,0.000000000000000000e+00,5.585165533850192432e+00,4.728658067754500927e+00
3.591834213234468734e+03,-1.158689809034815426e+03,1.567904001060458370e+02,1.420369025831275849e+02,-4.226694543239890578e+01,0.000000000000000000e+00,5.585165533850192432e+00,4.728658067754500927e+00
3.606037903492781425e+03,-1.162916503578055426e+03,1.567904001060458370e+02,1.420369025831275849e+02,-4.226694543239890578e+01,0.000000000000000000e+00,5.585165533850192432e+00,4.728658067754500927e+00
3.620241593751094115e+03,-1.167143198121295427e+03,1.567904001060458370e+02,1.420369025831275849e+02,-4.226694543239890578e+01,0.000000000000000000e+00,5.585165533850192432e+00,4.728658067754500927e+00
3.634445284009406805e+03,-1.171369892664535428e+03,1.567904001060458370e+02,1.420369025831275849e+02,-4.226694543239890578e+01,0.000000000000000000e+00,5.585165533850192432e+00,4.728658067754500927e+00
3.648648974267719495e+03,-1.175596587207775428e+03,1.567904001060458370e+02,1.420369025831275849e+02,-4.226694543239890578e+01,0.000000000000000000e+00,5.585165533850192432e+00,4.728658067754500927e+00
3.662852664526032186e+03,-1.179823281751015429e+03,1.567904001060458370e+02,1.420369025831275849e+02,-4.226694543239890578e+01,0.000000000000000000e+00,5.585165533850192432e+00,4.728658067754500927e+00
3.677056354784344876e+03,-1.184049976294255430e+03,1.567904001060458370e+02,1.420369025831275849e+02,-4.226694543239890578e+01,0.000000000000000000e+00,5.585165533850192432e+00,4.728658067754500927e+00
3.691260045042657566e+03,-1.188276670837495431e+03,1.567904001060458370e+02,1.420369025831275849e+02,-4.226694543239890578e+01,0.000000000000000000e+00,5.585165533850192432e+00,4.728658067754500927e+00
3.705463735300970257e+03,-1.192503365380735431e+03,1.567904001060458370e+02,1.420369025831275849e+02,-4.226694543239890578e+01,0.000000000000000000e+00,5.585165533850192432e+00,4.728658067754500927e+00
3.719667425559282947e+03,-1.196730059923975432e+03,1.567904001060458370e+02,1.420369025831275849e+02,-4.226694543239890578e+01,0.000000000000000000e+00,5.585165533850192432e+00,4.728658067754500927e+00
3.733871115817595637e+03,-1.200956754467215433e+03,1.567904001060458370e+02,1.420369025831275849e+02,-4.226694543239890578e+01,0.000000000000000000e+00,5.585165533850192432e+00,4.728658067754500927e+00
3.748074806075908327e+03,-1.205183449010455433e+03,1.567904001060458370e+02,1.420369025831275849e+02,-4.226694543239890578e+01,0.000000000000000000e+00,5.585165533850192432e+00,4.728658067754500927e+00
3.762278496334221018e+03,-1.209410143553695434e+03,1.567904001060458370e+02,1.420369025831275849e+02,-4.226694543239890578e+01,0.000000000000000000e+00,5.585165533850192432e+00,4.728658067754500927e+00
3.776482186592533708e+03,-1.213636838096935435e+03,1.567904001060458370e+02,1.420369025831275849e+02,-4.226694543239890578e+01,0.000000000000000000e+00,5.585165533850192432e+00,4.728658067754500927e+00
3.790685876850846398e+03,-1.217863532640175436e+03,1.567904001060458370e+02,1.420369025831275849e+02,-4.226694543239890578e+01,0.000000000000000000e+00,5.585165533850192432e+00,4.728658067754500927e+00
3.804889567109159088e+03,-1.222090227183415436e+03,1.567904001060458370e+02,1.420369025831275849e+02,-4.226694543239890578e+01,0.000000000000000000e+00,5.585165533850192432e+00,4.728658067754500927e+00
3.819093257367471779e+03,-1.226316921726655437e+03,1.567904001060458370e+02,1.420369025831275849e+02,-4.226694543239890578e+01,0.000000000000000000e+00,5.585165533850192432e+00,4.728658067754500927e+00
3.833296947625784469e+03,-1.230543616269895438e+03,1.567904001060458370e+02,1.420369025831275849e+02,-4.226694543239890578e+01,0.000000000000000000e+00,5.585165533850192432e+00,4.728658067754500927e+00
3.847500637884097159e+03,-1.234770310813135438e+03,1.567904001060458370e+02,1.420369025831275849e+02,-4.226694543239890578e+01,0.000000000000000000e+00,5.585165533850192432e+00,4.728658067754500927e+00
3.861704328142409850e+03,-1.238997005356375439e+03,1.567904001060458370e+02,1.420369025831275849e+02,-4.226694543239890578e+01,0.000000000000000000e+00,5.585165533850192432e+00,4.728658067754500927e+00
3.875908018400722540e+03,-1.243223699899615440e+03,1.567904001060458370e+02,1.420369025831275849e+02,-4.226694543239890578e+01,0.000000000000000000e+00,5.585165533850192432e+00,4.728658067754500927e+00
3.890111708659035230e+03,-1.247450394442855441e+03,1.567904001060458370e+02,1.420369025831275849e+02,-4.226694543239890578e+01,0.000000000000000000e+00,5.585165533850192432e+00,4.728658067754500927e+00
3.904315398917347920e+03,-1.251677088986095441e+03,1.567904001060458370e+02,1.420369025831275849e+02,-4.226694543239890578e+01,0.000000000000000000e+00,5.585165533850192432e+00,4.728658067754500927e+00
3.918519089175660611e+03,-1.255903783529335442e+03,1.567904001060458370e+02,1.420369025831275849e+02,-4.226694543239890578e+01,0.000000000000000000e+00,5.585165533850192432e+00,4.728658067754500927e+00
3.932722779433973301e+03,-1.260130478072575443e+03,1.567904001060458370e+02,1.420369025831275849e+02,-4.226694543239890578e+01,0.000000000000000000e+00,5.585165533850192432e+00,4.728658067754500927e+00
3.946926469692285991e+03,-1.264357172615815443e+03,1.567904001060458370e+02,1.420369025831275849e+02,-4.226694543239890578e+01,0.000000000000000000e+00,5.585165533850192432e+00,4.728658067754500927e+00
3.961130159950598681e+03,-1.268583867159055444e+03,1.567904001060458370e+02,1.420369025831275849e+02,-4.226694543239890578e+01,0.000000000000000000e+00,5.585165533850192432e+00,4.728658067754500927e+00
3.975333850208911372e+03,-1.272810561702295445e+03,1.567904001060458370e+02,1.420369025831275849e+02,-4.226694543239890578e+01,0.000000000000000000e+00,5.585165533850192432e+00,4.728658067754500927e+00
3.989537540467224062e+03,-1.277037256245535445e+03,1.567904001060458370e+02,1.420369025831275849e+02,-4.226694543239890578e+01,0.000000000000000000e+00,5.585165533850192432e+00,4.728658067754500927e+00
4.003741230725536752e+03,-1.281263950788775446e+03,1.567904001060458370e+02,1.420369025831275849e+02,-4.226694543239890578e+01,0.000000000000000000e+00,5.585165533850192432e+00,4.728658067754500927e+00
4.017944920983849443e+03,-1.285490645332015447e+03,1.567904001060458370e+02,1.420369025831275849e+02,-4.226694543239890578e+01,0.000000000000000000e+00,5.585165533850192432e+00,4.728658067754500927e+00
4.032148611242162133e+03,-1.289717339875255448e+03,1.567904001060458370e+02,1.420369025831275849e+02,-4.226694543239890578e+01,0.000000000000000000e+00,5.585165533850192432e+00,4.728658067754500927e+00
4.046352301500474823e+03,-1.293944034418495448e+03,1.567904001060458370e+02,1.420369025831275849e+02,-4.226694543239890578e+01,0.000000000000000000e+00,5.585165533850192432e+00,4.728658067754500927e+00
4.060555991758787513e+03,-1.298170728961735449e+03,1.567904001060458370e+02,1.420369025831275849e+02,-4.226694543239890578e+01,0.000000000000000000e+00,5.585165533850192432e+00,4.728658067754500927e+00
4.074759682017100204e+03,-1.302397423504975450e+03,1.567904001060458370e+02,1.420369025831275849e+02,-4.226694543239890578e+01,0.000000000000000000e+00,5.585165533850192432e+00,4.728658067754500927e+00
4.088963372275412894e+03,-1.306624118048215450e+03,1.567904001060458370e+02,1.420369025831275849e+02,-4.226694543239890578e+01,0.000000000000000000e+00,5.585165533850192432e+00,4.728658067754500927e+00
4.103167062533725584e+03,-1.310850812591455451e+03,1.567904001060458370e+02,1.420369025831275849e+02,-4.226694543239890578e+01,0.000000000000000000e+00,5.585165533850192432e+00,4.728658067754500927e+00
4.117370752792038729e+03,-1.315077507134695452e+03,1.567904001060458370e+02,1.420369025831275849e+02,-4.226694543239890578e+01,0.000000000000000000e+00,5.585165533850192432e+00,4.728658067754500927e+00
4.131574443050351874e+03,-1.319304201677935453e+03,1.567904001060458370e+02,1.420369025831275849e+02,-4.226694543239890578e+01,0.000000000000000000e+00,5.585165533850192432e+00,4.728658067754500927e+00
4.145778133308665019e+03,-1.323530896221175453e+03,1.567904001060458370e+02,1.420369025831275849e+02,-4.226694543239890578e+01,0.000000000000000000e+00,5.585165533850192432e+00,4.728658067754500927e+00
4.159981823566978164e+03,-1.327757590764415454e+03,1.567904001060458370e+02,1.420369025831275849e+02,-4.226694543239890578e+01,0.000000000000000000e+00,5.585165533850192432e+00,4.728658067754500927e+00
4.174185513825291309e+03,-1.331984285307655455e+03,1.567904001060458370e+02,1.420369025831275849e+02,-4.226694543239890578e+01,0.000000000000000000e+00,5.585165533850192432e+00,4.728658067754500927e+00
4.188389204083604454e+03,-1.336210979850895455e+03,1.567904001060458370e+02,1.420369025831275849e+02,-4.226694543239890578e+01,0.000000000000000000e+00,5.585165533850192432e+00,4.728658067754500927e+00
4.202592894341917599e+03,-1.340437674394135456e+03,1.567904001060458370e+02,1.420369025831275849e+02,-4.226694543239890578e+01,0.000000000000000000e+00,5.585165533850192432e+00,4.728658067754500927e+00
4.216796584600230744e+03,-1.344664368937375457e+03,1.567904001060458370e+02,1.420369025831275849e+02,-4.226694543239890578e+01,0.000000000000000000e+00,5.585165533850192432e+00,4.728658067754500927e+00
4.231000274858543889e+03,-1.348891063480615458e+03,1.567904001060458370e+02,1.420369025831275849e+02,-4.226694543239890578e+01,0.000000000000000000e+00,5.585165533850192432e+00,4.728658067754500927e+00
4.245203965116857034e+03,-1.353117758023855458e+03,1.567904001060458370e+02,1.420369025831275849e+02,-4.226694543239890578e+01,0.000000000000000000e+00,5.585165533850192432e+00,4.728658067754500927e+00
4.259407655375170179e+03,-1.357344452567095459e+03,1.567904001060458370e+02,1.420369025831275849e+02,-4.226694543239890578e+01,0.000000000000000000e+00,5.585165533850192432e+00,4.728658067754500927e+00
4.273611345633483324e+03,-1.361571147110335460e+03,1.567904001060458370e+02,1.420369025831275849e+02,-4.226694543239890578e+01,0.000000000000000000e+00,5.585165533850192432e+00,4.728658067754500927e+00
4.287815035891796470e+03,-1.365797841653575460e+03,1.567904001060458370e+02,1.420369025831275849e+02,-4.226694543239890578e+01,0.000000000000000000e+00,5.585165533850192432e+00,4.728658067754500927e+00
4.302018726150109615e+03,-1.370024536196815461e+03,1.567904001060458370e+02,1.420369025831275849e+02,-4.226694543239890578e+01,0.000000000000000000e+00,5.585165533850192432e+00,4.728658067754500927e+00
4.316222416408422760e+03,-1.374251230740055462e+03,1.567904001060458370e+02,1.420369025831275849e+02,-4.226694543239890578e+01,0.000000000000000000e+00,5.585165533850192432e+00,4.728658067754500927e+00
4.330426106666735905e+03,-1.378477925283295463e+03,1.567904001060458370e+02,1.420369025831275849e+02,-4.226694543239890578e+01,0.000000000000000000e+00,5.585165533850192432e+00,4.728658067754500927e+00
4.344629796925049050e+03,-1.382704619826535463e+03,1.567904001060458370e+02,1.420369025831275849e+02,-4.226694543239890578e+01,0.000000000000000000e+00,5.585165533850192432e+00,4.728658067754500927e+00
4.358833487183362195e+03,-1.386931314369775464e+03,1.567904001060458370e+02,1.420369025831275849e+02,-4.226694543239890578e+01,0.000000000000000000e+00,5.585165533850192432e+00,4.728658067754500927e+00
4.373037177441675340e+03,-1.391158008913015465e+03,1.567904001060458370e+02,1.420369025831275849e+02,-4.226694543239890578e+01,0.000000000000000000e+00,5.585165533850192432e+00,4.728658067754500927e+00
4.387240867699988485e+03,-1.395384703456255465e+03,1.567904001060458370e+02,1.420369025831275849e+02,-4.226694543239890578e+01,0.000000000000000000e+00,5.585165533850192432e+00,4.728658067754500927e+00
4.401444557958301630e+03,-1.399611397999495466e+03,1.567904001060458370e+02,1.420369025831275849e+02,-4.226694543239890578e+01,0.000000000000000000e+00,5.585165533850192432e+00,4.728658067754500927e+00
4.415648248216614775e+03,-1.403838092542735467e+03,1.567904001060458370e+02,1.420369025831275849e+02,-4.226694543239890578e+01,0.000000000000000000e+00,5.585165533850192432e+00,4.728658067754500927e+00
4.429851938474927920e+03,-1.408064787085975468e+03,1.567904001060458370e+02,1.420369025831275849e+02,-4.226694543239890578e+01,0.000000000000000000e+00,5.585165533850192432e+00,4.728658067754500927e+00
4.444055628733241065e+03,-1.412291481629215468e+03,1.567904001060458370e+02,1.420369025831275849e+02,-4.226694543239890578e+01,0.000000000000000000e+00,5.585165533850192432e+00,4.728658067754500927e+00
4.458259318991554210e+03,-1.416518176172455469e+03,1.567904001060458370e+02,1.420369025831275849e+02,-4.226694543239890578e+01,0.000000000000000000e+00,5.585165533850192432e+00,4.728658067754500927e+00
4.472463009249867355e+03,-1.420744870715695470e+03,1.567904001060458370e+02,1.420369025831275849e+02,-4.226694543239890578e+01,0.000000000000000000e+00,5.585165533850192432e+00,4.728658067754500927e+00
4.486666699508180500e+03,-1.424971565258935470e+03,1.567904001060458370e+02,1.420369025831275849e+02,-4.226694543239890578e+01,0.000000000000000000e+00,5.585165533850192432e+00,4.728658067754500927e+00
4.500870389766493645e+03,-1.429198259802175471e+03,1.567904001060458370e+02,1.420369025831275849e+02,-4.226694543239890578e+01,0.000000000000000000e+00,5.585165533850192432e+00,4.728658067754500927e+00
4.515074080024806790e+03,-1.433424954345415472e+03,1.567904001060458370e+02,1.420369025831275849e+02,-4.226694543239890578e+01,0.000000000000000000e+00,5.585165533850192432e+00,4.728658067754500927e+00
4.529277770283119935e+03,-1.437651648888655473e+03,1.567904001060458370e+02,1.420369025831275849e+02,-4.226694543239890578e+01,0.000000000000000000e+00,5.585165533850192432e+00,4.728658067754500927e+00
4.543481460541433080e+03,-1.441878343431895473e+03,1.567904001060458370e+02,1.420369025831275849e+02,-4.226694543239890578e+01,0.000000000000000000e+00,5.585165533850192432e+00,4.728658067754500927e+00
4.557685150799746225e+03,-1.446105037975135474e+03,1.567904001060458370e+02,1.420369025831275849e+02,-4.226694543239890578e+01,0.000000000000000000e+00,5.585165533850192432e+00,4.728658067754500927e+00
4.571888841058059370e+03,-1.450331732518375475e+03,1.567904001060458370e+02,1.420369025831275849e+02,-4.226694543239890578e+01,0.000000000000000000e+00,5.585165533850192432e+00,4.728658067754500927e+00
4.586092531316372515e+03,-1.454558427061615475e+03,1.567904001060458370e+02,1.420369025831275849e+02,-4.226694543239890578e+01,0.000000000000000000e+00,5.585165533850192432e+00,4.728658067754500927e+00
4.600296221574685660e+03,-1.458785121604855476e+03,1.567904001060458370e+02,1.420369025831275849e+02,-4.226694543239890578e+01,0.000000000000000000e+00,5.585165533850192432e+00,4.728658067754500927e+00
4.614499911832998805e+03,-1.463011816148095477e+03,1.567904001060458370e+02,1.420369025831275849e+02,-4.226694543239890578e+01,0.000000000000000000e+00,5.585165533850192432e+00,4.728658067754500927e+00
4.628703602091311950e+03,-1.467238510691335478e+03,1.567904001060458370e+02,1.420369025831275849e+02,-4.226694543239890578e+01,0.000000000000000000e+00,5.585165533850192432e+00,4.728658067754500927e+00
4.642907292349625095e+03,-1.471465205234575478e+03,1.567904001060458370e+02,1.420369025831275849e+02,-4.226694543239890578e+01,0.000000000000000000e+00,5.585165533850192432e+00,4.728658067754500927e+00
4.657110982607938240e+03,-1.475691899777815479e+03,1.567904001060458370e+02,1.420369025831275849e+02,-4.226694543239890578e+01,0.000000000000000000e+00,5.585165533850192432e+00,4.728658067754500927e+00
4.671314672866251385e+03,-1.479918594321055480e+03,1.567904001060458370e+02,1.420369025831275849e+02,-4.226694543239890578e+01,0.000000000000000000e+00,5.585165533850192432e+00,4.728658067754500927e+00
4.685518363124564530e+03,-1.484145288864295480e+03,1.567904001060458370e+02,1.420369025831275849e+02,-4.226694543239890578e+01,0.000000000000000000e+00,5.585165533850192432e+00,4.728658067754500927e+00
4.699722053382877675e+03,-1.488371983407535481e+03,1.567904001060458370e+02,1.420369025831275849e+02,-4.226694543239890578e+01,0.000000000000000000e+00,5.585165533850192432e+00,4.728658067754500927e+00
4.713925743641190820e+03,-1.492598677950775482e+03,1.567904001060458370e+02,1.420369025831275849e+02,-4.226694543239890578e+01,0.000000000000000000e+00,5.585165533850192432e+00,4.728658067754500927e+00
4.728129433899503965e+03,-1.496825372494015483e+03,1.567904001060458370e+02,1.420369025831275849e+02,-4.226694543239890578e+01,0.000000000000000000e+00,5.585165533850192432e+00,4.728658067754500927e+00
4.742333124157817110e+03,-1.501052067037255483e+03,1.567904001060458370e+02,1.420369025831275849e+02,-4.226694543239890578e+01,0.000000000000000000e+00,5.585165533850192432e+00,4.728658067754500927e+00
4.756536814416130255e+03,-1.505278761580495484e+03,1.567904001060458370e+02,1.420369025831275849e+02,-4.226694543239890578e+01,0.000000000000000000e+00,5.585165533850192432e+00,4.728658067754500927e+00
4.770740504674443400e+03,-1.509505456123735485e+03,1.567904001060458370e+02,1.420369025831275849e+02,-4.226694543239890578e+01,0.000000000000000000e+00,5.585165533850192432e+00,4.728658067754500927e+00
4.784944194932756545e+03,-1.513732150666975485e+03,1.567904001060458370e+02,1.420369025831275849e+02,-4.226694543239890578e+01,0.000000000000000000e+00,5.585165533850192432e+00,4.728658067754500927e+00
4.799147885191069690e+03,-1.517958845210215486e+03,1.567904001060458370e+02,1.420369025831275849e+02,-4.226694543239890578e+01,0.000000000000000000e+00,5.585165533850192432e+00,4.728658067754500927e+00
4.813351575449382835e+03,-1.522185539753455487e+03,1.567904001060458370e+02,1.420369025831275849e+02,-4.226694543239890578e+01,0.000000000000000000e+00,5.585165533850192432e+00,4.728658067754500927e+00
4.827555265707695980e+03,-1.526412234296695488e+03,1.567904001060458370e+02,1.420369025831275849e+02,-4.226694543239890578e+01,0.000000000000000000e+00,5.585165533850192432e+00,4.728658067754500927e+00
4.841758955966009125e+03,-1.530638928839935488e+03,1.567904001060458370e+02,1.420369025831275849e+02,-4.226694543239890578e+01,0.000000000000000000e+00,5.585165533850192432e+00,4.728658067754500927e+00
4.855962646224322270e+03,-1.534865623383175489e+03,1.567904001060458370e+02,1.420369025831275849e+02,-4.226694543239890578e+01,0.000000000000000000e+00,5.585165533850192432e+00,4.728658067754500927e+00
4.870166336482635415e+03,-1.539092317926415490e+03,1.567904001060458370e+02,1.420369025831275849e+02,-4.226694543239890578e+01,0.000000000000000000e+00,5.585165533850192432e+00,4.728658067754500927e+00
4.884370026740948560e+03,-1.543319012469655490e+03,1.567904001060458370e+02,1.420369025831275849e+02,-4.226694543239890578e+01,0.000000000000000000e+00,5.585165533850192432e+00,4.728658067754500927e+00
4.898573716999261705e+03,-1.547545707012895491e+03,1.567904001060458370e+02,1.420369025831275849e+02,-4.226694543239890578e+01,0.000000000000000000e+00,5.585165533850192432e+00,4.728658067754500927e+00
4.912777407257574851e+03,-1.551772401556135492e+03,1.567904001060458370e+02,1.420369025831275849e+02,-4.226694543239890578e+01,0.000000000000000000e+00,5.585165533850192432e+00,4.728658067754500927e+00
4.926981097515887996e+03,-1.555999096099375492e+03,1.567904001060458370e+02,1.420369025831275849e+02,-4.226694543239890578e+01,0.000000000000000000e+00,5.585165533850192432e+00,4.728658067754500927e+00
4.941184787774201141e+03,-1.560225790642615493e+03,1.567904001060458370e+02,1.420369025831275849e+02,-4.226694543239890578e+01,0.000000000000000000e+00,5.585165533850192432e+00,4.728658067754500927e+00
4.955388478032514286e+03,-1.564452485185855494e+03,1.567904001060458370e+02,1.420369025831275849e+02,-4.226694543239890578e+01,0.000000000000000000e+00,5.585165533850192432e+00,4.728658067754500927e+00
4.969592168290827431e+03,-1.568679179729095495e+03,1.567904001060458370e+02,1.420369025831275849e+02,-4.226694543239890578e+01,0.000000000000000000e+00,5.585165533850192432e+00,4.728658067754500927e+00
4.983795858549140576e+03,-1.572905874272335495e+03,1.567904001060458370e+02,1.420369025831275849e+02,-4.226694543239890578e+01,0.000000000000000000e+00,5.585165533850192432e+00,4.728658067754500927e+00
4.997999548807453721e+03,-1.577132568815575496e+03,1.567904001060458370e+02,1.420369025831275849e+02,-4.226694543239890578e+01,0.000000000000000000e+00,5.585165533850192432e+00,4.728658067754500927e+00
5.012203239065766866e+03,-1.581359263358815497e+03,1.567904001060458370e+02,1.420369025831275849e+02,-4.226694543239890578e+01,0.000000000000000000e+00,5.585165533850192432e+00,4.728658067754500927e+00
5.026406929324080011e+03,-1.585585957902055497e+03,1.567904001060458370e+02,1.420369025831275849e+02,-4.226694543239890578e+01,0.000000000000000000e+00,5.585165533850192432e+00,4.728658067754500927e+00
5.040610619582393156e+03,-1.589812652445295498e+03,1.567904001060458370e+02,1.420369025831275849e+02,-4.226694543239890578e+01,0.000000000000000000e+00,5.585165533850192432e+00,4.728658067754500927e+00
5.054814309840706301e+03,-1.594039346988535499e+03,1.567904001060458370e+02,1.420369025831275849e+02,-4.226694543239890578e+01,0.000000000000000000e+00,5.585165533850192432e+00,4.728658067754500927e+00
5.069018000099019446e+03,-1.598266041531775500e+03,1.567904001060458370e+02,1.420369025831275849e+02,-4.226694543239890578e+01,0.000000000000000000e+00,5.585165533850192432e+00,4.728658067754500927e+00
5.083221690357332591e+03,-1.602492736075015500e+03,1.567904001060458370e+02,1.420369025831275849e+02,-4.226694543239890578e+01,0.000000000000000000e+00,5.585165533850192432e+00,4.728658067754500927e+00
5.097425380615645736e+03,-1.606719430618255501e+03,1.567904001060458370e+02,1.420369025831275849e+02,-4.226694543239890578e+01,0.000000000000000000e+00,5.585165533850192432e+00,4.728658067754500927e+00
5.111629070873958881e+03,-1.610946125161495502e+03,1.567904001060458370e+02,1.420369025831275849e+02,-4.226694543239890578e+01,0.000000000000000000e+00,5.585165533850192432e+00,4.728658067754500927e+00
5.125832761132272026e+03,-1.615172819704735502e+03,1.567904001060458370e+02,1.420369025831275849e+02,-4.226694543239890578e+01,0.000000000000000000e+00,5.585165533850192432e+00,4.728658067754500927e+00
5.140036451390585171e+03,-1.619399514247975503e+03,1.567904001060458370e+02,1.420369025831275849e+02,-4.226694543239890578e+01,0.000000000000000000e+00,5.585165533850192432e+00,4.728658067754500927e+00
5.154240141648898316e+03,-1.623626208791215504e+03,1.567904001060458370e+02,1.420369025831275849e+02,-4.226694543239890578e+01,0.000000000000000000e+00,5.585165533850192432e+00,4.728658067754500927e+00
5.168443831907211461e+03,-1.627852903334455505e+03,1.567904001060458370e+02,1.420369025831275849e+02,-4.226694543239890578e+01,0.000000000000000000e+00,5.585165533850192432e+00,4.728658067754500927e+00
5.182647522165524606e+03,-1.632079597877695505e+03,1.567904001060458370e+02,1.420369025831275849e+02,-4.226694543239890578e+01,0.000000000000000000e+00,5.585165533850192432e+00,4.728658067754500927e+00
5.196851212423837751e+03,-1.636306292420935506e+03,1.567904001060458370e+02,1.420369025831275849e+02,-4.226694543239890578e+01,0.000000000000000000e+00,5.585165533850192432e+00,4.728658067754500927e+00
5.211054902682150896e+03,-1.640532986964175507e+03,1.567904001060458370e+02,1.420369025831275849e+02,-4.226694543239890578e+01,0.000000000000000000e+00,5.585165533850192432e+00,4.728658067754500927e+00
5.225258592940464041e+03,-1.644759681507415507e+03,1.567904001060458370e+02,1.420369025831275849e+02,-4.226694543239890578e+01,0.000000000000000000e+00,5.585165533850192432e+00,4.728658067754500927e+00
5.239462283198777186e+03,-1.648986376050655508e+03,1.567904001060458370e+02,1.420369025831275849e+02,-4.226694543239890578e+01,0.000000000000000000e+00,5.585165533850192432e+00,4.728658067754500927e+00
5.253665973457090331e+03,-1.653213070593895509e+03,1.567904001060458370e+02,1.420369025831275849e+02,-4.226694543239890578e+01,0.000000000000000000e+00,5.585165533850192432e+00,4.728658067754500927e+00
5.267869663715403476e+03,-1.657439765137135510e+03,1.567904001060458370e+02,1.420369025831275849e+02,-4.226694543239890578e+01,0.000000000000000000e+00,5.585165533850192432e+00,4.728658067754500927e+00
5.282073353973716621e+03,-1.661666459680375510e+03,1.567904001060458370e+02,1.420369025831275849e+02,-4.226694543239890578e+01,0.000000000000000000e+00,5.585165533850192432e+00,4.728658067754500927e+00
5.296277044232029766e+03,-1.665893154223615511e+03,1.567904001060458370e+02,1.420369025831275849e+02,-4.226694543239890578e+01,0.000000000000000000e+00,5.585165533850192432e+00,4.728658067754500927e+00
5.310480734490342911e+03,-1.670119848766855512e+03,1.567904001060458370e+02,1.420369025831275849e+02,-4.226694543239890578e+01,0.000000000000000000e+00,5.585165533850192432e+00,4.728658067754500927e+00
5.324684424748656056e+03,-1.674346543310095512e+03,1.567904001060458370e+02,1.420369025831275849e+02,-4.226694543239890578e+01,0.000000000000000000e+00,5.585165533850192432e+00,4.728658067754500927e+00
5.338888115006969201e+03,-1.678573237853335513e+03,1.567904001060458370e+02,1.420369025831275849e+02,-4.226694543239890578e+01,0.000000000000000000e+00,5.585165533850192432e+00,4.728658067754500927e+00
5.353091805265282346e+03,-1.682799932396575514e+03,1.567904001060458370e+02,1.420369025831275849e+02,-4.226694543239890578e+01,0.000000000000000000e+00,5.585165533850192432e+00,4.728658067754500927e+00
5.367295495523595491e+03,-1.687026626939815515e+03,1.567904001060458370e+02,1.420369025831275849e+02,-4.226694543239890578e+01,0.000000000000000000e+00,5.585165533850192432e+00,4.728658067754500927e+00
5.381499185781908636e+03,-1.691253321483055515e+03,1.567904001060458370e+02,1.420369025831275849e+02,-4.226694543239890578e+01,0.000000000000000000e+00,5.585165533850192432e+00,4.728658067754500927e+00
5.395702876040221781e+03,-1.695480016026295516e+03,1.567904001060458370e+02,1.420369025831275849e+02,-4.226694543239890578e+01,0.000000000000000000e+00,5.585165533850192432e+00,4.728658067754500927e+00
5.409906566298534926e+03,-1.699706710569535517e+03,1.567904001060458370e+02,1.420369025831275849e+02,-4.226694543239890578e+01,0.000000000000000000e+00,5.585165533850192432e+00,4.728658067754500927e+00
5.424110256556848071e+03,-1.703933405112775517e+03,1.567904001060458370e+02,1.420369025831275849e+02,-4.226694543239890578e+01,0.000000000000000000e+00,5.585165533850192432e+00,4.728658067754500927e+00
5.438313946815161216e+03,-1.708160099656015518e+03,1.567904001060458370e+02,1.420369025831275849e+02,-4.226694543239890578e+01,0.000000000000000000e+00,5.585165533850192432e+00,4.728658067754500927e+00
5.452517637073474361e+03,-1.712386794199255519e+03,1.567904001060458370e+02,1.420369025831275849e+02,-4.226694543239890578e+01,0.000000000000000000e+00,5.585165533850192432e+00,4.728658067754500927e+00
5.466721327331787506e+03,-1.716613488742495520e+03,1.567904001060458370e+02,1.420369025831275849e+02,-4.226694543239890578e+01,0.000000000000000000e+00,5.585165533850192432e+00,4.728658067754500927e+00
5.480925017590100651e+03,-1.720840183285735520e+03,1.567904001060458370e+02,1.420369025831275849e+02,-4.226694543239890578e+01,0.000000000000000000e+00,5.585165533850192432e+00,4.728658067754500927e+00
5.495128707848413796e+03,-1.725066877828975521e+03,1.567904001060458370e+02,1.420369025831275849e+02,-4.226694543239890578e+01,0.000000000000000000e+00,5.585165533850192432e+00,4.728658067754500927e+00
5.509332398106726941e+03,-1.729293572372215522e+03,1.567904001060458370e+02,1.420369025831275849e+02,-4.226694543239890578e+01,0.000000000000000000e+00,5.585165533850192432e+00,4.728658067754500927e+00
5.523536088365040087e+03,-1.733520266915455522e+03,1.567904001060458370e+02,1.420369025831275849e+02,-4.226694543239890578e+01,0.000000000000000000e+00,5.585165533850192432e+00,4.728658067754500927e+00
5.537739778623353232e+03,-1.737746961458695523e+03,1.567904001060458370e+02,1.420369025831275849e+02,-4.226694543239890578e+01,0.000000000000000000e+00,5.585165533850192432e+00,4.728658067754500927e+00
5.551943468881666377e+03,-1.741973656001935524e+03,1.567904001060458370e+02,1.420369025831275849e+02,-4.226694543239890578e+01,0.000000000000000000e+00,5.585165533850192432e+00,4.728658067754500927e+00
5.566147159139979522e+03,-1.746200350545175525e+03,1.567904001060458370e+02,1.420369025831275849e+02,-4.226694543239890578e+01,0.000000000000000000e+00,5.585165533850192432e+00,4.728658067754500927e+00
5.580350849398292667e+03,-1.750427045088415525e+03,1.567904001060458370e+02,1.420369025831275849e+02,-4.226694543239890578e+01,0.000000000000000000e+00,5.585165533850192432e+00,4.728658067754500927e+00
5.594554539656605812e+03,-1.754653739631655526e+03,1.567904001060458370e+02,1.420369025831275849e+02,-4.226694543239890578e+01,0.000000000000000000e+00,5.585165533850192432e+00,4.728658067754500927e+00
5.608758229914918957e+03,-1.758880434174895527e+03,1.567904001060458370e+02,1.420369025831275849e+02,-4.226694543239890578e+01,0.000000000000000000e+00,5.585165533850192432e+00,4.728658067754500927e+00
5.622961920173232102e+03,-1.763107128718135527e+03,1.567904001060458370e+02,1.420369025831275849e+02,-4.226694543239890578e+01,0.000000000000000000e+00,5.585165533850192432e+00,4.728658067754500927e+00
5.637165610431545247e+03,-1.767333823261375528e+03,1.567904001060458370e+02,1.420369025831275849e+02,-4.226694543239890578e+01,0.000000000000000000e+00,5.585165533850192432e+00,4.728658067754500927e+00
5.651369300689858392e+03,-1.771560517804615529e+03,1.567904001060458370e+02,1.420369025831275849e+02,-4.226694543239890578e+01,0.000000000000000000e+00,5.585165533850192432e+00,4.728658067754500927e+00
5.665572990948171537e+03,-1.775787212347855530e+03,1.567904001060458370e+02,1.420369025831275849e+02,-4.226694543239890578e+01,0.000000000000000000e+00,5.585165533850192432e+00,4.728658067754500927e+00
5.679776681206484682e+03,-1.780013906891095530e+03,1.567904001060458370e+02,1.420369025831275849e+02,-4.226694543239890578e+01,0.000000000000000000e+00,5.585165533850192432e+00,4.728658067754500927e+00
5.693980371464797827e+03,-1.784240601434335531e+03,1.567904001060458370e+02,1.420369025831275849e+02,-4.226694543239890578e+01,0.000000000000000000e+00,5.585165533850192432e+00,4.728658067754500927e+00
5.708184061723110972e+03,-1.788467295977575532e+03,1.567904001060458370e+02,1.420369025831275849e+02,-4.226694543239890578e+01,0.000000000000000000e+00,5.585165533850192432e+00,4.728658067754500927e+00
5.722387751981424117e+03,-1.792693990520815532e+03,1.567904001060458370e+02,1.420369025831275849e+02,-4.226694543239890578e+01,0.000000000000000000e+00,5.585165533850192432e+00,4.728658067754500927e+00
5.736591442239737262e+03,-1.796920685064055533e+03,1.567904001060458370e+02,1.420369025831275849e+02,-4.226694543239890578e+01,0.000000000000000000e+00,5.585165533850192432e+00,4.728658067754500927e+00
5.750795132498050407e+03,-1.801147379607295534e+03,1.567904001060458370e+02,1.420369025831275849e+02,-4.226694543239890578e+01,0.000000000000000000e+00,5.585165533850192432e+00,4.728658067754500927e+00
5.764998822756363552e+03,-1.805374074150535534e+03,1.567904001060458370e+02,1.420369025831275849e+02,-4.226694543239890578e+01,0.000000000000000000e+00,5.585165533850192432e+00,4.728658067754500927e+00
5.779202513014676697e+03,-1.809600768693775535e+03,1.567904001060458370e+02,1.420369025831275849e+02,-4.226694543239890578e+01,0.000000000000000000e+00,5.585165533850192432e+00,4.728658067754500927e+00
5.793406203272989842e+03,-1.813827463237015536e+03,1.567904001060458370e+02,1.420369025831275849e+02,-4.226694543239890578e+01,0.000000000000000000e+00,5.585165533850192432e+00,4.728658067754500927e+00
5.807609893531302987e+03,-1.818054157780255537e+03,1.567904001060458370e+02,1.420369025831275849e+02,-4.226694543239890578e+01,0.000000000000000000e+00,5.585165533850192432e+00,4.728658067754500927e+00
5.821813583789616132e+03,-1.822280852323495537e+03,1.567904001060458370e+02,1.420369025831275849e+02,-4.226694543239890578e+01,0.000000000000000000e+00,5.585165533850192432e+00,4.728658067754500927e+00
5.836017274047929277e+03,-1.826507546866735538e+03,1.567904001060458370e+02,1.420369025831275849e+02,-4.226694543239890578e+01,0.000000000000000000e+00,5.585165533850192432e+00,4.728658067754500927e+00
5.850220964306242422e+03,-1.830734241409975539e+03,1.567904001060458370e+02,1.420369025831275849e+02,-4.226694543239890578e+01,0.000000000000000000e+00,5.585165533850192432e+00,4.728658067754500927e+00
5.864424654564555567e+03,-1.834960935953215539e+03,1.567904001060458370e+02,1.420369025831275849e+02,-4.226694543239890578e+01,0.000000000000000000e+00,5.585165533850192432e+00,4.728658067754500927e+00
5.878628344822868712e+03,-1.839187630496455540e+03,1.567904001060458370e+02,1.420369025831275849e+02,-4.226694543239890578e+01,0.000000000000000000e+00,5.585165533850192432e+00,4.728658067754500927e+00
5.892832035081181857e+03,-1.843414325039695541e+03,1.567904001060458370e+02,1.420369025831275849e+02,-4.226694543239890578e+01,0.000000000000000000e+00,5.585165533850192432e+00,4.728658067754500927e+00
5.907035725339495002e+03,-1.847641019582935542e+03,1.567904001060458370e+02,1.420369025831275849e+02,-4.226694543239890578e+01,0.000000000000000000e+00,5.585165533850192432e+00,4.728658067754500927e+00
5.921239415597808147e+03,-1.851867714126175542e+03,1.567904001060458370e+02,1.420369025831275849e+02,-4.226694543239890578e+01,0.000000000000000000e+00,5.585165533850192432e+00,4.728658067754500927e+00
5.935443105856121292e+03,-1.856094408669415543e+03,1.567904001060458370e+02,1.420369025831275849e+02,-4.226694543239890578e+01,0.000000000000000000e+00,5.585165533850192432e+00,4.728658067754500927e+00
5.949646796114434437e+03,-1.860321103212655544e+03,1.567904001060458370e+02,1.420369025831275849e+02,-4.226694543239890578e+01,0.000000000000000000e+00,5.585165533850192432e+00,4.728658067754500927e+00
5.963850486372747582e+03,-1.864547797755895544e+03,1.567904001060458370e+02,1.420369025831275849e+02,-4.226694543239890578e+01,0.000000000000000000e+00,5.585165533850192432e+00,4.728658067754500927e+00
5.978054176631060727e+03,-1.868774492299135545e+03,1.567904001060458370e+02,1.420369025831275849e+02,-4.226694543239890578e+01,0.000000000000000000e+00,5.585165533850192432e+00,4.728658067754500927e+00
5.992257866889373872e+03,-1.873001186842375546e+03,1.567904001060458370e+02,1.420369025831275849e+02,-4.226694543239890578e+01,0.000000000000000000e+00,5.585165533850192432e+00,4.728658067754500927e+00
6.006461557147687017e+03,-1.877227881385615547e+03,1.567904001060458370e+02,1.420369025831275849e+02,-4.226694543239890578e+01,0.000000000000000000e+00,5.585165533850192432e+00,4.728658067754500927e+00
6.020665247406000162e+03,-1.881454575928855547e+03,1.567904001060458370e+02,1.420369025831275849e+02,-4.226694543239890578e+01,0.000000000000000000e+00,5.585165533850192432e+00,4.728658067754500927e+00
6.034868937664313307e+03,-1.885681270472095548e+03,1.567904001060458370e+02,1.420369025831275849e+02,-4.226694543239890578e+01,0.000000000000000000e+00,5.585165533850192432e+00,4.728658067754500927e+00
6.049072627922626452e+03,-1.889907965015335549e+03,1.567904001060458370e+02,1.420369025831275849e+02,-4.226694543239890578e+01,0.000000000000000000e+00,5.585165533850192432e+00,4.728658067754500927e+00
6.063276318180939597e+03,-1.894134659558575549e+03,1.567904001060458370e+02,1.420369025831275849e+02,-4.226694543239890578e+01,0.000000000000000000e+00,5.585165533850192432e+00,4.728658067754500927e+00
6.077480008439252742e+03,-1.898361354101815550e+03,1.567904001060458370e+02,1.420369025831275849e+02,-4.226694543239890578e+01,0.000000000000000000e+00,5.585165533850192432e+00,4.728658067754500927e+00
6.091683698697565887e+03,-1.902588048645055551e+03,1.567904001060458370e+02,1.420369025831275849e+02,-4.226694543239890578e+01,0.000000000000000000e+00,5.585165533850192432e+00,4.728658067754500927e+00
6.105887388955879032e+03,-1.906814743188295552e+03,1.567904001060458370e+02,1.420369025831275849e+02,-4.226694543239890578e+01,0.000000000000000000e+00,5.585165533850192432e+00,4.728658067754500927e+00
6.120091079214192177e+03,-1.911041437731535552e+03,1.567904001060458370e+02,1.420369025831275849e+02,-4.226694543239890578e+01,0.000000000000000000e+00,5.585165533850192432e+00,4.728658067754500927e+00
6.134294769472505322e+03,-1.915268132274775553e+03,1.567904001060458370e+02,1.420369025831275849e+02,-4.226694543239890578e+01,0.000000000000000000e+00,5.585165533850192432e+00,4.728658067754500927e+00
6.148498459730818468e+03,-1.919494826818015554e+03,1.567904001060458370e+02,1.420369025831275849e+02,-4.226694543239890578e+01,0.000000000000000000e+00,5.585165533850192432e+00,4.728658067754500927e+00
6.162702149989131613e+03,-1.923721521361255554e+03,1.567904001060458370e+02,1.420369025831275849e+02,-4.226694543239890578e+01,0.000000000000000000e+00,5.585165533850192432e+00,4.728658067754500927e+00
6.176905840247444758e+03,-1.927948215904495555e+03,1.567904001060458370e+02,1.420369025831275849e+02,-4.226694543239890578e+01,0.000000000000000000e+00,5.585165533850192432e+00,4.728658067754500927e+00
6.191109530505757903e+03,-1.932174910447735556e+03,1.567904001060458370e+02,1.420369025831275849e+02,-4.226694543239890578e+01,0.000000000000000000e+00,5.585165533850192432e+00,4.728658067754500927e+00
6.205313220764071048e+03,-1.936401604990975557e+03,1.567904001060458370e+02,1.420369025831275849e+02,-4.226694543239890578e+01,0.000000000000000000e+00,5.585165533850192432e+00,4.728658067754500927e+00
6.219516911022384193e+03,-1.940628299534215557e+03,1.567904001060458370e+02,1.420369025831275849e+02,-4.226694543239890578e+01,0.000000000000000000e+00,5.585165533850192432e+00,4.728658067754500927e+00
6.233720601280697338e+03,-1.944854994077455558e+03,1.567904001060458370e+02,1.420369025831275849e+02,-4.226694543239890578e+01,0.000000000000000000e+00,5.585165533850192432e+00,4.728658067754500927e+00
6.247924291539010483e+03,-1.949081688620695559e+03,1.567904001060458370e+02,1.420369025831275849e+02,-4.226694543239890578e+01,0.000000000000000000e+00,5.585165533850192432e+00,4.728658067754500927e+00
6.262127981797323628e+03,-1.953308383163935559e+03,1.567904001060458370e+02,1.420369025831275849e+02,-4.226694543239890578e+01,0.000000000000000000e+00,5.585165533850192432e+00,4.728658067754500927e+00
6.276331672055636773e+03,-1.957535077707175560e+03,1.567904001060458370e+02,1.420369025831275849e+02,-4.226694543239890578e+01,0.000000000000000000e+00,5.585165533850192432e+00,4.728658067754500927e+00
6.290535362313949918e+03,-1.961761772250415561e+03,1.567904001060458370e+02,1.420369025831275849e+02,-4.226694543239890578e+01,0.000000000000000000e+00,5.585165533850192432e+00,4.728658067754500927e+00
6.304739052572263063e+03,-1.965988466793655562e+03,1.567904001060458370e+02,1.420369025831275849e+02,-4.226694543239890578e+01,0.000000000000000000e+00,5.585165533850192432e+00,4.728658067754500927e+00
6.318942742830576208e+03,-1.970215161336895562e+03,1.567904001060458370e+02,1.420369025831275849e+02,-4.226694543239890578e+01,0.000000000000000000e+00,5.585165533850192432e+00,4.728658067754500927e+00
6.333146433088889353e+03,-1.974441855880135563e+03,1.567904001060458370e+02,1.420369025831275849e+02,-4.226694543239890578e+01,0.000000000000000000e+00,5.585165533850192432e+00,4.728658067754500927e+00
6.347350123347202498e+03,-1.978668550423375564e+03,1.567904001060458370e+02,1.420369025831275849e+02,-4.226694543239890578e+01,0.000000000000000000e+00,5.585165533850192432e+00,4.728658067754500927e+00
6.361553813605515643e+03,-1.982895244966615564e+03,1.567904001060458370e+02,1.420369025831275849e+02,-4.226694543239890578e+01,0.000000000000000000e+00,5.585165533850192432e+00,4.728658067754500927e+00
6.375757503863828788e+03,-1.987121939509855565e+03,1.567904001060458370e+02,1.420369025831275849e+02,-4.226694543239890578e+01,0.000000000000000000e+00,5.585165533850192432e+00,4.728658067754500927e+00
6.389961194122141933e+03,-1.991348634053095566e+03,1.567904001060458370e+02,1.420369025831275849e+02,-4.226694543239890578e+01,0.000000000000000000e+00,5.585165533850192432e+00,4.728658067754500927e+00
6.404164884380455078e+03,-1.995575328596335567e+03,1.567904001060458370e+02,1.420369025831275849e+02,-4.226694543239890578e+01,0.000000000000000000e+00,5.585165533850192432e+00,4.728658067754500927e+00
6.418368574638768223e+03,-1.999802023139575567e+03,1.567904001060458370e+02,1.420369025831275849e+02,-4.226694543239890578e+01,0.000000000000000000e+00,5.585165533850192432e+00,4.728658067754500927e+00
6.432572264897081368e+03,-2.004028717682815568e+03,1.567904001060458370e+02,1.420369025831275849e+02,-4.226694543239890578e+01,0.000000000000000000e+00,5.585165533850192432e+00,4.728658067754500927e+00
6.446775955155394513e+03,-2.008255412226055569e+03,1.567904001060458370e+02,1.420369025831275849e+02,-4.226694543239890578e+01,0.000000000000000000e+00,5.585165533850192432e+00,4.728658067754500927e+00
6.460979645413707658e+03,-2.012482106769295569e+03,1.567904001060458370e+02,1.420369025831275849e+02,-4.226694543239890578e+01,0.000000000000000000e+00,5.585165533850192432e+00,4.728658067754500927e+00
6.475183335672020803e+03,-2.016708801312535570e+03,1.567904001060458370e+02,1.420369025831275849e+02,-4.226694543239890578e+01,0.000000000000000000e+00,5.585165533850192432e+00,4.728658067754500927e+00
6.489387025930333948e+03,-2.020935495855775571e+03,1.567904001060458370e+02,1.420369025831275849e+02,-4.226694543239890578e+01,0.000000000000000000e+00,5.585165533850192432e+00,4.728658067754500927e+00
6.503590716188647093e+03,-2.025162190399015572e+03,1.567904001060458370e+02,1.420369025831275849e+02,-4.226694543239890578e+01,0.000000000000000000e+00,5.585165533850192432e+00,4.728658067754500927e+00
6.517794406446960238e+03,-2.029388884942255572e+03,1.567904001060458370e+02,1.420369025831275849e+02,-4.226694543239890578e+01,0.000000000000000000e+00,5.585165533850192432e+00,4.728658067754500927e+00
6.531998096705273383e+03,-2.033615579485495573e+03,1.567904001060458370e+02,1.420369025831275849e+02,-4.226694543239890578e+01,0.000000000000000000e+00,5.585165533850192432e+00,4.728658067754500927e+00
6.546201786963586528e+03,-2.037842274028735574e+03,1.567904001060458370e+02,1.420369025831275849e+02,-4.226694543239890578e+01,0.000000000000000000e+00,5.585165533850192432e+00,4.728658067754500927e+00
6.560405477221899673e+03,-2.042068968571975574e+03,1.567904001060458370e+02,1.420369025831275849e+02,-4.226694543239890578e+01,0.000000000000000000e+00,5.585165533850192432e+00,4.728658067754500927e+00
6.574609167480212818e+03,-2.046295663115215575e+03,1.567904001060458370e+02,1.420369025831275849e+02,-4.226694543239890578e+01,0.000000000000000000e+00,5.585165533850192432e+00,4.728658067754500927e+00
6.588812857738525963e+03,-2.050522357658455348e+03,1.567904001060458370e+02,1.420369025831275849e+02,-4.226694543239890578e+01,0.000000000000000000e+00,5.585165533850192432e+00,4.728658067754500927e+00
6.603016547996839108e+03,-2.054749052201695122e+03,1.567904001060458370e+02,1.420369025831275849e+02,-4.226694543239890578e+01,0.000000000000000000e+00,5.585165533850192432e+00,4.728658067754500927e+00
6.617220238255152253e+03,-2.058975746744934895e+03,1.567904001060458370e+02,1.420369025831275849e+02,-4.226694543239890578e+01,0.000000000000000000e+00,5.585165533850192432e+00,4.728658067754500927e+00
6.631423928513465398e+03,-2.063202441288174668e+03,1.567904001060458370e+02,1.420369025831275849e+02,-4.226694543239890578e+01,0.000000000000000000e+00,5.585165533850192432e+00,4.728658067754500927e+00
6.645627618771778543e+03,-2.067429135831414442e+03,1.567904001060458370e+02,1.420369025831275849e+02,-4.226694543239890578e+01,0.000000000000000000e+00,5.585165533850192432e+00,4.728658067754500927e+00
6.659831309030091688e+03,-2.071655830374654215e+03,1.567904001060458370e+02,1.420369025831275849e+02,-4.226694543239890578e+01,0.000000000000000000e+00,5.585165533850192432e+00,4.728658067754500927e+00
6.674034999288404833e+03,-2.075882524917893988e+03,1.567904001060458370e+02,1.420369025831275849e+02,-4.226694543239890578e+01,0.000000000000000000e+00,5.585165533850192432e+00,4.728658067754500927e+00
6.688238689546717978e+03,-2.080109219461133762e+03,1.567904001060458370e+02,1.420369025831275849e+02,-4.226694543239890578e+01,0.000000000000000000e+00,5.585165533850192432e+00,4.728658067754500927e+00
6.702442379805031123e+03,-2.084335914004373535e+03,1.567904001060458370e+02,1.420369025831275849e+02,-4.226694543239890578e+01,0.000000000000000000e+00,5.585165533850192432e+00,4.728658067754500927e+00
6.716646070063344268e+03,-2.088562608547613308e+03,1.567904001060458370e+02,1.420369025831275849e+02,-4.226694543239890578e+01,0.000000000000000000e+00,5.585165533850192432e+00,4.728658067754500927e+00
6.730849760321657413e+03,-2.092789303090853082e+03,1.567904001060458370e+02,1.420369025831275849e+02,-4.226694543239890578e+01,0.000000000000000000e+00,5.585165533850192432e+00,4.728658067754500927e+00
6.745053450579970558e+03,-2.097015997634092855e+03,1.567904001060458370e+02,1.420369025831275849e+02,-4.226694543239890578e+01,0.000000000000000000e+00,5.585165533850192432e+00,4.728658067754500927e+00
6.759257140838283703e+03,-2.101242692177332628e+03,1.567904001060458370e+02,1.420369025831275849e+02,-4.226694543239890578e+01,0.000000000000000000e+00,5.585165533850192432e+00,4.728658067754500927e+00
6.773460831096596849e+03,-2.105469386720572402e+03,1.567904001060458370e+02,1.420369025831275849e+02,-4.226694543239890578e+01,0.000000000000000000e+00,5.585165533850192432e+00,4.728658067754500927e+00
6.787664521354909994e+03,-2.109696081263812175e+03,1.567904001060458370e+02,1.420369025831275849e+02,-4.226694543239890578e+01,0.000000000000000000e+00,5.585165533850192432e+00,4.728658067754500927e+00
6.801868211613223139e+03,-2.113922775807051949e+03,1.567904001060458370e+02,1.420369025831275849e+02,-4.226694543239890578e+01,0.000000000000000000e+00,5.585165533850192432e+00,4.728658067754500927e+00
6.816071901871536284e+03,-2.118149470350291722e+03,1.567904001060458370e+02,1.420369025831275849e+02,-4.226694543239890578e+01,0.000000000000000000e+00,5.585165533850192432e+00,4.728658067754500927e+00
6.830275592129849429e+03,-2.122376164893531495e+03,1.567904001060458370e+02,1.420369025831275849e+02,-4.226694543239890578e+01,0.000000000000000000e+00,5.585165533850192432e+00,4.728658067754500927e+00
6.844479282388162574e+03,-2.126602859436771269e+03,1.567904001060458370e+02,1.420369025831275849e+02,-4.226694543239890578e+01,0.000000000000000000e+00,5.585165533850192432e+00,4.728658067754500927e+00
6.858682972646475719e+03,-2.130829553980011042e+03,1.567904001060458370e+02,1.420369025831275849e+02,-4.226694543239890578e+01,0.000000000000000000e+00,5.585165533850192432e+00,4.728658067754500927e+00
6.872886662904788864e+03,-2.135056248523250815e+03,1.567904001060458370e+02,1.420369025831275849e+02,-4.226694543239890578e+01,0.000000000000000000e+00,5.585165533850192432e+00,4.728658067754500927e+00
6.887090353163102009e+03,-2.139282943066490589e+03,1.567904001060458370e+02,1.420369025831275849e+02,-4.226694543239890578e+01,0.000000000000000000e+00,5.585165533850192432e+00,4.728658067754500927e+00
6.901294043421415154e+03,-2.143509637609730362e+03,1.567904001060458370e+02,1.420369025831275849e+02,-4.226694543239890578e+01,0.000000000000000000e+00,5.585165533850192432e+00,4.728658067754500927e+00
6.915497733679728299e+03,-2.147736332152970135e+03,1.567904001060458370e+02,1.420369025831275849e+02,-4.226694543239890578e+01,0.000000000000000000e+00,5.585165533850192432e+00,4.728658067754500927e+00
6.929701423938041444e+03,-2.151963026696209909e+03,1.567904001060458370e+02,1.420369025831275849e+02,-4.226694543239890578e+01,0.000000000000000000e+00,5.585165533850192432e+00,4.728658067754500927e+00
6.943905114196354589e+03,-2.156189721239449682e+03,1.567904001060458370e+02,1.420369025831275849e+02,-4.226694543239890578e+01,0.000000000000000000e+00,5.585165533850192432e+00,4.728658067754500927e+00
6.958108804454667734e+03,-2.160416415782689455e+03,1.567904001060458370e+02,1.420369025831275849e+02,-4.226694543239890578e+01,0.000000000000000000e+00,5.585165533850192432e+00,4.728658067754500927e+00
6.972312494712980879e+03,-2.164643110325929229e+03,1.567904001060458370e+02,1.420369025831275849e+02,-4.226694543239890578e+01,0.000000000000000000e+00,5.585165533850192432e+00,4.728658067754500927e+00
6.986516184971294024e+03,-2.168869804869169002e+03,1.567904001060458370e+02,1.420369025831275849e+02,-4.226694543239890578e+01,0.000000000000000000e+00,5.585165533850192432e+00,4.728658067754500927e+00
7.000719875229607169e+03,-2.173096499412408775e+03,1.567904001060458370e+02,1.420369025831275849e+02,-4.226694543239890578e+01,0.000000000000000000e+00,5.585165533850192432e+00,4.728658067754500927e+00
7.014923565487920314e+03,-2.177323193955648549e+03,1.567904001060458370e+02,1.420369025831275849e+02,-4.226694543239890578e+01,0.000000000000000000e+00,5.585165533850192432e+00,4.728658067754500927e+00
7.029127255746233459e+03,-2.181549888498888322e+03,1.567904001060458370e+02,1.420369025831275849e+02,-4.226694543239890578e+01,0.000000000000000000e+00,5.585165533850192432e+00,4.728658067754500927e+00
7.043330946004546604e+03,-2.185776583042128095e+03,1.567904001060458370e+02,1.420369025831275849e+02,-4.226694543239890578e+01,0.000000000000000000e+00,5.585165533850192432e+00,4.728658067754500927e+00
7.057534636262859749e+03,-2.190003277585367869e+03,1.567904001060458370e+02,1.420369025831275849e+02,-4.226694543239890578e+01,0.000000000000000000e+00,5.585165533850192432e+00,4.728658067754500927e+00
7.071738326521172894e+03,-2.194229972128607642e+03,1.567904001060458370e+02,1.420369025831275849e+02,-4.226694543239890578e+01,0.000000000000000000e+00,5.585165533850192432e+00,4.728658067754500927e+00
7.085942016779486039e+03,-2.198456666671847415e+03,1.567904001060458370e+02,1.420369025831275849e+02,-4.226694543239890578e+01,0.000000000000000000e+00,5.585165533850192432e+00,4.728658067754500927e+00
7.100145707037799184e+03,-2.202683361215087189e+03,1.567904001060458370e+02,1.420369025831275849e+02,-4.226694543239890578e+01,0.000000000000000000e+00,5.585165533850192432e+00,4.728658067754500927e+00
7.114349397296112329e+03,-2.206910055758326962e+03,1.567904001060458370e+02,1.420369025831275849e+02,-4.226694543239890578e+01,0.000000000000000000e+00,5.585165533850192432e+00,4.728658067754500927e+00
7.128553087554425474e+03,-2.211136750301566735e+03,1.567904001060458370e+02,1.420369025831275849e+02,-4.226694543239890578e+01,0.000000000000000000e+00,5.585165533850192432e+00,4.728658067754500927e+00
7.142756777812738619e+03,-2.215363444844806509e+03,1.567904001060458370e+02,1.420369025831275849e+02,-4.226694543239890578e+01,0.000000000000000000e+00,5.585165533850192432e+00,4.728658067754500927e+00
7.156960468071051764e+03,-2.219590139388046282e+03,1.567904001060458370e+02,1.420369025831275849e+02,-4.226694543239890578e+01,0.000000000000000000e+00,5.585165533850192432e+00,4.728658067754500927e+00
7.171164158329364909e+03,-2.223816833931286055e+03,1.567904001060458370e+02,1.420369025831275849e+02,-4.226694543239890578e+01,0.000000000000000000e+00,5.585165533850192432e+00,4.728658067754500927e+00
7.185367848587678054e+03,-2.228043528474525829e+03,1.567904001060458370e+02,1.420369025831275849e+02,-4.226694543239890578e+01,0.000000000000000000e+00,5.585165533850192432e+00,4.728658067754500927e+00
7.199571538845991199e+03,-2.232270223017765602e+03,1.567904001060458370e+02,1.420369025831275849e+02,-4.226694543239890578e+01,0.000000000000000000e+00,5.585165533850192432e+00,4.728658067754500927e+00
7.213775229104304344e+03,-2.236496917561005375e+03,1.567904001060458370e+02,1.420369025831275849e+02,-4.226694543239890578e+01,0.000000000000000000e+00,5.585165533850192432e+00,4.728658067754500927e+00
7.227978919362617489e+03,-2.240723612104245149e+03,1.567904001060458370e+02,1.420369025831275849e+02,-4.226694543239890578e+01,0.000000000000000000e+00,5.585165533850192432e+00,4.728658067754500927e+00
7.242182609620930634e+03,-2.244950306647484922e+03,1.567904001060458370e+02,1.420369025831275849e+02,-4.226694543239890578e+01,0.000000000000000000e+00,5.585165533850192432e+00,4.728658067754500927e+00
7.256386299879243779e+03,-2.249177001190724695e+03,1.567904001060458370e+02,1.420369025831275849e+02,-4.226694543239890578e+01,0.000000000000000000e+00,5.585165533850192432e+00,4.728658067754500927e+00
7.270589990137556924e+03,-2.253403695733964469e+03,1.567904001060458370e+02,1.420369025831275849e+02,-4.226694543239890578e+01,0.000000000000000000e+00,5.585165533850192432e+00,4.728658067754500927e+00
7.284793680395870069e+03,-2.257630390277204242e+03,1.567904001060458370e+02,1.420369025831275849e+02,-4.226694543239890578e+01,0.000000000000000000e+00,5.585165533850192432e+00,4.728658067754500927e+00
7.298997370654183214e+03,-2.261857084820444015e+03,1.567904001060458370e+02,1.420369025831275849e+02,-4.226694543239890578e+01,0.000000000000000000e+00,5.585165533850192432e+00,4.728658067754500927e+00
7.313201060912496359e+03,-2.266083779363683789e+03,1.567904001060458370e+02,1.420369025831275849e+02,-4.226694543239890578e+01,0.000000000000000000e+00,5.585165533850192432e+00,4.728658067754500927e+00
7.327404751170809504e+03,-2.270310473906923562e+03,1.567904001060458370e+02,1.420369025831275849e+02,-4.226694543239890578e+01,0.000000000000000000e+00,5.585165533850192432e+00,4.728658067754500927e+00
7.341608441429122649e+03,-2.274537168450163335e+03,1.567904001060458370e+02,1.420369025831275849e+02,-4.226694543239890578e+01,0.000000000000000000e+00,5.585165533850192432e+00,4.728658067754500927e+00
7.355812131687435794e+03,-2.278763862993403109e+03,1.567904001060458370e+02,1.420369025831275849e+02,-4.226694543239890578e+01,0.000000000000000000e+00,5.585165533850192432e+00,4.728658067754500927e+00
7.370015821945748939e+03,-2.282990557536642882e+03,1.567904001060458370e+02,1.420369025831275849e+02,-4.226694543239890578e+01,0.000000000000000000e+00,5.585165533850192432e+00,4.728658067754500927e+00
7.384219512204062084e+03,-2.287217252079882655e+03,1.567904001060458370e+02,1.420369025831275849e+02,-4.226694543239890578e+01,0.000000000000000000e+00,5.585165533850192432e+00,4.728658067754500927e+00
7.398423202462375230e+03,-2.291443946623122429e+03,1.567904001060458370e+02,1.420369025831275849e+02,-4.226694543239890578e+01,0.000000000000000000e+00,5.585165533850192432e+00,4.728658067754500927e+00
7.412626892720688375e+03,-2.295670641166362202e+03,1.567904001060458370e+02,1.420369025831275849e+02,-4.226694543239890578e+01,0.000000000000000000e+00,5.585165533850192432e+00,4.728658067754500927e+00
7.426830582979001520e+03,-2.299897335709601975e+03,1.567904001060458370e+02,1.420369025831275849e+02,-4.226694543239890578e+01,0.000000000000000000e+00,5.585165533850192432e+00,4.728658067754500927e+00
7.441034273237314665e+03,-2.304124030252841749e+03,1.567904001060458370e+02,1.420369025831275849e+02,-4.226694543239890578e+01,0.000000000000000000e+00,5.585165533850192432e+00,4.728658067754500927e+00
7.455237963495627810e+03,-2.308350724796081522e+03,1.567904001060458370e+02,1.420369025831275849e+02,-4.226694543239890578e+01,0.000000000000000000e+00,5.585165533850192432e+00,4.728658067754500927e+00
7.469441653753940955e+03,-2.312577419339321295e+03,1.567904001060458370e+02,1.420369025831275849e+02,-4.226694543239890578e+01,0.000000000000000000e+00,5.585165533850192432e+00,4.728658067754500927e+00
7.483645344012254100e+03,-2.316804113882561069e+03,1.567904001060458370e+02,1.420369025831275849e+02,-4.226694543239890578e+01,0.000000000000000000e+00,5.585165533850192432e+00,4.728658067754500927e+00
7.497849034270567245e+03,-2.321030808425800842e+03,1.567904001060458370e+02,1.420369025831275849e+02,-4.226694543239890578e+01,0.000000000000000000e+00,5.585165533850192432e+00,4.728658067754500927e+00
7.512052724528880390e+03,-2.325257502969040615e+03,1.567904001060458370e+02,1.420369025831275849e+02,-4.226694543239890578e+01,0.000000000000000000e+00,5.585165533850192432e+00,4.728658067754500927e+00
7.526256414787193535e+03,-2.329484197512280389e+03,1.567904001060458370e+02,1.420369025831275849e+02,-4.226694543239890578e+01,0.000000000000000000e+00,5.585165533850192432e+00,4.728658067754500927e+00
7.540460105045506680e+03,-2.333710892055520162e+03,1.567904001060458370e+02,1.420369025831275849e+02,-4.226694543239890578e+01,0.000000000000000000e+00,5.585165533850192432e+00,4.728658067754500927e+00
7.554663795303819825e+03,-2.337937586598759935e+03,1.567904001060458370e+02,1.420369025831275849e+02,-4.226694543239890578e+01,0.000000000000000000e+00,5.585165533850192432e+00,4.728658067754500927e+00
7.568867485562132970e+03,-2.342164281141999709e+03,1.567904001060458370e+02,1.420369025831275849e+02,-4.226694543239890578e+01,0.000000000000000000e+00,5.585165533850192432e+00,4.728658067754500927e+00
7.583071175820446115e+03,-2.346390975685239482e+03,1.567904001060458370e+02,1.420369025831275849e+02,-4.226694543239890578e+01,0.000000000000000000e+00,5.585165533850192432e+00,4.728658067754500927e+00
7.597274866078759260e+03,-2.350617670228479255e+03,1.567904001060458370e+02,1.420369025831275849e+02,-4.226694543239890578e+01,0.000000000000000000e+00,5.585165533850192432e+00,4.728658067754500927e+00
7.611478556337072405e+03,-2.354844364771719029e+03,1.567904001060458370e+02,1.420369025831275849e+02,-4.226694543239890578e+01,0.000000000000000000e+00,5.585165533850192432e+00,4.728658067754500927e+00
7.625682246595385550e+03,-2.359071059314958802e+03,1.567904001060458370e+02,1.420369025831275849e+02,-4.226694543239890578e+01,0.000000000000000000e+00,5.585165533850192432e+00,4.728658067754500927e+00
7.639885936853698695e+03,-2.363297753858198575e+03,1.567904001060458370e+02,1.420369025831275849e+02,-4.226694543239890578e+01,0.000000000000000000e+00,5.585165533850192432e+00,4.728658067754500927e+00
7.654089627112011840e+03,-2.367524448401438349e+03,1.567904001060458370e+02,1.420369025831275849e+02,-4.226694543239890578e+01,0.000000000000000000e+00,5.585165533850192432e+00,4.728658067754500927e+00
7.668293317370324985e+03,-2.371751142944678122e+03,1.567904001060458370e+02,1.420369025831275849e+02,-4.226694543239890578e+01,0.000000000000000000e+00,5.585165533850192432e+00,4.728658067754500927e+00
7.682497007628638130e+03,-2.375977837487917895e+03,1.567904001060458370e+02,1.420369025831275849e+02,-4.226694543239890578e+01,0.000000000000000000e+00,5.585165533850192432e+00,4.728658067754500927e+00
7.696700697886951275e+03,-2.380204532031157669e+03,1.567904001060458370e+02,1.420369025831275849e+02,-4.226694543239890578e+01,0.000000000000000000e+00,5.585165533850192432e+00,4.728658067754500927e+00
7.710904388145264420e+03,-2.384431226574397442e+03,1.567904001060458370e+02,1.420369025831275849e+02,-4.226694543239890578e+01,0.000000000000000000e+00,5.585165533850192432e+00,4.728658067754500927e+00
7.725108078403577565e+03,-2.388657921117637216e+03,1.567904001060458370e+02,1.420369025831275849e+02,-4.226694543239890578e+01,0.000000000000000000e+00,5.585165533850192432e+00,4.728658067754500927e+00
7.739311768661890710e+03,-2.392884615660876989e+03,1.567904001060458370e+02,1.420369025831275849e+02,-4.226694543239890578e+01,0.000000000000000000e+00,5.585165533850192432e+00,4.728658067754500927e+00
7.753515458920203855e+03,-2.397111310204116762e+03,1.567904001060458370e+02,1.420369025831275849e+02,-4.226694543239890578e+01,0.000000000000000000e+00,5.585165533850192432e+00,4.728658067754500927e+00
7.767719149178517000e+03,-2.401338004747356536e+03,1.567904001060458370e+02,1.420369025831275849e+02,-4.226694543239890578e+01,0.000000000000000000e+00,5.585165533850192432e+00,4.728658067754500927e+00
7.781922839436830145e+03,-2.405564699290596309e+03,1.567904001060458370e+02,1.420369025831275849e+02,-4.226694543239890578e+01,0.000000000000000000e+00,5.585165533850192432e+00,4.728658067754500927e+00
7.796126529695143290e+03,-2.409791393833836082e+03,1.567904001060458370e+02,1.420369025831275849e+02,-4.226694543239890578e+01,0.000000000000000000e+00,5.585165533850192432e+00,4.728658067754500927e+00
7.810330219953456435e+03,-2.414018088377075856e+03,1.567904001060458370e+02,1.420369025831275849e+02,-4.226694543239890578e+01,0.000000000000000000e+00,5.585165533850192432e+00,4.728658067754500927e+00
7.824533910211769580e+03,-2.418244782920315629e+03,1.567904001060458370e+02,1.420369025831275849e+02,-4.226694543239890578e+01,0.000000000000000000e+00,5.585165533850192432e+00,4.728658067754500927e+00
7.838737600470082725e+03,-2.422471477463555402e+03,1.567904001060458370e+02,1.420369025831275849e+02,-4.226694543239890578e+01,0.000000000000000000e+00,5.585165533850192432e+00,4.728658067754500927e+00
7.852941290728395870e+03,-2.426698172006795176e+03,1.567904001060458370e+02,1.420369025831275849e+02,-4.226694543239890578e+01,0.000000000000000000e+00,5.585165533850192432e+00,4.728658067754500927e+00
7.867144980986709015e+03,-2.430924866550034949e+03,1.567904001060458370e+02,1.420369025831275849e+02,-4.226694543239890578e+01,0.000000000000000000e+00,5.585165533850192432e+00,4.728658067754500927e+00
7.881348671245022160e+03,-2.435151561093274722e+03,1.567904001060458370e+02,1.420369025831275849e+02,-4.226694543239890578e+01,0.000000000000000000e+00,5.585165533850192432e+00,4.728658067754500927e+00
7.895552361503335305e+03,-2.439378255636514496e+03,1.567904001060458370e+02,1.420369025831275849e+02,-4.226694543239890578e+01,0.000000000000000000e+00,5.585165533850192432e+00,4.728658067754500927e+00
7.909756051761648450e+03,-2.443604950179754269e+03,1.567904001060458370e+02,1.420369025831275849e+02,-4.226694543239890578e+01,0.000000000000000000e+00,5.585165533850192432e+00,4.728658067754500927e+00
7.923959742019961595e+03,-2.447831644722994042e+03,1.567904001060458370e+02,1.420369025831275849e+02,-4.226694543239890578e+01,0.000000000000000000e+00,5.585165533850192432e+00,4.728658067754500927e+00
7.938163432278274740e+03,-2.452058339266233816e+03,1.567904001060458370e+02,1.420369025831275849e+02,-4.226694543239890578e+01,0.000000000000000000e+00,5.585165533850192432e+00,4.728658067754500927e+00
7.952367122536587885e+03,-2.456285033809473589e+03,1.567904001060458370e+02,1.420369025831275849e+02,-4.226694543239890578e+01,0.000000000000000000e+00,5.585165533850192432e+00,4.728658067754500927e+00
7.966570812794901030e+03,-2.460511728352713362e+03,1.567904001060458370e+02,1.420369025831275849e+02,-4.226694543239890578e+01,0.000000000000000000e+00,5.585165533850192432e+00,4.728658067754500927e+00
7.980774503053214175e+03,-2.464738422895953136e+03,1.567904001060458370e+02,1.420369025831275849e+02,-4.226694543239890578e+01,0.000000000000000000e+00,5.585165533850192432e+00,4.728658067754500927e+00
7.994978193311527320e+03,-2.468965117439192909e+03,1.567904001060458370e+02,1.420369025831275849e+02,-4.226694543239890578e+01,0.000000000000000000e+00,5.585165533850192432e+00,4.728658067754500927e+00
8.009181883569840465e+03,-2.473191811982432682e+03,1.567904001060458370e+02,1.420369025831275849e+02,-4.226694543239890578e+01,0.000000000000000000e+00,5.585165533850192432e+00,4.728658067754500927e+00
8.023385573828153611e+03,-2.477418506525672456e+03,1.567904001060458370e+02,1.420369025831275849e+02,-4.226694543239890578e+01,0.000000000000000000e+00,5.585165533850192432e+00,4.728658067754500927e+00
8.037589264086466756e+03,-2.481645201068912229e+03,1.567904001060458370e+02,1.420369025831275849e+02,-4.226694543239890578e+01,0.000000000000000000e+00,5.585165533850192432e+00,4.728658067754500927e+00
8.051792954344779901e+03,-2.485871895612152002e+03,1.567904001060458370e+02,1.420369025831275849e+02,-4.226694543239890578e+01,0.000000000000000000e+00,5.585165533850192432e+00,4.728658067754500927e+00
8.065996644603093046e+03,-2.490098590155391776e+03,1.567904001060458370e+02,1.420369025831275849e+02,-4.226694543239890578e+01,0.000000000000000000e+00,5.585165533850192432e+00,4.728658067754500927e+00
8.080200334861406191e+03,-2.494325284698631549e+03,1.567904001060458370e+02,1.420369025831275849e+02,-4.226694543239890578e+01,0.000000000000000000e+00,5.585165533850192432e+00,4.728658067754500927e+00
8.094404025119719336e+03,-2.498551979241871322e+03,1.567904001060458370e+02,1.420369025831275849e+02,-4.226694543239890578e+01,0.000000000000000000e+00,5.585165533850192432e+00,4.728658067754500927e+00
8.108607715378032481e+03,-2.502778673785111096e+03,1.567904001060458370e+02,1.420369025831275849e+02,-4.226694543239890578e+01,0.000000000000000000e+00,5.585165533850192432e+00,4.728658067754500927e+00
8.122811405636345626e+03,-2.507005368328350869e+03,1.567904001060458370e+02,1.420369025831275849e+02,-4.226694543239890578e+01,0.000000000000000000e+00,5.585165533850192432e+00,4.728658067754500927e+00
8.137015095894658771e+03,-2.511232062871590642e+03,1.567904001060458370e+02,1.420369025831275849e+02,-4.226694543239890578e+01,0.000000000000000000e+00,5.585165533850192432e+00,4.728658067754500927e+00
8.151218786152971916e+03,-2.515458757414830416e+03,1.567904001060458370e+02,1.420369025831275849e+02,-4.226694543239890578e+01,0.000000000000000000e+00,5.585165533850192432e+00,4.728658067754500927e+00
8.165422476411285061e+03,-2.519685451958070189e+03,1.567904001060458370e+02,1.420369025831275849e+02,-4.226694543239890578e+01,0.000000000000000000e+00,5.585165533850192432e+00,4.728658067754500927e+00
8.179626166669598206e+03,-2.523912146501309962e+03,1.567904001060458370e+02,1.420369025831275849e+02,-4.226694543239890578e+01,0.000000000000000000e+00,5.585165533850192432e+00,4.728658067754500927e+00
8.193829856927910441e+03,-2.528138841044549736e+03,1.567904001060458370e+02,1.420369025831275849e+02,-4.226694543239890578e+01,0.000000000000000000e+00,5.585165533850192432e+00,4.728658067754500927e+00
8.208033547186223586e+03,-2.532365535587789509e+03,1.567904001060458370e+02,1.420369025831275849e+02,-4.226694543239890578e+01,0.000000000000000000e+00,5.585165533850192432e+00,4.728658067754500927e+00
8.222237237444536731e+03,-2.536592230131029282e+03,1.567904001060458370e+02,1.420369025831275849e+02,-4.226694543239890578e+01,0.000000000000000000e+00,5.585165533850192432e+00,4.728658067754500927e+00
8.236440927702849876e+03,-2.540818924674269056e+03,1.567904001060458370e+02,1.420369025831275849e+02,-4.226694543239890578e+01,0.000000000000000000e+00,5.585165533850192432e+00,4.728658067754500927e+00
8.250644617961163021e+03,-2.545045619217508829e+03,1.567904001060458370e+02,1.420369025831275849e+02,-4.226694543239890578e+01,0.000000000000000000e+00,5.585165533850192432e+00,4.728658067754500927e+00
8.264848308219476166e+03,-2.549272313760748602e+03,1.567904001060458370e+02,1.420369025831275849e+02,-4.226694543239890578e+01,0.000000000000000000e+00,5.585165533850192432e+00,4.728658067754500927e+00
8.279051998477789311e+03,-2.553499008303988376e+03,1.567904001060458370e+02,1.420369025831275849e+02,-4.226694543239890578e+01,0.000000000000000000e+00,5.585165533850192432e+00,4.728658067754500927e+00
8.293255688736102456e+03,-2.557725702847228149e+03,1.567904001060458370e+02,1.420369025831275849e+02,-4.226694543239890578e+01,0.000000000000000000e+00,5.585165533850192432e+00,4.728658067754500927e+00
8.307459378994415601e+03,-2.561952397390467922e+03,1.567904001060458370e+02,1.420369025831275849e+02,-4.226694543239890578e+01,0.000000000000000000e+00,5.585165533850192432e+00,4.728658067754500927e+00
8.321663069252728747e+03,-2.566179091933707696e+03,1.567904001060458370e+02,1.420369025831275849e+02,-4.226694543239890578e+01,0.000000000000000000e+00,5.585165533850192432e+00,4.728658067754500927e+00
8.335866759511041892e+03,-2.570405786476947469e+03,1.567904001060458370e+02,1.420369025831275849e+02,-4.226694543239890578e+01,0.000000000000000000e+00,5.585165533850192432e+00,4.728658067754500927e+00
8.350070449769355037e+03,-2.574632481020187242e+03,1.567904001060458370e+02,1.420369025831275849e+02,-4.226694543239890578e+01,0.000000000000000000e+00,5.585165533850192432e+00,4.728658067754500927e+00
8.364274140027668182e+03,-2.578859175563427016e+03,1.567904001060458370e+02,1.420369025831275849e+02,-4.226694543239890578e+01,0.000000000000000000e+00,5.585165533850192432e+00,4.728658067754500927e+00
8.378477830285981327e+03,-2.583085870106666789e+03,1.567904001060458370e+02,1.420369025831275849e+02,-4.226694543239890578e+01,0.000000000000000000e+00,5.585165533850192432e+00,4.728658067754500927e+00
8.392681520544294472e+03,-2.587312564649906562e+03,1.567904001060458370e+02,1.420369025831275849e+02,-4.226694543239890578e+01,0.000000000000000000e+00,5.585165533850192432e+00,4.728658067754500927e+00
8.406885210802607617e+03,-2.591539259193146336e+03,1.567904001060458370e+02,1.420369025831275849e+02,-4.226694543239890578e+01,0.000000000000000000e+00,5.585165533850192432e+00,4.728658067754500927e+00
8.421088901060920762e+03,-2.595765953736386109e+03,1.567904001060458370e+02,1.420369025831275849e+02,-4.226694543239890578e+01,0.000000000000000000e+00,5.585165533850192432e+00,4.728658067754500927e+00
8.435292591319233907e+03,-2.599992648279625882e+03,1.567904001060458370e+02,1.420369025831275849e+02,-4.226694543239890578e+01,0.000000000000000000e+00,5.585165533850192432e+00,4.728658067754500927e+00
8.449496281577547052e+03,-2.604219342822865656e+03,1.567904001060458370e+02,1.420369025831275849e+02,-4.226694543239890578e+01,0.000000000000000000e+00,5.585165533850192432e+00,4.728658067754500927e+00
8.463699971835860197e+03,-2.608446037366105429e+03,1.567904001060458370e+02,1.420369025831275849e+02,-4.226694543239890578e+01,0.000000000000000000e+00,5.585165533850192432e+00,4.728658067754500927e+00
8.477903662094173342e+03,-2.612672731909345202e+03,1.567904001060458370e+02,1.420369025831275849e+02,-4.226694543239890578e+01,0.000000000000000000e+00,5.585165533850192432e+00,4.728658067754500927e+00
8.492107352352486487e+03,-2.616899426452584976e+03,1.567904001060458370e+02,1.420369025831275849e+02,-4.226694543239890578e+01,0.000000000000000000e+00,5.585165533850192432e+00,4.728658067754500927e+00
8.506311042610799632e+03,-2.621126120995824749e+03,1.567904001060458370e+02,1.420369025831275849e+02,-4.226694543239890578e+01,0.000000000000000000e+00,5.585165533850192432e+00,4.728658067754500927e+00
8.520514732869112777e+03,-2.625352815539064522e+03,1.567904001060458370e+02,1.420369025831275849e+02,-4.226694543239890578e+01,0.000000000000000000e+00,5.585165533850192432e+00,4.728658067754500927e+00
8.534718423127425922e+03,-2.629579510082304296e+03,1.567904001060458370e+02,1.420369025831275849e+02,-4.226694543239890578e+01,0.000000000000000000e+00,5.585165533850192432e+00,4.728658067754500927e+00
8.548922113385739067e+03,-2.633806204625544069e+03,1.567904001060458370e+02,1.420369025831275849e+02,-4.226694543239890578e+01,0.000000000000000000e+00,5.585165533850192432e+00,4.728658067754500927e+00
8.563125803644052212e+03,-2.638032899168783842e+03,1.567904001060458370e+02,1.420369025831275849e+02,-4.226694543239890578e+01,0.000000000000000000e+00,5.585165533850192432e+00,4.728658067754500927e+00
8.577329493902365357e+03,-2.642259593712023616e+03,1.567904001060458370e+02,1.420369025831275849e+02,-4.226694543239890578e+01,0.000000000000000000e+00,5.585165533850192432e+00,4.728658067754500927e+00
8.591533184160678502e+03,-2.646486288255263389e+03,1.567904001060458370e+02,1.420369025831275849e+02,-4.226694543239890578e+01,0.000000000000000000e+00,5.585165533850192432e+00,4.728658067754500927e+00
8.605736874418991647e+03,-2.650712982798503162e+03,1.567904001060458370e+02,1.420369025831275849e+02,-4.226694543239890578e+01,0.000000000000000000e+00,5.585165533850192432e+00,4.728658067754500927e+00
8.619940564677304792e+03,-2.654939677341742936e+03,1.567904001060458370e+02,1.420369025831275849e+02,-4.226694543239890578e+01,0.000000000000000000e+00,5.585165533850192432e+00,4.728658067754500927e+00
8.634144254935617937e+03,-2.659166371884982709e+03,1.567904001060458370e+02,1.420369025831275849e+02,-4.226694543239890578e+01,0.000000000000000000e+00,5.585165533850192432e+00,4.728658067754500927e+00
8.648347945193931082e+03,-2.663393066428222483e+03,1.567904001060458370e+02,1.420369025831275849e+02,-4.226694543239890578e+01,0.000000000000000000e+00,5.585165533850192432e+00,4.728658067754500927e+00
8.662551635452244227e+03,-2.667619760971462256e+03,1.567904001060458370e+02,1.420369025831275849e+02,-4.226694543239890578e+01,0.000000000000000000e+00,5.585165533850192432e+00,4.728658067754500927e+00
8.676755325710557372e+03,-2.671846455514702029e+03,1.567904001060458370e+02,1.420369025831275849e+02,-4.226694543239890578e+01,0.000000000000000000e+00,5.585165533850192432e+00,4.728658067754500927e+00
8.690959015968870517e+03,-2.676073150057941803e+03,1.567904001060458370e+02,1.420369025831275849e+02,-4.226694543239890578e+01,0.000000000000000000e+00,5.585165533850192432e+00,4.728658067754500927e+00
8.705162706227183662e+03,-2.680299844601181576e+03,1.567904001060458370e+02,1.420369025831275849e+02,-4.226694543239890578e+01,0.000000000000000000e+00,5.585165533850192432e+00,4.728658067754500927e+00
8.719366396485496807e+03,-2.684526539144421349e+03,1.567904001060458370e+02,1.420369025831275849e+02,-4.226694543239890578e+01,0.000000000000000000e+00,5.585165533850192432e+00,4.728658067754500927e+00
8.733570086743809952e+03,-2.688753233687661123e+03,1.567904001060458370e+02,1.420369025831275849e+02,-4.226694543239890578e+01,0.000000000000000000e+00,5.585165533850192432e+00,4.728658067754500927e+00
8.747773777002123097e+03,-2.692979928230900896e+03,1.567904001060458370e+02,1.420369025831275849e+02,-4.226694543239890578e+01,0.000000000000000000e+00,5.585165533850192432e+00,4.728658067754500927e+00
8.761977467260436242e+03,-2.697206622774140669e+03,1.567904001060458370e+02,1.420369025831275849e+02,-4.226694543239890578e+01,0.000000000000000000e+00,5.585165533850192432e+00,4.728658067754500927e+00
8.776181157518749387e+03,-2.701433317317380443e+03,1.567904001060458370e+02,1.420369025831275849e+02,-4.226694543239890578e+01,0.000000000000000000e+00,5.585165533850192432e+00,4.728658067754500927e+00
8.790384847777062532e+03,-2.705660011860620216e+03,1.567904001060458370e+02,1.420369025831275849e+02,-4.226694543239890578e+01,0.000000000000000000e+00,5.585165533850192432e+00,4.728658067754500927e+00
8.804588538035375677e+03,-2.709886706403859989e+03,1.567904001060458370e+02,1.420369025831275849e+02,-4.226694543239890578e+01,0.000000000000000000e+00,5.585165533850192432e+00,4.728658067754500927e+00
8.818792228293688822e+03,-2.714113400947099763e+03,1.567904001060458370e+02,1.420369025831275849e+02,-4.226694543239890578e+01,0.000000000000000000e+00,5.585165533850192432e+00,4.728658067754500927e+00
8.832995918552001967e+03,-2.718340095490339536e+03,1.567904001060458370e+02,1.420369025831275849e+02,-4.226694543239890578e+01,0.000000000000000000e+00,5.585165533850192432e+00,4.728658067754500927e+00
8.847199608810315112e+03,-2.722566790033579309e+03,1.567904001060458370e+02,1.420369025831275849e+02,-4.226694543239890578e+01,0.000000000000000000e+00,5.585165533850192432e+00,4.728658067754500927e+00
8.861403299068628257e+03,-2.726793484576819083e+03,1.567904001060458370e+02,1.420369025831275849e+02,-4.226694543239890578e+01,0.000000000000000000e+00,5.585165533850192432e+00,4.728658067754500927e+00
8.875606989326941402e+03,-2.731020179120058856e+03,1.567904001060458370e+02,1.420369025831275849e+02,-4.226694543239890578e+01,0.000000000000000000e+00,5.585165533850192432e+00,4.728658067754500927e+00
8.889810679585254547e+03,-2.735246873663298629e+03,1.567904001060458370e+02,1.420369025831275849e+02,-4.226694543239890578e+01,0.000000000000000000e+00,5.585165533850192432e+00,4.728658067754500927e+00
8.904014369843567692e+03,-2.739473568206538403e+03,1.567904001060458370e+02,1.420369025831275849e+02,-4.226694543239890578e+01,0.000000000000000000e+00,5.585165533850192432e+00,4.728658067754500927e+00
8.918218060101880837e+03,-2.743700262749778176e+03,1.567904001060458370e+02,1.420369025831275849e+02,-4.226694543239890578e+01,0.000000000000000000e+00,5.585165533850192432e+00,4.728658067754500927e+00
8.932421750360193982e+03,-2.747926957293017949e+03,1.567904001060458370e+02,1.420369025831275849e+02,-4.226694543239890578e+01,0.000000000000000000e+00,5.585165533850192432e+00,4.728658067754500927e+00
8.946625440618507128e+03,-2.752153651836257723e+03,1.567904001060458370e+02,1.420369025831275849e+02,-4.226694543239890578e+01,0.000000000000000000e+00,5.585165533850192432e+00,4.728658067754500927e+00
8.960829130876820273e+03,-2.756380346379497496e+03,1.567904001060458370e+02,1.420369025831275849e+02,-4.226694543239890578e+01,0.000000000000000000e+00,5.585165533850192432e+00,4.728658067754500927e+00
8.975032821135133418e+03,-2.760607040922737269e+03,1.567904001060458370e+02,1.420369025831275849e+02,-4.226694543239890578e+01,0.000000000000000000e+00,5.585165533850192432e+00,4.728658067754500927e+00
8.989236511393446563e+03,-2.764833735465977043e+03,1.567904001060458370e+02,1.420369025831275849e+02,-4.226694543239890578e+01,0.000000000000000000e+00,5.585165533850192432e+00,4.728658067754500927e+00
9.003440201651759708e+03,-2.769060430009216816e+03,1.567904001060458370e+02,1.420369025831275849e+02,-4.226694543239890578e+01,0.000000000000000000e+00,5.585165533850192432e+00,4.728658067754500927e+00
9.017643891910072853e+03,-2.773287124552456589e+03,1.567904001060458370e+02,1.420369025831275849e+02,-4.226694543239890578e+01,0.000000000000000000e+00,5.585165533850192432e+00,4.728658067754500927e+00
9.031847582168385998e+03,-2.777513819095696363e+03,1.567904001060458370e+02,1.420369025831275849e+02,-4.226694543239890578e+01,0.000000000000000000e+00,5.585165533850192432e+00,4.728658067754500927e+00
9.046051272426699143e+03,-2.781740513638936136e+03,1.567904001060458370e+02,1.420369025831275849e+02,-4.226694543239890578e+01,0.000000000000000000e+00,5.585165533850192432e+00,4.728658067754500927e+00
9.060254962685012288e+03,-2.785967208182175909e+03,1.567904001060458370e+02,1.420369025831275849e+02,-4.226694543239890578e+01,0.000000000000000000e+00,5.585165533850192432e+00,4.728658067754500927e+00
9.074458652943325433e+03,-2.790193902725415683e+03,1.567904001060458370e+02,1.420369025831275849e+02,-4.226694543239890578e+01,0.000000000000000000e+00,5.585165533850192432e+00,4.728658067754500927e+00
9.088662343201638578e+03,-2.794420597268655456e+03,1.567904001060458370e+02,1.420369025831275849e+02,-4.226694543239890578e+01,0.000000000000000000e+00,5.585165533850192432e+00,4.728658067754500927e+00
9.102866033459951723e+03,-2.798647291811895229e+03,1.567904001060458370e+02,1.420369025831275849e+02,-4.226694543239890578e+01,0.000000000000000000e+00,5.585165533850192432e+00,4.728658067754500927e+00
9.117069723718264868e+03,-2.802873986355135003e+03,1.567904001060458370e+02,1.420369025831275849e+02,-4.226694543239890578e+01,0.000000000000000000e+00,5.585165533850192432e+00,4.728658067754500927e+00
9.131273413976578013e+03,-2.807100680898374776e+03,1.567904001060458370e+02,1.420369025831275849e+02,-4.226694543239890578e+01,0.000000000000000000e+00,5.585165533850192432e+00,4.728658067754500927e+00
9.145477104234891158e+03,-2.811327375441614549e+03,1.567904001060458370e+02,1.420369025831275849e+02,-4.226694543239890578e+01,0.000000000000000000e+00,5.585165533850192432e+00,4.728658067754500927e+00
9.159680794493204303e+03,-2.815554069984854323e+03,1.567904001060458370e+02,1.420369025831275849e+02,-4.226694543239890578e+01,0.000000000000000000e+00,5.585165533850192432e+00,4.728658067754500927e+00
9.173884484751517448e+03,-2.819780764528094096e+03,1.567904001060458370e+02,1.420369025831275849e+02,-4.226694543239890578e+01,0.000000000000000000e+00,5.585165533850192432e+00,4.728658067754500927e+00
9.188088175009830593e+03,-2.824007459071333869e+03,1.567904001060458370e+02,1.420369025831275849e+02,-4.226694543239890578e+01,0.000000000000000000e+00,5.585165533850192432e+00,4.728658067754500927e+00
9.202291865268143738e+03,-2.828234153614573643e+03,1.567904001060458370e+02,1.420369025831275849e+02,-4.226694543239890578e+01,0.000000000000000000e+00,5.585165533850192432e+00,4.728658067754500927e+00
9.216495555526456883e+03,-2.832460848157813416e+03,1.567904001060458370e+02,1.420369025831275849e+02,-4.226694543239890578e+01,0.000000000000000000e+00,5.585165533850192432e+00,4.728658067754500927e+00
9.230699245784770028e+03,-2.836687542701053189e+03,1.567904001060458370e+02,1.420369025831275849e+02,-4.226694543239890578e+01,0.000000000000000000e+00,5.585165533850192432e+00,4.728658067754500927e+00
9.244902936043083173e+03,-2.840914237244292963e+03,1.567904001060458370e+02,1.420369025831275849e+02,-4.226694543239890578e+01,0.000000000000000000e+00,5.585165533850192432e+00,4.728658067754500927e+00
9.259106626301396318e+03,-2.845140931787532736e+03,1.567904001060458370e+02,1.420369025831275849e+02,-4.226694543239890578e+01,0.000000000000000000e+00,5.585165533850192432e+00,4.728658067754500927e+00
9.273310316559709463e+03,-2.849367626330772509e+03,1.567904001060458370e+02,1.420369025831275849e+02,-4.226694543239890578e+01,0.000000000000000000e+00,5.585165533850192432e+00,4.728658067754500927e+00
9.287514006818022608e+03,-2.853594320874012283e+03,1.567904001060458370e+02,1.420369025831275849e+02,-4.226694543239890578e+01,0.000000000000000000e+00,5.585165533850192432e+00,4.728658067754500927e+00
9.301717697076335753e+03,-2.857821015417252056e+03,1.567904001060458370e+02,1.420369025831275849e+02,-4.226694543239890578e+01,0.000000000000000000e+00,5.585165533850192432e+00,4.728658067754500927e+00
9.315921387334648898e+03,-2.862047709960491829e+03,1.567904001060458370e+02,1.420369025831275849e+02,-4.226694543239890578e+01,0.000000000000000000e+00,5.585165533850192432e+00,4.728658067754500927e+00
9.330125077592962043e+03,-2.866274404503731603e+03,1.567904001060458370e+02,1.420369025831275849e+02,-4.226694543239890578e+01,0.000000000000000000e+00,5.585165533850192432e+00,4.728658067754500927e+00
9.344328767851275188e+03,-2.870501099046971376e+03,1.567904001060458370e+02,1.420369025831275849e+02,-4.226694543239890578e+01,0.000000000000000000e+00,5.585165533850192432e+00,4.728658067754500927e+00
9.358532458109588333e+03,-2.874727793590211149e+03,1.567904001060458370e+02,1.420369025831275849e+02,-4.226694543239890578e+01,0.000000000000000000e+00,5.585165533850192432e+00,4.728658067754500927e+00
9.372736148367901478e+03,-2.878954488133450923e+03,1.567904001060458370e+02,1.420369025831275849e+02,-4.226694543239890578e+01,0.000000000000000000e+00,5.585165533850192432e+00,4.728658067754500927e+00
9.386939838626214623e+03,-2.883181182676690696e+03,1.567904001060458370e+02,1.420369025831275849e+02,-4.226694543239890578e+01,0.000000000000000000e+00,5.585165533850192432e+00,4.728658067754500927e+00
9.401143528884527768e+03,-2.887407877219930469e+03,1.567904001060458370e+02,1.420369025831275849e+02,-4.226694543239890578e+01,0.000000000000000000e+00,5.585165533850192432e+00,4.728658067754500927e+00
9.415347219142840913e+03,-2.891634571763170243e+03,1.567904001060458370e+02,1.420369025831275849e+02,-4.226694543239890578e+01,0.000000000000000000e+00,5.585165533850192432e+00,4.728658067754500927e+00
9.429550909401154058e+03,-2.895861266306410016e+03,1.567904001060458370e+02,1.420369025831275849e+02,-4.226694543239890578e+01,0.000000000000000000e+00,5.585165533850192432e+00,4.728658067754500927e+00
9.443754599659467203e+03,-2.900087960849649789e+03,1.567904001060458370e+02,1.420369025831275849e+02,-4.226694543239890578e+01,0.000000000000000000e+00,5.585165533850192432e+00,4.728658067754500927e+00
9.457958289917780348e+03,-2.904314655392889563e+03,1.567904001060458370e+02,1.420369025831275849e+02,-4.226694543239890578e+01,0.000000000000000000e+00,5.585165533850192432e+00,4.728658067754500927e+00
9.472161980176093493e+03,-2.908541349936129336e+03,1.567904001060458370e+02,1.420369025831275849e+02,-4.226694543239890578e+01,0.000000000000000000e+00,5.585165533850192432e+00,4.728658067754500927e+00
9.486365670434406638e+03,-2.912768044479369109e+03,1.567904001060458370e+02,1.420369025831275849e+02,-4.226694543239890578e+01,0.000000000000000000e+00,5.585165533850192432e+00,4.728658067754500927e+00
9.500569360692719783e+03,-2.916994739022608883e+03,1.567904001060458370e+02,1.420369025831275849e+02,-4.226694543239890578e+01,0.000000000000000000e+00,5.585165533850192432e+00,4.728658067754500927e+00
9.514773050951032928e+03,-2.921221433565848656e+03,1.567904001060458370e+02,1.420369025831275849e+02,-4.226694543239890578e+01,0.000000000000000000e+00,5.585165533850192432e+00,4.728658067754500927e+00
9.528976741209346073e+03,-2.925448128109088429e+03,1.567904001060458370e+02,1.420369025831275849e+02,-4.226694543239890578e+01,0.000000000000000000e+00,5.585165533850192432e+00,4.728658067754500927e+00
9.543180431467659218e+03,-2.929674822652328203e+03,1.567904001060458370e+02,1.420369025831275849e+02,-4.226694543239890578e+01,0.000000000000000000e+00,5.585165533850192432e+00,4.728658067754500927e+00
9.557384121725972363e+03,-2.933901517195567976e+03,1.567904001060458370e+02,1.420369025831275849e+02,-4.226694543239890578e+01,0.000000000000000000e+00,5.585165533850192432e+00,4.728658067754500927e+00
9.571587811984285509e+03,-2.938128211738807749e+03,1.567904001060458370e+02,1.420369025831275849e+02,-4.226694543239890578e+01,0.000000000000000000e+00,5.585165533850192432e+00,4.728658067754500927e+00
9.585791502242598654e+03,-2.942354906282047523e+03,1.567904001060458370e+02,1.420369025831275849e+02,-4.226694543239890578e+01,0.000000000000000000e+00,5.585165533850192432e+00,4.728658067754500927e+00
9.599995192500911799e+03,-2.946581600825287296e+03,1.567904001060458370e+02,1.420369025831275849e+02,-4.226694543239890578e+01,0.000000000000000000e+00,5.585165533850192432e+00,4.728658067754500927e+00
9.614198882759224944e+03,-2.950808295368527070e+03,1.567904001060458370e+02,1.420369025831275849e+02,-4.226694543239890578e+01,0.000000000000000000e+00,5.585165533850192432e+00,4.728658067754500927e+00
9.628402573017538089e+03,-2.955034989911766843e+03,1.567904001060458370e+02,1.420369025831275849e+02,-4.226694543239890578e+01,0.000000000000000000e+00,5.585165533850192432e+00,4.728658067754500927e+00
9.642606263275851234e+03,-2.959261684455006616e+03,1.567904001060458370e+02,1.420369025831275849e+02,-4.226694543239890578e+01,0.000000000000000000e+00,5.585165533850192432e+00,4.728658067754500927e+00
9.656809953534164379e+03,-2.963488378998246390e+03,1.567904001060458370e+02,1.420369025831275849e+02,-4.226694543239890578e+01,0.000000000000000000e+00,5.585165533850192432e+00,4.728658067754500927e+00
9.671013643792477524e+03,-2.967715073541486163e+03,1.567904001060458370e+02,1.420369025831275849e+02,-4.226694543239890578e+01,0.000000000000000000e+00,5.585165533850192432e+00,4.728658067754500927e+00
9.685217334050790669e+03,-2.971941768084725936e+03,1.567904001060458370e+02,1.420369025831275849e+02,-4.226694543239890578e+01,0.000000000000000000e+00,5.585165533850192432e+00,4.728658067754500927e+00
9.699421024309103814e+03,-2.976168462627965710e+03,1.567904001060458370e+02,1.420369025831275849e+02,-4.226694543239890578e+01,0.000000000000000000e+00,5.585165533850192432e+00,4.728658067754500927e+00
9.713624714567416959e+03,-2.980395157171205483e+03,1.567904001060458370e+02,1.420369025831275849e+02,-4.226694543239890578e+01,0.000000000000000000e+00,5.585165533850192432e+00,4.728658067754500927e+00
9.727828404825730104e+03,-2.984621851714445256e+03,1.567904001060458370e+02,1.420369025831275849e+02,-4.226694543239890578e+01,0.000000000000000000e+00,5.585165533850192432e+00,4.728658067754500927e+00
9.742032095084043249e+03,-2.988848546257685030e+03,1.567904001060458370e+02,1.420369025831275849e+02,-4.226694543239890578e+01,0.000000000000000000e+00,5.585165533850192432e+00,4.728658067754500927e+00
9.756235785342356394e+03,-2.993075240800924803e+03,1.567904001060458370e+02,1.420369025831275849e+02,-4.226694543239890578e+01,0.000000000000000000e+00,5.585165533850192432e+00,4.728658067754500927e+00
9.770439475600669539e+03,-2.997301935344164576e+03,1.567904001060458370e+02,1.420369025831275849e+02,-4.226694543239890578e+01,0.000000000000000000e+00,5.585165533850192432e+00,4.728658067754500927e+00
9.784643165858982684e+03,-3.001528629887404350e+03,1.567904001060458370e+02,1.420369025831275849e+02,-4.226694543239890578e+01,0.000000000000000000e+00,5.585165533850192432e+00,4.728658067754500927e+00
9.798846856117295829e+03,-3.005755324430644123e+03,1.567904001060458370e+02,1.420369025831275849e+02,-4.226694543239890578e+01,0.000000000000000000e+00,5.585165533850192432e+00,4.728658067754500927e+00
9.813050546375608974e+03,-3.009982018973883896e+03,1.567904001060458370e+02,1.420369025831275849e+02,-4.226694543239890578e+01,0.000000000000000000e+00,5.585165533850192432e+00,4.728658067754500927e+00
9.827254236633922119e+03,-3.014208713517123670e+03,1.567904001060458370e+02,1.420369025831275849e+02,-4.226694543239890578e+01,0.000000000000000000e+00,5.585165533850192432e+00,4.728658067754500927e+00
9.841457926892235264e+03,-3.018435408060363443e+03,1.567904001060458370e+02,1.420369025831275849e+02,-4.226694543239890578e+01,0.000000000000000000e+00,5.585165533850192432e+00,4.728658067754500927e+00
9.855661617150548409e+03,-3.022662102603603216e+03,1.567904001060458370e+02,1.420369025831275849e+02,-4.226694543239890578e+01,0.000000000000000000e+00,5.585165533850192432e+00,4.728658067754500927e+00
9.869865307408861554e+03,-3.026888797146842990e+03,1.567904001060458370e+02,1.420369025831275849e+02,-4.226694543239890578e+01,0.000000000000000000e+00,5.585165533850192432e+00,4.728658067754500927e+00
9.884068997667174699e+03,-3.031115491690082763e+03,1.567904001060458370e+02,1.420369025831275849e+02,-4.226694543239890578e+01,0.000000000000000000e+00,5.585165533850192432e+00,4.728658067754500927e+00
9.898272687925487844e+03,-3.035342186233322536e+03,1.567904001060458370e+02,1.420369025831275849e+02,-4.226694543239890578e+01,0.000000000000000000e+00,5.585165533850192432e+00,4.728658067754500927e+00
9.912476378183800989e+03,-3.039568880776562310e+03,1.567904001060458370e+02,1.420369025831275849e+02,-4.226694543239890578e+01,0.000000000000000000e+00,5.585165533850192432e+00,4.728658067754500927e+00
9.926680068442114134e+03,-3.043795575319802083e+03,1.567904001060458370e+02,1.420369025831275849e+02,-4.226694543239890578e+01,0.000000000000000000e+00,5.585165533850192432e+00,4.728658067754500927e+00
9.940883758700427279e+03,-3.048022269863041856e+03,1.567904001060458370e+02,1.420369025831275849e+02,-4.226694543239890578e+01,0.000000000000000000e+00,5.585165533850192432e+00,4.728658067754500927e+00
9.955087448958740424e+03,-3.052248964406281630e+03,1.567904001060458370e+02,1.420369025831275849e+02,-4.226694543239890578e+01,0.000000000000000000e+00,5.585165533850192432e+00,4.728658067754500927e+00
9.969291139217053569e+03,-3.056475658949521403e+03,1.567904001060458370e+02,1.420369025831275849e+02,-4.226694543239890578e+01,0.000000000000000000e+00,5.585165533850192432e+00,4.728658067754500927e+00
9.983494829475366714e+03,-3.060702353492761176e+03,1.567904001060458370e+02,1.420369025831275849e+02,-4.226694543239890578e+01,0.000000000000000000e+00,5.585165533850192432e+00,4.728658067754500927e+00
9.997698519733679859e+03,-3.064929048036000950e+03,1.567904001060458370e+02,1.420369025831275849e+02,-4.226694543239890578e+01,0.000000000000000000e+00,5.585165533850192432e+00,4.728658067754500927e+00
1.001190220999199300e+04,-3.069155742579240723e+03,1.567904001060458370e+02,1.420369025831275849e+02,-4.226694543239890578e+01,0.000000000000000000e+00,5.585165533850192432e+00,4.728658067754500927e+00
1.002610590025030615e+04,-3.073382437122480496e+03,1.567904001060458370e+02,1.420369025831275849e+02,-4.226694543239890578e+01,0.000000000000000000e+00,5.585165533850192432e+00,4.728658067754500927e+00
1.004030959050861929e+04,-3.077609131665720270e+03,1.567904001060458370e+02,1.420369025831275849e+02,-4.226694543239890578e+01,0.000000000000000000e+00,5.585165533850192432e+00,4.728658067754500927e+00
1.005451328076693244e+04,-3.081835826208960043e+03,1.567904001060458370e+02,1.420369025831275849e+02,-4.226694543239890578e+01,0.000000000000000000e+00,5.585165533850192432e+00,4.728658067754500927e+00
1.006871697102524558e+04,-3.086062520752199816e+03,1.567904001060458370e+02,1.420369025831275849e+02,-4.226694543239890578e+01,0.000000000000000000e+00,5.585165533850192432e+00,4.728658067754500927e+00
1.008292066128355873e+04,-3.090289215295439590e+03,1.567904001060458370e+02,1.420369025831275849e+02,-4.226694543239890578e+01,0.000000000000000000e+00,5.585165533850192432e+00,4.728658067754500927e+00
1.009712435154187187e+04,-3.094515909838679363e+03,1.567904001060458370e+02,1.420369025831275849e+02,-4.226694543239890578e+01,0.000000000000000000e+00,5.585165533850192432e+00,4.728658067754500927e+00
1.011132804180018502e+04,-3.098742604381919136e+03,1.567904001060458370e+02,1.420369025831275849e+02,-4.226694543239890578e+01,0.000000000000000000e+00,5.585165533850192432e+00,4.728658067754500927e+00
1.012553173205849816e+04,-3.102969298925158910e+03,1.567904001060458370e+02,1.420369025831275849e+02,-4.226694543239890578e+01,0.000000000000000000e+00,5.585165533850192432e+00,4.728658067754500927e+00
1.013973542231681131e+04,-3.107195993468398683e+03,1.567904001060458370e+02,1.420369025831275849e+02,-4.226694543239890578e+01,0.000000000000000000e+00,5.585165533850192432e+00,4.728658067754500927e+00
1.015393911257512445e+04,-3.111422688011638456e+03,1.567904001060458370e+02,1.420369025831275849e+02,-4.226694543239890578e+01,0.000000000000000000e+00,5.585165533850192432e+00,4.728658067754500927e+00
1.016814280283343760e+04,-3.115649382554878230e+03,1.567904001060458370e+02,1.420369025831275849e+02,-4.226694543239890578e+01,0.000000000000000000e+00,5.585165533850192432e+00,4.728658067754500927e+00
1.018234649309175074e+04,-3.119876077098118003e+03,1.567904001060458370e+02,1.420369025831275849e+02,-4.226694543239890578e+01,0.000000000000000000e+00,5.585165533850192432e+00,4.728658067754500927e+00
1.019655018335006389e+04,-3.124102771641357776e+03,1.567904001060458370e+02,1.420369025831275849e+02,-4.226694543239890578e+01,0.000000000000000000e+00,5.585165533850192432e+00,4.728658067754500927e+00
1.021075387360837703e+04,-3.128329466184597550e+03,1.567904001060458370e+02,1.420369025831275849e+02,-4.226694543239890578e+01,0.000000000000000000e+00,5.585165533850192432e+00,4.728658067754500927e+00
1.022495756386669018e+04,-3.132556160727837323e+03,1.567904001060458370e+02,1.420369025831275849e+02,-4.226694543239890578e+01,0.000000000000000000e+00,5.585165533850192432e+00,4.728658067754500927e+00
1.023916125412500332e+04,-3.136782855271077096e+03,1.567904001060458370e+02,1.420369025831275849e+02,-4.226694543239890578e+01,0.000000000000000000e+00,5.585165533850192432e+00,4.728658067754500927e+00
1.025336494438331647e+04,-3.141009549814316870e+03,1.567904001060458370e+02,1.420369025831275849e+02,-4.226694543239890578e+01,0.000000000000000000e+00,5.585165533850192432e+00,4.728658067754500927e+00
1.026756863464162961e+04,-3.145236244357556643e+03,1.567904001060458370e+02,1.420369025831275849e+02,-4.226694543239890578e+01,0.000000000000000000e+00,5.585165533850192432e+00,4.728658067754500927e+00
1.028177232489994276e+04,-3.149462938900796416e+03,1.567904001060458370e+02,1.420369025831275849e+02,-4.226694543239890578e+01,0.000000000000000000e+00,5.585165533850192432e+00,4.728658067754500927e+00
1.029597601515825590e+04,-3.153689633444036190e+03,1.567904001060458370e+02,1.420369025831275849e+02,-4.226694543239890578e+01,0.000000000000000000e+00,5.585165533850192432e+00,4.728658067754500927e+00
1.031017970541656905e+04,-3.157916327987275963e+03,1.567904001060458370e+02,1.420369025831275849e+02,-4.226694543239890578e+01,0.000000000000000000e+00,5.585165533850192432e+00,4.728658067754500927e+00
1.032438339567488219e+04,-3.162143022530515736e+03,1.567904001060458370e+02,1.420369025831275849e+02,-4.226694543239890578e+01,0.000000000000000000e+00,5.585165533850192432e+00,4.728658067754500927e+00
1.033858708593319534e+04,-3.166369717073755510e+03,1.567904001060458370e+02,1.420369025831275849e+02,-4.226694543239890578e+01,0.000000000000000000e+00,5.585165533850192432e+00,4.728658067754500927e+00
1.035279077619150848e+04,-3.170596411616995283e+03,1.567904001060458370e+02,1.420369025831275849e+02,-4.226694543239890578e+01,0.000000000000000000e+00,5.585165533850192432e+00,4.728658067754500927e+00
1.036699446644982163e+04,-3.174823106160235056e+03,1.567904001060458370e+02,1.420369025831275849e+02,-4.226694543239890578e+01,0.000000000000000000e+00,5.585165533850192432e+00,4.728658067754500927e+00
1.038119815670813477e+04,-3.179049800703474830e+03,1.567904001060458370e+02,1.420369025831275849e+02,-4.226694543239890578e+01,0.000000000000000000e+00,5.585165533850192432e+00,4.728658067754500927e+00
1.039540184696644792e+04,-3.183276495246714603e+03,1.567904001060458370e+02,1.420369025831275849e+02,-4.226694543239890578e+01,0.000000000000000000e+00,5.585165533850192432e+00,4.728658067754500927e+00
1.040960553722476106e+04,-3.187503189789954376e+03,1.567904001060458370e+02,1.420369025831275849e+02,-4.226694543239890578e+01,0.000000000000000000e+00,5.585165533850192432e+00,4.728658067754500927e+00
1.042380922748307421e+04,-3.191729884333194150e+03,1.567904001060458370e+02,1.420369025831275849e+02,-4.226694543239890578e+01,0.000000000000000000e+00,5.585165533850192432e+00,4.728658067754500927e+00
1.043801291774138735e+04,-3.195956578876433923e+03,1.567904001060458370e+02,1.420369025831275849e+02,-4.226694543239890578e+01,0.000000000000000000e+00,5.585165533850192432e+00,4.728658067754500927e+00
1.045221660799970050e+04,-3.200183273419673696e+03,1.567904001060458370e+02,1.420369025831275849e+02,-4.226694543239890578e+01,0.000000000000000000e+00,5.585165533850192432e+00,4.728658067754500927e+00
1.046642029825801364e+04,-3.204409967962913470e+03,1.567904001060458370e+02,1.420369025831275849e+02,-4.226694543239890578e+01,0.000000000000000000e+00,5.585165533850192432e+00,4.728658067754500927e+00
1.048062398851632679e+04,-3.208636662506153243e+03,1.567904001060458370e+02,1.420369025831275849e+02,-4.226694543239890578e+01,0.000000000000000000e+00,5.585165533850192432e+00,4.728658067754500927e+00
1.049482767877463993e+04,-3.212863357049393016e+03,1.567904001060458370e+02,1.420369025831275849e+02,-4.226694543239890578e+01,0.000000000000000000e+00,5.585165533850192432e+00,4.728658067754500927e+00
1.050903136903295308e+04,-3.217090051592632790e+03,1.567904001060458370e+02,1.420369025831275849e+02,-4.226694543239890578e+01,0.000000000000000000e+00,5.585165533850192432e+00,4.728658067754500927e+00
1.052323505929126623e+04,-3.221316746135872563e+03,1.567904001060458370e+02,1.420369025831275849e+02,-4.226694543239890578e+01,0.000000000000000000e+00,5.585165533850192432e+00,4.728658067754500927e+00
1.053743874954957937e+04,-3.225543440679112337e+03,1.567904001060458370e+02,1.420369025831275849e+02,-4.226694543239890578e+01,0.000000000000000000e+00,5.585165533850192432e+00,4.728658067754500927e+00
1.055164243980789252e+04,-3.229770135222352110e+03,1.567904001060458370e+02,1.420369025831275849e+02,-4.226694543239890578e+01,0.000000000000000000e+00,5.585165533850192432e+00,4.728658067754500927e+00
1.056584613006620566e+04,-3.233996829765591883e+03,1.567904001060458370e+02,1.420369025831275849e+02,-4.226694543239890578e+01,0.000000000000000000e+00,5.585165533850192432e+00,4.728658067754500927e+00
1.058004982032451881e+04,-3.238223524308831657e+03,1.567904001060458370e+02,1.420369025831275849e+02,-4.226694543239890578e+01,0.000000000000000000e+00,5.585165533850192432e+00,4.728658067754500927e+00
1.059425351058283195e+04,-3.242450218852071430e+03,1.567904001060458370e+02,1.420369025831275849e+02,-4.226694543239890578e+01,0.000000000000000000e+00,5.585165533850192432e+00,4.728658067754500927e+00
1.060845720084114510e+04,-3.246676913395311203e+03,1.567904001060458370e+02,1.420369025831275849e+02,-4.226694543239890578e+01,0.000000000000000000e+00,5.585165533850192432e+00,4.728658067754500927e+00
1.062266089109945824e+04,-3.250903607938550977e+03,1.567904001060458370e+02,1.420369025831275849e+02,-4.226694543239890578e+01,0.000000000000000000e+00,5.585165533850192432e+00,4.728658067754500927e+00
1.063686458135777139e+04,-3.255130302481790750e+03,1.567904001060458370e+02,1.420369025831275849e+02,-4.226694543239890578e+01,0.000000000000000000e+00,5.585165533850192432e+00,4.728658067754500927e+00
1.065106827161608453e+04,-3.259356997025030523e+03,1.567904001060458370e+02,1.420369025831275849e+02,-4.226694543239890578e+01,0.000000000000000000e+00,5.585165533850192432e+00,4.728658067754500927e+00
