9.036470527886515924e+01,-2.484556471215916673e+01,-3.201115210894806662e+00,0.000000000000000000e+00,0.000000000000000000e+00,0.000000000000000000e+00,5.043572668878972820e+00,7.757550682482995619e+00
8.841886988036038986e+01,-2.472960663682114912e+01,-3.201115210894806662e+00,-1.945835398504766900e+01,1.159580753380177853e+00,0.000000000000000000e+00,5.043572668878972820e+00,7.757550682482995619e+00
8.647303448185562047e+01,-2.461364856148313152e+01,-3.201115210894806662e+00,-1.945835398504766900e+01,1.159580753380177853e+00,0.000000000000000000e+00,5.043572668878972820e+00,7.757550682482995619e+00
8.452719908335085108e+01,-2.449769048614511391e+01,-3.201115210894806662e+00,-1.945835398504766900e+01,1.159580753380177853e+00,0.000000000000000000e+00,5.043572668878972820e+00,7.757550682482995619e+00
8.258136368484608170e+01,-2.438173241080709630e+01,-3.201115210894806662e+00,-1.945835398504766900e+01,1.159580753380177853e+00,0.000000000000000000e+00,5.043572668878972820e+00,7.757550682482995619e+00
8.063552828634131231e+01,-2.426577433546907869e+01,-3.201115210894806662e+00,-1.945835398504766900e+01,1.159580753380177853e+00,0.000000000000000000e+00,5.043572668878972820e+00,7.757550682482995619e+00
7.868969288783654292e+01,-2.414981626013106109e+01,-3.201115210894806662e+00,-1.945835398504766900e+01,1.159580753380177853e+00,0.000000000000000000e+00,5.043572668878972820e+00,7.757550682482995619e+00
7.674385748933177354e+01,-2.403385818479304348e+01,-3.201115210894806662e+00,-1.945835398504766900e+01,1.159580753380177853e+00,0.000000000000000000e+00,5.043572668878972820e+00,7.757550682482995619e+00
7.479802209082700415e+01,-2.391790010945502587e+01,-3.201115210894806662e+00,-1.945835398504766900e+01,1.159580753380177853e+00,0.000000000000000000e+00,5.043572668878972820e+00,7.757550682482995619e+00
7.285218669232223476e+01,-2.380194203411700826e+01,-3.201115210894806662e+00,-1.945835398504766900e+01,1.159580753380177853e+00,0.000000000000000000e+00,5.043572668878972820e+00,7.757550682482995619e+00
7.090635129381746538e+01,-2.368598395877899065e+01,-3.201115210894806662e+00,-1.945835398504766900e+01,1.159580753380177853e+00,0.000000000000000000e+00,5.043572668878972820e+00,7.757550682482995619e+00
6.896051589531269599e+01,-2.357002588344097305e+01,-3.201115210894806662e+00,-1.945835398504766900e+01,1.159580753380177853e+00,0.000000000000000000e+00,5.043572668878972820e+00,7.757550682482995619e+00
6.701468049680792660e+01,-2.345406780810295544e+01,-3.201115210894806662e+00,-1.945835398504766900e+01,1.159580753380177853e+00,0.000000000000000000e+00,5.043572668878972820e+00,7.757550682482995619e+00
6.506884509830315722e+01,-2.333810973276493783e+01,-3.201115210894806662e+00,-1.945835398504766900e+01,1.159580753380177853e+00,0.000000000000000000e+00,5.043572668878972820e+00,7.757550682482995619e+00
6.312300969979838783e+01,-2.322215165742692022e+01,-3.201115210894806662e+00,-1.945835398504766900e+01,1.159580753380177853e+00,0.000000000000000000e+00,5.043572668878972820e+00,7.757550682482995619e+00
6.117717430129361844e+01,-2.310619358208890262e+01,-3.201115210894806662e+00,-1.945835398504766900e+01,1.159580753380177853e+00,0.000000000000000000e+00,5.043572668878972820e+00,7.757550682482995619e+00
5.923133890278884905e+01,-2.299023550675088501e+01,-3.201115210894806662e+00,-1.945835398504766900e+01,1.159580753380177853e+00,0.000000000000000000e+00,5.043572668878972820e+00,7.757550682482995619e+00
5.728550350428407967e+01,-2.287427743141286740e+01,-3.201115210894806662e+00,-1.945835398504766900e+01,1.159580753380177853e+00,0.000000000000000000e+00,5.043572668878972820e+00,7.757550682482995619e+00
5.533966810577931028e+01,-2.275831935607484979e+01,-3.201115210894806662e+00,-1.945835398504766900e+01,1.159580753380177853e+00,0.000000000000000000e+00,5.043572668878972820e+00,7.757550682482995619e+00
5.339383270727454089e+01,-2.264236128073683219e+01,-3.201115210894806662e+00,-1.945835398504766900e+01,1.159580753380177853e+00,0.000000000000000000e+00,5.043572668878972820e+00,7.757550682482995619e+00
5.144799730876977151e+01,-2.252640320539881458e+01,-3.201115210894806662e+00,-1.945835398504766900e+01,1.159580753380177853e+00,0.000000000000000000e+00,5.043572668878972820e+00,7.757550682482995619e+00
4.950216191026500212e+01,-2.241044513006079697e+01,-3.201115210894806662e+00,-1.945835398504766900e+01,1.159580753380177853e+00,0.000000000000000000e+00,5.043572668878972820e+00,7.757550682482995619e+00
4.755632651176023273e+01,-2.229448705472277936e+01,-3.201115210894806662e+00,-1.945835398504766900e+01,1.159580753380177853e+00,0.000000000000000000e+00,5.043572668878972820e+00,7.757550682482995619e+00
4.561049111325546335e+01,-2.217852897938476175e+01,-3.201115210894806662e+00,-1.945835398504766900e+01,1.159580753380177853e+00,0.000000000000000000e+00,5.043572668878972820e+00,7.757550682482995619e+00
4.366465571475069396e+01,-2.206257090404674415e+01,-3.201115210894806662e+00,-1.945835398504766900e+01,1.159580753380177853e+00,0.000000000000000000e+00,5.043572668878972820e+00,7.757550682482995619e+00
4.171882031624592457e+01,-2.194661282870872654e+01,-3.201115210894806662e+00,-1.945835398504766900e+01,1.159580753380177853e+00,0.000000000000000000e+00,5.043572668878972820e+00,7.757550682482995619e+00
3.977298491774115519e+01,-2.183065475337070893e+01,-3.201115210894806662e+00,-1.945835398504766900e+01,1.159580753380177853e+00,0.000000000000000000e+00,5.043572668878972820e+00,7.757550682482995619e+00
3.782714951923638580e+01,-2.171469667803269132e+01,-3.201115210894806662e+00,-1.945835398504766900e+01,1.159580753380177853e+00,0.000000000000000000e+00,5.043572668878972820e+00,7.757550682482995619e+00
3.588131412073161641e+01,-2.159873860269467372e+01,-3.201115210894806662e+00,-1.945835398504766900e+01,1.159580753380177853e+00,0.000000000000000000e+00,5.043572668878972820e+00,7.757550682482995619e+00
3.393547872222684703e+01,-2.148278052735665611e+01,-3.201115210894806662e+00,-1.945835398504766900e+01,1.159580753380177853e+00,0.000000000000000000e+00,5.043572668878972820e+00,7.757550682482995619e+00
3.198964332372208119e+01,-2.136682245201863850e+01,-3.201115210894806662e+00,-1.945835398504766900e+01,1.159580753380177853e+00,0.000000000000000000e+00,5.043572668878972820e+00,7.757550682482995619e+00
3.004380792521731536e+01,-2.125086437668062089e+01,-3.201115210894806662e+00,-1.945835398504766900e+01,1.159580753380177853e+00,0.000000000000000000e+00,5.043572668878972820e+00,7.757550682482995619e+00
2.809797252671254952e+01,-2.113490630134260329e+01,-3.201115210894806662e+00,-1.945835398504766900e+01,1.159580753380177853e+00,0.000000000000000000e+00,5.043572668878972820e+00,7.757550682482995619e+00
2.615213712820778369e+01,-2.101894822600458568e+01,-3.201115210894806662e+00,-1.945835398504766900e+01,1.159580753380177853e+00,0.000000000000000000e+00,5.043572668878972820e+00,7.757550682482995619e+00
2.420630172970301786e+01,-2.090299015066656807e+01,-3.201115210894806662e+00,-1.945835398504766900e+01,1.159580753380177853e+00,0.000000000000000000e+00,5.043572668878972820e+00,7.757550682482995619e+00
2.226046633119825202e+01,-2.078703207532855046e+01,-3.201115210894806662e+00,-1.945835398504766900e+01,1.159580753380177853e+00,0.000000000000000000e+00,5.043572668878972820e+00,7.757550682482995619e+00
2.031463093269348619e+01,-2.067107399999053285e+01,-3.201115210894806662e+00,-1.945835398504766900e+01,1.159580753380177853e+00,0.000000000000000000e+00,5.043572668878972820e+00,7.757550682482995619e+00
1.836879553418872035e+01,-2.055511592465251525e+01,-3.201115210894806662e+00,-1.945835398504766900e+01,1.159580753380177853e+00,0.000000000000000000e+00,5.043572668878972820e+00,7.757550682482995619e+00
1.642296013568395452e+01,-2.043915784931449764e+01,-3.201115210894806662e+00,-1.945835398504766900e+01,1.159580753380177853e+00,0.000000000000000000e+00,5.043572668878972820e+00,7.757550682482995619e+00
1.447712473717918691e+01,-2.032319977397648003e+01,-3.201115210894806662e+00,-1.945835398504766900e+01,1.159580753380177853e+00,0.000000000000000000e+00,5.043572668878972820e+00,7.757550682482995619e+00
1.253128933867441930e+01,-2.020724169863846242e+01,-3.201115210894806662e+00,-1.945835398504766900e+01,1.159580753380177853e+00,0.000000000000000000e+00,5.043572668878972820e+00,7.757550682482995619e+00
1.058545394016965169e+01,-2.009128362330044482e+01,-3.201115210894806662e+00,-1.945835398504766900e+01,1.159580753380177853e+00,0.000000000000000000e+00,5.043572668878972820e+00,7.757550682482995619e+00
8.639618541664884077e+00,-1.997532554796242721e+01,-3.201115210894806662e+00,-1.945835398504766900e+01,1.159580753380177853e+00,0.000000000000000000e+00,5.043572668878972820e+00,7.757550682482995619e+00
6.693783143160117355e+00,-1.985936747262440960e+01,-3.201115210894806662e+00,-1.945835398504766900e+01,1.159580753380177853e+00,0.000000000000000000e+00,5.043572668878972820e+00,7.757550682482995619e+00
4.747947744655350633e+00,-1.974340939728639199e+01,-3.201115210894806662e+00,-1.945835398504766900e+01,1.159580753380177853e+00,0.000000000000000000e+00,5.043572668878972820e+00,7.757550682482995619e+00
2.802112346150583910e+00,-1.962745132194837439e+01,-3.201115210894806662e+00,-1.945835398504766900e+01,1.159580753380177853e+00,0.000000000000000000e+00,5.043572668878972820e+00,7.757550682482995619e+00
8.562769476458169660e-01,-1.951149324661035678e+01,-3.201115210894806662e+00,-1.945835398504766900e+01,1.159580753380177853e+00,0.000000000000000000e+00,5.043572668878972820e+00,7.757550682482995619e+00
-1.089558450858949978e+00,-1.939553517127233917e+01,-3.201115210894806662e+00,-1.945835398504766900e+01,1.159580753380177853e+00,0.000000000000000000e+00,5.043572668878972820e+00,7.757550682482995619e+00
-3.035393849363717145e+00,-1.927957709593432156e+01,-3.201115210894806662e+00,-1.945835398504766900e+01,1.159580753380177853e+00,0.000000000000000000e+00,5.043572668878972820e+00,7.757550682482995619e+00
-4.981229247868483867e+00,-1.916361902059630395e+01,-3.201115210894806662e+00,-1.945835398504766900e+01,1.159580753380177853e+00,0.000000000000000000e+00,5.043572668878972820e+00,7.757550682482995619e+00
-6.927064646373250589e+00,-1.904766094525828635e+01,-3.201115210894806662e+00,-1.945835398504766900e+01,1.159580753380177853e+00,0.000000000000000000e+00,5.043572668878972820e+00,7.757550682482995619e+00
-8.872900044878017312e+00,-1.893170286992026874e+01,-3.201115210894806662e+00,-1.945835398504766900e+01,1.159580753380177853e+00,0.000000000000000000e+00,5.043572668878972820e+00,7.757550682482995619e+00
-1.081873544338278492e+01,-1.881574479458225113e+01,-3.201115210894806662e+00,-1.945835398504766900e+01,1.159580753380177853e+00,0.000000000000000000e+00,5.043572668878972820e+00,7.757550682482995619e+00
-1.276457084188755253e+01,-1.869978671924423352e+01,-3.201115210894806662e+00,-1.945835398504766900e+01,1.159580753380177853e+00,0.000000000000000000e+00,5.043572668878972820e+00,7.757550682482995619e+00
-1.471040624039232014e+01,-1.858382864390621592e+01,-3.201115210894806662e+00,-1.945835398504766900e+01,1.159580753380177853e+00,0.000000000000000000e+00,5.043572668878972820e+00,7.757550682482995619e+00
-1.665624163889708598e+01,-1.846787056856819831e+01,-3.201115210894806662e+00,-1.945835398504766900e+01,1.159580753380177853e+00,0.000000000000000000e+00,5.043572668878972820e+00,7.757550682482995619e+00
-1.860207703740185181e+01,-1.835191249323018070e+01,-3.201115210894806662e+00,-1.945835398504766900e+01,1.159580753380177853e+00,0.000000000000000000e+00,5.043572668878972820e+00,7.757550682482995619e+00
-2.054791243590661765e+01,-1.823595441789216309e+01,-3.201115210894806662e+00,-1.945835398504766900e+01,1.159580753380177853e+00,0.000000000000000000e+00,5.043572668878972820e+00,7.757550682482995619e+00
-2.249374783441138348e+01,-1.811999634255414549e+01,-3.201115210894806662e+00,-1.945835398504766900e+01,1.159580753380177853e+00,0.000000000000000000e+00,5.043572668878972820e+00,7.757550682482995619e+00
-2.443958323291614931e+01,-1.800403826721612788e+01,-3.201115210894806662e+00,-1.945835398504766900e+01,1.159580753380177853e+00,0.000000000000000000e+00,5.043572668878972820e+00,7.757550682482995619e+00
-2.638541863142091515e+01,-1.788808019187811027e+01,-3.201115210894806662e+00,-1.945835398504766900e+01,1.159580753380177853e+00,0.000000000000000000e+00,5.043572668878972820e+00,7.757550682482995619e+00
-2.833125402992568098e+01,-1.777212211654009266e+01,-3.201115210894806662e+00,-1.945835398504766900e+01,1.159580753380177853e+00,0.000000000000000000e+00,5.043572668878972820e+00,7.757550682482995619e+00
-3.027708942843044682e+01,-1.765616404120207505e+01,-3.201115210894806662e+00,-1.945835398504766900e+01,1.159580753380177853e+00,0.000000000000000000e+00,5.043572668878972820e+00,7.757550682482995619e+00
-3.222292482693521265e+01,-1.754020596586405745e+01,-3.201115210894806662e+00,-1.945835398504766900e+01,1.159580753380177853e+00,0.000000000000000000e+00,5.043572668878972820e+00,7.757550682482995619e+00
-3.416876022543998204e+01,-1.742424789052603984e+01,-3.201115210894806662e+00,-1.945835398504766900e+01,1.159580753380177853e+00,0.000000000000000000e+00,5.043572668878972820e+00,7.757550682482995619e+00
-3.611459562394475142e+01,-1.730828981518802223e+01,-3.201115210894806662e+00,-1.945835398504766900e+01,1.159580753380177853e+00,0.000000000000000000e+00,5.043572668878972820e+00,7.757550682482995619e+00
-3.806043102244952081e+01,-1.719233173985000462e+01,-3.201115210894806662e+00,-1.945835398504766900e+01,1.159580753380177853e+00,0.000000000000000000e+00,5.043572668878972820e+00,7.757550682482995619e+00
-4.000626642095429020e+01,-1.707637366451198702e+01,-3.201115210894806662e+00,-1.945835398504766900e+01,1.159580753380177853e+00,0.000000000000000000e+00,5.043572668878972820e+00,7.757550682482995619e+00
-4.195210181945905958e+01,-1.696041558917396941e+01,-3.201115210894806662e+00,-1.945835398504766900e+01,1.159580753380177853e+00,0.000000000000000000e+00,5.043572668878972820e+00,7.757550682482995619e+00
-4.389793721796382897e+01,-1.684445751383595180e+01,-3.201115210894806662e+00,-1.945835398504766900e+01,1.159580753380177853e+00,0.000000000000000000e+00,5.043572668878972820e+00,7.757550682482995619e+00
-4.584377261646859836e+01,-1.672849943849793419e+01,-3.201115210894806662e+00,-1.945835398504766900e+01,1.159580753380177853e+00,0.000000000000000000e+00,5.043572668878972820e+00,7.757550682482995619e+00
-4.778960801497336774e+01,-1.661254136315991659e+01,-3.201115210894806662e+00,-1.945835398504766900e+01,1.159580753380177853e+00,0.000000000000000000e+00,5.043572668878972820e+00,7.757550682482995619e+00
-4.973544341347813713e+01,-1.649658328782189898e+01,-3.201115210894806662e+00,-1.945835398504766900e+01,1.159580753380177853e+00,0.000000000000000000e+00,5.043572668878972820e+00,7.757550682482995619e+00
-5.168127881198290652e+01,-1.638062521248388137e+01,-3.201115210894806662e+00,-1.945835398504766900e+01,1.159580753380177853e+00,0.000000000000000000e+00,5.043572668878972820e+00,7.757550682482995619e+00
-5.362711421048767590e+01,-1.626466713714586376e+01,-3.201115210894806662e+00,-1.945835398504766900e+01,1.159580753380177853e+00,0.000000000000000000e+00,5.043572668878972820e+00,7.757550682482995619e+00
-5.557294960899244529e+01,-1.614870906180784615e+01,-3.201115210894806662e+00,-1.945835398504766900e+01,1.159580753380177853e+00,0.000000000000000000e+00,5.043572668878972820e+00,7.757550682482995619e+00
-5.751878500749721468e+01,-1.603275098646982855e+01,-3.201115210894806662e+00,-1.945835398504766900e+01,1.159580753380177853e+00,0.000000000000000000e+00,5.043572668878972820e+00,7.757550682482995619e+00
-5.946462040600198407e+01,-1.591679291113181094e+01,-3.201115210894806662e+00,-1.945835398504766900e+01,1.159580753380177853e+00,0.000000000000000000e+00,5.043572668878972820e+00,7.757550682482995619e+00
-6.141045580450675345e+01,-1.580083483579379333e+01,-3.201115210894806662e+00,-1.945835398504766900e+01,1.159580753380177853e+00,0.000000000000000000e+00,5.043572668878972820e+00,7.757550682482995619e+00
-6.335629120301152284e+01,-1.568487676045577572e+01,-3.201115210894806662e+00,-1.945835398504766900e+01,1.159580753380177853e+00,0.000000000000000000e+00,5.043572668878972820e+00,7.757550682482995619e+00
-6.530212660151629223e+01,-1.556891868511775812e+01,-3.201115210894806662e+00,-1.945835398504766900e+01,1.159580753380177853e+00,0.000000000000000000e+00,5.043572668878972820e+00,7.757550682482995619e+00
-6.724796200002106161e+01,-1.545296060977974051e+01,-3.201115210894806662e+00,-1.945835398504766900e+01,1.159580753380177853e+00,0.000000000000000000e+00,5.043572668878972820e+00,7.757550682482995619e+00
-6.919379739852583100e+01,-1.533700253444172290e+01,-3.201115210894806662e+00,-1.945835398504766900e+01,1.159580753380177853e+00,0.000000000000000000e+00,5.043572668878972820e+00,7.757550682482995619e+00
-7.113963279703060039e+01,-1.522104445910370529e+01,-3.201115210894806662e+00,-1.945835398504766900e+01,1.159580753380177853e+00,0.000000000000000000e+00,5.043572668878972820e+00,7.757550682482995619e+00
-7.308546819553536977e+01,-1.510508638376568769e+01,-3.201115210894806662e+00,-1.945835398504766900e+01,1.159580753380177853e+00,0.000000000000000000e+00,5.043572668878972820e+00,7.757550682482995619e+00
-7.503130359404013916e+01,-1.498912830842767008e+01,-3.201115210894806662e+00,-1.945835398504766900e+01,1.159580753380177853e+00,0.000000000000000000e+00,5.043572668878972820e+00,7.757550682482995619e+00
-7.697713899254490855e+01,-1.487317023308965247e+01,-3.201115210894806662e+00,-1.945835398504766900e+01,1.159580753380177853e+00,0.000000000000000000e+00,5.043572668878972820e+00,7.757550682482995619e+00
-7.892297439104967793e+01,-1.475721215775163486e+01,-3.201115210894806662e+00,-1.945835398504766900e+01,1.159580753380177853e+00,0.000000000000000000e+00,5.043572668878972820e+00,7.757550682482995619e+00
-8.086880978955444732e+01,-1.464125408241361725e+01,-3.201115210894806662e+00,-1.945835398504766900e+01,1.159580753380177853e+00,0.000000000000000000e+00,5.043572668878972820e+00,7.757550682482995619e+00
-8.281464518805921671e+01,-1.452529600707559965e+01,-3.201115210894806662e+00,-1.945835398504766900e+01,1.159580753380177853e+00,0.000000000000000000e+00,5.043572668878972820e+00,7.757550682482995619e+00
-8.476048058656398609e+01,-1.440933793173758204e+01,-3.201115210894806662e+00,-1.945835398504766900e+01,1.159580753380177853e+00,0.000000000000000000e+00,5.043572668878972820e+00,7.757550682482995619e+00
-8.670631598506875548e+01,-1.429337985639956443e+01,-3.201115210894806662e+00,-1.945835398504766900e+01,1.159580753380177853e+00,0.000000000000000000e+00,5.043572668878972820e+00,7.757550682482995619e+00
-8.865215138357352487e+01,-1.417742178106154682e+01,-3.201115210894806662e+00,-1.945835398504766900e+01,1.159580753380177853e+00,0.000000000000000000e+00,5.043572668878972820e+00,7.757550682482995619e+00
-9.059798678207829425e+01,-1.406146370572352922e+01,-3.201115210894806662e+00,-1.945835398504766900e+01,1.159580753380177853e+00,0.000000000000000000e+00,5.043572668878972820e+00,7.757550682482995619e+00
-9.254382218058306364e+01,-1.394550563038551161e+01,-3.201115210894806662e+00,-1.945835398504766900e+01,1.159580753380177853e+00,0.000000000000000000e+00,5.043572668878972820e+00,7.757550682482995619e+00
-9.448965757908783303e+01,-1.382954755504749400e+01,-3.201115210894806662e+00,-1.945835398504766900e+01,1.159580753380177853e+00,0.000000000000000000e+00,5.043572668878972820e+00,7.757550682482995619e+00
-9.643549297759260241e+01,-1.371358947970947639e+01,-3.201115210894806662e+00,-1.945835398504766900e+01,1.159580753380177853e+00,0.000000000000000000e+00,5.043572668878972820e+00,7.757550682482995619e+00
-9.838132837609737180e+01,-1.359763140437145879e+01,-3.201115210894806662e+00,-1.945835398504766900e+01,1.159580753380177853e+00,0.000000000000000000e+00,5.043572668878972820e+00,7.757550682482995619e+00
-1.003271637746021412e+02,-1.348167332903344118e+01,-3.201115210894806662e+00,-1.945835398504766900e+01,1.159580753380177853e+00,0.000000000000000000e+00,5.043572668878972820e+00,7.757550682482995619e+00
-1.022729991731069106e+02,-1.336571525369542357e+01,-3.201115210894806662e+00,-1.945835398504766900e+01,1.159580753380177853e+00,0.000000000000000000e+00,5.043572668878972820e+00,7.757550682482995619e+00
-1.042188345716116800e+02,-1.324975717835740596e+01,-3.201115210894806662e+00,-1.945835398504766900e+01,1.159580753380177853e+00,0.000000000000000000e+00,5.043572668878972820e+00,7.757550682482995619e+00
-1.061646699701164493e+02,-1.313379910301938835e+01,-3.201115210894806662e+00,-1.945835398504766900e+01,1.159580753380177853e+00,0.000000000000000000e+00,5.043572668878972820e+00,7.757550682482995619e+00
-1.081105053686212187e+02,-1.301784102768137075e+01,-3.201115210894806662e+00,-1.945835398504766900e+01,1.159580753380177853e+00,0.000000000000000000e+00,5.043572668878972820e+00,7.757550682482995619e+00
-1.100563407671259881e+02,-1.290188295234335314e+01,-3.201115210894806662e+00,-1.945835398504766900e+01,1.159580753380177853e+00,0.000000000000000000e+00,5.043572668878972820e+00,7.757550682482995619e+00
-1.120021761656307575e+02,-1.278592487700533553e+01,-3.201115210894806662e+00,-1.945835398504766900e+01,1.159580753380177853e+00,0.000000000000000000e+00,5.043572668878972820e+00,7.757550682482995619e+00
-1.139480115641355269e+02,-1.266996680166731792e+01,-3.201115210894806662e+00,-1.945835398504766900e+01,1.159580753380177853e+00,0.000000000000000000e+00,5.043572668878972820e+00,7.757550682482995619e+00
-1.158938469626402963e+02,-1.255400872632930032e+01,-3.201115210894806662e+00,-1.945835398504766900e+01,1.159580753380177853e+00,0.000000000000000000e+00,5.043572668878972820e+00,7.757550682482995619e+00
-1.178396823611450657e+02,-1.243805065099128271e+01,-3.201115210894806662e+00,-1.945835398504766900e+01,1.159580753380177853e+00,0.000000000000000000e+00,5.043572668878972820e+00,7.757550682482995619e+00
-1.197855177596498351e+02,-1.232209257565326510e+01,-3.201115210894806662e+00,-1.945835398504766900e+01,1.159580753380177853e+00,0.000000000000000000e+00,5.043572668878972820e+00,7.757550682482995619e+00
-1.217313531581546044e+02,-1.220613450031524749e+01,-3.201115210894806662e+00,-1.945835398504766900e+01,1.159580753380177853e+00,0.000000000000000000e+00,5.043572668878972820e+00,7.757550682482995619e+00
-1.236771885566593738e+02,-1.209017642497722989e+01,-3.201115210894806662e+00,-1.945835398504766900e+01,1.159580753380177853e+00,0.000000000000000000e+00,5.043572668878972820e+00,7.757550682482995619e+00
-1.256230239551641432e+02,-1.197421834963921228e+01,-3.201115210894806662e+00,-1.945835398504766900e+01,1.159580753380177853e+00,0.000000000000000000e+00,5.043572668878972820e+00,7.757550682482995619e+00
-1.275688593536689126e+02,-1.185826027430119467e+01,-3.201115210894806662e+00,-1.945835398504766900e+01,1.159580753380177853e+00,0.000000000000000000e+00,5.043572668878972820e+00,7.757550682482995619e+00
-1.295146947521736820e+02,-1.174230219896317706e+01,-3.201115210894806662e+00,-1.945835398504766900e+01,1.159580753380177853e+00,0.000000000000000000e+00,5.043572668878972820e+00,7.757550682482995619e+00
-1.314605301506784372e+02,-1.162634412362515945e+01,-3.201115210894806662e+00,-1.945835398504766900e+01,1.159580753380177853e+00,0.000000000000000000e+00,5.043572668878972820e+00,7.757550682482995619e+00
-1.334063655491831923e+02,-1.151038604828714185e+01,-3.201115210894806662e+00,-1.945835398504766900e+01,1.159580753380177853e+00,0.000000000000000000e+00,5.043572668878972820e+00,7.757550682482995619e+00
-1.353522009476879475e+02,-1.139442797294912424e+01,-3.201115210894806662e+00,-1.945835398504766900e+01,1.159580753380177853e+00,0.000000000000000000e+00,5.043572668878972820e+00,7.757550682482995619e+00
-1.372980363461927027e+02,-1.127846989761110663e+01,-3.201115210894806662e+00,-1.945835398504766900e+01,1.159580753380177853e+00,0.000000000000000000e+00,5.043572668878972820e+00,7.757550682482995619e+00
-1.392438717446974579e+02,-1.116251182227308902e+01,-3.201115210894806662e+00,-1.945835398504766900e+01,1.159580753380177853e+00,0.000000000000000000e+00,5.043572668878972820e+00,7.757550682482995619e+00
-1.411897071432022130e+02,-1.104655374693507142e+01,-3.201115210894806662e+00,-1.945835398504766900e+01,1.159580753380177853e+00,0.000000000000000000e+00,5.043572668878972820e+00,7.757550682482995619e+00
-1.431355425417069682e+02,-1.093059567159705381e+01,-3.201115210894806662e+00,-1.945835398504766900e+01,1.159580753380177853e+00,0.000000000000000000e+00,5.043572668878972820e+00,7.757550682482995619e+00
-1.450813779402117234e+02,-1.081463759625903620e+01,-3.201115210894806662e+00,-1.945835398504766900e+01,1.159580753380177853e+00,0.000000000000000000e+00,5.043572668878972820e+00,7.757550682482995619e+00
-1.470272133387164786e+02,-1.069867952092101859e+01,-3.201115210894806662e+00,-1.945835398504766900e+01,1.159580753380177853e+00,0.000000000000000000e+00,5.043572668878972820e+00,7.757550682482995619e+00
-1.489730487372212338e+02,-1.058272144558300099e+01,-3.201115210894806662e+00,-1.945835398504766900e+01,1.159580753380177853e+00,0.000000000000000000e+00,5.043572668878972820e+00,7.757550682482995619e+00
-1.509188841357259889e+02,-1.046676337024498338e+01,-3.201115210894806662e+00,-1.945835398504766900e+01,1.159580753380177853e+00,0.000000000000000000e+00,5.043572668878972820e+00,7.757550682482995619e+00
-1.528647195342307441e+02,-1.035080529490696577e+01,-3.201115210894806662e+00,-1.945835398504766900e+01,1.159580753380177853e+00,0.000000000000000000e+00,5.043572668878972820e+00,7.757550682482995619e+00
-1.548105549327354993e+02,-1.023484721956894816e+01,-3.201115210894806662e+00,-1.945835398504766900e+01,1.159580753380177853e+00,0.000000000000000000e+00,5.043572668878972820e+00,7.757550682482995619e+00
-1.567563903312402545e+02,-1.011888914423093055e+01,-3.201115210894806662e+00,-1.945835398504766900e+01,1.159580753380177853e+00,0.000000000000000000e+00,5.043572668878972820e+00,7.757550682482995619e+00
-1.587022257297450096e+02,-1.000293106889291295e+01,-3.201115210894806662e+00,-1.945835398504766900e+01,1.159580753380177853e+00,0.000000000000000000e+00,5.043572668878972820e+00,7.757550682482995619e+00
-1.606480611282497648e+02,-9.886972993554895339e+00,-3.201115210894806662e+00,-1.945835398504766900e+01,1.159580753380177853e+00,0.000000000000000000e+00,5.043572668878972820e+00,7.757550682482995619e+00
-1.625938965267545200e+02,-9.771014918216877732e+00,-3.201115210894806662e+00,-1.945835398504766900e+01,1.159580753380177853e+00,0.000000000000000000e+00,5.043572668878972820e+00,7.757550682482995619e+00
-1.645397319252592752e+02,-9.655056842878860124e+00,-3.201115210894806662e+00,-1.945835398504766900e+01,1.159580753380177853e+00,0.000000000000000000e+00,5.043572668878972820e+00,7.757550682482995619e+00
-1.664855673237640303e+02,-9.539098767540842516e+00,-3.201115210894806662e+00,-1.945835398504766900e+01,1.159580753380177853e+00,0.000000000000000000e+00,5.043572668878972820e+00,7.757550682482995619e+00
-1.684314027222687855e+02,-9.423140692202824908e+00,-3.201115210894806662e+00,-1.945835398504766900e+01,1.159580753380177853e+00,0.000000000000000000e+00,5.043572668878972820e+00,7.757550682482995619e+00
-1.703772381207735407e+02,-9.307182616864807301e+00,-3.201115210894806662e+00,-1.945835398504766900e+01,1.159580753380177853e+00,0.000000000000000000e+00,5.043572668878972820e+00,7.757550682482995619e+00
-1.723230735192782959e+02,-9.191224541526789693e+00,-3.201115210894806662e+00,-1.945835398504766900e+01,1.159580753380177853e+00,0.000000000000000000e+00,5.043572668878972820e+00,7.757550682482995619e+00
-1.742689089177830510e+02,-9.075266466188772085e+00,-3.201115210894806662e+00,-1.945835398504766900e+01,1.159580753380177853e+00,0.000000000000000000e+00,5.043572668878972820e+00,7.757550682482995619e+00
-1.762147443162878062e+02,-8.959308390850754478e+00,-3.201115210894806662e+00,-1.945835398504766900e+01,1.159580753380177853e+00,0.000000000000000000e+00,5.043572668878972820e+00,7.757550682482995619e+00
-1.781605797147925614e+02,-8.843350315512736870e+00,-3.201115210894806662e+00,-1.945835398504766900e+01,1.159580753380177853e+00,0.000000000000000000e+00,5.043572668878972820e+00,7.757550682482995619e+00
-1.801064151132973166e+02,-8.727392240174719262e+00,-3.201115210894806662e+00,-1.945835398504766900e+01,1.159580753380177853e+00,0.000000000000000000e+00,5.043572668878972820e+00,7.757550682482995619e+00
-1.820522505118020717e+02,-8.611434164836701655e+00,-3.201115210894806662e+00,-1.945835398504766900e+01,1.159580753380177853e+00,0.000000000000000000e+00,5.043572668878972820e+00,7.757550682482995619e+00
-1.839980859103068269e+02,-8.495476089498684047e+00,-3.201115210894806662e+00,-1.945835398504766900e+01,1.159580753380177853e+00,0.000000000000000000e+00,5.043572668878972820e+00,7.757550682482995619e+00
-1.859439213088115821e+02,-8.379518014160666439e+00,-3.201115210894806662e+00,-1.945835398504766900e+01,1.159580753380177853e+00,0.000000000000000000e+00,5.043572668878972820e+00,7.757550682482995619e+00
-1.878897567073163373e+02,-8.263559938822648832e+00,-3.201115210894806662e+00,-1.945835398504766900e+01,1.159580753380177853e+00,0.000000000000000000e+00,5.043572668878972820e+00,7.757550682482995619e+00
-1.898355921058210924e+02,-8.147601863484631224e+00,-3.201115210894806662e+00,-1.945835398504766900e+01,1.159580753380177853e+00,0.000000000000000000e+00,5.043572668878972820e+00,7.757550682482995619e+00
-1.917814275043258476e+02,-8.031643788146613616e+00,-3.201115210894806662e+00,-1.945835398504766900e+01,1.159580753380177853e+00,0.000000000000000000e+00,5.043572668878972820e+00,7.757550682482995619e+00
-1.937272629028306028e+02,-7.915685712808596008e+00,-3.201115210894806662e+00,-1.945835398504766900e+01,1.159580753380177853e+00,0.000000000000000000e+00,5.043572668878972820e+00,7.757550682482995619e+00
-1.956730983013353580e+02,-7.799727637470578401e+00,-3.201115210894806662e+00,-1.945835398504766900e+01,1.159580753380177853e+00,0.000000000000000000e+00,5.043572668878972820e+00,7.757550682482995619e+00
-1.976189336998401131e+02,-7.683769562132560793e+00,-3.201115210894806662e+00,-1.945835398504766900e+01,1.159580753380177853e+00,0.000000000000000000e+00,5.043572668878972820e+00,7.757550682482995619e+00
-1.995647690983448683e+02,-7.567811486794543185e+00,-3.201115210894806662e+00,-1.945835398504766900e+01,1.159580753380177853e+00,0.000000000000000000e+00,5.043572668878972820e+00,7.757550682482995619e+00
-2.015106044968496235e+02,-7.451853411456525578e+00,-3.201115210894806662e+00,-1.945835398504766900e+01,1.159580753380177853e+00,0.000000000000000000e+00,5.043572668878972820e+00,7.757550682482995619e+00
-2.034564398953543787e+02,-7.335895336118507970e+00,-3.201115210894806662e+00,-1.945835398504766900e+01,1.159580753380177853e+00,0.000000000000000000e+00,5.043572668878972820e+00,7.757550682482995619e+00
-2.054022752938591339e+02,-7.219937260780490362e+00,-3.201115210894806662e+00,-1.945835398504766900e+01,1.159580753380177853e+00,0.000000000000000000e+00,5.043572668878972820e+00,7.757550682482995619e+00
-2.073481106923638890e+02,-7.103979185442472755e+00,-3.201115210894806662e+00,-1.945835398504766900e+01,1.159580753380177853e+00,0.000000000000000000e+00,5.043572668878972820e+00,7.757550682482995619e+00
-2.092939460908686442e+02,-6.988021110104455147e+00,-3.201115210894806662e+00,-1.945835398504766900e+01,1.159580753380177853e+00,0.000000000000000000e+00,5.043572668878972820e+00,7.757550682482995619e+00
-2.112397814893733994e+02,-6.872063034766437539e+00,-3.201115210894806662e+00,-1.945835398504766900e+01,1.159580753380177853e+00,0.000000000000000000e+00,5.043572668878972820e+00,7.757550682482995619e+00
-2.131856168878781546e+02,-6.756104959428419932e+00,-3.201115210894806662e+00,-1.945835398504766900e+01,1.159580753380177853e+00,0.000000000000000000e+00,5.043572668878972820e+00,7.757550682482995619e+00
-2.151314522863829097e+02,-6.640146884090402324e+00,-3.201115210894806662e+00,-1.945835398504766900e+01,1.159580753380177853e+00,0.000000000000000000e+00,5.043572668878972820e+00,7.757550682482995619e+00
-2.170772876848876649e+02,-6.524188808752384716e+00,-3.201115210894806662e+00,-1.945835398504766900e+01,1.159580753380177853e+00,0.000000000000000000e+00,5.043572668878972820e+00,7.757550682482995619e+00
-2.190231230833924201e+02,-6.408230733414367108e+00,-3.201115210894806662e+00,-1.945835398504766900e+01,1.159580753380177853e+00,0.000000000000000000e+00,5.043572668878972820e+00,7.757550682482995619e+00
-2.209689584818971753e+02,-6.292272658076349501e+00,-3.201115210894806662e+00,-1.945835398504766900e+01,1.159580753380177853e+00,0.000000000000000000e+00,5.043572668878972820e+00,7.757550682482995619e+00
-2.229147938804019304e+02,-6.176314582738331893e+00,-3.201115210894806662e+00,-1.945835398504766900e+01,1.159580753380177853e+00,0.000000000000000000e+00,5.043572668878972820e+00,7.757550682482995619e+00
-2.248606292789066856e+02,-6.060356507400314285e+00,-3.201115210894806662e+00,-1.945835398504766900e+01,1.159580753380177853e+00,0.000000000000000000e+00,5.043572668878972820e+00,7.757550682482995619e+00
-2.268064646774114408e+02,-5.944398432062296678e+00,-3.201115210894806662e+00,-1.945835398504766900e+01,1.159580753380177853e+00,0.000000000000000000e+00,5.043572668878972820e+00,7.757550682482995619e+00
-2.287523000759161960e+02,-5.828440356724279070e+00,-3.201115210894806662e+00,-1.945835398504766900e+01,1.159580753380177853e+00,0.000000000000000000e+00,5.043572668878972820e+00,7.757550682482995619e+00
-2.306981354744209511e+02,-5.712482281386261462e+00,-3.201115210894806662e+00,-1.945835398504766900e+01,1.159580753380177853e+00,0.000000000000000000e+00,5.043572668878972820e+00,7.757550682482995619e+00
-2.326439708729257063e+02,-5.596524206048243855e+00,-3.201115210894806662e+00,-1.945835398504766900e+01,1.159580753380177853e+00,0.000000000000000000e+00,5.043572668878972820e+00,7.757550682482995619e+00
-2.345898062714304615e+02,-5.480566130710226247e+00,-3.201115210894806662e+00,-1.945835398504766900e+01,1.159580753380177853e+00,0.000000000000000000e+00,5.043572668878972820e+00,7.757550682482995619e+00
-2.365356416699352167e+02,-5.364608055372208639e+00,-3.201115210894806662e+00,-1.945835398504766900e+01,1.159580753380177853e+00,0.000000000000000000e+00,5.043572668878972820e+00,7.757550682482995619e+00
-2.384814770684399718e+02,-5.248649980034191032e+00,-3.201115210894806662e+00,-1.945835398504766900e+01,1.159580753380177853e+00,0.000000000000000000e+00,5.043572668878972820e+00,7.757550682482995619e+00
-2.404273124669447270e+02,-5.132691904696173424e+00,-3.201115210894806662e+00,-1.945835398504766900e+01,1.159580753380177853e+00,0.000000000000000000e+00,5.043572668878972820e+00,7.757550682482995619e+00
-2.423731478654494822e+02,-5.016733829358155816e+00,-3.201115210894806662e+00,-1.945835398504766900e+01,1.159580753380177853e+00,0.000000000000000000e+00,5.043572668878972820e+00,7.757550682482995619e+00
-2.443189832639542374e+02,-4.900775754020138208e+00,-3.201115210894806662e+00,-1.945835398504766900e+01,1.159580753380177853e+00,0.000000000000000000e+00,5.043572668878972820e+00,7.757550682482995619e+00
-2.462648186624589925e+02,-4.784817678682120601e+00,-3.201115210894806662e+00,-1.945835398504766900e+01,1.159580753380177853e+00,0.000000000000000000e+00,5.043572668878972820e+00,7.757550682482995619e+00
-2.482106540609637477e+02,-4.668859603344102993e+00,-3.201115210894806662e+00,-1.945835398504766900e+01,1.159580753380177853e+00,0.000000000000000000e+00,5.043572668878972820e+00,7.757550682482995619e+00
-2.501564894594685029e+02,-4.552901528006085385e+00,-3.201115210894806662e+00,-1.945835398504766900e+01,1.159580753380177853e+00,0.000000000000000000e+00,5.043572668878972820e+00,7.757550682482995619e+00
-2.521023248579732581e+02,-4.436943452668067778e+00,-3.201115210894806662e+00,-1.945835398504766900e+01,1.159580753380177853e+00,0.000000000000000000e+00,5.043572668878972820e+00,7.757550682482995619e+00
-2.540481602564780133e+02,-4.320985377330050170e+00,-3.201115210894806662e+00,-1.945835398504766900e+01,1.159580753380177853e+00,0.000000000000000000e+00,5.043572668878972820e+00,7.757550682482995619e+00
-2.559939956549827684e+02,-4.205027301992032562e+00,-3.201115210894806662e+00,-1.945835398504766900e+01,1.159580753380177853e+00,0.000000000000000000e+00,5.043572668878972820e+00,7.757550682482995619e+00
-2.579398310534875236e+02,-4.089069226654014955e+00,-3.201115210894806662e+00,-1.945835398504766900e+01,1.159580753380177853e+00,0.000000000000000000e+00,5.043572668878972820e+00,7.757550682482995619e+00
-2.598856664519922788e+02,-3.973111151315997347e+00,-3.201115210894806662e+00,-1.945835398504766900e+01,1.159580753380177853e+00,0.000000000000000000e+00,5.043572668878972820e+00,7.757550682482995619e+00
-2.625214260980888525e+02,-3.816038453466101377e+00,-2.089154027432803318e+00,-2.635759646096555997e+01,1.570726978498961479e+00,1.111961183462003255e+01,5.043572668878972820e+00,7.757550682482995619e+00
-2.638296411917327191e+02,-6.109610779154413862e+00,-9.771928439707999736e-01,-1.308215093643852533e+01,-2.293572325688312219e+01,1.111961183462003255e+01,5.043572668878972820e+00,7.757550682482995619e+00
-2.623527090283844814e+02,-8.298348344343180472e+00,1.347683394912033705e-01,1.476932163348215177e+01,-2.188737565188766254e+01,1.111961183462003255e+01,5.043572668878972820e+00,7.757550682482995619e+00
-2.597362155106814043e+02,-7.943577409487108554e+00,1.246729522953206715e+00,2.616493517703079519e+01,3.547709348560718290e+00,1.111961183462003255e+01,5.043572668878972820e+00,7.757550682482995619e+00
-2.588954366099401341e+02,-5.440580888420968542e+00,2.358690706415210059e+00,8.407789007412645788e+00,2.502996521066139834e+01,1.111961183462003255e+01,5.043572668878972820e+00,7.757550682482995619e+00
-2.607671613951711720e+02,-3.578177314339161530e+00,3.470651889877213403e+00,-1.871724785231044308e+01,1.862403574081806923e+01,1.111961183462003255e+01,5.043572668878972820e+00,7.757550682482995619e+00
-2.632659292090547751e+02,-4.431441726289090610e+00,4.582613073339216747e+00,-2.498767813883600653e+01,-8.532644119499289914e+00,1.111961183462003255e+01,5.043572668878972820e+00,7.757550682482995619e+00
-2.636076331098282139e+02,-7.049673799386722450e+00,5.694574256801219647e+00,-3.417039007734110623e+00,-2.618232073097631840e+01,1.111961183462003255e+01,5.043572668878972820e+00,7.757550682482995619e+00
-2.614115493676255255e+02,-8.515660477918933324e+00,6.806535440263223435e+00,2.196083742202692690e+01,-1.465986678532211052e+01,1.111961183462003255e+01,5.043572668878972820e+00,7.757550682482995619e+00
-2.591245367731625606e+02,-7.196011230138076087e+00,7.918496623725227224e+00,2.287012594462983017e+01,1.319649247780857237e+01,1.111961183462003255e+01,5.043572668878972820e+00,7.757550682482995619e+00
-2.592947663108602683e+02,-4.561068602888648904e+00,9.030457807187231012e+00,-1.702295376977019270e+00,2.634942627249427005e+01,1.111961183462003255e+01,5.043572668878972820e+00,7.757550682482995619e+00
-2.617325696029830624e+02,-3.546664416522981256e+00,1.014241899064923480e+01,-2.437803292122786303e+01,1.014404186365667471e+01,1.111961183462003255e+01,5.043572668878972820e+00,7.757550682482995619e+00
-2.637217658861399627e+02,-5.283039632735086144e+00,1.125438017411123859e+01,-1.989196283156906730e+01,-1.736375216212105244e+01,1.111961183462003255e+01,5.043572668878972820e+00,7.757550682482995619e+00
-2.630460087076133959e+02,-7.835538992200374864e+00,1.236634135757324238e+01,6.757571785265611197e+00,-2.552499359465288720e+01,1.111961183462003255e+01,5.043572668878972820e+00,7.757550682482995619e+00
-2.604582212646802759e+02,-8.360188298497844173e+00,1.347830254103524616e+01,2.587787442933145954e+01,-5.246493062974697530e+00,1.111961183462003255e+01,5.043572668878972820e+00,7.757550682482995619e+00
-2.588416954517078921e+02,-6.272427526667193831e+00,1.459026372449724995e+01,1.616525812972367504e+01,2.087760771830650697e+01,1.111961183462003255e+01,5.043572668878972820e+00,7.757550682482995619e+00
-2.599975512897038357e+02,-3.898422887629703126e+00,1.570222490795925374e+01,-1.155855837995968116e+01,2.374004639037490705e+01,1.111961183462003255e+01,5.043572668878972820e+00,7.757550682482995619e+00
-2.626379435277561925e+02,-3.883271200144513102e+00,1.681418609142125575e+01,-2.640392238052376683e+01,1.515168748519006292e-01,1.111961183462003255e+01,5.043572668878972820e+00,7.757550682482995619e+00
-2.638209684331156382e+02,-6.243854352185588041e+00,1.792614727488325954e+01,-1.183024905359438606e+01,-2.360583152041075294e+01,1.111961183462003255e+01,5.043572668878972820e+00,7.757550682482995619e+00
-2.622285091991748232e+02,-8.350029637539936544e+00,1.903810845834526333e+01,1.592459233940829577e+01,-2.106175285354349214e+01,1.111961183462003255e+01,5.043572668878972820e+00,7.757550682482995619e+00
-2.596348710587188862e+02,-7.855113542859995412e+00,2.015006964180726712e+01,2.593638140455919938e+01,4.949160946799409544e+00,1.111961183462003255e+01,5.043572668878972820e+00,7.757550682482995619e+00
-2.589298647061000906e+02,-5.310537588566620393e+00,2.126203082526927091e+01,7.050063526187886787e+00,2.544575954293375020e+01,1.111961183462003255e+01,5.043572668878972820e+00,7.757550682482995619e+00
-2.608990025324285966e+02,-3.551447776952909141e+00,2.237399200873127469e+01,-1.969137826328498875e+01,1.759089811613711163e+01,1.111961183462003255e+01,5.043572668878972820e+00,7.757550682482995619e+00
-2.633482870557822366e+02,-4.537807786311220504e+00,2.348595319219327848e+01,-2.449284523353617971e+01,-9.863600093583112738e+00,1.111961183462003255e+01,5.043572668878972820e+00,7.757550682482995619e+00
-2.635487452175466956e+02,-7.170623250749035726e+00,2.459791437565528227e+01,-2.004581617644475955e+00,-2.632815464437814867e+01,1.111961183462003255e+01,5.043572668878972820e+00,7.757550682482995619e+00
-2.612770281508923063e+02,-8.516432417559832047e+00,2.570987555911728606e+01,2.271717066654410644e+01,-1.345809166810795787e+01,1.111961183462003255e+01,5.043572668878972820e+00,7.757550682482995619e+00
-2.590642646865380243e+02,-7.075745569136570268e+00,2.682183674257928985e+01,2.212763464354276266e+01,1.440686848423261424e+01,1.111961183462003255e+01,5.043572668878972820e+00,7.757550682482995619e+00
-2.593758980270729921e+02,-4.453764370602165457e+00,2.793379792604129364e+01,-3.116333405349496211e+00,2.621981198534405166e+01,1.111961183462003255e+01,5.043572668878972820e+00,7.757550682482995619e+00
-2.618647088182829066e+02,-3.571879122988841804e+00,2.904575910950329742e+01,-2.488810791209905204e+01,8.818852476133237417e+00,1.111961183462003255e+01,5.043572668878972820e+00,7.757550682482995619e+00
-2.637576841527491069e+02,-5.412679255405032919e+00,3.015772029296530121e+01,-1.892975334466200010e+01,-1.840800132416190493e+01,1.111961183462003255e+01,5.043572668878972820e+00,7.757550682482995619e+00
-2.629456861826129170e+02,-7.925160109241653927e+00,3.126968147642730500e+01,8.119979701361891955e+00,-2.512480853836621009e+01,1.111961183462003255e+01,5.043572668878972820e+00,7.757550682482995619e+00
-2.603334364961678489e+02,-8.309935784237394429e+00,3.238164265988930879e+01,2.612249686445087704e+01,-3.847756749957398803e+00,1.111961183462003255e+01,5.043572668878972820e+00,7.757550682482995619e+00
-2.588314826221759972e+02,-6.138292327128970882e+00,3.349360384335130902e+01,1.501953873991829802e+01,2.171643457108422837e+01,1.111961183462003255e+01,5.043572668878972820e+00,7.757550682482995619e+00
-2.601132894514345253e+02,-3.829857360129244714e+00,3.460556502681330926e+01,-1.281806829258550806e+01,2.308434966999726257e+01,1.111961183462003255e+01,5.043572668878972820e+00,7.757550682482995619e+00
-2.627506781545582726e+02,-3.956670502334711070e+00,3.571752621027530950e+01,-2.637388703123766476e+01,-1.268131422054664448e+00,1.111961183462003255e+01,5.043572668878972820e+00,7.757550682482995619e+00
-2.638050915131871648e+02,-6.377437573646158597e+00,3.682948739373730973e+01,-1.054413358628903907e+01,-2.420767071311447438e+01,1.111961183462003255e+01,5.043572668878972820e+00,7.757550682482995619e+00
-2.621017106686279590e+02,-8.394959430476895079e+00,3.794144857719930997e+01,1.703380844559180574e+01,-2.017521856830736127e+01,1.111961183462003255e+01,5.043572668878972820e+00,7.757550682482995619e+00
-2.595384288174607263e+02,-7.761329494411969954e+00,3.905340976066131020e+01,2.563281851167219116e+01,6.336299360649250367e+00,1.111961183462003255e+01,5.043572668878972820e+00,7.757550682482995619e+00
-2.589712339213830887e+02,-5.182533128999535776e+00,4.016537094412331044e+01,5.671948960776226123e+00,2.578796365412434355e+01,1.111961183462003255e+01,5.043572668878972820e+00,7.757550682482995619e+00
-2.610320899582917491e+02,-3.531844442560449604e+00,4.127733212758531067e+01,-2.060856036908665700e+01,1.650688686439086084e+01,1.111961183462003255e+01,5.043572668878972820e+00,7.757550682482995619e+00
-2.634248077558867749e+02,-4.648447454141927615e+00,4.238929331104731091e+01,-2.392717797595040707e+01,-1.116603011581477745e+01,1.111961183462003255e+01,5.043572668878972820e+00,7.757550682482995619e+00
-2.634834404450950842e+02,-7.288232095387702891e+00,4.350125449450931114e+01,-5.863268920832829245e-01,-2.639784641245775276e+01,1.111961183462003255e+01,5.043572668878972820e+00,7.757550682482995619e+00
-2.611426599565650122e+02,-8.509971613009138736e+00,4.461321567797131138e+01,2.340780488530059955e+01,-1.221739517621436732e+01,1.111961183462003255e+01,5.043572668878972820e+00,7.757550682482995619e+00
-2.590105450285649908e+02,-6.952413691710429333e+00,4.572517686143331161e+01,2.132114928000020626e+01,1.557557921298708870e+01,1.111961183462003255e+01,5.043572668878972820e+00,7.757550682482995619e+00
-2.594626809150346389e+02,-4.350976803264505754e+00,4.683713804489531185e+01,-4.521358864696318314e+00,2.601436888445923401e+01,1.111961183462003255e+01,5.043572668878972820e+00,7.757550682482995619e+00
-2.619953014584517632e+02,-3.604160944124948251e+00,4.794909922835731209e+01,-2.532620543417140269e+01,7.468158591395575030e+00,1.111961183462003255e+01,5.043572668878972820e+00,7.757550682482995619e+00
-2.637865812788825792e+02,-5.544062320308357883e+00,4.906106041181931232e+01,-1.791279820430800740e+01,-1.939901376183409454e+01,1.111961183462003255e+01,5.043572668878972820e+00,7.757550682482995619e+00
-2.628406908498733969e+02,-8.009258466806588928e+00,5.017302159528131256e+01,9.458904290091743050e+00,-2.465196146498231045e+01,1.111961183462003255e+01,5.043572668878972820e+00,7.757550682482995619e+00
-2.602115336573421587e+02,-8.253047722849739642e+00,5.128498277874331279e+01,2.629157192531252107e+01,-2.437892560431512035e+00,1.111961183462003255e+01,5.043572668878972820e+00,7.757550682482995619e+00
-2.588284954369466959e+02,-6.003802065895766482e+00,5.239694396220531303e+01,1.383038220395437357e+01,2.249245656953972983e+01,1.111961183462003255e+01,5.043572668878972820e+00,7.757550682482995619e+00
-2.602325462174876520e+02,-3.767612863242447485e+00,5.350890514566731326e+01,-1.404050780540932308e+01,2.236189202653318731e+01,1.111961183462003255e+01,5.043572668878972820e+00,7.757550682482995619e+00
-2.628593039451494064e+02,-4.036024086126474231e+00,5.462086632912931350e+01,-2.626757727661762942e+01,-2.684112228840269676e+00,1.111961183462003255e+01,5.043572668878972820e+00,7.757550682482995619e+00
-2.637820563486762353e+02,-6.509974115166329511e+00,5.573282751259131373e+01,-9.227524035268533709e+00,-2.473950029039855636e+01,1.111961183462003255e+01,5.043572668878972820e+00,7.757550682482995619e+00
-2.619726801434983372e+02,-8.433007784277974039e+00,5.684478869605331397e+01,1.809376205177877139e+01,-1.923033669111644173e+01,1.111961183462003255e+01,5.043572668878972820e+00,7.757550682482995619e+00
-2.594471677019789695e+02,-7.662496491608211002e+00,5.795674987951531421e+01,2.525512441519395423e+01,7.705112926697628595e+00,1.111961183462003255e+01,5.043572668878972820e+00,7.757550682482995619e+00
-2.590194246142553993e+02,-5.056937704072304918e+00,5.906871106297731444e+01,4.277430877235858908e+00,2.605558787535905907e+01,1.111961183462003255e+01,5.043572668878972820e+00,7.757550682482995619e+00
-2.611660387782529824e+02,-3.519424004840338682e+00,6.018067224643931468e+01,-2.146614163997555025e+01,1.537513699231966235e+01,1.111961183462003255e+01,5.043572668878972820e+00,7.757550682482995619e+00
-2.634952700082425849e+02,-4.763040755146445981e+00,6.129263342990131491e+01,-2.329231229989621710e+01,-1.243616750306107122e+01,1.111961183462003255e+01,5.043572668878972820e+00,7.757550682482995619e+00
-2.634119076566587978e+02,-7.402160203511621184e+00,6.240459461336331515e+01,8.336235158379748933e-01,-2.639119448365175202e+01,1.111961183462003255e+01,5.043572668878972820e+00,7.757550682482995619e+00
-2.610088333831886303e+02,-8.496296749188973152e+00,6.351655579682531538e+01,2.403074273470156186e+01,-1.094136545677351968e+01,1.111961183462003255e+01,5.043572668878972820e+00,7.757550682482995619e+00
-2.589635331587841165e+02,-6.826372278905464164e+00,6.462851698028731562e+01,2.045300224404532230e+01,1.669924470283508811e+01,1.111961183462003255e+01,5.043572668878972820e+00,7.757550682482995619e+00
-2.595548639949349194e+02,-4.253003166901115684e+00,6.574047816374931585e+01,-5.913308361508311073e+00,2.573369112004348125e+01,1.111961183462003255e+01,5.043572668878972820e+00,7.757550682482995619e+00
-2.621239698440089114e+02,-3.643416519528773989e+00,6.685243934721131609e+01,-2.569105849073999437e+01,6.095866473723415169e+00,1.111961183462003255e+01,5.043572668878972820e+00,7.757550682482995619e+00
-2.638083736928203393e+02,-5.676808862022001634e+00,6.796440053067331633e+01,-1.684403848811439985e+01,-2.033392342493227289e+01,1.111961183462003255e+01,5.043572668878972820e+00,7.757550682482995619e+00
-2.627313263603721794e+02,-8.087590848860962467e+00,6.907636171413531656e+01,1.077047332448151984e+01,-2.410781986838960833e+01,1.111961183462003255e+01,5.043572668878972820e+00,7.757550682482995619e+00
-2.600928652964087178e+02,-8.189688637032903173e+00,7.018832289759731680e+01,2.638461063963477216e+01,-1.020977881719399738e+00,1.111961183462003255e+01,5.043572668878972820e+00,7.757550682482995619e+00
-2.588327425350873341e+02,-5.869345694534821689e+00,7.130028408105931703e+01,1.260122761321384033e+01,2.320342942498081840e+01,1.111961183462003255e+01,5.043572668878972820e+00,7.757550682482995619e+00
-2.603549766922134836e+02,-3.711869410707055117e+00,7.241224526452131727e+01,-1.522234157126168874e+01,2.157476283827766395e+01,1.111961183462003255e+01,5.043572668878972820e+00,7.757550682482995619e+00
-2.629635067491139466e+02,-4.121102457573533329e+00,7.352420644798331750e+01,-2.608530056900488603e+01,-4.092330468664782117e+00,1.111961183462003255e+01,5.043572668878972820e+00,7.757550682482995619e+00
-2.637519295582605992e+02,-6.641080675419516410e+00,7.463616763144531774e+01,-7.884228091466370714e+00,-2.519978217845982371e+01,1.111961183462003255e+01,5.043572668878972820e+00,7.757550682482995619e+00
-2.618417907855639442e+02,-8.464064661482431973e+00,7.574812881490731797e+01,1.910138772696647180e+01,-1.822983986062914852e+01,1.111961183462003255e+01,5.043572668878972820e+00,7.757550682482995619e+00
-2.593613516433090922e+02,-7.558900363704971426e+00,7.686008999836931821e+01,2.480439142254839524e+01,9.051642977774605470e+00,1.111961183462003255e+01,5.043572668878972820e+00,7.757550682482995619e+00
-2.590742974151793874e+02,-4.934114541106534801e+00,7.797205118183131844e+01,2.870542281296931453e+00,2.624785822598436980e+01,1.111961183462003255e+01,5.043572668878972820e+00,7.757550682482995619e+00
-2.613004616066161248e+02,-3.514222384227799090e+00,7.908401236529331868e+01,-2.226164191436727791e+01,1.419892156878735712e+01,1.111961183462003255e+01,5.043572668878972820e+00,7.757550682482995619e+00
-2.635594700330127012e+02,-4.881256280614434395e+00,8.019597354875531892e+01,-2.259008426396604108e+01,-1.367033896386635128e+01,1.111961183462003255e+01,5.043572668878972820e+00,7.757550682482995619e+00
-2.633343537281103863e+02,-7.512078090176615319e+00,8.130793473221731915e+01,2.251163049022884444e+00,-2.630821809562180746e+01,1.111961183462003255e+01,5.043572668878972820e+00,7.757550682482995619e+00
-2.608759354629166296e+02,-8.475447374388325628e+00,8.241989591567931939e+01,2.458418265193761343e+01,-9.633692842117106636e+00,1.111961183462003255e+01,5.043572668878972820e+00,7.757550682482995619e+00
-2.589233650375260822e+02,-6.697985847859277975e+00,8.353185709914131962e+01,1.952570425390571174e+01,1.777461526529047475e+01,1.111961183462003255e+01,5.043572668878972820e+00,7.757550682482995619e+00
-2.596521806693777989e+02,-4.160126805443903564e+00,8.464381828260331986e+01,-7.288156318517090781e+00,2.537859042415374233e+01,1.111961183462003255e+01,5.043572668878972820e+00,7.757550682482995619e+00
-2.622503418604993612e+02,-3.689532320403204224e+00,8.575577946606532009e+01,-2.598161191121552704e+01,4.705944850406994284e+00,1.111961183462003255e+01,5.043572668878972820e+00,7.757550682482995619e+00
-2.638229983699723675e+02,-5.810534971889770972e+00,8.686774064952732033e+01,-1.572656509473013209e+01,-2.121002651486566393e+01,1.111961183462003255e+01,5.043572668878972820e+00,7.757550682482995619e+00
-2.626179090008737944e+02,-8.159930714817409836e+00,8.797970183298932056e+01,1.205089369098564411e+01,-2.349395742927638864e+01,1.111961183462003255e+01,5.043572668878972820e+00,7.757550682482995619e+00
-2.599777746073247613e+02,-8.120041763963397941e+00,8.909166301645132080e+01,2.640134393549058345e+01,3.988895085401234497e-01,1.111961183462003255e+01,5.043572668878972820e+00,7.757550682482995619e+00
-2.588442116338088681e+02,-5.735312066602565650e+00,9.020362419991332104e+01,1.133562973515896743e+01,2.384729697360831935e+01,1.111961183462003255e+01,5.043572668878972820e+00,7.757550682482995619e+00
-2.604802268014611286e+02,-3.662788214963554445e+00,9.131558538337532127e+01,-1.636015167652270108e+01,2.072523851639011028e+01,1.111961183462003255e+01,5.043572668878972820e+00,7.757550682482995619e+00
-2.630629852075017538e+02,-4.211659566399673871e+00,9.242754656683732151e+01,-2.582758406040637666e+01,-5.488713514361191592e+00,1.111961183462003255e+01,5.043572668878972820e+00,7.757550682482995619e+00
-2.637147982699020190e+02,-6.770378088645779613e+00,9.353950775029932174e+01,-6.518130624002512974e+00,-2.558718522246105564e+01,1.111961183462003255e+01,5.043572668878972820e+00,7.757550682482995619e+00
-2.617094211324262574e+02,-8.488040244277764046e+00,9.465146893376132198e+01,2.005377137475784721e+01,-1.717662155631984078e+01,1.111961183462003255e+01,5.043572668878972820e+00,7.757550682482995619e+00
-2.592812288251502082e+02,-7.450840715119349866e+00,9.576343011722332221e+01,2.428192307276021822e+01,1.037199529158414357e+01,1.111961183462003255e+01,5.043572668878972820e+00,7.757550682482995619e+00
-2.591356936296762683e+02,-4.814418849924168242e+00,9.687539130068532245e+01,1.455351954739665610e+00,2.636421865195181979e+01,1.111961183462003255e+01,5.043572668878972820e+00,7.757550682482995619e+00
-2.614349696868327442e+02,-3.516254624031326603e+00,9.798735248414732268e+01,-2.299276057156453490e+01,1.298164225892841550e+01,1.111961183462003255e+01,5.043572668878972820e+00,7.757550682482995619e+00
-2.636172221609895701e+02,-5.002752146207956940e+00,9.909931366760932292e+01,-2.182252474156834410e+01,-1.486497522176630426e+01,1.111961183462003255e+01,5.043572668878972820e+00,7.757550682482995619e+00
-2.632510029487169163e+02,-7.617667868169807122e+00,1.002112748510713232e+02,3.662192122726771970e+00,-2.614915721961850537e+01,1.111961183462003255e+01,5.043572668878972820e+00,7.757550682482995619e+00
-2.607443505421988448e+02,-8.447483785887703434e+00,1.013232360345333234e+02,2.506652406518082543e+01,-8.298159177178956014e+00,1.111961183462003255e+01,5.043572668878972820e+00,7.757550682482995619e+00
-2.588901568327098630e+02,-6.567625697602206714e+00,1.024351972179953236e+02,1.854193709488974307e+01,1.879858088285497075e+01,1.111961183462003255e+01,5.043572668878972820e+00,7.757550682482995619e+00
-2.597543494943934661e+02,-4.072616321288533570e+00,1.035471584014573239e+02,-8.641926616835773345e+00,2.495009376313672789e+01,1.111961183462003255e+01,5.043572668878972820e+00,7.757550682482995619e+00
-2.623740520346657377e+02,-3.742374977886674614e+00,1.046591195849193241e+02,-2.619702540272277602e+01,3.302413434018587779e+00,1.111961183462003255e+01,5.043572668878972820e+00,7.757550682482995619e+00
-2.638304130151492473e+02,-5.944853908302592416e+00,1.057710807683813243e+02,-1.456360980483492895e+01,-2.202478930415918157e+01,1.111961183462003255e+01,5.043572668878972820e+00,7.757550682482995619e+00
-2.625007667792158941e+02,-8.226068854700494981e+00,1.068830419518433246e+02,1.329646235933341991e+01,-2.281214946397902210e+01,1.111961183462003255e+01,5.043572668878972820e+00,7.757550682482995619e+00
-2.598665944372683612e+02,-8.044308525366444584e+00,1.079950031353053248e+02,2.634172341947516927e+01,1.817603293340511961e+00,1.111961183462003255e+01,5.043572668878972820e+00,7.757550682482995619e+00
-2.588628695639891362e+02,-5.602088813063410555e+00,1.091069643187673250e+02,1.003724873279212559e+01,2.442219712303034385e+01,1.111961183462003255e+01,5.043572668878972820e+00,7.757550682482995619e+00
-2.606079343165766318e+02,-3.620511220921845741e+00,1.102189255022293253e+02,-1.745064752587514789e+01,1.981577592141564992e+01,1.111961183462003255e+01,5.043572668878972820e+00,7.757550682482995619e+00
-2.631574516243715038e+02,-4.307433517586677141e+00,1.113308866856913255e+02,-2.549517307794869581e+01,-6.869222966648318440e+00,1.111961183462003255e+01,5.043572668878972820e+00,7.757550682482995619e+00
-2.636707698688690016e+02,-6.897492421215488889e+00,1.124428478691533257e+02,-5.133182444975136427e+00,-2.590058903628811038e+01,1.111961183462003255e+01,5.043572668878972820e+00,7.757550682482995619e+00
-2.615759540027636376e+02,-8.504865194256701955e+00,1.135548090526153260e+02,2.094815866105345847e+01,-1.607372773041212355e+01,1.111961183462003255e+01,5.043572668878972820e+00,7.757550682482995619e+00
-2.592070309661071974e+02,-7.338630058960494473e+00,1.146667702360773262e+02,2.368923036656430625e+01,1.166235135296207126e+01,1.111961183462003255e+01,5.043572668878972820e+00,7.757550682482995619e+00
-2.592034356972769160e+02,-4.698196795565465322e+00,1.157787314195393265e+02,3.595268830304641089e-02,2.640433263395029329e+01,1.111961183462003255e+01,5.043572668878972820e+00,7.757550682482995619e+00
-2.615691740158019911e+02,-3.525514846926797397e+00,1.168906926030013267e+02,-2.365738318525086470e+01,1.172681948638667748e+01,1.111961183462003255e+01,5.043572668878972820e+00,7.757550682482995619e+00
-2.636683593705574822e+02,-5.127176980705636211e+00,1.180026537864633269e+02,-2.099185354755483246e+01,-1.601662133778838992e+01,1.111961183462003255e+01,5.043572668878972820e+00,7.757550682482995619e+00
-2.631620963724843705e+02,-7.718624167353070220e+00,1.191146149699253272e+02,5.062629980731253809e+00,-2.591447186647433298e+01,1.111961183462003255e+01,5.043572668878972820e+00,7.757550682482995619e+00
-2.606144591702336584e+02,-8.412486855576842615e+00,1.202265761533873274e+02,2.547637202250698607e+01,-6.938626882237727500e+00,1.111961183462003255e+01,5.043572668878972820e+00,7.757550682482995619e+00
-2.588640045838787955e+02,-6.435668835244666042e+00,1.213385373368493276e+02,1.750454586354887709e+01,1.976818020332176928e+01,1.111961183462003255e+01,5.043572668878972820e+00,7.757550682482995619e+00
-2.598610749933852730e+02,-3.990724798484829972e+00,1.224504985203113279e+02,-9.970704095064723660e+00,2.444944036759835981e+01,1.111961183462003255e+01,5.043572668878972820e+00,7.757550682482995619e+00
-2.624947425914116366e+02,-3.801791668761622223e+00,1.235624597037733281e+02,-2.633667598026349665e+01,1.889331297232077933e+00,1.111961183462003255e+01,5.043572668878972820e+00,7.757550682482995619e+00
-2.638305961848807897e+02,-6.079377215171769322e+00,1.246744208872353283e+02,-1.335853593469164124e+01,-2.277585546410147188e+01,1.111961183462003255e+01,5.043572668878972820e+00,7.757550682482995619e+00
-2.623802384756957053e+02,-8.285813994190910137e+00,1.257863820706973286e+02,1.450357709185058042e+01,-2.206436779019140459e+01,1.111961183462003255e+01,5.043572668878972820e+00,7.757550682482995619e+00
-2.597596463240295179e+02,-7.962707944995773168e+00,1.268983432541593288e+02,2.620592151666183511e+01,3.231060491951373237e+00,1.111961183462003255e+01,5.043572668878972820e+00,7.757550682482995619e+00
-2.588886623660986857e+02,-5.470061221244487903e+00,1.280103044376213290e+02,8.709839579308399138e+00,2.492646723751285265e+01,1.111961183462003255e+01,5.043572668878972820e+00,7.757550682482995619e+00
-2.607377299019833004e+02,-3.585160695450515966e+00,1.291222656210833293e+02,-1.849067535884640279e+01,1.884900525793971937e+01,1.111961183462003255e+01,5.043572668878972820e+00,7.757550682482995619e+00
-2.632466327988193484e+02,-4.408147328785880781e+00,1.302342268045453295e+02,-2.508902896836027097e+01,-8.229866333353648145e+00,1.111961183462003255e+01,5.043572668878972820e+00,7.757550682482995619e+00
-2.636199716871736882e+02,-7.022056053061312753e+00,1.313461879880073297e+02,-3.733388883543670378e+00,-2.613908724275431439e+01,1.111961183462003255e+01,5.043572668878972820e+00,7.757550682482995619e+00
-2.614417753892033716e+02,-8.514490852946833499e+00,1.324581491714693300e+02,2.178196297970307427e+01,-1.492434799885521279e+01,1.111961183462003255e+01,5.043572668878972820e+00,7.757550682482995619e+00
-2.591389726495506238e+02,-7.222592913228367273e+00,1.335701103549313302e+02,2.302802739652719310e+01,1.291897939718465871e+01,1.111961183462003255e+01,5.043572668878972820e+00,7.757550682482995619e+00
-2.592773277050346792e+02,-4.585784497164945073e+00,1.346820715383933305e+02,-1.383550554840427882e+00,2.636808416063422200e+01,1.111961183462003255e+01,5.043572668878972820e+00,7.757550682482995619e+00
-2.617026864688848491e+02,-3.541976271954930588e+00,1.357940327218553307e+02,-2.425358763850166355e+01,1.043808225210014484e+01,1.111961183462003255e+01,5.043572668878972820e+00,7.757550682482995619e+00
-2.637127337707269703e+02,-5.254170942183189474e+00,1.369059939053173309e+02,-2.010047301842131162e+01,-1.712194670228258531e+01,1.111961183462003255e+01,5.043572668878972820e+00,7.757550682482995619e+00
-2.630678911210204660e+02,-7.814655017806463100e+00,1.380179550887793312e+02,6.448426497065142371e+00,-2.560484075623273625e+01,1.111961183462003255e+01,5.043572668878972820e+00,7.757550682482995619e+00
-2.604866369984048902e+02,-8.370557796069748591e+00,1.391299162722413314e+02,2.581254122615603208e+01,-5.559027782632862902e+00,1.111961183462003255e+01,5.043572668878972820e+00,7.757550682482995619e+00
-2.588449839244511850e+02,-6.302496885656516667e+00,1.402418774557033316e+02,1.641653073953715491e+01,2.068060910413231568e+01,1.111961183462003255e+01,5.043572668878972820e+00,7.757550682482995619e+00
-2.599720485116616828e+02,-3.914689070806906646e+00,1.413538386391653319e+02,-1.127064587210519164e+01,2.387807814849610111e+01,1.111961183462003255e+01,5.043572668878972820e+00,7.757550682482995619e+00
-2.626120644885032220e+02,-3.867610557425728679e+00,1.424657998226273321e+02,-2.640015976841561951e+01,4.707851338117809981e-01,1.111961183462003255e+01,5.043572668878972820e+00,7.757550682482995619e+00
-2.638235473494324310e+02,-6.213715845360527013e+00,1.435777610060893323e+02,-1.211482860929225858e+01,-2.346105287934798866e+01,1.111961183462003255e+01,5.043572668878972820e+00,7.757550682482995619e+00
-2.622566726633040162e+02,-8.338993347798941969e+00,1.446897221895513326e+02,1.566874686128416450e+01,-2.125277502438414245e+01,1.111961183462003255e+01,5.043572668878972820e+00,7.757550682482995619e+00
-2.596572395661098653e+02,-7.875476015207580893e+00,1.458016833730133328e+02,2.599433097194132003e+01,4.635173325913609865e+00,1.111961183462003255e+01,5.043572668878972820e+00,7.757550682482995619e+00
-2.589215154462545456e+02,-5.339611120568274139e+00,1.469136445564753330e+02,7.357241198553061245e+00,2.535864894639306755e+01,1.111961183462003255e+01,5.043572668878972820e+00,7.757550682482995619e+00
-2.608692381833163836e+02,-3.556838873775846288e+00,1.480256057399373333e+02,-1.947722737061814513e+01,1.782772246792427850e+01,1.111961183462003255e+01,5.043572668878972820e+00,7.757550682482995619e+00
-2.633302708150879425e+02,-4.513509731362931099e+00,1.491375669233993335e+02,-2.461032631771566059e+01,-9.566708575870844555e+00,1.111961183462003255e+01,5.043572668878972820e+00,7.757550682482995619e+00
-2.635625506353225660e+02,-7.143708740851122840e+00,1.502495281068613338e+02,-2.322798202346151086e+00,-2.630199009488191564e+01,1.111961183462003255e+01,5.043572668878972820e+00,7.757550682482995619e+00
-2.613072733420144687e+02,-8.516889382532987440e+00,1.513614892903233340e+02,2.255277293308090591e+01,-1.373180641681865488e+01,1.111961183462003255e+01,5.043572668878972820e+00,7.757550682482995619e+00
-2.590772507030326324e+02,-7.103064862293860138e+00,1.524734504737853342e+02,2.230022638981830951e+01,1.413824520239126947e+01,1.111961183462003255e+01,5.043572668878972820e+00,7.757550682482995619e+00
-2.593571559541139777e+02,-4.477507055880526998e+00,1.535854116572473345e+02,-2.799052510813190509e+00,2.625557806413332784e+01,1.111961183462003255e+01,5.043572668878972820e+00,7.757550682482995619e+00
-2.618351209223768024e+02,-3.565591291972967536e+00,1.546973728407093347e+02,-2.477964968262824286e+01,9.119157639075595512e+00,1.111961183462003255e+01,5.043572668878972820e+00,7.757550682482995619e+00
-2.637502170288416323e+02,-5.383366758691614073e+00,1.558093340241713349e+02,-1.915096106464815406e+01,-1.817775466718646271e+01,1.111961183462003255e+01,5.043572668878972820e+00,7.757550682482995619e+00
-2.629686596399275231e+02,-7.905482694217695894e+00,1.569212952076333352e+02,7.815573889141364639e+00,-2.522115935526081998e+01,1.111961183462003255e+01,5.043572668878972820e+00,7.757550682482995619e+00
-2.603612536938811672e+02,-8.321817867993507534e+00,1.580332563910953354e+02,2.607405946046367262e+01,-4.163351737758121729e+00,1.111961183462003255e+01,5.043572668878972820e+00,7.757550682482995619e+00
-2.588331498629847829e+02,-6.168494987791678597e+00,1.591452175745573356e+02,1.528103830896378490e+01,2.153322880201828582e+01,1.111961183462003255e+01,5.043572668878972820e+00,7.757550682482995619e+00
-2.600869491090783185e+02,-3.844729036819807266e+00,1.602571787580193359e+02,-1.253799246093521624e+01,2.323765950971871064e+01,1.111961183462003255e+01,5.043572668878972820e+00,7.757550682482995619e+00
-2.627256784260141558e+02,-3.939641292847815723e+00,1.613691399414813361e+02,-2.638729316935816627e+01,-9.491225602800855699e-01,1.111961183462003255e+01,5.043572668878972820e+00,7.757550682482995619e+00
-2.638092868943369353e+02,-6.347481285824928321e+00,1.624811011249433363e+02,-1.083608468322792007e+01,-2.407839992977112331e+01,1.111961183462003255e+01,5.043572668878972820e+00,7.757550682482995619e+00
-2.621304266996367005e+02,-8.385453118567484765e+00,1.635930623084053366e+02,1.678860194700211750e+01,-2.037971832742556444e+01,1.111961183462003255e+01,5.043572668878972820e+00,7.757550682482995619e+00
-2.595596703282180329e+02,-7.782865014460591091e+00,1.647050234918673368e+02,2.570756371418681852e+01,6.025881041068936739e+00,1.111961183462003255e+01,5.043572668878972820e+00,7.757550682482995619e+00
-2.589613337919490164e+02,-5.211115778285632771e+00,1.658169846753293371e+02,5.983365362690205025e+00,2.571749236174957787e+01,1.111961183462003255e+01,5.043572668878972820e+00,7.757550682482995619e+00
-2.610020788330216419e+02,-3.535627663813179389e+00,1.669289458587913373e+02,-2.040745041072605304e+01,1.675488114472453205e+01,1.111961183462003255e+01,5.043572668878972820e+00,7.757550682482995619e+00
-2.634081237884698794e+02,-4.623216012759090887e+00,1.680409070422533375e+02,-2.406044955448254541e+01,-1.087588348945911854e+01,1.111961183462003255e+01,5.043572668878972820e+00,7.757550682482995619e+00
-2.634986727774449946e+02,-7.262098659827064040e+00,1.691528682257153378e+02,-9.054898897511506339e-01,-2.638882647067973153e+01,1.111961183462003255e+01,5.043572668878972820e+00,7.757550682482995619e+00
-2.611728368468499752e+02,-8.512053846365377652e+00,1.702648294091773380e+02,2.325835930595032153e+01,-1.249955186538312901e+01,1.111961183462003255e+01,5.043572668878972820e+00,7.757550682482995619e+00
-2.590220436290532007e+02,-6.980391586374492974e+00,1.713767905926393382e+02,2.150793217796751122e+01,1.531662259990884678e+01,1.111961183462003255e+01,5.043572668878972820e+00,7.757550682482995619e+00
-2.594426895778162816e+02,-4.373677614687130344e+00,1.724887517761013385e+02,-4.206459487630706207e+00,2.606713971687362630e+01,1.111961183462003255e+01,5.043572668878972820e+00,7.757550682482995619e+00
-2.619660943701941278e+02,-3.596291611336560834e+00,1.736007129595633387e+02,-2.523404792377852957e+01,7.773860033505693323e+00,1.111961183462003255e+01,5.043572668878972820e+00,7.757550682482995619e+00
-2.637807007417214322e+02,-5.514390790423320254e+00,1.747126741430253389e+02,-1.814606371527331063e+01,-1.918099179086759776e+01,1.111961183462003255e+01,5.043572668878972820e+00,7.757550682482995619e+00
-2.628646889108779305e+02,-7.990844519075569252e+00,1.758246353264873392e+02,9.160118308435016843e+00,-2.476453728652248287e+01,1.111961183462003255e+01,5.043572668878972820e+00,7.757550682482995619e+00
-2.602386718705228645e+02,-8.266408029297386051e+00,1.769365965099493394e+02,2.626017040355054277e+01,-2.755635102218176424e+00,1.111961183462003255e+01,5.043572668878972820e+00,7.757550682482995619e+00
-2.588285366240896792e+02,-6.034050680849860626e+00,1.780485576934113396e+02,1.410135246433200606e+01,2.232357348447525069e+01,1.111961183462003255e+01,5.043572668878972820e+00,7.757550682482995619e+00
-2.602054444882103326e+02,-3.781047023923480133e+00,1.791605188768733399e+02,-1.376907864120633818e+01,2.253003656926380316e+01,1.111961183462003255e+01,5.043572668878972820e+00,7.757550682482995619e+00
-2.628352558275947217e+02,-4.017675559071137492e+00,1.802724800603353401e+02,-2.629811339384398039e+01,-2.366285351476575372e+00,1.111961183462003255e+01,5.043572668878972820e+00,7.757550682482995619e+00
-2.637878560614379353e+02,-6.480286681210146504e+00,1.813844412437973403e+02,-9.526002338432112637e+00,-2.462611122139008657e+01,1.111961183462003255e+01,5.043572668878972820e+00,7.757550682482995619e+00
-2.620018656934010437e+02,-8.425058942859390498e+00,1.824964024272593406e+02,1.785990368036897635e+01,-1.944772261649243816e+01,1.111961183462003255e+01,5.043572668878972820e+00,7.757550682482995619e+00
-2.594672207847480649e+02,-7.685142777715992857e+00,1.836083636107213408e+02,2.534644908652960638e+01,7.399161651433979081e+00,1.111961183462003255e+01,5.043572668878972820e+00,7.757550682482995619e+00
-2.590080022468289940e+02,-5.084946808402845519e+00,1.847203247941833411e+02,4.592185379190927286e+00,2.600195969313147515e+01,1.111961183462003255e+01,5.043572668878972820e+00,7.757550682482995619e+00
-2.611358676702782304e+02,-3.521588409285741239e+00,1.858322859776453413e+02,-2.127865423449258486e+01,1.563358399117104192e+01,1.111961183462003255e+01,5.043572668878972820e+00,7.757550682482995619e+00
-2.634799665648478140e+02,-4.736948897732951025e+00,1.869442471611073415e+02,-2.344098894569562930e+01,-1.215360488447210230e+01,1.111961183462003255e+01,5.043572668878972820e+00,7.757550682482995619e+00
-2.634285228510281627e+02,-7.376883421297755206e+00,1.880562083445693418e+02,5.144371381964577550e-01,-2.639934523564804181e+01,1.111961183462003255e+01,5.043572668878972820e+00,7.757550682482995619e+00
-2.610388546997832577e+02,-8.499998229020690133e+00,1.891681695280313420e+02,2.389668151244930172e+01,-1.123114807722935105e+01,1.111961183462003255e+01,5.043572668878972820e+00,7.757550682482995619e+00
-2.589735110888229883e+02,-6.854927861812487144e+00,1.902801307114933422e+02,2.065343610960258047e+01,1.645070367208202811e+01,1.111961183462003255e+01,5.043572668878972820e+00,7.757550682482995619e+00
-2.595336812092563150e+02,-4.274596452753834264e+00,1.913920918949553425e+02,-5.601701204333158657e+00,2.580331409058652525e+01,1.111961183462003255e+01,5.043572668878972820e+00,7.757550682482995619e+00
-2.620952280315436269e+02,-3.633988443413680436e+00,1.925040530784173427e+02,-2.561546822287293779e+01,6.406080093401540054e+00,1.111961183462003255e+01,5.043572668878972820e+00,7.757550682482995619e+00
-2.638040967491695596e+02,-5.646864110294373518e+00,1.936160142618793429e+02,-1.708868717625930600e+01,-2.012875666880693259e+01,1.111961183462003255e+01,5.043572668878972820e+00,7.757550682482995619e+00
-2.627562796216514016e+02,-8.070493622344521611e+00,1.947279754453413432e+02,1.047817127518180946e+01,-2.423629512050147383e+01,1.111961183462003255e+01,5.043572668878972820e+00,7.757550682482995619e+00
-2.601192460401876474e+02,-8.204488527596428327e+00,1.958399366288033434e+02,2.637033581463728638e+01,-1.339949052519065154e+00,1.111961183462003255e+01,5.043572668878972820e+00,7.757550682482995619e+00
-2.588311575494494718e+02,-5.899552783496677222e+00,1.969518978122653436e+02,1.288088490738201308e+01,2.304935744099750394e+01,1.111961183462003255e+01,5.043572668878972820e+00,7.757550682482995619e+00
-2.603271919553711768e+02,-3.723827203213312842e+00,1.980638589957273439e+02,-1.496034405921703403e+01,2.175725580283364380e+01,1.111961183462003255e+01,5.043572668878972820e+00,7.757550682482995619e+00
-2.629404797907296256e+02,-4.101487677672002619e+00,1.991758201791893441e+02,-2.613287835358463695e+01,-3.776604744586901763e+00,1.111961183462003255e+01,5.043572668878972820e+00,7.757550682482995619e+00
-2.637593168296177168e+02,-6.611747952652640592e+00,2.002877813626513444e+02,-8.188370388880931827e+00,-2.510260274980637618e+01,1.111961183462003255e+01,5.043572668878972820e+00,7.757550682482995619e+00
-2.618713614485063772e+02,-8.457696278942830048e+00,2.013997425461133446e+02,1.887955381111359898e+01,-1.845948326290188390e+01,1.111961183462003255e+01,5.043572668878972820e+00,7.757550682482995619e+00
-2.593801583037200658e+02,-7.582591921847315675e+00,2.025117037295753448e+02,2.491203144786336665e+01,8.751043570955145512e+00,1.111961183462003255e+01,5.043572668878972820e+00,7.757550682482995619e+00
-2.590613858437341719e+02,-4.961469096958058600e+00,2.036236649130373451e+02,3.187724599858784202e+00,2.621122824889257075e+01,1.111961183462003255e+01,5.043572668878972820e+00,7.757550682482995619e+00
-2.612702177720670988e+02,-3.514761712315968012e+00,2.047356260964993453e+02,-2.208831928332920569e+01,1.446707384642090766e+01,1.111961183462003255e+01,5.043572668878972820e+00,7.757550682482995619e+00
-2.635455913718507759e+02,-4.854379465933936544e+00,2.058475872799613455e+02,-2.275373599783656431e+01,-1.339617753617968532e+01,1.111961183462003255e+01,5.043572668878972820e+00,7.757550682482995619e+00
-2.633523037326492613e+02,-7.487731062840962792e+00,2.069595484634233458e+02,1.932876392015393074e+00,-2.633351596907025893e+01,1.111961183462003255e+01,5.043572668878972820e+00,7.757550682482995619e+00
-2.609057143828940752e+02,-8.480757395858091741e+00,2.080715096468853460e+02,2.446589349755173615e+01,-9.930263330171282377e+00,1.111961183462003255e+01,5.043572668878972820e+00,7.757550682482995619e+00
-2.589317934405169126e+02,-6.727036535046471144e+00,2.091834708303473462e+02,1.973920942377134935e+01,1.753720860811620241e+01,1.111961183462003255e+01,5.043572668878972820e+00,7.757550682482995619e+00
-2.596298676967580832e+02,-4.180550117023736689e+00,2.102954320138093465e+02,-6.980742562411462515e+00,2.546486418022734810e+01,1.111961183462003255e+01,5.043572668878972820e+00,7.757550682482995619e+00
-2.622221484463731258e+02,-3.678572767359347129e+00,2.114073931972713467e+02,-2.592280749615057189e+01,5.019773496643896493e+00,1.111961183462003255e+01,5.043572668878972820e+00,7.757550682482995619e+00
-2.638203373889352861e+02,-5.780403599817774740e+00,2.125193543807333469e+02,-1.598188942562174120e+01,-2.101830832458427523e+01,1.111961183462003255e+01,5.043572668878972820e+00,7.757550682482995619e+00
-2.626437452965325861e+02,-8.144199655423305373e+00,2.136313155641953472e+02,1.176592092402726486e+01,-2.363796055605530100e+01,1.111961183462003255e+01,5.043572668878972820e+00,7.757550682482995619e+00
-2.600033215874665871e+02,-8.136238436728527645e+00,2.147432767476573474e+02,2.640423709065986202e+01,7.961218694777374982e-02,1.111961183462003255e+01,5.043572668878972820e+00,7.757550682482995619e+00
-2.588410050592361813e+02,-5.765390269383496857e+00,2.158552379311193476e+02,1.162316528230411450e+01,2.370848167345030788e+01,1.111961183462003255e+01,5.043572668878972820e+00,7.757550682482995619e+00
-2.604518394116969375e+02,-3.673235056849474933e+00,2.169671991145813479e+02,-1.610834352460739538e+01,2.092155212534022013e+01,1.111961183462003255e+01,5.043572668878972820e+00,7.757550682482995619e+00
-2.630410460032327933e+02,-4.190835260431395426e+00,2.180791602980433481e+02,-2.589206591535878488e+01,-5.176002035819205815e+00,1.111961183462003255e+01,5.043572668878972820e+00,7.757550682482995619e+00
-2.637237517355509340e+02,-6.741484908552598299e+00,2.191911214815053484e+02,-6.827057323181567661e+00,-2.550649648121203228e+01,1.111961183462003255e+01,5.043572668878972820e+00,7.757550682482995619e+00
-2.617392913887908321e+02,-8.483270738250865861e+00,2.191911214815053484e+02,1.984460346760097238e+01,-1.741785829698267918e+01,0.000000000000000000e+00,5.043572668878972820e+00,7.757550682482995619e+00
-2.597548310420307303e+02,-1.022505656794913342e+01,2.191911214815053484e+02,1.984460346760097238e+01,-1.741785829698267918e+01,0.000000000000000000e+00,5.043572668878972820e+00,7.757550682482995619e+00
-2.577703706952706284e+02,-1.196684239764740099e+01,2.191911214815053484e+02,1.984460346760097238e+01,-1.741785829698267918e+01,0.000000000000000000e+00,5.043572668878972820e+00,7.757550682482995619e+00
-2.557859103485105265e+02,-1.370862822734566855e+01,2.191911214815053484e+02,1.984460346760097238e+01,-1.741785829698267918e+01,0.000000000000000000e+00,5.043572668878972820e+00,7.757550682482995619e+00
-2.538014500017504247e+02,-1.545041405704393611e+01,2.191911214815053484e+02,1.984460346760097238e+01,-1.741785829698267918e+01,0.000000000000000000e+00,5.043572668878972820e+00,7.757550682482995619e+00
-2.518169896549903228e+02,-1.719219988674220545e+01,2.191911214815053484e+02,1.984460346760097238e+01,-1.741785829698267918e+01,0.000000000000000000e+00,5.043572668878972820e+00,7.757550682482995619e+00
-2.498325293082302210e+02,-1.893398571644047479e+01,2.191911214815053484e+02,1.984460346760097238e+01,-1.741785829698267918e+01,0.000000000000000000e+00,5.043572668878972820e+00,7.757550682482995619e+00
-2.478480689614701191e+02,-2.067577154613874413e+01,2.191911214815053484e+02,1.984460346760097238e+01,-1.741785829698267918e+01,0.000000000000000000e+00,5.043572668878972820e+00,7.757550682482995619e+00
-2.458636086147100173e+02,-2.241755737583701347e+01,2.191911214815053484e+02,1.984460346760097238e+01,-1.741785829698267918e+01,0.000000000000000000e+00,5.043572668878972820e+00,7.757550682482995619e+00
-2.438791482679499154e+02,-2.415934320553528281e+01,2.191911214815053484e+02,1.984460346760097238e+01,-1.741785829698267918e+01,0.000000000000000000e+00,5.043572668878972820e+00,7.757550682482995619e+00
-2.418946879211898136e+02,-2.590112903523355214e+01,2.191911214815053484e+02,1.984460346760097238e+01,-1.741785829698267918e+01,0.000000000000000000e+00,5.043572668878972820e+00,7.757550682482995619e+00
-2.399102275744297117e+02,-2.764291486493182148e+01,2.191911214815053484e+02,1.984460346760097238e+01,-1.741785829698267918e+01,0.000000000000000000e+00,5.043572668878972820e+00,7.757550682482995619e+00
-2.379257672276696098e+02,-2.938470069463009082e+01,2.191911214815053484e+02,1.984460346760097238e+01,-1.741785829698267918e+01,0.000000000000000000e+00,5.043572668878972820e+00,7.757550682482995619e+00
-2.359413068809095080e+02,-3.112648652432836016e+01,2.191911214815053484e+02,1.984460346760097238e+01,-1.741785829698267918e+01,0.000000000000000000e+00,5.043572668878972820e+00,7.757550682482995619e+00
-2.339568465341494061e+02,-3.286827235402662950e+01,2.191911214815053484e+02,1.984460346760097238e+01,-1.741785829698267918e+01,0.000000000000000000e+00,5.043572668878972820e+00,7.757550682482995619e+00
-2.319723861873893043e+02,-3.461005818372489529e+01,2.191911214815053484e+02,1.984460346760097238e+01,-1.741785829698267918e+01,0.000000000000000000e+00,5.043572668878972820e+00,7.757550682482995619e+00
-2.299879258406292024e+02,-3.635184401342316107e+01,2.191911214815053484e+02,1.984460346760097238e+01,-1.741785829698267918e+01,0.000000000000000000e+00,5.043572668878972820e+00,7.757550682482995619e+00
-2.280034654938691006e+02,-3.809362984312142686e+01,2.191911214815053484e+02,1.984460346760097238e+01,-1.741785829698267918e+01,0.000000000000000000e+00,5.043572668878972820e+00,7.757550682482995619e+00
-2.260190051471089987e+02,-3.983541567281969265e+01,2.191911214815053484e+02,1.984460346760097238e+01,-1.741785829698267918e+01,0.000000000000000000e+00,5.043572668878972820e+00,7.757550682482995619e+00
-2.240345448003488968e+02,-4.157720150251795843e+01,2.191911214815053484e+02,1.984460346760097238e+01,-1.741785829698267918e+01,0.000000000000000000e+00,5.043572668878972820e+00,7.757550682482995619e+00
-2.220500844535887950e+02,-4.331898733221622422e+01,2.191911214815053484e+02,1.984460346760097238e+01,-1.741785829698267918e+01,0.000000000000000000e+00,5.043572668878972820e+00,7.757550682482995619e+00
-2.200656241068286931e+02,-4.506077316191449000e+01,2.191911214815053484e+02,1.984460346760097238e+01,-1.741785829698267918e+01,0.000000000000000000e+00,5.043572668878972820e+00,7.757550682482995619e+00
-2.180811637600685913e+02,-4.680255899161275579e+01,2.191911214815053484e+02,1.984460346760097238e+01,-1.741785829698267918e+01,0.000000000000000000e+00,5.043572668878972820e+00,7.757550682482995619e+00
-2.160967034133084894e+02,-4.854434482131102158e+01,2.191911214815053484e+02,1.984460346760097238e+01,-1.741785829698267918e+01,0.000000000000000000e+00,5.043572668878972820e+00,7.757550682482995619e+00
-2.141122430665483876e+02,-5.028613065100928736e+01,2.191911214815053484e+02,1.984460346760097238e+01,-1.741785829698267918e+01,0.000000000000000000e+00,5.043572668878972820e+00,7.757550682482995619e+00
-2.121277827197882857e+02,-5.202791648070755315e+01,2.191911214815053484e+02,1.984460346760097238e+01,-1.741785829698267918e+01,0.000000000000000000e+00,5.043572668878972820e+00,7.757550682482995619e+00
-2.101433223730281838e+02,-5.376970231040581893e+01,2.191911214815053484e+02,1.984460346760097238e+01,-1.741785829698267918e+01,0.000000000000000000e+00,5.043572668878972820e+00,7.757550682482995619e+00
-2.081588620262680820e+02,-5.551148814010408472e+01,2.191911214815053484e+02,1.984460346760097238e+01,-1.741785829698267918e+01,0.000000000000000000e+00,5.043572668878972820e+00,7.757550682482995619e+00
-2.061744016795079801e+02,-5.725327396980235051e+01,2.191911214815053484e+02,1.984460346760097238e+01,-1.741785829698267918e+01,0.000000000000000000e+00,5.043572668878972820e+00,7.757550682482995619e+00
-2.041899413327478783e+02,-5.899505979950061629e+01,2.191911214815053484e+02,1.984460346760097238e+01,-1.741785829698267918e+01,0.000000000000000000e+00,5.043572668878972820e+00,7.757550682482995619e+00
-2.022054809859877764e+02,-6.073684562919888208e+01,2.191911214815053484e+02,1.984460346760097238e+01,-1.741785829698267918e+01,0.000000000000000000e+00,5.043572668878972820e+00,7.757550682482995619e+00
-2.002210206392276746e+02,-6.247863145889714787e+01,2.191911214815053484e+02,1.984460346760097238e+01,-1.741785829698267918e+01,0.000000000000000000e+00,5.043572668878972820e+00,7.757550682482995619e+00
-1.982365602924675727e+02,-6.422041728859541365e+01,2.191911214815053484e+02,1.984460346760097238e+01,-1.741785829698267918e+01,0.000000000000000000e+00,5.043572668878972820e+00,7.757550682482995619e+00
-1.962520999457074709e+02,-6.596220311829368654e+01,2.191911214815053484e+02,1.984460346760097238e+01,-1.741785829698267918e+01,0.000000000000000000e+00,5.043572668878972820e+00,7.757550682482995619e+00
-1.942676395989473690e+02,-6.770398894799195944e+01,2.191911214815053484e+02,1.984460346760097238e+01,-1.741785829698267918e+01,0.000000000000000000e+00,5.043572668878972820e+00,7.757550682482995619e+00
-1.922831792521872671e+02,-6.944577477769023233e+01,2.191911214815053484e+02,1.984460346760097238e+01,-1.741785829698267918e+01,0.000000000000000000e+00,5.043572668878972820e+00,7.757550682482995619e+00
-1.902987189054271653e+02,-7.118756060738850522e+01,2.191911214815053484e+02,1.984460346760097238e+01,-1.741785829698267918e+01,0.000000000000000000e+00,5.043572668878972820e+00,7.757550682482995619e+00
-1.883142585586670634e+02,-7.292934643708677811e+01,2.191911214815053484e+02,1.984460346760097238e+01,-1.741785829698267918e+01,0.000000000000000000e+00,5.043572668878972820e+00,7.757550682482995619e+00
-1.863297982119069616e+02,-7.467113226678505100e+01,2.191911214815053484e+02,1.984460346760097238e+01,-1.741785829698267918e+01,0.000000000000000000e+00,5.043572668878972820e+00,7.757550682482995619e+00
-1.843453378651468597e+02,-7.641291809648332389e+01,2.191911214815053484e+02,1.984460346760097238e+01,-1.741785829698267918e+01,0.000000000000000000e+00,5.043572668878972820e+00,7.757550682482995619e+00
-1.823608775183867579e+02,-7.815470392618159678e+01,2.191911214815053484e+02,1.984460346760097238e+01,-1.741785829698267918e+01,0.000000000000000000e+00,5.043572668878972820e+00,7.757550682482995619e+00
-1.803764171716266560e+02,-7.989648975587986968e+01,2.191911214815053484e+02,1.984460346760097238e+01,-1.741785829698267918e+01,0.000000000000000000e+00,5.043572668878972820e+00,7.757550682482995619e+00
-1.783919568248665541e+02,-8.163827558557814257e+01,2.191911214815053484e+02,1.984460346760097238e+01,-1.741785829698267918e+01,0.000000000000000000e+00,5.043572668878972820e+00,7.757550682482995619e+00
-1.764074964781064523e+02,-8.338006141527641546e+01,2.191911214815053484e+02,1.984460346760097238e+01,-1.741785829698267918e+01,0.000000000000000000e+00,5.043572668878972820e+00,7.757550682482995619e+00
-1.744230361313463504e+02,-8.512184724497468835e+01,2.191911214815053484e+02,1.984460346760097238e+01,-1.741785829698267918e+01,0.000000000000000000e+00,5.043572668878972820e+00,7.757550682482995619e+00
-1.724385757845862486e+02,-8.686363307467296124e+01,2.191911214815053484e+02,1.984460346760097238e+01,-1.741785829698267918e+01,0.000000000000000000e+00,5.043572668878972820e+00,7.757550682482995619e+00
-1.704541154378261467e+02,-8.860541890437123413e+01,2.191911214815053484e+02,1.984460346760097238e+01,-1.741785829698267918e+01,0.000000000000000000e+00,5.043572668878972820e+00,7.757550682482995619e+00
-1.684696550910660449e+02,-9.034720473406950703e+01,2.191911214815053484e+02,1.984460346760097238e+01,-1.741785829698267918e+01,0.000000000000000000e+00,5.043572668878972820e+00,7.757550682482995619e+00
-1.664851947443059430e+02,-9.208899056376777992e+01,2.191911214815053484e+02,1.984460346760097238e+01,-1.741785829698267918e+01,0.000000000000000000e+00,5.043572668878972820e+00,7.757550682482995619e+00
-1.645007343975458411e+02,-9.383077639346605281e+01,2.191911214815053484e+02,1.984460346760097238e+01,-1.741785829698267918e+01,0.000000000000000000e+00,5.043572668878972820e+00,7.757550682482995619e+00
-1.625162740507857393e+02,-9.557256222316432570e+01,2.191911214815053484e+02,1.984460346760097238e+01,-1.741785829698267918e+01,0.000000000000000000e+00,5.043572668878972820e+00,7.757550682482995619e+00
-1.605318137040256374e+02,-9.731434805286259859e+01,2.191911214815053484e+02,1.984460346760097238e+01,-1.741785829698267918e+01,0.000000000000000000e+00,5.043572668878972820e+00,7.757550682482995619e+00
-1.585473533572655356e+02,-9.905613388256087148e+01,2.191911214815053484e+02,1.984460346760097238e+01,-1.741785829698267918e+01,0.000000000000000000e+00,5.043572668878972820e+00,7.757550682482995619e+00
-1.565628930105054337e+02,-1.007979197122591444e+02,2.191911214815053484e+02,1.984460346760097238e+01,-1.741785829698267918e+01,0.000000000000000000e+00,5.043572668878972820e+00,7.757550682482995619e+00
-1.545784326637453319e+02,-1.025397055419574173e+02,2.191911214815053484e+02,1.984460346760097238e+01,-1.741785829698267918e+01,0.000000000000000000e+00,5.043572668878972820e+00,7.757550682482995619e+00
-1.525939723169852300e+02,-1.042814913716556902e+02,2.191911214815053484e+02,1.984460346760097238e+01,-1.741785829698267918e+01,0.000000000000000000e+00,5.043572668878972820e+00,7.757550682482995619e+00
-1.506095119702251282e+02,-1.060232772013539631e+02,2.191911214815053484e+02,1.984460346760097238e+01,-1.741785829698267918e+01,0.000000000000000000e+00,5.043572668878972820e+00,7.757550682482995619e+00
-1.486250516234650263e+02,-1.077650630310522359e+02,2.191911214815053484e+02,1.984460346760097238e+01,-1.741785829698267918e+01,0.000000000000000000e+00,5.043572668878972820e+00,7.757550682482995619e+00
-1.466405912767049244e+02,-1.095068488607505088e+02,2.191911214815053484e+02,1.984460346760097238e+01,-1.741785829698267918e+01,0.000000000000000000e+00,5.043572668878972820e+00,7.757550682482995619e+00
-1.446561309299448226e+02,-1.112486346904487817e+02,2.191911214815053484e+02,1.984460346760097238e+01,-1.741785829698267918e+01,0.000000000000000000e+00,5.043572668878972820e+00,7.757550682482995619e+00
-1.426716705831847207e+02,-1.129904205201470546e+02,2.191911214815053484e+02,1.984460346760097238e+01,-1.741785829698267918e+01,0.000000000000000000e+00,5.043572668878972820e+00,7.757550682482995619e+00
-1.406872102364246189e+02,-1.147322063498453275e+02,2.191911214815053484e+02,1.984460346760097238e+01,-1.741785829698267918e+01,0.000000000000000000e+00,5.043572668878972820e+00,7.757550682482995619e+00
-1.387027498896645170e+02,-1.164739921795436004e+02,2.191911214815053484e+02,1.984460346760097238e+01,-1.741785829698267918e+01,0.000000000000000000e+00,5.043572668878972820e+00,7.757550682482995619e+00
-1.367182895429044152e+02,-1.182157780092418733e+02,2.191911214815053484e+02,1.984460346760097238e+01,-1.741785829698267918e+01,0.000000000000000000e+00,5.043572668878972820e+00,7.757550682482995619e+00
-1.347338291961443133e+02,-1.199575638389401462e+02,2.191911214815053484e+02,1.984460346760097238e+01,-1.741785829698267918e+01,0.000000000000000000e+00,5.043572668878972820e+00,7.757550682482995619e+00
-1.327493688493842114e+02,-1.216993496686384191e+02,2.191911214815053484e+02,1.984460346760097238e+01,-1.741785829698267918e+01,0.000000000000000000e+00,5.043572668878972820e+00,7.757550682482995619e+00
-1.307649085026241096e+02,-1.234411354983366920e+02,2.191911214815053484e+02,1.984460346760097238e+01,-1.741785829698267918e+01,0.000000000000000000e+00,5.043572668878972820e+00,7.757550682482995619e+00
-1.287804481558640077e+02,-1.251829213280349649e+02,2.191911214815053484e+02,1.984460346760097238e+01,-1.741785829698267918e+01,0.000000000000000000e+00,5.043572668878972820e+00,7.757550682482995619e+00
-1.267959878091039059e+02,-1.269247071577332378e+02,2.191911214815053484e+02,1.984460346760097238e+01,-1.741785829698267918e+01,0.000000000000000000e+00,5.043572668878972820e+00,7.757550682482995619e+00
-1.248115274623438040e+02,-1.286664929874314964e+02,2.191911214815053484e+02,1.984460346760097238e+01,-1.741785829698267918e+01,0.000000000000000000e+00,5.043572668878972820e+00,7.757550682482995619e+00
-1.228270671155837022e+02,-1.304082788171297693e+02,2.191911214815053484e+02,1.984460346760097238e+01,-1.741785829698267918e+01,0.000000000000000000e+00,5.043572668878972820e+00,7.757550682482995619e+00
-1.208426067688236003e+02,-1.321500646468280422e+02,2.191911214815053484e+02,1.984460346760097238e+01,-1.741785829698267918e+01,0.000000000000000000e+00,5.043572668878972820e+00,7.757550682482995619e+00
-1.188581464220634984e+02,-1.338918504765263151e+02,2.191911214815053484e+02,1.984460346760097238e+01,-1.741785829698267918e+01,0.000000000000000000e+00,5.043572668878972820e+00,7.757550682482995619e+00
-1.168736860753033966e+02,-1.356336363062245880e+02,2.191911214815053484e+02,1.984460346760097238e+01,-1.741785829698267918e+01,0.000000000000000000e+00,5.043572668878972820e+00,7.757550682482995619e+00
-1.148892257285432947e+02,-1.373754221359228609e+02,2.191911214815053484e+02,1.984460346760097238e+01,-1.741785829698267918e+01,0.000000000000000000e+00,5.043572668878972820e+00,7.757550682482995619e+00
-1.129047653817831929e+02,-1.391172079656211338e+02,2.191911214815053484e+02,1.984460346760097238e+01,-1.741785829698267918e+01,0.000000000000000000e+00,5.043572668878972820e+00,7.757550682482995619e+00
-1.109203050350230910e+02,-1.408589937953194067e+02,2.191911214815053484e+02,1.984460346760097238e+01,-1.741785829698267918e+01,0.000000000000000000e+00,5.043572668878972820e+00,7.757550682482995619e+00
-1.089358446882629892e+02,-1.426007796250176796e+02,2.191911214815053484e+02,1.984460346760097238e+01,-1.741785829698267918e+01,0.000000000000000000e+00,5.043572668878972820e+00,7.757550682482995619e+00
-1.069513843415028873e+02,-1.443425654547159525e+02,2.191911214815053484e+02,1.984460346760097238e+01,-1.741785829698267918e+01,0.000000000000000000e+00,5.043572668878972820e+00,7.757550682482995619e+00
-1.049669239947427855e+02,-1.460843512844142253e+02,2.191911214815053484e+02,1.984460346760097238e+01,-1.741785829698267918e+01,0.000000000000000000e+00,5.043572668878972820e+00,7.757550682482995619e+00
-1.029824636479826836e+02,-1.478261371141124982e+02,2.191911214815053484e+02,1.984460346760097238e+01,-1.741785829698267918e+01,0.000000000000000000e+00,5.043572668878972820e+00,7.757550682482995619e+00
-1.009980033012225817e+02,-1.495679229438107711e+02,2.191911214815053484e+02,1.984460346760097238e+01,-1.741785829698267918e+01,0.000000000000000000e+00,5.043572668878972820e+00,7.757550682482995619e+00
-9.901354295446247988e+01,-1.513097087735090440e+02,2.191911214815053484e+02,1.984460346760097238e+01,-1.741785829698267918e+01,0.000000000000000000e+00,5.043572668878972820e+00,7.757550682482995619e+00
-9.702908260770237803e+01,-1.530514946032073169e+02,2.191911214815053484e+02,1.984460346760097238e+01,-1.741785829698267918e+01,0.000000000000000000e+00,5.043572668878972820e+00,7.757550682482995619e+00
-9.504462226094227617e+01,-1.547932804329055898e+02,2.191911214815053484e+02,1.984460346760097238e+01,-1.741785829698267918e+01,0.000000000000000000e+00,5.043572668878972820e+00,7.757550682482995619e+00
-9.306016191418217431e+01,-1.565350662626038627e+02,2.191911214815053484e+02,1.984460346760097238e+01,-1.741785829698267918e+01,0.000000000000000000e+00,5.043572668878972820e+00,7.757550682482995619e+00
-9.107570156742207246e+01,-1.582768520923021356e+02,2.191911214815053484e+02,1.984460346760097238e+01,-1.741785829698267918e+01,0.000000000000000000e+00,5.043572668878972820e+00,7.757550682482995619e+00
-8.909124122066197060e+01,-1.600186379220004085e+02,2.191911214815053484e+02,1.984460346760097238e+01,-1.741785829698267918e+01,0.000000000000000000e+00,5.043572668878972820e+00,7.757550682482995619e+00
-8.710678087390186874e+01,-1.617604237516986814e+02,2.191911214815053484e+02,1.984460346760097238e+01,-1.741785829698267918e+01,0.000000000000000000e+00,5.043572668878972820e+00,7.757550682482995619e+00
-8.512232052714176689e+01,-1.635022095813969543e+02,2.191911214815053484e+02,1.984460346760097238e+01,-1.741785829698267918e+01,0.000000000000000000e+00,5.043572668878972820e+00,7.757550682482995619e+00
-8.313786018038166503e+01,-1.652439954110952272e+02,2.191911214815053484e+02,1.984460346760097238e+01,-1.741785829698267918e+01,0.000000000000000000e+00,5.043572668878972820e+00,7.757550682482995619e+00
-8.115339983362156318e+01,-1.669857812407935000e+02,2.191911214815053484e+02,1.984460346760097238e+01,-1.741785829698267918e+01,0.000000000000000000e+00,5.043572668878972820e+00,7.757550682482995619e+00
-7.916893948686146132e+01,-1.687275670704917729e+02,2.191911214815053484e+02,1.984460346760097238e+01,-1.741785829698267918e+01,0.000000000000000000e+00,5.043572668878972820e+00,7.757550682482995619e+00
-7.718447914010135946e+01,-1.704693529001900458e+02,2.191911214815053484e+02,1.984460346760097238e+01,-1.741785829698267918e+01,0.000000000000000000e+00,5.043572668878972820e+00,7.757550682482995619e+00
-7.520001879334125761e+01,-1.722111387298883187e+02,2.191911214815053484e+02,1.984460346760097238e+01,-1.741785829698267918e+01,0.000000000000000000e+00,5.043572668878972820e+00,7.757550682482995619e+00
-7.321555844658115575e+01,-1.739529245595865916e+02,2.191911214815053484e+02,1.984460346760097238e+01,-1.741785829698267918e+01,0.000000000000000000e+00,5.043572668878972820e+00,7.757550682482995619e+00
-7.123109809982105389e+01,-1.756947103892848645e+02,2.191911214815053484e+02,1.984460346760097238e+01,-1.741785829698267918e+01,0.000000000000000000e+00,5.043572668878972820e+00,7.757550682482995619e+00
-6.924663775306095204e+01,-1.774364962189831374e+02,2.191911214815053484e+02,1.984460346760097238e+01,-1.741785829698267918e+01,0.000000000000000000e+00,5.043572668878972820e+00,7.757550682482995619e+00
-6.726217740630085018e+01,-1.791782820486814103e+02,2.191911214815053484e+02,1.984460346760097238e+01,-1.741785829698267918e+01,0.000000000000000000e+00,5.043572668878972820e+00,7.757550682482995619e+00
-6.527771705954074832e+01,-1.809200678783796832e+02,2.191911214815053484e+02,1.984460346760097238e+01,-1.741785829698267918e+01,0.000000000000000000e+00,5.043572668878972820e+00,7.757550682482995619e+00
-6.329325671278065357e+01,-1.826618537080779561e+02,2.191911214815053484e+02,1.984460346760097238e+01,-1.741785829698267918e+01,0.000000000000000000e+00,5.043572668878972820e+00,7.757550682482995619e+00
-6.130879636602055882e+01,-1.844036395377762290e+02,2.191911214815053484e+02,1.984460346760097238e+01,-1.741785829698267918e+01,0.000000000000000000e+00,5.043572668878972820e+00,7.757550682482995619e+00
-5.932433601926046407e+01,-1.861454253674745019e+02,2.191911214815053484e+02,1.984460346760097238e+01,-1.741785829698267918e+01,0.000000000000000000e+00,5.043572668878972820e+00,7.757550682482995619e+00
-5.733987567250036932e+01,-1.878872111971727747e+02,2.191911214815053484e+02,1.984460346760097238e+01,-1.741785829698267918e+01,0.000000000000000000e+00,5.043572668878972820e+00,7.757550682482995619e+00
-5.535541532574027457e+01,-1.896289970268710476e+02,2.191911214815053484e+02,1.984460346760097238e+01,-1.741785829698267918e+01,0.000000000000000000e+00,5.043572668878972820e+00,7.757550682482995619e+00
-5.337095497898017982e+01,-1.913707828565693205e+02,2.191911214815053484e+02,1.984460346760097238e+01,-1.741785829698267918e+01,0.000000000000000000e+00,5.043572668878972820e+00,7.757550682482995619e+00
-5.138649463222008507e+01,-1.931125686862675934e+02,2.191911214815053484e+02,1.984460346760097238e+01,-1.741785829698267918e+01,0.000000000000000000e+00,5.043572668878972820e+00,7.757550682482995619e+00
-4.940203428545999031e+01,-1.948543545159658663e+02,2.191911214815053484e+02,1.984460346760097238e+01,-1.741785829698267918e+01,0.000000000000000000e+00,5.043572668878972820e+00,7.757550682482995619e+00
-4.741757393869989556e+01,-1.965961403456641392e+02,2.191911214815053484e+02,1.984460346760097238e+01,-1.741785829698267918e+01,0.000000000000000000e+00,5.043572668878972820e+00,7.757550682482995619e+00
-4.543311359193980081e+01,-1.983379261753624121e+02,2.191911214815053484e+02,1.984460346760097238e+01,-1.741785829698267918e+01,0.000000000000000000e+00,5.043572668878972820e+00,7.757550682482995619e+00
-4.344865324517970606e+01,-2.000797120050606850e+02,2.191911214815053484e+02,1.984460346760097238e+01,-1.741785829698267918e+01,0.000000000000000000e+00,5.043572668878972820e+00,7.757550682482995619e+00
-4.146419289841961131e+01,-2.018214978347589579e+02,2.191911214815053484e+02,1.984460346760097238e+01,-1.741785829698267918e+01,0.000000000000000000e+00,5.043572668878972820e+00,7.757550682482995619e+00
-3.947973255165951656e+01,-2.035632836644572308e+02,2.191911214815053484e+02,1.984460346760097238e+01,-1.741785829698267918e+01,0.000000000000000000e+00,5.043572668878972820e+00,7.757550682482995619e+00
-3.749527220489942181e+01,-2.053050694941555037e+02,2.191911214815053484e+02,1.984460346760097238e+01,-1.741785829698267918e+01,0.000000000000000000e+00,5.043572668878972820e+00,7.757550682482995619e+00
-3.551081185813932706e+01,-2.070468553238537766e+02,2.191911214815053484e+02,1.984460346760097238e+01,-1.741785829698267918e+01,0.000000000000000000e+00,5.043572668878972820e+00,7.757550682482995619e+00
-3.352635151137923231e+01,-2.087886411535520494e+02,2.191911214815053484e+02,1.984460346760097238e+01,-1.741785829698267918e+01,0.000000000000000000e+00,5.043572668878972820e+00,7.757550682482995619e+00
-3.154189116461913400e+01,-2.105304269832503223e+02,2.191911214815053484e+02,1.984460346760097238e+01,-1.741785829698267918e+01,0.000000000000000000e+00,5.043572668878972820e+00,7.757550682482995619e+00
-2.955743081785903570e+01,-2.122722128129485952e+02,2.191911214815053484e+02,1.984460346760097238e+01,-1.741785829698267918e+01,0.000000000000000000e+00,5.043572668878972820e+00,7.757550682482995619e+00
-2.757297047109893740e+01,-2.140139986426468681e+02,2.191911214815053484e+02,1.984460346760097238e+01,-1.741785829698267918e+01,0.000000000000000000e+00,5.043572668878972820e+00,7.757550682482995619e+00
-2.558851012433883909e+01,-2.157557844723451410e+02,2.191911214815053484e+02,1.984460346760097238e+01,-1.741785829698267918e+01,0.000000000000000000e+00,5.043572668878972820e+00,7.757550682482995619e+00
-2.360404977757874079e+01,-2.174975703020434139e+02,2.191911214815053484e+02,1.984460346760097238e+01,-1.741785829698267918e+01,0.000000000000000000e+00,5.043572668878972820e+00,7.757550682482995619e+00
-2.161958943081864248e+01,-2.192393561317416868e+02,2.191911214815053484e+02,1.984460346760097238e+01,-1.741785829698267918e+01,0.000000000000000000e+00,5.043572668878972820e+00,7.757550682482995619e+00
-1.963512908405854418e+01,-2.209811419614399597e+02,2.191911214815053484e+02,1.984460346760097238e+01,-1.741785829698267918e+01,0.000000000000000000e+00,5.043572668878972820e+00,7.757550682482995619e+00
-1.765066873729844588e+01,-2.227229277911382326e+02,2.191911214815053484e+02,1.984460346760097238e+01,-1.741785829698267918e+01,0.000000000000000000e+00,5.043572668878972820e+00,7.757550682482995619e+00
-1.566620839053834757e+01,-2.244647136208365055e+02,2.191911214815053484e+02,1.984460346760097238e+01,-1.741785829698267918e+01,0.000000000000000000e+00,5.043572668878972820e+00,7.757550682482995619e+00
-1.368174804377824927e+01,-2.262064994505347784e+02,2.191911214815053484e+02,1.984460346760097238e+01,-1.741785829698267918e+01,0.000000000000000000e+00,5.043572668878972820e+00,7.757550682482995619e+00
-1.169728769701815096e+01,-2.279482852802330513e+02,2.191911214815053484e+02,1.984460346760097238e+01,-1.741785829698267918e+01,0.000000000000000000e+00,5.043572668878972820e+00,7.757550682482995619e+00
-9.712827350258052661e+00,-2.296900711099313241e+02,2.191911214815053484e+02,1.984460346760097238e+01,-1.741785829698267918e+01,0.000000000000000000e+00,5.043572668878972820e+00,7.757550682482995619e+00
-7.728367003497955245e+00,-2.314318569396295970e+02,2.191911214815053484e+02,1.984460346760097238e+01,-1.741785829698267918e+01,0.000000000000000000e+00,5.043572668878972820e+00,7.757550682482995619e+00
-5.743906656737857830e+00,-2.331736427693278699e+02,2.191911214815053484e+02,1.984460346760097238e+01,-1.741785829698267918e+01,0.000000000000000000e+00,5.043572668878972820e+00,7.757550682482995619e+00
-3.759446309977760414e+00,-2.349154285990261428e+02,2.191911214815053484e+02,1.984460346760097238e+01,-1.741785829698267918e+01,0.000000000000000000e+00,5.043572668878972820e+00,7.757550682482995619e+00
-1.774985963217662999e+00,-2.366572144287244157e+02,2.191911214815053484e+02,1.984460346760097238e+01,-1.741785829698267918e+01,0.000000000000000000e+00,5.043572668878972820e+00,7.757550682482995619e+00
2.094743835424344169e-01,-2.383990002584226886e+02,2.191911214815053484e+02,1.984460346760097238e+01,-1.741785829698267918e+01,0.000000000000000000e+00,5.043572668878972820e+00,7.757550682482995619e+00
2.193934730302531833e+00,-2.401407860881209615e+02,2.191911214815053484e+02,1.984460346760097238e+01,-1.741785829698267918e+01,0.000000000000000000e+00,5.043572668878972820e+00,7.757550682482995619e+00
4.178395077062629248e+00,-2.418825719178192344e+02,2.191911214815053484e+02,1.984460346760097238e+01,-1.741785829698267918e+01,0.000000000000000000e+00,5.043572668878972820e+00,7.757550682482995619e+00
6.162855423822726664e+00,-2.436243577475175073e+02,2.191911214815053484e+02,1.984460346760097238e+01,-1.741785829698267918e+01,0.000000000000000000e+00,5.043572668878972820e+00,7.757550682482995619e+00
8.147315770582824968e+00,-2.453661435772157802e+02,2.191911214815053484e+02,1.984460346760097238e+01,-1.741785829698267918e+01,0.000000000000000000e+00,5.043572668878972820e+00,7.757550682482995619e+00
1.013177611734292327e+01,-2.471079294069140531e+02,2.191911214815053484e+02,1.984460346760097238e+01,-1.741785829698267918e+01,0.000000000000000000e+00,5.043572668878972820e+00,7.757550682482995619e+00
1.211623646410302158e+01,-2.488497152366123260e+02,2.191911214815053484e+02,1.984460346760097238e+01,-1.741785829698267918e+01,0.000000000000000000e+00,5.043572668878972820e+00,7.757550682482995619e+00
1.410069681086311988e+01,-2.505915010663105988e+02,2.191911214815053484e+02,1.984460346760097238e+01,-1.741785829698267918e+01,0.000000000000000000e+00,5.043572668878972820e+00,7.757550682482995619e+00
1.608515715762321818e+01,-2.523332868960088717e+02,2.191911214815053484e+02,1.984460346760097238e+01,-1.741785829698267918e+01,0.000000000000000000e+00,5.043572668878972820e+00,7.757550682482995619e+00
1.806961750438331649e+01,-2.540750727257071446e+02,2.191911214815053484e+02,1.984460346760097238e+01,-1.741785829698267918e+01,0.000000000000000000e+00,5.043572668878972820e+00,7.757550682482995619e+00
2.005407785114341479e+01,-2.558168585554054175e+02,2.191911214815053484e+02,1.984460346760097238e+01,-1.741785829698267918e+01,0.000000000000000000e+00,5.043572668878972820e+00,7.757550682482995619e+00
2.203853819790351309e+01,-2.575586443851036620e+02,2.191911214815053484e+02,1.984460346760097238e+01,-1.741785829698267918e+01,0.000000000000000000e+00,5.043572668878972820e+00,7.757550682482995619e+00
2.402299854466361140e+01,-2.593004302148019065e+02,2.191911214815053484e+02,1.984460346760097238e+01,-1.741785829698267918e+01,0.000000000000000000e+00,5.043572668878972820e+00,7.757550682482995619e+00
2.600745889142370970e+01,-2.610422160445001509e+02,2.191911214815053484e+02,1.984460346760097238e+01,-1.741785829698267918e+01,0.000000000000000000e+00,5.043572668878972820e+00,7.757550682482995619e+00
2.799191923818380801e+01,-2.627840018741983954e+02,2.191911214815053484e+02,1.984460346760097238e+01,-1.741785829698267918e+01,0.000000000000000000e+00,5.043572668878972820e+00,7.757550682482995619e+00
2.997637958494390631e+01,-2.645257877038966399e+02,2.191911214815053484e+02,1.984460346760097238e+01,-1.741785829698267918e+01,0.000000000000000000e+00,5.043572668878972820e+00,7.757550682482995619e+00
3.196083993170400461e+01,-2.662675735335948843e+02,2.191911214815053484e+02,1.984460346760097238e+01,-1.741785829698267918e+01,0.000000000000000000e+00,5.043572668878972820e+00,7.757550682482995619e+00
3.394530027846410292e+01,-2.680093593632931288e+02,2.191911214815053484e+02,1.984460346760097238e+01,-1.741785829698267918e+01,0.000000000000000000e+00,5.043572668878972820e+00,7.757550682482995619e+00
3.592976062522419767e+01,-2.697511451929913733e+02,2.191911214815053484e+02,1.984460346760097238e+01,-1.741785829698267918e+01,0.000000000000000000e+00,5.043572668878972820e+00,7.757550682482995619e+00
3.791422097198429242e+01,-2.714929310226896177e+02,2.191911214815053484e+02,1.984460346760097238e+01,-1.741785829698267918e+01,0.000000000000000000e+00,5.043572668878972820e+00,7.757550682482995619e+00
3.989868131874438717e+01,-2.732347168523878622e+02,2.191911214815053484e+02,1.984460346760097238e+01,-1.741785829698267918e+01,0.000000000000000000e+00,5.043572668878972820e+00,7.757550682482995619e+00
4.188314166550448192e+01,-2.749765026820861067e+02,2.191911214815053484e+02,1.984460346760097238e+01,-1.741785829698267918e+01,0.000000000000000000e+00,5.043572668878972820e+00,7.757550682482995619e+00
4.386760201226457667e+01,-2.767182885117843512e+02,2.191911214815053484e+02,1.984460346760097238e+01,-1.741785829698267918e+01,0.000000000000000000e+00,5.043572668878972820e+00,7.757550682482995619e+00
4.585206235902467142e+01,-2.784600743414825956e+02,2.191911214815053484e+02,1.984460346760097238e+01,-1.741785829698267918e+01,0.000000000000000000e+00,5.043572668878972820e+00,7.757550682482995619e+00
4.783652270578476617e+01,-2.802018601711808401e+02,2.191911214815053484e+02,1.984460346760097238e+01,-1.741785829698267918e+01,0.000000000000000000e+00,5.043572668878972820e+00,7.757550682482995619e+00
4.982098305254486093e+01,-2.819436460008790846e+02,2.191911214815053484e+02,1.984460346760097238e+01,-1.741785829698267918e+01,0.000000000000000000e+00,5.043572668878972820e+00,7.757550682482995619e+00
5.180544339930495568e+01,-2.836854318305773290e+02,2.191911214815053484e+02,1.984460346760097238e+01,-1.741785829698267918e+01,0.000000000000000000e+00,5.043572668878972820e+00,7.757550682482995619e+00
5.378990374606505043e+01,-2.854272176602755735e+02,2.191911214815053484e+02,1.984460346760097238e+01,-1.741785829698267918e+01,0.000000000000000000e+00,5.043572668878972820e+00,7.757550682482995619e+00
5.577436409282514518e+01,-2.871690034899738180e+02,2.191911214815053484e+02,1.984460346760097238e+01,-1.741785829698267918e+01,0.000000000000000000e+00,5.043572668878972820e+00,7.757550682482995619e+00
5.775882443958523993e+01,-2.889107893196720624e+02,2.191911214815053484e+02,1.984460346760097238e+01,-1.741785829698267918e+01,0.000000000000000000e+00,5.043572668878972820e+00,7.757550682482995619e+00
5.974328478634533468e+01,-2.906525751493703069e+02,2.191911214815053484e+02,1.984460346760097238e+01,-1.741785829698267918e+01,0.000000000000000000e+00,5.043572668878972820e+00,7.757550682482995619e+00
6.172774513310542943e+01,-2.923943609790685514e+02,2.191911214815053484e+02,1.984460346760097238e+01,-1.741785829698267918e+01,0.000000000000000000e+00,5.043572668878972820e+00,7.757550682482995619e+00
6.371220547986552418e+01,-2.941361468087667959e+02,2.191911214815053484e+02,1.984460346760097238e+01,-1.741785829698267918e+01,0.000000000000000000e+00,5.043572668878972820e+00,7.757550682482995619e+00
6.569666582662561893e+01,-2.958779326384650403e+02,2.191911214815053484e+02,1.984460346760097238e+01,-1.741785829698267918e+01,0.000000000000000000e+00,5.043572668878972820e+00,7.757550682482995619e+00
6.768112617338572079e+01,-2.976197184681632848e+02,2.191911214815053484e+02,1.984460346760097238e+01,-1.741785829698267918e+01,0.000000000000000000e+00,5.043572668878972820e+00,7.757550682482995619e+00
6.966558652014582265e+01,-2.993615042978615293e+02,2.191911214815053484e+02,1.984460346760097238e+01,-1.741785829698267918e+01,0.000000000000000000e+00,5.043572668878972820e+00,7.757550682482995619e+00
7.165004686690592450e+01,-3.011032901275597737e+02,2.191911214815053484e+02,1.984460346760097238e+01,-1.741785829698267918e+01,0.000000000000000000e+00,5.043572668878972820e+00,7.757550682482995619e+00
7.363450721366602636e+01,-3.028450759572580182e+02,2.191911214815053484e+02,1.984460346760097238e+01,-1.741785829698267918e+01,0.000000000000000000e+00,5.043572668878972820e+00,7.757550682482995619e+00
7.561896756042612822e+01,-3.045868617869562627e+02,2.191911214815053484e+02,1.984460346760097238e+01,-1.741785829698267918e+01,0.000000000000000000e+00,5.043572668878972820e+00,7.757550682482995619e+00
7.760342790718623007e+01,-3.063286476166545071e+02,2.191911214815053484e+02,1.984460346760097238e+01,-1.741785829698267918e+01,0.000000000000000000e+00,5.043572668878972820e+00,7.757550682482995619e+00
7.958788825394633193e+01,-3.080704334463527516e+02,2.191911214815053484e+02,1.984460346760097238e+01,-1.741785829698267918e+01,0.000000000000000000e+00,5.043572668878972820e+00,7.757550682482995619e+00
8.157234860070643379e+01,-3.098122192760509961e+02,2.191911214815053484e+02,1.984460346760097238e+01,-1.741785829698267918e+01,0.000000000000000000e+00,5.043572668878972820e+00,7.757550682482995619e+00
8.355680894746653564e+01,-3.115540051057492406e+02,2.191911214815053484e+02,1.984460346760097238e+01,-1.741785829698267918e+01,0.000000000000000000e+00,5.043572668878972820e+00,7.757550682482995619e+00
8.554126929422663750e+01,-3.132957909354474850e+02,2.191911214815053484e+02,1.984460346760097238e+01,-1.741785829698267918e+01,0.000000000000000000e+00,5.043572668878972820e+00,7.757550682482995619e+00
8.752572964098673935e+01,-3.150375767651457295e+02,2.191911214815053484e+02,1.984460346760097238e+01,-1.741785829698267918e+01,0.000000000000000000e+00,5.043572668878972820e+00,7.757550682482995619e+00
8.951018998774684121e+01,-3.167793625948439740e+02,2.191911214815053484e+02,1.984460346760097238e+01,-1.741785829698267918e+01,0.000000000000000000e+00,5.043572668878972820e+00,7.757550682482995619e+00
9.149465033450694307e+01,-3.185211484245422184e+02,2.191911214815053484e+02,1.984460346760097238e+01,-1.741785829698267918e+01,0.000000000000000000e+00,5.043572668878972820e+00,7.757550682482995619e+00
9.347911068126704492e+01,-3.202629342542404629e+02,2.191911214815053484e+02,1.984460346760097238e+01,-1.741785829698267918e+01,0.000000000000000000e+00,5.043572668878972820e+00,7.757550682482995619e+00
9.546357102802714678e+01,-3.220047200839387074e+02,2.191911214815053484e+02,1.984460346760097238e+01,-1.741785829698267918e+01,0.000000000000000000e+00,5.043572668878972820e+00,7.757550682482995619e+00
9.744803137478724864e+01,-3.237465059136369518e+02,2.191911214815053484e+02,1.984460346760097238e+01,-1.741785829698267918e+01,0.000000000000000000e+00,5.043572668878972820e+00,7.757550682482995619e+00
9.943249172154735049e+01,-3.254882917433351963e+02,2.191911214815053484e+02,1.984460346760097238e+01,-1.741785829698267918e+01,0.000000000000000000e+00,5.043572668878972820e+00,7.757550682482995619e+00
1.014169520683074524e+02,-3.272300775730334408e+02,2.191911214815053484e+02,1.984460346760097238e+01,-1.741785829698267918e+01,0.000000000000000000e+00,5.043572668878972820e+00,7.757550682482995619e+00
1.034014124150675542e+02,-3.289718634027316853e+02,2.191911214815053484e+02,1.984460346760097238e+01,-1.741785829698267918e+01,0.000000000000000000e+00,5.043572668878972820e+00,7.757550682482995619e+00
1.053858727618276561e+02,-3.307136492324299297e+02,2.191911214815053484e+02,1.984460346760097238e+01,-1.741785829698267918e+01,0.000000000000000000e+00,5.043572668878972820e+00,7.757550682482995619e+00
1.073703331085877579e+02,-3.324554350621281742e+02,2.191911214815053484e+02,1.984460346760097238e+01,-1.741785829698267918e+01,0.000000000000000000e+00,5.043572668878972820e+00,7.757550682482995619e+00
1.093547934553478598e+02,-3.341972208918264187e+02,2.191911214815053484e+02,1.984460346760097238e+01,-1.741785829698267918e+01,0.000000000000000000e+00,5.043572668878972820e+00,7.757550682482995619e+00
1.113392538021079616e+02,-3.359390067215246631e+02,2.191911214815053484e+02,1.984460346760097238e+01,-1.741785829698267918e+01,0.000000000000000000e+00,5.043572668878972820e+00,7.757550682482995619e+00
1.133237141488680635e+02,-3.376807925512229076e+02,2.191911214815053484e+02,1.984460346760097238e+01,-1.741785829698267918e+01,0.000000000000000000e+00,5.043572668878972820e+00,7.757550682482995619e+00
1.153081744956281653e+02,-3.394225783809211521e+02,2.191911214815053484e+02,1.984460346760097238e+01,-1.741785829698267918e+01,0.000000000000000000e+00,5.043572668878972820e+00,7.757550682482995619e+00
1.172926348423882672e+02,-3.411643642106193965e+02,2.191911214815053484e+02,1.984460346760097238e+01,-1.741785829698267918e+01,0.000000000000000000e+00,5.043572668878972820e+00,7.757550682482995619e+00
1.192770951891483691e+02,-3.429061500403176410e+02,2.191911214815053484e+02,1.984460346760097238e+01,-1.741785829698267918e+01,0.000000000000000000e+00,5.043572668878972820e+00,7.757550682482995619e+00
1.212615555359084709e+02,-3.446479358700158855e+02,2.191911214815053484e+02,1.984460346760097238e+01,-1.741785829698267918e+01,0.000000000000000000e+00,5.043572668878972820e+00,7.757550682482995619e+00
1.232460158826685728e+02,-3.463897216997141300e+02,2.191911214815053484e+02,1.984460346760097238e+01,-1.741785829698267918e+01,0.000000000000000000e+00,5.043572668878972820e+00,7.757550682482995619e+00
1.252304762294286746e+02,-3.481315075294123744e+02,2.191911214815053484e+02,1.984460346760097238e+01,-1.741785829698267918e+01,0.000000000000000000e+00,5.043572668878972820e+00,7.757550682482995619e+00
1.272149365761887765e+02,-3.498732933591106189e+02,2.191911214815053484e+02,1.984460346760097238e+01,-1.741785829698267918e+01,0.000000000000000000e+00,5.043572668878972820e+00,7.757550682482995619e+00
1.291993969229488641e+02,-3.516150791888088634e+02,2.191911214815053484e+02,1.984460346760097238e+01,-1.741785829698267918e+01,0.000000000000000000e+00,5.043572668878972820e+00,7.757550682482995619e+00
1.311838572697089660e+02,-3.533568650185071078e+02,2.191911214815053484e+02,1.984460346760097238e+01,-1.741785829698267918e+01,0.000000000000000000e+00,5.043572668878972820e+00,7.757550682482995619e+00
1.331683176164690678e+02,-3.550986508482053523e+02,2.191911214815053484e+02,1.984460346760097238e+01,-1.741785829698267918e+01,0.000000000000000000e+00,5.043572668878972820e+00,7.757550682482995619e+00
1.351527779632291697e+02,-3.568404366779035968e+02,2.191911214815053484e+02,1.984460346760097238e+01,-1.741785829698267918e+01,0.000000000000000000e+00,5.043572668878972820e+00,7.757550682482995619e+00
1.371372383099892716e+02,-3.585822225076018412e+02,2.191911214815053484e+02,1.984460346760097238e+01,-1.741785829698267918e+01,0.000000000000000000e+00,5.043572668878972820e+00,7.757550682482995619e+00
1.391216986567493734e+02,-3.603240083373000857e+02,2.191911214815053484e+02,1.984460346760097238e+01,-1.741785829698267918e+01,0.000000000000000000e+00,5.043572668878972820e+00,7.757550682482995619e+00
1.411061590035094753e+02,-3.620657941669983302e+02,2.191911214815053484e+02,1.984460346760097238e+01,-1.741785829698267918e+01,0.000000000000000000e+00,5.043572668878972820e+00,7.757550682482995619e+00
1.430906193502695771e+02,-3.638075799966965747e+02,2.191911214815053484e+02,1.984460346760097238e+01,-1.741785829698267918e+01,0.000000000000000000e+00,5.043572668878972820e+00,7.757550682482995619e+00
1.450750796970296790e+02,-3.655493658263948191e+02,2.191911214815053484e+02,1.984460346760097238e+01,-1.741785829698267918e+01,0.000000000000000000e+00,5.043572668878972820e+00,7.757550682482995619e+00
1.470595400437897808e+02,-3.672911516560930636e+02,2.191911214815053484e+02,1.984460346760097238e+01,-1.741785829698267918e+01,0.000000000000000000e+00,5.043572668878972820e+00,7.757550682482995619e+00
1.490440003905498827e+02,-3.690329374857913081e+02,2.191911214815053484e+02,1.984460346760097238e+01,-1.741785829698267918e+01,0.000000000000000000e+00,5.043572668878972820e+00,7.757550682482995619e+00
1.510284607373099846e+02,-3.707747233154895525e+02,2.191911214815053484e+02,1.984460346760097238e+01,-1.741785829698267918e+01,0.000000000000000000e+00,5.043572668878972820e+00,7.757550682482995619e+00
1.530129210840700864e+02,-3.725165091451877970e+02,2.191911214815053484e+02,1.984460346760097238e+01,-1.741785829698267918e+01,0.000000000000000000e+00,5.043572668878972820e+00,7.757550682482995619e+00
1.549973814308301883e+02,-3.742582949748860415e+02,2.191911214815053484e+02,1.984460346760097238e+01,-1.741785829698267918e+01,0.000000000000000000e+00,5.043572668878972820e+00,7.757550682482995619e+00
1.569818417775902901e+02,-3.760000808045842859e+02,2.191911214815053484e+02,1.984460346760097238e+01,-1.741785829698267918e+01,0.000000000000000000e+00,5.043572668878972820e+00,7.757550682482995619e+00
1.589663021243503920e+02,-3.777418666342825304e+02,2.191911214815053484e+02,1.984460346760097238e+01,-1.741785829698267918e+01,0.000000000000000000e+00,5.043572668878972820e+00,7.757550682482995619e+00
1.609507624711104938e+02,-3.794836524639807749e+02,2.191911214815053484e+02,1.984460346760097238e+01,-1.741785829698267918e+01,0.000000000000000000e+00,5.043572668878972820e+00,7.757550682482995619e+00
1.629352228178705957e+02,-3.812254382936790194e+02,2.191911214815053484e+02,1.984460346760097238e+01,-1.741785829698267918e+01,0.000000000000000000e+00,5.043572668878972820e+00,7.757550682482995619e+00
1.649196831646306975e+02,-3.829672241233772638e+02,2.191911214815053484e+02,1.984460346760097238e+01,-1.741785829698267918e+01,0.000000000000000000e+00,5.043572668878972820e+00,7.757550682482995619e+00
1.669041435113907994e+02,-3.847090099530755083e+02,2.191911214815053484e+02,1.984460346760097238e+01,-1.741785829698267918e+01,0.000000000000000000e+00,5.043572668878972820e+00,7.757550682482995619e+00
1.688886038581509013e+02,-3.864507957827737528e+02,2.191911214815053484e+02,1.984460346760097238e+01,-1.741785829698267918e+01,0.000000000000000000e+00,5.043572668878972820e+00,7.757550682482995619e+00
1.708730642049110031e+02,-3.881925816124719972e+02,2.191911214815053484e+02,1.984460346760097238e+01,-1.741785829698267918e+01,0.000000000000000000e+00,5.043572668878972820e+00,7.757550682482995619e+00
1.728575245516711050e+02,-3.899343674421702417e+02,2.191911214815053484e+02,1.984460346760097238e+01,-1.741785829698267918e+01,0.000000000000000000e+00,5.043572668878972820e+00,7.757550682482995619e+00
1.748419848984312068e+02,-3.916761532718684862e+02,2.191911214815053484e+02,1.984460346760097238e+01,-1.741785829698267918e+01,0.000000000000000000e+00,5.043572668878972820e+00,7.757550682482995619e+00
1.768264452451913087e+02,-3.934179391015667306e+02,2.191911214815053484e+02,1.984460346760097238e+01,-1.741785829698267918e+01,0.000000000000000000e+00,5.043572668878972820e+00,7.757550682482995619e+00
1.788109055919514105e+02,-3.951597249312649751e+02,2.191911214815053484e+02,1.984460346760097238e+01,-1.741785829698267918e+01,0.000000000000000000e+00,5.043572668878972820e+00,7.757550682482995619e+00
1.807953659387115124e+02,-3.969015107609632196e+02,2.191911214815053484e+02,1.984460346760097238e+01,-1.741785829698267918e+01,0.000000000000000000e+00,5.043572668878972820e+00,7.757550682482995619e+00
1.827798262854716143e+02,-3.986432965906614641e+02,2.191911214815053484e+02,1.984460346760097238e+01,-1.741785829698267918e+01,0.000000000000000000e+00,5.043572668878972820e+00,7.757550682482995619e+00
1.847642866322317161e+02,-4.003850824203597085e+02,2.191911214815053484e+02,1.984460346760097238e+01,-1.741785829698267918e+01,0.000000000000000000e+00,5.043572668878972820e+00,7.757550682482995619e+00
1.867487469789918180e+02,-4.021268682500579530e+02,2.191911214815053484e+02,1.984460346760097238e+01,-1.741785829698267918e+01,0.000000000000000000e+00,5.043572668878972820e+00,7.757550682482995619e+00
1.887332073257519198e+02,-4.038686540797561975e+02,2.191911214815053484e+02,1.984460346760097238e+01,-1.741785829698267918e+01,0.000000000000000000e+00,5.043572668878972820e+00,7.757550682482995619e+00
1.907176676725120217e+02,-4.056104399094544419e+02,2.191911214815053484e+02,1.984460346760097238e+01,-1.741785829698267918e+01,0.000000000000000000e+00,5.043572668878972820e+00,7.757550682482995619e+00
1.927021280192721235e+02,-4.073522257391526864e+02,2.191911214815053484e+02,1.984460346760097238e+01,-1.741785829698267918e+01,0.000000000000000000e+00,5.043572668878972820e+00,7.757550682482995619e+00
1.946865883660322254e+02,-4.090940115688509309e+02,2.191911214815053484e+02,1.984460346760097238e+01,-1.741785829698267918e+01,0.000000000000000000e+00,5.043572668878972820e+00,7.757550682482995619e+00
1.966710487127923273e+02,-4.108357973985491753e+02,2.191911214815053484e+02,1.984460346760097238e+01,-1.741785829698267918e+01,0.000000000000000000e+00,5.043572668878972820e+00,7.757550682482995619e+00
1.986555090595524291e+02,-4.125775832282474198e+02,2.191911214815053484e+02,1.984460346760097238e+01,-1.741785829698267918e+01,0.000000000000000000e+00,5.043572668878972820e+00,7.757550682482995619e+00
2.006399694063125310e+02,-4.143193690579456643e+02,2.191911214815053484e+02,1.984460346760097238e+01,-1.741785829698267918e+01,0.000000000000000000e+00,5.043572668878972820e+00,7.757550682482995619e+00
2.026244297530726328e+02,-4.160611548876439088e+02,2.191911214815053484e+02,1.984460346760097238e+01,-1.741785829698267918e+01,0.000000000000000000e+00,5.043572668878972820e+00,7.757550682482995619e+00
2.046088900998327347e+02,-4.178029407173421532e+02,2.191911214815053484e+02,1.984460346760097238e+01,-1.741785829698267918e+01,0.000000000000000000e+00,5.043572668878972820e+00,7.757550682482995619e+00
2.065933504465928365e+02,-4.195447265470403977e+02,2.191911214815053484e+02,1.984460346760097238e+01,-1.741785829698267918e+01,0.000000000000000000e+00,5.043572668878972820e+00,7.757550682482995619e+00
2.085778107933529384e+02,-4.212865123767386422e+02,2.191911214815053484e+02,1.984460346760097238e+01,-1.741785829698267918e+01,0.000000000000000000e+00,5.043572668878972820e+00,7.757550682482995619e+00
2.105622711401130402e+02,-4.230282982064368866e+02,2.191911214815053484e+02,1.984460346760097238e+01,-1.741785829698267918e+01,0.000000000000000000e+00,5.043572668878972820e+00,7.757550682482995619e+00
2.125467314868731421e+02,-4.247700840361351311e+02,2.191911214815053484e+02,1.984460346760097238e+01,-1.741785829698267918e+01,0.000000000000000000e+00,5.043572668878972820e+00,7.757550682482995619e+00
2.145311918336332440e+02,-4.265118698658333756e+02,2.191911214815053484e+02,1.984460346760097238e+01,-1.741785829698267918e+01,0.000000000000000000e+00,5.043572668878972820e+00,7.757550682482995619e+00
2.165156521803933458e+02,-4.282536556955316200e+02,2.191911214815053484e+02,1.984460346760097238e+01,-1.741785829698267918e+01,0.000000000000000000e+00,5.043572668878972820e+00,7.757550682482995619e+00
2.185001125271534477e+02,-4.299954415252298645e+02,2.191911214815053484e+02,1.984460346760097238e+01,-1.741785829698267918e+01,0.000000000000000000e+00,5.043572668878972820e+00,7.757550682482995619e+00
2.204845728739135495e+02,-4.317372273549281090e+02,2.191911214815053484e+02,1.984460346760097238e+01,-1.741785829698267918e+01,0.000000000000000000e+00,5.043572668878972820e+00,7.757550682482995619e+00
2.224690332206736514e+02,-4.334790131846263534e+02,2.191911214815053484e+02,1.984460346760097238e+01,-1.741785829698267918e+01,0.000000000000000000e+00,5.043572668878972820e+00,7.757550682482995619e+00
2.244534935674337532e+02,-4.352207990143245979e+02,2.191911214815053484e+02,1.984460346760097238e+01,-1.741785829698267918e+01,0.000000000000000000e+00,5.043572668878972820e+00,7.757550682482995619e+00
2.264379539141938551e+02,-4.369625848440228424e+02,2.191911214815053484e+02,1.984460346760097238e+01,-1.741785829698267918e+01,0.000000000000000000e+00,5.043572668878972820e+00,7.757550682482995619e+00
2.284224142609539570e+02,-4.387043706737210869e+02,2.191911214815053484e+02,1.984460346760097238e+01,-1.741785829698267918e+01,0.000000000000000000e+00,5.043572668878972820e+00,7.757550682482995619e+00
2.304068746077140588e+02,-4.404461565034193313e+02,2.191911214815053484e+02,1.984460346760097238e+01,-1.741785829698267918e+01,0.000000000000000000e+00,5.043572668878972820e+00,7.757550682482995619e+00
2.323913349544741607e+02,-4.421879423331175758e+02,2.191911214815053484e+02,1.984460346760097238e+01,-1.741785829698267918e+01,0.000000000000000000e+00,5.043572668878972820e+00,7.757550682482995619e+00
2.343757953012342625e+02,-4.439297281628158203e+02,2.191911214815053484e+02,1.984460346760097238e+01,-1.741785829698267918e+01,0.000000000000000000e+00,5.043572668878972820e+00,7.757550682482995619e+00
2.363602556479943644e+02,-4.456715139925140647e+02,2.191911214815053484e+02,1.984460346760097238e+01,-1.741785829698267918e+01,0.000000000000000000e+00,5.043572668878972820e+00,7.757550682482995619e+00
2.383447159947544662e+02,-4.474132998222123092e+02,2.191911214815053484e+02,1.984460346760097238e+01,-1.741785829698267918e+01,0.000000000000000000e+00,5.043572668878972820e+00,7.757550682482995619e+00
2.403291763415145681e+02,-4.491550856519105537e+02,2.191911214815053484e+02,1.984460346760097238e+01,-1.741785829698267918e+01,0.000000000000000000e+00,5.043572668878972820e+00,7.757550682482995619e+00
2.423136366882746700e+02,-4.508968714816087981e+02,2.191911214815053484e+02,1.984460346760097238e+01,-1.741785829698267918e+01,0.000000000000000000e+00,5.043572668878972820e+00,7.757550682482995619e+00
2.442980970350347718e+02,-4.526386573113070426e+02,2.191911214815053484e+02,1.984460346760097238e+01,-1.741785829698267918e+01,0.000000000000000000e+00,5.043572668878972820e+00,7.757550682482995619e+00
2.462825573817948737e+02,-4.543804431410052871e+02,2.191911214815053484e+02,1.984460346760097238e+01,-1.741785829698267918e+01,0.000000000000000000e+00,5.043572668878972820e+00,7.757550682482995619e+00
2.482670177285549755e+02,-4.561222289707035316e+02,2.191911214815053484e+02,1.984460346760097238e+01,-1.741785829698267918e+01,0.000000000000000000e+00,5.043572668878972820e+00,7.757550682482995619e+00
2.502514780753150774e+02,-4.578640148004017760e+02,2.191911214815053484e+02,1.984460346760097238e+01,-1.741785829698267918e+01,0.000000000000000000e+00,5.043572668878972820e+00,7.757550682482995619e+00
2.522359384220751792e+02,-4.596058006301000205e+02,2.191911214815053484e+02,1.984460346760097238e+01,-1.741785829698267918e+01,0.000000000000000000e+00,5.043572668878972820e+00,7.757550682482995619e+00
2.542203987688352811e+02,-4.613475864597982650e+02,2.191911214815053484e+02,1.984460346760097238e+01,-1.741785829698267918e+01,0.000000000000000000e+00,5.043572668878972820e+00,7.757550682482995619e+00
2.562048591155953545e+02,-4.630893722894965094e+02,2.191911214815053484e+02,1.984460346760097238e+01,-1.741785829698267918e+01,0.000000000000000000e+00,5.043572668878972820e+00,7.757550682482995619e+00
2.581893194623554564e+02,-4.648311581191947539e+02,2.191911214815053484e+02,1.984460346760097238e+01,-1.741785829698267918e+01,0.000000000000000000e+00,5.043572668878972820e+00,7.757550682482995619e+00
2.601737798091155582e+02,-4.665729439488929984e+02,2.191911214815053484e+02,1.984460346760097238e+01,-1.741785829698267918e+01,0.000000000000000000e+00,5.043572668878972820e+00,7.757550682482995619e+00
2.621582401558756601e+02,-4.683147297785912428e+02,2.191911214815053484e+02,1.984460346760097238e+01,-1.741785829698267918e+01,0.000000000000000000e+00,5.043572668878972820e+00,7.757550682482995619e+00
2.641427005026357619e+02,-4.700565156082894873e+02,2.191911214815053484e+02,1.984460346760097238e+01,-1.741785829698267918e+01,0.000000000000000000e+00,5.043572668878972820e+00,7.757550682482995619e+00
2.661271608493958638e+02,-4.717983014379877318e+02,2.191911214815053484e+02,1.984460346760097238e+01,-1.741785829698267918e+01,0.000000000000000000e+00,5.043572668878972820e+00,7.757550682482995619e+00
2.681116211961559657e+02,-4.735400872676859763e+02,2.191911214815053484e+02,1.984460346760097238e+01,-1.741785829698267918e+01,0.000000000000000000e+00,5.043572668878972820e+00,7.757550682482995619e+00
2.700960815429160675e+02,-4.752818730973842207e+02,2.191911214815053484e+02,1.984460346760097238e+01,-1.741785829698267918e+01,0.000000000000000000e+00,5.043572668878972820e+00,7.757550682482995619e+00
2.720805418896761694e+02,-4.770236589270824652e+02,2.191911214815053484e+02,1.984460346760097238e+01,-1.741785829698267918e+01,0.000000000000000000e+00,5.043572668878972820e+00,7.757550682482995619e+00
2.740650022364362712e+02,-4.787654447567807097e+02,2.191911214815053484e+02,1.984460346760097238e+01,-1.741785829698267918e+01,0.000000000000000000e+00,5.043572668878972820e+00,7.757550682482995619e+00
2.760494625831963731e+02,-4.805072305864789541e+02,2.191911214815053484e+02,1.984460346760097238e+01,-1.741785829698267918e+01,0.000000000000000000e+00,5.043572668878972820e+00,7.757550682482995619e+00
2.780339229299564749e+02,-4.822490164161771986e+02,2.191911214815053484e+02,1.984460346760097238e+01,-1.741785829698267918e+01,0.000000000000000000e+00,5.043572668878972820e+00,7.757550682482995619e+00
2.800183832767165768e+02,-4.839908022458754431e+02,2.191911214815053484e+02,1.984460346760097238e+01,-1.741785829698267918e+01,0.000000000000000000e+00,5.043572668878972820e+00,7.757550682482995619e+00
2.820028436234766787e+02,-4.857325880755736875e+02,2.191911214815053484e+02,1.984460346760097238e+01,-1.741785829698267918e+01,0.000000000000000000e+00,5.043572668878972820e+00,7.757550682482995619e+00
2.839873039702367805e+02,-4.874743739052719320e+02,2.191911214815053484e+02,1.984460346760097238e+01,-1.741785829698267918e+01,0.000000000000000000e+00,5.043572668878972820e+00,7.757550682482995619e+00
2.859717643169968824e+02,-4.892161597349701765e+02,2.191911214815053484e+02,1.984460346760097238e+01,-1.741785829698267918e+01,0.000000000000000000e+00,5.043572668878972820e+00,7.757550682482995619e+00
2.879562246637569842e+02,-4.909579455646684210e+02,2.191911214815053484e+02,1.984460346760097238e+01,-1.741785829698267918e+01,0.000000000000000000e+00,5.043572668878972820e+00,7.757550682482995619e+00
2.899406850105170861e+02,-4.926997313943666654e+02,2.191911214815053484e+02,1.984460346760097238e+01,-1.741785829698267918e+01,0.000000000000000000e+00,5.043572668878972820e+00,7.757550682482995619e+00
2.919251453572771879e+02,-4.944415172240649099e+02,2.191911214815053484e+02,1.984460346760097238e+01,-1.741785829698267918e+01,0.000000000000000000e+00,5.043572668878972820e+00,7.757550682482995619e+00
2.939096057040372898e+02,-4.961833030537631544e+02,2.191911214815053484e+02,1.984460346760097238e+01,-1.741785829698267918e+01,0.000000000000000000e+00,5.043572668878972820e+00,7.757550682482995619e+00
2.958940660507973917e+02,-4.979250888834613988e+02,2.191911214815053484e+02,1.984460346760097238e+01,-1.741785829698267918e+01,0.000000000000000000e+00,5.043572668878972820e+00,7.757550682482995619e+00
2.978785263975574935e+02,-4.996668747131596433e+02,2.191911214815053484e+02,1.984460346760097238e+01,-1.741785829698267918e+01,0.000000000000000000e+00,5.043572668878972820e+00,7.757550682482995619e+00
2.998629867443175954e+02,-5.014086605428578878e+02,2.191911214815053484e+02,1.984460346760097238e+01,-1.741785829698267918e+01,0.000000000000000000e+00,5.043572668878972820e+00,7.757550682482995619e+00
3.018474470910776972e+02,-5.031504463725561322e+02,2.191911214815053484e+02,1.984460346760097238e+01,-1.741785829698267918e+01,0.000000000000000000e+00,5.043572668878972820e+00,7.757550682482995619e+00
3.038319074378377991e+02,-5.048922322022543767e+02,2.191911214815053484e+02,1.984460346760097238e+01,-1.741785829698267918e+01,0.000000000000000000e+00,5.043572668878972820e+00,7.757550682482995619e+00
3.058163677845979009e+02,-5.066340180319526212e+02,2.191911214815053484e+02,1.984460346760097238e+01,-1.741785829698267918e+01,0.000000000000000000e+00,5.043572668878972820e+00,7.757550682482995619e+00
3.078008281313580028e+02,-5.083758038616508657e+02,2.191911214815053484e+02,1.984460346760097238e+01,-1.741785829698267918e+01,0.000000000000000000e+00,5.043572668878972820e+00,7.757550682482995619e+00
3.097852884781181046e+02,-5.101175896913491101e+02,2.191911214815053484e+02,1.984460346760097238e+01,-1.741785829698267918e+01,0.000000000000000000e+00,5.043572668878972820e+00,7.757550682482995619e+00
3.117697488248782065e+02,-5.118593755210473546e+02,2.191911214815053484e+02,1.984460346760097238e+01,-1.741785829698267918e+01,0.000000000000000000e+00,5.043572668878972820e+00,7.757550682482995619e+00
3.137542091716383084e+02,-5.136011613507456559e+02,2.191911214815053484e+02,1.984460346760097238e+01,-1.741785829698267918e+01,0.000000000000000000e+00,5.043572668878972820e+00,7.757550682482995619e+00
3.157386695183984102e+02,-5.153429471804439572e+02,2.191911214815053484e+02,1.984460346760097238e+01,-1.741785829698267918e+01,0.000000000000000000e+00,5.043572668878972820e+00,7.757550682482995619e+00
3.177231298651585121e+02,-5.170847330101422585e+02,2.191911214815053484e+02,1.984460346760097238e+01,-1.741785829698267918e+01,0.000000000000000000e+00,5.043572668878972820e+00,7.757550682482995619e+00
3.197075902119186139e+02,-5.188265188398405598e+02,2.191911214815053484e+02,1.984460346760097238e+01,-1.741785829698267918e+01,0.000000000000000000e+00,5.043572668878972820e+00,7.757550682482995619e+00
3.216920505586787158e+02,-5.205683046695388612e+02,2.191911214815053484e+02,1.984460346760097238e+01,-1.741785829698267918e+01,0.000000000000000000e+00,5.043572668878972820e+00,7.757550682482995619e+00
3.236765109054388176e+02,-5.223100904992371625e+02,2.191911214815053484e+02,1.984460346760097238e+01,-1.741785829698267918e+01,0.000000000000000000e+00,5.043572668878972820e+00,7.757550682482995619e+00
3.256609712521989195e+02,-5.240518763289354638e+02,2.191911214815053484e+02,1.984460346760097238e+01,-1.741785829698267918e+01,0.000000000000000000e+00,5.043572668878972820e+00,7.757550682482995619e+00
3.276454315989590214e+02,-5.257936621586337651e+02,2.191911214815053484e+02,1.984460346760097238e+01,-1.741785829698267918e+01,0.000000000000000000e+00,5.043572668878972820e+00,7.757550682482995619e+00
3.296298919457191232e+02,-5.275354479883320664e+02,2.191911214815053484e+02,1.984460346760097238e+01,-1.741785829698267918e+01,0.000000000000000000e+00,5.043572668878972820e+00,7.757550682482995619e+00
3.316143522924792251e+02,-5.292772338180303677e+02,2.191911214815053484e+02,1.984460346760097238e+01,-1.741785829698267918e+01,0.000000000000000000e+00,5.043572668878972820e+00,7.757550682482995619e+00
3.335988126392393269e+02,-5.310190196477286690e+02,2.191911214815053484e+02,1.984460346760097238e+01,-1.741785829698267918e+01,0.000000000000000000e+00,5.043572668878972820e+00,7.757550682482995619e+00
3.355832729859994288e+02,-5.327608054774269704e+02,2.191911214815053484e+02,1.984460346760097238e+01,-1.741785829698267918e+01,0.000000000000000000e+00,5.043572668878972820e+00,7.757550682482995619e+00
3.375677333327595306e+02,-5.345025913071252717e+02,2.191911214815053484e+02,1.984460346760097238e+01,-1.741785829698267918e+01,0.000000000000000000e+00,5.043572668878972820e+00,7.757550682482995619e+00
3.395521936795196325e+02,-5.362443771368235730e+02,2.191911214815053484e+02,1.984460346760097238e+01,-1.741785829698267918e+01,0.000000000000000000e+00,5.043572668878972820e+00,7.757550682482995619e+00
3.415366540262797344e+02,-5.379861629665218743e+02,2.191911214815053484e+02,1.984460346760097238e+01,-1.741785829698267918e+01,0.000000000000000000e+00,5.043572668878972820e+00,7.757550682482995619e+00
3.435211143730398362e+02,-5.397279487962201756e+02,2.191911214815053484e+02,1.984460346760097238e+01,-1.741785829698267918e+01,0.000000000000000000e+00,5.043572668878972820e+00,7.757550682482995619e+00
3.455055747197999381e+02,-5.414697346259184769e+02,2.191911214815053484e+02,1.984460346760097238e+01,-1.741785829698267918e+01,0.000000000000000000e+00,5.043572668878972820e+00,7.757550682482995619e+00
3.474900350665600399e+02,-5.432115204556167782e+02,2.191911214815053484e+02,1.984460346760097238e+01,-1.741785829698267918e+01,0.000000000000000000e+00,5.043572668878972820e+00,7.757550682482995619e+00
3.494744954133201418e+02,-5.449533062853150795e+02,2.191911214815053484e+02,1.984460346760097238e+01,-1.741785829698267918e+01,0.000000000000000000e+00,5.043572668878972820e+00,7.757550682482995619e+00
3.514589557600802436e+02,-5.466950921150133809e+02,2.191911214815053484e+02,1.984460346760097238e+01,-1.741785829698267918e+01,0.000000000000000000e+00,5.043572668878972820e+00,7.757550682482995619e+00
3.534434161068403455e+02,-5.484368779447116822e+02,2.191911214815053484e+02,1.984460346760097238e+01,-1.741785829698267918e+01,0.000000000000000000e+00,5.043572668878972820e+00,7.757550682482995619e+00
3.554278764536004473e+02,-5.501786637744099835e+02,2.191911214815053484e+02,1.984460346760097238e+01,-1.741785829698267918e+01,0.000000000000000000e+00,5.043572668878972820e+00,7.757550682482995619e+00
3.574123368003605492e+02,-5.519204496041082848e+02,2.191911214815053484e+02,1.984460346760097238e+01,-1.741785829698267918e+01,0.000000000000000000e+00,5.043572668878972820e+00,7.757550682482995619e+00
3.593967971471206511e+02,-5.536622354338065861e+02,2.191911214815053484e+02,1.984460346760097238e+01,-1.741785829698267918e+01,0.000000000000000000e+00,5.043572668878972820e+00,7.757550682482995619e+00
3.613812574938807529e+02,-5.554040212635048874e+02,2.191911214815053484e+02,1.984460346760097238e+01,-1.741785829698267918e+01,0.000000000000000000e+00,5.043572668878972820e+00,7.757550682482995619e+00
3.633657178406408548e+02,-5.571458070932031887e+02,2.191911214815053484e+02,1.984460346760097238e+01,-1.741785829698267918e+01,0.000000000000000000e+00,5.043572668878972820e+00,7.757550682482995619e+00
3.653501781874009566e+02,-5.588875929229014901e+02,2.191911214815053484e+02,1.984460346760097238e+01,-1.741785829698267918e+01,0.000000000000000000e+00,5.043572668878972820e+00,7.757550682482995619e+00
3.673346385341610585e+02,-5.606293787525997914e+02,2.191911214815053484e+02,1.984460346760097238e+01,-1.741785829698267918e+01,0.000000000000000000e+00,5.043572668878972820e+00,7.757550682482995619e+00
3.693190988809211603e+02,-5.623711645822980927e+02,2.191911214815053484e+02,1.984460346760097238e+01,-1.741785829698267918e+01,0.000000000000000000e+00,5.043572668878972820e+00,7.757550682482995619e+00
3.713035592276812622e+02,-5.641129504119963940e+02,2.191911214815053484e+02,1.984460346760097238e+01,-1.741785829698267918e+01,0.000000000000000000e+00,5.043572668878972820e+00,7.757550682482995619e+00
3.732880195744413641e+02,-5.658547362416946953e+02,2.191911214815053484e+02,1.984460346760097238e+01,-1.741785829698267918e+01,0.000000000000000000e+00,5.043572668878972820e+00,7.757550682482995619e+00
3.752724799212014659e+02,-5.675965220713929966e+02,2.191911214815053484e+02,1.984460346760097238e+01,-1.741785829698267918e+01,0.000000000000000000e+00,5.043572668878972820e+00,7.757550682482995619e+00
3.772569402679615678e+02,-5.693383079010912979e+02,2.191911214815053484e+02,1.984460346760097238e+01,-1.741785829698267918e+01,0.000000000000000000e+00,5.043572668878972820e+00,7.757550682482995619e+00
3.792414006147216696e+02,-5.710800937307895992e+02,2.191911214815053484e+02,1.984460346760097238e+01,-1.741785829698267918e+01,0.000000000000000000e+00,5.043572668878972820e+00,7.757550682482995619e+00
3.812258609614817715e+02,-5.728218795604879006e+02,2.191911214815053484e+02,1.984460346760097238e+01,-1.741785829698267918e+01,0.000000000000000000e+00,5.043572668878972820e+00,7.757550682482995619e+00
3.832103213082418733e+02,-5.745636653901862019e+02,2.191911214815053484e+02,1.984460346760097238e+01,-1.741785829698267918e+01,0.000000000000000000e+00,5.043572668878972820e+00,7.757550682482995619e+00
3.851947816550019752e+02,-5.763054512198845032e+02,2.191911214815053484e+02,1.984460346760097238e+01,-1.741785829698267918e+01,0.000000000000000000e+00,5.043572668878972820e+00,7.757550682482995619e+00
3.871792420017620771e+02,-5.780472370495828045e+02,2.191911214815053484e+02,1.984460346760097238e+01,-1.741785829698267918e+01,0.000000000000000000e+00,5.043572668878972820e+00,7.757550682482995619e+00
3.891637023485221789e+02,-5.797890228792811058e+02,2.191911214815053484e+02,1.984460346760097238e+01,-1.741785829698267918e+01,0.000000000000000000e+00,5.043572668878972820e+00,7.757550682482995619e+00
3.911481626952822808e+02,-5.815308087089794071e+02,2.191911214815053484e+02,1.984460346760097238e+01,-1.741785829698267918e+01,0.000000000000000000e+00,5.043572668878972820e+00,7.757550682482995619e+00
3.931326230420423826e+02,-5.832725945386777084e+02,2.191911214815053484e+02,1.984460346760097238e+01,-1.741785829698267918e+01,0.000000000000000000e+00,5.043572668878972820e+00,7.757550682482995619e+00
3.951170833888024845e+02,-5.850143803683760098e+02,2.191911214815053484e+02,1.984460346760097238e+01,-1.741785829698267918e+01,0.000000000000000000e+00,5.043572668878972820e+00,7.757550682482995619e+00
3.971015437355625863e+02,-5.867561661980743111e+02,2.191911214815053484e+02,1.984460346760097238e+01,-1.741785829698267918e+01,0.000000000000000000e+00,5.043572668878972820e+00,7.757550682482995619e+00
3.990860040823226882e+02,-5.884979520277726124e+02,2.191911214815053484e+02,1.984460346760097238e+01,-1.741785829698267918e+01,0.000000000000000000e+00,5.043572668878972820e+00,7.757550682482995619e+00
4.010704644290827900e+02,-5.902397378574709137e+02,2.191911214815053484e+02,1.984460346760097238e+01,-1.741785829698267918e+01,0.000000000000000000e+00,5.043572668878972820e+00,7.757550682482995619e+00
4.030549247758428919e+02,-5.919815236871692150e+02,2.191911214815053484e+02,1.984460346760097238e+01,-1.741785829698267918e+01,0.000000000000000000e+00,5.043572668878972820e+00,7.757550682482995619e+00
4.050393851226029938e+02,-5.937233095168675163e+02,2.191911214815053484e+02,1.984460346760097238e+01,-1.741785829698267918e+01,0.000000000000000000e+00,5.043572668878972820e+00,7.757550682482995619e+00
4.070238454693630956e+02,-5.954650953465658176e+02,2.191911214815053484e+02,1.984460346760097238e+01,-1.741785829698267918e+01,0.000000000000000000e+00,5.043572668878972820e+00,7.757550682482995619e+00
4.090083058161231975e+02,-5.972068811762641189e+02,2.191911214815053484e+02,1.984460346760097238e+01,-1.741785829698267918e+01,0.000000000000000000e+00,5.043572668878972820e+00,7.757550682482995619e+00
4.109927661628832993e+02,-5.989486670059624203e+02,2.191911214815053484e+02,1.984460346760097238e+01,-1.741785829698267918e+01,0.000000000000000000e+00,5.043572668878972820e+00,7.757550682482995619e+00
4.129772265096434012e+02,-6.006904528356607216e+02,2.191911214815053484e+02,1.984460346760097238e+01,-1.741785829698267918e+01,0.000000000000000000e+00,5.043572668878972820e+00,7.757550682482995619e+00
4.149616868564035030e+02,-6.024322386653590229e+02,2.191911214815053484e+02,1.984460346760097238e+01,-1.741785829698267918e+01,0.000000000000000000e+00,5.043572668878972820e+00,7.757550682482995619e+00
4.169461472031636049e+02,-6.041740244950573242e+02,2.191911214815053484e+02,1.984460346760097238e+01,-1.741785829698267918e+01,0.000000000000000000e+00,5.043572668878972820e+00,7.757550682482995619e+00
4.189306075499237068e+02,-6.059158103247556255e+02,2.191911214815053484e+02,1.984460346760097238e+01,-1.741785829698267918e+01,0.000000000000000000e+00,5.043572668878972820e+00,7.757550682482995619e+00
4.209150678966838086e+02,-6.076575961544539268e+02,2.191911214815053484e+02,1.984460346760097238e+01,-1.741785829698267918e+01,0.000000000000000000e+00,5.043572668878972820e+00,7.757550682482995619e+00
4.228995282434439105e+02,-6.093993819841522281e+02,2.191911214815053484e+02,1.984460346760097238e+01,-1.741785829698267918e+01,0.000000000000000000e+00,5.043572668878972820e+00,7.757550682482995619e+00
4.248839885902040123e+02,-6.111411678138505295e+02,2.191911214815053484e+02,1.984460346760097238e+01,-1.741785829698267918e+01,0.000000000000000000e+00,5.043572668878972820e+00,7.757550682482995619e+00
4.268684489369641142e+02,-6.128829536435488308e+02,2.191911214815053484e+02,1.984460346760097238e+01,-1.741785829698267918e+01,0.000000000000000000e+00,5.043572668878972820e+00,7.757550682482995619e+00
4.288529092837242160e+02,-6.146247394732471321e+02,2.191911214815053484e+02,1.984460346760097238e+01,-1.741785829698267918e+01,0.000000000000000000e+00,5.043572668878972820e+00,7.757550682482995619e+00
4.308373696304843179e+02,-6.163665253029454334e+02,2.191911214815053484e+02,1.984460346760097238e+01,-1.741785829698267918e+01,0.000000000000000000e+00,5.043572668878972820e+00,7.757550682482995619e+00
4.328218299772444198e+02,-6.181083111326437347e+02,2.191911214815053484e+02,1.984460346760097238e+01,-1.741785829698267918e+01,0.000000000000000000e+00,5.043572668878972820e+00,7.757550682482995619e+00
4.348062903240045216e+02,-6.198500969623420360e+02,2.191911214815053484e+02,1.984460346760097238e+01,-1.741785829698267918e+01,0.000000000000000000e+00,5.043572668878972820e+00,7.757550682482995619e+00
4.367907506707646235e+02,-6.215918827920403373e+02,2.191911214815053484e+02,1.984460346760097238e+01,-1.741785829698267918e+01,0.000000000000000000e+00,5.043572668878972820e+00,7.757550682482995619e+00
4.387752110175247253e+02,-6.233336686217386386e+02,2.191911214815053484e+02,1.984460346760097238e+01,-1.741785829698267918e+01,0.000000000000000000e+00,5.043572668878972820e+00,7.757550682482995619e+00
4.407596713642848272e+02,-6.250754544514369400e+02,2.191911214815053484e+02,1.984460346760097238e+01,-1.741785829698267918e+01,0.000000000000000000e+00,5.043572668878972820e+00,7.757550682482995619e+00
4.427441317110449290e+02,-6.268172402811352413e+02,2.191911214815053484e+02,1.984460346760097238e+01,-1.741785829698267918e+01,0.000000000000000000e+00,5.043572668878972820e+00,7.757550682482995619e+00
4.447285920578050309e+02,-6.285590261108335426e+02,2.191911214815053484e+02,1.984460346760097238e+01,-1.741785829698267918e+01,0.000000000000000000e+00,5.043572668878972820e+00,7.757550682482995619e+00
4.467130524045651327e+02,-6.303008119405318439e+02,2.191911214815053484e+02,1.984460346760097238e+01,-1.741785829698267918e+01,0.000000000000000000e+00,5.043572668878972820e+00,7.757550682482995619e+00
4.486975127513252346e+02,-6.320425977702301452e+02,2.191911214815053484e+02,1.984460346760097238e+01,-1.741785829698267918e+01,0.000000000000000000e+00,5.043572668878972820e+00,7.757550682482995619e+00
4.506819730980853365e+02,-6.337843835999284465e+02,2.191911214815053484e+02,1.984460346760097238e+01,-1.741785829698267918e+01,0.000000000000000000e+00,5.043572668878972820e+00,7.757550682482995619e+00
4.526664334448454383e+02,-6.355261694296267478e+02,2.191911214815053484e+02,1.984460346760097238e+01,-1.741785829698267918e+01,0.000000000000000000e+00,5.043572668878972820e+00,7.757550682482995619e+00
4.546508937916055402e+02,-6.372679552593250492e+02,2.191911214815053484e+02,1.984460346760097238e+01,-1.741785829698267918e+01,0.000000000000000000e+00,5.043572668878972820e+00,7.757550682482995619e+00
4.566353541383656420e+02,-6.390097410890233505e+02,2.191911214815053484e+02,1.984460346760097238e+01,-1.741785829698267918e+01,0.000000000000000000e+00,5.043572668878972820e+00,7.757550682482995619e+00
4.586198144851257439e+02,-6.407515269187216518e+02,2.191911214815053484e+02,1.984460346760097238e+01,-1.741785829698267918e+01,0.000000000000000000e+00,5.043572668878972820e+00,7.757550682482995619e+00
4.606042748318858457e+02,-6.424933127484199531e+02,2.191911214815053484e+02,1.984460346760097238e+01,-1.741785829698267918e+01,0.000000000000000000e+00,5.043572668878972820e+00,7.757550682482995619e+00
4.625887351786459476e+02,-6.442350985781182544e+02,2.191911214815053484e+02,1.984460346760097238e+01,-1.741785829698267918e+01,0.000000000000000000e+00,5.043572668878972820e+00,7.757550682482995619e+00
4.645731955254060495e+02,-6.459768844078165557e+02,2.191911214815053484e+02,1.984460346760097238e+01,-1.741785829698267918e+01,0.000000000000000000e+00,5.043572668878972820e+00,7.757550682482995619e+00
4.665576558721661513e+02,-6.477186702375148570e+02,2.191911214815053484e+02,1.984460346760097238e+01,-1.741785829698267918e+01,0.000000000000000000e+00,5.043572668878972820e+00,7.757550682482995619e+00
4.685421162189262532e+02,-6.494604560672131583e+02,2.191911214815053484e+02,1.984460346760097238e+01,-1.741785829698267918e+01,0.000000000000000000e+00,5.043572668878972820e+00,7.757550682482995619e+00
4.705265765656863550e+02,-6.512022418969114597e+02,2.191911214815053484e+02,1.984460346760097238e+01,-1.741785829698267918e+01,0.000000000000000000e+00,5.043572668878972820e+00,7.757550682482995619e+00
4.725110369124464569e+02,-6.529440277266097610e+02,2.191911214815053484e+02,1.984460346760097238e+01,-1.741785829698267918e+01,0.000000000000000000e+00,5.043572668878972820e+00,7.757550682482995619e+00
4.744954972592065587e+02,-6.546858135563080623e+02,2.191911214815053484e+02,1.984460346760097238e+01,-1.741785829698267918e+01,0.000000000000000000e+00,5.043572668878972820e+00,7.757550682482995619e+00
4.764799576059666606e+02,-6.564275993860063636e+02,2.191911214815053484e+02,1.984460346760097238e+01,-1.741785829698267918e+01,0.000000000000000000e+00,5.043572668878972820e+00,7.757550682482995619e+00
4.784644179527267625e+02,-6.581693852157046649e+02,2.191911214815053484e+02,1.984460346760097238e+01,-1.741785829698267918e+01,0.000000000000000000e+00,5.043572668878972820e+00,7.757550682482995619e+00
4.804488782994868643e+02,-6.599111710454029662e+02,2.191911214815053484e+02,1.984460346760097238e+01,-1.741785829698267918e+01,0.000000000000000000e+00,5.043572668878972820e+00,7.757550682482995619e+00
4.824333386462469662e+02,-6.616529568751012675e+02,2.191911214815053484e+02,1.984460346760097238e+01,-1.741785829698267918e+01,0.000000000000000000e+00,5.043572668878972820e+00,7.757550682482995619e+00
4.844177989930070680e+02,-6.633947427047995689e+02,2.191911214815053484e+02,1.984460346760097238e+01,-1.741785829698267918e+01,0.000000000000000000e+00,5.043572668878972820e+00,7.757550682482995619e+00
4.864022593397671699e+02,-6.651365285344978702e+02,2.191911214815053484e+02,1.984460346760097238e+01,-1.741785829698267918e+01,0.000000000000000000e+00,5.043572668878972820e+00,7.757550682482995619e+00
4.883867196865272717e+02,-6.668783143641961715e+02,2.191911214815053484e+02,1.984460346760097238e+01,-1.741785829698267918e+01,0.000000000000000000e+00,5.043572668878972820e+00,7.757550682482995619e+00
4.903711800332873736e+02,-6.686201001938944728e+02,2.191911214815053484e+02,1.984460346760097238e+01,-1.741785829698267918e+01,0.000000000000000000e+00,5.043572668878972820e+00,7.757550682482995619e+00
4.923556403800474754e+02,-6.703618860235927741e+02,2.191911214815053484e+02,1.984460346760097238e+01,-1.741785829698267918e+01,0.000000000000000000e+00,5.043572668878972820e+00,7.757550682482995619e+00
4.943401007268075773e+02,-6.721036718532910754e+02,2.191911214815053484e+02,1.984460346760097238e+01,-1.741785829698267918e+01,0.000000000000000000e+00,5.043572668878972820e+00,7.757550682482995619e+00
4.963245610735676792e+02,-6.738454576829893767e+02,2.191911214815053484e+02,1.984460346760097238e+01,-1.741785829698267918e+01,0.000000000000000000e+00,5.043572668878972820e+00,7.757550682482995619e+00
4.983090214203277810e+02,-6.755872435126876780e+02,2.191911214815053484e+02,1.984460346760097238e+01,-1.741785829698267918e+01,0.000000000000000000e+00,5.043572668878972820e+00,7.757550682482995619e+00
5.002934817670878829e+02,-6.773290293423859794e+02,2.191911214815053484e+02,1.984460346760097238e+01,-1.741785829698267918e+01,0.000000000000000000e+00,5.043572668878972820e+00,7.757550682482995619e+00
5.022779421138479847e+02,-6.790708151720842807e+02,2.191911214815053484e+02,1.984460346760097238e+01,-1.741785829698267918e+01,0.000000000000000000e+00,5.043572668878972820e+00,7.757550682482995619e+00
5.042624024606080866e+02,-6.808126010017825820e+02,2.191911214815053484e+02,1.984460346760097238e+01,-1.741785829698267918e+01,0.000000000000000000e+00,5.043572668878972820e+00,7.757550682482995619e+00
5.062468628073681884e+02,-6.825543868314808833e+02,2.191911214815053484e+02,1.984460346760097238e+01,-1.741785829698267918e+01,0.000000000000000000e+00,5.043572668878972820e+00,7.757550682482995619e+00
5.082313231541282903e+02,-6.842961726611791846e+02,2.191911214815053484e+02,1.984460346760097238e+01,-1.741785829698267918e+01,0.000000000000000000e+00,5.043572668878972820e+00,7.757550682482995619e+00
5.102157835008883922e+02,-6.860379584908774859e+02,2.191911214815053484e+02,1.984460346760097238e+01,-1.741785829698267918e+01,0.000000000000000000e+00,5.043572668878972820e+00,7.757550682482995619e+00
5.122002438476484940e+02,-6.877797443205757872e+02,2.191911214815053484e+02,1.984460346760097238e+01,-1.741785829698267918e+01,0.000000000000000000e+00,5.043572668878972820e+00,7.757550682482995619e+00
5.141847041944085959e+02,-6.895215301502740886e+02,2.191911214815053484e+02,1.984460346760097238e+01,-1.741785829698267918e+01,0.000000000000000000e+00,5.043572668878972820e+00,7.757550682482995619e+00
5.161691645411686977e+02,-6.912633159799723899e+02,2.191911214815053484e+02,1.984460346760097238e+01,-1.741785829698267918e+01,0.000000000000000000e+00,5.043572668878972820e+00,7.757550682482995619e+00
5.181536248879287996e+02,-6.930051018096706912e+02,2.191911214815053484e+02,1.984460346760097238e+01,-1.741785829698267918e+01,0.000000000000000000e+00,5.043572668878972820e+00,7.757550682482995619e+00
5.201380852346889014e+02,-6.947468876393689925e+02,2.191911214815053484e+02,1.984460346760097238e+01,-1.741785829698267918e+01,0.000000000000000000e+00,5.043572668878972820e+00,7.757550682482995619e+00
5.221225455814490033e+02,-6.964886734690672938e+02,2.191911214815053484e+02,1.984460346760097238e+01,-1.741785829698267918e+01,0.000000000000000000e+00,5.043572668878972820e+00,7.757550682482995619e+00
5.241070059282091052e+02,-6.982304592987655951e+02,2.191911214815053484e+02,1.984460346760097238e+01,-1.741785829698267918e+01,0.000000000000000000e+00,5.043572668878972820e+00,7.757550682482995619e+00
5.260914662749692070e+02,-6.999722451284638964e+02,2.191911214815053484e+02,1.984460346760097238e+01,-1.741785829698267918e+01,0.000000000000000000e+00,5.043572668878972820e+00,7.757550682482995619e+00
5.280759266217293089e+02,-7.017140309581621977e+02,2.191911214815053484e+02,1.984460346760097238e+01,-1.741785829698267918e+01,0.000000000000000000e+00,5.043572668878972820e+00,7.757550682482995619e+00
5.300603869684894107e+02,-7.034558167878604991e+02,2.191911214815053484e+02,1.984460346760097238e+01,-1.741785829698267918e+01,0.000000000000000000e+00,5.043572668878972820e+00,7.757550682482995619e+00
5.320448473152495126e+02,-7.051976026175588004e+02,2.191911214815053484e+02,1.984460346760097238e+01,-1.741785829698267918e+01,0.000000000000000000e+00,5.043572668878972820e+00,7.757550682482995619e+00
5.340293076620096144e+02,-7.069393884472571017e+02,2.191911214815053484e+02,1.984460346760097238e+01,-1.741785829698267918e+01,0.000000000000000000e+00,5.043572668878972820e+00,7.757550682482995619e+00
5.360137680087697163e+02,-7.086811742769554030e+02,2.191911214815053484e+02,1.984460346760097238e+01,-1.741785829698267918e+01,0.000000000000000000e+00,5.043572668878972820e+00,7.757550682482995619e+00
5.379982283555298181e+02,-7.104229601066537043e+02,2.191911214815053484e+02,1.984460346760097238e+01,-1.741785829698267918e+01,0.000000000000000000e+00,5.043572668878972820e+00,7.757550682482995619e+00
5.399826887022899200e+02,-7.121647459363520056e+02,2.191911214815053484e+02,1.984460346760097238e+01,-1.741785829698267918e+01,0.000000000000000000e+00,5.043572668878972820e+00,7.757550682482995619e+00
5.419671490490500219e+02,-7.139065317660503069e+02,2.191911214815053484e+02,1.984460346760097238e+01,-1.741785829698267918e+01,0.000000000000000000e+00,5.043572668878972820e+00,7.757550682482995619e+00
5.439516093958101237e+02,-7.156483175957486083e+02,2.191911214815053484e+02,1.984460346760097238e+01,-1.741785829698267918e+01,0.000000000000000000e+00,5.043572668878972820e+00,7.757550682482995619e+00
5.459360697425702256e+02,-7.173901034254469096e+02,2.191911214815053484e+02,1.984460346760097238e+01,-1.741785829698267918e+01,0.000000000000000000e+00,5.043572668878972820e+00,7.757550682482995619e+00
5.479205300893303274e+02,-7.191318892551452109e+02,2.191911214815053484e+02,1.984460346760097238e+01,-1.741785829698267918e+01,0.000000000000000000e+00,5.043572668878972820e+00,7.757550682482995619e+00
5.499049904360904293e+02,-7.208736750848435122e+02,2.191911214815053484e+02,1.984460346760097238e+01,-1.741785829698267918e+01,0.000000000000000000e+00,5.043572668878972820e+00,7.757550682482995619e+00
5.518894507828505311e+02,-7.226154609145418135e+02,2.191911214815053484e+02,1.984460346760097238e+01,-1.741785829698267918e+01,0.000000000000000000e+00,5.043572668878972820e+00,7.757550682482995619e+00
5.538739111296106330e+02,-7.243572467442401148e+02,2.191911214815053484e+02,1.984460346760097238e+01,-1.741785829698267918e+01,0.000000000000000000e+00,5.043572668878972820e+00,7.757550682482995619e+00
5.558583714763707349e+02,-7.260990325739384161e+02,2.191911214815053484e+02,1.984460346760097238e+01,-1.741785829698267918e+01,0.000000000000000000e+00,5.043572668878972820e+00,7.757550682482995619e+00
5.578428318231308367e+02,-7.278408184036367174e+02,2.191911214815053484e+02,1.984460346760097238e+01,-1.741785829698267918e+01,0.000000000000000000e+00,5.043572668878972820e+00,7.757550682482995619e+00
5.598272921698909386e+02,-7.295826042333350188e+02,2.191911214815053484e+02,1.984460346760097238e+01,-1.741785829698267918e+01,0.000000000000000000e+00,5.043572668878972820e+00,7.757550682482995619e+00
5.618117525166510404e+02,-7.313243900630333201e+02,2.191911214815053484e+02,1.984460346760097238e+01,-1.741785829698267918e+01,0.000000000000000000e+00,5.043572668878972820e+00,7.757550682482995619e+00
5.637962128634111423e+02,-7.330661758927316214e+02,2.191911214815053484e+02,1.984460346760097238e+01,-1.741785829698267918e+01,0.000000000000000000e+00,5.043572668878972820e+00,7.757550682482995619e+00
5.657806732101712441e+02,-7.348079617224299227e+02,2.191911214815053484e+02,1.984460346760097238e+01,-1.741785829698267918e+01,0.000000000000000000e+00,5.043572668878972820e+00,7.757550682482995619e+00
5.677651335569313460e+02,-7.365497475521282240e+02,2.191911214815053484e+02,1.984460346760097238e+01,-1.741785829698267918e+01,0.000000000000000000e+00,5.043572668878972820e+00,7.757550682482995619e+00
5.697495939036914478e+02,-7.382915333818265253e+02,2.191911214815053484e+02,1.984460346760097238e+01,-1.741785829698267918e+01,0.000000000000000000e+00,5.043572668878972820e+00,7.757550682482995619e+00
5.717340542504515497e+02,-7.400333192115248266e+02,2.191911214815053484e+02,1.984460346760097238e+01,-1.741785829698267918e+01,0.000000000000000000e+00,5.043572668878972820e+00,7.757550682482995619e+00
5.737185145972116516e+02,-7.417751050412231280e+02,2.191911214815053484e+02,1.984460346760097238e+01,-1.741785829698267918e+01,0.000000000000000000e+00,5.043572668878972820e+00,7.757550682482995619e+00
5.757029749439717534e+02,-7.435168908709214293e+02,2.191911214815053484e+02,1.984460346760097238e+01,-1.741785829698267918e+01,0.000000000000000000e+00,5.043572668878972820e+00,7.757550682482995619e+00
5.776874352907318553e+02,-7.452586767006197306e+02,2.191911214815053484e+02,1.984460346760097238e+01,-1.741785829698267918e+01,0.000000000000000000e+00,5.043572668878972820e+00,7.757550682482995619e+00
5.796718956374919571e+02,-7.470004625303180319e+02,2.191911214815053484e+02,1.984460346760097238e+01,-1.741785829698267918e+01,0.000000000000000000e+00,5.043572668878972820e+00,7.757550682482995619e+00
5.816563559842520590e+02,-7.487422483600163332e+02,2.191911214815053484e+02,1.984460346760097238e+01,-1.741785829698267918e+01,0.000000000000000000e+00,5.043572668878972820e+00,7.757550682482995619e+00
5.836408163310121608e+02,-7.504840341897146345e+02,2.191911214815053484e+02,1.984460346760097238e+01,-1.741785829698267918e+01,0.000000000000000000e+00,5.043572668878972820e+00,7.757550682482995619e+00
5.856252766777722627e+02,-7.522258200194129358e+02,2.191911214815053484e+02,1.984460346760097238e+01,-1.741785829698267918e+01,0.000000000000000000e+00,5.043572668878972820e+00,7.757550682482995619e+00
5.876097370245323646e+02,-7.539676058491112371e+02,2.191911214815053484e+02,1.984460346760097238e+01,-1.741785829698267918e+01,0.000000000000000000e+00,5.043572668878972820e+00,7.757550682482995619e+00
5.895941973712924664e+02,-7.557093916788095385e+02,2.191911214815053484e+02,1.984460346760097238e+01,-1.741785829698267918e+01,0.000000000000000000e+00,5.043572668878972820e+00,7.757550682482995619e+00
5.915786577180525683e+02,-7.574511775085078398e+02,2.191911214815053484e+02,1.984460346760097238e+01,-1.741785829698267918e+01,0.000000000000000000e+00,5.043572668878972820e+00,7.757550682482995619e+00
5.935631180648126701e+02,-7.591929633382061411e+02,2.191911214815053484e+02,1.984460346760097238e+01,-1.741785829698267918e+01,0.000000000000000000e+00,5.043572668878972820e+00,7.757550682482995619e+00
5.955475784115727720e+02,-7.609347491679044424e+02,2.191911214815053484e+02,1.984460346760097238e+01,-1.741785829698267918e+01,0.000000000000000000e+00,5.043572668878972820e+00,7.757550682482995619e+00
5.975320387583328738e+02,-7.626765349976027437e+02,2.191911214815053484e+02,1.984460346760097238e+01,-1.741785829698267918e+01,0.000000000000000000e+00,5.043572668878972820e+00,7.757550682482995619e+00
5.995164991050929757e+02,-7.644183208273010450e+02,2.191911214815053484e+02,1.984460346760097238e+01,-1.741785829698267918e+01,0.000000000000000000e+00,5.043572668878972820e+00,7.757550682482995619e+00
6.015009594518530776e+02,-7.661601066569993463e+02,2.191911214815053484e+02,1.984460346760097238e+01,-1.741785829698267918e+01,0.000000000000000000e+00,5.043572668878972820e+00,7.757550682482995619e+00
6.034854197986131794e+02,-7.679018924866976477e+02,2.191911214815053484e+02,1.984460346760097238e+01,-1.741785829698267918e+01,0.000000000000000000e+00,5.043572668878972820e+00,7.757550682482995619e+00
6.054698801453732813e+02,-7.696436783163959490e+02,2.191911214815053484e+02,1.984460346760097238e+01,-1.741785829698267918e+01,0.000000000000000000e+00,5.043572668878972820e+00,7.757550682482995619e+00
6.074543404921333831e+02,-7.713854641460942503e+02,2.191911214815053484e+02,1.984460346760097238e+01,-1.741785829698267918e+01,0.000000000000000000e+00,5.043572668878972820e+00,7.757550682482995619e+00
6.094388008388934850e+02,-7.731272499757925516e+02,2.191911214815053484e+02,1.984460346760097238e+01,-1.741785829698267918e+01,0.000000000000000000e+00,5.043572668878972820e+00,7.757550682482995619e+00
6.114232611856535868e+02,-7.748690358054908529e+02,2.191911214815053484e+02,1.984460346760097238e+01,-1.741785829698267918e+01,0.000000000000000000e+00,5.043572668878972820e+00,7.757550682482995619e+00
6.134077215324136887e+02,-7.766108216351891542e+02,2.191911214815053484e+02,1.984460346760097238e+01,-1.741785829698267918e+01,0.000000000000000000e+00,5.043572668878972820e+00,7.757550682482995619e+00
6.153921818791737905e+02,-7.783526074648874555e+02,2.191911214815053484e+02,1.984460346760097238e+01,-1.741785829698267918e+01,0.000000000000000000e+00,5.043572668878972820e+00,7.757550682482995619e+00
6.173766422259338924e+02,-7.800943932945857568e+02,2.191911214815053484e+02,1.984460346760097238e+01,-1.741785829698267918e+01,0.000000000000000000e+00,5.043572668878972820e+00,7.757550682482995619e+00
6.193611025726939943e+02,-7.818361791242840582e+02,2.191911214815053484e+02,1.984460346760097238e+01,-1.741785829698267918e+01,0.000000000000000000e+00,5.043572668878972820e+00,7.757550682482995619e+00
6.213455629194540961e+02,-7.835779649539823595e+02,2.191911214815053484e+02,1.984460346760097238e+01,-1.741785829698267918e+01,0.000000000000000000e+00,5.043572668878972820e+00,7.757550682482995619e+00
6.233300232662141980e+02,-7.853197507836806608e+02,2.191911214815053484e+02,1.984460346760097238e+01,-1.741785829698267918e+01,0.000000000000000000e+00,5.043572668878972820e+00,7.757550682482995619e+00
6.253144836129742998e+02,-7.870615366133789621e+02,2.191911214815053484e+02,1.984460346760097238e+01,-1.741785829698267918e+01,0.000000000000000000e+00,5.043572668878972820e+00,7.757550682482995619e+00
6.272989439597344017e+02,-7.888033224430772634e+02,2.191911214815053484e+02,1.984460346760097238e+01,-1.741785829698267918e+01,0.000000000000000000e+00,5.043572668878972820e+00,7.757550682482995619e+00
6.292834043064945035e+02,-7.905451082727755647e+02,2.191911214815053484e+02,1.984460346760097238e+01,-1.741785829698267918e+01,0.000000000000000000e+00,5.043572668878972820e+00,7.757550682482995619e+00
6.312678646532546054e+02,-7.922868941024738660e+02,2.191911214815053484e+02,1.984460346760097238e+01,-1.741785829698267918e+01,0.000000000000000000e+00,5.043572668878972820e+00,7.757550682482995619e+00
6.332523250000147073e+02,-7.940286799321721674e+02,2.191911214815053484e+02,1.984460346760097238e+01,-1.741785829698267918e+01,0.000000000000000000e+00,5.043572668878972820e+00,7.757550682482995619e+00
6.352367853467748091e+02,-7.957704657618704687e+02,2.191911214815053484e+02,1.984460346760097238e+01,-1.741785829698267918e+01,0.000000000000000000e+00,5.043572668878972820e+00,7.757550682482995619e+00
6.372212456935349110e+02,-7.975122515915687700e+02,2.191911214815053484e+02,1.984460346760097238e+01,-1.741785829698267918e+01,0.000000000000000000e+00,5.043572668878972820e+00,7.757550682482995619e+00
6.392057060402950128e+02,-7.992540374212670713e+02,2.191911214815053484e+02,1.984460346760097238e+01,-1.741785829698267918e+01,0.000000000000000000e+00,5.043572668878972820e+00,7.757550682482995619e+00
6.411901663870551147e+02,-8.009958232509653726e+02,2.191911214815053484e+02,1.984460346760097238e+01,-1.741785829698267918e+01,0.000000000000000000e+00,5.043572668878972820e+00,7.757550682482995619e+00
6.431746267338152165e+02,-8.027376090806636739e+02,2.191911214815053484e+02,1.984460346760097238e+01,-1.741785829698267918e+01,0.000000000000000000e+00,5.043572668878972820e+00,7.757550682482995619e+00
6.451590870805753184e+02,-8.044793949103619752e+02,2.191911214815053484e+02,1.984460346760097238e+01,-1.741785829698267918e+01,0.000000000000000000e+00,5.043572668878972820e+00,7.757550682482995619e+00
6.471435474273354203e+02,-8.062211807400602765e+02,2.191911214815053484e+02,1.984460346760097238e+01,-1.741785829698267918e+01,0.000000000000000000e+00,5.043572668878972820e+00,7.757550682482995619e+00
6.491280077740955221e+02,-8.079629665697585779e+02,2.191911214815053484e+02,1.984460346760097238e+01,-1.741785829698267918e+01,0.000000000000000000e+00,5.043572668878972820e+00,7.757550682482995619e+00
6.511124681208556240e+02,-8.097047523994568792e+02,2.191911214815053484e+02,1.984460346760097238e+01,-1.741785829698267918e+01,0.000000000000000000e+00,5.043572668878972820e+00,7.757550682482995619e+00
6.530969284676157258e+02,-8.114465382291551805e+02,2.191911214815053484e+02,1.984460346760097238e+01,-1.741785829698267918e+01,0.000000000000000000e+00,5.043572668878972820e+00,7.757550682482995619e+00
6.550813888143758277e+02,-8.131883240588534818e+02,2.191911214815053484e+02,1.984460346760097238e+01,-1.741785829698267918e+01,0.000000000000000000e+00,5.043572668878972820e+00,7.757550682482995619e+00
6.570658491611359295e+02,-8.149301098885517831e+02,2.191911214815053484e+02,1.984460346760097238e+01,-1.741785829698267918e+01,0.000000000000000000e+00,5.043572668878972820e+00,7.757550682482995619e+00
6.590503095078960314e+02,-8.166718957182500844e+02,2.191911214815053484e+02,1.984460346760097238e+01,-1.741785829698267918e+01,0.000000000000000000e+00,5.043572668878972820e+00,7.757550682482995619e+00
6.610347698546561332e+02,-8.184136815479483857e+02,2.191911214815053484e+02,1.984460346760097238e+01,-1.741785829698267918e+01,0.000000000000000000e+00,5.043572668878972820e+00,7.757550682482995619e+00
6.630192302014162351e+02,-8.201554673776466871e+02,2.191911214815053484e+02,1.984460346760097238e+01,-1.741785829698267918e+01,0.000000000000000000e+00,5.043572668878972820e+00,7.757550682482995619e+00
6.650036905481763370e+02,-8.218972532073449884e+02,2.191911214815053484e+02,1.984460346760097238e+01,-1.741785829698267918e+01,0.000000000000000000e+00,5.043572668878972820e+00,7.757550682482995619e+00
6.669881508949364388e+02,-8.236390390370432897e+02,2.191911214815053484e+02,1.984460346760097238e+01,-1.741785829698267918e+01,0.000000000000000000e+00,5.043572668878972820e+00,7.757550682482995619e+00
6.689726112416965407e+02,-8.253808248667415910e+02,2.191911214815053484e+02,1.984460346760097238e+01,-1.741785829698267918e+01,0.000000000000000000e+00,5.043572668878972820e+00,7.757550682482995619e+00
6.709570715884566425e+02,-8.271226106964398923e+02,2.191911214815053484e+02,1.984460346760097238e+01,-1.741785829698267918e+01,0.000000000000000000e+00,5.043572668878972820e+00,7.757550682482995619e+00
6.729415319352167444e+02,-8.288643965261381936e+02,2.191911214815053484e+02,1.984460346760097238e+01,-1.741785829698267918e+01,0.000000000000000000e+00,5.043572668878972820e+00,7.757550682482995619e+00
6.749259922819768462e+02,-8.306061823558364949e+02,2.191911214815053484e+02,1.984460346760097238e+01,-1.741785829698267918e+01,0.000000000000000000e+00,5.043572668878972820e+00,7.757550682482995619e+00
6.769104526287369481e+02,-8.323479681855347962e+02,2.191911214815053484e+02,1.984460346760097238e+01,-1.741785829698267918e+01,0.000000000000000000e+00,5.043572668878972820e+00,7.757550682482995619e+00
6.788949129754970500e+02,-8.340897540152330976e+02,2.191911214815053484e+02,1.984460346760097238e+01,-1.741785829698267918e+01,0.000000000000000000e+00,5.043572668878972820e+00,7.757550682482995619e+00
6.808793733222571518e+02,-8.358315398449313989e+02,2.191911214815053484e+02,1.984460346760097238e+01,-1.741785829698267918e+01,0.000000000000000000e+00,5.043572668878972820e+00,7.757550682482995619e+00
6.828638336690172537e+02,-8.375733256746297002e+02,2.191911214815053484e+02,1.984460346760097238e+01,-1.741785829698267918e+01,0.000000000000000000e+00,5.043572668878972820e+00,7.757550682482995619e+00
6.848482940157773555e+02,-8.393151115043280015e+02,2.191911214815053484e+02,1.984460346760097238e+01,-1.741785829698267918e+01,0.000000000000000000e+00,5.043572668878972820e+00,7.757550682482995619e+00
6.868327543625374574e+02,-8.410568973340263028e+02,2.191911214815053484e+02,1.984460346760097238e+01,-1.741785829698267918e+01,0.000000000000000000e+00,5.043572668878972820e+00,7.757550682482995619e+00
6.888172147092975592e+02,-8.427986831637246041e+02,2.191911214815053484e+02,1.984460346760097238e+01,-1.741785829698267918e+01,0.000000000000000000e+00,5.043572668878972820e+00,7.757550682482995619e+00
6.908016750560576611e+02,-8.445404689934229054e+02,2.191911214815053484e+02,1.984460346760097238e+01,-1.741785829698267918e+01,0.000000000000000000e+00,5.043572668878972820e+00,7.757550682482995619e+00
6.927861354028177630e+02,-8.462822548231212068e+02,2.191911214815053484e+02,1.984460346760097238e+01,-1.741785829698267918e+01,0.000000000000000000e+00,5.043572668878972820e+00,7.757550682482995619e+00
6.947705957495778648e+02,-8.480240406528195081e+02,2.191911214815053484e+02,1.984460346760097238e+01,-1.741785829698267918e+01,0.000000000000000000e+00,5.043572668878972820e+00,7.757550682482995619e+00
6.967550560963379667e+02,-8.497658264825178094e+02,2.191911214815053484e+02,1.984460346760097238e+01,-1.741785829698267918e+01,0.000000000000000000e+00,5.043572668878972820e+00,7.757550682482995619e+00
6.987395164430980685e+02,-8.515076123122161107e+02,2.191911214815053484e+02,1.984460346760097238e+01,-1.741785829698267918e+01,0.000000000000000000e+00,5.043572668878972820e+00,7.757550682482995619e+00
7.007239767898581704e+02,-8.532493981419144120e+02,2.191911214815053484e+02,1.984460346760097238e+01,-1.741785829698267918e+01,0.000000000000000000e+00,5.043572668878972820e+00,7.757550682482995619e+00
7.027084371366182722e+02,-8.549911839716127133e+02,2.191911214815053484e+02,1.984460346760097238e+01,-1.741785829698267918e+01,0.000000000000000000e+00,5.043572668878972820e+00,7.757550682482995619e+00
7.046928974833783741e+02,-8.567329698013110146e+02,2.191911214815053484e+02,1.984460346760097238e+01,-1.741785829698267918e+01,0.000000000000000000e+00,5.043572668878972820e+00,7.757550682482995619e+00
7.066773578301384759e+02,-8.584747556310093159e+02,2.191911214815053484e+02,1.984460346760097238e+01,-1.741785829698267918e+01,0.000000000000000000e+00,5.043572668878972820e+00,7.757550682482995619e+00
7.086618181768985778e+02,-8.602165414607076173e+02,2.191911214815053484e+02,1.984460346760097238e+01,-1.741785829698267918e+01,0.000000000000000000e+00,5.043572668878972820e+00,7.757550682482995619e+00
7.106462785236586797e+02,-8.619583272904059186e+02,2.191911214815053484e+02,1.984460346760097238e+01,-1.741785829698267918e+01,0.000000000000000000e+00,5.043572668878972820e+00,7.757550682482995619e+00
7.126307388704187815e+02,-8.637001131201042199e+02,2.191911214815053484e+02,1.984460346760097238e+01,-1.741785829698267918e+01,0.000000000000000000e+00,5.043572668878972820e+00,7.757550682482995619e+00
7.146151992171788834e+02,-8.654418989498025212e+02,2.191911214815053484e+02,1.984460346760097238e+01,-1.741785829698267918e+01,0.000000000000000000e+00,5.043572668878972820e+00,7.757550682482995619e+00
7.165996595639389852e+02,-8.671836847795008225e+02,2.191911214815053484e+02,1.984460346760097238e+01,-1.741785829698267918e+01,0.000000000000000000e+00,5.043572668878972820e+00,7.757550682482995619e+00
7.185841199106990871e+02,-8.689254706091991238e+02,2.191911214815053484e+02,1.984460346760097238e+01,-1.741785829698267918e+01,0.000000000000000000e+00,5.043572668878972820e+00,7.757550682482995619e+00
7.205685802574591889e+02,-8.706672564388974251e+02,2.191911214815053484e+02,1.984460346760097238e+01,-1.741785829698267918e+01,0.000000000000000000e+00,5.043572668878972820e+00,7.757550682482995619e+00
7.225530406042192908e+02,-8.724090422685957265e+02,2.191911214815053484e+02,1.984460346760097238e+01,-1.741785829698267918e+01,0.000000000000000000e+00,5.043572668878972820e+00,7.757550682482995619e+00
7.245375009509793927e+02,-8.741508280982940278e+02,2.191911214815053484e+02,1.984460346760097238e+01,-1.741785829698267918e+01,0.000000000000000000e+00,5.043572668878972820e+00,7.757550682482995619e+00
7.265219612977394945e+02,-8.758926139279923291e+02,2.191911214815053484e+02,1.984460346760097238e+01,-1.741785829698267918e+01,0.000000000000000000e+00,5.043572668878972820e+00,7.757550682482995619e+00
7.285064216444995964e+02,-8.776343997576906304e+02,2.191911214815053484e+02,1.984460346760097238e+01,-1.741785829698267918e+01,0.000000000000000000e+00,5.043572668878972820e+00,7.757550682482995619e+00
7.304908819912596982e+02,-8.793761855873889317e+02,2.191911214815053484e+02,1.984460346760097238e+01,-1.741785829698267918e+01,0.000000000000000000e+00,5.043572668878972820e+00,7.757550682482995619e+00
7.324753423380198001e+02,-8.811179714170872330e+02,2.191911214815053484e+02,1.984460346760097238e+01,-1.741785829698267918e+01,0.000000000000000000e+00,5.043572668878972820e+00,7.757550682482995619e+00
7.344598026847799019e+02,-8.828597572467855343e+02,2.191911214815053484e+02,1.984460346760097238e+01,-1.741785829698267918e+01,0.000000000000000000e+00,5.043572668878972820e+00,7.757550682482995619e+00
7.364442630315400038e+02,-8.846015430764838356e+02,2.191911214815053484e+02,1.984460346760097238e+01,-1.741785829698267918e+01,0.000000000000000000e+00,5.043572668878972820e+00,7.757550682482995619e+00
7.384287233783001057e+02,-8.863433289061821370e+02,2.191911214815053484e+02,1.984460346760097238e+01,-1.741785829698267918e+01,0.000000000000000000e+00,5.043572668878972820e+00,7.757550682482995619e+00
7.404131837250602075e+02,-8.880851147358804383e+02,2.191911214815053484e+02,1.984460346760097238e+01,-1.741785829698267918e+01,0.000000000000000000e+00,5.043572668878972820e+00,7.757550682482995619e+00
7.423976440718203094e+02,-8.898269005655787396e+02,2.191911214815053484e+02,1.984460346760097238e+01,-1.741785829698267918e+01,0.000000000000000000e+00,5.043572668878972820e+00,7.757550682482995619e+00
7.443821044185804112e+02,-8.915686863952770409e+02,2.191911214815053484e+02,1.984460346760097238e+01,-1.741785829698267918e+01,0.000000000000000000e+00,5.043572668878972820e+00,7.757550682482995619e+00
7.463665647653405131e+02,-8.933104722249753422e+02,2.191911214815053484e+02,1.984460346760097238e+01,-1.741785829698267918e+01,0.000000000000000000e+00,5.043572668878972820e+00,7.757550682482995619e+00
7.483510251121006149e+02,-8.950522580546736435e+02,2.191911214815053484e+02,1.984460346760097238e+01,-1.741785829698267918e+01,0.000000000000000000e+00,5.043572668878972820e+00,7.757550682482995619e+00
7.503354854588607168e+02,-8.967940438843719448e+02,2.191911214815053484e+02,1.984460346760097238e+01,-1.741785829698267918e+01,0.000000000000000000e+00,5.043572668878972820e+00,7.757550682482995619e+00
7.523199458056208186e+02,-8.985358297140702462e+02,2.191911214815053484e+02,1.984460346760097238e+01,-1.741785829698267918e+01,0.000000000000000000e+00,5.043572668878972820e+00,7.757550682482995619e+00
7.543044061523809205e+02,-9.002776155437685475e+02,2.191911214815053484e+02,1.984460346760097238e+01,-1.741785829698267918e+01,0.000000000000000000e+00,5.043572668878972820e+00,7.757550682482995619e+00
7.562888664991410224e+02,-9.020194013734668488e+02,2.191911214815053484e+02,1.984460346760097238e+01,-1.741785829698267918e+01,0.000000000000000000e+00,5.043572668878972820e+00,7.757550682482995619e+00
7.582733268459011242e+02,-9.037611872031651501e+02,2.191911214815053484e+02,1.984460346760097238e+01,-1.741785829698267918e+01,0.000000000000000000e+00,5.043572668878972820e+00,7.757550682482995619e+00
7.602577871926612261e+02,-9.055029730328634514e+02,2.191911214815053484e+02,1.984460346760097238e+01,-1.741785829698267918e+01,0.000000000000000000e+00,5.043572668878972820e+00,7.757550682482995619e+00
7.622422475394213279e+02,-9.072447588625617527e+02,2.191911214815053484e+02,1.984460346760097238e+01,-1.741785829698267918e+01,0.000000000000000000e+00,5.043572668878972820e+00,7.757550682482995619e+00
7.642267078861814298e+02,-9.089865446922600540e+02,2.191911214815053484e+02,1.984460346760097238e+01,-1.741785829698267918e+01,0.000000000000000000e+00,5.043572668878972820e+00,7.757550682482995619e+00
7.662111682329415316e+02,-9.107283305219583553e+02,2.191911214815053484e+02,1.984460346760097238e+01,-1.741785829698267918e+01,0.000000000000000000e+00,5.043572668878972820e+00,7.757550682482995619e+00
7.681956285797016335e+02,-9.124701163516566567e+02,2.191911214815053484e+02,1.984460346760097238e+01,-1.741785829698267918e+01,0.000000000000000000e+00,5.043572668878972820e+00,7.757550682482995619e+00
7.701800889264617354e+02,-9.142119021813549580e+02,2.191911214815053484e+02,1.984460346760097238e+01,-1.741785829698267918e+01,0.000000000000000000e+00,5.043572668878972820e+00,7.757550682482995619e+00
7.721645492732218372e+02,-9.159536880110532593e+02,2.191911214815053484e+02,1.984460346760097238e+01,-1.741785829698267918e+01,0.000000000000000000e+00,5.043572668878972820e+00,7.757550682482995619e+00
7.741490096199819391e+02,-9.176954738407515606e+02,2.191911214815053484e+02,1.984460346760097238e+01,-1.741785829698267918e+01,0.000000000000000000e+00,5.043572668878972820e+00,7.757550682482995619e+00
7.761334699667420409e+02,-9.194372596704498619e+02,2.191911214815053484e+02,1.984460346760097238e+01,-1.741785829698267918e+01,0.000000000000000000e+00,5.043572668878972820e+00,7.757550682482995619e+00
7.781179303135021428e+02,-9.211790455001481632e+02,2.191911214815053484e+02,1.984460346760097238e+01,-1.741785829698267918e+01,0.000000000000000000e+00,5.043572668878972820e+00,7.757550682482995619e+00
7.801023906602622446e+02,-9.229208313298464645e+02,2.191911214815053484e+02,1.984460346760097238e+01,-1.741785829698267918e+01,0.000000000000000000e+00,5.043572668878972820e+00,7.757550682482995619e+00
7.820868510070223465e+02,-9.246626171595447659e+02,2.191911214815053484e+02,1.984460346760097238e+01,-1.741785829698267918e+01,0.000000000000000000e+00,5.043572668878972820e+00,7.757550682482995619e+00
7.840713113537824484e+02,-9.264044029892430672e+02,2.191911214815053484e+02,1.984460346760097238e+01,-1.741785829698267918e+01,0.000000000000000000e+00,5.043572668878972820e+00,7.757550682482995619e+00
7.860557717005425502e+02,-9.281461888189413685e+02,2.191911214815053484e+02,1.984460346760097238e+01,-1.741785829698267918e+01,0.000000000000000000e+00,5.043572668878972820e+00,7.757550682482995619e+00
7.880402320473026521e+02,-9.298879746486396698e+02,2.191911214815053484e+02,1.984460346760097238e+01,-1.741785829698267918e+01,0.000000000000000000e+00,5.043572668878972820e+00,7.757550682482995619e+00
7.900246923940627539e+02,-9.316297604783379711e+02,2.191911214815053484e+02,1.984460346760097238e+01,-1.741785829698267918e+01,0.000000000000000000e+00,5.043572668878972820e+00,7.757550682482995619e+00
7.920091527408228558e+02,-9.333715463080362724e+02,2.191911214815053484e+02,1.984460346760097238e+01,-1.741785829698267918e+01,0.000000000000000000e+00,5.043572668878972820e+00,7.757550682482995619e+00
7.939936130875829576e+02,-9.351133321377345737e+02,2.191911214815053484e+02,1.984460346760097238e+01,-1.741785829698267918e+01,0.000000000000000000e+00,5.043572668878972820e+00,7.757550682482995619e+00
7.959780734343430595e+02,-9.368551179674328750e+02,2.191911214815053484e+02,1.984460346760097238e+01,-1.741785829698267918e+01,0.000000000000000000e+00,5.043572668878972820e+00,7.757550682482995619e+00
7.979625337811031613e+02,-9.385969037971311764e+02,2.191911214815053484e+02,1.984460346760097238e+01,-1.741785829698267918e+01,0.000000000000000000e+00,5.043572668878972820e+00,7.757550682482995619e+00
7.999469941278632632e+02,-9.403386896268294777e+02,2.191911214815053484e+02,1.984460346760097238e+01,-1.741785829698267918e+01,0.000000000000000000e+00,5.043572668878972820e+00,7.757550682482995619e+00
8.019314544746233651e+02,-9.420804754565277790e+02,2.191911214815053484e+02,1.984460346760097238e+01,-1.741785829698267918e+01,0.000000000000000000e+00,5.043572668878972820e+00,7.757550682482995619e+00
8.039159148213834669e+02,-9.438222612862260803e+02,2.191911214815053484e+02,1.984460346760097238e+01,-1.741785829698267918e+01,0.000000000000000000e+00,5.043572668878972820e+00,7.757550682482995619e+00
8.059003751681435688e+02,-9.455640471159243816e+02,2.191911214815053484e+02,1.984460346760097238e+01,-1.741785829698267918e+01,0.000000000000000000e+00,5.043572668878972820e+00,7.757550682482995619e+00
8.078848355149036706e+02,-9.473058329456226829e+02,2.191911214815053484e+02,1.984460346760097238e+01,-1.741785829698267918e+01,0.000000000000000000e+00,5.043572668878972820e+00,7.757550682482995619e+00
8.098692958616637725e+02,-9.490476187753209842e+02,2.191911214815053484e+02,1.984460346760097238e+01,-1.741785829698267918e+01,0.000000000000000000e+00,5.043572668878972820e+00,7.757550682482995619e+00
8.118537562084238743e+02,-9.507894046050192856e+02,2.191911214815053484e+02,1.984460346760097238e+01,-1.741785829698267918e+01,0.000000000000000000e+00,5.043572668878972820e+00,7.757550682482995619e+00
8.138382165551839762e+02,-9.525311904347175869e+02,2.191911214815053484e+02,1.984460346760097238e+01,-1.741785829698267918e+01,0.000000000000000000e+00,5.043572668878972820e+00,7.757550682482995619e+00
8.158226769019440781e+02,-9.542729762644158882e+02,2.191911214815053484e+02,1.984460346760097238e+01,-1.741785829698267918e+01,0.000000000000000000e+00,5.043572668878972820e+00,7.757550682482995619e+00
8.178071372487041799e+02,-9.560147620941141895e+02,2.191911214815053484e+02,1.984460346760097238e+01,-1.741785829698267918e+01,0.000000000000000000e+00,5.043572668878972820e+00,7.757550682482995619e+00
8.197915975954642818e+02,-9.577565479238124908e+02,2.191911214815053484e+02,1.984460346760097238e+01,-1.741785829698267918e+01,0.000000000000000000e+00,5.043572668878972820e+00,7.757550682482995619e+00
8.217760579422243836e+02,-9.594983337535107921e+02,2.191911214815053484e+02,1.984460346760097238e+01,-1.741785829698267918e+01,0.000000000000000000e+00,5.043572668878972820e+00,7.757550682482995619e+00
8.237605182889844855e+02,-9.612401195832090934e+02,2.191911214815053484e+02,1.984460346760097238e+01,-1.741785829698267918e+01,0.000000000000000000e+00,5.043572668878972820e+00,7.757550682482995619e+00
8.257449786357445873e+02,-9.629819054129073947e+02,2.191911214815053484e+02,1.984460346760097238e+01,-1.741785829698267918e+01,0.000000000000000000e+00,5.043572668878972820e+00,7.757550682482995619e+00
8.277294389825046892e+02,-9.647236912426056961e+02,2.191911214815053484e+02,1.984460346760097238e+01,-1.741785829698267918e+01,0.000000000000000000e+00,5.043572668878972820e+00,7.757550682482995619e+00
8.297138993292647910e+02,-9.664654770723039974e+02,2.191911214815053484e+02,1.984460346760097238e+01,-1.741785829698267918e+01,0.000000000000000000e+00,5.043572668878972820e+00,7.757550682482995619e+00
8.316983596760248929e+02,-9.682072629020022987e+02,2.191911214815053484e+02,1.984460346760097238e+01,-1.741785829698267918e+01,0.000000000000000000e+00,5.043572668878972820e+00,7.757550682482995619e+00
8.336828200227849948e+02,-9.699490487317006000e+02,2.191911214815053484e+02,1.984460346760097238e+01,-1.741785829698267918e+01,0.000000000000000000e+00,5.043572668878972820e+00,7.757550682482995619e+00
8.356672803695450966e+02,-9.716908345613989013e+02,2.191911214815053484e+02,1.984460346760097238e+01,-1.741785829698267918e+01,0.000000000000000000e+00,5.043572668878972820e+00,7.757550682482995619e+00
8.376517407163051985e+02,-9.734326203910972026e+02,2.191911214815053484e+02,1.984460346760097238e+01,-1.741785829698267918e+01,0.000000000000000000e+00,5.043572668878972820e+00,7.757550682482995619e+00
8.396362010630653003e+02,-9.751744062207955039e+02,2.191911214815053484e+02,1.984460346760097238e+01,-1.741785829698267918e+01,0.000000000000000000e+00,5.043572668878972820e+00,7.757550682482995619e+00
8.416206614098254022e+02,-9.769161920504938053e+02,2.191911214815053484e+02,1.984460346760097238e+01,-1.741785829698267918e+01,0.000000000000000000e+00,5.043572668878972820e+00,7.757550682482995619e+00
8.436051217565855040e+02,-9.786579778801921066e+02,2.191911214815053484e+02,1.984460346760097238e+01,-1.741785829698267918e+01,0.000000000000000000e+00,5.043572668878972820e+00,7.757550682482995619e+00
8.455895821033456059e+02,-9.803997637098904079e+02,2.191911214815053484e+02,1.984460346760097238e+01,-1.741785829698267918e+01,0.000000000000000000e+00,5.043572668878972820e+00,7.757550682482995619e+00
8.475740424501057078e+02,-9.821415495395887092e+02,2.191911214815053484e+02,1.984460346760097238e+01,-1.741785829698267918e+01,0.000000000000000000e+00,5.043572668878972820e+00,7.757550682482995619e+00
8.495585027968658096e+02,-9.838833353692870105e+02,2.191911214815053484e+02,1.984460346760097238e+01,-1.741785829698267918e+01,0.000000000000000000e+00,5.043572668878972820e+00,7.757550682482995619e+00
8.515429631436259115e+02,-9.856251211989853118e+02,2.191911214815053484e+02,1.984460346760097238e+01,-1.741785829698267918e+01,0.000000000000000000e+00,5.043572668878972820e+00,7.757550682482995619e+00
8.535274234903860133e+02,-9.873669070286836131e+02,2.191911214815053484e+02,1.984460346760097238e+01,-1.741785829698267918e+01,0.000000000000000000e+00,5.043572668878972820e+00,7.757550682482995619e+00
8.555118838371461152e+02,-9.891086928583819144e+02,2.191911214815053484e+02,1.984460346760097238e+01,-1.741785829698267918e+01,0.000000000000000000e+00,5.043572668878972820e+00,7.757550682482995619e+00
8.574963441839062170e+02,-9.908504786880802158e+02,2.191911214815053484e+02,1.984460346760097238e+01,-1.741785829698267918e+01,0.000000000000000000e+00,5.043572668878972820e+00,7.757550682482995619e+00
8.594808045306663189e+02,-9.925922645177785171e+02,2.191911214815053484e+02,1.984460346760097238e+01,-1.741785829698267918e+01,0.000000000000000000e+00,5.043572668878972820e+00,7.757550682482995619e+00
8.614652648774264208e+02,-9.943340503474768184e+02,2.191911214815053484e+02,1.984460346760097238e+01,-1.741785829698267918e+01,0.000000000000000000e+00,5.043572668878972820e+00,7.757550682482995619e+00
8.634497252241865226e+02,-9.960758361771751197e+02,2.191911214815053484e+02,1.984460346760097238e+01,-1.741785829698267918e+01,0.000000000000000000e+00,5.043572668878972820e+00,7.757550682482995619e+00
8.654341855709466245e+02,-9.978176220068734210e+02,2.191911214815053484e+02,1.984460346760097238e+01,-1.741785829698267918e+01,0.000000000000000000e+00,5.043572668878972820e+00,7.757550682482995619e+00
8.674186459177067263e+02,-9.995594078365717223e+02,2.191911214815053484e+02,1.984460346760097238e+01,-1.741785829698267918e+01,0.000000000000000000e+00,5.043572668878972820e+00,7.757550682482995619e+00
8.694031062644668282e+02,-1.001301193666270024e+03,2.191911214815053484e+02,1.984460346760097238e+01,-1.741785829698267918e+01,0.000000000000000000e+00,5.043572668878972820e+00,7.757550682482995619e+00
8.713875666112269300e+02,-1.003042979495968325e+03,2.191911214815053484e+02,1.984460346760097238e+01,-1.741785829698267918e+01,0.000000000000000000e+00,5.043572668878972820e+00,7.757550682482995619e+00
8.733720269579870319e+02,-1.004784765325666626e+03,2.191911214815053484e+02,1.984460346760097238e+01,-1.741785829698267918e+01,0.000000000000000000e+00,5.043572668878972820e+00,7.757550682482995619e+00
8.753564873047471337e+02,-1.006526551155364928e+03,2.191911214815053484e+02,1.984460346760097238e+01,-1.741785829698267918e+01,0.000000000000000000e+00,5.043572668878972820e+00,7.757550682482995619e+00
8.773409476515072356e+02,-1.008268336985063229e+03,2.191911214815053484e+02,1.984460346760097238e+01,-1.741785829698267918e+01,0.000000000000000000e+00,5.043572668878972820e+00,7.757550682482995619e+00
8.793254079982673375e+02,-1.010010122814761530e+03,2.191911214815053484e+02,1.984460346760097238e+01,-1.741785829698267918e+01,0.000000000000000000e+00,5.043572668878972820e+00,7.757550682482995619e+00
8.813098683450274393e+02,-1.011751908644459832e+03,2.191911214815053484e+02,1.984460346760097238e+01,-1.741785829698267918e+01,0.000000000000000000e+00,5.043572668878972820e+00,7.757550682482995619e+00
8.832943286917875412e+02,-1.013493694474158133e+03,2.191911214815053484e+02,1.984460346760097238e+01,-1.741785829698267918e+01,0.000000000000000000e+00,5.043572668878972820e+00,7.757550682482995619e+00
8.852787890385476430e+02,-1.015235480303856434e+03,2.191911214815053484e+02,1.984460346760097238e+01,-1.741785829698267918e+01,0.000000000000000000e+00,5.043572668878972820e+00,7.757550682482995619e+00
8.872632493853077449e+02,-1.016977266133554735e+03,2.191911214815053484e+02,1.984460346760097238e+01,-1.741785829698267918e+01,0.000000000000000000e+00,5.043572668878972820e+00,7.757550682482995619e+00
8.892477097320678467e+02,-1.018719051963253037e+03,2.191911214815053484e+02,1.984460346760097238e+01,-1.741785829698267918e+01,0.000000000000000000e+00,5.043572668878972820e+00,7.757550682482995619e+00
8.912321700788279486e+02,-1.020460837792951338e+03,2.191911214815053484e+02,1.984460346760097238e+01,-1.741785829698267918e+01,0.000000000000000000e+00,5.043572668878972820e+00,7.757550682482995619e+00
8.932166304255880505e+02,-1.022202623622649639e+03,2.191911214815053484e+02,1.984460346760097238e+01,-1.741785829698267918e+01,0.000000000000000000e+00,5.043572668878972820e+00,7.757550682482995619e+00
8.952010907723481523e+02,-1.023944409452347941e+03,2.191911214815053484e+02,1.984460346760097238e+01,-1.741785829698267918e+01,0.000000000000000000e+00,5.043572668878972820e+00,7.757550682482995619e+00
8.971855511191082542e+02,-1.025686195282046128e+03,2.191911214815053484e+02,1.984460346760097238e+01,-1.741785829698267918e+01,0.000000000000000000e+00,5.043572668878972820e+00,7.757550682482995619e+00
8.991700114658683560e+02,-1.027427981111744430e+03,2.191911214815053484e+02,1.984460346760097238e+01,-1.741785829698267918e+01,0.000000000000000000e+00,5.043572668878972820e+00,7.757550682482995619e+00
9.011544718126284579e+02,-1.029169766941442731e+03,2.191911214815053484e+02,1.984460346760097238e+01,-1.741785829698267918e+01,0.000000000000000000e+00,5.043572668878972820e+00,7.757550682482995619e+00
9.031389321593885597e+02,-1.030911552771141032e+03,2.191911214815053484e+02,1.984460346760097238e+01,-1.741785829698267918e+01,0.000000000000000000e+00,5.043572668878972820e+00,7.757550682482995619e+00
9.051233925061486616e+02,-1.032653338600839334e+03,2.191911214815053484e+02,1.984460346760097238e+01,-1.741785829698267918e+01,0.000000000000000000e+00,5.043572668878972820e+00,7.757550682482995619e+00
9.071078528529087635e+02,-1.034395124430537635e+03,2.191911214815053484e+02,1.984460346760097238e+01,-1.741785829698267918e+01,0.000000000000000000e+00,5.043572668878972820e+00,7.757550682482995619e+00
9.090923131996688653e+02,-1.036136910260235936e+03,2.191911214815053484e+02,1.984460346760097238e+01,-1.741785829698267918e+01,0.000000000000000000e+00,5.043572668878972820e+00,7.757550682482995619e+00
9.110767735464289672e+02,-1.037878696089934238e+03,2.191911214815053484e+02,1.984460346760097238e+01,-1.741785829698267918e+01,0.000000000000000000e+00,5.043572668878972820e+00,7.757550682482995619e+00
9.130612338931890690e+02,-1.039620481919632539e+03,2.191911214815053484e+02,1.984460346760097238e+01,-1.741785829698267918e+01,0.000000000000000000e+00,5.043572668878972820e+00,7.757550682482995619e+00
9.150456942399491709e+02,-1.041362267749330840e+03,2.191911214815053484e+02,1.984460346760097238e+01,-1.741785829698267918e+01,0.000000000000000000e+00,5.043572668878972820e+00,7.757550682482995619e+00
9.170301545867092727e+02,-1.043104053579029141e+03,2.191911214815053484e+02,1.984460346760097238e+01,-1.741785829698267918e+01,0.000000000000000000e+00,5.043572668878972820e+00,7.757550682482995619e+00
9.190146149334693746e+02,-1.044845839408727443e+03,2.191911214815053484e+02,1.984460346760097238e+01,-1.741785829698267918e+01,0.000000000000000000e+00,5.043572668878972820e+00,7.757550682482995619e+00
9.209990752802294764e+02,-1.046587625238425744e+03,2.191911214815053484e+02,1.984460346760097238e+01,-1.741785829698267918e+01,0.000000000000000000e+00,5.043572668878972820e+00,7.757550682482995619e+00
9.229835356269895783e+02,-1.048329411068124045e+03,2.191911214815053484e+02,1.984460346760097238e+01,-1.741785829698267918e+01,0.000000000000000000e+00,5.043572668878972820e+00,7.757550682482995619e+00
9.249679959737496802e+02,-1.050071196897822347e+03,2.191911214815053484e+02,1.984460346760097238e+01,-1.741785829698267918e+01,0.000000000000000000e+00,5.043572668878972820e+00,7.757550682482995619e+00
9.269524563205097820e+02,-1.051812982727520648e+03,2.191911214815053484e+02,1.984460346760097238e+01,-1.741785829698267918e+01,0.000000000000000000e+00,5.043572668878972820e+00,7.757550682482995619e+00
9.289369166672698839e+02,-1.053554768557218949e+03,2.191911214815053484e+02,1.984460346760097238e+01,-1.741785829698267918e+01,0.000000000000000000e+00,5.043572668878972820e+00,7.757550682482995619e+00
9.309213770140299857e+02,-1.055296554386917251e+03,2.191911214815053484e+02,1.984460346760097238e+01,-1.741785829698267918e+01,0.000000000000000000e+00,5.043572668878972820e+00,7.757550682482995619e+00
9.329058373607900876e+02,-1.057038340216615552e+03,2.191911214815053484e+02,1.984460346760097238e+01,-1.741785829698267918e+01,0.000000000000000000e+00,5.043572668878972820e+00,7.757550682482995619e+00
9.348902977075501894e+02,-1.058780126046313853e+03,2.191911214815053484e+02,1.984460346760097238e+01,-1.741785829698267918e+01,0.000000000000000000e+00,5.043572668878972820e+00,7.757550682482995619e+00
9.368747580543102913e+02,-1.060521911876012155e+03,2.191911214815053484e+02,1.984460346760097238e+01,-1.741785829698267918e+01,0.000000000000000000e+00,5.043572668878972820e+00,7.757550682482995619e+00
9.388592184010703932e+02,-1.062263697705710456e+03,2.191911214815053484e+02,1.984460346760097238e+01,-1.741785829698267918e+01,0.000000000000000000e+00,5.043572668878972820e+00,7.757550682482995619e+00
9.408436787478304950e+02,-1.064005483535408757e+03,2.191911214815053484e+02,1.984460346760097238e+01,-1.741785829698267918e+01,0.000000000000000000e+00,5.043572668878972820e+00,7.757550682482995619e+00
9.428281390945905969e+02,-1.065747269365107059e+03,2.191911214815053484e+02,1.984460346760097238e+01,-1.741785829698267918e+01,0.000000000000000000e+00,5.043572668878972820e+00,7.757550682482995619e+00
9.448125994413506987e+02,-1.067489055194805360e+03,2.191911214815053484e+02,1.984460346760097238e+01,-1.741785829698267918e+01,0.000000000000000000e+00,5.043572668878972820e+00,7.757550682482995619e+00
9.467970597881108006e+02,-1.069230841024503661e+03,2.191911214815053484e+02,1.984460346760097238e+01,-1.741785829698267918e+01,0.000000000000000000e+00,5.043572668878972820e+00,7.757550682482995619e+00
9.487815201348709024e+02,-1.070972626854201962e+03,2.191911214815053484e+02,1.984460346760097238e+01,-1.741785829698267918e+01,0.000000000000000000e+00,5.043572668878972820e+00,7.757550682482995619e+00
9.507659804816310043e+02,-1.072714412683900264e+03,2.191911214815053484e+02,1.984460346760097238e+01,-1.741785829698267918e+01,0.000000000000000000e+00,5.043572668878972820e+00,7.757550682482995619e+00
9.527504408283911062e+02,-1.074456198513598565e+03,2.191911214815053484e+02,1.984460346760097238e+01,-1.741785829698267918e+01,0.000000000000000000e+00,5.043572668878972820e+00,7.757550682482995619e+00
9.547349011751512080e+02,-1.076197984343296866e+03,2.191911214815053484e+02,1.984460346760097238e+01,-1.741785829698267918e+01,0.000000000000000000e+00,5.043572668878972820e+00,7.757550682482995619e+00
9.567193615219113099e+02,-1.077939770172995168e+03,2.191911214815053484e+02,1.984460346760097238e+01,-1.741785829698267918e+01,0.000000000000000000e+00,5.043572668878972820e+00,7.757550682482995619e+00
9.587038218686714117e+02,-1.079681556002693469e+03,2.191911214815053484e+02,1.984460346760097238e+01,-1.741785829698267918e+01,0.000000000000000000e+00,5.043572668878972820e+00,7.757550682482995619e+00
9.606882822154315136e+02,-1.081423341832391770e+03,2.191911214815053484e+02,1.984460346760097238e+01,-1.741785829698267918e+01,0.000000000000000000e+00,5.043572668878972820e+00,7.757550682482995619e+00
9.626727425621916154e+02,-1.083165127662090072e+03,2.191911214815053484e+02,1.984460346760097238e+01,-1.741785829698267918e+01,0.000000000000000000e+00,5.043572668878972820e+00,7.757550682482995619e+00
9.646572029089517173e+02,-1.084906913491788373e+03,2.191911214815053484e+02,1.984460346760097238e+01,-1.741785829698267918e+01,0.000000000000000000e+00,5.043572668878972820e+00,7.757550682482995619e+00
9.666416632557118191e+02,-1.086648699321486674e+03,2.191911214815053484e+02,1.984460346760097238e+01,-1.741785829698267918e+01,0.000000000000000000e+00,5.043572668878972820e+00,7.757550682482995619e+00
9.686261236024719210e+02,-1.088390485151184976e+03,2.191911214815053484e+02,1.984460346760097238e+01,-1.741785829698267918e+01,0.000000000000000000e+00,5.043572668878972820e+00,7.757550682482995619e+00
9.706105839492320229e+02,-1.090132270980883277e+03,2.191911214815053484e+02,1.984460346760097238e+01,-1.741785829698267918e+01,0.000000000000000000e+00,5.043572668878972820e+00,7.757550682482995619e+00
9.725950442959921247e+02,-1.091874056810581578e+03,2.191911214815053484e+02,1.984460346760097238e+01,-1.741785829698267918e+01,0.000000000000000000e+00,5.043572668878972820e+00,7.757550682482995619e+00
9.745795046427522266e+02,-1.093615842640279880e+03,2.191911214815053484e+02,1.984460346760097238e+01,-1.741785829698267918e+01,0.000000000000000000e+00,5.043572668878972820e+00,7.757550682482995619e+00
9.765639649895123284e+02,-1.095357628469978181e+03,2.191911214815053484e+02,1.984460346760097238e+01,-1.741785829698267918e+01,0.000000000000000000e+00,5.043572668878972820e+00,7.757550682482995619e+00
9.785484253362724303e+02,-1.097099414299676482e+03,2.191911214815053484e+02,1.984460346760097238e+01,-1.741785829698267918e+01,0.000000000000000000e+00,5.043572668878972820e+00,7.757550682482995619e+00
9.805328856830325321e+02,-1.098841200129374784e+03,2.191911214815053484e+02,1.984460346760097238e+01,-1.741785829698267918e+01,0.000000000000000000e+00,5.043572668878972820e+00,7.757550682482995619e+00
9.825173460297926340e+02,-1.100582985959073085e+03,2.191911214815053484e+02,1.984460346760097238e+01,-1.741785829698267918e+01,0.000000000000000000e+00,5.043572668878972820e+00,7.757550682482995619e+00
9.845018063765527359e+02,-1.102324771788771386e+03,2.191911214815053484e+02,1.984460346760097238e+01,-1.741785829698267918e+01,0.000000000000000000e+00,5.043572668878972820e+00,7.757550682482995619e+00
9.864862667233128377e+02,-1.104066557618469687e+03,2.191911214815053484e+02,1.984460346760097238e+01,-1.741785829698267918e+01,0.000000000000000000e+00,5.043572668878972820e+00,7.757550682482995619e+00
9.884707270700729396e+02,-1.105808343448167989e+03,2.191911214815053484e+02,1.984460346760097238e+01,-1.741785829698267918e+01,0.000000000000000000e+00,5.043572668878972820e+00,7.757550682482995619e+00
9.904551874168330414e+02,-1.107550129277866290e+03,2.191911214815053484e+02,1.984460346760097238e+01,-1.741785829698267918e+01,0.000000000000000000e+00,5.043572668878972820e+00,7.757550682482995619e+00
9.924396477635931433e+02,-1.109291915107564591e+03,2.191911214815053484e+02,1.984460346760097238e+01,-1.741785829698267918e+01,0.000000000000000000e+00,5.043572668878972820e+00,7.757550682482995619e+00
9.944241081103532451e+02,-1.111033700937262893e+03,2.191911214815053484e+02,1.984460346760097238e+01,-1.741785829698267918e+01,0.000000000000000000e+00,5.043572668878972820e+00,7.757550682482995619e+00
9.964085684571133470e+02,-1.112775486766961194e+03,2.191911214815053484e+02,1.984460346760097238e+01,-1.741785829698267918e+01,0.000000000000000000e+00,5.043572668878972820e+00,7.757550682482995619e+00
9.983930288038734489e+02,-1.114517272596659495e+03,2.191911214815053484e+02,1.984460346760097238e+01,-1.741785829698267918e+01,0.000000000000000000e+00,5.043572668878972820e+00,7.757550682482995619e+00
1.000377489150633551e+03,-1.116259058426357797e+03,2.191911214815053484e+02,1.984460346760097238e+01,-1.741785829698267918e+01,0.000000000000000000e+00,5.043572668878972820e+00,7.757550682482995619e+00
1.002361949497393653e+03,-1.118000844256056098e+03,2.191911214815053484e+02,1.984460346760097238e+01,-1.741785829698267918e+01,0.000000000000000000e+00,5.043572668878972820e+00,7.757550682482995619e+00
1.004346409844153754e+03,-1.119742630085754399e+03,2.191911214815053484e+02,1.984460346760097238e+01,-1.741785829698267918e+01,0.000000000000000000e+00,5.043572668878972820e+00,7.757550682482995619e+00
1.006330870190913856e+03,-1.121484415915452701e+03,2.191911214815053484e+02,1.984460346760097238e+01,-1.741785829698267918e+01,0.000000000000000000e+00,5.043572668878972820e+00,7.757550682482995619e+00
1.008315330537673958e+03,-1.123226201745151002e+03,2.191911214815053484e+02,1.984460346760097238e+01,-1.741785829698267918e+01,0.000000000000000000e+00,5.043572668878972820e+00,7.757550682482995619e+00
1.010299790884434060e+03,-1.124967987574849303e+03,2.191911214815053484e+02,1.984460346760097238e+01,-1.741785829698267918e+01,0.000000000000000000e+00,5.043572668878972820e+00,7.757550682482995619e+00
1.012284251231194162e+03,-1.126709773404547605e+03,2.191911214815053484e+02,1.984460346760097238e+01,-1.741785829698267918e+01,0.000000000000000000e+00,5.043572668878972820e+00,7.757550682482995619e+00
1.014268711577954264e+03,-1.128451559234245906e+03,2.191911214815053484e+02,1.984460346760097238e+01,-1.741785829698267918e+01,0.000000000000000000e+00,5.043572668878972820e+00,7.757550682482995619e+00
1.016253171924714366e+03,-1.130193345063944207e+03,2.191911214815053484e+02,1.984460346760097238e+01,-1.741785829698267918e+01,0.000000000000000000e+00,5.043572668878972820e+00,7.757550682482995619e+00
1.018237632271474467e+03,-1.131935130893642508e+03,2.191911214815053484e+02,1.984460346760097238e+01,-1.741785829698267918e+01,0.000000000000000000e+00,5.043572668878972820e+00,7.757550682482995619e+00
1.020222092618234569e+03,-1.133676916723340810e+03,2.191911214815053484e+02,1.984460346760097238e+01,-1.741785829698267918e+01,0.000000000000000000e+00,5.043572668878972820e+00,7.757550682482995619e+00
1.022206552964994671e+03,-1.135418702553039111e+03,2.191911214815053484e+02,1.984460346760097238e+01,-1.741785829698267918e+01,0.000000000000000000e+00,5.043572668878972820e+00,7.757550682482995619e+00
1.024191013311754659e+03,-1.137160488382737412e+03,2.191911214815053484e+02,1.984460346760097238e+01,-1.741785829698267918e+01,0.000000000000000000e+00,5.043572668878972820e+00,7.757550682482995619e+00
1.026175473658514647e+03,-1.138902274212435714e+03,2.191911214815053484e+02,1.984460346760097238e+01,-1.741785829698267918e+01,0.000000000000000000e+00,5.043572668878972820e+00,7.757550682482995619e+00
1.028159934005274636e+03,-1.140644060042134015e+03,2.191911214815053484e+02,1.984460346760097238e+01,-1.741785829698267918e+01,0.000000000000000000e+00,5.043572668878972820e+00,7.757550682482995619e+00
1.030144394352034624e+03,-1.142385845871832316e+03,2.191911214815053484e+02,1.984460346760097238e+01,-1.741785829698267918e+01,0.000000000000000000e+00,5.043572668878972820e+00,7.757550682482995619e+00
1.032128854698794612e+03,-1.144127631701530618e+03,2.191911214815053484e+02,1.984460346760097238e+01,-1.741785829698267918e+01,0.000000000000000000e+00,5.043572668878972820e+00,7.757550682482995619e+00
1.034113315045554600e+03,-1.145869417531228919e+03,2.191911214815053484e+02,1.984460346760097238e+01,-1.741785829698267918e+01,0.000000000000000000e+00,5.043572668878972820e+00,7.757550682482995619e+00
1.036097775392314588e+03,-1.147611203360927220e+03,2.191911214815053484e+02,1.984460346760097238e+01,-1.741785829698267918e+01,0.000000000000000000e+00,5.043572668878972820e+00,7.757550682482995619e+00
1.038082235739074576e+03,-1.149352989190625522e+03,2.191911214815053484e+02,1.984460346760097238e+01,-1.741785829698267918e+01,0.000000000000000000e+00,5.043572668878972820e+00,7.757550682482995619e+00
1.040066696085834565e+03,-1.151094775020323823e+03,2.191911214815053484e+02,1.984460346760097238e+01,-1.741785829698267918e+01,0.000000000000000000e+00,5.043572668878972820e+00,7.757550682482995619e+00
1.042051156432594553e+03,-1.152836560850022124e+03,2.191911214815053484e+02,1.984460346760097238e+01,-1.741785829698267918e+01,0.000000000000000000e+00,5.043572668878972820e+00,7.757550682482995619e+00
1.044035616779354541e+03,-1.154578346679720426e+03,2.191911214815053484e+02,1.984460346760097238e+01,-1.741785829698267918e+01,0.000000000000000000e+00,5.043572668878972820e+00,7.757550682482995619e+00
1.046020077126114529e+03,-1.156320132509418727e+03,2.191911214815053484e+02,1.984460346760097238e+01,-1.741785829698267918e+01,0.000000000000000000e+00,5.043572668878972820e+00,7.757550682482995619e+00
1.048004537472874517e+03,-1.158061918339117028e+03,2.191911214815053484e+02,1.984460346760097238e+01,-1.741785829698267918e+01,0.000000000000000000e+00,5.043572668878972820e+00,7.757550682482995619e+00
1.049988997819634506e+03,-1.159803704168815329e+03,2.191911214815053484e+02,1.984460346760097238e+01,-1.741785829698267918e+01,0.000000000000000000e+00,5.043572668878972820e+00,7.757550682482995619e+00
1.051973458166394494e+03,-1.161545489998513631e+03,2.191911214815053484e+02,1.984460346760097238e+01,-1.741785829698267918e+01,0.000000000000000000e+00,5.043572668878972820e+00,7.757550682482995619e+00
1.053957918513154482e+03,-1.163287275828211932e+03,2.191911214815053484e+02,1.984460346760097238e+01,-1.741785829698267918e+01,0.000000000000000000e+00,5.043572668878972820e+00,7.757550682482995619e+00
1.055942378859914470e+03,-1.165029061657910233e+03,2.191911214815053484e+02,1.984460346760097238e+01,-1.741785829698267918e+01,0.000000000000000000e+00,5.043572668878972820e+00,7.757550682482995619e+00
1.057926839206674458e+03,-1.166770847487608535e+03,2.191911214815053484e+02,1.984460346760097238e+01,-1.741785829698267918e+01,0.000000000000000000e+00,5.043572668878972820e+00,7.757550682482995619e+00
1.059911299553434446e+03,-1.168512633317306836e+03,2.191911214815053484e+02,1.984460346760097238e+01,-1.741785829698267918e+01,0.000000000000000000e+00,5.043572668878972820e+00,7.757550682482995619e+00
1.061895759900194435e+03,-1.170254419147005137e+03,2.191911214815053484e+02,1.984460346760097238e+01,-1.741785829698267918e+01,0.000000000000000000e+00,5.043572668878972820e+00,7.757550682482995619e+00
1.063880220246954423e+03,-1.171996204976703439e+03,2.191911214815053484e+02,1.984460346760097238e+01,-1.741785829698267918e+01,0.000000000000000000e+00,5.043572668878972820e+00,7.757550682482995619e+00
1.065864680593714411e+03,-1.173737990806401740e+03,2.191911214815053484e+02,1.984460346760097238e+01,-1.741785829698267918e+01,0.000000000000000000e+00,5.043572668878972820e+00,7.757550682482995619e+00
1.067849140940474399e+03,-1.175479776636100041e+03,2.191911214815053484e+02,1.984460346760097238e+01,-1.741785829698267918e+01,0.000000000000000000e+00,5.043572668878972820e+00,7.757550682482995619e+00
1.069833601287234387e+03,-1.177221562465798343e+03,2.191911214815053484e+02,1.984460346760097238e+01,-1.741785829698267918e+01,0.000000000000000000e+00,5.043572668878972820e+00,7.757550682482995619e+00
1.071818061633994375e+03,-1.178963348295496644e+03,2.191911214815053484e+02,1.984460346760097238e+01,-1.741785829698267918e+01,0.000000000000000000e+00,5.043572668878972820e+00,7.757550682482995619e+00
1.073802521980754364e+03,-1.180705134125194945e+03,2.191911214815053484e+02,1.984460346760097238e+01,-1.741785829698267918e+01,0.000000000000000000e+00,5.043572668878972820e+00,7.757550682482995619e+00
1.075786982327514352e+03,-1.182446919954893247e+03,2.191911214815053484e+02,1.984460346760097238e+01,-1.741785829698267918e+01,0.000000000000000000e+00,5.043572668878972820e+00,7.757550682482995619e+00
1.077771442674274340e+03,-1.184188705784591548e+03,2.191911214815053484e+02,1.984460346760097238e+01,-1.741785829698267918e+01,0.000000000000000000e+00,5.043572668878972820e+00,7.757550682482995619e+00
1.079755903021034328e+03,-1.185930491614289849e+03,2.191911214815053484e+02,1.984460346760097238e+01,-1.741785829698267918e+01,0.000000000000000000e+00,5.043572668878972820e+00,7.757550682482995619e+00
1.081740363367794316e+03,-1.187672277443988150e+03,2.191911214815053484e+02,1.984460346760097238e+01,-1.741785829698267918e+01,0.000000000000000000e+00,5.043572668878972820e+00,7.757550682482995619e+00
1.083724823714554304e+03,-1.189414063273686452e+03,2.191911214815053484e+02,1.984460346760097238e+01,-1.741785829698267918e+01,0.000000000000000000e+00,5.043572668878972820e+00,7.757550682482995619e+00
1.085709284061314293e+03,-1.191155849103384753e+03,2.191911214815053484e+02,1.984460346760097238e+01,-1.741785829698267918e+01,0.000000000000000000e+00,5.043572668878972820e+00,7.757550682482995619e+00
1.087693744408074281e+03,-1.192897634933083054e+03,2.191911214815053484e+02,1.984460346760097238e+01,-1.741785829698267918e+01,0.000000000000000000e+00,5.043572668878972820e+00,7.757550682482995619e+00
1.089678204754834269e+03,-1.194639420762781356e+03,2.191911214815053484e+02,1.984460346760097238e+01,-1.741785829698267918e+01,0.000000000000000000e+00,5.043572668878972820e+00,7.757550682482995619e+00
1.091662665101594257e+03,-1.196381206592479657e+03,2.191911214815053484e+02,1.984460346760097238e+01,-1.741785829698267918e+01,0.000000000000000000e+00,5.043572668878972820e+00,7.757550682482995619e+00
1.093647125448354245e+03,-1.198122992422177958e+03,2.191911214815053484e+02,1.984460346760097238e+01,-1.741785829698267918e+01,0.000000000000000000e+00,5.043572668878972820e+00,7.757550682482995619e+00
1.095631585795114233e+03,-1.199864778251876260e+03,2.191911214815053484e+02,1.984460346760097238e+01,-1.741785829698267918e+01,0.000000000000000000e+00,5.043572668878972820e+00,7.757550682482995619e+00
1.097616046141874222e+03,-1.201606564081574561e+03,2.191911214815053484e+02,1.984460346760097238e+01,-1.741785829698267918e+01,0.000000000000000000e+00,5.043572668878972820e+00,7.757550682482995619e+00
1.099600506488634210e+03,-1.203348349911272862e+03,2.191911214815053484e+02,1.984460346760097238e+01,-1.741785829698267918e+01,0.000000000000000000e+00,5.043572668878972820e+00,7.757550682482995619e+00
1.101584966835394198e+03,-1.205090135740971164e+03,2.191911214815053484e+02,1.984460346760097238e+01,-1.741785829698267918e+01,0.000000000000000000e+00,5.043572668878972820e+00,7.757550682482995619e+00
1.103569427182154186e+03,-1.206831921570669465e+03,2.191911214815053484e+02,1.984460346760097238e+01,-1.741785829698267918e+01,0.000000000000000000e+00,5.043572668878972820e+00,7.757550682482995619e+00
1.105553887528914174e+03,-1.208573707400367766e+03,2.191911214815053484e+02,1.984460346760097238e+01,-1.741785829698267918e+01,0.000000000000000000e+00,5.043572668878972820e+00,7.757550682482995619e+00
1.107538347875674162e+03,-1.210315493230066068e+03,2.191911214815053484e+02,1.984460346760097238e+01,-1.741785829698267918e+01,0.000000000000000000e+00,5.043572668878972820e+00,7.757550682482995619e+00
1.109522808222434151e+03,-1.212057279059764369e+03,2.191911214815053484e+02,1.984460346760097238e+01,-1.741785829698267918e+01,0.000000000000000000e+00,5.043572668878972820e+00,7.757550682482995619e+00
1.111507268569194139e+03,-1.213799064889462670e+03,2.191911214815053484e+02,1.984460346760097238e+01,-1.741785829698267918e+01,0.000000000000000000e+00,5.043572668878972820e+00,7.757550682482995619e+00
1.113491728915954127e+03,-1.215540850719160971e+03,2.191911214815053484e+02,1.984460346760097238e+01,-1.741785829698267918e+01,0.000000000000000000e+00,5.043572668878972820e+00,7.757550682482995619e+00
1.115476189262714115e+03,-1.217282636548859273e+03,2.191911214815053484e+02,1.984460346760097238e+01,-1.741785829698267918e+01,0.000000000000000000e+00,5.043572668878972820e+00,7.757550682482995619e+00
1.117460649609474103e+03,-1.219024422378557574e+03,2.191911214815053484e+02,1.984460346760097238e+01,-1.741785829698267918e+01,0.000000000000000000e+00,5.043572668878972820e+00,7.757550682482995619e+00
1.119445109956234091e+03,-1.220766208208255875e+03,2.191911214815053484e+02,1.984460346760097238e+01,-1.741785829698267918e+01,0.000000000000000000e+00,5.043572668878972820e+00,7.757550682482995619e+00
1.121429570302994080e+03,-1.222507994037954177e+03,2.191911214815053484e+02,1.984460346760097238e+01,-1.741785829698267918e+01,0.000000000000000000e+00,5.043572668878972820e+00,7.757550682482995619e+00
1.123414030649754068e+03,-1.224249779867652478e+03,2.191911214815053484e+02,1.984460346760097238e+01,-1.741785829698267918e+01,0.000000000000000000e+00,5.043572668878972820e+00,7.757550682482995619e+00
1.125398490996514056e+03,-1.225991565697350779e+03,2.191911214815053484e+02,1.984460346760097238e+01,-1.741785829698267918e+01,0.000000000000000000e+00,5.043572668878972820e+00,7.757550682482995619e+00
1.127382951343274044e+03,-1.227733351527049081e+03,2.191911214815053484e+02,1.984460346760097238e+01,-1.741785829698267918e+01,0.000000000000000000e+00,5.043572668878972820e+00,7.757550682482995619e+00
1.129367411690034032e+03,-1.229475137356747382e+03,2.191911214815053484e+02,1.984460346760097238e+01,-1.741785829698267918e+01,0.000000000000000000e+00,5.043572668878972820e+00,7.757550682482995619e+00
1.131351872036794020e+03,-1.231216923186445683e+03,2.191911214815053484e+02,1.984460346760097238e+01,-1.741785829698267918e+01,0.000000000000000000e+00,5.043572668878972820e+00,7.757550682482995619e+00
1.133336332383554009e+03,-1.232958709016143985e+03,2.191911214815053484e+02,1.984460346760097238e+01,-1.741785829698267918e+01,0.000000000000000000e+00,5.043572668878972820e+00,7.757550682482995619e+00
1.135320792730313997e+03,-1.234700494845842286e+03,2.191911214815053484e+02,1.984460346760097238e+01,-1.741785829698267918e+01,0.000000000000000000e+00,5.043572668878972820e+00,7.757550682482995619e+00
1.137305253077073985e+03,-1.236442280675540587e+03,2.191911214815053484e+02,1.984460346760097238e+01,-1.741785829698267918e+01,0.000000000000000000e+00,5.043572668878972820e+00,7.757550682482995619e+00
1.139289713423833973e+03,-1.238184066505238889e+03,2.191911214815053484e+02,1.984460346760097238e+01,-1.741785829698267918e+01,0.000000000000000000e+00,5.043572668878972820e+00,7.757550682482995619e+00
1.141274173770593961e+03,-1.239925852334937190e+03,2.191911214815053484e+02,1.984460346760097238e+01,-1.741785829698267918e+01,0.000000000000000000e+00,5.043572668878972820e+00,7.757550682482995619e+00
1.143258634117353949e+03,-1.241667638164635491e+03,2.191911214815053484e+02,1.984460346760097238e+01,-1.741785829698267918e+01,0.000000000000000000e+00,5.043572668878972820e+00,7.757550682482995619e+00
1.145243094464113938e+03,-1.243409423994333793e+03,2.191911214815053484e+02,1.984460346760097238e+01,-1.741785829698267918e+01,0.000000000000000000e+00,5.043572668878972820e+00,7.757550682482995619e+00
1.147227554810873926e+03,-1.245151209824032094e+03,2.191911214815053484e+02,1.984460346760097238e+01,-1.741785829698267918e+01,0.000000000000000000e+00,5.043572668878972820e+00,7.757550682482995619e+00
1.149212015157633914e+03,-1.246892995653730395e+03,2.191911214815053484e+02,1.984460346760097238e+01,-1.741785829698267918e+01,0.000000000000000000e+00,5.043572668878972820e+00,7.757550682482995619e+00
1.151196475504393902e+03,-1.248634781483428696e+03,2.191911214815053484e+02,1.984460346760097238e+01,-1.741785829698267918e+01,0.000000000000000000e+00,5.043572668878972820e+00,7.757550682482995619e+00
1.153180935851153890e+03,-1.250376567313126998e+03,2.191911214815053484e+02,1.984460346760097238e+01,-1.741785829698267918e+01,0.000000000000000000e+00,5.043572668878972820e+00,7.757550682482995619e+00
1.155165396197913878e+03,-1.252118353142825299e+03,2.191911214815053484e+02,1.984460346760097238e+01,-1.741785829698267918e+01,0.000000000000000000e+00,5.043572668878972820e+00,7.757550682482995619e+00
1.157149856544673867e+03,-1.253860138972523600e+03,2.191911214815053484e+02,1.984460346760097238e+01,-1.741785829698267918e+01,0.000000000000000000e+00,5.043572668878972820e+00,7.757550682482995619e+00
1.159134316891433855e+03,-1.255601924802221902e+03,2.191911214815053484e+02,1.984460346760097238e+01,-1.741785829698267918e+01,0.000000000000000000e+00,5.043572668878972820e+00,7.757550682482995619e+00
1.161118777238193843e+03,-1.257343710631920203e+03,2.191911214815053484e+02,1.984460346760097238e+01,-1.741785829698267918e+01,0.000000000000000000e+00,5.043572668878972820e+00,7.757550682482995619e+00
1.163103237584953831e+03,-1.259085496461618504e+03,2.191911214815053484e+02,1.984460346760097238e+01,-1.741785829698267918e+01,0.000000000000000000e+00,5.043572668878972820e+00,7.757550682482995619e+00
1.165087697931713819e+03,-1.260827282291316806e+03,2.191911214815053484e+02,1.984460346760097238e+01,-1.741785829698267918e+01,0.000000000000000000e+00,5.043572668878972820e+00,7.757550682482995619e+00
1.167072158278473808e+03,-1.262569068121015107e+03,2.191911214815053484e+02,1.984460346760097238e+01,-1.741785829698267918e+01,0.000000000000000000e+00,5.043572668878972820e+00,7.757550682482995619e+00
1.169056618625233796e+03,-1.264310853950713408e+03,2.191911214815053484e+02,1.984460346760097238e+01,-1.741785829698267918e+01,0.000000000000000000e+00,5.043572668878972820e+00,7.757550682482995619e+00
1.171041078971993784e+03,-1.266052639780411710e+03,2.191911214815053484e+02,1.984460346760097238e+01,-1.741785829698267918e+01,0.000000000000000000e+00,5.043572668878972820e+00,7.757550682482995619e+00
1.173025539318753772e+03,-1.267794425610110011e+03,2.191911214815053484e+02,1.984460346760097238e+01,-1.741785829698267918e+01,0.000000000000000000e+00,5.043572668878972820e+00,7.757550682482995619e+00
1.175009999665513760e+03,-1.269536211439808312e+03,2.191911214815053484e+02,1.984460346760097238e+01,-1.741785829698267918e+01,0.000000000000000000e+00,5.043572668878972820e+00,7.757550682482995619e+00
1.176994460012273748e+03,-1.271277997269506614e+03,2.191911214815053484e+02,1.984460346760097238e+01,-1.741785829698267918e+01,0.000000000000000000e+00,5.043572668878972820e+00,7.757550682482995619e+00
1.178978920359033737e+03,-1.273019783099204915e+03,2.191911214815053484e+02,1.984460346760097238e+01,-1.741785829698267918e+01,0.000000000000000000e+00,5.043572668878972820e+00,7.757550682482995619e+00
1.180963380705793725e+03,-1.274761568928903216e+03,2.191911214815053484e+02,1.984460346760097238e+01,-1.741785829698267918e+01,0.000000000000000000e+00,5.043572668878972820e+00,7.757550682482995619e+00
1.182947841052553713e+03,-1.276503354758601517e+03,2.191911214815053484e+02,1.984460346760097238e+01,-1.741785829698267918e+01,0.000000000000000000e+00,5.043572668878972820e+00,7.757550682482995619e+00
1.184932301399313701e+03,-1.278245140588299819e+03,2.191911214815053484e+02,1.984460346760097238e+01,-1.741785829698267918e+01,0.000000000000000000e+00,5.043572668878972820e+00,7.757550682482995619e+00
1.186916761746073689e+03,-1.279986926417998120e+03,2.191911214815053484e+02,1.984460346760097238e+01,-1.741785829698267918e+01,0.000000000000000000e+00,5.043572668878972820e+00,7.757550682482995619e+00
1.188901222092833677e+03,-1.281728712247696421e+03,2.191911214815053484e+02,1.984460346760097238e+01,-1.741785829698267918e+01,0.000000000000000000e+00,5.043572668878972820e+00,7.757550682482995619e+00
1.190885682439593666e+03,-1.283470498077394723e+03,2.191911214815053484e+02,1.984460346760097238e+01,-1.741785829698267918e+01,0.000000000000000000e+00,5.043572668878972820e+00,7.757550682482995619e+00
1.192870142786353654e+03,-1.285212283907093024e+03,2.191911214815053484e+02,1.984460346760097238e+01,-1.741785829698267918e+01,0.000000000000000000e+00,5.043572668878972820e+00,7.757550682482995619e+00
1.194854603133113642e+03,-1.286954069736791325e+03,2.191911214815053484e+02,1.984460346760097238e+01,-1.741785829698267918e+01,0.000000000000000000e+00,5.043572668878972820e+00,7.757550682482995619e+00
1.196839063479873630e+03,-1.288695855566489627e+03,2.191911214815053484e+02,1.984460346760097238e+01,-1.741785829698267918e+01,0.000000000000000000e+00,5.043572668878972820e+00,7.757550682482995619e+00
1.198823523826633618e+03,-1.290437641396187928e+03,2.191911214815053484e+02,1.984460346760097238e+01,-1.741785829698267918e+01,0.000000000000000000e+00,5.043572668878972820e+00,7.757550682482995619e+00
1.200807984173393606e+03,-1.292179427225886229e+03,2.191911214815053484e+02,1.984460346760097238e+01,-1.741785829698267918e+01,0.000000000000000000e+00,5.043572668878972820e+00,7.757550682482995619e+00
1.202792444520153595e+03,-1.293921213055584531e+03,2.191911214815053484e+02,1.984460346760097238e+01,-1.741785829698267918e+01,0.000000000000000000e+00,5.043572668878972820e+00,7.757550682482995619e+00
1.204776904866913583e+03,-1.295662998885282832e+03,2.191911214815053484e+02,1.984460346760097238e+01,-1.741785829698267918e+01,0.000000000000000000e+00,5.043572668878972820e+00,7.757550682482995619e+00
1.206761365213673571e+03,-1.297404784714981133e+03,2.191911214815053484e+02,1.984460346760097238e+01,-1.741785829698267918e+01,0.000000000000000000e+00,5.043572668878972820e+00,7.757550682482995619e+00
1.208745825560433559e+03,-1.299146570544679435e+03,2.191911214815053484e+02,1.984460346760097238e+01,-1.741785829698267918e+01,0.000000000000000000e+00,5.043572668878972820e+00,7.757550682482995619e+00
1.210730285907193547e+03,-1.300888356374377736e+03,2.191911214815053484e+02,1.984460346760097238e+01,-1.741785829698267918e+01,0.000000000000000000e+00,5.043572668878972820e+00,7.757550682482995619e+00
1.212714746253953535e+03,-1.302630142204076037e+03,2.191911214815053484e+02,1.984460346760097238e+01,-1.741785829698267918e+01,0.000000000000000000e+00,5.043572668878972820e+00,7.757550682482995619e+00
1.214699206600713524e+03,-1.304371928033774338e+03,2.191911214815053484e+02,1.984460346760097238e+01,-1.741785829698267918e+01,0.000000000000000000e+00,5.043572668878972820e+00,7.757550682482995619e+00
1.216683666947473512e+03,-1.306113713863472640e+03,2.191911214815053484e+02,1.984460346760097238e+01,-1.741785829698267918e+01,0.000000000000000000e+00,5.043572668878972820e+00,7.757550682482995619e+00
1.218668127294233500e+03,-1.307855499693170941e+03,2.191911214815053484e+02,1.984460346760097238e+01,-1.741785829698267918e+01,0.000000000000000000e+00,5.043572668878972820e+00,7.757550682482995619e+00
1.220652587640993488e+03,-1.309597285522869242e+03,2.191911214815053484e+02,1.984460346760097238e+01,-1.741785829698267918e+01,0.000000000000000000e+00,5.043572668878972820e+00,7.757550682482995619e+00
1.222637047987753476e+03,-1.311339071352567544e+03,2.191911214815053484e+02,1.984460346760097238e+01,-1.741785829698267918e+01,0.000000000000000000e+00,5.043572668878972820e+00,7.757550682482995619e+00
1.224621508334513464e+03,-1.313080857182265845e+03,2.191911214815053484e+02,1.984460346760097238e+01,-1.741785829698267918e+01,0.000000000000000000e+00,5.043572668878972820e+00,7.757550682482995619e+00
1.226605968681273453e+03,-1.314822643011964146e+03,2.191911214815053484e+02,1.984460346760097238e+01,-1.741785829698267918e+01,0.000000000000000000e+00,5.043572668878972820e+00,7.757550682482995619e+00
1.228590429028033441e+03,-1.316564428841662448e+03,2.191911214815053484e+02,1.984460346760097238e+01,-1.741785829698267918e+01,0.000000000000000000e+00,5.043572668878972820e+00,7.757550682482995619e+00
1.230574889374793429e+03,-1.318306214671360749e+03,2.191911214815053484e+02,1.984460346760097238e+01,-1.741785829698267918e+01,0.000000000000000000e+00,5.043572668878972820e+00,7.757550682482995619e+00
1.232559349721553417e+03,-1.320048000501059050e+03,2.191911214815053484e+02,1.984460346760097238e+01,-1.741785829698267918e+01,0.000000000000000000e+00,5.043572668878972820e+00,7.757550682482995619e+00
1.234543810068313405e+03,-1.321789786330757352e+03,2.191911214815053484e+02,1.984460346760097238e+01,-1.741785829698267918e+01,0.000000000000000000e+00,5.043572668878972820e+00,7.757550682482995619e+00
1.236528270415073393e+03,-1.323531572160455653e+03,2.191911214815053484e+02,1.984460346760097238e+01,-1.741785829698267918e+01,0.000000000000000000e+00,5.043572668878972820e+00,7.757550682482995619e+00
1.238512730761833382e+03,-1.325273357990153954e+03,2.191911214815053484e+02,1.984460346760097238e+01,-1.741785829698267918e+01,0.000000000000000000e+00,5.043572668878972820e+00,7.757550682482995619e+00
1.240497191108593370e+03,-1.327015143819852256e+03,2.191911214815053484e+02,1.984460346760097238e+01,-1.741785829698267918e+01,0.000000000000000000e+00,5.043572668878972820e+00,7.757550682482995619e+00
1.242481651455353358e+03,-1.328756929649550557e+03,2.191911214815053484e+02,1.984460346760097238e+01,-1.741785829698267918e+01,0.000000000000000000e+00,5.043572668878972820e+00,7.757550682482995619e+00
1.244466111802113346e+03,-1.330498715479248858e+03,2.191911214815053484e+02,1.984460346760097238e+01,-1.741785829698267918e+01,0.000000000000000000e+00,5.043572668878972820e+00,7.757550682482995619e+00
1.246450572148873334e+03,-1.332240501308947159e+03,2.191911214815053484e+02,1.984460346760097238e+01,-1.741785829698267918e+01,0.000000000000000000e+00,5.043572668878972820e+00,7.757550682482995619e+00
1.248435032495633322e+03,-1.333982287138645461e+03,2.191911214815053484e+02,1.984460346760097238e+01,-1.741785829698267918e+01,0.000000000000000000e+00,5.043572668878972820e+00,7.757550682482995619e+00
1.250419492842393311e+03,-1.335724072968343762e+03,2.191911214815053484e+02,1.984460346760097238e+01,-1.741785829698267918e+01,0.000000000000000000e+00,5.043572668878972820e+00,7.757550682482995619e+00
1.252403953189153299e+03,-1.337465858798042063e+03,2.191911214815053484e+02,1.984460346760097238e+01,-1.741785829698267918e+01,0.000000000000000000e+00,5.043572668878972820e+00,7.757550682482995619e+00
1.254388413535913287e+03,-1.339207644627740365e+03,2.191911214815053484e+02,1.984460346760097238e+01,-1.741785829698267918e+01,0.000000000000000000e+00,5.043572668878972820e+00,7.757550682482995619e+00
1.256372873882673275e+03,-1.340949430457438666e+03,2.191911214815053484e+02,1.984460346760097238e+01,-1.741785829698267918e+01,0.000000000000000000e+00,5.043572668878972820e+00,7.757550682482995619e+00
1.258357334229433263e+03,-1.342691216287136967e+03,2.191911214815053484e+02,1.984460346760097238e+01,-1.741785829698267918e+01,0.000000000000000000e+00,5.043572668878972820e+00,7.757550682482995619e+00
1.260341794576193251e+03,-1.344433002116835269e+03,2.191911214815053484e+02,1.984460346760097238e+01,-1.741785829698267918e+01,0.000000000000000000e+00,5.043572668878972820e+00,7.757550682482995619e+00
1.262326254922953240e+03,-1.346174787946533570e+03,2.191911214815053484e+02,1.984460346760097238e+01,-1.741785829698267918e+01,0.000000000000000000e+00,5.043572668878972820e+00,7.757550682482995619e+00
1.264310715269713228e+03,-1.347916573776231871e+03,2.191911214815053484e+02,1.984460346760097238e+01,-1.741785829698267918e+01,0.000000000000000000e+00,5.043572668878972820e+00,7.757550682482995619e+00
1.266295175616473216e+03,-1.349658359605930173e+03,2.191911214815053484e+02,1.984460346760097238e+01,-1.741785829698267918e+01,0.000000000000000000e+00,5.043572668878972820e+00,7.757550682482995619e+00
1.268279635963233204e+03,-1.351400145435628474e+03,2.191911214815053484e+02,1.984460346760097238e+01,-1.741785829698267918e+01,0.000000000000000000e+00,5.043572668878972820e+00,7.757550682482995619e+00
1.270264096309993192e+03,-1.353141931265326775e+03,2.191911214815053484e+02,1.984460346760097238e+01,-1.741785829698267918e+01,0.000000000000000000e+00,5.043572668878972820e+00,7.757550682482995619e+00
1.272248556656753181e+03,-1.354883717095025077e+03,2.191911214815053484e+02,1.984460346760097238e+01,-1.741785829698267918e+01,0.000000000000000000e+00,5.043572668878972820e+00,7.757550682482995619e+00
1.274233017003513169e+03,-1.356625502924723378e+03,2.191911214815053484e+02,1.984460346760097238e+01,-1.741785829698267918e+01,0.000000000000000000e+00,5.043572668878972820e+00,7.757550682482995619e+00
1.276217477350273157e+03,-1.358367288754421679e+03,2.191911214815053484e+02,1.984460346760097238e+01,-1.741785829698267918e+01,0.000000000000000000e+00,5.043572668878972820e+00,7.757550682482995619e+00
1.278201937697033145e+03,-1.360109074584119980e+03,2.191911214815053484e+02,1.984460346760097238e+01,-1.741785829698267918e+01,0.000000000000000000e+00,5.043572668878972820e+00,7.757550682482995619e+00
1.280186398043793133e+03,-1.361850860413818282e+03,2.191911214815053484e+02,1.984460346760097238e+01,-1.741785829698267918e+01,0.000000000000000000e+00,5.043572668878972820e+00,7.757550682482995619e+00
1.282170858390553121e+03,-1.363592646243516583e+03,2.191911214815053484e+02,1.984460346760097238e+01,-1.741785829698267918e+01,0.000000000000000000e+00,5.043572668878972820e+00,7.757550682482995619e+00
1.284155318737313110e+03,-1.365334432073214884e+03,2.191911214815053484e+02,1.984460346760097238e+01,-1.741785829698267918e+01,0.000000000000000000e+00,5.043572668878972820e+00,7.757550682482995619e+00
1.286139779084073098e+03,-1.367076217902913186e+03,2.191911214815053484e+02,1.984460346760097238e+01,-1.741785829698267918e+01,0.000000000000000000e+00,5.043572668878972820e+00,7.757550682482995619e+00
1.288124239430833086e+03,-1.368818003732611487e+03,2.191911214815053484e+02,1.984460346760097238e+01,-1.741785829698267918e+01,0.000000000000000000e+00,5.043572668878972820e+00,7.757550682482995619e+00
1.290108699777593074e+03,-1.370559789562309788e+03,2.191911214815053484e+02,1.984460346760097238e+01,-1.741785829698267918e+01,0.000000000000000000e+00,5.043572668878972820e+00,7.757550682482995619e+00
1.292093160124353062e+03,-1.372301575392008090e+03,2.191911214815053484e+02,1.984460346760097238e+01,-1.741785829698267918e+01,0.000000000000000000e+00,5.043572668878972820e+00,7.757550682482995619e+00
1.294077620471113050e+03,-1.374043361221706391e+03,2.191911214815053484e+02,1.984460346760097238e+01,-1.741785829698267918e+01,0.000000000000000000e+00,5.043572668878972820e+00,7.757550682482995619e+00
1.296062080817873039e+03,-1.375785147051404692e+03,2.191911214815053484e+02,1.984460346760097238e+01,-1.741785829698267918e+01,0.000000000000000000e+00,5.043572668878972820e+00,7.757550682482995619e+00
1.298046541164633027e+03,-1.377526932881102994e+03,2.191911214815053484e+02,1.984460346760097238e+01,-1.741785829698267918e+01,0.000000000000000000e+00,5.043572668878972820e+00,7.757550682482995619e+00
1.300031001511393015e+03,-1.379268718710801295e+03,2.191911214815053484e+02,1.984460346760097238e+01,-1.741785829698267918e+01,0.000000000000000000e+00,5.043572668878972820e+00,7.757550682482995619e+00
1.302015461858153003e+03,-1.381010504540499596e+03,2.191911214815053484e+02,1.984460346760097238e+01,-1.741785829698267918e+01,0.000000000000000000e+00,5.043572668878972820e+00,7.757550682482995619e+00
1.303999922204912991e+03,-1.382752290370197898e+03,2.191911214815053484e+02,1.984460346760097238e+01,-1.741785829698267918e+01,0.000000000000000000e+00,5.043572668878972820e+00,7.757550682482995619e+00
1.305984382551672979e+03,-1.384494076199896199e+03,2.191911214815053484e+02,1.984460346760097238e+01,-1.741785829698267918e+01,0.000000000000000000e+00,5.043572668878972820e+00,7.757550682482995619e+00
1.307968842898432968e+03,-1.386235862029594500e+03,2.191911214815053484e+02,1.984460346760097238e+01,-1.741785829698267918e+01,0.000000000000000000e+00,5.043572668878972820e+00,7.757550682482995619e+00
1.309953303245192956e+03,-1.387977647859292802e+03,2.191911214815053484e+02,1.984460346760097238e+01,-1.741785829698267918e+01,0.000000000000000000e+00,5.043572668878972820e+00,7.757550682482995619e+00
1.311937763591952944e+03,-1.389719433688991103e+03,2.191911214815053484e+02,1.984460346760097238e+01,-1.741785829698267918e+01,0.000000000000000000e+00,5.043572668878972820e+00,7.757550682482995619e+00
1.313922223938712932e+03,-1.391461219518689404e+03,2.191911214815053484e+02,1.984460346760097238e+01,-1.741785829698267918e+01,0.000000000000000000e+00,5.043572668878972820e+00,7.757550682482995619e+00
1.315906684285472920e+03,-1.393203005348387705e+03,2.191911214815053484e+02,1.984460346760097238e+01,-1.741785829698267918e+01,0.000000000000000000e+00,5.043572668878972820e+00,7.757550682482995619e+00
1.317891144632232908e+03,-1.394944791178086007e+03,2.191911214815053484e+02,1.984460346760097238e+01,-1.741785829698267918e+01,0.000000000000000000e+00,5.043572668878972820e+00,7.757550682482995619e+00
1.319875604978992897e+03,-1.396686577007784308e+03,2.191911214815053484e+02,1.984460346760097238e+01,-1.741785829698267918e+01,0.000000000000000000e+00,5.043572668878972820e+00,7.757550682482995619e+00
1.321860065325752885e+03,-1.398428362837482609e+03,2.191911214815053484e+02,1.984460346760097238e+01,-1.741785829698267918e+01,0.000000000000000000e+00,5.043572668878972820e+00,7.757550682482995619e+00
1.323844525672512873e+03,-1.400170148667180911e+03,2.191911214815053484e+02,1.984460346760097238e+01,-1.741785829698267918e+01,0.000000000000000000e+00,5.043572668878972820e+00,7.757550682482995619e+00
1.325828986019272861e+03,-1.401911934496879212e+03,2.191911214815053484e+02,1.984460346760097238e+01,-1.741785829698267918e+01,0.000000000000000000e+00,5.043572668878972820e+00,7.757550682482995619e+00
1.327813446366032849e+03,-1.403653720326577513e+03,2.191911214815053484e+02,1.984460346760097238e+01,-1.741785829698267918e+01,0.000000000000000000e+00,5.043572668878972820e+00,7.757550682482995619e+00
1.329797906712792837e+03,-1.405395506156275815e+03,2.191911214815053484e+02,1.984460346760097238e+01,-1.741785829698267918e+01,0.000000000000000000e+00,5.043572668878972820e+00,7.757550682482995619e+00
1.331782367059552826e+03,-1.407137291985974116e+03,2.191911214815053484e+02,1.984460346760097238e+01,-1.741785829698267918e+01,0.000000000000000000e+00,5.043572668878972820e+00,7.757550682482995619e+00
1.333766827406312814e+03,-1.408879077815672417e+03,2.191911214815053484e+02,1.984460346760097238e+01,-1.741785829698267918e+01,0.000000000000000000e+00,5.043572668878972820e+00,7.757550682482995619e+00
1.335751287753072802e+03,-1.410620863645370719e+03,2.191911214815053484e+02,1.984460346760097238e+01,-1.741785829698267918e+01,0.000000000000000000e+00,5.043572668878972820e+00,7.757550682482995619e+00
1.337735748099832790e+03,-1.412362649475069020e+03,2.191911214815053484e+02,1.984460346760097238e+01,-1.741785829698267918e+01,0.000000000000000000e+00,5.043572668878972820e+00,7.757550682482995619e+00
1.339720208446592778e+03,-1.414104435304767321e+03,2.191911214815053484e+02,1.984460346760097238e+01,-1.741785829698267918e+01,0.000000000000000000e+00,5.043572668878972820e+00,7.757550682482995619e+00
1.341704668793352766e+03,-1.415846221134465623e+03,2.191911214815053484e+02,1.984460346760097238e+01,-1.741785829698267918e+01,0.000000000000000000e+00,5.043572668878972820e+00,7.757550682482995619e+00
1.343689129140112755e+03,-1.417588006964163924e+03,2.191911214815053484e+02,1.984460346760097238e+01,-1.741785829698267918e+01,0.000000000000000000e+00,5.043572668878972820e+00,7.757550682482995619e+00
1.345673589486872743e+03,-1.419329792793862225e+03,2.191911214815053484e+02,1.984460346760097238e+01,-1.741785829698267918e+01,0.000000000000000000e+00,5.043572668878972820e+00,7.757550682482995619e+00
1.347658049833632731e+03,-1.421071578623560526e+03,2.191911214815053484e+02,1.984460346760097238e+01,-1.741785829698267918e+01,0.000000000000000000e+00,5.043572668878972820e+00,7.757550682482995619e+00
1.349642510180392719e+03,-1.422813364453258828e+03,2.191911214815053484e+02,1.984460346760097238e+01,-1.741785829698267918e+01,0.000000000000000000e+00,5.043572668878972820e+00,7.757550682482995619e+00
1.351626970527152707e+03,-1.424555150282957129e+03,2.191911214815053484e+02,1.984460346760097238e+01,-1.741785829698267918e+01,0.000000000000000000e+00,5.043572668878972820e+00,7.757550682482995619e+00
1.353611430873912695e+03,-1.426296936112655430e+03,2.191911214815053484e+02,1.984460346760097238e+01,-1.741785829698267918e+01,0.000000000000000000e+00,5.043572668878972820e+00,7.757550682482995619e+00
1.355595891220672684e+03,-1.428038721942353732e+03,2.191911214815053484e+02,1.984460346760097238e+01,-1.741785829698267918e+01,0.000000000000000000e+00,5.043572668878972820e+00,7.757550682482995619e+00
1.357580351567432672e+03,-1.429780507772052033e+03,2.191911214815053484e+02,1.984460346760097238e+01,-1.741785829698267918e+01,0.000000000000000000e+00,5.043572668878972820e+00,7.757550682482995619e+00
1.359564811914192660e+03,-1.431522293601750334e+03,2.191911214815053484e+02,1.984460346760097238e+01,-1.741785829698267918e+01,0.000000000000000000e+00,5.043572668878972820e+00,7.757550682482995619e+00
1.361549272260952648e+03,-1.433264079431448636e+03,2.191911214815053484e+02,1.984460346760097238e+01,-1.741785829698267918e+01,0.000000000000000000e+00,5.043572668878972820e+00,7.757550682482995619e+00
1.363533732607712636e+03,-1.435005865261146937e+03,2.191911214815053484e+02,1.984460346760097238e+01,-1.741785829698267918e+01,0.000000000000000000e+00,5.043572668878972820e+00,7.757550682482995619e+00
1.365518192954472624e+03,-1.436747651090845238e+03,2.191911214815053484e+02,1.984460346760097238e+01,-1.741785829698267918e+01,0.000000000000000000e+00,5.043572668878972820e+00,7.757550682482995619e+00
1.367502653301232613e+03,-1.438489436920543540e+03,2.191911214815053484e+02,1.984460346760097238e+01,-1.741785829698267918e+01,0.000000000000000000e+00,5.043572668878972820e+00,7.757550682482995619e+00
1.369487113647992601e+03,-1.440231222750241841e+03,2.191911214815053484e+02,1.984460346760097238e+01,-1.741785829698267918e+01,0.000000000000000000e+00,5.043572668878972820e+00,7.757550682482995619e+00
1.371471573994752589e+03,-1.441973008579940142e+03,2.191911214815053484e+02,1.984460346760097238e+01,-1.741785829698267918e+01,0.000000000000000000e+00,5.043572668878972820e+00,7.757550682482995619e+00
1.373456034341512577e+03,-1.443714794409638444e+03,2.191911214815053484e+02,1.984460346760097238e+01,-1.741785829698267918e+01,0.000000000000000000e+00,5.043572668878972820e+00,7.757550682482995619e+00
1.375440494688272565e+03,-1.445456580239336745e+03,2.191911214815053484e+02,1.984460346760097238e+01,-1.741785829698267918e+01,0.000000000000000000e+00,5.043572668878972820e+00,7.757550682482995619e+00
1.377424955035032553e+03,-1.447198366069035046e+03,2.191911214815053484e+02,1.984460346760097238e+01,-1.741785829698267918e+01,0.000000000000000000e+00,5.043572668878972820e+00,7.757550682482995619e+00
1.379409415381792542e+03,-1.448940151898733347e+03,2.191911214815053484e+02,1.984460346760097238e+01,-1.741785829698267918e+01,0.000000000000000000e+00,5.043572668878972820e+00,7.757550682482995619e+00
1.381393875728552530e+03,-1.450681937728431649e+03,2.191911214815053484e+02,1.984460346760097238e+01,-1.741785829698267918e+01,0.000000000000000000e+00,5.043572668878972820e+00,7.757550682482995619e+00
1.383378336075312518e+03,-1.452423723558129950e+03,2.191911214815053484e+02,1.984460346760097238e+01,-1.741785829698267918e+01,0.000000000000000000e+00,5.043572668878972820e+00,7.757550682482995619e+00
1.385362796422072506e+03,-1.454165509387828251e+03,2.191911214815053484e+02,1.984460346760097238e+01,-1.741785829698267918e+01,0.000000000000000000e+00,5.043572668878972820e+00,7.757550682482995619e+00
1.387347256768832494e+03,-1.455907295217526553e+03,2.191911214815053484e+02,1.984460346760097238e+01,-1.741785829698267918e+01,0.000000000000000000e+00,5.043572668878972820e+00,7.757550682482995619e+00
1.389331717115592483e+03,-1.457649081047224854e+03,2.191911214815053484e+02,1.984460346760097238e+01,-1.741785829698267918e+01,0.000000000000000000e+00,5.043572668878972820e+00,7.757550682482995619e+00
1.391316177462352471e+03,-1.459390866876923155e+03,2.191911214815053484e+02,1.984460346760097238e+01,-1.741785829698267918e+01,0.000000000000000000e+00,5.043572668878972820e+00,7.757550682482995619e+00
1.393300637809112459e+03,-1.461132652706621457e+03,2.191911214815053484e+02,1.984460346760097238e+01,-1.741785829698267918e+01,0.000000000000000000e+00,5.043572668878972820e+00,7.757550682482995619e+00
1.395285098155872447e+03,-1.462874438536319758e+03,2.191911214815053484e+02,1.984460346760097238e+01,-1.741785829698267918e+01,0.000000000000000000e+00,5.043572668878972820e+00,7.757550682482995619e+00
1.397269558502632435e+03,-1.464616224366018059e+03,2.191911214815053484e+02,1.984460346760097238e+01,-1.741785829698267918e+01,0.000000000000000000e+00,5.043572668878972820e+00,7.757550682482995619e+00
1.399254018849392423e+03,-1.466358010195716361e+03,2.191911214815053484e+02,1.984460346760097238e+01,-1.741785829698267918e+01,0.000000000000000000e+00,5.043572668878972820e+00,7.757550682482995619e+00
1.401238479196152412e+03,-1.468099796025414662e+03,2.191911214815053484e+02,1.984460346760097238e+01,-1.741785829698267918e+01,0.000000000000000000e+00,5.043572668878972820e+00,7.757550682482995619e+00
1.403222939542912400e+03,-1.469841581855112963e+03,2.191911214815053484e+02,1.984460346760097238e+01,-1.741785829698267918e+01,0.000000000000000000e+00,5.043572668878972820e+00,7.757550682482995619e+00
1.405207399889672388e+03,-1.471583367684811265e+03,2.191911214815053484e+02,1.984460346760097238e+01,-1.741785829698267918e+01,0.000000000000000000e+00,5.043572668878972820e+00,7.757550682482995619e+00
1.407191860236432376e+03,-1.473325153514509566e+03,2.191911214815053484e+02,1.984460346760097238e+01,-1.741785829698267918e+01,0.000000000000000000e+00,5.043572668878972820e+00,7.757550682482995619e+00
1.409176320583192364e+03,-1.475066939344207867e+03,2.191911214815053484e+02,1.984460346760097238e+01,-1.741785829698267918e+01,0.000000000000000000e+00,5.043572668878972820e+00,7.757550682482995619e+00
1.411160780929952352e+03,-1.476808725173906168e+03,2.191911214815053484e+02,1.984460346760097238e+01,-1.741785829698267918e+01,0.000000000000000000e+00,5.043572668878972820e+00,7.757550682482995619e+00
1.413145241276712341e+03,-1.478550511003604470e+03,2.191911214815053484e+02,1.984460346760097238e+01,-1.741785829698267918e+01,0.000000000000000000e+00,5.043572668878972820e+00,7.757550682482995619e+00
1.415129701623472329e+03,-1.480292296833302771e+03,2.191911214815053484e+02,1.984460346760097238e+01,-1.741785829698267918e+01,0.000000000000000000e+00,5.043572668878972820e+00,7.757550682482995619e+00
1.417114161970232317e+03,-1.482034082663001072e+03,2.191911214815053484e+02,1.984460346760097238e+01,-1.741785829698267918e+01,0.000000000000000000e+00,5.043572668878972820e+00,7.757550682482995619e+00
1.419098622316992305e+03,-1.483775868492699374e+03,2.191911214815053484e+02,1.984460346760097238e+01,-1.741785829698267918e+01,0.000000000000000000e+00,5.043572668878972820e+00,7.757550682482995619e+00
1.421083082663752293e+03,-1.485517654322397675e+03,2.191911214815053484e+02,1.984460346760097238e+01,-1.741785829698267918e+01,0.000000000000000000e+00,5.043572668878972820e+00,7.757550682482995619e+00
1.423067543010512281e+03,-1.487259440152095976e+03,2.191911214815053484e+02,1.984460346760097238e+01,-1.741785829698267918e+01,0.000000000000000000e+00,5.043572668878972820e+00,7.757550682482995619e+00
1.425052003357272270e+03,-1.489001225981794278e+03,2.191911214815053484e+02,1.984460346760097238e+01,-1.741785829698267918e+01,0.000000000000000000e+00,5.043572668878972820e+00,7.757550682482995619e+00
1.427036463704032258e+03,-1.490743011811492579e+03,2.191911214815053484e+02,1.984460346760097238e+01,-1.741785829698267918e+01,0.000000000000000000e+00,5.043572668878972820e+00,7.757550682482995619e+00
1.429020924050792246e+03,-1.492484797641190880e+03,2.191911214815053484e+02,1.984460346760097238e+01,-1.741785829698267918e+01,0.000000000000000000e+00,5.043572668878972820e+00,7.757550682482995619e+00
1.431005384397552234e+03,-1.494226583470889182e+03,2.191911214815053484e+02,1.984460346760097238e+01,-1.741785829698267918e+01,0.000000000000000000e+00,5.043572668878972820e+00,7.757550682482995619e+00
1.432989844744312222e+03,-1.495968369300587483e+03,2.191911214815053484e+02,1.984460346760097238e+01,-1.741785829698267918e+01,0.000000000000000000e+00,5.043572668878972820e+00,7.757550682482995619e+00
1.434974305091072210e+03,-1.497710155130285784e+03,2.191911214815053484e+02,1.984460346760097238e+01,-1.741785829698267918e+01,0.000000000000000000e+00,5.043572668878972820e+00,7.757550682482995619e+00
1.436958765437832199e+03,-1.499451940959984086e+03,2.191911214815053484e+02,1.984460346760097238e+01,-1.741785829698267918e+01,0.000000000000000000e+00,5.043572668878972820e+00,7.757550682482995619e+00
1.438943225784592187e+03,-1.501193726789682387e+03,2.191911214815053484e+02,1.984460346760097238e+01,-1.741785829698267918e+01,0.000000000000000000e+00,5.043572668878972820e+00,7.757550682482995619e+00
1.440927686131352175e+03,-1.502935512619380688e+03,2.191911214815053484e+02,1.984460346760097238e+01,-1.741785829698267918e+01,0.000000000000000000e+00,5.043572668878972820e+00,7.757550682482995619e+00
1.442912146478112163e+03,-1.504677298449078990e+03,2.191911214815053484e+02,1.984460346760097238e+01,-1.741785829698267918e+01,0.000000000000000000e+00,5.043572668878972820e+00,7.757550682482995619e+00
1.444896606824872151e+03,-1.506419084278777291e+03,2.191911214815053484e+02,1.984460346760097238e+01,-1.741785829698267918e+01,0.000000000000000000e+00,5.043572668878972820e+00,7.757550682482995619e+00
1.446881067171632139e+03,-1.508160870108475592e+03,2.191911214815053484e+02,1.984460346760097238e+01,-1.741785829698267918e+01,0.000000000000000000e+00,5.043572668878972820e+00,7.757550682482995619e+00
1.448865527518392128e+03,-1.509902655938173893e+03,2.191911214815053484e+02,1.984460346760097238e+01,-1.741785829698267918e+01,0.000000000000000000e+00,5.043572668878972820e+00,7.757550682482995619e+00
1.450849987865152116e+03,-1.511644441767872195e+03,2.191911214815053484e+02,1.984460346760097238e+01,-1.741785829698267918e+01,0.000000000000000000e+00,5.043572668878972820e+00,7.757550682482995619e+00
1.452834448211912104e+03,-1.513386227597570496e+03,2.191911214815053484e+02,1.984460346760097238e+01,-1.741785829698267918e+01,0.000000000000000000e+00,5.043572668878972820e+00,7.757550682482995619e+00
1.454818908558672092e+03,-1.515128013427268797e+03,2.191911214815053484e+02,1.984460346760097238e+01,-1.741785829698267918e+01,0.000000000000000000e+00,5.043572668878972820e+00,7.757550682482995619e+00
1.456803368905432080e+03,-1.516869799256967099e+03,2.191911214815053484e+02,1.984460346760097238e+01,-1.741785829698267918e+01,0.000000000000000000e+00,5.043572668878972820e+00,7.757550682482995619e+00
1.458787829252192068e+03,-1.518611585086665400e+03,2.191911214815053484e+02,1.984460346760097238e+01,-1.741785829698267918e+01,0.000000000000000000e+00,5.043572668878972820e+00,7.757550682482995619e+00
1.460772289598952057e+03,-1.520353370916363701e+03,2.191911214815053484e+02,1.984460346760097238e+01,-1.741785829698267918e+01,0.000000000000000000e+00,5.043572668878972820e+00,7.757550682482995619e+00
1.462756749945712045e+03,-1.522095156746062003e+03,2.191911214815053484e+02,1.984460346760097238e+01,-1.741785829698267918e+01,0.000000000000000000e+00,5.043572668878972820e+00,7.757550682482995619e+00
1.464741210292472033e+03,-1.523836942575760304e+03,2.191911214815053484e+02,1.984460346760097238e+01,-1.741785829698267918e+01,0.000000000000000000e+00,5.043572668878972820e+00,7.757550682482995619e+00
1.466725670639232021e+03,-1.525578728405458605e+03,2.191911214815053484e+02,1.984460346760097238e+01,-1.741785829698267918e+01,0.000000000000000000e+00,5.043572668878972820e+00,7.757550682482995619e+00
1.468710130985992009e+03,-1.527320514235156907e+03,2.191911214815053484e+02,1.984460346760097238e+01,-1.741785829698267918e+01,0.000000000000000000e+00,5.043572668878972820e+00,7.757550682482995619e+00
1.470694591332751997e+03,-1.529062300064855208e+03,2.191911214815053484e+02,1.984460346760097238e+01,-1.741785829698267918e+01,0.000000000000000000e+00,5.043572668878972820e+00,7.757550682482995619e+00
1.472679051679511986e+03,-1.530804085894553509e+03,2.191911214815053484e+02,1.984460346760097238e+01,-1.741785829698267918e+01,0.000000000000000000e+00,5.043572668878972820e+00,7.757550682482995619e+00
1.474663512026271974e+03,-1.532545871724251811e+03,2.191911214815053484e+02,1.984460346760097238e+01,-1.741785829698267918e+01,0.000000000000000000e+00,5.043572668878972820e+00,7.757550682482995619e+00
1.476647972373031962e+03,-1.534287657553950112e+03,2.191911214815053484e+02,1.984460346760097238e+01,-1.741785829698267918e+01,0.000000000000000000e+00,5.043572668878972820e+00,7.757550682482995619e+00
1.478632432719791950e+03,-1.536029443383648413e+03,2.191911214815053484e+02,1.984460346760097238e+01,-1.741785829698267918e+01,0.000000000000000000e+00,5.043572668878972820e+00,7.757550682482995619e+00
1.480616893066551938e+03,-1.537771229213346714e+03,2.191911214815053484e+02,1.984460346760097238e+01,-1.741785829698267918e+01,0.000000000000000000e+00,5.043572668878972820e+00,7.757550682482995619e+00
1.482601353413311926e+03,-1.539513015043045016e+03,2.191911214815053484e+02,1.984460346760097238e+01,-1.741785829698267918e+01,0.000000000000000000e+00,5.043572668878972820e+00,7.757550682482995619e+00
1.484585813760071915e+03,-1.541254800872743317e+03,2.191911214815053484e+02,1.984460346760097238e+01,-1.741785829698267918e+01,0.000000000000000000e+00,5.043572668878972820e+00,7.757550682482995619e+00
1.486570274106831903e+03,-1.542996586702441618e+03,2.191911214815053484e+02,1.984460346760097238e+01,-1.741785829698267918e+01,0.000000000000000000e+00,5.043572668878972820e+00,7.757550682482995619e+00
1.488554734453591891e+03,-1.544738372532139920e+03,2.191911214815053484e+02,1.984460346760097238e+01,-1.741785829698267918e+01,0.000000000000000000e+00,5.043572668878972820e+00,7.757550682482995619e+00
1.490539194800351879e+03,-1.546480158361838221e+03,2.191911214815053484e+02,1.984460346760097238e+01,-1.741785829698267918e+01,0.000000000000000000e+00,5.043572668878972820e+00,7.757550682482995619e+00
1.492523655147111867e+03,-1.548221944191536522e+03,2.191911214815053484e+02,1.984460346760097238e+01,-1.741785829698267918e+01,0.000000000000000000e+00,5.043572668878972820e+00,7.757550682482995619e+00
1.494508115493871856e+03,-1.549963730021234824e+03,2.191911214815053484e+02,1.984460346760097238e+01,-1.741785829698267918e+01,0.000000000000000000e+00,5.043572668878972820e+00,7.757550682482995619e+00
1.496492575840631844e+03,-1.551705515850933125e+03,2.191911214815053484e+02,1.984460346760097238e+01,-1.741785829698267918e+01,0.000000000000000000e+00,5.043572668878972820e+00,7.757550682482995619e+00
1.498477036187391832e+03,-1.553447301680631426e+03,2.191911214815053484e+02,1.984460346760097238e+01,-1.741785829698267918e+01,0.000000000000000000e+00,5.043572668878972820e+00,7.757550682482995619e+00
1.500461496534151820e+03,-1.555189087510329728e+03,2.191911214815053484e+02,1.984460346760097238e+01,-1.741785829698267918e+01,0.000000000000000000e+00,5.043572668878972820e+00,7.757550682482995619e+00
1.502445956880911808e+03,-1.556930873340028029e+03,2.191911214815053484e+02,1.984460346760097238e+01,-1.741785829698267918e+01,0.000000000000000000e+00,5.043572668878972820e+00,7.757550682482995619e+00
1.504430417227671796e+03,-1.558672659169726330e+03,2.191911214815053484e+02,1.984460346760097238e+01,-1.741785829698267918e+01,0.000000000000000000e+00,5.043572668878972820e+00,7.757550682482995619e+00
1.506414877574431785e+03,-1.560414444999424632e+03,2.191911214815053484e+02,1.984460346760097238e+01,-1.741785829698267918e+01,0.000000000000000000e+00,5.043572668878972820e+00,7.757550682482995619e+00
1.508399337921191773e+03,-1.562156230829122933e+03,2.191911214815053484e+02,1.984460346760097238e+01,-1.741785829698267918e+01,0.000000000000000000e+00,5.043572668878972820e+00,7.757550682482995619e+00
1.510383798267951761e+03,-1.563898016658821234e+03,2.191911214815053484e+02,1.984460346760097238e+01,-1.741785829698267918e+01,0.000000000000000000e+00,5.043572668878972820e+00,7.757550682482995619e+00
1.512368258614711749e+03,-1.565639802488519535e+03,2.191911214815053484e+02,1.984460346760097238e+01,-1.741785829698267918e+01,0.000000000000000000e+00,5.043572668878972820e+00,7.757550682482995619e+00
1.514352718961471737e+03,-1.567381588318217837e+03,2.191911214815053484e+02,1.984460346760097238e+01,-1.741785829698267918e+01,0.000000000000000000e+00,5.043572668878972820e+00,7.757550682482995619e+00
1.516337179308231725e+03,-1.569123374147916138e+03,2.191911214815053484e+02,1.984460346760097238e+01,-1.741785829698267918e+01,0.000000000000000000e+00,5.043572668878972820e+00,7.757550682482995619e+00
1.518321639654991714e+03,-1.570865159977614439e+03,2.191911214815053484e+02,1.984460346760097238e+01,-1.741785829698267918e+01,0.000000000000000000e+00,5.043572668878972820e+00,7.757550682482995619e+00
1.520306100001751702e+03,-1.572606945807312741e+03,2.191911214815053484e+02,1.984460346760097238e+01,-1.741785829698267918e+01,0.000000000000000000e+00,5.043572668878972820e+00,7.757550682482995619e+00
1.522290560348511690e+03,-1.574348731637011042e+03,2.191911214815053484e+02,1.984460346760097238e+01,-1.741785829698267918e+01,0.000000000000000000e+00,5.043572668878972820e+00,7.757550682482995619e+00
1.524275020695271678e+03,-1.576090517466709343e+03,2.191911214815053484e+02,1.984460346760097238e+01,-1.741785829698267918e+01,0.000000000000000000e+00,5.043572668878972820e+00,7.757550682482995619e+00
1.526259481042031666e+03,-1.577832303296407645e+03,2.191911214815053484e+02,1.984460346760097238e+01,-1.741785829698267918e+01,0.000000000000000000e+00,5.043572668878972820e+00,7.757550682482995619e+00
1.528243941388791654e+03,-1.579574089126105946e+03,2.191911214815053484e+02,1.984460346760097238e+01,-1.741785829698267918e+01,0.000000000000000000e+00,5.043572668878972820e+00,7.757550682482995619e+00
1.530228401735551643e+03,-1.581315874955804247e+03,2.191911214815053484e+02,1.984460346760097238e+01,-1.741785829698267918e+01,0.000000000000000000e+00,5.043572668878972820e+00,7.757550682482995619e+00
1.532212862082311631e+03,-1.583057660785502549e+03,2.191911214815053484e+02,1.984460346760097238e+01,-1.741785829698267918e+01,0.000000000000000000e+00,5.043572668878972820e+00,7.757550682482995619e+00
1.534197322429071619e+03,-1.584799446615200850e+03,2.191911214815053484e+02,1.984460346760097238e+01,-1.741785829698267918e+01,0.000000000000000000e+00,5.043572668878972820e+00,7.757550682482995619e+00
1.536181782775831607e+03,-1.586541232444899151e+03,2.191911214815053484e+02,1.984460346760097238e+01,-1.741785829698267918e+01,0.000000000000000000e+00,5.043572668878972820e+00,7.757550682482995619e+00
1.538166243122591595e+03,-1.588283018274597453e+03,2.191911214815053484e+02,1.984460346760097238e+01,-1.741785829698267918e+01,0.000000000000000000e+00,5.043572668878972820e+00,7.757550682482995619e+00
1.540150703469351583e+03,-1.590024804104295754e+03,2.191911214815053484e+02,1.984460346760097238e+01,-1.741785829698267918e+01,0.000000000000000000e+00,5.043572668878972820e+00,7.757550682482995619e+00
1.542135163816111572e+03,-1.591766589933994055e+03,2.191911214815053484e+02,1.984460346760097238e+01,-1.741785829698267918e+01,0.000000000000000000e+00,5.043572668878972820e+00,7.757550682482995619e+00
1.544119624162871560e+03,-1.593508375763692356e+03,2.191911214815053484e+02,1.984460346760097238e+01,-1.741785829698267918e+01,0.000000000000000000e+00,5.043572668878972820e+00,7.757550682482995619e+00
1.546104084509631548e+03,-1.595250161593390658e+03,2.191911214815053484e+02,1.984460346760097238e+01,-1.741785829698267918e+01,0.000000000000000000e+00,5.043572668878972820e+00,7.757550682482995619e+00
1.548088544856391536e+03,-1.596991947423088959e+03,2.191911214815053484e+02,1.984460346760097238e+01,-1.741785829698267918e+01,0.000000000000000000e+00,5.043572668878972820e+00,7.757550682482995619e+00
1.550073005203151524e+03,-1.598733733252787260e+03,2.191911214815053484e+02,1.984460346760097238e+01,-1.741785829698267918e+01,0.000000000000000000e+00,5.043572668878972820e+00,7.757550682482995619e+00
1.552057465549911512e+03,-1.600475519082485562e+03,2.191911214815053484e+02,1.984460346760097238e+01,-1.741785829698267918e+01,0.000000000000000000e+00,5.043572668878972820e+00,7.757550682482995619e+00
1.554041925896671501e+03,-1.602217304912183863e+03,2.191911214815053484e+02,1.984460346760097238e+01,-1.741785829698267918e+01,0.000000000000000000e+00,5.043572668878972820e+00,7.757550682482995619e+00
1.556026386243431489e+03,-1.603959090741882164e+03,2.191911214815053484e+02,1.984460346760097238e+01,-1.741785829698267918e+01,0.000000000000000000e+00,5.043572668878972820e+00,7.757550682482995619e+00
1.558010846590191477e+03,-1.605700876571580466e+03,2.191911214815053484e+02,1.984460346760097238e+01,-1.741785829698267918e+01,0.000000000000000000e+00,5.043572668878972820e+00,7.757550682482995619e+00
1.559995306936951465e+03,-1.607442662401278767e+03,2.191911214815053484e+02,1.984460346760097238e+01,-1.741785829698267918e+01,0.000000000000000000e+00,5.043572668878972820e+00,7.757550682482995619e+00
1.561979767283711453e+03,-1.609184448230977068e+03,2.191911214815053484e+02,1.984460346760097238e+01,-1.741785829698267918e+01,0.000000000000000000e+00,5.043572668878972820e+00,7.757550682482995619e+00
1.563964227630471441e+03,-1.610926234060675370e+03,2.191911214815053484e+02,1.984460346760097238e+01,-1.741785829698267918e+01,0.000000000000000000e+00,5.043572668878972820e+00,7.757550682482995619e+00
1.565948687977231430e+03,-1.612668019890373671e+03,2.191911214815053484e+02,1.984460346760097238e+01,-1.741785829698267918e+01,0.000000000000000000e+00,5.043572668878972820e+00,7.757550682482995619e+00
1.567933148323991418e+03,-1.614409805720071972e+03,2.191911214815053484e+02,1.984460346760097238e+01,-1.741785829698267918e+01,0.000000000000000000e+00,5.043572668878972820e+00,7.757550682482995619e+00
1.569917608670751406e+03,-1.616151591549770274e+03,2.191911214815053484e+02,1.984460346760097238e+01,-1.741785829698267918e+01,0.000000000000000000e+00,5.043572668878972820e+00,7.757550682482995619e+00
1.571902069017511394e+03,-1.617893377379468575e+03,2.191911214815053484e+02,1.984460346760097238e+01,-1.741785829698267918e+01,0.000000000000000000e+00,5.043572668878972820e+00,7.757550682482995619e+00
1.573886529364271382e+03,-1.619635163209166876e+03,2.191911214815053484e+02,1.984460346760097238e+01,-1.741785829698267918e+01,0.000000000000000000e+00,5.043572668878972820e+00,7.757550682482995619e+00
1.575870989711031370e+03,-1.621376949038865177e+03,2.191911214815053484e+02,1.984460346760097238e+01,-1.741785829698267918e+01,0.000000000000000000e+00,5.043572668878972820e+00,7.757550682482995619e+00
1.577855450057791359e+03,-1.623118734868563479e+03,2.191911214815053484e+02,1.984460346760097238e+01,-1.741785829698267918e+01,0.000000000000000000e+00,5.043572668878972820e+00,7.757550682482995619e+00
1.579839910404551347e+03,-1.624860520698261780e+03,2.191911214815053484e+02,1.984460346760097238e+01,-1.741785829698267918e+01,0.000000000000000000e+00,5.043572668878972820e+00,7.757550682482995619e+00
1.581824370751311335e+03,-1.626602306527960081e+03,2.191911214815053484e+02,1.984460346760097238e+01,-1.741785829698267918e+01,0.000000000000000000e+00,5.043572668878972820e+00,7.757550682482995619e+00
1.583808831098071323e+03,-1.628344092357658383e+03,2.191911214815053484e+02,1.984460346760097238e+01,-1.741785829698267918e+01,0.000000000000000000e+00,5.043572668878972820e+00,7.757550682482995619e+00
1.585793291444831311e+03,-1.630085878187356684e+03,2.191911214815053484e+02,1.984460346760097238e+01,-1.741785829698267918e+01,0.000000000000000000e+00,5.043572668878972820e+00,7.757550682482995619e+00
1.587777751791591299e+03,-1.631827664017054985e+03,2.191911214815053484e+02,1.984460346760097238e+01,-1.741785829698267918e+01,0.000000000000000000e+00,5.043572668878972820e+00,7.757550682482995619e+00
1.589762212138351288e+03,-1.633569449846753287e+03,2.191911214815053484e+02,1.984460346760097238e+01,-1.741785829698267918e+01,0.000000000000000000e+00,5.043572668878972820e+00,7.757550682482995619e+00
1.591746672485111276e+03,-1.635311235676451588e+03,2.191911214815053484e+02,1.984460346760097238e+01,-1.741785829698267918e+01,0.000000000000000000e+00,5.043572668878972820e+00,7.757550682482995619e+00
1.593731132831871264e+03,-1.637053021506149889e+03,2.191911214815053484e+02,1.984460346760097238e+01,-1.741785829698267918e+01,0.000000000000000000e+00,5.043572668878972820e+00,7.757550682482995619e+00
1.595715593178631252e+03,-1.638794807335848191e+03,2.191911214815053484e+02,1.984460346760097238e+01,-1.741785829698267918e+01,0.000000000000000000e+00,5.043572668878972820e+00,7.757550682482995619e+00
1.597700053525391240e+03,-1.640536593165546492e+03,2.191911214815053484e+02,1.984460346760097238e+01,-1.741785829698267918e+01,0.000000000000000000e+00,5.043572668878972820e+00,7.757550682482995619e+00
1.599684513872151228e+03,-1.642278378995244793e+03,2.191911214815053484e+02,1.984460346760097238e+01,-1.741785829698267918e+01,0.000000000000000000e+00,5.043572668878972820e+00,7.757550682482995619e+00
1.601668974218911217e+03,-1.644020164824943095e+03,2.191911214815053484e+02,1.984460346760097238e+01,-1.741785829698267918e+01,0.000000000000000000e+00,5.043572668878972820e+00,7.757550682482995619e+00
1.603653434565671205e+03,-1.645761950654641396e+03,2.191911214815053484e+02,1.984460346760097238e+01,-1.741785829698267918e+01,0.000000000000000000e+00,5.043572668878972820e+00,7.757550682482995619e+00
1.605637894912431193e+03,-1.647503736484339697e+03,2.191911214815053484e+02,1.984460346760097238e+01,-1.741785829698267918e+01,0.000000000000000000e+00,5.043572668878972820e+00,7.757550682482995619e+00
1.607622355259191181e+03,-1.649245522314037999e+03,2.191911214815053484e+02,1.984460346760097238e+01,-1.741785829698267918e+01,0.000000000000000000e+00,5.043572668878972820e+00,7.757550682482995619e+00
1.609606815605951169e+03,-1.650987308143736300e+03,2.191911214815053484e+02,1.984460346760097238e+01,-1.741785829698267918e+01,0.000000000000000000e+00,5.043572668878972820e+00,7.757550682482995619e+00
1.611591275952711158e+03,-1.652729093973434601e+03,2.191911214815053484e+02,1.984460346760097238e+01,-1.741785829698267918e+01,0.000000000000000000e+00,5.043572668878972820e+00,7.757550682482995619e+00
1.613575736299471146e+03,-1.654470879803132902e+03,2.191911214815053484e+02,1.984460346760097238e+01,-1.741785829698267918e+01,0.000000000000000000e+00,5.043572668878972820e+00,7.757550682482995619e+00
1.615560196646231134e+03,-1.656212665632831204e+03,2.191911214815053484e+02,1.984460346760097238e+01,-1.741785829698267918e+01,0.000000000000000000e+00,5.043572668878972820e+00,7.757550682482995619e+00
1.617544656992991122e+03,-1.657954451462529505e+03,2.191911214815053484e+02,1.984460346760097238e+01,-1.741785829698267918e+01,0.000000000000000000e+00,5.043572668878972820e+00,7.757550682482995619e+00
1.619529117339751110e+03,-1.659696237292227806e+03,2.191911214815053484e+02,1.984460346760097238e+01,-1.741785829698267918e+01,0.000000000000000000e+00,5.043572668878972820e+00,7.757550682482995619e+00
1.621513577686511098e+03,-1.661438023121926108e+03,2.191911214815053484e+02,1.984460346760097238e+01,-1.741785829698267918e+01,0.000000000000000000e+00,5.043572668878972820e+00,7.757550682482995619e+00
1.623498038033271087e+03,-1.663179808951624409e+03,2.191911214815053484e+02,1.984460346760097238e+01,-1.741785829698267918e+01,0.000000000000000000e+00,5.043572668878972820e+00,7.757550682482995619e+00
1.625482498380031075e+03,-1.664921594781322710e+03,2.191911214815053484e+02,1.984460346760097238e+01,-1.741785829698267918e+01,0.000000000000000000e+00,5.043572668878972820e+00,7.757550682482995619e+00
1.627466958726791063e+03,-1.666663380611021012e+03,2.191911214815053484e+02,1.984460346760097238e+01,-1.741785829698267918e+01,0.000000000000000000e+00,5.043572668878972820e+00,7.757550682482995619e+00
1.629451419073551051e+03,-1.668405166440719313e+03,2.191911214815053484e+02,1.984460346760097238e+01,-1.741785829698267918e+01,0.000000000000000000e+00,5.043572668878972820e+00,7.757550682482995619e+00
1.631435879420311039e+03,-1.670146952270417614e+03,2.191911214815053484e+02,1.984460346760097238e+01,-1.741785829698267918e+01,0.000000000000000000e+00,5.043572668878972820e+00,7.757550682482995619e+00
1.633420339767071027e+03,-1.671888738100115916e+03,2.191911214815053484e+02,1.984460346760097238e+01,-1.741785829698267918e+01,0.000000000000000000e+00,5.043572668878972820e+00,7.757550682482995619e+00
1.635404800113831016e+03,-1.673630523929814217e+03,2.191911214815053484e+02,1.984460346760097238e+01,-1.741785829698267918e+01,0.000000000000000000e+00,5.043572668878972820e+00,7.757550682482995619e+00
1.637389260460591004e+03,-1.675372309759512518e+03,2.191911214815053484e+02,1.984460346760097238e+01,-1.741785829698267918e+01,0.000000000000000000e+00,5.043572668878972820e+00,7.757550682482995619e+00
1.639373720807350992e+03,-1.677114095589210820e+03,2.191911214815053484e+02,1.984460346760097238e+01,-1.741785829698267918e+01,0.000000000000000000e+00,5.043572668878972820e+00,7.757550682482995619e+00
1.641358181154110980e+03,-1.678855881418909121e+03,2.191911214815053484e+02,1.984460346760097238e+01,-1.741785829698267918e+01,0.000000000000000000e+00,5.043572668878972820e+00,7.757550682482995619e+00
1.643342641500870968e+03,-1.680597667248607422e+03,2.191911214815053484e+02,1.984460346760097238e+01,-1.741785829698267918e+01,0.000000000000000000e+00,5.043572668878972820e+00,7.757550682482995619e+00
1.645327101847630956e+03,-1.682339453078305723e+03,2.191911214815053484e+02,1.984460346760097238e+01,-1.741785829698267918e+01,0.000000000000000000e+00,5.043572668878972820e+00,7.757550682482995619e+00
1.647311562194390945e+03,-1.684081238908004025e+03,2.191911214815053484e+02,1.984460346760097238e+01,-1.741785829698267918e+01,0.000000000000000000e+00,5.043572668878972820e+00,7.757550682482995619e+00
1.649296022541150933e+03,-1.685823024737702326e+03,2.191911214815053484e+02,1.984460346760097238e+01,-1.741785829698267918e+01,0.000000000000000000e+00,5.043572668878972820e+00,7.757550682482995619e+00
1.651280482887910921e+03,-1.687564810567400627e+03,2.191911214815053484e+02,1.984460346760097238e+01,-1.741785829698267918e+01,0.000000000000000000e+00,5.043572668878972820e+00,7.757550682482995619e+00
1.653264943234670909e+03,-1.689306596397098929e+03,2.191911214815053484e+02,1.984460346760097238e+01,-1.741785829698267918e+01,0.000000000000000000e+00,5.043572668878972820e+00,7.757550682482995619e+00
1.655249403581430897e+03,-1.691048382226797230e+03,2.191911214815053484e+02,1.984460346760097238e+01,-1.741785829698267918e+01,0.000000000000000000e+00,5.043572668878972820e+00,7.757550682482995619e+00
1.657233863928190885e+03,-1.692790168056495531e+03,2.191911214815053484e+02,1.984460346760097238e+01,-1.741785829698267918e+01,0.000000000000000000e+00,5.043572668878972820e+00,7.757550682482995619e+00
1.659218324274950874e+03,-1.694531953886193833e+03,2.191911214815053484e+02,1.984460346760097238e+01,-1.741785829698267918e+01,0.000000000000000000e+00,5.043572668878972820e+00,7.757550682482995619e+00
1.661202784621710862e+03,-1.696273739715892134e+03,2.191911214815053484e+02,1.984460346760097238e+01,-1.741785829698267918e+01,0.000000000000000000e+00,5.043572668878972820e+00,7.757550682482995619e+00
1.663187244968470850e+03,-1.698015525545590435e+03,2.191911214815053484e+02,1.984460346760097238e+01,-1.741785829698267918e+01,0.000000000000000000e+00,5.043572668878972820e+00,7.757550682482995619e+00
1.665171705315230838e+03,-1.699757311375288737e+03,2.191911214815053484e+02,1.984460346760097238e+01,-1.741785829698267918e+01,0.000000000000000000e+00,5.043572668878972820e+00,7.757550682482995619e+00
1.667156165661990826e+03,-1.701499097204987038e+03,2.191911214815053484e+02,1.984460346760097238e+01,-1.741785829698267918e+01,0.000000000000000000e+00,5.043572668878972820e+00,7.757550682482995619e+00
1.669140626008750814e+03,-1.703240883034685339e+03,2.191911214815053484e+02,1.984460346760097238e+01,-1.741785829698267918e+01,0.000000000000000000e+00,5.043572668878972820e+00,7.757550682482995619e+00
1.671125086355510803e+03,-1.704982668864383641e+03,2.191911214815053484e+02,1.984460346760097238e+01,-1.741785829698267918e+01,0.000000000000000000e+00,5.043572668878972820e+00,7.757550682482995619e+00
1.673109546702270791e+03,-1.706724454694081942e+03,2.191911214815053484e+02,1.984460346760097238e+01,-1.741785829698267918e+01,0.000000000000000000e+00,5.043572668878972820e+00,7.757550682482995619e+00
1.675094007049030779e+03,-1.708466240523780243e+03,2.191911214815053484e+02,1.984460346760097238e+01,-1.741785829698267918e+01,0.000000000000000000e+00,5.043572668878972820e+00,7.757550682482995619e+00
1.677078467395790767e+03,-1.710208026353478544e+03,2.191911214815053484e+02,1.984460346760097238e+01,-1.741785829698267918e+01,0.000000000000000000e+00,5.043572668878972820e+00,7.757550682482995619e+00
1.679062927742550755e+03,-1.711949812183176846e+03,2.191911214815053484e+02,1.984460346760097238e+01,-1.741785829698267918e+01,0.000000000000000000e+00,5.043572668878972820e+00,7.757550682482995619e+00
1.681047388089310743e+03,-1.713691598012875147e+03,2.191911214815053484e+02,1.984460346760097238e+01,-1.741785829698267918e+01,0.000000000000000000e+00,5.043572668878972820e+00,7.757550682482995619e+00
1.683031848436070732e+03,-1.715433383842573448e+03,2.191911214815053484e+02,1.984460346760097238e+01,-1.741785829698267918e+01,0.000000000000000000e+00,5.043572668878972820e+00,7.757550682482995619e+00
1.685016308782830720e+03,-1.717175169672271750e+03,2.191911214815053484e+02,1.984460346760097238e+01,-1.741785829698267918e+01,0.000000000000000000e+00,5.043572668878972820e+00,7.757550682482995619e+00
1.687000769129590708e+03,-1.718916955501970051e+03,2.191911214815053484e+02,1.984460346760097238e+01,-1.741785829698267918e+01,0.000000000000000000e+00,5.043572668878972820e+00,7.757550682482995619e+00
1.688985229476350696e+03,-1.720658741331668352e+03,2.191911214815053484e+02,1.984460346760097238e+01,-1.741785829698267918e+01,0.000000000000000000e+00,5.043572668878972820e+00,7.757550682482995619e+00
1.690969689823110684e+03,-1.722400527161366654e+03,2.191911214815053484e+02,1.984460346760097238e+01,-1.741785829698267918e+01,0.000000000000000000e+00,5.043572668878972820e+00,7.757550682482995619e+00
1.692954150169870672e+03,-1.724142312991064955e+03,2.191911214815053484e+02,1.984460346760097238e+01,-1.741785829698267918e+01,0.000000000000000000e+00,5.043572668878972820e+00,7.757550682482995619e+00
1.694938610516630661e+03,-1.725884098820763256e+03,2.191911214815053484e+02,1.984460346760097238e+01,-1.741785829698267918e+01,0.000000000000000000e+00,5.043572668878972820e+00,7.757550682482995619e+00
1.696923070863390649e+03,-1.727625884650461558e+03,2.191911214815053484e+02,1.984460346760097238e+01,-1.741785829698267918e+01,0.000000000000000000e+00,5.043572668878972820e+00,7.757550682482995619e+00
1.698907531210150637e+03,-1.729367670480159859e+03,2.191911214815053484e+02,1.984460346760097238e+01,-1.741785829698267918e+01,0.000000000000000000e+00,5.043572668878972820e+00,7.757550682482995619e+00
1.700891991556910625e+03,-1.731109456309858160e+03,2.191911214815053484e+02,1.984460346760097238e+01,-1.741785829698267918e+01,0.000000000000000000e+00,5.043572668878972820e+00,7.757550682482995619e+00
1.702876451903670613e+03,-1.732851242139556462e+03,2.191911214815053484e+02,1.984460346760097238e+01,-1.741785829698267918e+01,0.000000000000000000e+00,5.043572668878972820e+00,7.757550682482995619e+00
1.704860912250430601e+03,-1.734593027969254763e+03,2.191911214815053484e+02,1.984460346760097238e+01,-1.741785829698267918e+01,0.000000000000000000e+00,5.043572668878972820e+00,7.757550682482995619e+00
1.706845372597190590e+03,-1.736334813798953064e+03,2.191911214815053484e+02,1.984460346760097238e+01,-1.741785829698267918e+01,0.000000000000000000e+00,5.043572668878972820e+00,7.757550682482995619e+00
1.708829832943950578e+03,-1.738076599628651365e+03,2.191911214815053484e+02,1.984460346760097238e+01,-1.741785829698267918e+01,0.000000000000000000e+00,5.043572668878972820e+00,7.757550682482995619e+00
1.710814293290710566e+03,-1.739818385458349667e+03,2.191911214815053484e+02,1.984460346760097238e+01,-1.741785829698267918e+01,0.000000000000000000e+00,5.043572668878972820e+00,7.757550682482995619e+00
1.712798753637470554e+03,-1.741560171288047968e+03,2.191911214815053484e+02,1.984460346760097238e+01,-1.741785829698267918e+01,0.000000000000000000e+00,5.043572668878972820e+00,7.757550682482995619e+00
1.714783213984230542e+03,-1.743301957117746269e+03,2.191911214815053484e+02,1.984460346760097238e+01,-1.741785829698267918e+01,0.000000000000000000e+00,5.043572668878972820e+00,7.757550682482995619e+00
1.716767674330990531e+03,-1.745043742947444571e+03,2.191911214815053484e+02,1.984460346760097238e+01,-1.741785829698267918e+01,0.000000000000000000e+00,5.043572668878972820e+00,7.757550682482995619e+00
1.718752134677750519e+03,-1.746785528777142872e+03,2.191911214815053484e+02,1.984460346760097238e+01,-1.741785829698267918e+01,0.000000000000000000e+00,5.043572668878972820e+00,7.757550682482995619e+00
1.720736595024510507e+03,-1.748527314606841173e+03,2.191911214815053484e+02,1.984460346760097238e+01,-1.741785829698267918e+01,0.000000000000000000e+00,5.043572668878972820e+00,7.757550682482995619e+00
1.722721055371270495e+03,-1.750269100436539475e+03,2.191911214815053484e+02,1.984460346760097238e+01,-1.741785829698267918e+01,0.000000000000000000e+00,5.043572668878972820e+00,7.757550682482995619e+00
1.724705515718030483e+03,-1.752010886266237776e+03,2.191911214815053484e+02,1.984460346760097238e+01,-1.741785829698267918e+01,0.000000000000000000e+00,5.043572668878972820e+00,7.757550682482995619e+00
1.726689976064790471e+03,-1.753752672095936077e+03,2.191911214815053484e+02,1.984460346760097238e+01,-1.741785829698267918e+01,0.000000000000000000e+00,5.043572668878972820e+00,7.757550682482995619e+00
1.728674436411550460e+03,-1.755494457925634379e+03,2.191911214815053484e+02,1.984460346760097238e+01,-1.741785829698267918e+01,0.000000000000000000e+00,5.043572668878972820e+00,7.757550682482995619e+00
1.730658896758310448e+03,-1.757236243755332680e+03,2.191911214815053484e+02,1.984460346760097238e+01,-1.741785829698267918e+01,0.000000000000000000e+00,5.043572668878972820e+00,7.757550682482995619e+00
1.732643357105070436e+03,-1.758978029585030981e+03,2.191911214815053484e+02,1.984460346760097238e+01,-1.741785829698267918e+01,0.000000000000000000e+00,5.043572668878972820e+00,7.757550682482995619e+00
1.734627817451830424e+03,-1.760719815414729283e+03,2.191911214815053484e+02,1.984460346760097238e+01,-1.741785829698267918e+01,0.000000000000000000e+00,5.043572668878972820e+00,7.757550682482995619e+00
1.736612277798590412e+03,-1.762461601244427584e+03,2.191911214815053484e+02,1.984460346760097238e+01,-1.741785829698267918e+01,0.000000000000000000e+00,5.043572668878972820e+00,7.757550682482995619e+00
1.738596738145350400e+03,-1.764203387074125885e+03,2.191911214815053484e+02,1.984460346760097238e+01,-1.741785829698267918e+01,0.000000000000000000e+00,5.043572668878972820e+00,7.757550682482995619e+00
1.740581198492110389e+03,-1.765945172903824187e+03,2.191911214815053484e+02,1.984460346760097238e+01,-1.741785829698267918e+01,0.000000000000000000e+00,5.043572668878972820e+00,7.757550682482995619e+00
1.742565658838870377e+03,-1.767686958733522488e+03,2.191911214815053484e+02,1.984460346760097238e+01,-1.741785829698267918e+01,0.000000000000000000e+00,5.043572668878972820e+00,7.757550682482995619e+00
1.744550119185630365e+03,-1.769428744563220789e+03,2.191911214815053484e+02,1.984460346760097238e+01,-1.741785829698267918e+01,0.000000000000000000e+00,5.043572668878972820e+00,7.757550682482995619e+00
1.746534579532390353e+03,-1.771170530392919090e+03,2.191911214815053484e+02,1.984460346760097238e+01,-1.741785829698267918e+01,0.000000000000000000e+00,5.043572668878972820e+00,7.757550682482995619e+00
1.748519039879150341e+03,-1.772912316222617392e+03,2.191911214815053484e+02,1.984460346760097238e+01,-1.741785829698267918e+01,0.000000000000000000e+00,5.043572668878972820e+00,7.757550682482995619e+00
1.750503500225910329e+03,-1.774654102052315693e+03,2.191911214815053484e+02,1.984460346760097238e+01,-1.741785829698267918e+01,0.000000000000000000e+00,5.043572668878972820e+00,7.757550682482995619e+00
1.752487960572670318e+03,-1.776395887882013994e+03,2.191911214815053484e+02,1.984460346760097238e+01,-1.741785829698267918e+01,0.000000000000000000e+00,5.043572668878972820e+00,7.757550682482995619e+00
1.754472420919430306e+03,-1.778137673711712296e+03,2.191911214815053484e+02,1.984460346760097238e+01,-1.741785829698267918e+01,0.000000000000000000e+00,5.043572668878972820e+00,7.757550682482995619e+00
1.756456881266190294e+03,-1.779879459541410597e+03,2.191911214815053484e+02,1.984460346760097238e+01,-1.741785829698267918e+01,0.000000000000000000e+00,5.043572668878972820e+00,7.757550682482995619e+00
1.758441341612950282e+03,-1.781621245371108898e+03,2.191911214815053484e+02,1.984460346760097238e+01,-1.741785829698267918e+01,0.000000000000000000e+00,5.043572668878972820e+00,7.757550682482995619e+00
1.760425801959710270e+03,-1.783363031200807200e+03,2.191911214815053484e+02,1.984460346760097238e+01,-1.741785829698267918e+01,0.000000000000000000e+00,5.043572668878972820e+00,7.757550682482995619e+00
1.762410262306470258e+03,-1.785104817030505501e+03,2.191911214815053484e+02,1.984460346760097238e+01,-1.741785829698267918e+01,0.000000000000000000e+00,5.043572668878972820e+00,7.757550682482995619e+00
1.764394722653230247e+03,-1.786846602860203802e+03,2.191911214815053484e+02,1.984460346760097238e+01,-1.741785829698267918e+01,0.000000000000000000e+00,5.043572668878972820e+00,7.757550682482995619e+00
1.766379182999990235e+03,-1.788588388689902104e+03,2.191911214815053484e+02,1.984460346760097238e+01,-1.741785829698267918e+01,0.000000000000000000e+00,5.043572668878972820e+00,7.757550682482995619e+00
1.768363643346750223e+03,-1.790330174519600405e+03,2.191911214815053484e+02,1.984460346760097238e+01,-1.741785829698267918e+01,0.000000000000000000e+00,5.043572668878972820e+00,7.757550682482995619e+00
1.770348103693510211e+03,-1.792071960349298706e+03,2.191911214815053484e+02,1.984460346760097238e+01,-1.741785829698267918e+01,0.000000000000000000e+00,5.043572668878972820e+00,7.757550682482995619e+00
1.772332564040270199e+03,-1.793813746178997008e+03,2.191911214815053484e+02,1.984460346760097238e+01,-1.741785829698267918e+01,0.000000000000000000e+00,5.043572668878972820e+00,7.757550682482995619e+00
1.774317024387030187e+03,-1.795555532008695309e+03,2.191911214815053484e+02,1.984460346760097238e+01,-1.741785829698267918e+01,0.000000000000000000e+00,5.043572668878972820e+00,7.757550682482995619e+00
1.776301484733790176e+03,-1.797297317838393610e+03,2.191911214815053484e+02,1.984460346760097238e+01,-1.741785829698267918e+01,0.000000000000000000e+00,5.043572668878972820e+00,7.757550682482995619e+00
1.778285945080550164e+03,-1.799039103668091911e+03,2.191911214815053484e+02,1.984460346760097238e+01,-1.741785829698267918e+01,0.000000000000000000e+00,5.043572668878972820e+00,7.757550682482995619e+00
1.780270405427310152e+03,-1.800780889497790213e+03,2.191911214815053484e+02,1.984460346760097238e+01,-1.741785829698267918e+01,0.000000000000000000e+00,5.043572668878972820e+00,7.757550682482995619e+00
1.782254865774070140e+03,-1.802522675327488514e+03,2.191911214815053484e+02,1.984460346760097238e+01,-1.741785829698267918e+01,0.000000000000000000e+00,5.043572668878972820e+00,7.757550682482995619e+00
1.784239326120830128e+03,-1.804264461157186815e+03,2.191911214815053484e+02,1.984460346760097238e+01,-1.741785829698267918e+01,0.000000000000000000e+00,5.043572668878972820e+00,7.757550682482995619e+00
1.786223786467590116e+03,-1.806006246986885117e+03,2.191911214815053484e+02,1.984460346760097238e+01,-1.741785829698267918e+01,0.000000000000000000e+00,5.043572668878972820e+00,7.757550682482995619e+00
1.788208246814350105e+03,-1.807748032816583418e+03,2.191911214815053484e+02,1.984460346760097238e+01,-1.741785829698267918e+01,0.000000000000000000e+00,5.043572668878972820e+00,7.757550682482995619e+00
1.790192707161110093e+03,-1.809489818646281719e+03,2.191911214815053484e+02,1.984460346760097238e+01,-1.741785829698267918e+01,0.000000000000000000e+00,5.043572668878972820e+00,7.757550682482995619e+00
1.792177167507870081e+03,-1.811231604475980021e+03,2.191911214815053484e+02,1.984460346760097238e+01,-1.741785829698267918e+01,0.000000000000000000e+00,5.043572668878972820e+00,7.757550682482995619e+00
1.794161627854630069e+03,-1.812973390305678322e+03,2.191911214815053484e+02,1.984460346760097238e+01,-1.741785829698267918e+01,0.000000000000000000e+00,5.043572668878972820e+00,7.757550682482995619e+00
1.796146088201390057e+03,-1.814715176135376623e+03,2.191911214815053484e+02,1.984460346760097238e+01,-1.741785829698267918e+01,0.000000000000000000e+00,5.043572668878972820e+00,7.757550682482995619e+00
1.798130548548150045e+03,-1.816456961965074925e+03,2.191911214815053484e+02,1.984460346760097238e+01,-1.741785829698267918e+01,0.000000000000000000e+00,5.043572668878972820e+00,7.757550682482995619e+00
1.800115008894910034e+03,-1.818198747794773226e+03,2.191911214815053484e+02,1.984460346760097238e+01,-1.741785829698267918e+01,0.000000000000000000e+00,5.043572668878972820e+00,7.757550682482995619e+00
1.802099469241670022e+03,-1.819940533624471527e+03,2.191911214815053484e+02,1.984460346760097238e+01,-1.741785829698267918e+01,0.000000000000000000e+00,5.043572668878972820e+00,7.757550682482995619e+00
1.804083929588430010e+03,-1.821682319454169829e+03,2.191911214815053484e+02,1.984460346760097238e+01,-1.741785829698267918e+01,0.000000000000000000e+00,5.043572668878972820e+00,7.757550682482995619e+00
1.806068389935189998e+03,-1.823424105283868130e+03,2.191911214815053484e+02,1.984460346760097238e+01,-1.741785829698267918e+01,0.000000000000000000e+00,5.043572668878972820e+00,7.757550682482995619e+00
1.808052850281949986e+03,-1.825165891113566431e+03,2.191911214815053484e+02,1.984460346760097238e+01,-1.741785829698267918e+01,0.000000000000000000e+00,5.043572668878972820e+00,7.757550682482995619e+00
1.810037310628709974e+03,-1.826907676943264732e+03,2.191911214815053484e+02,1.984460346760097238e+01,-1.741785829698267918e+01,0.000000000000000000e+00,5.043572668878972820e+00,7.757550682482995619e+00
1.812021770975469963e+03,-1.828649462772963034e+03,2.191911214815053484e+02,1.984460346760097238e+01,-1.741785829698267918e+01,0.000000000000000000e+00,5.043572668878972820e+00,7.757550682482995619e+00
1.814006231322229951e+03,-1.830391248602661335e+03,2.191911214815053484e+02,1.984460346760097238e+01,-1.741785829698267918e+01,0.000000000000000000e+00,5.043572668878972820e+00,7.757550682482995619e+00
1.815990691668989939e+03,-1.832133034432359636e+03,2.191911214815053484e+02,1.984460346760097238e+01,-1.741785829698267918e+01,0.000000000000000000e+00,5.043572668878972820e+00,7.757550682482995619e+00
1.817975152015749927e+03,-1.833874820262057938e+03,2.191911214815053484e+02,1.984460346760097238e+01,-1.741785829698267918e+01,0.000000000000000000e+00,5.043572668878972820e+00,7.757550682482995619e+00
1.819959612362509915e+03,-1.835616606091756239e+03,2.191911214815053484e+02,1.984460346760097238e+01,-1.741785829698267918e+01,0.000000000000000000e+00,5.043572668878972820e+00,7.757550682482995619e+00
1.821944072709269903e+03,-1.837358391921454540e+03,2.191911214815053484e+02,1.984460346760097238e+01,-1.741785829698267918e+01,0.000000000000000000e+00,5.043572668878972820e+00,7.757550682482995619e+00
1.823928533056029892e+03,-1.839100177751152842e+03,2.191911214815053484e+02,1.984460346760097238e+01,-1.741785829698267918e+01,0.000000000000000000e+00,5.043572668878972820e+00,7.757550682482995619e+00
1.825912993402789880e+03,-1.840841963580851143e+03,2.191911214815053484e+02,1.984460346760097238e+01,-1.741785829698267918e+01,0.000000000000000000e+00,5.043572668878972820e+00,7.757550682482995619e+00
1.827897453749549868e+03,-1.842583749410549444e+03,2.191911214815053484e+02,1.984460346760097238e+01,-1.741785829698267918e+01,0.000000000000000000e+00,5.043572668878972820e+00,7.757550682482995619e+00
1.829881914096309856e+03,-1.844325535240247746e+03,2.191911214815053484e+02,1.984460346760097238e+01,-1.741785829698267918e+01,0.000000000000000000e+00,5.043572668878972820e+00,7.757550682482995619e+00
1.831866374443069844e+03,-1.846067321069946047e+03,2.191911214815053484e+02,1.984460346760097238e+01,-1.741785829698267918e+01,0.000000000000000000e+00,5.043572668878972820e+00,7.757550682482995619e+00
1.833850834789829833e+03,-1.847809106899644348e+03,2.191911214815053484e+02,1.984460346760097238e+01,-1.741785829698267918e+01,0.000000000000000000e+00,5.043572668878972820e+00,7.757550682482995619e+00
1.835835295136589821e+03,-1.849550892729342650e+03,2.191911214815053484e+02,1.984460346760097238e+01,-1.741785829698267918e+01,0.000000000000000000e+00,5.043572668878972820e+00,7.757550682482995619e+00
1.837819755483349809e+03,-1.851292678559040951e+03,2.191911214815053484e+02,1.984460346760097238e+01,-1.741785829698267918e+01,0.000000000000000000e+00,5.043572668878972820e+00,7.757550682482995619e+00
1.839804215830109797e+03,-1.853034464388739252e+03,2.191911214815053484e+02,1.984460346760097238e+01,-1.741785829698267918e+01,0.000000000000000000e+00,5.043572668878972820e+00,7.757550682482995619e+00
1.841788676176869785e+03,-1.854776250218437553e+03,2.191911214815053484e+02,1.984460346760097238e+01,-1.741785829698267918e+01,0.000000000000000000e+00,5.043572668878972820e+00,7.757550682482995619e+00
1.843773136523629773e+03,-1.856518036048135855e+03,2.191911214815053484e+02,1.984460346760097238e+01,-1.741785829698267918e+01,0.000000000000000000e+00,5.043572668878972820e+00,7.757550682482995619e+00
1.845757596870389762e+03,-1.858259821877834156e+03,2.191911214815053484e+02,1.984460346760097238e+01,-1.741785829698267918e+01,0.000000000000000000e+00,5.043572668878972820e+00,7.757550682482995619e+00
1.847742057217149750e+03,-1.860001607707532457e+03,2.191911214815053484e+02,1.984460346760097238e+01,-1.741785829698267918e+01,0.000000000000000000e+00,5.043572668878972820e+00,7.757550682482995619e+00
1.849726517563909738e+03,-1.861743393537230759e+03,2.191911214815053484e+02,1.984460346760097238e+01,-1.741785829698267918e+01,0.000000000000000000e+00,5.043572668878972820e+00,7.757550682482995619e+00
1.851710977910669726e+03,-1.863485179366929060e+03,2.191911214815053484e+02,1.984460346760097238e+01,-1.741785829698267918e+01,0.000000000000000000e+00,5.043572668878972820e+00,7.757550682482995619e+00
1.853695438257429714e+03,-1.865226965196627361e+03,2.191911214815053484e+02,1.984460346760097238e+01,-1.741785829698267918e+01,0.000000000000000000e+00,5.043572668878972820e+00,7.757550682482995619e+00
1.855679898604189702e+03,-1.866968751026325663e+03,2.191911214815053484e+02,1.984460346760097238e+01,-1.741785829698267918e+01,0.000000000000000000e+00,5.043572668878972820e+00,7.757550682482995619e+00
1.857664358950949691e+03,-1.868710536856023964e+03,2.191911214815053484e+02,1.984460346760097238e+01,-1.741785829698267918e+01,0.000000000000000000e+00,5.043572668878972820e+00,7.757550682482995619e+00
1.859648819297709679e+03,-1.870452322685722265e+03,2.191911214815053484e+02,1.984460346760097238e+01,-1.741785829698267918e+01,0.000000000000000000e+00,5.043572668878972820e+00,7.757550682482995619e+00
1.861633279644469667e+03,-1.872194108515420567e+03,2.191911214815053484e+02,1.984460346760097238e+01,-1.741785829698267918e+01,0.000000000000000000e+00,5.043572668878972820e+00,7.757550682482995619e+00
1.863617739991229655e+03,-1.873935894345118868e+03,2.191911214815053484e+02,1.984460346760097238e+01,-1.741785829698267918e+01,0.000000000000000000e+00,5.043572668878972820e+00,7.757550682482995619e+00
1.865602200337989643e+03,-1.875677680174817169e+03,2.191911214815053484e+02,1.984460346760097238e+01,-1.741785829698267918e+01,0.000000000000000000e+00,5.043572668878972820e+00,7.757550682482995619e+00
1.867586660684749631e+03,-1.877419466004515471e+03,2.191911214815053484e+02,1.984460346760097238e+01,-1.741785829698267918e+01,0.000000000000000000e+00,5.043572668878972820e+00,7.757550682482995619e+00
1.869571121031509620e+03,-1.879161251834213772e+03,2.191911214815053484e+02,1.984460346760097238e+01,-1.741785829698267918e+01,0.000000000000000000e+00,5.043572668878972820e+00,7.757550682482995619e+00
1.871555581378269608e+03,-1.880903037663912073e+03,2.191911214815053484e+02,1.984460346760097238e+01,-1.741785829698267918e+01,0.000000000000000000e+00,5.043572668878972820e+00,7.757550682482995619e+00
1.873540041725029596e+03,-1.882644823493610374e+03,2.191911214815053484e+02,1.984460346760097238e+01,-1.741785829698267918e+01,0.000000000000000000e+00,5.043572668878972820e+00,7.757550682482995619e+00
1.875524502071789584e+03,-1.884386609323308676e+03,2.191911214815053484e+02,1.984460346760097238e+01,-1.741785829698267918e+01,0.000000000000000000e+00,5.043572668878972820e+00,7.757550682482995619e+00
1.877508962418549572e+03,-1.886128395153006977e+03,2.191911214815053484e+02,1.984460346760097238e+01,-1.741785829698267918e+01,0.000000000000000000e+00,5.043572668878972820e+00,7.757550682482995619e+00
1.879493422765309560e+03,-1.887870180982705278e+03,2.191911214815053484e+02,1.984460346760097238e+01,-1.741785829698267918e+01,0.000000000000000000e+00,5.043572668878972820e+00,7.757550682482995619e+00
1.881477883112069549e+03,-1.889611966812403580e+03,2.191911214815053484e+02,1.984460346760097238e+01,-1.741785829698267918e+01,0.000000000000000000e+00,5.043572668878972820e+00,7.757550682482995619e+00
1.883462343458829537e+03,-1.891353752642101881e+03,2.191911214815053484e+02,1.984460346760097238e+01,-1.741785829698267918e+01,0.000000000000000000e+00,5.043572668878972820e+00,7.757550682482995619e+00
1.885446803805589525e+03,-1.893095538471800182e+03,2.191911214815053484e+02,1.984460346760097238e+01,-1.741785829698267918e+01,0.000000000000000000e+00,5.043572668878972820e+00,7.757550682482995619e+00
1.887431264152349513e+03,-1.894837324301498484e+03,2.191911214815053484e+02,1.984460346760097238e+01,-1.741785829698267918e+01,0.000000000000000000e+00,5.043572668878972820e+00,7.757550682482995619e+00
1.889415724499109501e+03,-1.896579110131196785e+03,2.191911214815053484e+02,1.984460346760097238e+01,-1.741785829698267918e+01,0.000000000000000000e+00,5.043572668878972820e+00,7.757550682482995619e+00
1.891400184845869489e+03,-1.898320895960895086e+03,2.191911214815053484e+02,1.984460346760097238e+01,-1.741785829698267918e+01,0.000000000000000000e+00,5.043572668878972820e+00,7.757550682482995619e+00
1.893384645192629478e+03,-1.900062681790593388e+03,2.191911214815053484e+02,1.984460346760097238e+01,-1.741785829698267918e+01,0.000000000000000000e+00,5.043572668878972820e+00,7.757550682482995619e+00
1.895369105539389466e+03,-1.901804467620291689e+03,2.191911214815053484e+02,1.984460346760097238e+01,-1.741785829698267918e+01,0.000000000000000000e+00,5.043572668878972820e+00,7.757550682482995619e+00
1.897353565886149454e+03,-1.903546253449989990e+03,2.191911214815053484e+02,1.984460346760097238e+01,-1.741785829698267918e+01,0.000000000000000000e+00,5.043572668878972820e+00,7.757550682482995619e+00
1.899338026232909442e+03,-1.905288039279688292e+03,2.191911214815053484e+02,1.984460346760097238e+01,-1.741785829698267918e+01,0.000000000000000000e+00,5.043572668878972820e+00,7.757550682482995619e+00
1.901322486579669430e+03,-1.907029825109386593e+03,2.191911214815053484e+02,1.984460346760097238e+01,-1.741785829698267918e+01,0.000000000000000000e+00,5.043572668878972820e+00,7.757550682482995619e+00
1.903306946926429418e+03,-1.908771610939084894e+03,2.191911214815053484e+02,1.984460346760097238e+01,-1.741785829698267918e+01,0.000000000000000000e+00,5.043572668878972820e+00,7.757550682482995619e+00
1.905291407273189407e+03,-1.910513396768783196e+03,2.191911214815053484e+02,1.984460346760097238e+01,-1.741785829698267918e+01,0.000000000000000000e+00,5.043572668878972820e+00,7.757550682482995619e+00
1.907275867619949395e+03,-1.912255182598481497e+03,2.191911214815053484e+02,1.984460346760097238e+01,-1.741785829698267918e+01,0.000000000000000000e+00,5.043572668878972820e+00,7.757550682482995619e+00
1.909260327966709383e+03,-1.913996968428179798e+03,2.191911214815053484e+02,1.984460346760097238e+01,-1.741785829698267918e+01,0.000000000000000000e+00,5.043572668878972820e+00,7.757550682482995619e+00
1.911244788313469371e+03,-1.915738754257878099e+03,2.191911214815053484e+02,1.984460346760097238e+01,-1.741785829698267918e+01,0.000000000000000000e+00,5.043572668878972820e+00,7.757550682482995619e+00
1.913229248660229359e+03,-1.917480540087576401e+03,2.191911214815053484e+02,1.984460346760097238e+01,-1.741785829698267918e+01,0.000000000000000000e+00,5.043572668878972820e+00,7.757550682482995619e+00
1.915213709006989347e+03,-1.919222325917274702e+03,2.191911214815053484e+02,1.984460346760097238e+01,-1.741785829698267918e+01,0.000000000000000000e+00,5.043572668878972820e+00,7.757550682482995619e+00
1.917198169353749336e+03,-1.920964111746973003e+03,2.191911214815053484e+02,1.984460346760097238e+01,-1.741785829698267918e+01,0.000000000000000000e+00,5.043572668878972820e+00,7.757550682482995619e+00
1.919182629700509324e+03,-1.922705897576671305e+03,2.191911214815053484e+02,1.984460346760097238e+01,-1.741785829698267918e+01,0.000000000000000000e+00,5.043572668878972820e+00,7.757550682482995619e+00
1.921167090047269312e+03,-1.924447683406369606e+03,2.191911214815053484e+02,1.984460346760097238e+01,-1.741785829698267918e+01,0.000000000000000000e+00,5.043572668878972820e+00,7.757550682482995619e+00
1.923151550394029300e+03,-1.926189469236067907e+03,2.191911214815053484e+02,1.984460346760097238e+01,-1.741785829698267918e+01,0.000000000000000000e+00,5.043572668878972820e+00,7.757550682482995619e+00
1.925136010740789288e+03,-1.927931255065766209e+03,2.191911214815053484e+02,1.984460346760097238e+01,-1.741785829698267918e+01,0.000000000000000000e+00,5.043572668878972820e+00,7.757550682482995619e+00
1.927120471087549276e+03,-1.929673040895464510e+03,2.191911214815053484e+02,1.984460346760097238e+01,-1.741785829698267918e+01,0.000000000000000000e+00,5.043572668878972820e+00,7.757550682482995619e+00
1.929104931434309265e+03,-1.931414826725162811e+03,2.191911214815053484e+02,1.984460346760097238e+01,-1.741785829698267918e+01,0.000000000000000000e+00,5.043572668878972820e+00,7.757550682482995619e+00
1.931089391781069253e+03,-1.933156612554861113e+03,2.191911214815053484e+02,1.984460346760097238e+01,-1.741785829698267918e+01,0.000000000000000000e+00,5.043572668878972820e+00,7.757550682482995619e+00
1.933073852127829241e+03,-1.934898398384559414e+03,2.191911214815053484e+02,1.984460346760097238e+01,-1.741785829698267918e+01,0.000000000000000000e+00,5.043572668878972820e+00,7.757550682482995619e+00
1.935058312474589229e+03,-1.936640184214257715e+03,2.191911214815053484e+02,1.984460346760097238e+01,-1.741785829698267918e+01,0.000000000000000000e+00,5.043572668878972820e+00,7.757550682482995619e+00
1.937042772821349217e+03,-1.938381970043956017e+03,2.191911214815053484e+02,1.984460346760097238e+01,-1.741785829698267918e+01,0.000000000000000000e+00,5.043572668878972820e+00,7.757550682482995619e+00
1.939027233168109206e+03,-1.940123755873654318e+03,2.191911214815053484e+02,1.984460346760097238e+01,-1.741785829698267918e+01,0.000000000000000000e+00,5.043572668878972820e+00,7.757550682482995619e+00
1.941011693514869194e+03,-1.941865541703352619e+03,2.191911214815053484e+02,1.984460346760097238e+01,-1.741785829698267918e+01,0.000000000000000000e+00,5.043572668878972820e+00,7.757550682482995619e+00
1.942996153861629182e+03,-1.943607327533050920e+03,2.191911214815053484e+02,1.984460346760097238e+01,-1.741785829698267918e+01,0.000000000000000000e+00,5.043572668878972820e+00,7.757550682482995619e+00
1.944980614208389170e+03,-1.945349113362749222e+03,2.191911214815053484e+02,1.984460346760097238e+01,-1.741785829698267918e+01,0.000000000000000000e+00,5.043572668878972820e+00,7.757550682482995619e+00
1.946965074555149158e+03,-1.947090899192447523e+03,2.191911214815053484e+02,1.984460346760097238e+01,-1.741785829698267918e+01,0.000000000000000000e+00,5.043572668878972820e+00,7.757550682482995619e+00
1.948949534901909146e+03,-1.948832685022145824e+03,2.191911214815053484e+02,1.984460346760097238e+01,-1.741785829698267918e+01,0.000000000000000000e+00,5.043572668878972820e+00,7.757550682482995619e+00
1.950933995248669135e+03,-1.950574470851844126e+03,2.191911214815053484e+02,1.984460346760097238e+01,-1.741785829698267918e+01,0.000000000000000000e+00,5.043572668878972820e+00,7.757550682482995619e+00
1.952918455595429123e+03,-1.952316256681542427e+03,2.191911214815053484e+02,1.984460346760097238e+01,-1.741785829698267918e+01,0.000000000000000000e+00,5.043572668878972820e+00,7.757550682482995619e+00
1.954902915942189111e+03,-1.954058042511240728e+03,2.191911214815053484e+02,1.984460346760097238e+01,-1.741785829698267918e+01,0.000000000000000000e+00,5.043572668878972820e+00,7.757550682482995619e+00
1.956887376288949099e+03,-1.955799828340939030e+03,2.191911214815053484e+02,1.984460346760097238e+01,-1.741785829698267918e+01,0.000000000000000000e+00,5.043572668878972820e+00,7.757550682482995619e+00
1.958871836635709087e+03,-1.957541614170637331e+03,2.191911214815053484e+02,1.984460346760097238e+01,-1.741785829698267918e+01,0.000000000000000000e+00,5.043572668878972820e+00,7.757550682482995619e+00
1.960856296982469075e+03,-1.959283400000335632e+03,2.191911214815053484e+02,1.984460346760097238e+01,-1.741785829698267918e+01,0.000000000000000000e+00,5.043572668878972820e+00,7.757550682482995619e+00
1.962840757329229064e+03,-1.961025185830033934e+03,2.191911214815053484e+02,1.984460346760097238e+01,-1.741785829698267918e+01,0.000000000000000000e+00,5.043572668878972820e+00,7.757550682482995619e+00
1.964825217675989052e+03,-1.962766971659732235e+03,2.191911214815053484e+02,1.984460346760097238e+01,-1.741785829698267918e+01,0.000000000000000000e+00,5.043572668878972820e+00,7.757550682482995619e+00
1.966809678022749040e+03,-1.964508757489430536e+03,2.191911214815053484e+02,1.984460346760097238e+01,-1.741785829698267918e+01,0.000000000000000000e+00,5.043572668878972820e+00,7.757550682482995619e+00
1.968794138369509028e+03,-1.966250543319128838e+03,2.191911214815053484e+02,1.984460346760097238e+01,-1.741785829698267918e+01,0.000000000000000000e+00,5.043572668878972820e+00,7.757550682482995619e+00
1.970778598716269016e+03,-1.967992329148827139e+03,2.191911214815053484e+02,1.984460346760097238e+01,-1.741785829698267918e+01,0.000000000000000000e+00,5.043572668878972820e+00,7.757550682482995619e+00
1.972763059063029004e+03,-1.969734114978525440e+03,2.191911214815053484e+02,1.984460346760097238e+01,-1.741785829698267918e+01,0.000000000000000000e+00,5.043572668878972820e+00,7.757550682482995619e+00
1.974747519409788993e+03,-1.971475900808223741e+03,2.191911214815053484e+02,1.984460346760097238e+01,-1.741785829698267918e+01,0.000000000000000000e+00,5.043572668878972820e+00,7.757550682482995619e+00
1.976731979756548981e+03,-1.973217686637922043e+03,2.191911214815053484e+02,1.984460346760097238e+01,-1.741785829698267918e+01,0.000000000000000000e+00,5.043572668878972820e+00,7.757550682482995619e+00
1.978716440103308969e+03,-1.974959472467620344e+03,2.191911214815053484e+02,1.984460346760097238e+01,-1.741785829698267918e+01,0.000000000000000000e+00,5.043572668878972820e+00,7.757550682482995619e+00
1.980700900450068957e+03,-1.976701258297318645e+03,2.191911214815053484e+02,1.984460346760097238e+01,-1.741785829698267918e+01,0.000000000000000000e+00,5.043572668878972820e+00,7.757550682482995619e+00
1.982685360796828945e+03,-1.978443044127016947e+03,2.191911214815053484e+02,1.984460346760097238e+01,-1.741785829698267918e+01,0.000000000000000000e+00,5.043572668878972820e+00,7.757550682482995619e+00
1.984669821143588933e+03,-1.980184829956715248e+03,2.191911214815053484e+02,1.984460346760097238e+01,-1.741785829698267918e+01,0.000000000000000000e+00,5.043572668878972820e+00,7.757550682482995619e+00
1.986654281490348922e+03,-1.981926615786413549e+03,2.191911214815053484e+02,1.984460346760097238e+01,-1.741785829698267918e+01,0.000000000000000000e+00,5.043572668878972820e+00,7.757550682482995619e+00
1.988638741837108910e+03,-1.983668401616111851e+03,2.191911214815053484e+02,1.984460346760097238e+01,-1.741785829698267918e+01,0.000000000000000000e+00,5.043572668878972820e+00,7.757550682482995619e+00
1.990623202183868898e+03,-1.985410187445810152e+03,2.191911214815053484e+02,1.984460346760097238e+01,-1.741785829698267918e+01,0.000000000000000000e+00,5.043572668878972820e+00,7.757550682482995619e+00
1.992607662530628886e+03,-1.987151973275508453e+03,2.191911214815053484e+02,1.984460346760097238e+01,-1.741785829698267918e+01,0.000000000000000000e+00,5.043572668878972820e+00,7.757550682482995619e+00
1.994592122877388874e+03,-1.988893759105206755e+03,2.191911214815053484e+02,1.984460346760097238e+01,-1.741785829698267918e+01,0.000000000000000000e+00,5.043572668878972820e+00,7.757550682482995619e+00
1.996576583224148862e+03,-1.990635544934905056e+03,2.191911214815053484e+02,1.984460346760097238e+01,-1.741785829698267918e+01,0.000000000000000000e+00,5.043572668878972820e+00,7.757550682482995619e+00
1.998561043570908851e+03,-1.992377330764603357e+03,2.191911214815053484e+02,1.984460346760097238e+01,-1.741785829698267918e+01,0.000000000000000000e+00,5.043572668878972820e+00,7.757550682482995619e+00
2.000545503917668839e+03,-1.994119116594301659e+03,2.191911214815053484e+02,1.984460346760097238e+01,-1.741785829698267918e+01,0.000000000000000000e+00,5.043572668878972820e+00,7.757550682482995619e+00
2.002529964264428827e+03,-1.995860902423999960e+03,2.191911214815053484e+02,1.984460346760097238e+01,-1.741785829698267918e+01,0.000000000000000000e+00,5.043572668878972820e+00,7.757550682482995619e+00
2.004514424611188815e+03,-1.997602688253698261e+03,2.191911214815053484e+02,1.984460346760097238e+01,-1.741785829698267918e+01,0.000000000000000000e+00,5.043572668878972820e+00,7.757550682482995619e+00
2.006498884957948803e+03,-1.999344474083396562e+03,2.191911214815053484e+02,1.984460346760097238e+01,-1.741785829698267918e+01,0.000000000000000000e+00,5.043572668878972820e+00,7.757550682482995619e+00
2.008483345304708791e+03,-2.001086259913094864e+03,2.191911214815053484e+02,1.984460346760097238e+01,-1.741785829698267918e+01,0.000000000000000000e+00,5.043572668878972820e+00,7.757550682482995619e+00
2.010467805651468780e+03,-2.002828045742793165e+03,2.191911214815053484e+02,1.984460346760097238e+01,-1.741785829698267918e+01,0.000000000000000000e+00,5.043572668878972820e+00,7.757550682482995619e+00
2.012452265998228768e+03,-2.004569831572491466e+03,2.191911214815053484e+02,1.984460346760097238e+01,-1.741785829698267918e+01,0.000000000000000000e+00,5.043572668878972820e+00,7.757550682482995619e+00
2.014436726344988756e+03,-2.006311617402189768e+03,2.191911214815053484e+02,1.984460346760097238e+01,-1.741785829698267918e+01,0.000000000000000000e+00,5.043572668878972820e+00,7.757550682482995619e+00
2.016421186691748744e+03,-2.008053403231888069e+03,2.191911214815053484e+02,1.984460346760097238e+01,-1.741785829698267918e+01,0.000000000000000000e+00,5.043572668878972820e+00,7.757550682482995619e+00
2.018405647038508732e+03,-2.009795189061586370e+03,2.191911214815053484e+02,1.984460346760097238e+01,-1.741785829698267918e+01,0.000000000000000000e+00,5.043572668878972820e+00,7.757550682482995619e+00
2.020390107385268720e+03,-2.011536974891284672e+03,2.191911214815053484e+02,1.984460346760097238e+01,-1.741785829698267918e+01,0.000000000000000000e+00,5.043572668878972820e+00,7.757550682482995619e+00
2.022374567732028709e+03,-2.013278760720982973e+03,2.191911214815053484e+02,1.984460346760097238e+01,-1.741785829698267918e+01,0.000000000000000000e+00,5.043572668878972820e+00,7.757550682482995619e+00
2.024359028078788697e+03,-2.015020546550681274e+03,2.191911214815053484e+02,1.984460346760097238e+01,-1.741785829698267918e+01,0.000000000000000000e+00,5.043572668878972820e+00,7.757550682482995619e+00
2.026343488425548685e+03,-2.016762332380379576e+03,2.191911214815053484e+02,1.984460346760097238e+01,-1.741785829698267918e+01,0.000000000000000000e+00,5.043572668878972820e+00,7.757550682482995619e+00
2.028327948772308673e+03,-2.018504118210077877e+03,2.191911214815053484e+02,1.984460346760097238e+01,-1.741785829698267918e+01,0.000000000000000000e+00,5.043572668878972820e+00,7.757550682482995619e+00
2.030312409119068661e+03,-2.020245904039776178e+03,2.191911214815053484e+02,1.984460346760097238e+01,-1.741785829698267918e+01,0.000000000000000000e+00,5.043572668878972820e+00,7.757550682482995619e+00
2.032296869465828649e+03,-2.021987689869474480e+03,2.191911214815053484e+02,1.984460346760097238e+01,-1.741785829698267918e+01,0.000000000000000000e+00,5.043572668878972820e+00,7.757550682482995619e+00
2.034281329812588638e+03,-2.023729475699172781e+03,2.191911214815053484e+02,1.984460346760097238e+01,-1.741785829698267918e+01,0.000000000000000000e+00,5.043572668878972820e+00,7.757550682482995619e+00
2.036265790159348626e+03,-2.025471261528871082e+03,2.191911214815053484e+02,1.984460346760097238e+01,-1.741785829698267918e+01,0.000000000000000000e+00,5.043572668878972820e+00,7.757550682482995619e+00
2.038250250506108614e+03,-2.027213047358569384e+03,2.191911214815053484e+02,1.984460346760097238e+01,-1.741785829698267918e+01,0.000000000000000000e+00,5.043572668878972820e+00,7.757550682482995619e+00
2.040234710852868602e+03,-2.028954833188267685e+03,2.191911214815053484e+02,1.984460346760097238e+01,-1.741785829698267918e+01,0.000000000000000000e+00,5.043572668878972820e+00,7.757550682482995619e+00
2.042219171199628590e+03,-2.030696619017965986e+03,2.191911214815053484e+02,1.984460346760097238e+01,-1.741785829698267918e+01,0.000000000000000000e+00,5.043572668878972820e+00,7.757550682482995619e+00
2.044203631546388578e+03,-2.032438404847664287e+03,2.191911214815053484e+02,1.984460346760097238e+01,-1.741785829698267918e+01,0.000000000000000000e+00,5.043572668878972820e+00,7.757550682482995619e+00
2.046188091893148567e+03,-2.034180190677362589e+03,2.191911214815053484e+02,1.984460346760097238e+01,-1.741785829698267918e+01,0.000000000000000000e+00,5.043572668878972820e+00,7.757550682482995619e+00
2.048172552239908782e+03,-2.035921976507060890e+03,2.191911214815053484e+02,1.984460346760097238e+01,-1.741785829698267918e+01,0.000000000000000000e+00,5.043572668878972820e+00,7.757550682482995619e+00
2.050157012586668770e+03,-2.037663762336759191e+03,2.191911214815053484e+02,1.984460346760097238e+01,-1.741785829698267918e+01,0.000000000000000000e+00,5.043572668878972820e+00,7.757550682482995619e+00
2.052141472933428759e+03,-2.039405548166457493e+03,2.191911214815053484e+02,1.984460346760097238e+01,-1.741785829698267918e+01,0.000000000000000000e+00,5.043572668878972820e+00,7.757550682482995619e+00
2.054125933280188747e+03,-2.041147333996155794e+03,2.191911214815053484e+02,1.984460346760097238e+01,-1.741785829698267918e+01,0.000000000000000000e+00,5.043572668878972820e+00,7.757550682482995619e+00
2.056110393626948735e+03,-2.042889119825854095e+03,2.191911214815053484e+02,1.984460346760097238e+01,-1.741785829698267918e+01,0.000000000000000000e+00,5.043572668878972820e+00,7.757550682482995619e+00
2.058094853973708723e+03,-2.044630905655552397e+03,2.191911214815053484e+02,1.984460346760097238e+01,-1.741785829698267918e+01,0.000000000000000000e+00,5.043572668878972820e+00,7.757550682482995619e+00
2.060079314320468711e+03,-2.046372691485250698e+03,2.191911214815053484e+02,1.984460346760097238e+01,-1.741785829698267918e+01,0.000000000000000000e+00,5.043572668878972820e+00,7.757550682482995619e+00
2.062063774667228699e+03,-2.048114477314948999e+03,2.191911214815053484e+02,1.984460346760097238e+01,-1.741785829698267918e+01,0.000000000000000000e+00,5.043572668878972820e+00,7.757550682482995619e+00
2.064048235013988688e+03,-2.049856263144647073e+03,2.191911214815053484e+02,1.984460346760097238e+01,-1.741785829698267918e+01,0.000000000000000000e+00,5.043572668878972820e+00,7.757550682482995619e+00
2.066032695360748676e+03,-2.051598048974345147e+03,2.191911214815053484e+02,1.984460346760097238e+01,-1.741785829698267918e+01,0.000000000000000000e+00,5.043572668878972820e+00,7.757550682482995619e+00
2.068017155707508664e+03,-2.053339834804043221e+03,2.191911214815053484e+02,1.984460346760097238e+01,-1.741785829698267918e+01,0.000000000000000000e+00,5.043572668878972820e+00,7.757550682482995619e+00
2.070001616054268652e+03,-2.055081620633741295e+03,2.191911214815053484e+02,1.984460346760097238e+01,-1.741785829698267918e+01,0.000000000000000000e+00,5.043572668878972820e+00,7.757550682482995619e+00
2.071986076401028640e+03,-2.056823406463439369e+03,2.191911214815053484e+02,1.984460346760097238e+01,-1.741785829698267918e+01,0.000000000000000000e+00,5.043572668878972820e+00,7.757550682482995619e+00
2.073970536747788628e+03,-2.058565192293137443e+03,2.191911214815053484e+02,1.984460346760097238e+01,-1.741785829698267918e+01,0.000000000000000000e+00,5.043572668878972820e+00,7.757550682482995619e+00
2.075954997094548617e+03,-2.060306978122835517e+03,2.191911214815053484e+02,1.984460346760097238e+01,-1.741785829698267918e+01,0.000000000000000000e+00,5.043572668878972820e+00,7.757550682482995619e+00
2.077939457441308605e+03,-2.062048763952533591e+03,2.191911214815053484e+02,1.984460346760097238e+01,-1.741785829698267918e+01,0.000000000000000000e+00,5.043572668878972820e+00,7.757550682482995619e+00
2.079923917788068593e+03,-2.063790549782231665e+03,2.191911214815053484e+02,1.984460346760097238e+01,-1.741785829698267918e+01,0.000000000000000000e+00,5.043572668878972820e+00,7.757550682482995619e+00
2.081908378134828581e+03,-2.065532335611929739e+03,2.191911214815053484e+02,1.984460346760097238e+01,-1.741785829698267918e+01,0.000000000000000000e+00,5.043572668878972820e+00,7.757550682482995619e+00
2.083892838481588569e+03,-2.067274121441627813e+03,2.191911214815053484e+02,1.984460346760097238e+01,-1.741785829698267918e+01,0.000000000000000000e+00,5.043572668878972820e+00,7.757550682482995619e+00
2.085877298828348557e+03,-2.069015907271325887e+03,2.191911214815053484e+02,1.984460346760097238e+01,-1.741785829698267918e+01,0.000000000000000000e+00,5.043572668878972820e+00,7.757550682482995619e+00
2.087861759175108546e+03,-2.070757693101023960e+03,2.191911214815053484e+02,1.984460346760097238e+01,-1.741785829698267918e+01,0.000000000000000000e+00,5.043572668878972820e+00,7.757550682482995619e+00
2.089846219521868534e+03,-2.072499478930722034e+03,2.191911214815053484e+02,1.984460346760097238e+01,-1.741785829698267918e+01,0.000000000000000000e+00,5.043572668878972820e+00,7.757550682482995619e+00
2.091830679868628522e+03,-2.074241264760420108e+03,2.191911214815053484e+02,1.984460346760097238e+01,-1.741785829698267918e+01,0.000000000000000000e+00,5.043572668878972820e+00,7.757550682482995619e+00
2.093815140215388510e+03,-2.075983050590118182e+03,2.191911214815053484e+02,1.984460346760097238e+01,-1.741785829698267918e+01,0.000000000000000000e+00,5.043572668878972820e+00,7.757550682482995619e+00
2.095799600562148498e+03,-2.077724836419816256e+03,2.191911214815053484e+02,1.984460346760097238e+01,-1.741785829698267918e+01,0.000000000000000000e+00,5.043572668878972820e+00,7.757550682482995619e+00
2.097784060908908486e+03,-2.079466622249514330e+03,2.191911214815053484e+02,1.984460346760097238e+01,-1.741785829698267918e+01,0.000000000000000000e+00,5.043572668878972820e+00,7.757550682482995619e+00
2.099768521255668475e+03,-2.081208408079212404e+03,2.191911214815053484e+02,1.984460346760097238e+01,-1.741785829698267918e+01,0.000000000000000000e+00,5.043572668878972820e+00,7.757550682482995619e+00
2.101752981602428463e+03,-2.082950193908910478e+03,2.191911214815053484e+02,1.984460346760097238e+01,-1.741785829698267918e+01,0.000000000000000000e+00,5.043572668878972820e+00,7.757550682482995619e+00
2.103737441949188451e+03,-2.084691979738608552e+03,2.191911214815053484e+02,1.984460346760097238e+01,-1.741785829698267918e+01,0.000000000000000000e+00,5.043572668878972820e+00,7.757550682482995619e+00
2.105721902295948439e+03,-2.086433765568306626e+03,2.191911214815053484e+02,1.984460346760097238e+01,-1.741785829698267918e+01,0.000000000000000000e+00,5.043572668878972820e+00,7.757550682482995619e+00
2.107706362642708427e+03,-2.088175551398004700e+03,2.191911214815053484e+02,1.984460346760097238e+01,-1.741785829698267918e+01,0.000000000000000000e+00,5.043572668878972820e+00,7.757550682482995619e+00
2.109690822989468415e+03,-2.089917337227702774e+03,2.191911214815053484e+02,1.984460346760097238e+01,-1.741785829698267918e+01,0.000000000000000000e+00,5.043572668878972820e+00,7.757550682482995619e+00
2.111675283336228404e+03,-2.091659123057400848e+03,2.191911214815053484e+02,1.984460346760097238e+01,-1.741785829698267918e+01,0.000000000000000000e+00,5.043572668878972820e+00,7.757550682482995619e+00
2.113659743682988392e+03,-2.093400908887098922e+03,2.191911214815053484e+02,1.984460346760097238e+01,-1.741785829698267918e+01,0.000000000000000000e+00,5.043572668878972820e+00,7.757550682482995619e+00
2.115644204029748380e+03,-2.095142694716796996e+03,2.191911214815053484e+02,1.984460346760097238e+01,-1.741785829698267918e+01,0.000000000000000000e+00,5.043572668878972820e+00,7.757550682482995619e+00
2.117628664376508368e+03,-2.096884480546495070e+03,2.191911214815053484e+02,1.984460346760097238e+01,-1.741785829698267918e+01,0.000000000000000000e+00,5.043572668878972820e+00,7.757550682482995619e+00
2.119613124723268356e+03,-2.098626266376193144e+03,2.191911214815053484e+02,1.984460346760097238e+01,-1.741785829698267918e+01,0.000000000000000000e+00,5.043572668878972820e+00,7.757550682482995619e+00
2.121597585070028344e+03,-2.100368052205891217e+03,2.191911214815053484e+02,1.984460346760097238e+01,-1.741785829698267918e+01,0.000000000000000000e+00,5.043572668878972820e+00,7.757550682482995619e+00
2.123582045416788333e+03,-2.102109838035589291e+03,2.191911214815053484e+02,1.984460346760097238e+01,-1.741785829698267918e+01,0.000000000000000000e+00,5.043572668878972820e+00,7.757550682482995619e+00
2.125566505763548321e+03,-2.103851623865287365e+03,2.191911214815053484e+02,1.984460346760097238e+01,-1.741785829698267918e+01,0.000000000000000000e+00,5.043572668878972820e+00,7.757550682482995619e+00
2.127550966110308309e+03,-2.105593409694985439e+03,2.191911214815053484e+02,1.984460346760097238e+01,-1.741785829698267918e+01,0.000000000000000000e+00,5.043572668878972820e+00,7.757550682482995619e+00
2.129535426457068297e+03,-2.107335195524683513e+03,2.191911214815053484e+02,1.984460346760097238e+01,-1.741785829698267918e+01,0.000000000000000000e+00,5.043572668878972820e+00,7.757550682482995619e+00
2.131519886803828285e+03,-2.109076981354381587e+03,2.191911214815053484e+02,1.984460346760097238e+01,-1.741785829698267918e+01,0.000000000000000000e+00,5.043572668878972820e+00,7.757550682482995619e+00
2.133504347150588274e+03,-2.110818767184079661e+03,2.191911214815053484e+02,1.984460346760097238e+01,-1.741785829698267918e+01,0.000000000000000000e+00,5.043572668878972820e+00,7.757550682482995619e+00
2.135488807497348262e+03,-2.112560553013777735e+03,2.191911214815053484e+02,1.984460346760097238e+01,-1.741785829698267918e+01,0.000000000000000000e+00,5.043572668878972820e+00,7.757550682482995619e+00
2.137473267844108250e+03,-2.114302338843475809e+03,2.191911214815053484e+02,1.984460346760097238e+01,-1.741785829698267918e+01,0.000000000000000000e+00,5.043572668878972820e+00,7.757550682482995619e+00
2.139457728190868238e+03,-2.116044124673173883e+03,2.191911214815053484e+02,1.984460346760097238e+01,-1.741785829698267918e+01,0.000000000000000000e+00,5.043572668878972820e+00,7.757550682482995619e+00
2.141442188537628226e+03,-2.117785910502871957e+03,2.191911214815053484e+02,1.984460346760097238e+01,-1.741785829698267918e+01,0.000000000000000000e+00,5.043572668878972820e+00,7.757550682482995619e+00
2.143426648884388214e+03,-2.119527696332570031e+03,2.191911214815053484e+02,1.984460346760097238e+01,-1.741785829698267918e+01,0.000000000000000000e+00,5.043572668878972820e+00,7.757550682482995619e+00
2.145411109231148203e+03,-2.121269482162268105e+03,2.191911214815053484e+02,1.984460346760097238e+01,-1.741785829698267918e+01,0.000000000000000000e+00,5.043572668878972820e+00,7.757550682482995619e+00
2.147395569577908191e+03,-2.123011267991966179e+03,2.191911214815053484e+02,1.984460346760097238e+01,-1.741785829698267918e+01,0.000000000000000000e+00,5.043572668878972820e+00,7.757550682482995619e+00
2.149380029924668179e+03,-2.124753053821664253e+03,2.191911214815053484e+02,1.984460346760097238e+01,-1.741785829698267918e+01,0.000000000000000000e+00,5.043572668878972820e+00,7.757550682482995619e+00
2.151364490271428167e+03,-2.126494839651362327e+03,2.191911214815053484e+02,1.984460346760097238e+01,-1.741785829698267918e+01,0.000000000000000000e+00,5.043572668878972820e+00,7.757550682482995619e+00
2.153348950618188155e+03,-2.128236625481060400e+03,2.191911214815053484e+02,1.984460346760097238e+01,-1.741785829698267918e+01,0.000000000000000000e+00,5.043572668878972820e+00,7.757550682482995619e+00
2.155333410964948143e+03,-2.129978411310758474e+03,2.191911214815053484e+02,1.984460346760097238e+01,-1.741785829698267918e+01,0.000000000000000000e+00,5.043572668878972820e+00,7.757550682482995619e+00
2.157317871311708132e+03,-2.131720197140456548e+03,2.191911214815053484e+02,1.984460346760097238e+01,-1.741785829698267918e+01,0.000000000000000000e+00,5.043572668878972820e+00,7.757550682482995619e+00
2.159302331658468120e+03,-2.133461982970154622e+03,2.191911214815053484e+02,1.984460346760097238e+01,-1.741785829698267918e+01,0.000000000000000000e+00,5.043572668878972820e+00,7.757550682482995619e+00
2.161286792005228108e+03,-2.135203768799852696e+03,2.191911214815053484e+02,1.984460346760097238e+01,-1.741785829698267918e+01,0.000000000000000000e+00,5.043572668878972820e+00,7.757550682482995619e+00
2.163271252351988096e+03,-2.136945554629550770e+03,2.191911214815053484e+02,1.984460346760097238e+01,-1.741785829698267918e+01,0.000000000000000000e+00,5.043572668878972820e+00,7.757550682482995619e+00
2.165255712698748084e+03,-2.138687340459248844e+03,2.191911214815053484e+02,1.984460346760097238e+01,-1.741785829698267918e+01,0.000000000000000000e+00,5.043572668878972820e+00,7.757550682482995619e+00
2.167240173045508072e+03,-2.140429126288946918e+03,2.191911214815053484e+02,1.984460346760097238e+01,-1.741785829698267918e+01,0.000000000000000000e+00,5.043572668878972820e+00,7.757550682482995619e+00
2.169224633392268061e+03,-2.142170912118644992e+03,2.191911214815053484e+02,1.984460346760097238e+01,-1.741785829698267918e+01,0.000000000000000000e+00,5.043572668878972820e+00,7.757550682482995619e+00
2.171209093739028049e+03,-2.143912697948343066e+03,2.191911214815053484e+02,1.984460346760097238e+01,-1.741785829698267918e+01,0.000000000000000000e+00,5.043572668878972820e+00,7.757550682482995619e+00
2.173193554085788037e+03,-2.145654483778041140e+03,2.191911214815053484e+02,1.984460346760097238e+01,-1.741785829698267918e+01,0.000000000000000000e+00,5.043572668878972820e+00,7.757550682482995619e+00
2.175178014432548025e+03,-2.147396269607739214e+03,2.191911214815053484e+02,1.984460346760097238e+01,-1.741785829698267918e+01,0.000000000000000000e+00,5.043572668878972820e+00,7.757550682482995619e+00
2.177162474779308013e+03,-2.149138055437437288e+03,2.191911214815053484e+02,1.984460346760097238e+01,-1.741785829698267918e+01,0.000000000000000000e+00,5.043572668878972820e+00,7.757550682482995619e+00
2.179146935126068001e+03,-2.150879841267135362e+03,2.191911214815053484e+02,1.984460346760097238e+01,-1.741785829698267918e+01,0.000000000000000000e+00,5.043572668878972820e+00,7.757550682482995619e+00
2.181131395472827990e+03,-2.152621627096833436e+03,2.191911214815053484e+02,1.984460346760097238e+01,-1.741785829698267918e+01,0.000000000000000000e+00,5.043572668878972820e+00,7.757550682482995619e+00
2.183115855819587978e+03,-2.154363412926531510e+03,2.191911214815053484e+02,1.984460346760097238e+01,-1.741785829698267918e+01,0.000000000000000000e+00,5.043572668878972820e+00,7.757550682482995619e+00
2.185100316166347966e+03,-2.156105198756229584e+03,2.191911214815053484e+02,1.984460346760097238e+01,-1.741785829698267918e+01,0.000000000000000000e+00,5.043572668878972820e+00,7.757550682482995619e+00
2.187084776513107954e+03,-2.157846984585927657e+03,2.191911214815053484e+02,1.984460346760097238e+01,-1.741785829698267918e+01,0.000000000000000000e+00,5.043572668878972820e+00,7.757550682482995619e+00
2.189069236859867942e+03,-2.159588770415625731e+03,2.191911214815053484e+02,1.984460346760097238e+01,-1.741785829698267918e+01,0.000000000000000000e+00,5.043572668878972820e+00,7.757550682482995619e+00
2.191053697206627930e+03,-2.161330556245323805e+03,2.191911214815053484e+02,1.984460346760097238e+01,-1.741785829698267918e+01,0.000000000000000000e+00,5.043572668878972820e+00,7.757550682482995619e+00
2.193038157553387919e+03,-2.163072342075021879e+03,2.191911214815053484e+02,1.984460346760097238e+01,-1.741785829698267918e+01,0.000000000000000000e+00,5.043572668878972820e+00,7.757550682482995619e+00
2.195022617900147907e+03,-2.164814127904719953e+03,2.191911214815053484e+02,1.984460346760097238e+01,-1.741785829698267918e+01,0.000000000000000000e+00,5.043572668878972820e+00,7.757550682482995619e+00
2.197007078246907895e+03,-2.166555913734418027e+03,2.191911214815053484e+02,1.984460346760097238e+01,-1.741785829698267918e+01,0.000000000000000000e+00,5.043572668878972820e+00,7.757550682482995619e+00
2.198991538593667883e+03,-2.168297699564116101e+03,2.191911214815053484e+02,1.984460346760097238e+01,-1.741785829698267918e+01,0.000000000000000000e+00,5.043572668878972820e+00,7.757550682482995619e+00
2.200975998940427871e+03,-2.170039485393814175e+03,2.191911214815053484e+02,1.984460346760097238e+01,-1.741785829698267918e+01,0.000000000000000000e+00,5.043572668878972820e+00,7.757550682482995619e+00
2.202960459287187859e+03,-2.171781271223512249e+03,2.191911214815053484e+02,1.984460346760097238e+01,-1.741785829698267918e+01,0.000000000000000000e+00,5.043572668878972820e+00,7.757550682482995619e+00
2.204944919633947848e+03,-2.173523057053210323e+03,2.191911214815053484e+02,1.984460346760097238e+01,-1.741785829698267918e+01,0.000000000000000000e+00,5.043572668878972820e+00,7.757550682482995619e+00
2.206929379980707836e+03,-2.175264842882908397e+03,2.191911214815053484e+02,1.984460346760097238e+01,-1.741785829698267918e+01,0.000000000000000000e+00,5.043572668878972820e+00,7.757550682482995619e+00
2.208913840327467824e+03,-2.177006628712606471e+03,2.191911214815053484e+02,1.984460346760097238e+01,-1.741785829698267918e+01,0.000000000000000000e+00,5.043572668878972820e+00,7.757550682482995619e+00
2.210898300674227812e+03,-2.178748414542304545e+03,2.191911214815053484e+02,1.984460346760097238e+01,-1.741785829698267918e+01,0.000000000000000000e+00,5.043572668878972820e+00,7.757550682482995619e+00
2.212882761020987800e+03,-2.180490200372002619e+03,2.191911214815053484e+02,1.984460346760097238e+01,-1.741785829698267918e+01,0.000000000000000000e+00,5.043572668878972820e+00,7.757550682482995619e+00
2.214867221367747788e+03,-2.182231986201700693e+03,2.191911214815053484e+02,1.984460346760097238e+01,-1.741785829698267918e+01,0.000000000000000000e+00,5.043572668878972820e+00,7.757550682482995619e+00
2.216851681714507777e+03,-2.183973772031398767e+03,2.191911214815053484e+02,1.984460346760097238e+01,-1.741785829698267918e+01,0.000000000000000000e+00,5.043572668878972820e+00,7.757550682482995619e+00
2.218836142061267765e+03,-2.185715557861096840e+03,2.191911214815053484e+02,1.984460346760097238e+01,-1.741785829698267918e+01,0.000000000000000000e+00,5.043572668878972820e+00,7.757550682482995619e+00
2.220820602408027753e+03,-2.187457343690794914e+03,2.191911214815053484e+02,1.984460346760097238e+01,-1.741785829698267918e+01,0.000000000000000000e+00,5.043572668878972820e+00,7.757550682482995619e+00
2.222805062754787741e+03,-2.189199129520492988e+03,2.191911214815053484e+02,1.984460346760097238e+01,-1.741785829698267918e+01,0.000000000000000000e+00,5.043572668878972820e+00,7.757550682482995619e+00
2.224789523101547729e+03,-2.190940915350191062e+03,2.191911214815053484e+02,1.984460346760097238e+01,-1.741785829698267918e+01,0.000000000000000000e+00,5.043572668878972820e+00,7.757550682482995619e+00
2.226773983448307717e+03,-2.192682701179889136e+03,2.191911214815053484e+02,1.984460346760097238e+01,-1.741785829698267918e+01,0.000000000000000000e+00,5.043572668878972820e+00,7.757550682482995619e+00
2.228758443795067706e+03,-2.194424487009587210e+03,2.191911214815053484e+02,1.984460346760097238e+01,-1.741785829698267918e+01,0.000000000000000000e+00,5.043572668878972820e+00,7.757550682482995619e+00
2.230742904141827694e+03,-2.196166272839285284e+03,2.191911214815053484e+02,1.984460346760097238e+01,-1.741785829698267918e+01,0.000000000000000000e+00,5.043572668878972820e+00,7.757550682482995619e+00
2.232727364488587682e+03,-2.197908058668983358e+03,2.191911214815053484e+02,1.984460346760097238e+01,-1.741785829698267918e+01,0.000000000000000000e+00,5.043572668878972820e+00,7.757550682482995619e+00
2.234711824835347670e+03,-2.199649844498681432e+03,2.191911214815053484e+02,1.984460346760097238e+01,-1.741785829698267918e+01,0.000000000000000000e+00,5.043572668878972820e+00,7.757550682482995619e+00
2.236696285182107658e+03,-2.201391630328379506e+03,2.191911214815053484e+02,1.984460346760097238e+01,-1.741785829698267918e+01,0.000000000000000000e+00,5.043572668878972820e+00,7.757550682482995619e+00
2.238680745528867646e+03,-2.203133416158077580e+03,2.191911214815053484e+02,1.984460346760097238e+01,-1.741785829698267918e+01,0.000000000000000000e+00,5.043572668878972820e+00,7.757550682482995619e+00
2.240665205875627635e+03,-2.204875201987775654e+03,2.191911214815053484e+02,1.984460346760097238e+01,-1.741785829698267918e+01,0.000000000000000000e+00,5.043572668878972820e+00,7.757550682482995619e+00
2.242649666222387623e+03,-2.206616987817473728e+03,2.191911214815053484e+02,1.984460346760097238e+01,-1.741785829698267918e+01,0.000000000000000000e+00,5.043572668878972820e+00,7.757550682482995619e+00
2.244634126569147611e+03,-2.208358773647171802e+03,2.191911214815053484e+02,1.984460346760097238e+01,-1.741785829698267918e+01,0.000000000000000000e+00,5.043572668878972820e+00,7.757550682482995619e+00
2.246618586915907599e+03,-2.210100559476869876e+03,2.191911214815053484e+02,1.984460346760097238e+01,-1.741785829698267918e+01,0.000000000000000000e+00,5.043572668878972820e+00,7.757550682482995619e+00
2.248603047262667587e+03,-2.211842345306567950e+03,2.191911214815053484e+02,1.984460346760097238e+01,-1.741785829698267918e+01,0.000000000000000000e+00,5.043572668878972820e+00,7.757550682482995619e+00
2.250587507609427576e+03,-2.213584131136266024e+03,2.191911214815053484e+02,1.984460346760097238e+01,-1.741785829698267918e+01,0.000000000000000000e+00,5.043572668878972820e+00,7.757550682482995619e+00
2.252571967956187564e+03,-2.215325916965964097e+03,2.191911214815053484e+02,1.984460346760097238e+01,-1.741785829698267918e+01,0.000000000000000000e+00,5.043572668878972820e+00,7.757550682482995619e+00
2.254556428302947552e+03,-2.217067702795662171e+03,2.191911214815053484e+02,1.984460346760097238e+01,-1.741785829698267918e+01,0.000000000000000000e+00,5.043572668878972820e+00,7.757550682482995619e+00
2.256540888649707540e+03,-2.218809488625360245e+03,2.191911214815053484e+02,1.984460346760097238e+01,-1.741785829698267918e+01,0.000000000000000000e+00,5.043572668878972820e+00,7.757550682482995619e+00
2.258525348996467528e+03,-2.220551274455058319e+03,2.191911214815053484e+02,1.984460346760097238e+01,-1.741785829698267918e+01,0.000000000000000000e+00,5.043572668878972820e+00,7.757550682482995619e+00
2.260509809343227516e+03,-2.222293060284756393e+03,2.191911214815053484e+02,1.984460346760097238e+01,-1.741785829698267918e+01,0.000000000000000000e+00,5.043572668878972820e+00,7.757550682482995619e+00
2.262494269689987505e+03,-2.224034846114454467e+03,2.191911214815053484e+02,1.984460346760097238e+01,-1.741785829698267918e+01,0.000000000000000000e+00,5.043572668878972820e+00,7.757550682482995619e+00
2.264478730036747493e+03,-2.225776631944152541e+03,2.191911214815053484e+02,1.984460346760097238e+01,-1.741785829698267918e+01,0.000000000000000000e+00,5.043572668878972820e+00,7.757550682482995619e+00
2.266463190383507481e+03,-2.227518417773850615e+03,2.191911214815053484e+02,1.984460346760097238e+01,-1.741785829698267918e+01,0.000000000000000000e+00,5.043572668878972820e+00,7.757550682482995619e+00
2.268447650730267469e+03,-2.229260203603548689e+03,2.191911214815053484e+02,1.984460346760097238e+01,-1.741785829698267918e+01,0.000000000000000000e+00,5.043572668878972820e+00,7.757550682482995619e+00
2.270432111077027457e+03,-2.231001989433246763e+03,2.191911214815053484e+02,1.984460346760097238e+01,-1.741785829698267918e+01,0.000000000000000000e+00,5.043572668878972820e+00,7.757550682482995619e+00
2.272416571423787445e+03,-2.232743775262944837e+03,2.191911214815053484e+02,1.984460346760097238e+01,-1.741785829698267918e+01,0.000000000000000000e+00,5.043572668878972820e+00,7.757550682482995619e+00
2.274401031770547434e+03,-2.234485561092642911e+03,2.191911214815053484e+02,1.984460346760097238e+01,-1.741785829698267918e+01,0.000000000000000000e+00,5.043572668878972820e+00,7.757550682482995619e+00
2.276385492117307422e+03,-2.236227346922340985e+03,2.191911214815053484e+02,1.984460346760097238e+01,-1.741785829698267918e+01,0.000000000000000000e+00,5.043572668878972820e+00,7.757550682482995619e+00
2.278369952464067410e+03,-2.237969132752039059e+03,2.191911214815053484e+02,1.984460346760097238e+01,-1.741785829698267918e+01,0.000000000000000000e+00,5.043572668878972820e+00,7.757550682482995619e+00
2.280354412810827398e+03,-2.239710918581737133e+03,2.191911214815053484e+02,1.984460346760097238e+01,-1.741785829698267918e+01,0.000000000000000000e+00,5.043572668878972820e+00,7.757550682482995619e+00
2.282338873157587386e+03,-2.241452704411435207e+03,2.191911214815053484e+02,1.984460346760097238e+01,-1.741785829698267918e+01,0.000000000000000000e+00,5.043572668878972820e+00,7.757550682482995619e+00
2.284323333504347374e+03,-2.243194490241133281e+03,2.191911214815053484e+02,1.984460346760097238e+01,-1.741785829698267918e+01,0.000000000000000000e+00,5.043572668878972820e+00,7.757550682482995619e+00
2.286307793851107363e+03,-2.244936276070831354e+03,2.191911214815053484e+02,1.984460346760097238e+01,-1.741785829698267918e+01,0.000000000000000000e+00,5.043572668878972820e+00,7.757550682482995619e+00
2.288292254197867351e+03,-2.246678061900529428e+03,2.191911214815053484e+02,1.984460346760097238e+01,-1.741785829698267918e+01,0.000000000000000000e+00,5.043572668878972820e+00,7.757550682482995619e+00
2.290276714544627339e+03,-2.248419847730227502e+03,2.191911214815053484e+02,1.984460346760097238e+01,-1.741785829698267918e+01,0.000000000000000000e+00,5.043572668878972820e+00,7.757550682482995619e+00
2.292261174891387327e+03,-2.250161633559925576e+03,2.191911214815053484e+02,1.984460346760097238e+01,-1.741785829698267918e+01,0.000000000000000000e+00,5.043572668878972820e+00,7.757550682482995619e+00
2.294245635238147315e+03,-2.251903419389623650e+03,2.191911214815053484e+02,1.984460346760097238e+01,-1.741785829698267918e+01,0.000000000000000000e+00,5.043572668878972820e+00,7.757550682482995619e+00
2.296230095584907303e+03,-2.253645205219321724e+03,2.191911214815053484e+02,1.984460346760097238e+01,-1.741785829698267918e+01,0.000000000000000000e+00,5.043572668878972820e+00,7.757550682482995619e+00
2.298214555931667292e+03,-2.255386991049019798e+03,2.191911214815053484e+02,1.984460346760097238e+01,-1.741785829698267918e+01,0.000000000000000000e+00,5.043572668878972820e+00,7.757550682482995619e+00
2.300199016278427280e+03,-2.257128776878717872e+03,2.191911214815053484e+02,1.984460346760097238e+01,-1.741785829698267918e+01,0.000000000000000000e+00,5.043572668878972820e+00,7.757550682482995619e+00
2.302183476625187268e+03,-2.258870562708415946e+03,2.191911214815053484e+02,1.984460346760097238e+01,-1.741785829698267918e+01,0.000000000000000000e+00,5.043572668878972820e+00,7.757550682482995619e+00
2.304167936971947256e+03,-2.260612348538114020e+03,2.191911214815053484e+02,1.984460346760097238e+01,-1.741785829698267918e+01,0.000000000000000000e+00,5.043572668878972820e+00,7.757550682482995619e+00
2.306152397318707244e+03,-2.262354134367812094e+03,2.191911214815053484e+02,1.984460346760097238e+01,-1.741785829698267918e+01,0.000000000000000000e+00,5.043572668878972820e+00,7.757550682482995619e+00
2.308136857665467232e+03,-2.264095920197510168e+03,2.191911214815053484e+02,1.984460346760097238e+01,-1.741785829698267918e+01,0.000000000000000000e+00,5.043572668878972820e+00,7.757550682482995619e+00
2.310121318012227221e+03,-2.265837706027208242e+03,2.191911214815053484e+02,1.984460346760097238e+01,-1.741785829698267918e+01,0.000000000000000000e+00,5.043572668878972820e+00,7.757550682482995619e+00
2.312105778358987209e+03,-2.267579491856906316e+03,2.191911214815053484e+02,1.984460346760097238e+01,-1.741785829698267918e+01,0.000000000000000000e+00,5.043572668878972820e+00,7.757550682482995619e+00
2.314090238705747197e+03,-2.269321277686604390e+03,2.191911214815053484e+02,1.984460346760097238e+01,-1.741785829698267918e+01,0.000000000000000000e+00,5.043572668878972820e+00,7.757550682482995619e+00
2.316074699052507185e+03,-2.271063063516302464e+03,2.191911214815053484e+02,1.984460346760097238e+01,-1.741785829698267918e+01,0.000000000000000000e+00,5.043572668878972820e+00,7.757550682482995619e+00
2.318059159399267173e+03,-2.272804849346000537e+03,2.191911214815053484e+02,1.984460346760097238e+01,-1.741785829698267918e+01,0.000000000000000000e+00,5.043572668878972820e+00,7.757550682482995619e+00
2.320043619746027161e+03,-2.274546635175698611e+03,2.191911214815053484e+02,1.984460346760097238e+01,-1.741785829698267918e+01,0.000000000000000000e+00,5.043572668878972820e+00,7.757550682482995619e+00
2.322028080092787150e+03,-2.276288421005396685e+03,2.191911214815053484e+02,1.984460346760097238e+01,-1.741785829698267918e+01,0.000000000000000000e+00,5.043572668878972820e+00,7.757550682482995619e+00
2.324012540439547138e+03,-2.278030206835094759e+03,2.191911214815053484e+02,1.984460346760097238e+01,-1.741785829698267918e+01,0.000000000000000000e+00,5.043572668878972820e+00,7.757550682482995619e+00
2.325997000786307126e+03,-2.279771992664792833e+03,2.191911214815053484e+02,1.984460346760097238e+01,-1.741785829698267918e+01,0.000000000000000000e+00,5.043572668878972820e+00,7.757550682482995619e+00
2.327981461133067114e+03,-2.281513778494490907e+03,2.191911214815053484e+02,1.984460346760097238e+01,-1.741785829698267918e+01,0.000000000000000000e+00,5.043572668878972820e+00,7.757550682482995619e+00
2.329965921479827102e+03,-2.283255564324188981e+03,2.191911214815053484e+02,1.984460346760097238e+01,-1.741785829698267918e+01,0.000000000000000000e+00,5.043572668878972820e+00,7.757550682482995619e+00
2.331950381826587090e+03,-2.284997350153887055e+03,2.191911214815053484e+02,1.984460346760097238e+01,-1.741785829698267918e+01,0.000000000000000000e+00,5.043572668878972820e+00,7.757550682482995619e+00
2.333934842173347079e+03,-2.286739135983585129e+03,2.191911214815053484e+02,1.984460346760097238e+01,-1.741785829698267918e+01,0.000000000000000000e+00,5.043572668878972820e+00,7.757550682482995619e+00
2.335919302520107067e+03,-2.288480921813283203e+03,2.191911214815053484e+02,1.984460346760097238e+01,-1.741785829698267918e+01,0.000000000000000000e+00,5.043572668878972820e+00,7.757550682482995619e+00
2.337903762866867055e+03,-2.290222707642981277e+03,2.191911214815053484e+02,1.984460346760097238e+01,-1.741785829698267918e+01,0.000000000000000000e+00,5.043572668878972820e+00,7.757550682482995619e+00
2.339888223213627043e+03,-2.291964493472679351e+03,2.191911214815053484e+02,1.984460346760097238e+01,-1.741785829698267918e+01,0.000000000000000000e+00,5.043572668878972820e+00,7.757550682482995619e+00
2.341872683560387031e+03,-2.293706279302377425e+03,2.191911214815053484e+02,1.984460346760097238e+01,-1.741785829698267918e+01,0.000000000000000000e+00,5.043572668878972820e+00,7.757550682482995619e+00
2.343857143907147019e+03,-2.295448065132075499e+03,2.191911214815053484e+02,1.984460346760097238e+01,-1.741785829698267918e+01,0.000000000000000000e+00,5.043572668878972820e+00,7.757550682482995619e+00
2.345841604253907008e+03,-2.297189850961773573e+03,2.191911214815053484e+02,1.984460346760097238e+01,-1.741785829698267918e+01,0.000000000000000000e+00,5.043572668878972820e+00,7.757550682482995619e+00
2.347826064600666996e+03,-2.298931636791471647e+03,2.191911214815053484e+02,1.984460346760097238e+01,-1.741785829698267918e+01,0.000000000000000000e+00,5.043572668878972820e+00,7.757550682482995619e+00
2.349810524947426984e+03,-2.300673422621169721e+03,2.191911214815053484e+02,1.984460346760097238e+01,-1.741785829698267918e+01,0.000000000000000000e+00,5.043572668878972820e+00,7.757550682482995619e+00
2.351794985294186972e+03,-2.302415208450867794e+03,2.191911214815053484e+02,1.984460346760097238e+01,-1.741785829698267918e+01,0.000000000000000000e+00,5.043572668878972820e+00,7.757550682482995619e+00
2.353779445640946960e+03,-2.304156994280565868e+03,2.191911214815053484e+02,1.984460346760097238e+01,-1.741785829698267918e+01,0.000000000000000000e+00,5.043572668878972820e+00,7.757550682482995619e+00
2.355763905987706949e+03,-2.305898780110263942e+03,2.191911214815053484e+02,1.984460346760097238e+01,-1.741785829698267918e+01,0.000000000000000000e+00,5.043572668878972820e+00,7.757550682482995619e+00
2.357748366334466937e+03,-2.307640565939962016e+03,2.191911214815053484e+02,1.984460346760097238e+01,-1.741785829698267918e+01,0.000000000000000000e+00,5.043572668878972820e+00,7.757550682482995619e+00
2.359732826681226925e+03,-2.309382351769660090e+03,2.191911214815053484e+02,1.984460346760097238e+01,-1.741785829698267918e+01,0.000000000000000000e+00,5.043572668878972820e+00,7.757550682482995619e+00
2.361717287027986913e+03,-2.311124137599358164e+03,2.191911214815053484e+02,1.984460346760097238e+01,-1.741785829698267918e+01,0.000000000000000000e+00,5.043572668878972820e+00,7.757550682482995619e+00
2.363701747374746901e+03,-2.312865923429056238e+03,2.191911214815053484e+02,1.984460346760097238e+01,-1.741785829698267918e+01,0.000000000000000000e+00,5.043572668878972820e+00,7.757550682482995619e+00
2.365686207721506889e+03,-2.314607709258754312e+03,2.191911214815053484e+02,1.984460346760097238e+01,-1.741785829698267918e+01,0.000000000000000000e+00,5.043572668878972820e+00,7.757550682482995619e+00
2.367670668068266878e+03,-2.316349495088452386e+03,2.191911214815053484e+02,1.984460346760097238e+01,-1.741785829698267918e+01,0.000000000000000000e+00,5.043572668878972820e+00,7.757550682482995619e+00
2.369655128415026866e+03,-2.318091280918150460e+03,2.191911214815053484e+02,1.984460346760097238e+01,-1.741785829698267918e+01,0.000000000000000000e+00,5.043572668878972820e+00,7.757550682482995619e+00
2.371639588761786854e+03,-2.319833066747848534e+03,2.191911214815053484e+02,1.984460346760097238e+01,-1.741785829698267918e+01,0.000000000000000000e+00,5.043572668878972820e+00,7.757550682482995619e+00
2.373624049108546842e+03,-2.321574852577546608e+03,2.191911214815053484e+02,1.984460346760097238e+01,-1.741785829698267918e+01,0.000000000000000000e+00,5.043572668878972820e+00,7.757550682482995619e+00
2.375608509455306830e+03,-2.323316638407244682e+03,2.191911214815053484e+02,1.984460346760097238e+01,-1.741785829698267918e+01,0.000000000000000000e+00,5.043572668878972820e+00,7.757550682482995619e+00
2.377592969802066818e+03,-2.325058424236942756e+03,2.191911214815053484e+02,1.984460346760097238e+01,-1.741785829698267918e+01,0.000000000000000000e+00,5.043572668878972820e+00,7.757550682482995619e+00
2.379577430148826807e+03,-2.326800210066640830e+03,2.191911214815053484e+02,1.984460346760097238e+01,-1.741785829698267918e+01,0.000000000000000000e+00,5.043572668878972820e+00,7.757550682482995619e+00
2.381561890495586795e+03,-2.328541995896338904e+03,2.191911214815053484e+02,1.984460346760097238e+01,-1.741785829698267918e+01,0.000000000000000000e+00,5.043572668878972820e+00,7.757550682482995619e+00
2.383546350842346783e+03,-2.330283781726036977e+03,2.191911214815053484e+02,1.984460346760097238e+01,-1.741785829698267918e+01,0.000000000000000000e+00,5.043572668878972820e+00,7.757550682482995619e+00
2.385530811189106771e+03,-2.332025567555735051e+03,2.191911214815053484e+02,1.984460346760097238e+01,-1.741785829698267918e+01,0.000000000000000000e+00,5.043572668878972820e+00,7.757550682482995619e+00
2.387515271535866759e+03,-2.333767353385433125e+03,2.191911214815053484e+02,1.984460346760097238e+01,-1.741785829698267918e+01,0.000000000000000000e+00,5.043572668878972820e+00,7.757550682482995619e+00
2.389499731882626747e+03,-2.335509139215131199e+03,2.191911214815053484e+02,1.984460346760097238e+01,-1.741785829698267918e+01,0.000000000000000000e+00,5.043572668878972820e+00,7.757550682482995619e+00
2.391484192229386736e+03,-2.337250925044829273e+03,2.191911214815053484e+02,1.984460346760097238e+01,-1.741785829698267918e+01,0.000000000000000000e+00,5.043572668878972820e+00,7.757550682482995619e+00
2.393468652576146724e+03,-2.338992710874527347e+03,2.191911214815053484e+02,1.984460346760097238e+01,-1.741785829698267918e+01,0.000000000000000000e+00,5.043572668878972820e+00,7.757550682482995619e+00
2.395453112922906712e+03,-2.340734496704225421e+03,2.191911214815053484e+02,1.984460346760097238e+01,-1.741785829698267918e+01,0.000000000000000000e+00,5.043572668878972820e+00,7.757550682482995619e+00
2.397437573269666700e+03,-2.342476282533923495e+03,2.191911214815053484e+02,1.984460346760097238e+01,-1.741785829698267918e+01,0.000000000000000000e+00,5.043572668878972820e+00,7.757550682482995619e+00
2.399422033616426688e+03,-2.344218068363621569e+03,2.191911214815053484e+02,1.984460346760097238e+01,-1.741785829698267918e+01,0.000000000000000000e+00,5.043572668878972820e+00,7.757550682482995619e+00
2.401406493963186676e+03,-2.345959854193319643e+03,2.191911214815053484e+02,1.984460346760097238e+01,-1.741785829698267918e+01,0.000000000000000000e+00,5.043572668878972820e+00,7.757550682482995619e+00
2.403390954309946665e+03,-2.347701640023017717e+03,2.191911214815053484e+02,1.984460346760097238e+01,-1.741785829698267918e+01,0.000000000000000000e+00,5.043572668878972820e+00,7.757550682482995619e+00
2.405375414656706653e+03,-2.349443425852715791e+03,2.191911214815053484e+02,1.984460346760097238e+01,-1.741785829698267918e+01,0.000000000000000000e+00,5.043572668878972820e+00,7.757550682482995619e+00
2.407359875003466641e+03,-2.351185211682413865e+03,2.191911214815053484e+02,1.984460346760097238e+01,-1.741785829698267918e+01,0.000000000000000000e+00,5.043572668878972820e+00,7.757550682482995619e+00
2.409344335350226629e+03,-2.352926997512111939e+03,2.191911214815053484e+02,1.984460346760097238e+01,-1.741785829698267918e+01,0.000000000000000000e+00,5.043572668878972820e+00,7.757550682482995619e+00
2.411328795696986617e+03,-2.354668783341810013e+03,2.191911214815053484e+02,1.984460346760097238e+01,-1.741785829698267918e+01,0.000000000000000000e+00,5.043572668878972820e+00,7.757550682482995619e+00
2.413313256043746605e+03,-2.356410569171508087e+03,2.191911214815053484e+02,1.984460346760097238e+01,-1.741785829698267918e+01,0.000000000000000000e+00,5.043572668878972820e+00,7.757550682482995619e+00
2.415297716390506594e+03,-2.358152355001206161e+03,2.191911214815053484e+02,1.984460346760097238e+01,-1.741785829698267918e+01,0.000000000000000000e+00,5.043572668878972820e+00,7.757550682482995619e+00
2.417282176737266582e+03,-2.359894140830904234e+03,2.191911214815053484e+02,1.984460346760097238e+01,-1.741785829698267918e+01,0.000000000000000000e+00,5.043572668878972820e+00,7.757550682482995619e+00
2.419266637084026570e+03,-2.361635926660602308e+03,2.191911214815053484e+02,1.984460346760097238e+01,-1.741785829698267918e+01,0.000000000000000000e+00,5.043572668878972820e+00,7.757550682482995619e+00
2.421251097430786558e+03,-2.363377712490300382e+03,2.191911214815053484e+02,1.984460346760097238e+01,-1.741785829698267918e+01,0.000000000000000000e+00,5.043572668878972820e+00,7.757550682482995619e+00
2.423235557777546546e+03,-2.365119498319998456e+03,2.191911214815053484e+02,1.984460346760097238e+01,-1.741785829698267918e+01,0.000000000000000000e+00,5.043572668878972820e+00,7.757550682482995619e+00
2.425220018124306534e+03,-2.366861284149696530e+03,2.191911214815053484e+02,1.984460346760097238e+01,-1.741785829698267918e+01,0.000000000000000000e+00,5.043572668878972820e+00,7.757550682482995619e+00
2.427204478471066523e+03,-2.368603069979394604e+03,2.191911214815053484e+02,1.984460346760097238e+01,-1.741785829698267918e+01,0.000000000000000000e+00,5.043572668878972820e+00,7.757550682482995619e+00
2.429188938817826511e+03,-2.370344855809092678e+03,2.191911214815053484e+02,1.984460346760097238e+01,-1.741785829698267918e+01,0.000000000000000000e+00,5.043572668878972820e+00,7.757550682482995619e+00
2.431173399164586499e+03,-2.372086641638790752e+03,2.191911214815053484e+02,1.984460346760097238e+01,-1.741785829698267918e+01,0.000000000000000000e+00,5.043572668878972820e+00,7.757550682482995619e+00
2.433157859511346487e+03,-2.373828427468488826e+03,2.191911214815053484e+02,1.984460346760097238e+01,-1.741785829698267918e+01,0.000000000000000000e+00,5.043572668878972820e+00,7.757550682482995619e+00
2.435142319858106475e+03,-2.375570213298186900e+03,2.191911214815053484e+02,1.984460346760097238e+01,-1.741785829698267918e+01,0.000000000000000000e+00,5.043572668878972820e+00,7.757550682482995619e+00
2.437126780204866463e+03,-2.377311999127884974e+03,2.191911214815053484e+02,1.984460346760097238e+01,-1.741785829698267918e+01,0.000000000000000000e+00,5.043572668878972820e+00,7.757550682482995619e+00
2.439111240551626452e+03,-2.379053784957583048e+03,2.191911214815053484e+02,1.984460346760097238e+01,-1.741785829698267918e+01,0.000000000000000000e+00,5.043572668878972820e+00,7.757550682482995619e+00
2.441095700898386440e+03,-2.380795570787281122e+03,2.191911214815053484e+02,1.984460346760097238e+01,-1.741785829698267918e+01,0.000000000000000000e+00,5.043572668878972820e+00,7.757550682482995619e+00
2.443080161245146428e+03,-2.382537356616979196e+03,2.191911214815053484e+02,1.984460346760097238e+01,-1.741785829698267918e+01,0.000000000000000000e+00,5.043572668878972820e+00,7.757550682482995619e+00
2.445064621591906416e+03,-2.384279142446677270e+03,2.191911214815053484e+02,1.984460346760097238e+01,-1.741785829698267918e+01,0.000000000000000000e+00,5.043572668878972820e+00,7.757550682482995619e+00
2.447049081938666404e+03,-2.386020928276375344e+03,2.191911214815053484e+02,1.984460346760097238e+01,-1.741785829698267918e+01,0.000000000000000000e+00,5.043572668878972820e+00,7.757550682482995619e+00
2.449033542285426392e+03,-2.387762714106073417e+03,2.191911214815053484e+02,1.984460346760097238e+01,-1.741785829698267918e+01,0.000000000000000000e+00,5.043572668878972820e+00,7.757550682482995619e+00
2.451018002632186381e+03,-2.389504499935771491e+03,2.191911214815053484e+02,1.984460346760097238e+01,-1.741785829698267918e+01,0.000000000000000000e+00,5.043572668878972820e+00,7.757550682482995619e+00
2.453002462978946369e+03,-2.391246285765469565e+03,2.191911214815053484e+02,1.984460346760097238e+01,-1.741785829698267918e+01,0.000000000000000000e+00,5.043572668878972820e+00,7.757550682482995619e+00
2.454986923325706357e+03,-2.392988071595167639e+03,2.191911214815053484e+02,1.984460346760097238e+01,-1.741785829698267918e+01,0.000000000000000000e+00,5.043572668878972820e+00,7.757550682482995619e+00
2.456971383672466345e+03,-2.394729857424865713e+03,2.191911214815053484e+02,1.984460346760097238e+01,-1.741785829698267918e+01,0.000000000000000000e+00,5.043572668878972820e+00,7.757550682482995619e+00
2.458955844019226333e+03,-2.396471643254563787e+03,2.191911214815053484e+02,1.984460346760097238e+01,-1.741785829698267918e+01,0.000000000000000000e+00,5.043572668878972820e+00,7.757550682482995619e+00
2.460940304365986321e+03,-2.398213429084261861e+03,2.191911214815053484e+02,1.984460346760097238e+01,-1.741785829698267918e+01,0.000000000000000000e+00,5.043572668878972820e+00,7.757550682482995619e+00
2.462924764712746310e+03,-2.399955214913959935e+03,2.191911214815053484e+02,1.984460346760097238e+01,-1.741785829698267918e+01,0.000000000000000000e+00,5.043572668878972820e+00,7.757550682482995619e+00
2.464909225059506298e+03,-2.401697000743658009e+03,2.191911214815053484e+02,1.984460346760097238e+01,-1.741785829698267918e+01,0.000000000000000000e+00,5.043572668878972820e+00,7.757550682482995619e+00
2.466893685406266286e+03,-2.403438786573356083e+03,2.191911214815053484e+02,1.984460346760097238e+01,-1.741785829698267918e+01,0.000000000000000000e+00,5.043572668878972820e+00,7.757550682482995619e+00
2.468878145753026274e+03,-2.405180572403054157e+03,2.191911214815053484e+02,1.984460346760097238e+01,-1.741785829698267918e+01,0.000000000000000000e+00,5.043572668878972820e+00,7.757550682482995619e+00
2.470862606099786262e+03,-2.406922358232752231e+03,2.191911214815053484e+02,1.984460346760097238e+01,-1.741785829698267918e+01,0.000000000000000000e+00,5.043572668878972820e+00,7.757550682482995619e+00
2.472847066446546251e+03,-2.408664144062450305e+03,2.191911214815053484e+02,1.984460346760097238e+01,-1.741785829698267918e+01,0.000000000000000000e+00,5.043572668878972820e+00,7.757550682482995619e+00
2.474831526793306239e+03,-2.410405929892148379e+03,2.191911214815053484e+02,1.984460346760097238e+01,-1.741785829698267918e+01,0.000000000000000000e+00,5.043572668878972820e+00,7.757550682482995619e+00
2.476815987140066227e+03,-2.412147715721846453e+03,2.191911214815053484e+02,1.984460346760097238e+01,-1.741785829698267918e+01,0.000000000000000000e+00,5.043572668878972820e+00,7.757550682482995619e+00
2.478800447486826215e+03,-2.413889501551544527e+03,2.191911214815053484e+02,1.984460346760097238e+01,-1.741785829698267918e+01,0.000000000000000000e+00,5.043572668878972820e+00,7.757550682482995619e+00
2.480784907833586203e+03,-2.415631287381242601e+03,2.191911214815053484e+02,1.984460346760097238e+01,-1.741785829698267918e+01,0.000000000000000000e+00,5.043572668878972820e+00,7.757550682482995619e+00
2.482769368180346191e+03,-2.417373073210940674e+03,2.191911214815053484e+02,1.984460346760097238e+01,-1.741785829698267918e+01,0.000000000000000000e+00,5.043572668878972820e+00,7.757550682482995619e+00
2.484753828527106180e+03,-2.419114859040638748e+03,2.191911214815053484e+02,1.984460346760097238e+01,-1.741785829698267918e+01,0.000000000000000000e+00,5.043572668878972820e+00,7.757550682482995619e+00
2.486738288873866168e+03,-2.420856644870336822e+03,2.191911214815053484e+02,1.984460346760097238e+01,-1.741785829698267918e+01,0.000000000000000000e+00,5.043572668878972820e+00,7.757550682482995619e+00
2.488722749220626156e+03,-2.422598430700034896e+03,2.191911214815053484e+02,1.984460346760097238e+01,-1.741785829698267918e+01,0.000000000000000000e+00,5.043572668878972820e+00,7.757550682482995619e+00
2.490707209567386144e+03,-2.424340216529732970e+03,2.191911214815053484e+02,1.984460346760097238e+01,-1.741785829698267918e+01,0.000000000000000000e+00,5.043572668878972820e+00,7.757550682482995619e+00
2.492691669914146132e+03,-2.426082002359431044e+03,2.191911214815053484e+02,1.984460346760097238e+01,-1.741785829698267918e+01,0.000000000000000000e+00,5.043572668878972820e+00,7.757550682482995619e+00
2.494676130260906120e+03,-2.427823788189129118e+03,2.191911214815053484e+02,1.984460346760097238e+01,-1.741785829698267918e+01,0.000000000000000000e+00,5.043572668878972820e+00,7.757550682482995619e+00
2.496660590607666109e+03,-2.429565574018827192e+03,2.191911214815053484e+02,1.984460346760097238e+01,-1.741785829698267918e+01,0.000000000000000000e+00,5.043572668878972820e+00,7.757550682482995619e+00
2.498645050954426097e+03,-2.431307359848525266e+03,2.191911214815053484e+02,1.984460346760097238e+01,-1.741785829698267918e+01,0.000000000000000000e+00,5.043572668878972820e+00,7.757550682482995619e+00
2.500629511301186085e+03,-2.433049145678223340e+03,2.191911214815053484e+02,1.984460346760097238e+01,-1.741785829698267918e+01,0.000000000000000000e+00,5.043572668878972820e+00,7.757550682482995619e+00
2.502613971647946073e+03,-2.434790931507921414e+03,2.191911214815053484e+02,1.984460346760097238e+01,-1.741785829698267918e+01,0.000000000000000000e+00,5.043572668878972820e+00,7.757550682482995619e+00
2.504598431994706061e+03,-2.436532717337619488e+03,2.191911214815053484e+02,1.984460346760097238e+01,-1.741785829698267918e+01,0.000000000000000000e+00,5.043572668878972820e+00,7.757550682482995619e+00
2.506582892341466049e+03,-2.438274503167317562e+03,2.191911214815053484e+02,1.984460346760097238e+01,-1.741785829698267918e+01,0.000000000000000000e+00,5.043572668878972820e+00,7.757550682482995619e+00
2.508567352688226038e+03,-2.440016288997015636e+03,2.191911214815053484e+02,1.984460346760097238e+01,-1.741785829698267918e+01,0.000000000000000000e+00,5.043572668878972820e+00,7.757550682482995619e+00
2.510551813034986026e+03,-2.441758074826713710e+03,2.191911214815053484e+02,1.984460346760097238e+01,-1.741785829698267918e+01,0.000000000000000000e+00,5.043572668878972820e+00,7.757550682482995619e+00
2.512536273381746014e+03,-2.443499860656411784e+03,2.191911214815053484e+02,1.984460346760097238e+01,-1.741785829698267918e+01,0.000000000000000000e+00,5.043572668878972820e+00,7.757550682482995619e+00
2.514520733728506002e+03,-2.445241646486109858e+03,2.191911214815053484e+02,1.984460346760097238e+01,-1.741785829698267918e+01,0.000000000000000000e+00,5.043572668878972820e+00,7.757550682482995619e+00
2.516505194075265990e+03,-2.446983432315807931e+03,2.191911214815053484e+02,1.984460346760097238e+01,-1.741785829698267918e+01,0.000000000000000000e+00,5.043572668878972820e+00,7.757550682482995619e+00
2.518489654422025978e+03,-2.448725218145506005e+03,2.191911214815053484e+02,1.984460346760097238e+01,-1.741785829698267918e+01,0.000000000000000000e+00,5.043572668878972820e+00,7.757550682482995619e+00
2.520474114768785967e+03,-2.450467003975204079e+03,2.191911214815053484e+02,1.984460346760097238e+01,-1.741785829698267918e+01,0.000000000000000000e+00,5.043572668878972820e+00,7.757550682482995619e+00
2.522458575115545955e+03,-2.452208789804902153e+03,2.191911214815053484e+02,1.984460346760097238e+01,-1.741785829698267918e+01,0.000000000000000000e+00,5.043572668878972820e+00,7.757550682482995619e+00
2.524443035462305943e+03,-2.453950575634600227e+03,2.191911214815053484e+02,1.984460346760097238e+01,-1.741785829698267918e+01,0.000000000000000000e+00,5.043572668878972820e+00,7.757550682482995619e+00
2.526427495809065931e+03,-2.455692361464298301e+03,2.191911214815053484e+02,1.984460346760097238e+01,-1.741785829698267918e+01,0.000000000000000000e+00,5.043572668878972820e+00,7.757550682482995619e+00
2.528411956155825919e+03,-2.457434147293996375e+03,2.191911214815053484e+02,1.984460346760097238e+01,-1.741785829698267918e+01,0.000000000000000000e+00,5.043572668878972820e+00,7.757550682482995619e+00
2.530396416502585907e+03,-2.459175933123694449e+03,2.191911214815053484e+02,1.984460346760097238e+01,-1.741785829698267918e+01,0.000000000000000000e+00,5.043572668878972820e+00,7.757550682482995619e+00
2.532380876849345896e+03,-2.460917718953392523e+03,2.191911214815053484e+02,1.984460346760097238e+01,-1.741785829698267918e+01,0.000000000000000000e+00,5.043572668878972820e+00,7.757550682482995619e+00
2.534365337196105884e+03,-2.462659504783090597e+03,2.191911214815053484e+02,1.984460346760097238e+01,-1.741785829698267918e+01,0.000000000000000000e+00,5.043572668878972820e+00,7.757550682482995619e+00
2.536349797542865872e+03,-2.464401290612788671e+03,2.191911214815053484e+02,1.984460346760097238e+01,-1.741785829698267918e+01,0.000000000000000000e+00,5.043572668878972820e+00,7.757550682482995619e+00
2.538334257889625860e+03,-2.466143076442486745e+03,2.191911214815053484e+02,1.984460346760097238e+01,-1.741785829698267918e+01,0.000000000000000000e+00,5.043572668878972820e+00,7.757550682482995619e+00
2.540318718236385848e+03,-2.467884862272184819e+03,2.191911214815053484e+02,1.984460346760097238e+01,-1.741785829698267918e+01,0.000000000000000000e+00,5.043572668878972820e+00,7.757550682482995619e+00
2.542303178583145836e+03,-2.469626648101882893e+03,2.191911214815053484e+02,1.984460346760097238e+01,-1.741785829698267918e+01,0.000000000000000000e+00,5.043572668878972820e+00,7.757550682482995619e+00
2.544287638929905825e+03,-2.471368433931580967e+03,2.191911214815053484e+02,1.984460346760097238e+01,-1.741785829698267918e+01,0.000000000000000000e+00,5.043572668878972820e+00,7.757550682482995619e+00
2.546272099276665813e+03,-2.473110219761279041e+03,2.191911214815053484e+02,1.984460346760097238e+01,-1.741785829698267918e+01,0.000000000000000000e+00,5.043572668878972820e+00,7.757550682482995619e+00
2.548256559623425801e+03,-2.474852005590977114e+03,2.191911214815053484e+02,1.984460346760097238e+01,-1.741785829698267918e+01,0.000000000000000000e+00,5.043572668878972820e+00,7.757550682482995619e+00
2.550241019970185789e+03,-2.476593791420675188e+03,2.191911214815053484e+02,1.984460346760097238e+01,-1.741785829698267918e+01,0.000000000000000000e+00,5.043572668878972820e+00,7.757550682482995619e+00
2.552225480316945777e+03,-2.478335577250373262e+03,2.191911214815053484e+02,1.984460346760097238e+01,-1.741785829698267918e+01,0.000000000000000000e+00,5.043572668878972820e+00,7.757550682482995619e+00
2.554209940663705765e+03,-2.480077363080071336e+03,2.191911214815053484e+02,1.984460346760097238e+01,-1.741785829698267918e+01,0.000000000000000000e+00,5.043572668878972820e+00,7.757550682482995619e+00
2.556194401010465754e+03,-2.481819148909769410e+03,2.191911214815053484e+02,1.984460346760097238e+01,-1.741785829698267918e+01,0.000000000000000000e+00,5.043572668878972820e+00,7.757550682482995619e+00
2.558178861357225742e+03,-2.483560934739467484e+03,2.191911214815053484e+02,1.984460346760097238e+01,-1.741785829698267918e+01,0.000000000000000000e+00,5.043572668878972820e+00,7.757550682482995619e+00
2.560163321703985730e+03,-2.485302720569165558e+03,2.191911214815053484e+02,1.984460346760097238e+01,-1.741785829698267918e+01,0.000000000000000000e+00,5.043572668878972820e+00,7.757550682482995619e+00
2.562147782050745718e+03,-2.487044506398863632e+03,2.191911214815053484e+02,1.984460346760097238e+01,-1.741785829698267918e+01,0.000000000000000000e+00,5.043572668878972820e+00,7.757550682482995619e+00
2.564132242397505706e+03,-2.488786292228561706e+03,2.191911214815053484e+02,1.984460346760097238e+01,-1.741785829698267918e+01,0.000000000000000000e+00,5.043572668878972820e+00,7.757550682482995619e+00
2.566116702744265694e+03,-2.490528078058259780e+03,2.191911214815053484e+02,1.984460346760097238e+01,-1.741785829698267918e+01,0.000000000000000000e+00,5.043572668878972820e+00,7.757550682482995619e+00
2.568101163091025683e+03,-2.492269863887957854e+03,2.191911214815053484e+02,1.984460346760097238e+01,-1.741785829698267918e+01,0.000000000000000000e+00,5.043572668878972820e+00,7.757550682482995619e+00
2.570085623437785671e+03,-2.494011649717655928e+03,2.191911214815053484e+02,1.984460346760097238e+01,-1.741785829698267918e+01,0.000000000000000000e+00,5.043572668878972820e+00,7.757550682482995619e+00
2.572070083784545659e+03,-2.495753435547354002e+03,2.191911214815053484e+02,1.984460346760097238e+01,-1.741785829698267918e+01,0.000000000000000000e+00,5.043572668878972820e+00,7.757550682482995619e+00
2.574054544131305647e+03,-2.497495221377052076e+03,2.191911214815053484e+02,1.984460346760097238e+01,-1.741785829698267918e+01,0.000000000000000000e+00,5.043572668878972820e+00,7.757550682482995619e+00
2.576039004478065635e+03,-2.499237007206750150e+03,2.191911214815053484e+02,1.984460346760097238e+01,-1.741785829698267918e+01,0.000000000000000000e+00,5.043572668878972820e+00,7.757550682482995619e+00
2.578023464824825624e+03,-2.500978793036448224e+03,2.191911214815053484e+02,1.984460346760097238e+01,-1.741785829698267918e+01,0.000000000000000000e+00,5.043572668878972820e+00,7.757550682482995619e+00
2.580007925171585612e+03,-2.502720578866146298e+03,2.191911214815053484e+02,1.984460346760097238e+01,-1.741785829698267918e+01,0.000000000000000000e+00,5.043572668878972820e+00,7.757550682482995619e+00
2.581992385518345600e+03,-2.504462364695844371e+03,2.191911214815053484e+02,1.984460346760097238e+01,-1.741785829698267918e+01,0.000000000000000000e+00,5.043572668878972820e+00,7.757550682482995619e+00
2.583976845865105588e+03,-2.506204150525542445e+03,2.191911214815053484e+02,1.984460346760097238e+01,-1.741785829698267918e+01,0.000000000000000000e+00,5.043572668878972820e+00,7.757550682482995619e+00
2.585961306211865576e+03,-2.507945936355240519e+03,2.191911214815053484e+02,1.984460346760097238e+01,-1.741785829698267918e+01,0.000000000000000000e+00,5.043572668878972820e+00,7.757550682482995619e+00
2.587945766558625564e+03,-2.509687722184938593e+03,2.191911214815053484e+02,1.984460346760097238e+01,-1.741785829698267918e+01,0.000000000000000000e+00,5.043572668878972820e+00,7.757550682482995619e+00
2.589930226905385553e+03,-2.511429508014636667e+03,2.191911214815053484e+02,1.984460346760097238e+01,-1.741785829698267918e+01,0.000000000000000000e+00,5.043572668878972820e+00,7.757550682482995619e+00
2.591914687252145541e+03,-2.513171293844334741e+03,2.191911214815053484e+02,1.984460346760097238e+01,-1.741785829698267918e+01,0.000000000000000000e+00,5.043572668878972820e+00,7.757550682482995619e+00
2.593899147598905529e+03,-2.514913079674032815e+03,2.191911214815053484e+02,1.984460346760097238e+01,-1.741785829698267918e+01,0.000000000000000000e+00,5.043572668878972820e+00,7.757550682482995619e+00
2.595883607945665517e+03,-2.516654865503730889e+03,2.191911214815053484e+02,1.984460346760097238e+01,-1.741785829698267918e+01,0.000000000000000000e+00,5.043572668878972820e+00,7.757550682482995619e+00
2.597868068292425505e+03,-2.518396651333428963e+03,2.191911214815053484e+02,1.984460346760097238e+01,-1.741785829698267918e+01,0.000000000000000000e+00,5.043572668878972820e+00,7.757550682482995619e+00
2.599852528639185493e+03,-2.520138437163127037e+03,2.191911214815053484e+02,1.984460346760097238e+01,-1.741785829698267918e+01,0.000000000000000000e+00,5.043572668878972820e+00,7.757550682482995619e+00
2.601836988985945482e+03,-2.521880222992825111e+03,2.191911214815053484e+02,1.984460346760097238e+01,-1.741785829698267918e+01,0.000000000000000000e+00,5.043572668878972820e+00,7.757550682482995619e+00
2.603821449332705470e+03,-2.523622008822523185e+03,2.191911214815053484e+02,1.984460346760097238e+01,-1.741785829698267918e+01,0.000000000000000000e+00,5.043572668878972820e+00,7.757550682482995619e+00
2.605805909679465458e+03,-2.525363794652221259e+03,2.191911214815053484e+02,1.984460346760097238e+01,-1.741785829698267918e+01,0.000000000000000000e+00,5.043572668878972820e+00,7.757550682482995619e+00
2.607790370026225446e+03,-2.527105580481919333e+03,2.191911214815053484e+02,1.984460346760097238e+01,-1.741785829698267918e+01,0.000000000000000000e+00,5.043572668878972820e+00,7.757550682482995619e+00
2.609774830372985434e+03,-2.528847366311617407e+03,2.191911214815053484e+02,1.984460346760097238e+01,-1.741785829698267918e+01,0.000000000000000000e+00,5.043572668878972820e+00,7.757550682482995619e+00
2.611759290719745422e+03,-2.530589152141315481e+03,2.191911214815053484e+02,1.984460346760097238e+01,-1.741785829698267918e+01,0.000000000000000000e+00,5.043572668878972820e+00,7.757550682482995619e+00
2.613743751066505411e+03,-2.532330937971013554e+03,2.191911214815053484e+02,1.984460346760097238e+01,-1.741785829698267918e+01,0.000000000000000000e+00,5.043572668878972820e+00,7.757550682482995619e+00
2.615728211413265399e+03,-2.534072723800711628e+03,2.191911214815053484e+02,1.984460346760097238e+01,-1.741785829698267918e+01,0.000000000000000000e+00,5.043572668878972820e+00,7.757550682482995619e+00
2.617712671760025387e+03,-2.535814509630409702e+03,2.191911214815053484e+02,1.984460346760097238e+01,-1.741785829698267918e+01,0.000000000000000000e+00,5.043572668878972820e+00,7.757550682482995619e+00
2.619697132106785375e+03,-2.537556295460107776e+03,2.191911214815053484e+02,1.984460346760097238e+01,-1.741785829698267918e+01,0.000000000000000000e+00,5.043572668878972820e+00,7.757550682482995619e+00
2.621681592453545363e+03,-2.539298081289805850e+03,2.191911214815053484e+02,1.984460346760097238e+01,-1.741785829698267918e+01,0.000000000000000000e+00,5.043572668878972820e+00,7.757550682482995619e+00
2.623666052800305351e+03,-2.541039867119503924e+03,2.191911214815053484e+02,1.984460346760097238e+01,-1.741785829698267918e+01,0.000000000000000000e+00,5.043572668878972820e+00,7.757550682482995619e+00
2.625650513147065340e+03,-2.542781652949201998e+03,2.191911214815053484e+02,1.984460346760097238e+01,-1.741785829698267918e+01,0.000000000000000000e+00,5.043572668878972820e+00,7.757550682482995619e+00
2.627634973493825328e+03,-2.544523438778900072e+03,2.191911214815053484e+02,1.984460346760097238e+01,-1.741785829698267918e+01,0.000000000000000000e+00,5.043572668878972820e+00,7.757550682482995619e+00
2.629619433840585316e+03,-2.546265224608598146e+03,2.191911214815053484e+02,1.984460346760097238e+01,-1.741785829698267918e+01,0.000000000000000000e+00,5.043572668878972820e+00,7.757550682482995619e+00
2.631603894187345304e+03,-2.548007010438296220e+03,2.191911214815053484e+02,1.984460346760097238e+01,-1.741785829698267918e+01,0.000000000000000000e+00,5.043572668878972820e+00,7.757550682482995619e+00
2.633588354534105292e+03,-2.549748796267994294e+03,2.191911214815053484e+02,1.984460346760097238e+01,-1.741785829698267918e+01,0.000000000000000000e+00,5.043572668878972820e+00,7.757550682482995619e+00
2.635572814880865280e+03,-2.551490582097692368e+03,2.191911214815053484e+02,1.984460346760097238e+01,-1.741785829698267918e+01,0.000000000000000000e+00,5.043572668878972820e+00,7.757550682482995619e+00
2.637557275227625269e+03,-2.553232367927390442e+03,2.191911214815053484e+02,1.984460346760097238e+01,-1.741785829698267918e+01,0.000000000000000000e+00,5.043572668878972820e+00,7.757550682482995619e+00
2.639541735574385257e+03,-2.554974153757088516e+03,2.191911214815053484e+02,1.984460346760097238e+01,-1.741785829698267918e+01,0.000000000000000000e+00,5.043572668878972820e+00,7.757550682482995619e+00
2.641526195921145245e+03,-2.556715939586786590e+03,2.191911214815053484e+02,1.984460346760097238e+01,-1.741785829698267918e+01,0.000000000000000000e+00,5.043572668878972820e+00,7.757550682482995619e+00
2.643510656267905233e+03,-2.558457725416484664e+03,2.191911214815053484e+02,1.984460346760097238e+01,-1.741785829698267918e+01,0.000000000000000000e+00,5.043572668878972820e+00,7.757550682482995619e+00
2.645495116614665221e+03,-2.560199511246182738e+03,2.191911214815053484e+02,1.984460346760097238e+01,-1.741785829698267918e+01,0.000000000000000000e+00,5.043572668878972820e+00,7.757550682482995619e+00
2.647479576961425209e+03,-2.561941297075880811e+03,2.191911214815053484e+02,1.984460346760097238e+01,-1.741785829698267918e+01,0.000000000000000000e+00,5.043572668878972820e+00,7.757550682482995619e+00
2.649464037308185198e+03,-2.563683082905578885e+03,2.191911214815053484e+02,1.984460346760097238e+01,-1.741785829698267918e+01,0.000000000000000000e+00,5.043572668878972820e+00,7.757550682482995619e+00
2.651448497654945186e+03,-2.565424868735276959e+03,2.191911214815053484e+02,1.984460346760097238e+01,-1.741785829698267918e+01,0.000000000000000000e+00,5.043572668878972820e+00,7.757550682482995619e+00
2.653432958001705174e+03,-2.567166654564975033e+03,2.191911214815053484e+02,1.984460346760097238e+01,-1.741785829698267918e+01,0.000000000000000000e+00,5.043572668878972820e+00,7.757550682482995619e+00
2.655417418348465162e+03,-2.568908440394673107e+03,2.191911214815053484e+02,1.984460346760097238e+01,-1.741785829698267918e+01,0.000000000000000000e+00,5.043572668878972820e+00,7.757550682482995619e+00
2.657401878695225150e+03,-2.570650226224371181e+03,2.191911214815053484e+02,1.984460346760097238e+01,-1.741785829698267918e+01,0.000000000000000000e+00,5.043572668878972820e+00,7.757550682482995619e+00
2.659386339041985138e+03,-2.572392012054069255e+03,2.191911214815053484e+02,1.984460346760097238e+01,-1.741785829698267918e+01,0.000000000000000000e+00,5.043572668878972820e+00,7.757550682482995619e+00
2.661370799388745127e+03,-2.574133797883767329e+03,2.191911214815053484e+02,1.984460346760097238e+01,-1.741785829698267918e+01,0.000000000000000000e+00,5.043572668878972820e+00,7.757550682482995619e+00
2.663355259735505115e+03,-2.575875583713465403e+03,2.191911214815053484e+02,1.984460346760097238e+01,-1.741785829698267918e+01,0.000000000000000000e+00,5.043572668878972820e+00,7.757550682482995619e+00
2.665339720082265103e+03,-2.577617369543163477e+03,2.191911214815053484e+02,1.984460346760097238e+01,-1.741785829698267918e+01,0.000000000000000000e+00,5.043572668878972820e+00,7.757550682482995619e+00
2.667324180429025091e+03,-2.579359155372861551e+03,2.191911214815053484e+02,1.984460346760097238e+01,-1.741785829698267918e+01,0.000000000000000000e+00,5.043572668878972820e+00,7.757550682482995619e+00
2.669308640775785079e+03,-2.581100941202559625e+03,2.191911214815053484e+02,1.984460346760097238e+01,-1.741785829698267918e+01,0.000000000000000000e+00,5.043572668878972820e+00,7.757550682482995619e+00
2.671293101122545067e+03,-2.582842727032257699e+03,2.191911214815053484e+02,1.984460346760097238e+01,-1.741785829698267918e+01,0.000000000000000000e+00,5.043572668878972820e+00,7.757550682482995619e+00
2.673277561469305056e+03,-2.584584512861955773e+03,2.191911214815053484e+02,1.984460346760097238e+01,-1.741785829698267918e+01,0.000000000000000000e+00,5.043572668878972820e+00,7.757550682482995619e+00
2.675262021816065044e+03,-2.586326298691653847e+03,2.191911214815053484e+02,1.984460346760097238e+01,-1.741785829698267918e+01,0.000000000000000000e+00,5.043572668878972820e+00,7.757550682482995619e+00
2.677246482162825032e+03,-2.588068084521351921e+03,2.191911214815053484e+02,1.984460346760097238e+01,-1.741785829698267918e+01,0.000000000000000000e+00,5.043572668878972820e+00,7.757550682482995619e+00
2.679230942509585020e+03,-2.589809870351049994e+03,2.191911214815053484e+02,1.984460346760097238e+01,-1.741785829698267918e+01,0.000000000000000000e+00,5.043572668878972820e+00,7.757550682482995619e+00
2.681215402856345008e+03,-2.591551656180748068e+03,2.191911214815053484e+02,1.984460346760097238e+01,-1.741785829698267918e+01,0.000000000000000000e+00,5.043572668878972820e+00,7.757550682482995619e+00
2.683199863203104997e+03,-2.593293442010446142e+03,2.191911214815053484e+02,1.984460346760097238e+01,-1.741785829698267918e+01,0.000000000000000000e+00,5.043572668878972820e+00,7.757550682482995619e+00
2.685184323549864985e+03,-2.595035227840144216e+03,2.191911214815053484e+02,1.984460346760097238e+01,-1.741785829698267918e+01,0.000000000000000000e+00,5.043572668878972820e+00,7.757550682482995619e+00
2.687168783896624973e+03,-2.596777013669842290e+03,2.191911214815053484e+02,1.984460346760097238e+01,-1.741785829698267918e+01,0.000000000000000000e+00,5.043572668878972820e+00,7.757550682482995619e+00
2.689153244243384961e+03,-2.598518799499540364e+03,2.191911214815053484e+02,1.984460346760097238e+01,-1.741785829698267918e+01,0.000000000000000000e+00,5.043572668878972820e+00,7.757550682482995619e+00
2.691137704590144949e+03,-2.600260585329238438e+03,2.191911214815053484e+02,1.984460346760097238e+01,-1.741785829698267918e+01,0.000000000000000000e+00,5.043572668878972820e+00,7.757550682482995619e+00
2.693122164936904937e+03,-2.602002371158936512e+03,2.191911214815053484e+02,1.984460346760097238e+01,-1.741785829698267918e+01,0.000000000000000000e+00,5.043572668878972820e+00,7.757550682482995619e+00
2.695106625283664926e+03,-2.603744156988634586e+03,2.191911214815053484e+02,1.984460346760097238e+01,-1.741785829698267918e+01,0.000000000000000000e+00,5.043572668878972820e+00,7.757550682482995619e+00
2.697091085630424914e+03,-2.605485942818332660e+03,2.191911214815053484e+02,1.984460346760097238e+01,-1.741785829698267918e+01,0.000000000000000000e+00,5.043572668878972820e+00,7.757550682482995619e+00
2.699075545977184902e+03,-2.607227728648030734e+03,2.191911214815053484e+02,1.984460346760097238e+01,-1.741785829698267918e+01,0.000000000000000000e+00,5.043572668878972820e+00,7.757550682482995619e+00
2.701060006323944890e+03,-2.608969514477728808e+03,2.191911214815053484e+02,1.984460346760097238e+01,-1.741785829698267918e+01,0.000000000000000000e+00,5.043572668878972820e+00,7.757550682482995619e+00
2.703044466670704878e+03,-2.610711300307426882e+03,2.191911214815053484e+02,1.984460346760097238e+01,-1.741785829698267918e+01,0.000000000000000000e+00,5.043572668878972820e+00,7.757550682482995619e+00
2.705028927017464866e+03,-2.612453086137124956e+03,2.191911214815053484e+02,1.984460346760097238e+01,-1.741785829698267918e+01,0.000000000000000000e+00,5.043572668878972820e+00,7.757550682482995619e+00
2.707013387364224855e+03,-2.614194871966823030e+03,2.191911214815053484e+02,1.984460346760097238e+01,-1.741785829698267918e+01,0.000000000000000000e+00,5.043572668878972820e+00,7.757550682482995619e+00
2.708997847710984843e+03,-2.615936657796521104e+03,2.191911214815053484e+02,1.984460346760097238e+01,-1.741785829698267918e+01,0.000000000000000000e+00,5.043572668878972820e+00,7.757550682482995619e+00
2.710982308057744831e+03,-2.617678443626219178e+03,2.191911214815053484e+02,1.984460346760097238e+01,-1.741785829698267918e+01,0.000000000000000000e+00,5.043572668878972820e+00,7.757550682482995619e+00
2.712966768404504819e+03,-2.619420229455917251e+03,2.191911214815053484e+02,1.984460346760097238e+01,-1.741785829698267918e+01,0.000000000000000000e+00,5.043572668878972820e+00,7.757550682482995619e+00
2.714951228751264807e+03,-2.621162015285615325e+03,2.191911214815053484e+02,1.984460346760097238e+01,-1.741785829698267918e+01,0.000000000000000000e+00,5.043572668878972820e+00,7.757550682482995619e+00
2.716935689098024795e+03,-2.622903801115313399e+03,2.191911214815053484e+02,1.984460346760097238e+01,-1.741785829698267918e+01,0.000000000000000000e+00,5.043572668878972820e+00,7.757550682482995619e+00
2.718920149444784784e+03,-2.624645586945011473e+03,2.191911214815053484e+02,1.984460346760097238e+01,-1.741785829698267918e+01,0.000000000000000000e+00,5.043572668878972820e+00,7.757550682482995619e+00
2.720904609791544772e+03,-2.626387372774709547e+03,2.191911214815053484e+02,1.984460346760097238e+01,-1.741785829698267918e+01,0.000000000000000000e+00,5.043572668878972820e+00,7.757550682482995619e+00
2.722889070138304760e+03,-2.628129158604407621e+03,2.191911214815053484e+02,1.984460346760097238e+01,-1.741785829698267918e+01,0.000000000000000000e+00,5.043572668878972820e+00,7.757550682482995619e+00
2.724873530485064748e+03,-2.629870944434105695e+03,2.191911214815053484e+02,1.984460346760097238e+01,-1.741785829698267918e+01,0.000000000000000000e+00,5.043572668878972820e+00,7.757550682482995619e+00
2.726857990831824736e+03,-2.631612730263803769e+03,2.191911214815053484e+02,1.984460346760097238e+01,-1.741785829698267918e+01,0.000000000000000000e+00,5.043572668878972820e+00,7.757550682482995619e+00
2.728842451178584724e+03,-2.633354516093501843e+03,2.191911214815053484e+02,1.984460346760097238e+01,-1.741785829698267918e+01,0.000000000000000000e+00,5.043572668878972820e+00,7.757550682482995619e+00
2.730826911525344713e+03,-2.635096301923199917e+03,2.191911214815053484e+02,1.984460346760097238e+01,-1.741785829698267918e+01,0.000000000000000000e+00,5.043572668878972820e+00,7.757550682482995619e+00
2.732811371872104701e+03,-2.636838087752897991e+03,2.191911214815053484e+02,1.984460346760097238e+01,-1.741785829698267918e+01,0.000000000000000000e+00,5.043572668878972820e+00,7.757550682482995619e+00
2.734795832218864689e+03,-2.638579873582596065e+03,2.191911214815053484e+02,1.984460346760097238e+01,-1.741785829698267918e+01,0.000000000000000000e+00,5.043572668878972820e+00,7.757550682482995619e+00
2.736780292565624677e+03,-2.640321659412294139e+03,2.191911214815053484e+02,1.984460346760097238e+01,-1.741785829698267918e+01,0.000000000000000000e+00,5.043572668878972820e+00,7.757550682482995619e+00
2.738764752912384665e+03,-2.642063445241992213e+03,2.191911214815053484e+02,1.984460346760097238e+01,-1.741785829698267918e+01,0.000000000000000000e+00,5.043572668878972820e+00,7.757550682482995619e+00
2.740749213259144653e+03,-2.643805231071690287e+03,2.191911214815053484e+02,1.984460346760097238e+01,-1.741785829698267918e+01,0.000000000000000000e+00,5.043572668878972820e+00,7.757550682482995619e+00
2.742733673605904642e+03,-2.645547016901388361e+03,2.191911214815053484e+02,1.984460346760097238e+01,-1.741785829698267918e+01,0.000000000000000000e+00,5.043572668878972820e+00,7.757550682482995619e+00
2.744718133952664630e+03,-2.647288802731086435e+03,2.191911214815053484e+02,1.984460346760097238e+01,-1.741785829698267918e+01,0.000000000000000000e+00,5.043572668878972820e+00,7.757550682482995619e+00
2.746702594299424618e+03,-2.649030588560784508e+03,2.191911214815053484e+02,1.984460346760097238e+01,-1.741785829698267918e+01,0.000000000000000000e+00,5.043572668878972820e+00,7.757550682482995619e+00
2.748687054646184606e+03,-2.650772374390482582e+03,2.191911214815053484e+02,1.984460346760097238e+01,-1.741785829698267918e+01,0.000000000000000000e+00,5.043572668878972820e+00,7.757550682482995619e+00
2.750671514992944594e+03,-2.652514160220180656e+03,2.191911214815053484e+02,1.984460346760097238e+01,-1.741785829698267918e+01,0.000000000000000000e+00,5.043572668878972820e+00,7.757550682482995619e+00
2.752655975339704582e+03,-2.654255946049878730e+03,2.191911214815053484e+02,1.984460346760097238e+01,-1.741785829698267918e+01,0.000000000000000000e+00,5.043572668878972820e+00,7.757550682482995619e+00
2.754780314016961256e+03,-2.656120504851251098e+03,2.191911214815053484e+02,2.124338677256885788e+01,-1.864558801372370667e+01,0.000000000000000000e+00,5.043572668878972820e+00,7.757550682482995619e+00
2.757044531024715070e+03,-2.658107836624297761e+03,2.191911214815053484e+02,2.264217007753674338e+01,-1.987331773046473415e+01,0.000000000000000000e+00,5.043572668878972820e+00,7.757550682482995619e+00
2.759448626362965570e+03,-2.660217941369018263e+03,2.191911214815053484e+02,2.404095338250462888e+01,-2.110104744720576164e+01,0.000000000000000000e+00,5.043572668878972820e+00,7.757550682482995619e+00
2.761992600031712755e+03,-2.662450819085413059e+03,2.191911214815053484e+02,2.543973668747251438e+01,-2.232877716394678913e+01,0.000000000000000000e+00,5.043572668878972820e+00,7.757550682482995619e+00
2.764676452030956625e+03,-2.664806469773481695e+03,2.191911214815053484e+02,2.683851999244039988e+01,-2.355650688068781662e+01,0.000000000000000000e+00,5.043572668878972820e+00,7.757550682482995619e+00
2.767500182360697636e+03,-2.667284893433224624e+03,2.191911214815053484e+02,2.823730329740828537e+01,-2.478423659742884411e+01,0.000000000000000000e+00,5.043572668878972820e+00,7.757550682482995619e+00
2.770463791020935332e+03,-2.669886090064641394e+03,2.191911214815053484e+02,2.963608660237617087e+01,-2.601196631416987159e+01,0.000000000000000000e+00,5.043572668878972820e+00,7.757550682482995619e+00
2.773567278011669714e+03,-2.672610059667732457e+03,2.191911214815053484e+02,3.103486990734405637e+01,-2.723969603091089908e+01,0.000000000000000000e+00,5.043572668878972820e+00,7.757550682482995619e+00
2.776810643332900781e+03,-2.675456802242497815e+03,2.191911214815053484e+02,3.243365321231194542e+01,-2.846742574765192657e+01,0.000000000000000000e+00,5.043572668878972820e+00,7.757550682482995619e+00
2.780193886984628989e+03,-2.678426317788937013e+03,2.191911214815053484e+02,3.383243651727983092e+01,-2.969515546439295406e+01,0.000000000000000000e+00,5.043572668878972820e+00,7.757550682482995619e+00
2.783717008966853882e+03,-2.681518606307050504e+03,2.191911214815053484e+02,3.523121982224771642e+01,-3.092288518113398155e+01,0.000000000000000000e+00,5.043572668878972820e+00,7.757550682482995619e+00
2.787380009279575461e+03,-2.684733667796837835e+03,2.191911214815053484e+02,3.663000312721560192e+01,-3.215061489787500904e+01,0.000000000000000000e+00,5.043572668878972820e+00,7.757550682482995619e+00
2.791182887922793725e+03,-2.688071502258299461e+03,2.191911214815053484e+02,3.802878643218348742e+01,-3.337834461461603297e+01,0.000000000000000000e+00,5.043572668878972820e+00,7.757550682482995619e+00
2.795125644896508675e+03,-2.691532109691435380e+03,2.191911214815053484e+02,3.942756973715137292e+01,-3.460607433135705691e+01,0.000000000000000000e+00,5.043572668878972820e+00,7.757550682482995619e+00
2.799208280200720765e+03,-2.695115490096245139e+03,2.191911214815053484e+02,4.082635304211925842e+01,-3.583380404809808084e+01,0.000000000000000000e+00,5.043572668878972820e+00,7.757550682482995619e+00
2.803430793835429540e+03,-2.698821643472729193e+03,2.191911214815053484e+02,4.222513634708714392e+01,-3.706153376483910478e+01,0.000000000000000000e+00,5.043572668878972820e+00,7.757550682482995619e+00
2.807793185800635001e+03,-2.702650569820887085e+03,2.191911214815053484e+02,4.362391965205502942e+01,-3.828926348158012871e+01,0.000000000000000000e+00,5.043572668878972820e+00,7.757550682482995619e+00
2.812295456096337148e+03,-2.706602269140719272e+03,2.191911214815053484e+02,4.502270295702291492e+01,-3.951699319832115265e+01,0.000000000000000000e+00,5.043572668878972820e+00,7.757550682482995619e+00
2.816937604722536435e+03,-2.710676741432225299e+03,2.191911214815053484e+02,4.642148626199080041e+01,-4.074472291506217658e+01,0.000000000000000000e+00,5.043572668878972820e+00,7.757550682482995619e+00
2.821719631679232407e+03,-2.714873986695405620e+03,2.191911214815053484e+02,4.782026956695868591e+01,-4.197245263180320052e+01,0.000000000000000000e+00,5.043572668878972820e+00,7.757550682482995619e+00
2.826641536966425065e+03,-2.719194004930260235e+03,2.191911214815053484e+02,4.921905287192657141e+01,-4.320018234854422445e+01,0.000000000000000000e+00,5.043572668878972820e+00,7.757550682482995619e+00
2.831703320584114408e+03,-2.723636796136788689e+03,2.191911214815053484e+02,5.061783617689445691e+01,-4.442791206528524839e+01,0.000000000000000000e+00,5.043572668878972820e+00,7.757550682482995619e+00
2.836904982532300437e+03,-2.728202360314991438e+03,2.191911214815053484e+02,5.201661948186234241e+01,-4.565564178202627232e+01,0.000000000000000000e+00,5.043572668878972820e+00,7.757550682482995619e+00
2.842246522810983606e+03,-2.732890697464868026e+03,2.191911214815053484e+02,5.341540278683022791e+01,-4.688337149876729626e+01,0.000000000000000000e+00,5.043572668878972820e+00,7.757550682482995619e+00
2.847727941420163461e+03,-2.737701807586418909e+03,2.191911214815053484e+02,5.481418609179811341e+01,-4.811110121550832019e+01,0.000000000000000000e+00,5.043572668878972820e+00,7.757550682482995619e+00
2.853349238359840001e+03,-2.742635690679643631e+03,2.191911214815053484e+02,5.621296939676599891e+01,-4.933883093224934413e+01,0.000000000000000000e+00,5.043572668878972820e+00,7.757550682482995619e+00
2.859110413630013227e+03,-2.747692346744542647e+03,2.191911214815053484e+02,5.761175270173388441e+01,-5.056656064899036807e+01,0.000000000000000000e+00,5.043572668878972820e+00,7.757550682482995619e+00
2.865011467230683593e+03,-2.752871775781115957e+03,2.191911214815053484e+02,5.901053600670176991e+01,-5.179429036573139200e+01,0.000000000000000000e+00,5.043572668878972820e+00,7.757550682482995619e+00
2.871052399161850644e+03,-2.758173977789363107e+03,2.191911214815053484e+02,6.040931931166965541e+01,-5.302202008247241594e+01,0.000000000000000000e+00,5.043572668878972820e+00,7.757550682482995619e+00
2.877233209423514381e+03,-2.763598952769284551e+03,2.191911214815053484e+02,6.180810261663754090e+01,-5.424974979921343987e+01,0.000000000000000000e+00,5.043572668878972820e+00,7.757550682482995619e+00
2.883553898015674804e+03,-2.769146700720879835e+03,2.191911214815053484e+02,6.320688592160542640e+01,-5.547747951595446381e+01,0.000000000000000000e+00,5.043572668878972820e+00,7.757550682482995619e+00
2.890014464938331912e+03,-2.774817221644149413e+03,2.191911214815053484e+02,6.460566922657331190e+01,-5.670520923269548774e+01,0.000000000000000000e+00,5.043572668878972820e+00,7.757550682482995619e+00
2.896614910191486160e+03,-2.780610515539093285e+03,2.191911214815053484e+02,6.600445253154120451e+01,-5.793293894943651168e+01,0.000000000000000000e+00,5.043572668878972820e+00,7.757550682482995619e+00
2.903355233775137094e+03,-2.786526582405710997e+03,2.191911214815053484e+02,6.740323583650909711e+01,-5.916066866617753561e+01,0.000000000000000000e+00,5.043572668878972820e+00,7.757550682482995619e+00
2.910235435689284714e+03,-2.792565422244003003e+03,2.191911214815053484e+02,6.880201914147698972e+01,-6.038839838291855955e+01,0.000000000000000000e+00,5.043572668878972820e+00,7.757550682482995619e+00
2.917255515933929019e+03,-2.798727035053968848e+03,2.191911214815053484e+02,7.020080244644488232e+01,-6.161612809965958348e+01,0.000000000000000000e+00,5.043572668878972820e+00,7.757550682482995619e+00
2.924415474509070464e+03,-2.805011420835608988e+03,2.191911214815053484e+02,7.159958575141277493e+01,-6.284385781640060742e+01,0.000000000000000000e+00,5.043572668878972820e+00,7.757550682482995619e+00
2.931715311414708594e+03,-2.811418579588922967e+03,2.191911214815053484e+02,7.299836905638066753e+01,-6.407158753314163846e+01,0.000000000000000000e+00,5.043572668878972820e+00,7.757550682482995619e+00
2.939155026650843411e+03,-2.817948511313911240e+03,2.191911214815053484e+02,7.439715236134856013e+01,-6.529931724988266240e+01,0.000000000000000000e+00,5.043572668878972820e+00,7.757550682482995619e+00
2.946734620217474912e+03,-2.824601216010573808e+03,2.191911214815053484e+02,7.579593566631645274e+01,-6.652704696662368633e+01,0.000000000000000000e+00,5.043572668878972820e+00,7.757550682482995619e+00
2.954454092114603554e+03,-2.831376693678910215e+03,2.191911214815053484e+02,7.719471897128434534e+01,-6.775477668336471027e+01,0.000000000000000000e+00,5.043572668878972820e+00,7.757550682482995619e+00
2.962313442342228882e+03,-2.838274944318920916e+03,2.191911214815053484e+02,7.859350227625223795e+01,-6.898250640010573420e+01,0.000000000000000000e+00,5.043572668878972820e+00,7.757550682482995619e+00
2.970312670900350895e+03,-2.845295967930605457e+03,2.191911214815053484e+02,7.999228558122013055e+01,-7.021023611684675814e+01,0.000000000000000000e+00,5.043572668878972820e+00,7.757550682482995619e+00
2.978451777788969594e+03,-2.852439764513964292e+03,2.191911214815053484e+02,8.139106888618802316e+01,-7.143796583358778207e+01,0.000000000000000000e+00,5.043572668878972820e+00,7.757550682482995619e+00
2.986730763008084978e+03,-2.859706334068996966e+03,2.191911214815053484e+02,8.278985219115591576e+01,-7.266569555032880601e+01,0.000000000000000000e+00,5.043572668878972820e+00,7.757550682482995619e+00
2.995149626557697502e+03,-2.867095676595703935e+03,2.191911214815053484e+02,8.418863549612380837e+01,-7.389342526706982994e+01,0.000000000000000000e+00,5.043572668878972820e+00,7.757550682482995619e+00
3.003708368437806712e+03,-2.874607792094085198e+03,2.191911214815053484e+02,8.558741880109170097e+01,-7.512115498381085388e+01,0.000000000000000000e+00,5.043572668878972820e+00,7.757550682482995619e+00
3.012406988648412607e+03,-2.882242680564140301e+03,2.191911214815053484e+02,8.698620210605959358e+01,-7.634888470055187781e+01,0.000000000000000000e+00,5.043572668878972820e+00,7.757550682482995619e+00
3.021245487189515188e+03,-2.890000342005869697e+03,2.191911214815053484e+02,8.838498541102748618e+01,-7.757661441729290175e+01,0.000000000000000000e+00,5.043572668878972820e+00,7.757550682482995619e+00
3.030223864061114909e+03,-2.897880776419272934e+03,2.191911214815053484e+02,8.978376871599537878e+01,-7.880434413403392568e+01,0.000000000000000000e+00,5.043572668878972820e+00,7.757550682482995619e+00
3.039342119263211316e+03,-2.905883983804350464e+03,2.191911214815053484e+02,9.118255202096327139e+01,-8.003207385077494962e+01,0.000000000000000000e+00,5.043572668878972820e+00,7.757550682482995619e+00
3.048600252795804408e+03,-2.914009964161102289e+03,2.191911214815053484e+02,9.258133532593116399e+01,-8.125980356751597355e+01,0.000000000000000000e+00,5.043572668878972820e+00,7.757550682482995619e+00
3.057998264658894186e+03,-2.922258717489527953e+03,2.191911214815053484e+02,9.398011863089905660e+01,-8.248753328425699749e+01,0.000000000000000000e+00,5.043572668878972820e+00,7.757550682482995619e+00
3.067536154852481104e+03,-2.930630243789627912e+03,2.191911214815053484e+02,9.537890193586694920e+01,-8.371526300099802143e+01,0.000000000000000000e+00,5.043572668878972820e+00,7.757550682482995619e+00
3.077213923376564708e+03,-2.939124543061401710e+03,2.191911214815053484e+02,9.677768524083484181e+01,-8.494299271773904536e+01,0.000000000000000000e+00,5.043572668878972820e+00,7.757550682482995619e+00
3.087031570231144997e+03,-2.947741615304849802e+03,2.191911214815053484e+02,9.817646854580273441e+01,-8.617072243448006930e+01,0.000000000000000000e+00,5.043572668878972820e+00,7.757550682482995619e+00
3.096989095416221971e+03,-2.956481460519971733e+03,2.191911214815053484e+02,9.957525185077062702e+01,-8.739845215122109323e+01,0.000000000000000000e+00,5.043572668878972820e+00,7.757550682482995619e+00
3.107086498931795632e+03,-2.965344078706767959e+03,2.191911214815053484e+02,1.009740351557385196e+02,-8.862618186796211717e+01,0.000000000000000000e+00,5.043572668878972820e+00,7.757550682482995619e+00
3.117323780777866432e+03,-2.974329469865238480e+03,2.191911214815053484e+02,1.023728184607064122e+02,-8.985391158470314110e+01,0.000000000000000000e+00,5.043572668878972820e+00,7.757550682482995619e+00
3.127700940954433918e+03,-2.983437633995382839e+03,2.191911214815053484e+02,1.037716017656743048e+02,-9.108164130144416504e+01,0.000000000000000000e+00,5.043572668878972820e+00,7.757550682482995619e+00
3.138217979461498089e+03,-2.992668571097201493e+03,2.191911214815053484e+02,1.051703850706421974e+02,-9.230937101818518897e+01,0.000000000000000000e+00,5.043572668878972820e+00,7.757550682482995619e+00
3.148874896299058946e+03,-3.002022281170693986e+03,2.191911214815053484e+02,1.065691683756100900e+02,-9.353710073492621291e+01,0.000000000000000000e+00,5.043572668878972820e+00,7.757550682482995619e+00
3.159671691467116943e+03,-3.011498764215860774e+03,2.191911214815053484e+02,1.079679516805779826e+02,-9.476483045166723684e+01,0.000000000000000000e+00,5.043572668878972820e+00,7.757550682482995619e+00
3.170608364965671626e+03,-3.021098020232701401e+03,2.191911214815053484e+02,1.093667349855458752e+02,-9.599256016840826078e+01,0.000000000000000000e+00,5.043572668878972820e+00,7.757550682482995619e+00
3.181684916794722994e+03,-3.030820049221216323e+03,2.191911214815053484e+02,1.107655182905137679e+02,-9.722028988514928471e+01,0.000000000000000000e+00,5.043572668878972820e+00,7.757550682482995619e+00
3.192901346954271048e+03,-3.040664851181405538e+03,2.191911214815053484e+02,1.121643015954816605e+02,-9.844801960189030865e+01,0.000000000000000000e+00,5.043572668878972820e+00,7.757550682482995619e+00
3.204257655444315787e+03,-3.050632426113268593e+03,2.191911214815053484e+02,1.135630849004495531e+02,-9.967574931863133259e+01,0.000000000000000000e+00,5.043572668878972820e+00,7.757550682482995619e+00
3.215753842264857667e+03,-3.060722774016805943e+03,2.191911214815053484e+02,1.149618682054174457e+02,-1.009034790353723565e+02,0.000000000000000000e+00,5.043572668878972820e+00,7.757550682482995619e+00
3.227389907415896232e+03,-3.070935894892017131e+03,2.191911214815053484e+02,1.163606515103853383e+02,-1.021312087521133805e+02,0.000000000000000000e+00,5.043572668878972820e+00,7.757550682482995619e+00
3.239165850897431483e+03,-3.081271788738902615e+03,2.191911214815053484e+02,1.177594348153532309e+02,-1.033589384688544044e+02,0.000000000000000000e+00,5.043572668878972820e+00,7.757550682482995619e+00
3.251081672709463419e+03,-3.091730455557461937e+03,2.191911214815053484e+02,1.191582181203211235e+02,-1.045866681855954283e+02,0.000000000000000000e+00,5.043572668878972820e+00,7.757550682482995619e+00
3.263137372851992495e+03,-3.102311895347695554e+03,2.191911214815053484e+02,1.205570014252890161e+02,-1.058143979023364523e+02,0.000000000000000000e+00,5.043572668878972820e+00,7.757550682482995619e+00
3.275332951325018257e+03,-3.113016108109603465e+03,2.191911214815053484e+02,1.219557847302569087e+02,-1.070421276190774762e+02,0.000000000000000000e+00,5.043572668878972820e+00,7.757550682482995619e+00
3.287668408128540705e+03,-3.123843093843185216e+03,2.191911214815053484e+02,1.233545680352248013e+02,-1.082698573358185001e+02,0.000000000000000000e+00,5.043572668878972820e+00,7.757550682482995619e+00
3.300143743262559838e+03,-3.134792852548441260e+03,2.191911214815053484e+02,1.247533513401926939e+02,-1.094975870525595241e+02,0.000000000000000000e+00,5.043572668878972820e+00,7.757550682482995619e+00
3.312758956727076111e+03,-3.145865384225371145e+03,2.191911214815053484e+02,1.261521346451605865e+02,-1.107253167693005480e+02,0.000000000000000000e+00,5.043572668878972820e+00,7.757550682482995619e+00
3.325514048522089070e+03,-3.157060688873975323e+03,2.191911214815053484e+02,1.275509179501284791e+02,-1.119530464860415719e+02,0.000000000000000000e+00,5.043572668878972820e+00,7.757550682482995619e+00
3.338409018647598714e+03,-3.168378766494253796e+03,2.191911214815053484e+02,1.289497012550963575e+02,-1.131807762027825959e+02,0.000000000000000000e+00,5.043572668878972820e+00,7.757550682482995619e+00
3.351443867103605044e+03,-3.179819617086206108e+03,2.191911214815053484e+02,1.303484845600642359e+02,-1.144085059195236198e+02,0.000000000000000000e+00,5.043572668878972820e+00,7.757550682482995619e+00
3.364618593890108059e+03,-3.191383240649832715e+03,2.191911214815053484e+02,1.317472678650321143e+02,-1.156362356362646437e+02,0.000000000000000000e+00,5.043572668878972820e+00,7.757550682482995619e+00
3.377933199007108215e+03,-3.203069637185133161e+03,2.191911214815053484e+02,1.331460511699999927e+02,-1.168639653530056677e+02,0.000000000000000000e+00,5.043572668878972820e+00,7.757550682482995619e+00
3.391387682454605056e+03,-3.214878806692107901e+03,2.191911214815053484e+02,1.345448344749678711e+02,-1.180916950697466916e+02,0.000000000000000000e+00,5.043572668878972820e+00,7.757550682482995619e+00
3.404982044232598582e+03,-3.226810749170756480e+03,2.191911214815053484e+02,1.359436177799357495e+02,-1.193194247864877156e+02,0.000000000000000000e+00,5.043572668878972820e+00,7.757550682482995619e+00
3.418716284341088794e+03,-3.238865464621079354e+03,2.191911214815053484e+02,1.373424010849036279e+02,-1.205471545032287395e+02,0.000000000000000000e+00,5.043572668878972820e+00,7.757550682482995619e+00
3.432590402780076147e+03,-3.251042953043076523e+03,2.191911214815053484e+02,1.387411843898715063e+02,-1.217748842199697634e+02,0.000000000000000000e+00,5.043572668878972820e+00,7.757550682482995619e+00
3.446604399549560185e+03,-3.263343214436747530e+03,2.191911214815053484e+02,1.401399676948393846e+02,-1.230026139367107874e+02,0.000000000000000000e+00,5.043572668878972820e+00,7.757550682482995619e+00
3.460758274649540908e+03,-3.275766248802092832e+03,2.191911214815053484e+02,1.415387509998072630e+02,-1.242303436534518113e+02,0.000000000000000000e+00,5.043572668878972820e+00,7.757550682482995619e+00
3.475052028080018317e+03,-3.288312056139111974e+03,2.191911214815053484e+02,1.429375343047751414e+02,-1.254580733701928352e+02,0.000000000000000000e+00,5.043572668878972820e+00,7.757550682482995619e+00
3.489485659840992412e+03,-3.300980636447805409e+03,2.191911214815053484e+02,1.443363176097430198e+02,-1.266858030869338592e+02,0.000000000000000000e+00,5.043572668878972820e+00,7.757550682482995619e+00
3.504059169932463647e+03,-3.313771989728172684e+03,2.191911214815053484e+02,1.457351009147108982e+02,-1.279135328036748831e+02,0.000000000000000000e+00,5.043572668878972820e+00,7.757550682482995619e+00
3.518772558354431567e+03,-3.326686115980214254e+03,2.191911214815053484e+02,1.471338842196787766e+02,-1.291412625204159212e+02,0.000000000000000000e+00,5.043572668878972820e+00,7.757550682482995619e+00
3.533625825106896173e+03,-3.339723015203930117e+03,2.191911214815053484e+02,1.485326675246466550e+02,-1.303689922371569594e+02,0.000000000000000000e+00,5.043572668878972820e+00,7.757550682482995619e+00
3.548618970189857464e+03,-3.352882687399319821e+03,2.191911214815053484e+02,1.499314508296145334e+02,-1.315967219538979975e+02,0.000000000000000000e+00,5.043572668878972820e+00,7.757550682482995619e+00
3.563751993603315896e+03,-3.366165132566383818e+03,2.191911214815053484e+02,1.513302341345824118e+02,-1.328244516706390357e+02,0.000000000000000000e+00,5.043572668878972820e+00,7.757550682482995619e+00
3.579024895347271013e+03,-3.379570350705121655e+03,2.191911214815053484e+02,1.527290174395502902e+02,-1.340521813873800738e+02,0.000000000000000000e+00,5.043572668878972820e+00,7.757550682482995619e+00
3.594437675421722815e+03,-3.393098341815533786e+03,2.191911214815053484e+02,1.541278007445181686e+02,-1.352799111041211120e+02,0.000000000000000000e+00,5.043572668878972820e+00,7.757550682482995619e+00
3.609990333826671304e+03,-3.406749105897620211e+03,2.191911214815053484e+02,1.555265840494860470e+02,-1.365076408208621501e+02,0.000000000000000000e+00,5.043572668878972820e+00,7.757550682482995619e+00
3.625682870562116477e+03,-3.420522642951380476e+03,2.191911214815053484e+02,1.569253673544539254e+02,-1.377353705376031883e+02,0.000000000000000000e+00,5.043572668878972820e+00,7.757550682482995619e+00
3.641515285628058791e+03,-3.434418952976815035e+03,2.191911214815053484e+02,1.583241506594218038e+02,-1.389631002543442264e+02,0.000000000000000000e+00,5.043572668878972820e+00,7.757550682482995619e+00
3.657487579024497791e+03,-3.448438035973923434e+03,2.191911214815053484e+02,1.597229339643896822e+02,-1.401908299710852646e+02,0.000000000000000000e+00,5.043572668878972820e+00,7.757550682482995619e+00
