8.792276686435913291e+01,-3.058115808883063380e+01,-3.114309395876026620e+00,4.273374079168480905e-09,-5.530656034455558845e-10,0.000000000000000000e+00,4.831757249257334408e+00,8.125437594872121139e+00
8.582478994098896408e+01,-3.063841194023970260e+01,-3.114309395874175213e+00,-2.097976924514796337e+01,-5.725385184416428297e-01,0.000000000000000000e+00,4.831756713705168238e+00,8.125437594721844903e+00
8.372681301761923578e+01,-3.069566579230217584e+01,-3.114309395881995624e+00,-2.097976925065094633e+01,-5.725385189933941410e-01,0.000000000000000000e+00,4.831756370325152261e+00,8.125437594171936340e+00
8.162883609425094278e+01,-3.075291964401501232e+01,-3.114309395880291653e+00,-2.097976923207823674e+01,-5.725385178910274986e-01,0.000000000000000000e+00,4.831755102903430910e+00,8.125437594546061959e+00
7.953085917088223766e+01,-3.081017349620994139e+01,-3.114309395881541320e+00,-2.097976925234620538e+01,-5.725385205205708594e-01,0.000000000000000000e+00,4.831755898303714325e+00,8.125437594973979216e+00
7.743288224751287885e+01,-3.086742734828937884e+01,-3.114309395882880693e+00,-2.097976923119307457e+01,-5.725385191678481478e-01,0.000000000000000000e+00,4.831756346574662686e+00,8.125437595143012004e+00
7.533490532414114682e+01,-3.092468120035129786e+01,-3.114309395873240405e+00,-2.097976919792155570e+01,-5.725385187516618402e-01,0.000000000000000000e+00,4.831757260118989983e+00,8.125437594401937247e+00
7.323692840077224275e+01,-3.098193505160406502e+01,-3.114309395877689735e+00,-2.097976925631979483e+01,-5.725385212639383381e-01,0.000000000000000000e+00,4.831756822084353864e+00,8.125437595166607352e+00
7.113895147740015545e+01,-3.103918890407441111e+01,-3.114309395877528086e+00,-2.097976930357467040e+01,-5.725385192895290354e-01,0.000000000000000000e+00,4.831757857830005776e+00,8.125437594662724194e+00
6.904097455403048400e+01,-3.109644275575892536e+01,-3.114309395877683073e+00,-2.097976922191109495e+01,-5.725385192288845460e-01,0.000000000000000000e+00,4.831757671684787425e+00,8.125437594480212411e+00
6.694299763066251785e+01,-3.115369660782060279e+01,-3.114309395879921283e+00,-2.097976926026649025e+01,-5.725385189792520091e-01,0.000000000000000000e+00,4.831756496855100558e+00,8.125437594741720559e+00
6.484502070729098477e+01,-3.121095045961749292e+01,-3.114309395870272112e+00,-2.097976924722776815e+01,-5.725385193281380403e-01,0.000000000000000000e+00,4.831757518456162082e+00,8.125437594502763261e+00
6.274704378392382154e+01,-3.126820431130587252e+01,-3.114309395878448683e+00,-2.097976926801536024e+01,-5.725385195405453542e-01,0.000000000000000000e+00,4.831757590228595411e+00,8.125437594973069722e+00
6.064906686055093132e+01,-3.132545816355020918e+01,-3.114309395872635111e+00,-2.097976924493636375e+01,-5.725385190731629992e-01,0.000000000000000000e+00,4.831757033807392965e+00,8.125437595016073544e+00
5.855108993718035748e+01,-3.138271201520121068e+01,-3.114309395876615483e+00,-2.097976926660115637e+01,-5.725385191477805336e-01,0.000000000000000000e+00,4.831756227898488909e+00,8.125437594455963364e+00
5.645311301381306635e+01,-3.143996586715294583e+01,-3.114309395874730324e+00,-2.097976926172042056e+01,-5.725385195183934073e-01,0.000000000000000000e+00,4.831757285876846275e+00,8.125437594798665231e+00
5.435513609044361516e+01,-3.149721971921703201e+01,-3.114309395877064901e+00,-2.097976923791507886e+01,-5.725385181603832585e-01,0.000000000000000000e+00,4.831754934585735128e+00,8.125437594549961062e+00
5.225715916707256525e+01,-3.155447357119030016e+01,-3.114309395878370079e+00,-2.097976923223058421e+01,-5.725385185348482731e-01,0.000000000000000000e+00,4.831756929839332138e+00,8.125437594853782031e+00
5.015918224369927003e+01,-3.161172742292974291e+01,-3.114309395877368658e+00,-2.097976924579059244e+01,-5.725385191080581970e-01,0.000000000000000000e+00,4.831757111283319972e+00,8.125437594659716822e+00
4.806120532033231285e+01,-3.166898127502773974e+01,-3.114309395878370967e+00,-2.097976924553019273e+01,-5.725385192108282117e-01,0.000000000000000000e+00,4.831756071021926502e+00,8.125437595182908979e+00
4.596322839696551910e+01,-3.172623512703699689e+01,-3.114309395873476216e+00,-2.097976923076597444e+01,-5.725385191960519204e-01,0.000000000000000000e+00,4.831755042873253636e+00,8.125437594521242701e+00
4.386525147359300547e+01,-3.178348897839725851e+01,-3.114309395881075027e+00,-2.097976925277770377e+01,-5.725385187475083848e-01,0.000000000000000000e+00,4.831755797735754143e+00,8.125437594479794967e+00
4.176727455022273006e+01,-3.184074283070562572e+01,-3.114309395877322917e+00,-2.097976923167845342e+01,-5.725385196329269011e-01,0.000000000000000000e+00,4.831756313223515953e+00,8.125437594401452301e+00
3.966929762685165883e+01,-3.189799668238531893e+01,-3.114309395872185249e+00,-2.097976923422299578e+01,-5.725385200388365403e-01,0.000000000000000000e+00,4.831755807341122200e+00,8.125437594865495328e+00
3.757132070348273345e+01,-3.195525053422755946e+01,-3.114309395879486964e+00,-2.097976924257005393e+01,-5.725385171585659627e-01,0.000000000000000000e+00,4.831757135596967068e+00,8.125437594677572761e+00
3.547334378011101563e+01,-3.201250438673105947e+01,-3.114309395877964626e+00,-2.097976923280418049e+01,-5.725385191573761912e-01,0.000000000000000000e+00,4.831757108130001477e+00,8.125437595006347991e+00
3.337536685674349712e+01,-3.206975823811613679e+01,-3.114309395872738584e+00,-2.097976927369383660e+01,-5.725385179684195913e-01,0.000000000000000000e+00,4.831756561061866684e+00,8.125437595021136161e+00
3.127738993337243656e+01,-3.212701209076945474e+01,-3.114309395876172726e+00,-2.097976926180516344e+01,-5.725385198369565831e-01,0.000000000000000000e+00,4.831756268471783855e+00,8.125437594821063314e+00
2.917941301000409737e+01,-3.218426594250490069e+01,-3.114309395876972530e+00,-2.097976920719775862e+01,-5.725385206979737296e-01,0.000000000000000000e+00,4.831755839031359301e+00,8.125437595123072398e+00
2.708143608663231916e+01,-3.224151979425164427e+01,-3.114309395881579956e+00,-2.097976928639613803e+01,-5.725385192700558346e-01,0.000000000000000000e+00,4.831756251873550845e+00,8.125437594699240762e+00
2.498345916326389826e+01,-3.229877364608192636e+01,-3.114309395878327447e+00,-2.097976924669195142e+01,-5.725385193806807882e-01,0.000000000000000000e+00,4.831758375304541886e+00,8.125437595151963066e+00
2.288548223988930630e+01,-3.235602749799782885e+01,-3.114309395877607578e+00,-2.097976925636083578e+01,-5.725385181857173267e-01,0.000000000000000000e+00,4.831756052015645508e+00,8.125437594450517054e+00
2.078750531652230649e+01,-3.241328134966251895e+01,-3.114309395876189601e+00,-2.097976924539629096e+01,-5.725385200065138402e-01,0.000000000000000000e+00,4.831755798394580914e+00,8.125437594668518670e+00
1.868952839315181080e+01,-3.247053520183180808e+01,-3.114309395875177522e+00,-2.097976922710370218e+01,-5.725385193090908320e-01,0.000000000000000000e+00,4.831756914492995492e+00,8.125437594607054947e+00
1.659155146978126183e+01,-3.252778905396993991e+01,-3.114309395872458808e+00,-2.097976922639254482e+01,-5.725385196960347534e-01,0.000000000000000000e+00,4.831755823654591886e+00,8.125437594289193655e+00
1.449357454641122978e+01,-3.258504290527491065e+01,-3.114309395874395481e+00,-2.097976923217179746e+01,-5.725385193948521190e-01,0.000000000000000000e+00,4.831757318446628702e+00,8.125437594784903794e+00
1.239559762304335777e+01,-3.264229675786837959e+01,-3.114309395876468489e+00,-2.097976924152460398e+01,-5.725385183530051769e-01,0.000000000000000000e+00,4.831757208744877019e+00,8.125437594994206592e+00
1.029762069967054749e+01,-3.269955060962596605e+01,-3.114309395875149544e+00,-2.097976924026285772e+01,-5.725385195899981294e-01,0.000000000000000000e+00,4.831756556769653876e+00,8.125437595048806472e+00
8.199643776303313203e+00,-3.275680446115328692e+01,-3.114309395878470443e+00,-2.097976925169694695e+01,-5.725385185848289593e-01,0.000000000000000000e+00,4.831756946616844850e+00,8.125437594764546745e+00
6.101666852934517493e+00,-3.281405831304174825e+01,-3.114309395872133290e+00,-2.097976923202492472e+01,-5.725385181556394976e-01,0.000000000000000000e+00,4.831756116170373261e+00,8.125437594386797358e+00
4.003689929561013550e+00,-3.287131216594384853e+01,-3.114309395877850495e+00,-2.097976922799876220e+01,-5.725385196411139077e-01,0.000000000000000000e+00,4.831755850638141503e+00,8.125437594810335895e+00
1.905713006192326642e+00,-3.292856601714123599e+01,-3.114309395872572939e+00,-2.097976922038430914e+01,-5.725385191171984411e-01,0.000000000000000000e+00,4.831756777881079046e+00,8.125437595369058741e+00
-1.922639171769622290e-01,-3.298581986879644745e+01,-3.114309395879578890e+00,-2.097976920343219831e+01,-5.725385177976844986e-01,0.000000000000000000e+00,4.831755628049521967e+00,8.125437594656652607e+00
-2.290240840546590828e+00,-3.304307372101382612e+01,-3.114309395878215980e+00,-2.097976920397914924e+01,-5.725385198434835843e-01,0.000000000000000000e+00,4.831757497668606405e+00,8.125437594091506455e+00
-4.388217763915828407e+00,-3.310032757268970727e+01,-3.114309395874096609e+00,-2.097976926215772409e+01,-5.725385200417582032e-01,0.000000000000000000e+00,4.831755311871880565e+00,8.125437594435549471e+00
-6.486194687285321336e+00,-3.315758142473501380e+01,-3.114309395875890285e+00,-2.097976921785217286e+01,-5.725385194776040354e-01,0.000000000000000000e+00,4.831755874025617459e+00,8.125437594305292777e+00
-8.584171610656801121e+00,-3.321483527661138169e+01,-3.114309395877090658e+00,-2.097976920292403591e+01,-5.725385188045539753e-01,0.000000000000000000e+00,4.831758130767356718e+00,8.125437594389390839e+00
-1.068214853402651165e+01,-3.327208912842679212e+01,-3.114309395879178322e+00,-2.097976920436346049e+01,-5.725385188209637377e-01,0.000000000000000000e+00,4.831756621369555305e+00,8.125437595046868466e+00
-1.278012545739807848e+01,-3.332934298027814890e+01,-3.114309395879857334e+00,-2.097976924335213056e+01,-5.725385190197065377e-01,0.000000000000000000e+00,4.831757203741977591e+00,8.125437594766761862e+00
-1.487810238076525948e+01,-3.338659683242956788e+01,-3.114309395875245912e+00,-2.097976924230086482e+01,-5.725385183861134708e-01,0.000000000000000000e+00,4.831755380235965625e+00,8.125437594949742603e+00
-1.697607930413898814e+01,-3.344385068400852390e+01,-3.114309395880038522e+00,-2.097976919910477278e+01,-5.725385179352896481e-01,0.000000000000000000e+00,4.831756538139706514e+00,8.125437594285493503e+00
-1.907405622750609453e+01,-3.350110453638176722e+01,-3.114309395880735742e+00,-2.097976922434567726e+01,-5.725385193047806132e-01,0.000000000000000000e+00,4.831756478278067313e+00,8.125437594836535382e+00
-2.117203315087498794e+01,-3.355835838812490834e+01,-3.114309395881660336e+00,-2.097976921379045834e+01,-5.725385196203703897e-01,0.000000000000000000e+00,4.831757405132114158e+00,8.125437595019773696e+00
-2.327001007424932055e+01,-3.361561224040185181e+01,-3.114309395875496378e+00,-2.097976922626363461e+01,-5.725385192533852807e-01,0.000000000000000000e+00,4.831756187933796909e+00,8.125437595028916604e+00
-2.536798699761359543e+01,-3.367286609214299631e+01,-3.114309395879275577e+00,-2.097976922735215410e+01,-5.725385190519090006e-01,0.000000000000000000e+00,4.831758342781544258e+00,8.125437594674203012e+00
-2.746596392098636485e+01,-3.373011994405661795e+01,-3.114309395881211362e+00,-2.097976924030651347e+01,-5.725385195356490486e-01,0.000000000000000000e+00,4.831756358061867651e+00,8.125437594301640587e+00
-2.956394084435540393e+01,-3.378737379573377098e+01,-3.114309395879976350e+00,-2.097976925360078582e+01,-5.725385188287793747e-01,0.000000000000000000e+00,4.831757894957992683e+00,8.125437594543887698e+00
-3.166191776772567934e+01,-3.384462764782099953e+01,-3.114309395874199637e+00,-2.097976923678966799e+01,-5.725385191674779994e-01,0.000000000000000000e+00,4.831756814764567309e+00,8.125437594781423911e+00
-3.375989469109745755e+01,-3.390188149984943777e+01,-3.114309395875989761e+00,-2.097976927373764156e+01,-5.725385187521648822e-01,0.000000000000000000e+00,4.831757987015820710e+00,8.125437594391117457e+00
-3.585787161446553029e+01,-3.395913535172863362e+01,-3.114309395881447617e+00,-2.097976919064785406e+01,-5.725385187797296105e-01,0.000000000000000000e+00,4.831755667060964043e+00,8.125437594568792221e+00
-3.795584853783511647e+01,-3.401638920314773173e+01,-3.114309395877186137e+00,-2.097976922848085479e+01,-5.725385181159521331e-01,0.000000000000000000e+00,4.831756056698624846e+00,8.125437595260335044e+00
-4.005382546120402054e+01,-3.407364305553986128e+01,-3.114309395874068631e+00,-2.097976921219253654e+01,-5.725385205757806961e-01,0.000000000000000000e+00,4.831756427470199178e+00,8.125437595312376970e+00
-4.215180238457771367e+01,-3.413089690716485336e+01,-3.114309395881269982e+00,-2.097976926356996330e+01,-5.725385193197842781e-01,0.000000000000000000e+00,4.831756507897384978e+00,8.125437594544708375e+00
-4.424977930794702274e+01,-3.418815075921165914e+01,-3.114309395877591147e+00,-2.097976923483209433e+01,-5.725385193453975674e-01,0.000000000000000000e+00,4.831756126317332978e+00,8.125437594408955633e+00
-4.634775623131717026e+01,-3.424540461100515643e+01,-3.114309395875880959e+00,-2.097976924751598560e+01,-5.725385198985361024e-01,0.000000000000000000e+00,4.831758811637082651e+00,8.125437595276828517e+00
-4.844573315468569774e+01,-3.430265846344558867e+01,-3.114309395871392550e+00,-2.097976929311857575e+01,-5.725385195227067348e-01,0.000000000000000000e+00,4.831756610344334568e+00,8.125437594366317740e+00
-5.054371007805828242e+01,-3.435991231505702359e+01,-3.114309395878201769e+00,-2.097976924274413690e+01,-5.725385181434269333e-01,0.000000000000000000e+00,4.831756685632860204e+00,8.125437594136348807e+00
-5.264168700142589330e+01,-3.441716616686208141e+01,-3.114309395874300890e+00,-2.097976928443963374e+01,-5.725385189764178318e-01,0.000000000000000000e+00,4.831755631395147077e+00,8.125437595453464112e+00
-5.473966392479505316e+01,-3.447442001889675822e+01,-3.114309395881464049e+00,-2.097976925030976147e+01,-5.725385200268084951e-01,0.000000000000000000e+00,4.831756772409271150e+00,8.125437594637960004e+00
-5.683764084816644413e+01,-3.453167387064958405e+01,-3.114309395878466891e+00,-2.097976922649303688e+01,-5.725385189076483972e-01,0.000000000000000000e+00,4.831756307528892513e+00,8.125437594302752586e+00
-5.893561777153396264e+01,-3.458892772267306270e+01,-3.114309395875784592e+00,-2.097976918767060184e+01,-5.725385184204317968e-01,0.000000000000000000e+00,4.831756824113138116e+00,8.125437595199249685e+00
-6.103359469490754208e+01,-3.464618157447142011e+01,-3.114309395875866748e+00,-2.097976924646467012e+01,-5.725385182670972295e-01,0.000000000000000000e+00,4.831757727722668427e+00,8.125437594864642676e+00
-6.313157161827857067e+01,-3.470343542680424065e+01,-3.114309395876080799e+00,-2.097976925501459533e+01,-5.725385189486679183e-01,0.000000000000000000e+00,4.831755427929476987e+00,8.125437594473664760e+00
-6.522954854164487415e+01,-3.476068927840201894e+01,-3.114309395875673570e+00,-2.097976927422513427e+01,-5.725385188607179376e-01,0.000000000000000000e+00,4.831757615173231990e+00,8.125437594934709296e+00
-6.732752546501662039e+01,-3.481794313039453925e+01,-3.114309395878609887e+00,-2.097976924233008234e+01,-5.725385183971414271e-01,0.000000000000000000e+00,4.831755722297390143e+00,8.125437594750916759e+00
-6.942550238838755661e+01,-3.487519698245287003e+01,-3.114309395876511566e+00,-2.097976923303701113e+01,-5.725385201638570898e-01,0.000000000000000000e+00,4.831755903546599562e+00,8.125437594998794921e+00
-7.152347931175675910e+01,-3.493245083390762318e+01,-3.114309395878444686e+00,-2.097976921079075296e+01,-5.725385180683484343e-01,0.000000000000000000e+00,4.831756075955473406e+00,8.125437594437224575e+00
-7.362145623512756742e+01,-3.498970468589214988e+01,-3.114309395883169795e+00,-2.097976923604096910e+01,-5.725385194025198743e-01,0.000000000000000000e+00,4.831755818579427597e+00,8.125437594448642997e+00
-7.571943315849590306e+01,-3.504695853809447925e+01,-3.114309395874670816e+00,-2.097976924973845314e+01,-5.725385195458073673e-01,0.000000000000000000e+00,4.831757622734050628e+00,8.125437594469334002e+00
-7.781741008186750719e+01,-3.510421239002255334e+01,-3.114309395882023601e+00,-2.097976925666183945e+01,-5.725385193366734349e-01,0.000000000000000000e+00,4.831756683693834376e+00,8.125437595221763232e+00
-7.991538700523626915e+01,-3.516146624170329460e+01,-3.114309395880726417e+00,-2.097976917904632899e+01,-5.725385189307290457e-01,0.000000000000000000e+00,4.831755756051967055e+00,8.125437594663763363e+00
-8.201336392860501689e+01,-3.521872009404495429e+01,-3.114309395877626230e+00,-2.097976923495390267e+01,-5.725385194601624317e-01,0.000000000000000000e+00,4.831755438423924076e+00,8.125437594971506527e+00
-8.411134085197377885e+01,-3.527597394554098997e+01,-3.114309395872617792e+00,-2.097976926078817073e+01,-5.725385194829822888e-01,0.000000000000000000e+00,4.831757145162264955e+00,8.125437594144480968e+00
-8.620931777534836726e+01,-3.533322779753240894e+01,-3.114309395879183207e+00,-2.097976924619538863e+01,-5.725385202495753001e-01,0.000000000000000000e+00,4.831755707033168257e+00,8.125437594711288014e+00
-8.830729469871725712e+01,-3.539048164942820307e+01,-3.114309395876585285e+00,-2.097976920626453179e+01,-5.725385195873228250e-01,0.000000000000000000e+00,4.831757096688376052e+00,8.125437594726227175e+00
-9.040527162208579171e+01,-3.544773550151013097e+01,-3.114309395873331443e+00,-2.097976921732913524e+01,-5.725385198056642810e-01,0.000000000000000000e+00,4.831756838555753220e+00,8.125437594770293259e+00
-9.250324854545621633e+01,-3.550498935340751672e+01,-3.114309395875806352e+00,-2.097976922247987019e+01,-5.725385192410706869e-01,0.000000000000000000e+00,4.831757111293203621e+00,8.125437594050030299e+00
-9.460122546882563199e+01,-3.556224320518995796e+01,-3.114309395877021380e+00,-2.097976925493731315e+01,-5.725385197830864525e-01,0.000000000000000000e+00,4.831755185965578292e+00,8.125437594813556430e+00
-9.669920239219636926e+01,-3.561949705724952508e+01,-3.114309395875006103e+00,-2.097976925688102767e+01,-5.725385195765124724e-01,0.000000000000000000e+00,4.831756406860162834e+00,8.125437594225349613e+00
-9.879717931556663757e+01,-3.567675090901447277e+01,-3.114309395873318120e+00,-2.097976924236498775e+01,-5.725385196831571655e-01,0.000000000000000000e+00,4.831755417419237197e+00,8.125437594723381451e+00
-1.008951562389349164e+02,-3.573400476107601520e+01,-3.114309395875015429e+00,-2.097976926212641757e+01,-5.725385183656009902e-01,0.000000000000000000e+00,4.831756690746839666e+00,8.125437594214483639e+00
-1.029931331623072452e+02,-3.579125861285149313e+01,-3.114309395880802356e+00,-2.097976921572433184e+01,-5.725385187213295479e-01,0.000000000000000000e+00,4.831757181450577754e+00,8.125437594816618869e+00
-1.050911100856755240e+02,-3.584851246496446464e+01,-3.114309395874451880e+00,-2.097976921987147847e+01,-5.725385199211232568e-01,0.000000000000000000e+00,4.831756838373735263e+00,8.125437594711479861e+00
-1.071890870090438597e+02,-3.590576631635089200e+01,-3.114309395878852360e+00,-2.097976926617258187e+01,-5.725385191945703278e-01,0.000000000000000000e+00,4.831755706160662633e+00,8.125437594350403359e+00
-1.092870639324143980e+02,-3.596302016838233584e+01,-3.114309395874477193e+00,-2.097976922258791888e+01,-5.725385193205903001e-01,0.000000000000000000e+00,4.831755052719469035e+00,8.125437595102773969e+00
-1.113850408557839131e+02,-3.602027402019526647e+01,-3.114309395873023689e+00,-2.097976931415000124e+01,-5.725385196012618971e-01,0.000000000000000000e+00,4.831756495851522892e+00,8.125437594726067303e+00
-1.134830177791586863e+02,-3.607752787274024797e+01,-3.114309395883599674e+00,-2.097976920467501571e+01,-5.725385192578003046e-01,0.000000000000000000e+00,4.831756854734797102e+00,8.125437594876329328e+00
-1.155809947025249897e+02,-3.613478172428707325e+01,-3.114309395878406939e+00,-2.097976922394703791e+01,-5.725385195984420417e-01,0.000000000000000000e+00,4.831757267810463219e+00,8.125437595050243544e+00
-1.176789716258922169e+02,-3.619203557614314803e+01,-3.114309395876993847e+00,-2.097976921806999684e+01,-5.725385200814890885e-01,0.000000000000000000e+00,4.831757432450188183e+00,8.125437594157808974e+00
-1.197769485492657395e+02,-3.624928942805001242e+01,-3.114309395874837794e+00,-2.097976922186117221e+01,-5.725385194859199389e-01,0.000000000000000000e+00,4.831757064286833270e+00,8.125437594128964491e+00
-1.218749254726353115e+02,-3.630654328005740439e+01,-3.114309395876218467e+00,-2.097976921282555907e+01,-5.725385190364719046e-01,0.000000000000000000e+00,4.831755714822373093e+00,8.125437594686085063e+00
-1.258978955683938921e+02,-3.641633025256513179e+01,-2.066986904280455839e+00,-4.022970094248027095e+01,-1.097869721142942900e+00,1.047322491593780391e+01,4.831758124528875875e+00,8.125437594680452236e+00
-1.278138601443591966e+02,-3.995545744908559982e+01,-1.019664412692325772e+00,-1.915964575315792828e+01,-3.539127196516788132e+01,1.047322491593780391e+01,4.831756080210023896e+00,8.125437595106220101e+00
-1.257064399889048758e+02,-4.338403176790725269e+01,2.765807890567339652e-02,2.107420155472170364e+01,-3.428574318796312781e+01,1.047322491593780391e+01,4.831755617723444196e+00,8.125437594630614768e+00
-1.216835113262250871e+02,-4.327273690858977062e+01,1.074980570502355626e+00,4.022928664287873346e+01,1.112948588014592843e+00,1.047322491593780391e+01,4.831755997756152610e+00,8.125437595056114404e+00
-1.197688734246913214e+02,-3.973289181724063468e+01,2.122303062095114878e+00,1.914637894887590974e+01,3.539845092197317200e+01,1.047322491593780391e+01,4.831756418385224627e+00,8.125437594768539995e+00
-1.218775785343893006e+02,-3.630510764481125108e+01,3.169625553683905750e+00,-2.108705107443136129e+01,3.427784172195833179e+01,1.047322491593780391e+01,4.831756381800017763e+00,8.125437594266999852e+00
-1.259004651988054064e+02,-3.641791037442848022e+01,4.216948045277497670e+00,-4.022886663093881054e+01,-1.128027299116746818e+00,1.047322491593780391e+01,4.831756215395905940e+00,8.125437594972538591e+00
-1.278137761569204542e+02,-3.995847286506675289e+01,5.264270536875058859e+00,-1.913310952874757476e+01,-3.540562490270083629e+01,1.047322491593780391e+01,4.831757178141515396e+00,8.125437594810877684e+00
-1.257037863892331302e+02,-4.338546640921062902e+01,6.311593028466963240e+00,2.109989768762592632e+01,-3.426993543903898853e+01,1.047322491593780391e+01,4.831755761675458949e+00,8.125437594529165253e+00
-1.216809422882606100e+02,-4.327115582340036326e+01,7.358915520057507820e+00,4.022844103624109380e+01,1.143105852819960244e+00,1.047322491593780391e+01,4.831757198045998791e+00,8.125437594807356945e+00
-1.197689585423643308e+02,-3.972987643265759061e+01,8.406238011660079223e+00,1.911983746159319253e+01,3.541279391173387125e+01,1.047322491593780391e+01,4.831755836204481014e+00,8.125437594764196803e+00
-1.218802326716076010e+02,-3.630367399830549857e+01,9.453560503252891323e+00,-2.111274131603190440e+01,3.426202434371243299e+01,1.047322491593780391e+01,4.831757750572871934e+00,8.125437594509802963e+00
-1.259030336439655997e+02,-3.641949242242604612e+01,1.050088299484013099e+01,-4.022800968457359261e+01,-1.158184243153012494e+00,1.047322491593780391e+01,4.831756758333364488e+00,8.125437595090348353e+00
-1.278136899090227274e+02,-3.996148821676568019e+01,1.154820548643683331e+01,-1.910656262833779095e+01,-3.541995794365337957e+01,1.047322491593780391e+01,4.831757130109129328e+00,8.125437595107367628e+00
-1.257011317148360376e+02,-4.338689905983034834e+01,1.259552797802698443e+01,2.112558193096118941e+01,-3.425410843588459642e+01,1.047322491593780391e+01,4.831757031816588999e+00,8.125437595109723077e+00
-1.216783744362603130e+02,-4.326957281310178871e+01,1.364285046962307213e+01,4.022757282587419780e+01,1.173262471670226459e+00,1.047322491593780391e+01,4.831755329510945884e+00,8.125437595009609382e+00
-1.197690459204737863e+02,-3.972686111317766233e+01,1.469017296121551830e+01,1.909328516224943684e+01,3.542711700075957992e+01,1.047322491593780391e+01,4.831756804787808335e+00,8.125437594274806941e+00
-1.218828878828057611e+02,-3.630224234172410291e+01,1.573749545280948503e+01,-2.113841961062512809e+01,3.424618771435853404e+01,1.047322491593780391e+01,4.831756832989880124e+00,8.125437595357926313e+00
-1.259056009024398435e+02,-3.642107639553438503e+01,1.678481794440432395e+01,-4.022713016212730963e+01,-1.188340535947186805e+00,1.047322491593780391e+01,4.831757173287227758e+00,8.125437595627030163e+00
-1.278136014007175447e+02,-3.996450350357765302e+01,1.783214043599920728e+01,-1.908000501698262141e+01,-3.543427107998245162e+01,1.047322491593780391e+01,4.831756279628343087e+00,8.125437594707952016e+00
-1.256984759672128291e+02,-4.338832972135671895e+01,1.887946292759400535e+01,2.115125435316556590e+01,-3.423826218057374149e+01,1.047322491593780391e+01,4.831755317380298287e+00,8.125437594697062949e+00
-1.216758077716776683e+02,-4.326798787753052267e+01,1.992678541918437674e+01,4.022668199240993658e+01,1.203418433020644995e+00,1.047322491593780391e+01,4.831756490374727875e+00,8.125437594495682703e+00
-1.197691355589701203e+02,-3.972384585991564876e+01,2.097410791077778214e+01,1.906672212378500220e+01,3.544142018018383311e+01,1.047322491593780391e+01,4.831756610129160912e+00,8.125437595045106320e+00
-1.218855441664890549e+02,-3.630081267622957597e+01,2.202143040237416116e+01,-2.116408607176670742e+01,3.423033183529675227e+01,1.047322491593780391e+01,4.831755862695859882e+00,8.125437594729005397e+00
-1.259081669727741968e+02,-3.642266229209312201e+01,2.306875289397129336e+01,-4.022622810367530377e+01,-1.218496161643370934e+00,1.047322491593780391e+01,4.831755621261681455e+00,8.125437594493783777e+00
-1.278135106320436165e+02,-3.996751872264121630e+01,2.411607538556182462e+01,-1.905343660877081291e+01,-3.544856430263468638e+01,1.047322491593780391e+01,4.831757666746807622e+00,8.125437594355661375e+00
-1.256958191478501305e+02,-4.338975839096702458e+01,2.516339787716058041e+01,2.117691480838186990e+01,-3.422239668486808029e+01,1.047322491593780391e+01,4.831756372706880853e+00,8.125437594337332925e+00
-1.216732422959483415e+02,-4.326640101935524285e+01,2.621072036875070665e+01,4.022576852670339775e+01,1.233573717122875779e+00,1.047322491593780391e+01,4.831755442662348798e+00,8.125437595025106319e+00
-1.197692274577994596e+02,-3.972083067485375807e+01,2.725804286034459523e+01,1.904014841923598311e+01,3.545570344270736740e+01,1.047322491593780391e+01,4.831757048841023305e+00,8.125437594343143388e+00
-1.218882015211573417e+02,-3.629938500218281661e+01,2.830536535193496661e+01,-2.118974062584362983e+01,3.421445672455880072e+01,1.047322491593780391e+01,4.831756794595940541e+00,8.125437594705932298e+00
-1.259107318535326101e+02,-3.642425011276087332e+01,2.935268784353062088e+01,-4.022530328510902109e+01,-1.248651101794002516e+00,1.047322491593780391e+01,4.831756222979378457e+00,8.125437594690781751e+00
-1.278134176030632005e+02,-3.997053387282255699e+01,3.040001033512697504e+01,-1.902685747944996209e+01,-3.546283760348516978e+01,1.047322491593780391e+01,4.831755202066589483e+00,8.125437594877979564e+00
-1.256931612582429807e+02,-4.339118506888885207e+01,3.144733282672488173e+01,2.120256343557658241e+01,-3.420651195731380056e+01,1.047322491593780391e+01,4.831757467791281790e+00,8.125437594423898346e+00
-1.216706780105175056e+02,-4.326481223762590389e+01,3.249465531831452836e+01,4.022483248902678099e+01,1.263728309805528305e+00,1.047322491593780391e+01,4.831756057618962430e+00,8.125437595237741562e+00
-1.197693216169161730e+02,-3.971781555964712140e+01,3.354197780990444500e+01,1.901356393566078751e+01,3.546996678232370215e+01,1.047322491593780391e+01,4.831754294120465865e+00,8.125437594832511934e+00
-1.218908599453268380e+02,-3.629795932111276358e+01,3.458930030149834778e+01,-2.121538328012599806e+01,3.419856238534588044e+01,1.047322491593780391e+01,4.831756945993706864e+00,8.125437594768481375e+00
-1.259132955432773429e+02,-3.642583985491805265e+01,3.563662279309338032e+01,-4.022435600544904588e+01,-1.278805339759625070e+00,1.047322491593780391e+01,4.831757096823446673e+00,8.125437594601772062e+00
-1.278133223138260490e+02,-3.997354895278292020e+01,3.668394528468546412e+01,-1.900026773590829876e+01,-3.547709097601673278e+01,1.047322491593780391e+01,4.831756297116220011e+00,8.125437594326141877e+00
-1.256905022998838888e+02,-4.339260975335399451e+01,3.773126777628461781e+01,2.122820013489129209e+01,-3.419060800715821102e+01,1.047322491593780391e+01,4.831756303527702912e+00,8.125437594529531182e+00
-1.216681149168223754e+02,-4.326322153463962650e+01,3.877859026787385943e+01,4.022387381059999711e+01,1.293882190288670575e+00,1.047322491593780391e+01,4.831756249520198665e+00,8.125437594838269106e+00
-1.197694180362625076e+02,-3.971480051551164792e+01,3.982591275947115861e+01,1.898696878816081224e+01,3.548421018726791232e+01,1.047322491593780391e+01,4.831756879917316283e+00,8.125437595046847150e+00
-1.218935194374999185e+02,-3.629653563323838483e+01,4.087323525106243238e+01,-2.124101399139798119e+01,3.418264882620663769e+01,1.047322491593780391e+01,4.831756615922238041e+00,8.125437594426104582e+00
-1.259158580405617158e+02,-3.642743151893798625e+01,4.192055774265652701e+01,-4.022338605158186908e+01,-1.308958858877185660e+00,1.047322491593780391e+01,4.831756808812643911e+00,8.125437594483781112e+00
-1.278132247643859074e+02,-3.997656395992548539e+01,4.296788023424916503e+01,-1.897366724352049872e+01,-3.549132441337289379e+01,1.047322491593780391e+01,4.831757043409810493e+00,8.125437595138022218e+00
-1.256878422742669841e+02,-4.339403244480801192e+01,4.401520272584414073e+01,2.125382492510596322e+01,-3.417468484351707758e+01,1.047322491593780391e+01,4.831756682653718826e+00,8.125437594731719670e+00
-1.216655530163090617e+02,-4.326162890991111709e+01,4.506252521743853379e+01,4.022289257892811776e+01,1.324035343460582714e+00,1.047322491593780391e+01,4.831755936541787477e+00,8.125437594477482151e+00
-1.197695167157881286e+02,-3.971178554485187817e+01,4.610984770903050389e+01,1.896036299245385592e+01,3.549843365171455645e+01,1.047322491593780391e+01,4.831755987271445285e+00,8.125437594985523759e+00
-1.218961799961842729e+02,-3.629511393953522003e+01,4.715717020062745490e+01,-2.126663278794233491e+01,3.416671605886661922e+01,1.047322491593780391e+01,4.831755914761255433e+00,8.125437594446481171e+00
-1.259184193439446915e+02,-3.642902510341574640e+01,4.820449269221905553e+01,-4.022239345600988258e+01,-1.339111644231061771e+00,1.047322491593780391e+01,4.831757103121259611e+00,8.125437594527005203e+00
-1.278131249547882646e+02,-3.997957889373501672e+01,4.925181518381649681e+01,-1.894705611756086228e+01,-3.550553790533159315e+01,1.047322491593780391e+01,4.831757560107372562e+00,8.125437594604886016e+00
-1.256851811828895649e+02,-4.339545314107805751e+01,5.029913767540479341e+01,2.127943774003483668e+01,-3.415874247403394293e+01,1.047322491593780391e+01,4.831756938629519382e+00,8.125437595049486816e+00
-1.216629923104133582e+02,-4.326003436566459470e+01,5.134646016700313709e+01,4.022188876119828649e+01,1.354187756124050512e+00,1.047322491593780391e+01,4.831755034516151071e+00,8.125437594605365632e+00
-1.197696176554353542e+02,-3.970877064895144315e+01,5.239378265859191686e+01,1.893374659458929088e+01,3.551263716837929252e+01,1.047322491593780391e+01,4.831755980267206319e+00,8.125437595046177464e+00
-1.218988416198814093e+02,-3.629369424017244228e+01,5.344110515018520147e+01,-2.129223968755415797e+01,3.415076409157447301e+01,1.047322491593780391e+01,4.831758134919486913e+00,8.125437594663667440e+00
-1.259209794519907462e+02,-3.643062060726131079e+01,5.448842764178387199e+01,-4.022137830757903743e+01,-1.369263676382272088e+00,1.047322491593780391e+01,4.831757218032057821e+00,8.125437594944751041e+00
-1.278130228851055250e+02,-3.998259375172569463e+01,5.553575013337196253e+01,-1.892043433324526802e+01,-3.551973144356132650e+01,1.047322491593780391e+01,4.831756622041163851e+00,8.125437594667674901e+00
-1.256825190272458030e+02,-4.339687184285401855e+01,5.658307262496865064e+01,2.130503855233362742e+01,-3.414278090983644631e+01,1.047322491593780391e+01,4.831756567619904352e+00,8.125437594264882435e+00
-1.216604328005767144e+02,-4.325843790238270259e+01,5.763039511656403135e+01,4.022086226665288677e+01,1.384339404698226916e+00,1.047322491593780391e+01,4.831755355119474515e+00,8.125437594925472240e+00
-1.197697208551474830e+02,-3.970575582946126758e+01,5.867771760815704596e+01,1.890711942530547418e+01,3.552682072802232227e+01,1.047322491593780391e+01,4.831756963223882373e+00,8.125437594822965792e+00
-1.219015043070958484e+02,-3.629227653627375361e+01,5.972504009974520045e+01,-2.131783454304628123e+01,3.413479293142178506e+01,1.047322491593780391e+01,4.831756112761106614e+00,8.125437594447459944e+00
-1.259235383632643135e+02,-3.643221803057472385e+01,6.077236259134445362e+01,-4.022034056244175559e+01,-1.399414939099683286e+00,1.047322491593780391e+01,4.831757588453532648e+00,8.125437594829149290e+00
-1.278129185553802643e+02,-3.998560853243903068e+01,6.181968508293979880e+01,-1.889380191821720700e+01,-3.553390502104875281e+01,1.047322491593780391e+01,4.831757481123747588e+00,8.125437594792328966e+00
-1.256798558088313627e+02,-4.339828854806779646e+01,6.286700757453075994e+01,2.133062749371494604e+01,-3.412680015715653070e+01,1.047322491593780391e+01,4.831755776135025826e+00,8.125437594413009279e+00
-1.216578744882358052e+02,-4.325683952054487946e+01,6.391433006612547274e+01,4.021981318990012966e+01,1.414490276052294826e+00,1.047322491593780391e+01,4.831757002950288538e+00,8.125437594923232254e+00
-1.197698263148674158e+02,-3.970274108834869509e+01,6.496165255772176295e+01,1.888048176729532912e+01,3.554098432180706624e+01,1.047322491593780391e+01,4.831756031741224255e+00,8.125437595092879661e+00
-1.219041680563388468e+02,-3.629086082957174852e+01,6.600897504931030824e+01,-2.134341744286087206e+01,3.411880259013293681e+01,1.047322491593780391e+01,4.831756268874982219e+00,8.125437594207090442e+00
-1.259260960763160853e+02,-3.643381737093529438e+01,6.705629754091357597e+01,-4.021928019497713791e+01,-1.429565413209546776e+00,1.047322491593780391e+01,4.831756759023456915e+00,8.125437594709717715e+00
-1.278128119656831103e+02,-3.998862323371297123e+01,6.810362003250173757e+01,-1.886715891576906756e+01,-3.554805863091209517e+01,1.047322491593780391e+01,4.831756875391409523e+00,8.125437594777661587e+00
-1.256771915291407424e+02,-4.339970325636790704e+01,6.915094252409191711e+01,2.135620436301926262e+01,-3.411080022788290478e+01,1.047322491593780391e+01,4.831755751675552268e+00,8.125437594987429790e+00
-1.216553173748264953e+02,-4.325523922130627597e+01,7.019826501569076527e+01,4.021874153245097716e+01,1.444640351661327315e+00,1.047322491593780391e+01,4.831756626044216851e+00,8.125437594663651453e+00
-1.197699340345331507e+02,-3.969972642658983375e+01,7.124558750728093059e+01,1.885383337059908726e+01,3.555512794419500722e+01,1.047322491593780391e+01,4.831755431489961339e+00,8.125437594453826406e+00
-1.219068328661051481e+02,-3.628944711960291158e+01,7.229290999887562919e+01,-2.136898834855628238e+01,3.410279307288153916e+01,1.047322491593780391e+01,4.831755968422431380e+00,8.125437594734084001e+00
-1.259286525897188938e+02,-3.643541862832292111e+01,7.334023249046559556e+01,-4.021819726491788316e+01,-1.459715086997213751e+00,1.047322491593780391e+01,4.831757168223991705e+00,8.125437594357904914e+00
-1.278127031160603622e+02,-3.999163785483270317e+01,7.438755498206451477e+01,-1.884050527229579330e+01,-3.556219226206027884e+01,1.047322491593780391e+01,4.831756795307438956e+00,8.125437594618183823e+00
-1.256745261896737844e+02,-4.340111596753472156e+01,7.543487747365497853e+01,2.138176926427254543e+01,-3.409478112942112915e+01,1.047322491593780391e+01,4.831755212504983632e+00,8.125437594527717522e+00
-1.216527614617840385e+02,-4.325363700563891456e+01,7.648219996525172348e+01,4.021764724717532857e+01,1.474789616880613830e+00,1.047322491593780391e+01,4.831756050763648780e+00,8.125437594852160217e+00
-1.197700440140910843e+02,-3.969671184689833154e+01,7.752952245684231514e+01,1.882717451111306417e+01,3.556925158374853879e+01,1.047322491593780391e+01,4.831756102828222765e+00,8.125437594987307222e+00
-1.219094987348937309e+02,-3.628803540804867112e+01,7.857684494844342282e+01,-2.139454721470494647e+01,3.408676439276473502e+01,1.047322491593780391e+01,4.831758069489660912e+00,8.125437594634311367e+00
-1.259312079020331367e+02,-3.643702180192399709e+01,7.962416744002955227e+01,-4.021709166666995117e+01,-1.489863938717068681e+00,1.047322491593780391e+01,4.831757061247174967e+00,8.125437594829872268e+00
-1.278125920065883037e+02,-3.999465239288642948e+01,8.067148993162250292e+01,-1.881384101455634550e+01,-3.557630591096508255e+01,1.047322491593780391e+01,4.831756917845530630e+00,8.125437594873925917e+00
-1.256718597919325475e+02,-4.340252667994252533e+01,8.171881242321768468e+01,2.140732211393913786e+01,-3.407874287102453792e+01,1.047322491593780391e+01,4.831758424863161316e+00,8.125437594518526652e+00
-1.216502067505533660e+02,-4.325203287462495183e+01,8.276613491481475648e+01,4.021653036859358110e+01,1.504938052370713653e+00,1.047322491593780391e+01,4.831755170411784484e+00,8.125437594040665346e+00
-1.197701562534681869e+02,-3.969369735102159780e+01,8.381345740640827557e+01,1.880050497055757930e+01,3.558335523719406268e+01,1.047322491593780391e+01,4.831754616926874135e+00,8.125437594712655809e+00
-1.219121656612163633e+02,-3.628662569492319534e+01,8.486077989800253363e+01,-2.142009405562553326e+01,3.407071655736275062e+01,1.047322491593780391e+01,4.831756885564966630e+00,8.125437594490497517e+00
-1.259337620118264596e+02,-3.643862689064049221e+01,8.590810238959262790e+01,-4.021596356193577293e+01,-1.520011953774123903e+00,1.047322491593780391e+01,4.831757302460323089e+00,8.125437595060363449e+00
-1.278124786373182644e+02,-3.999766684700252739e+01,8.695542488118904600e+01,-1.878716620460429709e+01,-3.559039956514672554e+01,1.047322491593780391e+01,4.831756337336932106e+00,8.125437595057562135e+00
-1.256691923374061446e+02,-4.340393539285771141e+01,8.800274737278101611e+01,2.143286303241049495e+01,-3.406268546050529267e+01,1.047322491593780391e+01,4.831755640248608152e+00,8.125437594071946990e+00
-1.216476532425673724e+02,-4.325042682853964493e+01,8.905006986437585681e+01,4.021539094085139254e+01,1.535085643134470379e+00,1.047322491593780391e+01,4.831755999522278522e+00,8.125437594743164738e+00
-1.197702707526130723e+02,-3.969068293897584709e+01,9.009739235596862272e+01,1.877382491472380011e+01,3.559743889171465270e+01,1.047322491593780391e+01,4.831754858647946627e+00,8.125437594544031583e+00
-1.219148336435697502e+02,-3.628521798191435010e+01,9.114471484756259656e+01,-2.144562891334316035e+01,3.405464957593550679e+01,1.047322491593780391e+01,4.831756459550145877e+00,8.125437594833460508e+00
-1.259363149176555368e+02,-3.644023389322016726e+01,9.219203733915384191e+01,-4.021481272479903168e+01,-1.550159114844180452e+00,1.047322491593780391e+01,4.831756086054745047e+00,8.125437594437213917e+00
-1.278123630083159838e+02,-4.000068121510974350e+01,9.323935983074755995e+01,-1.876048086122435521e+01,-3.560447321933327203e+01,1.047322491593780391e+01,4.831756963195476651e+00,8.125437594893940130e+00
-1.256665238275986667e+02,-4.340534210611069454e+01,9.428668232234836921e+01,2.145839181141425556e+01,-3.404660890601945766e+01,1.047322491593780391e+01,4.831755687327056847e+00,8.125437595252703815e+00
-1.216451009392521172e+02,-4.324881886924165997e+01,9.533400481393574921e+01,4.021422886614259085e+01,1.565232369084903485e+00,1.047322491593780391e+01,4.831754933224528870e+00,8.125437594317604706e+00
-1.197703875114512044e+02,-3.968766861485805464e+01,9.638132730552757721e+01,1.874713424110855797e+01,3.561150254365511358e+01,1.047322491593780391e+01,4.831756849004910315e+00,8.125437594432231236e+00
-1.219175026804546320e+02,-3.628381226908159363e+01,9.742864979713007756e+01,-2.147115173541886080e+01,3.403856345518435234e+01,1.047322491593780391e+01,4.831756835507363235e+00,8.125437594348642989e+00
-1.259388666180923906e+02,-3.644184280921727748e+01,9.847597228872015762e+01,-4.021363938190227572e+01,-1.580305404446265882e+00,1.047322491593780391e+01,4.831756717307952087e+00,8.125437594992943602e+00
-1.278122451196529568e+02,-4.000369549584475237e+01,9.952329478031379040e+01,-1.873378505385050374e+01,-3.561852686566066950e+01,1.047322491593780391e+01,4.831758964090776765e+00,8.125437594751584669e+00
-1.256638542640101690e+02,-4.340674681796201639e+01,1.005706172719063574e+02,2.148390855119461662e+01,-3.403051322218910713e+01,1.047322491593780391e+01,4.831756124457528223e+00,8.125437595263294455e+00
-1.216425498420520910e+02,-4.324720899615776659e+01,1.016179397635007717e+02,4.021304423908432568e+01,1.595378216603140054e+00,1.047322491593780391e+01,4.831756197949458098e+00,8.125437595011042902e+00
-1.197705065299248588e+02,-3.968465437854598576e+01,1.026652622550933813e+02,1.872043311662982390e+01,3.562554618286730346e+01,1.047322491593780391e+01,4.831756313697828098e+00,8.125437594823450738e+00
-1.219201727703734974e+02,-3.628240855756822469e+01,1.037125847466953417e+02,-2.149666237898501819e+01,3.402245820708557744e+01,1.047322491593780391e+01,4.831755314340164809e+00,8.125437594510239947e+00
-1.259414171116984562e+02,-3.644345363817888028e+01,1.047599072382801353e+02,-4.021244340305318588e+01,-1.610450806201991325e+00,1.047322491593780391e+01,4.831757240357621441e+00,8.125437594125054730e+00
-1.278121249713865950e+02,-4.000670968770398161e+01,1.058072297298772924e+02,-1.870707864085816041e+01,-3.563256049565123362e+01,1.047322491593780391e+01,4.831755747630002595e+00,8.125437594392355578e+00
-1.256611836481405930e+02,-4.340814952880583633e+01,1.068545522214628534e+02,2.150941321394900996e+01,-3.401439841379470153e+01,1.047322491593780391e+01,4.831755616965915046e+00,8.125437594731755198e+00
-1.216399999523964368e+02,-4.324559721220787623e+01,1.079018747130696596e+02,4.021183692061004677e+01,1.625523167782588541e+00,1.047322491593780391e+01,4.831755929995189547e+00,8.125437594765298144e+00
-1.197706278079619295e+02,-3.968164023214376357e+01,1.089491972046545385e+02,1.869372148394310429e+01,3.563956980141302466e+01,1.047322491593780391e+01,4.831755216497865213e+00,8.125437594794833629e+00
-1.219228439118190011e+02,-3.628100684804920206e+01,1.099965196962522782e+02,-2.152216108067568001e+01,3.400633384062843589e+01,1.047322491593780391e+01,4.831757269522868548e+00,8.125437594717748624e+00
-1.259439663970417769e+02,-3.644506637834192730e+01,1.110438421878486821e+02,-4.021122489156642388e+01,-1.640595303215022227e+00,1.047322491593780391e+01,4.831757955785639602e+00,8.125437594699196353e+00
-1.278120025635909229e+02,-4.000972378826433129e+01,1.120911646794391743e+02,-1.868036168411645193e+01,-3.564657410027803053e+01,1.047322491593780391e+01,4.831756771742846901e+00,8.125437594641804040e+00
-1.256585119814927936e+02,-4.340955023720469086e+01,1.131384871710382782e+02,2.153490581649055002e+01,-3.399826448950856417e+01,1.047322491593780391e+01,4.831757862249329349e+00,8.125437594810719588e+00
-1.216374512717220853e+02,-4.324398351649578132e+01,1.141858096626316552e+02,4.021060709267989353e+01,1.655667204848652485e+00,1.047322491593780391e+01,4.831756369228614290e+00,8.125437594788166962e+00
-1.197707513455002584e+02,-3.967862617726690644e+01,1.152331321542193479e+02,1.866699931229841170e+01,3.565357339331725228e+01,1.047322491593780391e+01,4.831757196063709792e+00,8.125437594642482608e+00
-1.219255161032976389e+02,-3.627960714127897290e+01,1.162804546458090726e+02,-2.154764757615932069e+01,3.399019036241318048e+01,1.047322491593780391e+01,4.831756578038781669e+00,8.125437594765408278e+00
-1.259465144726913763e+02,-3.644668102876745053e+01,1.173277771374050786e+02,-4.020998370605756378e+01,-1.670738876887198021e+00,1.047322491593780391e+01,4.831757242366939487e+00,8.125437594576615297e+00
-1.278118778963341668e+02,-4.001273779654831486e+01,1.183750996290022499e+02,-1.865363422675051552e+01,-3.566056767388304394e+01,1.047322491593780391e+01,4.831755261189883299e+00,8.125437594699238986e+00
-1.256558392655614256e+02,-4.341094894229701850e+01,1.194224221205934526e+02,2.156038632935121768e+01,-3.398211146022870821e+01,1.047322491593780391e+01,4.831755774333118758e+00,8.125437595075791108e+00
-1.216349038014558062e+02,-4.324236791088578968e+01,1.204697446121918745e+02,4.020935463934426934e+01,1.685810313976890518e+00,1.047322491593780391e+01,4.831758223018022491e+00,8.125437594861697477e+00
-1.197708771424651104e+02,-3.967561221605637911e+01,1.215170671037843135e+02,1.864026658136916126e+01,3.566755694750212058e+01,1.047322491593780391e+01,4.831756326009747582e+00,8.125437595302349436e+00
-1.219281893433070252e+02,-3.627820943751152782e+01,1.225643895953795663e+02,-2.157312203598164047e+01,3.397402778473325213e+01,1.047322491593780391e+01,4.831756550249842519e+00,8.125437594575442901e+00
-1.259490613372138199e+02,-3.644829758946109166e+01,1.236117120869679553e+02,-4.020871993892862406e+01,-1.700881513012538315e+00,1.047322491593780391e+01,4.831756657851887127e+00,8.125437594601320868e+00
-1.278117509696801477e+02,-4.001575170988460428e+01,1.246590345785654534e+02,-1.862689635222348272e+01,-3.567454120712901044e+01,1.047322491593780391e+01,4.831756999743673120e+00,8.125437594825781318e+00
-1.256531655018536497e+02,-4.341234564371519866e+01,1.257063570701561446e+02,2.158585466456983326e+01,-3.396593933308479052e+01,1.047322491593780391e+01,4.831757134819098631e+00,8.125437594724617796e+00
-1.216323575430318158e+02,-4.324075039636773710e+01,1.267536795617477878e+02,4.020807959592778502e+01,1.715952473048074411e+00,1.047322491593780391e+01,4.831756789547311470e+00,8.125437594096940330e+00
-1.197710051987878046e+02,-3.967259835030000659e+01,1.278010020533508282e+02,1.861352347299555987e+01,3.568152045695440933e+01,1.047322491593780391e+01,4.831758279826980029e+00,8.125437595027495519e+00
-1.219308636303363897e+02,-3.627681373882829519e+01,1.288483245449411640e+02,-2.159858434185565201e+01,3.395784611204532411e+01,1.047322491593780391e+01,4.831755867788779746e+00,8.125437594705466893e+00
-1.259516069891826362e+02,-3.644991605842020732e+01,1.298956470365364737e+02,-4.020743358530604183e+01,-1.731023193533671956e+00,1.047322491593780391e+01,4.831756892748559018e+00,8.125437594994641799e+00
-1.278116217837067410e+02,-4.001876552757875771e+01,1.309429695281277475e+02,-1.860014792600516387e+01,-3.568849469379865269e+01,1.047322491593780391e+01,4.831755553032558659e+00,8.125437594951829823e+00
-1.256504906918689812e+02,-4.341374033960921253e+01,1.319902920197165201e+02,2.161131089624686297e+01,-3.394974811967009032e+01,1.047322491593780391e+01,4.831756200970656501e+00,8.125437594894606264e+00
-1.216298124978811614e+02,-4.323913097293181096e+01,1.330376145113150130e+02,4.020678197128125930e+01,1.746093668344611327e+00,1.047322491593780391e+01,4.831757701561821605e+00,8.125437594593027057e+00
-1.197711355143931797e+02,-3.966958458129086296e+01,1.340849370029052068e+02,1.858676983515556103e+01,3.569546391568763255e+01,1.047322491593780391e+01,4.831756324176107675e+00,8.125437594541134345e+00
-1.219335389628972592e+02,-3.627542004573064816e+01,1.351322594945023070e+02,-2.162403446334575108e+01,3.394164535913338199e+01,1.047322491593780391e+01,4.831758036628042596e+00,8.125437594560562360e+00
-1.259541514271587630e+02,-3.645153643556664491e+01,1.361795819860980430e+02,-4.020612463089717892e+01,-1.761163899024738244e+00,1.047322491593780391e+01,4.831756841145364412e+00,8.125437594630028570e+00
-1.278114903384830399e+02,-4.002177924766726846e+01,1.372269044776896294e+02,-1.857338910378641472e+01,-3.570242812217696837e+01,1.047322491593780391e+01,4.831758162902675124e+00,8.125437594190788815e+00
-1.256478148371157744e+02,-4.341513303040299121e+01,1.382742269692824379e+02,2.163675498090423233e+01,-3.393353782953529674e+01,1.047322491593780391e+01,4.831757644918137196e+00,8.125437594616826686e+00
-1.216272686674341656e+02,-4.323750964207845016e+01,1.393215494608730012e+02,4.020546170998127167e+01,1.776233883394577440e+00,1.047322491593780391e+01,4.831755795986670599e+00,8.125437594417029175e+00
-1.197712680892142458e+02,-3.966657091084354647e+01,1.403688719524695898e+02,1.856000582216555017e+01,3.570938731501981778e+01,1.047322491593780391e+01,4.831756733138309556e+00,8.125437594906761873e+00
-1.219362153394732360e+02,-3.627402835740441844e+01,1.414161944440631942e+02,-2.164947256148468568e+01,3.392542552959878321e+01,1.047322491593780391e+01,4.831756065617561546e+00,8.125437594910737360e+00
-1.259566946497206459e+02,-3.645315871965964760e+01,1.424635169356602944e+02,-4.020479309764055387e+01,-1.791303616654199793e+00,1.047322491593780391e+01,4.831755305369548559e+00,8.125437594563745591e+00
-1.278113566340837082e+02,-4.002479286868314290e+01,1.435108394272488681e+02,-1.854661982532145004e+01,-3.571634148875904202e+01,1.047322491593780391e+01,4.831757646812340212e+00,8.125437594870037472e+00
-1.256451379390927627e+02,-4.341652371524831011e+01,1.445581619188442346e+02,2.166218695269970596e+01,-3.391730846623268292e+01,1.047322491593780391e+01,4.831755057282419052e+00,8.125437594793638141e+00
-1.216247260531218330e+02,-4.323588640541142780e+01,1.456054844104371284e+02,4.020411888045193649e+01,1.806373098972690272e+00,1.047322491593780391e+01,4.831756816408092625e+00,8.125437594655359419e+00
-1.197714029231723458e+02,-3.966355734029538382e+01,1.466528069020317844e+02,1.853323127579605156e+01,3.572329064654957165e+01,1.047322491593780391e+01,4.831756440673546038e+00,8.125437594479476999e+00
-1.219388927585627442e+02,-3.627263867684855825e+01,1.477001293936282025e+02,-2.167489834502280033e+01,3.390918663551973822e+01,1.047322491593780391e+01,4.831756193771043151e+00,8.125437594248143824e+00
-1.259592366554308995e+02,-3.645478290945030153e+01,1.487474518852208689e+02,-4.020343898946239847e+01,-1.821442328546709399e+00,1.047322491593780391e+01,4.831756313780919854e+00,8.125437594958212273e+00
-1.278112206705870051e+02,-4.002780638826794757e+01,1.497947743768159228e+02,-1.851984018129800802e+01,-3.573023478561783861e+01,1.047322491593780391e+01,4.831757551551649321e+00,8.125437594907554129e+00
-1.256424599993067375e+02,-4.341791239222252585e+01,1.508420968684058892e+02,2.168760668779524892e+01,-3.390106004461351574e+01,1.047322491593780391e+01,4.831757644814815400e+00,8.125437595094975762e+00
-1.216221846563674092e+02,-4.323426126282767967e+01,1.518894193600006588e+02,4.020275344746209356e+01,1.836511300902981425e+00,1.047322491593780391e+01,4.831755700068131709e+00,8.125437594311797795e+00
-1.197715400161947059e+02,-3.966054387154594707e+01,1.529367418515941210e+02,1.850644635436438179e+01,3.573717390383885828e+01,1.047322491593780391e+01,4.831755737147441110e+00,8.125437594117396856e+00
-1.219415712186691678e+02,-3.627125100286701809e+01,1.539840643431881801e+02,-2.170031202390326541e+01,3.389292868842960615e+01,1.047322491593780391e+01,4.831756027662007291e+00,8.125437594870170699e+00
-1.259617774428663068e+02,-3.645640900458555933e+01,1.550313868347813582e+02,-4.020206221817230841e+01,-1.851580013837962335e+00,1.047322491593780391e+01,4.831755930760080808e+00,8.125437594847253919e+00
-1.278110824480626775e+02,-4.003081980472007473e+01,1.560787093263798226e+02,-1.849305005617439335e+01,-3.574410800325770055e+01,1.047322491593780391e+01,4.831756132865722364e+00,8.125437594724838064e+00
-1.256397810192603686e+02,-4.341929906192972055e+01,1.571260318179720912e+02,2.171301430078112205e+01,-3.388479257077686668e+01,1.047322491593780391e+01,4.831757465765986304e+00,8.125437594550085407e+00
-1.216196444786040445e+02,-4.323263421474964474e+01,1.581733543095676566e+02,4.020136542730281093e+01,1.866648470193526421e+00,1.047322491593780391e+01,4.831755650936998769e+00,8.125437594727339174e+00
-1.197716793681976526e+02,-3.965753050702837612e+01,1.592206768011604652e+02,1.847965106029895566e+01,3.575103707845937606e+01,1.047322491593780391e+01,4.831756537216413960e+00,8.125437594279597775e+00
-1.219442507182776154e+02,-3.626986533782280020e+01,1.602679992927504884e+02,-2.172571351534562112e+01,3.387665169374981389e+01,1.047322491593780391e+01,4.831757197090175815e+00,8.125437594736244051e+00
-1.259643170106021159e+02,-3.645803700417372539e+01,1.613153217843444907e+02,-4.020066285991813260e+01,-1.881716660729032542e+00,1.047322491593780391e+01,4.831756779256348722e+00,8.125437594765330118e+00
-1.278109419665975537e+02,-4.003383311707085568e+01,1.623626442759433814e+02,-1.846624959999461524e+01,-3.575796112996862774e+01,1.047322491593780391e+01,4.831756756018755539e+00,8.125437594845950073e+00
-1.256371010004641704e+02,-4.342068372276062860e+01,1.634099667675365026e+02,2.173840960882984774e+01,-3.386850605594012364e+01,1.047322491593780391e+01,4.831756497928140881e+00,8.125437594113053663e+00
-1.216171055212593330e+02,-4.323100526355602113e+01,1.644572892591265543e+02,4.019995475295315401e+01,1.896784590142251536e+00,1.047322491593780391e+01,4.831757030712116041e+00,8.125437594610692926e+00
-1.197718209791073605e+02,-3.965451724739941852e+01,1.655046117507231145e+02,1.845284542165690667e+01,3.576488016149982485e+01,1.047322491593780391e+01,4.831756175446482615e+00,8.125437594919533879e+00
-1.219469312558885292e+02,-3.626848168147741802e+01,1.665519342423150988e+02,-2.175110273279333484e+01,3.386035565989546825e+01,1.047322491593780391e+01,4.831756631708710614e+00,8.125437594832328969e+00
-1.259668553572037411e+02,-3.645966690683817291e+01,1.675992567339091295e+02,-4.019924101150358098e+01,-1.911852250880521353e+00,1.047322491593780391e+01,4.831756126670640583e+00,8.125437594745694270e+00
-1.278107992262614516e+02,-4.003684632338162430e+01,1.686465792255015401e+02,-1.843943871305379645e+01,-3.577179416481632757e+01,1.047322491593780391e+01,4.831756557493949167e+00,8.125437594708037281e+00
-1.256344199444148160e+02,-4.342206637413869430e+01,1.696939017170964519e+02,2.176379282344033328e+01,-3.385220050885489229e+01,1.047322491593780391e+01,4.831755058278902837e+00,8.125437594552410658e+00
-1.216145677857550282e+02,-4.322937440980427226e+01,1.707412242086864751e+02,4.019852158414214216e+01,1.926919643812742944e+00,1.047322491593780391e+01,4.831756096052011173e+00,8.125437594601420344e+00
-1.197719648488442914e+02,-3.965150409547423749e+01,1.717885467002784310e+02,1.842602937024768295e+01,3.577870314414975894e+01,1.047322491593780391e+01,4.831757453720570972e+00,8.125437595135515778e+00
-1.219496128299939102e+02,-3.626710003542556393e+01,1.728358691918799366e+02,-2.177647982314442388e+01,3.384404059863526726e+01,1.047322491593780391e+01,4.831755981557503077e+00,8.125437594262546526e+00
-1.259693924812481214e+02,-3.646129871194961680e+01,1.738831916834749620e+02,-4.019779654151161452e+01,-1.941986765216289434e+00,1.047322491593780391e+01,4.831755715043069443e+00,8.125437594474012926e+00
-1.278106542271388548e+02,-4.003985942146885435e+01,1.749305141750667758e+02,-1.841261749735292952e+01,-3.578560709752069613e+01,1.047322491593780391e+01,4.831757163948446454e+00,8.125437594773563532e+00
-1.256317378526294988e+02,-4.342344701504440252e+01,1.759778366666644445e+02,2.178916372473619134e+01,-3.383587593541837890e+01,1.047322491593780391e+01,4.831756047848801749e+00,8.125437594369380179e+00
-1.216120312735243232e+02,-4.322774165395285451e+01,1.770251591582523645e+02,4.019706579124765966e+01,1.957053615243709244e+00,1.047322491593780391e+01,4.831756987437589856e+00,8.125437594911856465e+00
-1.197721109773293477e+02,-3.964849105148996955e+01,1.780724816498479868e+02,1.839920294240672050e+01,3.579250602315848795e+01,1.047322491593780391e+01,4.831756015798616133e+00,8.125437594437347144e+00
-1.219522954390856597e+02,-3.626572039974993089e+01,1.791198041414450302e+02,-2.180184460701323701e+01,3.382770651896443326e+01,1.047322491593780391e+01,4.831757662737482306e+00,8.125437594668976971e+00
-1.259719283813108888e+02,-3.646293241868939816e+01,1.801671266330419598e+02,-4.019632942006137455e+01,-1.972120190024050590e+00,1.047322491593780391e+01,4.831757901113172160e+00,8.125437594812730424e+00
-1.278105069693140052e+02,-4.004287241006973375e+01,1.812144491246286577e+02,-1.838578588531963476e+01,-3.579939992014793404e+01,1.047322491593780391e+01,4.831756272557667486e+00,8.125437594782992434e+00
-1.256290547266084729e+02,-4.342482564544282297e+01,1.822617716162248485e+02,2.181452242297972077e+01,-3.381953235015561177e+01,1.047322491593780391e+01,4.831756652292305887e+00,8.125437595112661171e+00
-1.216094959859887865e+02,-4.322610699649230526e+01,1.833090941078124558e+02,4.019558739359960953e+01,1.987186487920410860e+00,1.047322491593780391e+01,4.831758478649492261e+00,8.125437594853188727e+00
-1.197722593644779892e+02,-3.964547811826253110e+01,1.843564165994161499e+02,1.837236621660542113e+01,3.580628878660759540e+01,1.047322491593780391e+01,4.831756291940184411e+00,8.125437594641644168e+00
-1.219549790816573704e+02,-3.626434277504448289e+01,1.854037390910008298e+02,-2.182719716264956134e+01,3.381135342755705153e+01,1.047322491593780391e+01,4.831755258447566703e+00,8.125437594654416174e+00
-1.259744630559642502e+02,-3.646456802540141950e+01,1.864510615825926720e+02,-4.019483975605913173e+01,-2.002252504264859567e+00,1.047322491593780391e+01,4.831755598726758194e+00,8.125437594694433940e+00
-1.278103574528653184e+02,-4.004588528813882675e+01,1.874983840741903975e+02,-1.835894395320830341e+01,-3.581317262384522593e+01,1.047322491593780391e+01,4.831757651650922192e+00,8.125437594820500209e+00
-1.256263705678639866e+02,-4.342620226388484639e+01,1.885457065657855935e+02,2.183986880122047936e+01,-3.380316975759335207e+01,1.047322491593780391e+01,4.831755093092458431e+00,8.125437594808612829e+00
-1.216069619245745201e+02,-4.322447043983626003e+01,1.895930290573772083e+02,4.019408642039137902e+01,2.017318242189271249e+00,1.047322491593780391e+01,4.831756645321745758e+00,8.125437594306671230e+00
-1.197724100102074658e+02,-3.964246529630750615e+01,1.906403515489747633e+02,1.834551916259746562e+01,3.582005142926053765e+01,1.047322491593780391e+01,4.831756320782722547e+00,8.125437594553638121e+00
-1.219576637561998496e+02,-3.626296716332938530e+01,1.916876740405620296e+02,-2.185253745232932232e+01,3.379498133639621926e+01,1.047322491593780391e+01,4.831756055517353765e+00,8.125437594627788584e+00
-1.259769965037843917e+02,-3.646620553213914206e+01,1.927349965321609773e+02,-4.019332747685282925e+01,-2.032383693467315844e+00,1.047322491593780391e+01,4.831757406811830080e+00,8.125437595059466389e+00
-1.278102056778779456e+02,-4.004889805240819101e+01,1.937823190237551785e+02,-1.833209178213060397e+01,-3.582692520326370555e+01,1.047322491593780391e+01,4.831756519625044710e+00,8.125437594683006637e+00
-1.256236853779013103e+02,-4.342757686966592701e+01,1.948296415153483281e+02,2.186520299040964943e+01,-3.378678817004111323e+01,1.047322491593780391e+01,4.831756653792961487e+00,8.125437594444855804e+00
-1.216044290907054091e+02,-4.322283198358113765e+01,1.958769640069442346e+02,4.019256284582647254e+01,2.047448861096400119e+00,1.047322491593780391e+01,4.831757242607983116e+00,8.125437593975487260e+00
-1.197725629144343316e+02,-3.963945258923360626e+01,1.969242864985307051e+02,1.831866175592966783e+01,3.583379394186774647e+01,1.047322491593780391e+01,4.831755894533221962e+00,8.125437595023043968e+00
-1.219603494612071728e+02,-3.626159356327121230e+01,1.979716089901278053e+02,-2.187786549816666337e+01,3.377859025526055348e+01,1.047322491593780391e+01,4.831756004283848327e+00,8.125437594445667600e+00
-1.259795287233470162e+02,-3.646784493836036489e+01,1.990189314817235129e+02,-4.019179264086646697e+01,-2.062513743001104682e+00,1.047322491593780391e+01,4.831755168050873905e+00,8.125437594641930161e+00
-1.278100516444370527e+02,-4.005191070301536627e+01,2.000662539733155825e+02,-1.830522921179922591e+01,-3.584065764786314645e+01,1.047322491593780391e+01,4.831756990596725032e+00,8.125437594746578895e+00
-1.256209991582291821e+02,-4.342894946216938479e+01,2.011135764649080215e+02,2.189052485274783422e+01,-3.377038759581210314e+01,1.047322491593780391e+01,4.831755822543631673e+00,8.125437594610254166e+00
-1.216018974858026525e+02,-4.322119162919771185e+01,2.021608989565041270e+02,4.019101671358322392e+01,2.077578333966610291e+00,1.047322491593780391e+01,4.831757087989002386e+00,8.125437594413552844e+00
-1.197727180770677649e+02,-3.963643999757929492e+01,2.032082214480957987e+02,1.829179408350389480e+01,3.584751631655908000e+01,1.047322491593780391e+01,4.831758388782591673e+00,8.125437594737773495e+00
-1.219630361951629851e+02,-3.626022197791839830e+01,2.042555439396858219e+02,-2.190318117346179960e+01,3.376218018878880400e+01,1.047322491593780391e+01,4.831755728966438568e+00,8.125437594052515422e+00
-1.259820597132338662e+02,-3.646948624117474935e+01,2.053028664312822968e+02,-4.019023517311462967e+01,-2.092642631275852150e+00,1.047322491593780391e+01,4.831757596574196789e+00,8.125437594747699777e+00
-1.278098953526292263e+02,-4.005492323636915586e+01,2.063501889228754180e+02,-1.827835640495394642e+01,-3.585436995130675086e+01,1.047322491593780391e+01,4.831756559013405727e+00,8.125437594294004029e+00
-1.256183119103621948e+02,-4.343032004102430221e+01,2.063501889228773507e+02,2.191583441839794588e+01,-3.375396804176465793e+01,0.000000000000000000e+00,4.831755834453320908e+00,8.125437595431989735e+00
-1.234267284680948364e+02,-4.680571684505667207e+01,2.063501889228801076e+02,2.191583439758699114e+01,-3.375396804263854733e+01,0.000000000000000000e+00,4.831756153616741045e+00,8.125437594797151775e+00
-1.212351450258250054e+02,-5.018111364901720606e+01,2.063501889228739117e+02,2.191583439521840404e+01,-3.375396804128785533e+01,0.000000000000000000e+00,4.831757587136714882e+00,8.125437594896364857e+00
-1.190435615835577607e+02,-5.355651045368463059e+01,2.063501889228789707e+02,2.191583437030863024e+01,-3.375396804241818671e+01,0.000000000000000000e+00,4.831755779403219542e+00,8.125437594505815042e+00
-1.168519781412891376e+02,-5.693190725758061177e+01,2.063501889228789707e+02,2.191583441559491163e+01,-3.375396804207581880e+01,0.000000000000000000e+00,4.831754972716782781e+00,8.125437595051849371e+00
-1.146603946990219782e+02,-6.030730406159782575e+01,2.063501889228761570e+02,2.191583438674873818e+01,-3.375396804303542098e+01,0.000000000000000000e+00,4.831756862752285997e+00,8.125437594468690961e+00
-1.124688112567534262e+02,-6.368270086623964232e+01,2.063501889228760149e+02,2.191583445849604672e+01,-3.375396804366270231e+01,0.000000000000000000e+00,4.831755916191962541e+00,8.125437594548150955e+00
-1.102772278144874889e+02,-6.705809767075135142e+01,2.063501889228829782e+02,2.191583439977846126e+01,-3.375396804271933604e+01,0.000000000000000000e+00,4.831755941292786183e+00,8.125437594760500204e+00
-1.080856443722181695e+02,-7.043349447465601543e+01,2.063501889228756738e+02,2.191583445098778071e+01,-3.375396804314511456e+01,0.000000000000000000e+00,4.831755498688184325e+00,8.125437595153982784e+00
-1.058940609299500295e+02,-7.380889127934261751e+01,2.063501889228787149e+02,2.191583439746868223e+01,-3.375396804317973221e+01,0.000000000000000000e+00,4.831755975399815384e+00,8.125437594496348837e+00
-1.037024774876836517e+02,-7.718428808317723622e+01,2.063501889228795960e+02,2.191583446288980142e+01,-3.375396804160435238e+01,0.000000000000000000e+00,4.831756826683331063e+00,8.125437594262772123e+00
-1.015108940454156112e+02,-8.055968488772477087e+01,2.063501889228780612e+02,2.191583443342742399e+01,-3.375396804317254151e+01,0.000000000000000000e+00,4.831755335721607203e+00,8.125437595239150212e+00
-9.931931060314749971e+01,-8.393508169172689293e+01,2.063501889228817561e+02,2.191583440581976205e+01,-3.375396804356762459e+01,0.000000000000000000e+00,4.831756666414739776e+00,8.125437594075114234e+00
-9.712772716088116454e+01,-8.731047849573113240e+01,2.063501889228815287e+02,2.191583439279609280e+01,-3.375396804235966641e+01,0.000000000000000000e+00,4.831757835162183490e+00,8.125437594778821548e+00
-9.493614371861049506e+01,-9.068587530007263808e+01,2.063501889228755601e+02,2.191583442639421975e+01,-3.375396804177679400e+01,0.000000000000000000e+00,4.831756412267075973e+00,8.125437594956757437e+00
-9.274456027634552413e+01,-9.406127210426744512e+01,2.063501889228797381e+02,2.191583437359151532e+01,-3.375396804345521673e+01,0.000000000000000000e+00,4.831756871856486946e+00,8.125437594583367229e+00
-9.055297683407718523e+01,-9.743666890884817633e+01,2.063501889228770665e+02,2.191583441021358070e+01,-3.375396804275659690e+01,0.000000000000000000e+00,4.831754123350009422e+00,8.125437594844424183e+00
-8.836139339181067953e+01,-1.008120657134279270e+02,2.063501889228772939e+02,2.191583441393742149e+01,-3.375396804307941778e+01,0.000000000000000000e+00,4.831756757525703883e+00,8.125437594673302399e+00
-8.616980994954109008e+01,-1.041874625169816397e+02,2.063501889228815287e+02,2.191583444908427580e+01,-3.375396804145219676e+01,0.000000000000000000e+00,4.831758267975612142e+00,8.125437594728847301e+00
-8.397822650727353277e+01,-1.075628593215142956e+02,2.063501889228782034e+02,2.191583438105752180e+01,-3.375396804272671858e+01,0.000000000000000000e+00,4.831755575001357883e+00,8.125437594535391383e+00
-8.178664306500738235e+01,-1.109382561258061202e+02,2.063501889228764981e+02,2.191583443786949204e+01,-3.375396804359068881e+01,0.000000000000000000e+00,4.831757996737167105e+00,8.125437594478226444e+00
-7.959505962273705393e+01,-1.143136529299875548e+02,2.063501889228811024e+02,2.191583442248237645e+01,-3.375396804311247223e+01,0.000000000000000000e+00,4.831756348808704971e+00,8.125437594853728740e+00
-7.740347618047003664e+01,-1.176890497345631559e+02,2.063501889228810171e+02,2.191583443301183820e+01,-3.375396804195312228e+01,0.000000000000000000e+00,4.831755730826363227e+00,8.125437594743027958e+00
-7.521189273820334620e+01,-1.210644465383408743e+02,2.063501889228764128e+02,2.191583443648740115e+01,-3.375396804122230066e+01,0.000000000000000000e+00,4.831755935263087665e+00,8.125437594671261365e+00
-7.302030929593726682e+01,-1.244398433429435329e+02,2.063501889228815287e+02,2.191583446024891657e+01,-3.375396804362883074e+01,0.000000000000000000e+00,4.831757188351780918e+00,8.125437594770078320e+00
-7.082872585366634155e+01,-1.278152401472699324e+02,2.063501889228802781e+02,2.191583445489349558e+01,-3.375396804324171995e+01,0.000000000000000000e+00,4.831757508021336633e+00,8.125437594820418497e+00
-6.863714241139633998e+01,-1.311906369512984156e+02,2.063501889228739117e+02,2.191583439469868821e+01,-3.375396804172329723e+01,0.000000000000000000e+00,4.831756192041521736e+00,8.125437594599823399e+00
-6.644555896913153958e+01,-1.345660337554062380e+02,2.063501889228827508e+02,2.191583440448317432e+01,-3.375396804306486587e+01,0.000000000000000000e+00,4.831756077989087572e+00,8.125437594295245702e+00
-6.425397552686501967e+01,-1.379414305598006365e+02,2.063501889228785728e+02,2.191583445462425672e+01,-3.375396804226440395e+01,0.000000000000000000e+00,4.831756008176606443e+00,8.125437595104536115e+00
-6.206239208459673051e+01,-1.413168273641889527e+02,2.063501889228793402e+02,2.191583440343355704e+01,-3.375396804265523798e+01,0.000000000000000000e+00,4.831756491119021391e+00,8.125437594885291048e+00
-5.987080864232758870e+01,-1.446922241683669199e+02,2.063501889228795676e+02,2.191583438128151329e+01,-3.375396804346745938e+01,0.000000000000000000e+00,4.831755821610234314e+00,8.125437594682013653e+00
-5.767922520005890163e+01,-1.480676209723828549e+02,2.063501889228773507e+02,2.191583439004105216e+01,-3.375396804376001825e+01,0.000000000000000000e+00,4.831757097079667496e+00,8.125437594708181166e+00
-5.548764175779305674e+01,-1.514430177766605254e+02,2.063501889228788571e+02,2.191583441581241587e+01,-3.375396804200433820e+01,0.000000000000000000e+00,4.831755722303612721e+00,8.125437595202271268e+00
-5.329605831552658657e+01,-1.548184145810128882e+02,2.063501889228814434e+02,2.191583439838278480e+01,-3.375396804248075000e+01,0.000000000000000000e+00,4.831757626661119964e+00,8.125437594312057143e+00
-5.110447487325747318e+01,-1.581938113853536834e+02,2.063501889228784307e+02,2.191583441892732864e+01,-3.375396804332245893e+01,0.000000000000000000e+00,4.831756854619625230e+00,8.125437594736675706e+00
-4.891289143098795478e+01,-1.615692081894364946e+02,2.063501889228819266e+02,2.191583440845084851e+01,-3.375396804191467481e+01,0.000000000000000000e+00,4.831757023382288629e+00,8.125437595048795814e+00
-4.672130798872053248e+01,-1.649446049937289729e+02,2.063501889228777770e+02,2.191583441681879307e+01,-3.375396804334026513e+01,0.000000000000000000e+00,4.831755895224246977e+00,8.125437594764143512e+00
-4.452972454645324518e+01,-1.683200017983704413e+02,2.063501889228774075e+02,2.191583443490696226e+01,-3.375396804185809430e+01,0.000000000000000000e+00,4.831757111781707970e+00,8.125437595628998366e+00
-4.233814110418678212e+01,-1.716953986027072574e+02,2.063501889228806476e+02,2.191583447187554157e+01,-3.375396804230442882e+01,0.000000000000000000e+00,4.831756555955127652e+00,8.125437594637304528e+00
-4.014655766191725661e+01,-1.750707954067942751e+02,2.063501889228827508e+02,2.191583441045025182e+01,-3.375396804212653024e+01,0.000000000000000000e+00,4.831757339449481492e+00,8.125437594683175391e+00
-3.795497421964726215e+01,-1.784461922110438934e+02,2.063501889228789707e+02,2.191583438628767411e+01,-3.375396804306367216e+01,0.000000000000000000e+00,4.831757691722001979e+00,8.125437594610490422e+00
-3.576339077738393968e+01,-1.818215890158355137e+02,2.063501889228750485e+02,2.191583448147223478e+01,-3.375396804224465086e+01,0.000000000000000000e+00,4.831757168347606601e+00,8.125437594725935853e+00
-3.357180733511698634e+01,-1.851969858196876544e+02,2.063501889228841719e+02,2.191583442575756635e+01,-3.375396804175428400e+01,0.000000000000000000e+00,4.831756511457816927e+00,8.125437595185596606e+00
-3.138022389284727254e+01,-1.885723826240264884e+02,2.063501889228784876e+02,2.191583441305700930e+01,-3.375396804269630024e+01,0.000000000000000000e+00,4.831756357548699476e+00,8.125437594784651552e+00
-2.918864045057935286e+01,-1.919477794280550711e+02,2.063501889228825519e+02,2.191583443986976931e+01,-3.375396804258403449e+01,0.000000000000000000e+00,4.831757140370831038e+00,8.125437594771502958e+00
-2.699705700831189503e+01,-1.953231762321982217e+02,2.063501889228830919e+02,2.191583446883552355e+01,-3.375396804132436301e+01,0.000000000000000000e+00,4.831756869258022391e+00,8.125437594775226202e+00
-2.480547356604408193e+01,-1.986985730368783152e+02,2.063501889228801360e+02,2.191583441782505304e+01,-3.375396804354929969e+01,0.000000000000000000e+00,4.831757492118697428e+00,8.125437594734849611e+00
-2.261389012377602370e+01,-2.020739698409889513e+02,2.063501889228743096e+02,2.191583441321343173e+01,-3.375396804273407270e+01,0.000000000000000000e+00,4.831755978545289487e+00,8.125437594472902703e+00
-2.042230668150893891e+01,-2.054493666449988893e+02,2.063501889228824666e+02,2.191583440355372403e+01,-3.375396804174629750e+01,0.000000000000000000e+00,4.831756814036908487e+00,8.125437594742427549e+00
-1.823072323923859983e+01,-2.088247634497882927e+02,2.063501889228719222e+02,2.191583443435658651e+01,-3.375396804231770176e+01,0.000000000000000000e+00,4.831755900716856900e+00,8.125437594496379035e+00
-1.603913979697101766e+01,-2.122001602538328768e+02,2.063501889228802781e+02,2.191583438943733242e+01,-3.375396804204095957e+01,0.000000000000000000e+00,4.831756851827368138e+00,8.125437594945713826e+00
-1.384755635470541257e+01,-2.155755570580438416e+02,2.063501889228807897e+02,2.191583442837139728e+01,-3.375396804226181757e+01,0.000000000000000000e+00,4.831757847547780926e+00,8.125437595212032349e+00
-1.165597291243669531e+01,-2.189509538622533000e+02,2.063501889228791129e+02,2.191583443245845686e+01,-3.375396804288949681e+01,0.000000000000000000e+00,4.831755211256522742e+00,8.125437594571513600e+00
-9.464389470169201957e+00,-2.223263506666581009e+02,2.063501889228791413e+02,2.191583439664959343e+01,-3.375396804313367483e+01,0.000000000000000000e+00,4.831754680855782524e+00,8.125437594509582695e+00
-7.272806027902871229e+00,-2.257017474705756399e+02,2.063501889228807897e+02,2.191583441416970857e+01,-3.375396804255893812e+01,0.000000000000000000e+00,4.831756842883207170e+00,8.125437595021629988e+00
-5.081222585634797895e+00,-2.290771442750778419e+02,2.063501889228789139e+02,2.191583441527907894e+01,-3.375396804243868587e+01,0.000000000000000000e+00,4.831756079438926044e+00,8.125437595120683199e+00
-2.889639143364893137e+00,-2.324525410790661226e+02,2.063501889228787149e+02,2.191583446224993637e+01,-3.375396804227514735e+01,0.000000000000000000e+00,4.831755967946341102e+00,8.125437594585260825e+00
-6.980557010975121379e-01,-2.358279378833839246e+02,2.063501889228731159e+02,2.191583442658750158e+01,-3.375396804166749121e+01,0.000000000000000000e+00,4.831756339953815704e+00,8.125437594669024932e+00
1.493527741170431522e+00,-2.392033346874032134e+02,2.063501889228767823e+02,2.191583445342499203e+01,-3.375396804283185048e+01,0.000000000000000000e+00,4.831755884874859852e+00,8.125437594505100947e+00
3.685111183437415061e+00,-2.425787314919888331e+02,2.063501889228840867e+02,2.191583444176907491e+01,-3.375396804382771165e+01,0.000000000000000000e+00,4.831755696887480411e+00,8.125437594478993830e+00
5.876694625705373376e+00,-2.459541282962195794e+02,2.063501889228772939e+02,2.191583437327228268e+01,-3.375396804207420587e+01,0.000000000000000000e+00,4.831757068775206498e+00,8.125437594995899460e+00
8.068278067973862377e+00,-2.493295251008316882e+02,2.063501889228783170e+02,2.191583441669145316e+01,-3.375396804313349008e+01,0.000000000000000000e+00,4.831758429515411457e+00,8.125437594765077876e+00
1.025986151024178028e+01,-2.527049219051366151e+02,2.063501889228836887e+02,2.191583443161912115e+01,-3.375396804290586772e+01,0.000000000000000000e+00,4.831757772451916289e+00,8.125437594101013516e+00
1.245144495250652739e+01,-2.560803187091452173e+02,2.063501889228780328e+02,2.191583441388259601e+01,-3.375396804374100412e+01,0.000000000000000000e+00,4.831755684432631703e+00,8.125437594579588918e+00
1.464302839477589835e+01,-2.594557155128441082e+02,2.063501889228849961e+02,2.191583445045271361e+01,-3.375396804365293946e+01,0.000000000000000000e+00,4.831755682933258633e+00,8.125437594591963020e+00
1.683461183704416086e+01,-2.628311123176088699e+02,2.063501889228745085e+02,2.191583444862486729e+01,-3.375396804291678166e+01,0.000000000000000000e+00,4.831755508489496087e+00,8.125437594774876260e+00
1.902619527931086196e+01,-2.662065091216340420e+02,2.063501889228824098e+02,2.191583445527604823e+01,-3.375396804346800650e+01,0.000000000000000000e+00,4.831755991537790784e+00,8.125437594924013851e+00
2.121777872158069300e+01,-2.695819059261386883e+02,2.063501889228783739e+02,2.191583449898064018e+01,-3.375396804298900122e+01,0.000000000000000000e+00,4.831757532849101366e+00,8.125437594830600574e+00
2.340936216384862689e+01,-2.729573027302867558e+02,2.063501889228736559e+02,2.191583442394065528e+01,-3.375396804106603810e+01,0.000000000000000000e+00,4.831757664561694199e+00,8.125437594236180061e+00
2.560094560611596393e+01,-2.763326995347671300e+02,2.063501889228849393e+02,2.191583441646632124e+01,-3.375396804289943020e+01,0.000000000000000000e+00,4.831757323730979437e+00,8.125437594815217324e+00
2.779252904838222804e+01,-2.797080963387211341e+02,2.063501889228777770e+02,2.191583442038163554e+01,-3.375396804219672475e+01,0.000000000000000000e+00,4.831757733800611021e+00,8.125437594678238895e+00
2.998411249065023298e+01,-2.830834931430849224e+02,2.063501889228818129e+02,2.191583438193287492e+01,-3.375396804124567041e+01,0.000000000000000000e+00,4.831756984768723839e+00,8.125437594722214385e+00
3.217569593291712948e+01,-2.864588899471735886e+02,2.063501889228767538e+02,2.191583443694824140e+01,-3.375396804215488089e+01,0.000000000000000000e+00,4.831757403461263145e+00,8.125437594349302017e+00
3.436727937518591602e+01,-2.898342867515167427e+02,2.063501889228744517e+02,2.191583442555860728e+01,-3.375396804197754363e+01,0.000000000000000000e+00,4.831755803158723772e+00,8.125437594471119240e+00
3.655886281745343069e+01,-2.932096835556666861e+02,2.063501889228805908e+02,2.191583444158101912e+01,-3.375396804180957844e+01,0.000000000000000000e+00,4.831757266481599089e+00,8.125437594594744795e+00
3.875044625972095247e+01,-2.965850803600686731e+02,2.063501889228816708e+02,2.191583443262456043e+01,-3.375396804192592271e+01,0.000000000000000000e+00,4.831756654880770441e+00,8.125437594924653339e+00
4.094202970199003033e+01,-2.999604771642889887e+02,2.063501889228765833e+02,2.191583443219203176e+01,-3.375396804282528507e+01,0.000000000000000000e+00,4.831756830354645871e+00,8.125437594441818234e+00
4.313361314425836213e+01,-3.033358739685085084e+02,2.063501889228794539e+02,2.191583441544840838e+01,-3.375396804284029173e+01,0.000000000000000000e+00,4.831755954536520292e+00,8.125437594637611838e+00
4.532519658652345385e+01,-3.067112707729033332e+02,2.063501889228761570e+02,2.191583445718482892e+01,-3.375396804206934576e+01,0.000000000000000000e+00,4.831757188536749403e+00,8.125437594614155046e+00
4.751678002878998086e+01,-3.100866675770663505e+02,2.063501889228815855e+02,2.191583447101189819e+01,-3.375396804191172606e+01,0.000000000000000000e+00,4.831757615227561864e+00,8.125437594423345899e+00
4.970836347106047981e+01,-3.134620643816516008e+02,2.063501889228779476e+02,2.191583438400999384e+01,-3.375396804280205032e+01,0.000000000000000000e+00,4.831757246137440731e+00,8.125437594854643564e+00
5.189994691332698551e+01,-3.168374611856155525e+02,2.063501889228764981e+02,2.191583439690285218e+01,-3.375396804209711377e+01,0.000000000000000000e+00,4.831756010614491004e+00,8.125437594333707381e+00
5.409153035559686629e+01,-3.202128579897599252e+02,2.063501889228783170e+02,2.191583440954346429e+01,-3.375396804185744060e+01,0.000000000000000000e+00,4.831756766572720352e+00,8.125437594391724971e+00
5.628311379786506308e+01,-3.235882547944730732e+02,2.063501889228758728e+02,2.191583438870486233e+01,-3.375396804256357086e+01,0.000000000000000000e+00,4.831755879069692838e+00,8.125437595019690207e+00
5.847469724012939452e+01,-3.269636515985448568e+02,2.063501889228815855e+02,2.191583443750099747e+01,-3.375396804246072691e+01,0.000000000000000000e+00,4.831756279123798237e+00,8.125437594525823926e+00
6.066628068239830895e+01,-3.303390484024857869e+02,2.063501889228763275e+02,2.191583438741246326e+01,-3.375396804357325209e+01,0.000000000000000000e+00,4.831757147375034478e+00,8.125437594839784339e+00
6.285786412466828921e+01,-3.337144452069353520e+02,2.063501889228796244e+02,2.191583440554840578e+01,-3.375396804322860334e+01,0.000000000000000000e+00,4.831755412042988418e+00,8.125437594426973220e+00
6.504944756693562624e+01,-3.370898420105798436e+02,2.063501889228839445e+02,2.191583440789228732e+01,-3.375396804347023760e+01,0.000000000000000000e+00,4.831755839048675227e+00,8.125437594827051413e+00
6.724103100920336828e+01,-3.404652388152540539e+02,2.063501889228785160e+02,2.191583438252583349e+01,-3.375396804276366680e+01,0.000000000000000000e+00,4.831756155914136208e+00,8.125437595083365494e+00
6.943261445147172140e+01,-3.438406356199884044e+02,2.063501889228764696e+02,2.191583443250154062e+01,-3.375396804131455042e+01,0.000000000000000000e+00,4.831755624591810516e+00,8.125437594745147152e+00
7.162419789373878132e+01,-3.472160324243911305e+02,2.063501889228760717e+02,2.191583442988446961e+01,-3.375396804252732608e+01,0.000000000000000000e+00,4.831755170215724426e+00,8.125437594889303838e+00
7.381578133600397962e+01,-3.505914292278726521e+02,2.063501889228761002e+02,2.191583444766233058e+01,-3.375396804128696004e+01,0.000000000000000000e+00,4.831755381781694503e+00,8.125437594381903494e+00
7.600736477827271642e+01,-3.539668260326734526e+02,2.063501889228796529e+02,2.191583444651533696e+01,-3.375396804271641571e+01,0.000000000000000000e+00,4.831755403802252324e+00,8.125437594643809547e+00
7.819894822053910843e+01,-3.573422228366388254e+02,2.063501889228813013e+02,2.191583443092620342e+01,-3.375396804191607458e+01,0.000000000000000000e+00,4.831757232574562799e+00,8.125437594523122087e+00
8.039053166280805840e+01,-3.607176196408003648e+02,2.063501889228781465e+02,2.191583442641233503e+01,-3.375396804331184342e+01,0.000000000000000000e+00,4.831758136771086676e+00,8.125437594686140130e+00
8.258211510507719311e+01,-3.640930164454725855e+02,2.063501889228749633e+02,2.191583439433812330e+01,-3.375396804288310193e+01,0.000000000000000000e+00,4.831755917654382948e+00,8.125437594925619678e+00
8.477369854734580201e+01,-3.674684132496345228e+02,2.063501889228780328e+02,2.191583440927670878e+01,-3.375396804397927042e+01,0.000000000000000000e+00,4.831755389784684773e+00,8.125437595225950105e+00
8.696528198961273404e+01,-3.708438100538087951e+02,2.063501889228757307e+02,2.191583443517853169e+01,-3.375396804155535335e+01,0.000000000000000000e+00,4.831757959621008069e+00,8.125437594498380989e+00
8.915686543187898394e+01,-3.742192068578792714e+02,2.063501889228822392e+02,2.191583441209832017e+01,-3.375396804366697978e+01,0.000000000000000000e+00,4.831756724238688072e+00,8.125437594639938865e+00
9.134844887414637071e+01,-3.775946036620293853e+02,2.063501889228753043e+02,2.191583443542131349e+01,-3.375396804246129534e+01,0.000000000000000000e+00,4.831755891516419155e+00,8.125437594653767803e+00
9.354003231641722493e+01,-3.809700004662394122e+02,2.063501889228821824e+02,2.191583439916406562e+01,-3.375396804212124380e+01,0.000000000000000000e+00,4.831757632763190813e+00,8.125437594719119971e+00
9.573161575868250850e+01,-3.843453972706735158e+02,2.063501889228785728e+02,2.191583439073187378e+01,-3.375396804194809874e+01,0.000000000000000000e+00,4.831758293061216847e+00,8.125437594482573189e+00
9.792319920095080477e+01,-3.877207940749138402e+02,2.063501889228803918e+02,2.191583445507062677e+01,-3.375396804264989470e+01,0.000000000000000000e+00,4.831755542118147062e+00,8.125437594105482830e+00
1.001147826432242454e+02,-3.910961908791472297e+02,2.063501889228770381e+02,2.191583442316480301e+01,-3.375396804219388969e+01,0.000000000000000000e+00,4.831754928671699645e+00,8.125437595113520928e+00
1.023063660854867720e+02,-3.944715876834159189e+02,2.063501889228774928e+02,2.191583445380181772e+01,-3.375396804238021531e+01,0.000000000000000000e+00,4.831756432583359739e+00,8.125437594232494121e+00
1.044979495277567167e+02,-3.978469844875791068e+02,2.063501889228773223e+02,2.191583441423197343e+01,-3.375396804305179899e+01,0.000000000000000000e+00,4.831758106712735312e+00,8.125437595202358310e+00
1.066895329700255814e+02,-4.012223812925209359e+02,2.063501889228804771e+02,2.191583444715351092e+01,-3.375396804269508522e+01,0.000000000000000000e+00,4.831755751267666987e+00,8.125437594647154427e+00
1.088811164122937498e+02,-4.045977780966704245e+02,2.063501889228782886e+02,2.191583441309090219e+01,-3.375396804328957501e+01,0.000000000000000000e+00,4.831757064824752312e+00,8.125437594356009541e+00
1.110726998545563617e+02,-4.079731749008620341e+02,2.063501889228805624e+02,2.191583438931577277e+01,-3.375396804299614217e+01,0.000000000000000000e+00,4.831755924009847547e+00,8.125437594603782898e+00
1.132642832968253970e+02,-4.113485717048517358e+02,2.063501889228781749e+02,2.191583442402014370e+01,-3.375396804326334177e+01,0.000000000000000000e+00,4.831755303459707385e+00,8.125437594901267602e+00
1.154558667390930964e+02,-4.147239685095246955e+02,2.063501889228756170e+02,2.191583442621983480e+01,-3.375396804267969486e+01,0.000000000000000000e+00,4.831755858808573834e+00,8.125437594346335501e+00
1.176474501813633395e+02,-4.180993653134008241e+02,2.063501889228762423e+02,2.191583437198858419e+01,-3.375396804142688723e+01,0.000000000000000000e+00,4.831757103476265414e+00,8.125437594602415103e+00
1.198390336236262783e+02,-4.214747621173328298e+02,2.063501889228799655e+02,2.191583446326733053e+01,-3.375396804230881287e+01,0.000000000000000000e+00,4.831757441207249926e+00,8.125437595103946364e+00
1.220306170658950293e+02,-4.248501589218235495e+02,2.063501889228749917e+02,2.191583441723571468e+01,-3.375396804405117734e+01,0.000000000000000000e+00,4.831756462030188715e+00,8.125437594455771517e+00
1.242222005081670062e+02,-4.282255557260958767e+02,2.063501889228786581e+02,2.191583439650499443e+01,-3.375396804376978821e+01,0.000000000000000000e+00,4.831756581981466070e+00,8.125437594690659182e+00
1.264137839504324603e+02,-4.316009525302923180e+02,2.063501889228765549e+02,2.191583443518242191e+01,-3.375396804183782251e+01,0.000000000000000000e+00,4.831755082953734792e+00,8.125437594526397689e+00
1.286053673927026750e+02,-4.349763493347317649e+02,2.063501889228742812e+02,2.191583439528712063e+01,-3.375396804217396607e+01,0.000000000000000000e+00,4.831757121686455214e+00,8.125437594374377070e+00
1.307969508349690955e+02,-4.383517461386276182e+02,2.063501889228767538e+02,2.191583444430644789e+01,-3.375396804309429655e+01,0.000000000000000000e+00,4.831755716829408520e+00,8.125437594623109661e+00
1.329885342772366528e+02,-4.417271429430674061e+02,2.063501889228757591e+02,2.191583445902843152e+01,-3.375396804208358503e+01,0.000000000000000000e+00,4.831756415589381959e+00,8.125437595050652106e+00
1.351801177195031016e+02,-4.451025397475034993e+02,2.063501889228834045e+02,2.191583438611537105e+01,-3.375396804250074467e+01,0.000000000000000000e+00,4.831756591009854773e+00,8.125437594547936015e+00
1.373717011617737001e+02,-4.484779365520162173e+02,2.063501889228818129e+02,2.191583442047074470e+01,-3.375396804301120568e+01,0.000000000000000000e+00,4.831756001805500134e+00,8.125437594364072424e+00
1.395632846040377899e+02,-4.518533333558103777e+02,2.063501889228805055e+02,2.191583441514688957e+01,-3.375396804290117103e+01,0.000000000000000000e+00,4.831756661005968567e+00,8.125437594206051273e+00
1.417548680463067967e+02,-4.552287301605682615e+02,2.063501889228760149e+02,2.191583438991043309e+01,-3.375396804318974375e+01,0.000000000000000000e+00,4.831756784427078344e+00,8.125437594690092524e+00
1.439464514885734161e+02,-4.586041269641916642e+02,2.063501889228832908e+02,2.191583440875294642e+01,-3.375396804273911044e+01,0.000000000000000000e+00,4.831756133386922336e+00,8.125437594450126255e+00
1.461380349308416271e+02,-4.619795237688046541e+02,2.063501889228819834e+02,2.191583442770858525e+01,-3.375396804371577275e+01,0.000000000000000000e+00,4.831755383846456198e+00,8.125437594186891488e+00
1.483296183731112876e+02,-4.653549205732774681e+02,2.063501889228794823e+02,2.191583440290107276e+01,-3.375396804431371578e+01,0.000000000000000000e+00,4.831755129462981024e+00,8.125437594895229765e+00
1.505212018153798681e+02,-4.687303173773213985e+02,2.063501889228731727e+02,2.191583440238395752e+01,-3.375396804207261425e+01,0.000000000000000000e+00,4.831755731329636205e+00,8.125437594599619118e+00
1.527127852576459759e+02,-4.721057141811937186e+02,2.063501889228762991e+02,2.191583441181331793e+01,-3.375396804215635171e+01,0.000000000000000000e+00,4.831756846143089312e+00,8.125437594104580441e+00
1.549043686999139595e+02,-4.754811109857648148e+02,2.063501889228774644e+02,2.191583441110902797e+01,-3.375396804342755530e+01,0.000000000000000000e+00,4.831758132505868275e+00,8.125437594287310716e+00
1.570959521421825116e+02,-4.788565077902965754e+02,2.063501889228781749e+02,2.191583443678308640e+01,-3.375396804391883876e+01,0.000000000000000000e+00,4.831756225256093273e+00,8.125437594229751426e+00
1.592875355844485057e+02,-4.822319045949008114e+02,2.063501889228887478e+02,2.191583443686168309e+01,-3.375396804212201118e+01,0.000000000000000000e+00,4.831757236897158414e+00,8.125437595094780363e+00
1.614791190267187346e+02,-4.856073013987045783e+02,2.063501889228784592e+02,2.191583441556211653e+01,-3.375396804266566875e+01,0.000000000000000000e+00,4.831756477061653676e+00,8.125437594486561110e+00
1.636707024689843308e+02,-4.889826982030503473e+02,2.063501889228817561e+02,2.191583442500355972e+01,-3.375396804222776836e+01,0.000000000000000000e+00,4.831756541512235437e+00,8.125437594310842115e+00
1.658622859112536503e+02,-4.923580950071651046e+02,2.063501889228781749e+02,2.191583444503344680e+01,-3.375396804070218337e+01,0.000000000000000000e+00,4.831755294545718726e+00,8.125437594597540780e+00
1.680538693535206392e+02,-4.957334918118617111e+02,2.063501889228783455e+02,2.191583445026924082e+01,-3.375396804321464117e+01,0.000000000000000000e+00,4.831755402430921720e+00,8.125437595084134657e+00
1.702454527957866901e+02,-4.991088886151396196e+02,2.063501889228796813e+02,2.191583439707520142e+01,-3.375396804270101114e+01,0.000000000000000000e+00,4.831756240776169165e+00,8.125437595078860653e+00
1.724370362380553559e+02,-5.024842854197274278e+02,2.063501889228786013e+02,2.191583443876022486e+01,-3.375396804143124996e+01,0.000000000000000000e+00,4.831757071842998741e+00,8.125437594713162071e+00
1.746286196803208384e+02,-5.058596822238284858e+02,2.063501889228827508e+02,2.191583444442660067e+01,-3.375396804196429201e+01,0.000000000000000000e+00,4.831756522851524238e+00,8.125437595020891024e+00
1.768202031225917494e+02,-5.092350790282079060e+02,2.063501889228756454e+02,2.191583439716274384e+01,-3.375396804410179641e+01,0.000000000000000000e+00,4.831756094785319533e+00,8.125437595109721300e+00
1.790117865648580562e+02,-5.126104758325460580e+02,2.063501889228820687e+02,2.191583443267940723e+01,-3.375396804335228040e+01,0.000000000000000000e+00,4.831756217881290283e+00,8.125437594250502826e+00
1.812033700071276883e+02,-5.159858726367768895e+02,2.063501889228817845e+02,2.191583440791888293e+01,-3.375396804229947634e+01,0.000000000000000000e+00,4.831755181323988957e+00,8.125437594519885565e+00
1.833949534493930855e+02,-5.193612694412313431e+02,2.063501889228776065e+02,2.191583444011273230e+01,-3.375396804305663778e+01,0.000000000000000000e+00,4.831756800301566734e+00,8.125437594467614488e+00
1.855865368916628029e+02,-5.227366662452672017e+02,2.063501889228786013e+02,2.191583438129968187e+01,-3.375396804228583392e+01,0.000000000000000000e+00,4.831756628745424997e+00,8.125437594945667641e+00
1.877781203339263811e+02,-5.261120630497555339e+02,2.063501889228828645e+02,2.191583441915230779e+01,-3.375396804245197302e+01,0.000000000000000000e+00,4.831756022896513514e+00,8.125437594797023877e+00
1.899697037761973206e+02,-5.294874598545217168e+02,2.063501889228751622e+02,2.191583440130342453e+01,-3.375396804345993473e+01,0.000000000000000000e+00,4.831756938528571688e+00,8.125437594461539348e+00
1.921612872184638547e+02,-5.328628566582989379e+02,2.063501889228774644e+02,2.191583444576932038e+01,-3.375396804311705523e+01,0.000000000000000000e+00,4.831755856745385103e+00,8.125437594536748520e+00
1.943528706607336574e+02,-5.362382534624476875e+02,2.063501889228836035e+02,2.191583440729207055e+01,-3.375396804296021713e+01,0.000000000000000000e+00,4.831754623829264794e+00,8.125437594345182646e+00
1.965444541029991115e+02,-5.396136502670208301e+02,2.063501889228778339e+02,2.191583441674558586e+01,-3.375396804221934843e+01,0.000000000000000000e+00,4.831756137437086984e+00,8.125437594545061870e+00
1.987360375452681751e+02,-5.429890470710460022e+02,2.063501889228785728e+02,2.191583443796450226e+01,-3.375396804380807936e+01,0.000000000000000000e+00,4.831756095710692200e+00,8.125437595002864555e+00
2.009276209875373240e+02,-5.463644438751989583e+02,2.063501889228783455e+02,2.191583440630247637e+01,-3.375396804220758895e+01,0.000000000000000000e+00,4.831756648982960201e+00,8.125437594572623823e+00
2.031192044298052224e+02,-5.497398406797083226e+02,2.063501889228819266e+02,2.191583443515196450e+01,-3.375396804209740509e+01,0.000000000000000000e+00,4.831758920407442481e+00,8.125437594860819956e+00
2.053107878720720976e+02,-5.531152374841548180e+02,2.063501889228816140e+02,2.191583441985093472e+01,-3.375396804213269064e+01,0.000000000000000000e+00,4.831755053598306482e+00,8.125437594749072900e+00
2.075023713143430655e+02,-5.564906342881056389e+02,2.063501889228762423e+02,2.191583442725343644e+01,-3.375396804289942310e+01,0.000000000000000000e+00,4.831756265809216799e+00,8.125437594141438069e+00
2.096939547566074964e+02,-5.598660310920906795e+02,2.063501889228782318e+02,2.191583446091814835e+01,-3.375396804237760051e+01,0.000000000000000000e+00,4.831756295391985034e+00,8.125437594836602884e+00
2.118855381988761053e+02,-5.632414278963309471e+02,2.063501889228791697e+02,2.191583444290485616e+01,-3.375396804193500344e+01,0.000000000000000000e+00,4.831755692028874449e+00,8.125437594936105512e+00
2.140771216411450837e+02,-5.666168247009461538e+02,2.063501889228716948e+02,2.191583442841761808e+01,-3.375396804406020834e+01,0.000000000000000000e+00,4.831756297379077303e+00,8.125437594196593949e+00
2.162687050834109073e+02,-5.699922215053308037e+02,2.063501889228797097e+02,2.191583439688340107e+01,-3.375396804338830492e+01,0.000000000000000000e+00,4.831756129603329342e+00,8.125437594631694793e+00
2.184602885256783225e+02,-5.733676183092094334e+02,2.063501889228805624e+02,2.191583446258550438e+01,-3.375396804301353626e+01,0.000000000000000000e+00,4.831756208105368877e+00,8.125437594416988318e+00
2.206518719679442597e+02,-5.767430151137494931e+02,2.063501889228804771e+02,2.191583444066623443e+01,-3.375396804214940261e+01,0.000000000000000000e+00,4.831755537001442669e+00,8.125437594682765052e+00
2.228434554102117886e+02,-5.801184119176787135e+02,2.063501889228843140e+02,2.191583446399838309e+01,-3.375396804240938309e+01,0.000000000000000000e+00,4.831756372476118777e+00,8.125437594856959933e+00
2.250350388524824439e+02,-5.834938087222296872e+02,2.063501889228851383e+02,2.191583444179836704e+01,-3.375396804218510027e+01,0.000000000000000000e+00,4.831755815503786522e+00,8.125437594836094846e+00
2.272266222947488359e+02,-5.868692055267256364e+02,2.063501889228801929e+02,2.191583440467150368e+01,-3.375396804130153328e+01,0.000000000000000000e+00,4.831755697354267909e+00,8.125437593698393357e+00
2.294182057370175301e+02,-5.902446023304788696e+02,2.063501889228783170e+02,2.191583443411693111e+01,-3.375396804134263817e+01,0.000000000000000000e+00,4.831757732955242801e+00,8.125437594917888973e+00
2.316097891792863095e+02,-5.936199991347243667e+02,2.063501889228781181e+02,2.191583440556005513e+01,-3.375396804308281418e+01,0.000000000000000000e+00,4.831756637409163169e+00,8.125437594854961532e+00
2.338013726215525026e+02,-5.969953959393005789e+02,2.063501889228775781e+02,2.191583445684204889e+01,-3.375396804196127221e+01,0.000000000000000000e+00,4.831755945881223369e+00,8.125437594902752636e+00
2.359929560638218504e+02,-6.003707927434033991e+02,2.063501889228852519e+02,2.191583437895285158e+01,-3.375396804315540322e+01,0.000000000000000000e+00,4.831757424941714341e+00,8.125437594740025915e+00
2.381845395060897204e+02,-6.037461895471323032e+02,2.063501889228750770e+02,2.191583439313242820e+01,-3.375396804263534278e+01,0.000000000000000000e+00,4.831755911722853902e+00,8.125437594518171380e+00
2.403761229483569366e+02,-6.071215863518799551e+02,2.063501889228745085e+02,2.191583443714382895e+01,-3.375396804228775238e+01,0.000000000000000000e+00,4.831757327486669418e+00,8.125437594125894947e+00
2.425677063906224475e+02,-6.104969831563611251e+02,2.063501889228784592e+02,2.191583442827335304e+01,-3.375396804206699386e+01,0.000000000000000000e+00,4.831755640272730190e+00,8.125437594906619765e+00
2.447592898328924207e+02,-6.138723799603894804e+02,2.063501889228789139e+02,2.191583441834622548e+01,-3.375396804239553461e+01,0.000000000000000000e+00,4.831755579256839184e+00,8.125437594280931819e+00
2.469508732751612570e+02,-6.172477767646795428e+02,2.063501889228819834e+02,2.191583441916717234e+01,-3.375396804340715562e+01,0.000000000000000000e+00,4.831756610941287278e+00,8.125437594654062679e+00
2.491424567174264553e+02,-6.206231735687639457e+02,2.063501889228791697e+02,2.191583445515527728e+01,-3.375396804281748331e+01,0.000000000000000000e+00,4.831757697615406855e+00,8.125437594359711468e+00
2.513340401596962010e+02,-6.239985703730825435e+02,2.063501889228818413e+02,2.191583443547367338e+01,-3.375396804239529303e+01,0.000000000000000000e+00,4.831757540701322462e+00,8.125437594411460296e+00
2.535256236019637015e+02,-6.273739671774483213e+02,2.063501889228784592e+02,2.191583439252385901e+01,-3.375396804062919642e+01,0.000000000000000000e+00,4.831756124629840166e+00,8.125437594734163937e+00
2.557172070442320262e+02,-6.307493639815496635e+02,2.063501889228751054e+02,2.191583443133874098e+01,-3.375396804257292160e+01,0.000000000000000000e+00,4.831756969136585589e+00,8.125437595255091239e+00
2.579087904864978782e+02,-6.341247607858493893e+02,2.063501889228803066e+02,2.191583441518063680e+01,-3.375396804274296159e+01,0.000000000000000000e+00,4.831755596907490791e+00,8.125437594730682278e+00
2.601003739287668850e+02,-6.375001575904254878e+02,2.063501889228806476e+02,2.191583441189465731e+01,-3.375396804312285326e+01,0.000000000000000000e+00,4.831756679707359226e+00,8.125437594877356062e+00
2.622919573710320265e+02,-6.408755543945269437e+02,2.063501889228779760e+02,2.191583443446784685e+01,-3.375396804233231052e+01,0.000000000000000000e+00,4.831757407846679619e+00,8.125437594780166251e+00
2.644835408133033638e+02,-6.442509511986351072e+02,2.063501889228764128e+02,2.191583442423198491e+01,-3.375396804272224216e+01,0.000000000000000000e+00,4.831757083264358599e+00,8.125437594952197529e+00
2.666751242555678800e+02,-6.476263480028296726e+02,2.063501889228749349e+02,2.191583440104215441e+01,-3.375396804205556123e+01,0.000000000000000000e+00,4.831756242796600986e+00,8.125437594418283282e+00
2.688667076978375690e+02,-6.510017448073891728e+02,2.063501889228748780e+02,2.191583442460717990e+01,-3.375396804287709074e+01,0.000000000000000000e+00,4.831756441009332548e+00,8.125437594828515131e+00
2.710582911401040178e+02,-6.543771416108801304e+02,2.063501889228757875e+02,2.191583441003219690e+01,-3.375396804204826395e+01,0.000000000000000000e+00,4.831756838430526280e+00,8.125437595134345159e+00
2.732498745823733088e+02,-6.577525384156319888e+02,2.063501889228782034e+02,2.191583441250692843e+01,-3.375396804363168002e+01,0.000000000000000000e+00,4.831755913197708807e+00,8.125437594906591343e+00
2.754414580246394166e+02,-6.611279352200671156e+02,2.063501889228769528e+02,2.191583446639911159e+01,-3.375396804262804551e+01,0.000000000000000000e+00,4.831757466255213629e+00,8.125437594693408982e+00
2.776330414669073434e+02,-6.645033320246266157e+02,2.063501889228768960e+02,2.191583441402930532e+01,-3.375396804176062915e+01,0.000000000000000000e+00,4.831756443286512770e+00,8.125437594978356159e+00
2.798246249091750428e+02,-6.678787288285534487e+02,2.063501889228814434e+02,2.191583442927985459e+01,-3.375396804291153785e+01,0.000000000000000000e+00,4.831756613109572385e+00,8.125437594992101609e+00
2.820162083514443339e+02,-6.712541256329421913e+02,2.063501889228771802e+02,2.191583441771138752e+01,-3.375396804306715381e+01,0.000000000000000000e+00,4.831757758971904515e+00,8.125437594489790527e+00
2.842077917937118059e+02,-6.746295224370356891e+02,2.063501889228753896e+02,2.191583443039894163e+01,-3.375396804206189927e+01,0.000000000000000000e+00,4.831756955910904594e+00,8.125437595052153128e+00
2.863993752359796758e+02,-6.780049192415596053e+02,2.063501889228828645e+02,2.191583440992667775e+01,-3.375396804208526191e+01,0.000000000000000000e+00,4.831755447755734068e+00,8.125437594738931679e+00
2.885909586782449878e+02,-6.813803160455429406e+02,2.063501889228741959e+02,2.191583439665175348e+01,-3.375396804209508161e+01,0.000000000000000000e+00,4.831756833835209264e+00,8.125437594019057741e+00
2.907825421205150747e+02,-6.847557128498414158e+02,2.063501889228797666e+02,2.191583442807948856e+01,-3.375396804154296149e+01,0.000000000000000000e+00,4.831757361964296393e+00,8.125437595006886227e+00
2.929741255627818646e+02,-6.881311096540083554e+02,2.063501889228768391e+02,2.191583444782699885e+01,-3.375396804166448561e+01,0.000000000000000000e+00,4.831757192565714121e+00,8.125437594624457915e+00
2.951657090050470060e+02,-6.915065064583563981e+02,2.063501889228795108e+02,2.191583441400585386e+01,-3.375396804268125805e+01,0.000000000000000000e+00,4.831756794216997442e+00,8.125437594275103592e+00
2.973572924473190255e+02,-6.948819032624369356e+02,2.063501889228817561e+02,2.191583438291375074e+01,-3.375396804302694420e+01,0.000000000000000000e+00,4.831756285465152345e+00,8.125437594592472834e+00
2.995488758895825185e+02,-6.982573000668583063e+02,2.063501889228786865e+02,2.191583442460690279e+01,-3.375396804317490762e+01,0.000000000000000000e+00,4.831756559073857815e+00,8.125437594113900985e+00
3.017404593318540833e+02,-7.016326968712381813e+02,2.063501889228745654e+02,2.191583442803084836e+01,-3.375396804126398820e+01,0.000000000000000000e+00,4.831756773909535951e+00,8.125437594386831108e+00
3.039320427741197364e+02,-7.050080936757165091e+02,2.063501889228831772e+02,2.191583441390379150e+01,-3.375396804233344028e+01,0.000000000000000000e+00,4.831757175971026719e+00,8.125437594299528499e+00
3.061236262163878905e+02,-7.083834904800145296e+02,2.063501889228762423e+02,2.191583438356313351e+01,-3.375396804260391548e+01,0.000000000000000000e+00,4.831755332787457391e+00,8.125437594582356482e+00
3.083152096586578068e+02,-7.117588872836627161e+02,2.063501889228739685e+02,2.191583448173286541e+01,-3.375396804270091877e+01,0.000000000000000000e+00,4.831757642383478490e+00,8.125437594488520432e+00
3.105067931009248241e+02,-7.151342840883647796e+02,2.063501889228860477e+02,2.191583441224721795e+01,-3.375396804194749478e+01,0.000000000000000000e+00,4.831755979959464042e+00,8.125437594795020146e+00
3.126983765431933762e+02,-7.185096808923279923e+02,2.063501889228772370e+02,2.191583440615766065e+01,-3.375396804208086365e+01,0.000000000000000000e+00,4.831755693263013463e+00,8.125437594803802455e+00
3.148899599854586882e+02,-7.218850776963848830e+02,2.063501889228785728e+02,2.191583438308187226e+01,-3.375396804206625490e+01,0.000000000000000000e+00,4.831756639531530340e+00,8.125437594732792590e+00
3.170815434277279792e+02,-7.252604745013334195e+02,2.063501889228789423e+02,2.191583437553578051e+01,-3.375396804239232296e+01,0.000000000000000000e+00,4.831756455017046648e+00,8.125437594738606606e+00
3.192731268699963039e+02,-7.286358713052867415e+02,2.063501889228738833e+02,2.191583440286218476e+01,-3.375396804210630108e+01,0.000000000000000000e+00,4.831755286002360705e+00,8.125437594911009143e+00
3.214647103122623548e+02,-7.320112681098950134e+02,2.063501889228814434e+02,2.191583441322687520e+01,-3.375396804361939473e+01,0.000000000000000000e+00,4.831755897936747424e+00,8.125437594957118037e+00
3.236562937545303953e+02,-7.353866649144487155e+02,2.063501889228823245e+02,2.191583441239673746e+01,-3.375396804258508610e+01,0.000000000000000000e+00,4.831755974120069297e+00,8.125437594432032284e+00
3.258478771967986631e+02,-7.387620617183345075e+02,2.063501889228804203e+02,2.191583440316155773e+01,-3.375396804305982101e+01,0.000000000000000000e+00,4.831756454456304084e+00,8.125437594730350099e+00
3.280394606390634635e+02,-7.421374585221205962e+02,2.063501889228789707e+02,2.191583442118554359e+01,-3.375396804270203432e+01,0.000000000000000000e+00,4.831755735505801397e+00,8.125437595102795285e+00
3.302310440813346872e+02,-7.455128553265765277e+02,2.063501889228777202e+02,2.191583444938231651e+01,-3.375396804269348650e+01,0.000000000000000000e+00,4.831758155845080616e+00,8.125437594535220853e+00
3.324226275236018751e+02,-7.488882521305851014e+02,2.063501889228788571e+02,2.191583446961066173e+01,-3.375396804223581881e+01,0.000000000000000000e+00,4.831756554297211181e+00,8.125437594289786958e+00
3.346142109658698587e+02,-7.522636489350642250e+02,2.063501889228816992e+02,2.191583440038616004e+01,-3.375396804236592629e+01,0.000000000000000000e+00,4.831756930346057466e+00,8.125437594777459083e+00
3.368057944081360802e+02,-7.556390457392508324e+02,2.063501889228763559e+02,2.191583442457673314e+01,-3.375396804336906342e+01,0.000000000000000000e+00,4.831757364060602633e+00,8.125437595088062182e+00
3.389973778504025290e+02,-7.590144425434530149e+02,2.063501889228763275e+02,2.191583444660632196e+01,-3.375396804224093472e+01,0.000000000000000000e+00,4.831756062228194537e+00,8.125437594590900758e+00
3.411889612926710811e+02,-7.623898393477417130e+02,2.063501889228822392e+02,2.191583446121763146e+01,-3.375396804204034851e+01,0.000000000000000000e+00,4.831756861633622613e+00,8.125437594808825992e+00
3.433805447349391784e+02,-7.657652361520233626e+02,2.063501889228764696e+02,2.191583442159979711e+01,-3.375396804285050933e+01,0.000000000000000000e+00,4.831756635974243430e+00,8.125437594722098922e+00
3.455721281772090947e+02,-7.691406329563338886e+02,2.063501889228791413e+02,2.191583437353278896e+01,-3.375396804288749308e+01,0.000000000000000000e+00,4.831756963773465863e+00,8.125437594489437032e+00
3.477637116194737246e+02,-7.725160297606475979e+02,2.063501889228799087e+02,2.191583441711891211e+01,-3.375396804206715018e+01,0.000000000000000000e+00,4.831757034537131901e+00,8.125437593922468338e+00
3.499552950617438682e+02,-7.758914265649272011e+02,2.063501889228793118e+02,2.191583442443725360e+01,-3.375396804320834576e+01,0.000000000000000000e+00,4.831756387164361399e+00,8.125437594835169364e+00
3.521468785040078728e+02,-7.792668233691570094e+02,2.063501889228807613e+02,2.191583443225948002e+01,-3.375396804149445273e+01,0.000000000000000000e+00,4.831756826652070735e+00,8.125437594926713913e+00
3.543384619462791534e+02,-7.826422201734455939e+02,2.063501889228753328e+02,2.191583440209209854e+01,-3.375396804305812992e+01,0.000000000000000000e+00,4.831756779125879753e+00,8.125437594700871458e+00
3.565300453885461138e+02,-7.860176169771500554e+02,2.063501889228817845e+02,2.191583443768673689e+01,-3.375396804271579754e+01,0.000000000000000000e+00,4.831755959564593361e+00,8.125437595007412028e+00
3.587216288308143248e+02,-7.893930137818529147e+02,2.063501889228838593e+02,2.191583441415314226e+01,-3.375396804175532850e+01,0.000000000000000000e+00,4.831755687688281675e+00,8.125437594726982127e+00
3.609132122730833885e+02,-7.927684105864483399e+02,2.063501889228804203e+02,2.191583440310743214e+01,-3.375396804218719637e+01,0.000000000000000000e+00,4.831756393830622720e+00,8.125437594746541592e+00
3.631047957153506331e+02,-7.961438073904216708e+02,2.063501889228792550e+02,2.191583443030104661e+01,-3.375396804174935994e+01,0.000000000000000000e+00,4.831757348131825225e+00,8.125437594707191735e+00
3.652963791576150925e+02,-7.995192041944045513e+02,2.063501889228836603e+02,2.191583442201680398e+01,-3.375396804176279630e+01,0.000000000000000000e+00,4.831757429227859113e+00,8.125437594939850072e+00
3.674879625998842698e+02,-8.028946009991499295e+02,2.063501889228823813e+02,2.191583445199560032e+01,-3.375396804215847624e+01,0.000000000000000000e+00,4.831757280651005182e+00,8.125437594776919070e+00
3.696795460421574262e+02,-8.062699978033760999e+02,2.063501889228795960e+02,2.191583440962445195e+01,-3.375396804140099505e+01,0.000000000000000000e+00,4.831756264223123765e+00,8.125437594677269004e+00
3.718711294844206918e+02,-8.096453946075342856e+02,2.063501889228849677e+02,2.191583440926175896e+01,-3.375396804261470862e+01,0.000000000000000000e+00,4.831756915598806046e+00,8.125437594838338384e+00
3.740627129266902102e+02,-8.130207914119323505e+02,2.063501889228757591e+02,2.191583443193445291e+01,-3.375396804295410647e+01,0.000000000000000000e+00,4.831755010756265456e+00,8.125437594795593910e+00
3.762542963689576254e+02,-8.163961882162653865e+02,2.063501889228745085e+02,2.191583439655390819e+01,-3.375396804229011849e+01,0.000000000000000000e+00,4.831756390213492125e+00,8.125437593939702552e+00
3.784458798112233353e+02,-8.197715850203383070e+02,2.063501889228755317e+02,2.191583443559813560e+01,-3.375396804283033703e+01,0.000000000000000000e+00,4.831755830260742179e+00,8.125437594579546285e+00
3.806374632534925695e+02,-8.231469818246443992e+02,2.063501889228755317e+02,2.191583441515480857e+01,-3.375396804197341538e+01,0.000000000000000000e+00,4.831756117037355303e+00,8.125437594876967040e+00
3.828290466957584499e+02,-8.265223786284315111e+02,2.063501889228806192e+02,2.191583441945370581e+01,-3.375396804231601067e+01,0.000000000000000000e+00,4.831755376776765587e+00,8.125437594242841399e+00
3.850206301380316631e+02,-8.298977754331148162e+02,2.063501889228737980e+02,2.191583438860134692e+01,-3.375396804301235676e+01,0.000000000000000000e+00,4.831756521798837412e+00,8.125437594617210380e+00
3.872122135802964067e+02,-8.332731722374635410e+02,2.063501889228803350e+02,2.191583444536941983e+01,-3.375396804303699838e+01,0.000000000000000000e+00,4.831756657831841828e+00,8.125437594532641583e+00
3.894037970225633671e+02,-8.366485690415892122e+02,2.063501889228795392e+02,2.191583442551426231e+01,-3.375396804258285499e+01,0.000000000000000000e+00,4.831757001015843933e+00,8.125437594648023065e+00
3.915953804648302707e+02,-8.400239658457020369e+02,2.063501889228767254e+02,2.191583443000029163e+01,-3.375396804274518558e+01,0.000000000000000000e+00,4.831756158345442032e+00,8.125437594815064557e+00
3.937869639070986523e+02,-8.433993626501236349e+02,2.063501889228821256e+02,2.191583440757386469e+01,-3.375396804358184966e+01,0.000000000000000000e+00,4.831756142625319050e+00,8.125437594691517162e+00
3.959785473493667496e+02,-8.467747594546290202e+02,2.063501889228776065e+02,2.191583443053615810e+01,-3.375396804303133536e+01,0.000000000000000000e+00,4.831756326369411880e+00,8.125437595132547486e+00
3.981701307916341079e+02,-8.501501562587002354e+02,2.063501889228772939e+02,2.191583441075336580e+01,-3.375396804338692647e+01,0.000000000000000000e+00,4.831756325340302638e+00,8.125437594221082804e+00
4.003617142339024895e+02,-8.535255530627505323e+02,2.063501889228826087e+02,2.191583440536537708e+01,-3.375396804219911218e+01,0.000000000000000000e+00,4.831755876553472717e+00,8.125437594689618237e+00
4.025532976761701889e+02,-8.569009498673658527e+02,2.063501889228771518e+02,2.191583440941623095e+01,-3.375396804328516254e+01,0.000000000000000000e+00,4.831755237404467884e+00,8.125437594707561217e+00
4.047448811184389683e+02,-8.602763466714073957e+02,2.063501889228775497e+02,2.191583443033113809e+01,-3.375396804345305668e+01,0.000000000000000000e+00,4.831756119055748755e+00,8.125437595050890138e+00
4.069364645607041666e+02,-8.636517434753283169e+02,2.063501889228746506e+02,2.191583441774604424e+01,-3.375396804223937863e+01,0.000000000000000000e+00,4.831757926196975639e+00,8.125437594589511647e+00
4.091280480029725481e+02,-8.670271402798881581e+02,2.063501889228823529e+02,2.191583441744911198e+01,-3.375396804255588279e+01,0.000000000000000000e+00,4.831756896434696635e+00,8.125437594510946937e+00
4.113196314452412139e+02,-8.704025370840714686e+02,2.063501889228829782e+02,2.191583442252282410e+01,-3.375396804415908036e+01,0.000000000000000000e+00,4.831756486122148253e+00,8.125437595290025072e+00
4.135112148875087428e+02,-8.737779338880804971e+02,2.063501889228775781e+02,2.191583442186509956e+01,-3.375396804217412239e+01,0.000000000000000000e+00,4.831756462298153032e+00,8.125437594526923490e+00
4.157027983297752485e+02,-8.771533306925781517e+02,2.063501889228758159e+02,2.191583442842308571e+01,-3.375396804316190469e+01,0.000000000000000000e+00,4.831756731852406617e+00,8.125437595228831356e+00
4.178943817720427205e+02,-8.805287274969605278e+02,2.063501889228779760e+02,2.191583445677532538e+01,-3.375396804188676469e+01,0.000000000000000000e+00,4.831755923646220197e+00,8.125437594508440498e+00
4.200859652143101357e+02,-8.839041243013913345e+02,2.063501889228781749e+02,2.191583437649105903e+01,-3.375396804415762375e+01,0.000000000000000000e+00,4.831757382409104018e+00,8.125437594631232940e+00
4.222775486565793699e+02,-8.872795211051893602e+02,2.063501889228769528e+02,2.191583445082133608e+01,-3.375396804225147207e+01,0.000000000000000000e+00,4.831757138416660879e+00,8.125437594761553584e+00
4.244691320988482630e+02,-8.906549179096712123e+02,2.063501889228794823e+02,2.191583446013312297e+01,-3.375396804190008027e+01,0.000000000000000000e+00,4.831756561504983338e+00,8.125437594731289792e+00
4.266607155411172130e+02,-8.940303147136766029e+02,2.063501889228774075e+02,2.191583442364495582e+01,-3.375396804140303431e+01,0.000000000000000000e+00,4.831756348699647319e+00,8.125437594266706753e+00
4.288522989833832071e+02,-8.974057115183094311e+02,2.063501889228791981e+02,2.191583443106119944e+01,-3.375396804341210810e+01,0.000000000000000000e+00,4.831756111892835825e+00,8.125437594362145077e+00
4.310438824256496559e+02,-9.007811083225714128e+02,2.063501889228719790e+02,2.191583438953754737e+01,-3.375396804111175442e+01,0.000000000000000000e+00,4.831757116086624393e+00,8.125437594359759430e+00
4.332354658679179806e+02,-9.041565051267576791e+02,2.063501889228746791e+02,2.191583445208600267e+01,-3.375396804290303976e+01,0.000000000000000000e+00,4.831757012947808683e+00,8.125437594774195915e+00
4.354270493101852253e+02,-9.075319019311540387e+02,2.063501889228820687e+02,2.191583441743146565e+01,-3.375396804266163997e+01,0.000000000000000000e+00,4.831755717436544195e+00,8.125437594501978111e+00
4.376186327524538910e+02,-9.109072987354113593e+02,2.063501889228792550e+02,2.191583442003299709e+01,-3.375396804346331692e+01,0.000000000000000000e+00,4.831759171136493336e+00,8.125437594946630426e+00
4.398102161947211357e+02,-9.142826955394733659e+02,2.063501889228801929e+02,2.191583439530105082e+01,-3.375396804249496796e+01,0.000000000000000000e+00,4.831756957944479680e+00,8.125437594255517482e+00
4.420017996369901425e+02,-9.176580923433366479e+02,2.063501889228789139e+02,2.191583441579556535e+01,-3.375396804236002168e+01,0.000000000000000000e+00,4.831757148212918018e+00,8.125437595223136356e+00
4.441933830792590925e+02,-9.210334891478937607e+02,2.063501889228768391e+02,2.191583440576985353e+01,-3.375396804137423601e+01,0.000000000000000000e+00,4.831755372486497890e+00,8.125437594750552606e+00
4.463849665215262803e+02,-9.244088859518697063e+02,2.063501889228769528e+02,2.191583444127129354e+01,-3.375396804277272622e+01,0.000000000000000000e+00,4.831757141619395846e+00,8.125437594690007259e+00
4.485765499637931271e+02,-9.277842827565019661e+02,2.063501889228799939e+02,2.191583436584145161e+01,-3.375396804221912106e+01,0.000000000000000000e+00,4.831755554602390923e+00,8.125437594687232590e+00
4.507681334060604286e+02,-9.311596795606571959e+02,2.063501889228836887e+02,2.191583440212203726e+01,-3.375396804112813243e+01,0.000000000000000000e+00,4.831757249606243754e+00,8.125437594824528986e+00
4.529597168483277301e+02,-9.345350763646271162e+02,2.063501889228764981e+02,2.191583441450237046e+01,-3.375396804256622119e+01,0.000000000000000000e+00,4.831757311524052412e+00,8.125437594888124337e+00
4.551513002905945200e+02,-9.379104731691506913e+02,2.063501889228785160e+02,2.191583436109830174e+01,-3.375396804254869210e+01,0.000000000000000000e+00,4.831757225407209866e+00,8.125437595031900884e+00
4.573428837328653458e+02,-9.412858699733025105e+02,2.063501889228751338e+02,2.191583446355510389e+01,-3.375396804268982720e+01,0.000000000000000000e+00,4.831758120678975921e+00,8.125437594608859726e+00
4.595344671751286114e+02,-9.446612667775769978e+02,2.063501889228772370e+02,2.191583440996592458e+01,-3.375396804120261862e+01,0.000000000000000000e+00,4.831755942627812495e+00,8.125437594818391673e+00
4.617260506173960266e+02,-9.480366635819594876e+02,2.063501889228836035e+02,2.191583441975180335e+01,-3.375396804187742106e+01,0.000000000000000000e+00,4.831756910129465510e+00,8.125437594551357279e+00
4.639176340596659998e+02,-9.514120603864731720e+02,2.063501889228767254e+02,2.191583443868571379e+01,-3.375396804400607209e+01,0.000000000000000000e+00,4.831757102107249402e+00,8.125437594519862472e+00
4.661092175019334718e+02,-9.547874571908836288e+02,2.063501889228759012e+02,2.191583440667217886e+01,-3.375396804199235135e+01,0.000000000000000000e+00,4.831756264289458258e+00,8.125437594966356869e+00
4.683008009442025923e+02,-9.581628539949070955e+02,2.063501889228786581e+02,2.191583443695204991e+01,-3.375396804308193310e+01,0.000000000000000000e+00,4.831755055291312217e+00,8.125437594430751531e+00
4.704923843864711444e+02,-9.615382507995033166e+02,2.063501889228759580e+02,2.191583447813321328e+01,-3.375396804264804729e+01,0.000000000000000000e+00,4.831758490940345929e+00,8.125437594298629662e+00
4.726839678287370816e+02,-9.649136476038031560e+02,2.063501889228768391e+02,2.191583439159832025e+01,-3.375396804360584468e+01,0.000000000000000000e+00,4.831756969699670279e+00,8.125437595161654869e+00
4.748755512710075095e+02,-9.682890444077485199e+02,2.063501889228806476e+02,2.191583444728273733e+01,-3.375396804265116657e+01,0.000000000000000000e+00,4.831757091988891695e+00,8.125437594509374861e+00
4.770671347132748679e+02,-9.716644412117583443e+02,2.063501889228777770e+02,2.191583438115526405e+01,-3.375396804374696558e+01,0.000000000000000000e+00,4.831757232026173021e+00,8.125437595148929049e+00
4.792587181555411462e+02,-9.750398380159051612e+02,2.063501889228836887e+02,2.191583445895148685e+01,-3.375396804293585973e+01,0.000000000000000000e+00,4.831758173290389813e+00,8.125437594785214657e+00
4.814503015978097551e+02,-9.784152348204561349e+02,2.063501889228727748e+02,2.191583439480542594e+01,-3.375396804200757828e+01,0.000000000000000000e+00,4.831757152579450931e+00,8.125437594574558275e+00
4.836418850400771134e+02,-9.817906316244893787e+02,2.063501889228814719e+02,2.191583440326897758e+01,-3.375396804421277608e+01,0.000000000000000000e+00,4.831756016154658440e+00,8.125437594904186156e+00
4.858334684823450971e+02,-9.851660284288760749e+02,2.063501889228780044e+02,2.191583438685428220e+01,-3.375396804238902604e+01,0.000000000000000000e+00,4.831758346282902572e+00,8.125437594097640215e+00
4.880250519246097838e+02,-9.885414252333547438e+02,2.063501889228822108e+02,2.191583441933735088e+01,-3.375396804293842479e+01,0.000000000000000000e+00,4.831756920745961636e+00,8.125437594965461585e+00
4.902166353668796432e+02,-9.919168220376465115e+02,2.063501889228762138e+02,2.191583440608866695e+01,-3.375396804177044174e+01,0.000000000000000000e+00,4.831756325649746664e+00,8.125437594323001278e+00
4.924082188091473995e+02,-9.952922188418344831e+02,2.063501889228801360e+02,2.191583446407554092e+01,-3.375396804327774447e+01,0.000000000000000000e+00,4.831755998295037990e+00,8.125437594703800670e+00
4.945998022514187369e+02,-9.986676156457349407e+02,2.063501889228774360e+02,2.191583441066386939e+01,-3.375396804172769549e+01,0.000000000000000000e+00,4.831756327513975435e+00,8.125437594793474716e+00
4.967913856936844468e+02,-1.002043012450373794e+03,2.063501889228772086e+02,2.191583442862339837e+01,-3.375396804267274575e+01,0.000000000000000000e+00,4.831757345763903366e+00,8.125437595242955169e+00
4.989829691359508388e+02,-1.005418409254584276e+03,2.063501889228805339e+02,2.191583442428769857e+01,-3.375396804302584997e+01,0.000000000000000000e+00,4.831756170125338201e+00,8.125437594402800556e+00
5.011745525782180835e+02,-1.008793806058806240e+03,2.063501889228797097e+02,2.191583442244658997e+01,-3.375396804285598762e+01,0.000000000000000000e+00,4.831757232644076083e+00,8.125437594898651028e+00
5.033661360204856123e+02,-1.012169202863266719e+03,2.063501889228731159e+02,2.191583440378600756e+01,-3.375396804193265154e+01,0.000000000000000000e+00,4.831756358403923812e+00,8.125437594633426741e+00
5.055577194627566087e+02,-1.015544599667204579e+03,2.063501889228779476e+02,2.191583440637954894e+01,-3.375396804325231415e+01,0.000000000000000000e+00,4.831756993367932296e+00,8.125437594771858230e+00
5.077493029050236828e+02,-1.018919996471397099e+03,2.063501889228788286e+02,2.191583440414239803e+01,-3.375396804245195170e+01,0.000000000000000000e+00,4.831754806733034258e+00,8.125437594881303127e+00
5.099408863472901317e+02,-1.022295393275631227e+03,2.063501889228805624e+02,2.191583440664543048e+01,-3.375396804196330436e+01,0.000000000000000000e+00,4.831757232062166452e+00,8.125437594095757277e+00
5.121324697895576037e+02,-1.025670790080363304e+03,2.063501889228762423e+02,2.191583443794948138e+01,-3.375396804252234517e+01,0.000000000000000000e+00,4.831757614099831954e+00,8.125437594880828840e+00
5.143240532318252463e+02,-1.029046186883959081e+03,2.063501889228804203e+02,2.191583439237664166e+01,-3.375396804376182303e+01,0.000000000000000000e+00,4.831756933993480274e+00,8.125437594593739377e+00
5.165156366740923204e+02,-1.032421583688479359e+03,2.063501889228728032e+02,2.191583443044770263e+01,-3.375396804207134238e+01,0.000000000000000000e+00,4.831756880483618843e+00,8.125437594715169354e+00
5.187072201163614409e+02,-1.035796980493293631e+03,2.063501889228781465e+02,2.191583437516158384e+01,-3.375396804247437643e+01,0.000000000000000000e+00,4.831754729967646433e+00,8.125437595068135010e+00
5.208988035586278329e+02,-1.039172377297093817e+03,2.063501889228805624e+02,2.191583442199611653e+01,-3.375396804327338884e+01,0.000000000000000000e+00,4.831757966050519215e+00,8.125437594921189444e+00
5.230903870008969534e+02,-1.042547774101440609e+03,2.063501889228788571e+02,2.191583442047543429e+01,-3.375396804324925881e+01,0.000000000000000000e+00,4.831757598501736695e+00,8.125437594789614693e+00
5.252819704431639138e+02,-1.045923170905653024e+03,2.063501889228791697e+02,2.191583442060455056e+01,-3.375396804396247319e+01,0.000000000000000000e+00,4.831755836775619706e+00,8.125437594556998988e+00
5.274735538854342849e+02,-1.049298567709812687e+03,2.063501889228739969e+02,2.191583445974650246e+01,-3.375396804212106616e+01,0.000000000000000000e+00,4.831757171741165813e+00,8.125437595261262302e+00
5.296651373276986305e+02,-1.052673964514412091e+03,2.063501889228768960e+02,2.191583441649917674e+01,-3.375396804205906420e+01,0.000000000000000000e+00,4.831755598940940644e+00,8.125437594993329071e+00
5.318567207699671826e+02,-1.056049361318553565e+03,2.063501889228781465e+02,2.191583441730329440e+01,-3.375396804239462512e+01,0.000000000000000000e+00,4.831756833993548383e+00,8.125437594636039762e+00
5.340483042122334609e+02,-1.059424758122413095e+03,2.063501889228814150e+02,2.191583442038297846e+01,-3.375396804252151384e+01,0.000000000000000000e+00,4.831757075698581261e+00,8.125437594529737240e+00
5.362398876545036046e+02,-1.062800154926934511e+03,2.063501889228748780e+02,2.191583445603286151e+01,-3.375396804499431624e+01,0.000000000000000000e+00,4.831756879078612066e+00,8.125437595000173374e+00
5.384314710967711335e+02,-1.066175551731178302e+03,2.063501889228768960e+02,2.191583440777965208e+01,-3.375396804150082630e+01,0.000000000000000000e+00,4.831757365282736139e+00,8.125437595055307938e+00
5.406230545390388897e+02,-1.069550948535217685e+03,2.063501889228776065e+02,2.191583441545645883e+01,-3.375396804340192602e+01,0.000000000000000000e+00,4.831757959010476000e+00,8.125437594703866395e+00
5.428146379813061913e+02,-1.072926345339806630e+03,2.063501889228710411e+02,2.191583439075247242e+01,-3.375396804240227056e+01,0.000000000000000000e+00,4.831757000361047716e+00,8.125437594471472735e+00
5.450062214235741749e+02,-1.076301742143736192e+03,2.063501889228782318e+02,2.191583445812356956e+01,-3.375396804313377430e+01,0.000000000000000000e+00,4.831756247838081997e+00,8.125437595206424390e+00
5.471978048658393163e+02,-1.079677138948106403e+03,2.063501889228773507e+02,2.191583440744864575e+01,-3.375396804321069766e+01,0.000000000000000000e+00,4.831757243450625516e+00,8.125437594550222187e+00
5.493893883081112790e+02,-1.083052535752487302e+03,2.063501889228791981e+02,2.191583444052088581e+01,-3.375396804271004214e+01,0.000000000000000000e+00,4.831755815525526465e+00,8.125437594879416636e+00
5.515809717503785805e+02,-1.086427932556804535e+03,2.063501889228845130e+02,2.191583443550070953e+01,-3.375396804259218442e+01,0.000000000000000000e+00,4.831756486641732629e+00,8.125437594649147499e+00
5.537725551926448588e+02,-1.089803329361003307e+03,2.063501889228735706e+02,2.191583443765590289e+01,-3.375396804451157351e+01,0.000000000000000000e+00,4.831756985338704347e+00,8.125437594911815609e+00
5.559641386349155709e+02,-1.093178726165092485e+03,2.063501889228780328e+02,2.191583437081853702e+01,-3.375396804167058207e+01,0.000000000000000000e+00,4.831756297000739053e+00,8.125437594567923583e+00
5.581557220771807124e+02,-1.096554122969713262e+03,2.063501889228797381e+02,2.191583441260274867e+01,-3.375396804378045346e+01,0.000000000000000000e+00,4.831756364801687909e+00,8.125437594665413599e+00
5.603473055194452854e+02,-1.099929519773988659e+03,2.063501889228802781e+02,2.191583439985399906e+01,-3.375396804205146850e+01,0.000000000000000000e+00,4.831757162381865811e+00,8.125437594734513880e+00
5.625388889617154291e+02,-1.103304916577915037e+03,2.063501889228757591e+02,2.191583439933720712e+01,-3.375396804253678340e+01,0.000000000000000000e+00,4.831757944081264355e+00,8.125437594881162795e+00
5.647304724039855728e+02,-1.106680313382421900e+03,2.063501889228781181e+02,2.191583443108005369e+01,-3.375396804228765291e+01,0.000000000000000000e+00,4.831757144038221874e+00,8.125437595114963329e+00
5.669220558462518511e+02,-1.110055710186400120e+03,2.063501889228772939e+02,2.191583440728940246e+01,-3.375396804316513055e+01,0.000000000000000000e+00,4.831755429210020658e+00,8.125437594653909912e+00
5.691136392885190389e+02,-1.113431106991036359e+03,2.063501889228801360e+02,2.191583440888786427e+01,-3.375396804315490584e+01,0.000000000000000000e+00,4.831755755156675214e+00,8.125437594045775924e+00
5.713052227307864541e+02,-1.116806503794889977e+03,2.063501889228836887e+02,2.191583445767082949e+01,-3.375396804289763963e+01,0.000000000000000000e+00,4.831756551946432943e+00,8.125437594366816896e+00
5.734968061730534146e+02,-1.120181900599412984e+03,2.063501889228775781e+02,2.191583443725195934e+01,-3.375396804260853401e+01,0.000000000000000000e+00,4.831757828054850101e+00,8.125437594713275757e+00
5.756883896153225351e+02,-1.123557297403591065e+03,2.063501889228787149e+02,2.191583438909394488e+01,-3.375396804149803387e+01,0.000000000000000000e+00,4.831755896345597989e+00,8.125437595081530517e+00
5.778799730575889271e+02,-1.126932694207512213e+03,2.063501889228791129e+02,2.191583444856418339e+01,-3.375396804274796381e+01,0.000000000000000000e+00,4.831757307217769082e+00,8.125437594802905394e+00
5.800715564998579339e+02,-1.130308091012117757e+03,2.063501889228739685e+02,2.191583440607125866e+01,-3.375396804306213738e+01,0.000000000000000000e+00,4.831755746814225816e+00,8.125437594999215918e+00
5.822631399421260312e+02,-1.133683487816446359e+03,2.063501889228781181e+02,2.191583439021827218e+01,-3.375396804296458697e+01,0.000000000000000000e+00,4.831755695543984430e+00,8.125437594303859257e+00
5.844547233843956064e+02,-1.137058884620394565e+03,2.063501889228753896e+02,2.191583443559910194e+01,-3.375396804109379900e+01,0.000000000000000000e+00,4.831756845298506242e+00,8.125437594378075445e+00
5.866463068266619985e+02,-1.140434281424994424e+03,2.063501889228770381e+02,2.191583443793847508e+01,-3.375396804218771507e+01,0.000000000000000000e+00,4.831756991038237636e+00,8.125437594665754659e+00
5.888378902689304368e+02,-1.143809678229121573e+03,2.063501889228758728e+02,2.191583442455105057e+01,-3.375396804239250770e+01,0.000000000000000000e+00,4.831756248718971136e+00,8.125437595141175251e+00
5.910294737111954646e+02,-1.147185075033376961e+03,2.063501889228828077e+02,2.191583442200631282e+01,-3.375396804226760850e+01,0.000000000000000000e+00,4.831757410083705295e+00,8.125437594728738944e+00
5.932210571534619703e+02,-1.150560471837504110e+03,2.063501889228755317e+02,2.191583442094171374e+01,-3.375396804219134594e+01,0.000000000000000000e+00,4.831756066949879802e+00,8.125437594437769917e+00
5.954126405957321140e+02,-1.153935868641683555e+03,2.063501889228789139e+02,2.191583442325398678e+01,-3.375396804320235589e+01,0.000000000000000000e+00,4.831756714268666819e+00,8.125437593986653440e+00
5.976042240379979376e+02,-1.157311265446568086e+03,2.063501889228781749e+02,2.191583442350788147e+01,-3.375396804307418108e+01,0.000000000000000000e+00,4.831755550707701907e+00,8.125437594808584407e+00
5.997958074802670581e+02,-1.160686662250673407e+03,2.063501889228750770e+02,2.191583440939107774e+01,-3.375396804027016628e+01,0.000000000000000000e+00,4.831756690984978064e+00,8.125437594879354464e+00
6.019873909225365196e+02,-1.164062059054975407e+03,2.063501889228786865e+02,2.191583447670939222e+01,-3.375396804176801879e+01,0.000000000000000000e+00,4.831756216068250787e+00,8.125437594839446831e+00
6.041789743648030253e+02,-1.167437455859170541e+03,2.063501889228754465e+02,2.191583439087085594e+01,-3.375396804340701351e+01,0.000000000000000000e+00,4.831754459485887665e+00,8.125437594352698412e+00
6.063705578070683941e+02,-1.170812852663099193e+03,2.063501889228832908e+02,2.191583445080614112e+01,-3.375396804074322432e+01,0.000000000000000000e+00,4.831756676757652080e+00,8.125437594190316304e+00
6.085621412493396747e+02,-1.174188249467086507e+03,2.063501889228799087e+02,2.191583441833242318e+01,-3.375396804265469797e+01,0.000000000000000000e+00,4.831754665120614689e+00,8.125437594440914069e+00
6.107537246916045888e+02,-1.177563646271763901e+03,2.063501889228809034e+02,2.191583444749579712e+01,-3.375396804375382942e+01,0.000000000000000000e+00,4.831756005116935704e+00,8.125437594188509749e+00
6.129453081338740503e+02,-1.180939043075976997e+03,2.063501889228768391e+02,2.191583443346051396e+01,-3.375396804187565891e+01,0.000000000000000000e+00,4.831753891847643700e+00,8.125437595034345151e+00
6.151368915761426024e+02,-1.184314439880331065e+03,2.063501889228832340e+02,2.191583444297455330e+01,-3.375396804252797978e+01,0.000000000000000000e+00,4.831756275549890844e+00,8.125437594448735368e+00
6.173284750184086533e+02,-1.187689836684427974e+03,2.063501889228790276e+02,2.191583439383834175e+01,-3.375396804303453280e+01,0.000000000000000000e+00,4.831756704291625404e+00,8.125437594771071304e+00
6.195200584606761822e+02,-1.191065233488708827e+03,2.063501889228811876e+02,2.191583441237904495e+01,-3.375396804182188504e+01,0.000000000000000000e+00,4.831756239409933151e+00,8.125437595003107916e+00
6.217116419029473491e+02,-1.194440630293056529e+03,2.063501889228780612e+02,2.191583443441328072e+01,-3.375396804142550877e+01,0.000000000000000000e+00,4.831756886718475030e+00,8.125437594846346201e+00
6.239032253452111263e+02,-1.197816027097124106e+03,2.063501889228772939e+02,2.191583442745908172e+01,-3.375396804293949060e+01,0.000000000000000000e+00,4.831757946152274386e+00,8.125437594721013568e+00
6.260948087874825205e+02,-1.201191423901481812e+03,2.063501889228798802e+02,2.191583443476830695e+01,-3.375396804324559952e+01,0.000000000000000000e+00,4.831756533318165125e+00,8.125437594651913287e+00
6.282863922297510726e+02,-1.204566820705447299e+03,2.063501889228739117e+02,2.191583439811531164e+01,-3.375396804315709431e+01,0.000000000000000000e+00,4.831755950798323873e+00,8.125437594795663188e+00
6.304779756720151909e+02,-1.207942217510029423e+03,2.063501889228812729e+02,2.191583444617034715e+01,-3.375396804256447325e+01,0.000000000000000000e+00,4.831757463279172882e+00,8.125437594477306291e+00
6.326695591142869262e+02,-1.211317614314374850e+03,2.063501889228770096e+02,2.191583444804195935e+01,-3.375396804319145616e+01,0.000000000000000000e+00,4.831756472452245710e+00,8.125437594900279947e+00
6.348611425565550235e+02,-1.214693011118567483e+03,2.063501889228797666e+02,2.191583447041058008e+01,-3.375396804207172607e+01,0.000000000000000000e+00,4.831756684679420211e+00,8.125437594969202593e+00
6.370527259988193691e+02,-1.218068407922640972e+03,2.063501889228738264e+02,2.191583441222092432e+01,-3.375396804332300604e+01,0.000000000000000000e+00,4.831755345902471355e+00,8.125437594220699111e+00
6.392443094410871254e+02,-1.221443804727163297e+03,2.063501889228781749e+02,2.191583448524162847e+01,-3.375396804260186912e+01,0.000000000000000000e+00,4.831756889231829000e+00,8.125437594467687319e+00
6.414358928833547679e+02,-1.224819201531287490e+03,2.063501889228815855e+02,2.191583439908352560e+01,-3.375396804323156630e+01,0.000000000000000000e+00,4.831755405585096419e+00,8.125437594299048882e+00
6.436274763256228653e+02,-1.228194598335685214e+03,2.063501889228754180e+02,2.191583442653355007e+01,-3.375396804101342241e+01,0.000000000000000000e+00,4.831758530611496738e+00,8.125437594537158859e+00
6.458190597678901668e+02,-1.231569995139942648e+03,2.063501889228749064e+02,2.191583442519214131e+01,-3.375396804317860244e+01,0.000000000000000000e+00,4.831756710854588910e+00,8.125437594844521882e+00
6.480106432101614473e+02,-1.234945391944055018e+03,2.063501889228834614e+02,2.191583441276977950e+01,-3.375396804242791404e+01,0.000000000000000000e+00,4.831757136260035779e+00,8.125437594509257622e+00
6.502022266524245424e+02,-1.238320788747995721e+03,2.063501889228774928e+02,2.191583447980222843e+01,-3.375396804197217193e+01,0.000000000000000000e+00,4.831757031074389808e+00,8.125437594375302552e+00
6.523938100946935492e+02,-1.241696185552860925e+03,2.063501889228771233e+02,2.191583439701713232e+01,-3.375396804151758090e+01,0.000000000000000000e+00,4.831757818116563463e+00,8.125437594656599316e+00
6.545853935369599412e+02,-1.245071582357186116e+03,2.063501889228806476e+02,2.191583442546396299e+01,-3.375396804388694250e+01,0.000000000000000000e+00,4.831755290885895171e+00,8.125437595597325924e+00
6.567769769792309944e+02,-1.248446979161463105e+03,2.063501889228849677e+02,2.191583441784968045e+01,-3.375396804317913535e+01,0.000000000000000000e+00,4.831755927584624466e+00,8.125437594499812732e+00
6.589685604214996602e+02,-1.251822375964998173e+03,2.063501889228784307e+02,2.191583445686820042e+01,-3.375396804177193388e+01,0.000000000000000000e+00,4.831757029743344312e+00,8.125437594908989425e+00
6.611601438637660522e+02,-1.255197772769938183e+03,2.063501889228771233e+02,2.191583441184828018e+01,-3.375396804251681715e+01,0.000000000000000000e+00,4.831756410832860560e+00,8.125437594765708482e+00
6.633517273060347179e+02,-1.258573169574052145e+03,2.063501889228810171e+02,2.191583442392288106e+01,-3.375396804365107783e+01,0.000000000000000000e+00,4.831755917534716005e+00,8.125437594485214632e+00
6.655433107483034973e+02,-1.261948566378148143e+03,2.063501889228846551e+02,2.191583444052470497e+01,-3.375396804361171377e+01,0.000000000000000000e+00,4.831756293747493380e+00,8.125437594147465248e+00
6.677348941905684114e+02,-1.265323963182847592e+03,2.063501889228787149e+02,2.191583439335104444e+01,-3.375396804387998628e+01,0.000000000000000000e+00,4.831758089938857914e+00,8.125437595092323662e+00
6.699264776328377593e+02,-1.268699359986942682e+03,2.063501889228709558e+02,2.191583445173303346e+01,-3.375396804245863791e+01,0.000000000000000000e+00,4.831756416131009146e+00,8.125437594727200619e+00
6.721180610751026734e+02,-1.272074756791085065e+03,2.063501889228808750e+02,2.191583444391940816e+01,-3.375396804234176784e+01,0.000000000000000000e+00,4.831757149812610841e+00,8.125437594875949188e+00
6.743096445173717939e+02,-1.275450153595370921e+03,2.063501889228829782e+02,2.191583440358047596e+01,-3.375396804254578598e+01,0.000000000000000000e+00,4.831755896574910558e+00,8.125437594740162695e+00
6.765012279596397775e+02,-1.278825550399520580e+03,2.063501889228763275e+02,2.191583443759062177e+01,-3.375396804207682777e+01,0.000000000000000000e+00,4.831755495184960836e+00,8.125437594431364374e+00
6.786928114019075338e+02,-1.282200947203896931e+03,2.063501889228797950e+02,2.191583444063901709e+01,-3.375396804400489970e+01,0.000000000000000000e+00,4.831755740683177258e+00,8.125437594658091456e+00
6.808843948441769953e+02,-1.285576344007928583e+03,2.063501889228790560e+02,2.191583442563115014e+01,-3.375396804327741762e+01,0.000000000000000000e+00,4.831756608233439110e+00,8.125437594882519932e+00
6.830759782864428189e+02,-1.288951740812175103e+03,2.063501889228806476e+02,2.191583446600888152e+01,-3.375396804353498226e+01,0.000000000000000000e+00,4.831756973315441961e+00,8.125437595015997161e+00
6.852675617287096657e+02,-1.292327137616925484e+03,2.063501889228762707e+02,2.191583441057245452e+01,-3.375396804278459228e+01,0.000000000000000000e+00,4.831757103194351366e+00,8.125437594723589285e+00
6.874591451709779903e+02,-1.295702534420905295e+03,2.063501889228770096e+02,2.191583446183605233e+01,-3.375396804226539160e+01,0.000000000000000000e+00,4.831757569437155730e+00,8.125437595152902759e+00
6.896507286132462013e+02,-1.299077931225114071e+03,2.063501889228741959e+02,2.191583438781287541e+01,-3.375396804232099157e+01,0.000000000000000000e+00,4.831756520127790111e+00,8.125437594871812053e+00
6.918423120555135029e+02,-1.302453328029361273e+03,2.063501889228793402e+02,2.191583443809635412e+01,-3.375396804165164610e+01,0.000000000000000000e+00,4.831757246643332060e+00,8.125437594683980080e+00
6.940338954977785306e+02,-1.305828724833560045e+03,2.063501889228768960e+02,2.191583440088065871e+01,-3.375396804143946383e+01,0.000000000000000000e+00,4.831756215216654660e+00,8.125437595080063247e+00
6.962254789400496975e+02,-1.309204121638048719e+03,2.063501889228739401e+02,2.191583441298725532e+01,-3.375396804213590940e+01,0.000000000000000000e+00,4.831756611688011738e+00,8.125437594713712741e+00
6.984170623823169990e+02,-1.312579518442063545e+03,2.063501889228809318e+02,2.191583445199218616e+01,-3.375396804365052361e+01,0.000000000000000000e+00,4.831756251900058530e+00,8.125437594324230517e+00
7.006086458245824815e+02,-1.315954915246585870e+03,2.063501889228764128e+02,2.191583438137843132e+01,-3.375396804324704902e+01,0.000000000000000000e+00,4.831757626731750577e+00,8.125437594500041882e+00
7.028002292668543305e+02,-1.319330312050411749e+03,2.063501889228766402e+02,2.191583436737216317e+01,-3.375396804408165963e+01,0.000000000000000000e+00,4.831757014003613016e+00,8.125437594840734690e+00
7.049918127091206088e+02,-1.322705708854864952e+03,2.063501889228804203e+02,2.191583444579937634e+01,-3.375396804263306194e+01,0.000000000000000000e+00,4.831756809256747331e+00,8.125437594942699349e+00
7.071833961513868871e+02,-1.326081105659106470e+03,2.063501889228820119e+02,2.191583441564375434e+01,-3.375396804135024809e+01,0.000000000000000000e+00,4.831757746669328668e+00,8.125437594414830045e+00
7.093749795936560076e+02,-1.329456502463463494e+03,2.063501889228811024e+02,2.191583444444574269e+01,-3.375396804295652942e+01,0.000000000000000000e+00,4.831756318485310508e+00,8.125437594721281798e+00
7.115665630359216038e+02,-1.332831899267845301e+03,2.063501889228739401e+02,2.191583441743480520e+01,-3.375396804218237889e+01,0.000000000000000000e+00,4.831754804540347337e+00,8.125437594608900582e+00
7.137581464781914065e+02,-1.336207296071907876e+03,2.063501889228844846e+02,2.191583438389253757e+01,-3.375396804276344653e+01,0.000000000000000000e+00,4.831755431239355580e+00,8.125437594622574977e+00
7.159497299204582532e+02,-1.339582692876567762e+03,2.063501889228791697e+02,2.191583442003463844e+01,-3.375396804269748685e+01,0.000000000000000000e+00,4.831755340693511869e+00,8.125437595249589862e+00
7.181413133627263505e+02,-1.342958089680491184e+03,2.063501889228789992e+02,2.191583441835656743e+01,-3.375396804322869571e+01,0.000000000000000000e+00,4.831757000845343875e+00,8.125437594931444352e+00
7.203328968049955847e+02,-1.346333486484523064e+03,2.063501889228776633e+02,2.191583441982177760e+01,-3.375396804312503463e+01,0.000000000000000000e+00,4.831757192679332569e+00,8.125437594894117765e+00
7.225244802472609535e+02,-1.349708883288997868e+03,2.063501889228791697e+02,2.191583443416741872e+01,-3.375396804232419612e+01,0.000000000000000000e+00,4.831755725753656527e+00,8.125437594976368416e+00
7.247160636895275729e+02,-1.353084280093044299e+03,2.063501889228719790e+02,2.191583441763783213e+01,-3.375396804306669196e+01,0.000000000000000000e+00,4.831755109456240760e+00,8.125437594618251325e+00
7.269076471317981714e+02,-1.356459676897560939e+03,2.063501889228804771e+02,2.191583442180061780e+01,-3.375396804235757031e+01,0.000000000000000000e+00,4.831756516148667302e+00,8.125437594134954367e+00
7.290992305740639949e+02,-1.359835073701866577e+03,2.063501889228793686e+02,2.191583437603799567e+01,-3.375396804186733135e+01,0.000000000000000000e+00,4.831756563691748774e+00,8.125437594555265264e+00
7.312908140163352755e+02,-1.363210470505884132e+03,2.063501889228801645e+02,2.191583440890868673e+01,-3.375396804287609598e+01,0.000000000000000000e+00,4.831756141819041339e+00,8.125437594642455963e+00
7.334823974586008717e+02,-1.366585867310107005e+03,2.063501889228741106e+02,2.191583443973785350e+01,-3.375396804385296434e+01,0.000000000000000000e+00,4.831755900615221755e+00,8.125437594648769135e+00
7.356739809008661268e+02,-1.369961264114831010e+03,2.063501889228816140e+02,2.191583443323104774e+01,-3.375396804226922143e+01,0.000000000000000000e+00,4.831755875612707030e+00,8.125437594830540178e+00
7.378655643431371800e+02,-1.373336660918847656e+03,2.063501889228753612e+02,2.191583444381708645e+01,-3.375396804201792378e+01,0.000000000000000000e+00,4.831756011448359089e+00,8.125437594759867821e+00
7.400571477854065279e+02,-1.376712057722993222e+03,2.063501889228780897e+02,2.191583442579266006e+01,-3.375396804340207524e+01,0.000000000000000000e+00,4.831756534763939293e+00,8.125437595026760107e+00
7.422487312276728062e+02,-1.380087454527368664e+03,2.063501889228801645e+02,2.191583441088891959e+01,-3.375396804232850201e+01,0.000000000000000000e+00,4.831757326327757340e+00,8.125437594617606507e+00
7.444403146699407898e+02,-1.383462851331519005e+03,2.063501889228794823e+02,2.191583444922114055e+01,-3.375396804188041244e+01,0.000000000000000000e+00,4.831759032028511314e+00,8.125437594965795540e+00
7.466318981122079776e+02,-1.386838248135907406e+03,2.063501889228802497e+02,2.191583442380571967e+01,-3.375396804245686155e+01,0.000000000000000000e+00,4.831757434385274941e+00,8.125437595132526170e+00
7.488234815544769845e+02,-1.390213644939743290e+03,2.063501889228721495e+02,2.191583442513180913e+01,-3.375396804266209472e+01,0.000000000000000000e+00,4.831755535908112797e+00,8.125437594648651896e+00
7.510150649967438312e+02,-1.393589041744043016e+03,2.063501889228798234e+02,2.191583441111490771e+01,-3.375396804324170574e+01,0.000000000000000000e+00,4.831756473628711746e+00,8.125437594726983903e+00
7.532066484390086316e+02,-1.396964438548845010e+03,2.063501889228784023e+02,2.191583439229384922e+01,-3.375396804312727994e+01,0.000000000000000000e+00,4.831756334771664108e+00,8.125437594421407894e+00
7.553982318812805943e+02,-1.400339835352835280e+03,2.063501889228774928e+02,2.191583440806868666e+01,-3.375396804286972952e+01,0.000000000000000000e+00,4.831757662752567128e+00,8.125437594620013471e+00
7.575898153235464179e+02,-1.403715232156756883e+03,2.063501889228737127e+02,2.191583439316833193e+01,-3.375396804195613498e+01,0.000000000000000000e+00,4.831756927224789777e+00,8.125437594755645421e+00
7.597813987658132646e+02,-1.407090628960874938e+03,2.063501889228759865e+02,2.191583439917003773e+01,-3.375396804230692283e+01,0.000000000000000000e+00,4.831755916273571927e+00,8.125437594607843650e+00
7.619729822080824988e+02,-1.410466025765609174e+03,2.063501889228849961e+02,2.191583444250880319e+01,-3.375396804222275904e+01,0.000000000000000000e+00,4.831756018578809098e+00,8.125437594935080554e+00
7.641645656503491182e+02,-1.413841422570010764e+03,2.063501889228765833e+02,2.191583443763566663e+01,-3.375396804225019309e+01,0.000000000000000000e+00,4.831757472618526172e+00,8.125437594778379236e+00
7.663561490926176702e+02,-1.417216819374094939e+03,2.063501889228774644e+02,2.191583440957202455e+01,-3.375396804351549207e+01,0.000000000000000000e+00,4.831755693773361671e+00,8.125437594165784816e+00
7.685477325348858813e+02,-1.420592216178328044e+03,2.063501889228790844e+02,2.191583444517508994e+01,-3.375396804411779783e+01,0.000000000000000000e+00,4.831756696493284764e+00,8.125437594975952749e+00
7.707393159771534101e+02,-1.423967612982523406e+03,2.063501889228842856e+02,2.191583441736735693e+01,-3.375396804278034324e+01,0.000000000000000000e+00,4.831757940272070506e+00,8.125437594713828204e+00
7.729308994194213938e+02,-1.427343009786525499e+03,2.063501889228798234e+02,2.191583443403617792e+01,-3.375396804310080512e+01,0.000000000000000000e+00,4.831756857477488509e+00,8.125437594380302997e+00
7.751224828616871037e+02,-1.430718406591227449e+03,2.063501889228762707e+02,2.191583442556871475e+01,-3.375396804113888294e+01,0.000000000000000000e+00,4.831756419151029824e+00,8.125437594284738552e+00
7.773140663039553147e+02,-1.434093803395297982e+03,2.063501889228741391e+02,2.191583443940632847e+01,-3.375396804263014872e+01,0.000000000000000000e+00,4.831756403245917042e+00,8.125437594571621958e+00
7.795056497462231846e+02,-1.437469200199732086e+03,2.063501889228756738e+02,2.191583444060201913e+01,-3.375396804299957410e+01,0.000000000000000000e+00,4.831754390009688649e+00,8.125437595554091175e+00
7.816972331884908272e+02,-1.440844597003706895e+03,2.063501889228879804e+02,2.191583443962817412e+01,-3.375396804342634738e+01,0.000000000000000000e+00,4.831756607141797666e+00,8.125437594339677716e+00
7.838888166307611982e+02,-1.444219993808447953e+03,2.063501889228759580e+02,2.191583441698796619e+01,-3.375396804228192593e+01,0.000000000000000000e+00,4.831758228165797142e+00,8.125437594758395221e+00
7.860804000730288408e+02,-1.447595390612430265e+03,2.063501889228824950e+02,2.191583442579761254e+01,-3.375396804277340834e+01,0.000000000000000000e+00,4.831756684197630491e+00,8.125437594163905430e+00
7.882719835152922769e+02,-1.450970787416891653e+03,2.063501889228764981e+02,2.191583443747834892e+01,-3.375396804212869029e+01,0.000000000000000000e+00,4.831757006688556899e+00,8.125437594312138856e+00
7.904635669575642396e+02,-1.454346184220973782e+03,2.063501889228807045e+02,2.191583440792524229e+01,-3.375396804197337275e+01,0.000000000000000000e+00,4.831757285986418182e+00,8.125437594480874992e+00
7.926551503998327917e+02,-1.457721581025079558e+03,2.063501889228732580e+02,2.191583442257895342e+01,-3.375396804264843098e+01,0.000000000000000000e+00,4.831756651298469762e+00,8.125437594945049469e+00
7.948467338420974784e+02,-1.461096977829909065e+03,2.063501889228792834e+02,2.191583439531248345e+01,-3.375396804298720355e+01,0.000000000000000000e+00,4.831754529926386432e+00,8.125437595004356695e+00
7.970383172843665989e+02,-1.464472374633870686e+03,2.063501889228736275e+02,2.191583444647229584e+01,-3.375396804256880046e+01,0.000000000000000000e+00,4.831755349982893577e+00,8.125437595036126837e+00
7.992299007266319677e+02,-1.467847771438401196e+03,2.063501889228816708e+02,2.191583444682601822e+01,-3.375396804322781463e+01,0.000000000000000000e+00,4.831757822332933827e+00,8.125437595081971054e+00
8.014214841689008608e+02,-1.471223168242171823e+03,2.063501889228780897e+02,2.191583442262388459e+01,-3.375396804148272167e+01,0.000000000000000000e+00,4.831757250200816145e+00,8.125437594884592940e+00
8.036130676111671391e+02,-1.474598565046516796e+03,2.063501889228774928e+02,2.191583439464637451e+01,-3.375396804199781542e+01,0.000000000000000000e+00,4.831756057860528308e+00,8.125437594967769073e+00
8.058046510534405797e+02,-1.477973961850432033e+03,2.063501889228825803e+02,2.191583437625363118e+01,-3.375396804268647344e+01,0.000000000000000000e+00,4.831756438848626267e+00,8.125437595042239280e+00
8.079962344957048117e+02,-1.481349358654706066e+03,2.063501889228803350e+02,2.191583443821771837e+01,-3.375396804259516870e+01,0.000000000000000000e+00,4.831756439050875152e+00,8.125437594886621540e+00
8.101878179379707490e+02,-1.484724755459322978e+03,2.063501889228789139e+02,2.191583440835208663e+01,-3.375396804265655959e+01,0.000000000000000000e+00,4.831756680756067901e+00,8.125437594829746146e+00
8.123794013802395284e+02,-1.488100152263556311e+03,2.063501889228805055e+02,2.191583441930417564e+01,-3.375396804355187186e+01,0.000000000000000000e+00,4.831755963306904711e+00,8.125437594069886416e+00
8.145709848225088763e+02,-1.491475549068266901e+03,2.063501889228782602e+02,2.191583440052404086e+01,-3.375396804131867157e+01,0.000000000000000000e+00,4.831756400615170755e+00,8.125437594886724568e+00
8.167625682647776557e+02,-1.494850945872194188e+03,2.063501889228822961e+02,2.191583442545121940e+01,-3.375396804268796558e+01,0.000000000000000000e+00,4.831756498442343783e+00,8.125437594671454988e+00
8.189541517070424561e+02,-1.498226342676314516e+03,2.063501889228803918e+02,2.191583442242816560e+01,-3.375396804234701165e+01,0.000000000000000000e+00,4.831755749234337038e+00,8.125437595357139386e+00
8.211457351493106671e+02,-1.501601739480290689e+03,2.063501889228835751e+02,2.191583439720168869e+01,-3.375396804333347944e+01,0.000000000000000000e+00,4.831756613891593943e+00,8.125437594700766653e+00
8.233373185915796739e+02,-1.504977136284847802e+03,2.063501889228790560e+02,2.191583441639098240e+01,-3.375396804229014691e+01,0.000000000000000000e+00,4.831756559532428774e+00,8.125437594988703438e+00
8.255289020338492492e+02,-1.508352533089449935e+03,2.063501889228762138e+02,2.191583439385589216e+01,-3.375396804244142857e+01,0.000000000000000000e+00,4.831755245118235287e+00,8.125437595026546944e+00
8.277204854761153001e+02,-1.511727929893704186e+03,2.063501889228827793e+02,2.191583441534810817e+01,-3.375396804289227504e+01,0.000000000000000000e+00,4.831756753618057232e+00,8.125437594710039235e+00
8.299120689183810100e+02,-1.515103326697692637e+03,2.063501889228796813e+02,2.191583443199799675e+01,-3.375396804213190904e+01,0.000000000000000000e+00,4.831756903324818886e+00,8.125437595090422960e+00
8.321036523606486526e+02,-1.518478723501945524e+03,2.063501889228797666e+02,2.191583443289674449e+01,-3.375396804232226344e+01,0.000000000000000000e+00,4.831757302422309053e+00,8.125437594355709336e+00
8.342952358029177731e+02,-1.521854120305763445e+03,2.063501889228767538e+02,2.191583441616235106e+01,-3.375396804277761476e+01,0.000000000000000000e+00,4.831757412357213788e+00,8.125437594026649890e+00
8.364868192451856430e+02,-1.525229517110486313e+03,2.063501889228765549e+02,2.191583442488081346e+01,-3.375396804179027299e+01,0.000000000000000000e+00,4.831756337410467061e+00,8.125437594900846605e+00
8.386784026874507845e+02,-1.528604913914317876e+03,2.063501889228775781e+02,2.191583441651356168e+01,-3.375396804270559414e+01,0.000000000000000000e+00,4.831757278555545376e+00,8.125437594564051125e+00
8.408699861297217240e+02,-1.531980310718983219e+03,2.063501889228824382e+02,2.191583442394810888e+01,-3.375396804205097112e+01,0.000000000000000000e+00,4.831755757324943445e+00,8.125437594454837154e+00
8.430615695719898213e+02,-1.535355707523166302e+03,2.063501889228771233e+02,2.191583442303055662e+01,-3.375396804331316503e+01,0.000000000000000000e+00,4.831757380255960577e+00,8.125437594202640668e+00
8.452531530142576912e+02,-1.538731104327659750e+03,2.063501889228759296e+02,2.191583443175729684e+01,-3.375396804247596805e+01,0.000000000000000000e+00,4.831755569534896821e+00,8.125437594987030110e+00
8.474447364565210137e+02,-1.542106501131809182e+03,2.063501889228794255e+02,2.191583443877710735e+01,-3.375396804360513414e+01,0.000000000000000000e+00,4.831755428214560055e+00,8.125437595093924159e+00
8.496363198987947953e+02,-1.545481897936156429e+03,2.063501889228756454e+02,2.191583443277517063e+01,-3.375396804320197219e+01,0.000000000000000000e+00,4.831756648317144354e+00,8.125437594766804494e+00
8.518279033410606189e+02,-1.548857294739978897e+03,2.063501889228703874e+02,2.191583442171372198e+01,-3.375396804320496358e+01,0.000000000000000000e+00,4.831756415309869546e+00,8.125437595299814575e+00
8.540194867833289436e+02,-1.552232691544159707e+03,2.063501889228786581e+02,2.191583445629699511e+01,-3.375396804266885908e+01,0.000000000000000000e+00,4.831755353754399351e+00,8.125437594924870055e+00
8.562110702255929482e+02,-1.555608088349081299e+03,2.063501889228807897e+02,2.191583444459804397e+01,-3.375396804328974554e+01,0.000000000000000000e+00,4.831756865279499102e+00,8.125437594928564877e+00
8.584026536678649109e+02,-1.558983485152794628e+03,2.063501889228806192e+02,2.191583440716916087e+01,-3.375396804310564391e+01,0.000000000000000000e+00,4.831756602104952059e+00,8.125437594517348927e+00
8.605942371101283470e+02,-1.562358881957748281e+03,2.063501889228811876e+02,2.191583439461122751e+01,-3.375396804371286663e+01,0.000000000000000000e+00,4.831757951490689429e+00,8.125437594599919322e+00
8.627858205523997412e+02,-1.565734278761065070e+03,2.063501889228716095e+02,2.191583438369911363e+01,-3.375396804185321287e+01,0.000000000000000000e+00,4.831756499651607584e+00,8.125437594257027385e+00
8.649774039946671564e+02,-1.569109675565973703e+03,2.063501889228780612e+02,2.191583438866453548e+01,-3.375396804189019662e+01,0.000000000000000000e+00,4.831755021347335699e+00,8.125437594803631924e+00
8.671689874369325253e+02,-1.572485072370035596e+03,2.063501889228791413e+02,2.191583443191287373e+01,-3.375396804342819479e+01,0.000000000000000000e+00,4.831755676465448346e+00,8.125437594902962246e+00
8.693605708792025553e+02,-1.575860469174710943e+03,2.063501889228808466e+02,2.191583443319837343e+01,-3.375396804348245894e+01,0.000000000000000000e+00,4.831756842934399998e+00,8.125437595020446935e+00
8.715521543214704252e+02,-1.579235865979190748e+03,2.063501889228785444e+02,2.191583447386900119e+01,-3.375396804261917794e+01,0.000000000000000000e+00,4.831755136238161441e+00,8.125437594332467484e+00
8.737437377637359077e+02,-1.582611262782796757e+03,2.063501889228797381e+02,2.191583442284658645e+01,-3.375396804141713858e+01,0.000000000000000000e+00,4.831757191990343259e+00,8.125437594325868318e+00
8.759353212060046872e+02,-1.585986659587080794e+03,2.063501889228787434e+02,2.191583440442851227e+01,-3.375396804271670703e+01,0.000000000000000000e+00,4.831757113384631097e+00,8.125437594882077619e+00
8.781269046482709655e+02,-1.589362056391083115e+03,2.063501889228753328e+02,2.191583440297565133e+01,-3.375396804220424229e+01,0.000000000000000000e+00,4.831757741713119891e+00,8.125437594226724514e+00
8.803184880905399723e+02,-1.592737453195145690e+03,2.063501889228782034e+02,2.191583438597516320e+01,-3.375396804279837681e+01,0.000000000000000000e+00,4.831754426038106232e+00,8.125437594509495653e+00
8.825100715328100023e+02,-1.596112849999600485e+03,2.063501889228849109e+02,2.191583441646575281e+01,-3.375396804183866806e+01,0.000000000000000000e+00,4.831755629533936336e+00,8.125437594587300083e+00
8.847016549750762806e+02,-1.599488246804068922e+03,2.063501889228794255e+02,2.191583446994393469e+01,-3.375396804264340034e+01,0.000000000000000000e+00,4.831757239342505450e+00,8.125437594809866937e+00
8.868932384173414221e+02,-1.602863643608249049e+03,2.063501889228808466e+02,2.191583441818654165e+01,-3.375396804185856325e+01,0.000000000000000000e+00,4.831756031837941556e+00,8.125437594256503360e+00
8.890848218596119068e+02,-1.606239040412673603e+03,2.063501889228785160e+02,2.191583444670856551e+01,-3.375396804370978998e+01,0.000000000000000000e+00,4.831757976712616198e+00,8.125437594226248450e+00
8.912764053018792083e+02,-1.609614437216880106e+03,2.063501889228781181e+02,2.191583443265711040e+01,-3.375396804242513582e+01,0.000000000000000000e+00,4.831755781409567518e+00,8.125437594712453304e+00
8.934679887441478741e+02,-1.612989834021364459e+03,2.063501889228795676e+02,2.191583440833592533e+01,-3.375396804213876578e+01,0.000000000000000000e+00,4.831756977640047523e+00,8.125437595198860663e+00
8.956595721864164261e+02,-1.616365230825540493e+03,2.063501889228847119e+02,2.191583443599982672e+01,-3.375396804134090445e+01,0.000000000000000000e+00,4.831756604337618555e+00,8.125437594375501504e+00
8.978511556286832729e+02,-1.619740627629602614e+03,2.063501889228774644e+02,2.191583443948963605e+01,-3.375396804364692827e+01,0.000000000000000000e+00,4.831756766847890461e+00,8.125437594511053518e+00
9.000427390709517113e+02,-1.623116024433589018e+03,2.063501889228784023e+02,2.191583442780106239e+01,-3.375396804266852513e+01,0.000000000000000000e+00,4.831756224501007502e+00,8.125437595110614808e+00
9.022343225132187854e+02,-1.626491421238350540e+03,2.063501889228767823e+02,2.191583444720392748e+01,-3.375396804238738468e+01,0.000000000000000000e+00,4.831756759664759926e+00,8.125437594630705362e+00
9.044259059554880196e+02,-1.629866818042600698e+03,2.063501889228765549e+02,2.191583441839494384e+01,-3.375396804167329634e+01,0.000000000000000000e+00,4.831756972833913366e+00,8.125437594789866935e+00
9.066174893977517968e+02,-1.633242214846566412e+03,2.063501889228762138e+02,2.191583444376648870e+01,-3.375396804163487019e+01,0.000000000000000000e+00,4.831757326605301550e+00,8.125437594422248111e+00
9.088090728400235321e+02,-1.636617611650934123e+03,2.063501889228832908e+02,2.191583445760716842e+01,-3.375396804298953413e+01,0.000000000000000000e+00,4.831756512240646728e+00,8.125437594342153957e+00
9.110006562822873093e+02,-1.639993008455031713e+03,2.063501889228783455e+02,2.191583442277063298e+01,-3.375396804334514655e+01,0.000000000000000000e+00,4.831755657135478721e+00,8.125437595039000982e+00
9.131922397245564298e+02,-1.643368405259501287e+03,2.063501889228745938e+02,2.191583446763786114e+01,-3.375396804251769822e+01,0.000000000000000000e+00,4.831756525357727483e+00,8.125437594840647648e+00
9.153838231668239587e+02,-1.646743802063980638e+03,2.063501889228780897e+02,2.191583445520595319e+01,-3.375396804189890076e+01,0.000000000000000000e+00,4.831756337095431952e+00,8.125437594843441858e+00
9.175754066090943297e+02,-1.650119198868154399e+03,2.063501889228806760e+02,2.191583436903288629e+01,-3.375396804250932803e+01,0.000000000000000000e+00,4.831755948137833379e+00,8.125437594594252744e+00
9.197669900513608354e+02,-1.653494595672716059e+03,2.063501889228854225e+02,2.191583444233664935e+01,-3.375396804274787854e+01,0.000000000000000000e+00,4.831756692736791869e+00,8.125437594928360596e+00
9.219585734936290464e+02,-1.656869992476857306e+03,2.063501889228783739e+02,2.191583446250744061e+01,-3.375396804136964590e+01,0.000000000000000000e+00,4.831755412580998943e+00,8.125437594476430547e+00
9.241501569358956658e+02,-1.660245389281101097e+03,2.063501889228861046e+02,2.191583445726659818e+01,-3.375396804199212397e+01,0.000000000000000000e+00,4.831756625841304498e+00,8.125437594869671543e+00
9.263417403781633084e+02,-1.663620786084932206e+03,2.063501889228752191e+02,2.191583441634747231e+01,-3.375396804253905003e+01,0.000000000000000000e+00,4.831754802779369307e+00,8.125437594262523433e+00
9.285333238204315194e+02,-1.666996182889252623e+03,2.063501889228812445e+02,2.191583441037305136e+01,-3.375396804178216570e+01,0.000000000000000000e+00,4.831755648370678280e+00,8.125437594064916169e+00
9.307249072627016631e+02,-1.670371579693980038e+03,2.063501889228796813e+02,2.191583442362175305e+01,-3.375396804399477446e+01,0.000000000000000000e+00,4.831756400252974260e+00,8.125437594703941002e+00
9.329164907049682824e+02,-1.673746976497969399e+03,2.063501889228791413e+02,2.191583443094300776e+01,-3.375396804369929527e+01,0.000000000000000000e+00,4.831755787082077092e+00,8.125437594492622040e+00
9.351080741472351292e+02,-1.677122373302267306e+03,2.063501889228762991e+02,2.191583443432380918e+01,-3.375396804210838297e+01,0.000000000000000000e+00,4.831757654575430827e+00,8.125437594973822897e+00
9.372996575895014075e+02,-1.680497770106867392e+03,2.063501889228796529e+02,2.191583440709425545e+01,-3.375396804219676739e+01,0.000000000000000000e+00,4.831755518971302621e+00,8.125437594641441663e+00
9.394912410317698459e+02,-1.683873166910761483e+03,2.063501889228787149e+02,2.191583439518196741e+01,-3.375396804191693434e+01,0.000000000000000000e+00,4.831757188799991276e+00,8.125437594597265445e+00
9.416828244740398759e+02,-1.687248563714864076e+03,2.063501889228766970e+02,2.191583442149098815e+01,-3.375396804320352118e+01,0.000000000000000000e+00,4.831755399749571467e+00,8.125437594620141368e+00
9.438744079163072911e+02,-1.690623960519347293e+03,2.063501889228776918e+02,2.191583446880950703e+01,-3.375396804445571775e+01,0.000000000000000000e+00,4.831757302179223501e+00,8.125437595058079054e+00
9.460659913585737968e+02,-1.693999357323184995e+03,2.063501889228822108e+02,2.191583446878470554e+01,-3.375396804233950121e+01,0.000000000000000000e+00,4.831757377667796227e+00,8.125437594519974382e+00
9.482575748008408709e+02,-1.697374754127830784e+03,2.063501889228744517e+02,2.191583444426240135e+01,-3.375396804232624248e+01,0.000000000000000000e+00,4.831756214655564818e+00,8.125437595015416292e+00
9.504491582431087409e+02,-1.700750150932039105e+03,2.063501889228755033e+02,2.191583439175376569e+01,-3.375396804190746280e+01,0.000000000000000000e+00,4.831758051277916799e+00,8.125437594520358076e+00
9.526407416853752466e+02,-1.704125547736319731e+03,2.063501889228773223e+02,2.191583443650842966e+01,-3.375396804186778610e+01,0.000000000000000000e+00,4.831755712081576171e+00,8.125437594681063302e+00
9.548323251276436849e+02,-1.707500944540094679e+03,2.063501889228820971e+02,2.191583441387802722e+01,-3.375396804237885107e+01,0.000000000000000000e+00,4.831756922643402063e+00,8.125437594820741793e+00
9.570239085699134876e+02,-1.710876341344492857e+03,2.063501889228790276e+02,2.191583440595570309e+01,-3.375396804207870360e+01,0.000000000000000000e+00,4.831757601758479126e+00,8.125437594902624738e+00
9.592154920121809027e+02,-1.714251738148626828e+03,2.063501889228765833e+02,2.191583441100593532e+01,-3.375396804216219238e+01,0.000000000000000000e+00,4.831755072897580661e+00,8.125437594885271508e+00
9.614070754544468400e+02,-1.717627134952946335e+03,2.063501889228764696e+02,2.191583446539377178e+01,-3.375396804270733497e+01,0.000000000000000000e+00,4.831754633072252503e+00,8.125437594629467242e+00
9.635986588967160742e+02,-1.721002531757274710e+03,2.063501889228734001e+02,2.191583445239306016e+01,-3.375396804270126694e+01,0.000000000000000000e+00,4.831756360971109387e+00,8.125437594667261010e+00
9.657902423389833757e+02,-1.724377928561527597e+03,2.063501889228798802e+02,2.191583441098711305e+01,-3.375396804270841500e+01,0.000000000000000000e+00,4.831755544279765502e+00,8.125437594697418220e+00
9.679818257812534057e+02,-1.727753325366075615e+03,2.063501889228821256e+02,2.191583441511576069e+01,-3.375396804369324144e+01,0.000000000000000000e+00,4.831756803907370390e+00,8.125437595024992632e+00
9.701734092235207072e+02,-1.731128722170092487e+03,2.063501889228794823e+02,2.191583444561258176e+01,-3.375396804267968065e+01,0.000000000000000000e+00,4.831755538544717510e+00,8.125437594721557133e+00
9.723649926657851665e+02,-1.734504118974979747e+03,2.063501889228750485e+02,2.191583446074524844e+01,-3.375396804195342781e+01,0.000000000000000000e+00,4.831758051708914259e+00,8.125437594914728834e+00
9.745565761080545144e+02,-1.737879515778972518e+03,2.063501889228798802e+02,2.191583442493377376e+01,-3.375396804215380797e+01,0.000000000000000000e+00,4.831756788251229118e+00,8.125437594979432632e+00
9.767481595503235212e+02,-1.741254912582928682e+03,2.063501889228797381e+02,2.191583442162795237e+01,-3.375396804352593705e+01,0.000000000000000000e+00,4.831755945527630658e+00,8.125437594674462360e+00
9.789397429925916185e+02,-1.744630309386865292e+03,2.063501889228812445e+02,2.191583447020259356e+01,-3.375396804186232913e+01,0.000000000000000000e+00,4.831756710440240354e+00,8.125437594445171996e+00
9.811313264348577832e+02,-1.748005706191398986e+03,2.063501889228769528e+02,2.191583439861768312e+01,-3.375396804276346785e+01,0.000000000000000000e+00,4.831755609334753565e+00,8.125437595110092559e+00
9.833229098771249710e+02,-1.751381102996154368e+03,2.063501889228787149e+02,2.191583440938749661e+01,-3.375396804140661544e+01,0.000000000000000000e+00,4.831757584601402478e+00,8.125437594956862242e+00
9.855144933193929546e+02,-1.754756499800128722e+03,2.063501889228848825e+02,2.191583439135553490e+01,-3.375396804380679328e+01,0.000000000000000000e+00,4.831754918335724902e+00,8.125437594704818522e+00
9.877060767616615067e+02,-1.758131896604036228e+03,2.063501889228800508e+02,2.191583438405563555e+01,-3.375396804325216493e+01,0.000000000000000000e+00,4.831756677439603465e+00,8.125437595032671823e+00
9.898976602039300587e+02,-1.761507293408543092e+03,2.063501889228784592e+02,2.191583439325739491e+01,-3.375396804269684026e+01,0.000000000000000000e+00,4.831755537958181357e+00,8.125437594654879803e+00
9.920892436461962234e+02,-1.764882690212687976e+03,2.063501889228796529e+02,2.191583443591285629e+01,-3.375396804189327327e+01,0.000000000000000000e+00,4.831757324746975613e+00,8.125437594677654474e+00
9.942808270884654576e+02,-1.768258087017051366e+03,2.063501889228769244e+02,2.191583441926491105e+01,-3.375396804184471478e+01,0.000000000000000000e+00,4.831756852787469469e+00,8.125437594524147045e+00
9.964724105307286663e+02,-1.771633483821401796e+03,2.063501889228789992e+02,2.191583441925539333e+01,-3.375396804161339759e+01,0.000000000000000000e+00,4.831755781947868478e+00,8.125437594502082916e+00
9.986639939729998332e+02,-1.775008880625341817e+03,2.063501889228807329e+02,2.191583440272529160e+01,-3.375396804359826319e+01,0.000000000000000000e+00,4.831757137161313054e+00,8.125437594609850933e+00
1.000855577415264406e+03,-1.778384277430078100e+03,2.063501889228774360e+02,2.191583439400987388e+01,-3.375396804295138509e+01,0.000000000000000000e+00,4.831756196067356512e+00,8.125437594825202225e+00
1.003047160857533640e+03,-1.781759674233858505e+03,2.063501889228754749e+02,2.191583442997668740e+01,-3.375396804256709515e+01,0.000000000000000000e+00,4.831756821211030228e+00,8.125437594819674203e+00
1.005238744299801283e+03,-1.785135071038460410e+03,2.063501889228834045e+02,2.191583444316517060e+01,-3.375396804343893109e+01,0.000000000000000000e+00,4.831757255396524897e+00,8.125437594507781469e+00
1.007430327742068812e+03,-1.788510467842599837e+03,2.063501889228781749e+02,2.191583443850011292e+01,-3.375396804231814940e+01,0.000000000000000000e+00,4.831756385259255993e+00,8.125437594449195444e+00
1.009621911184337591e+03,-1.791885864647104427e+03,2.063501889228728032e+02,2.191583438716274301e+01,-3.375396804260829242e+01,0.000000000000000000e+00,4.831756450388658308e+00,8.125437594806708574e+00
1.011813494626606712e+03,-1.795261261451152905e+03,2.063501889228782602e+02,2.191583446638488653e+01,-3.375396804285194463e+01,0.000000000000000000e+00,4.831755753810536902e+00,8.125437594664832730e+00
1.014005078068871512e+03,-1.798636658255313250e+03,2.063501889228815571e+02,2.191583442219253897e+01,-3.375396804308201837e+01,0.000000000000000000e+00,4.831757166711976303e+00,8.125437595195151630e+00
1.016196661511143475e+03,-1.802012055059343993e+03,2.063501889228746791e+02,2.191583439047565207e+01,-3.375396804241280080e+01,0.000000000000000000e+00,4.831754886001824900e+00,8.125437594697057619e+00
1.018388244953409185e+03,-1.805387451863945444e+03,2.063501889228829782e+02,2.191583440947593076e+01,-3.375396804290728880e+01,0.000000000000000000e+00,4.831756164860757430e+00,8.125437594975959854e+00
1.020579828395677737e+03,-1.808762848668094193e+03,2.063501889228775781e+02,2.191583449770898540e+01,-3.375396804204203960e+01,0.000000000000000000e+00,4.831757700688060986e+00,8.125437594667626939e+00
1.022771411837942424e+03,-1.812138245472409835e+03,2.063501889228776633e+02,2.191583446224662524e+01,-3.375396804316336130e+01,0.000000000000000000e+00,4.831757397379416119e+00,8.125437594856300905e+00
1.024962995280214272e+03,-1.815513642276633163e+03,2.063501889228806192e+02,2.191583441919172515e+01,-3.375396804028676456e+01,0.000000000000000000e+00,4.831756198589816975e+00,8.125437595087067422e+00
1.027154578722481801e+03,-1.818889039080795101e+03,2.063501889228805624e+02,2.191583439377172837e+01,-3.375396804259160177e+01,0.000000000000000000e+00,4.831757254039228400e+00,8.125437595321301387e+00
1.029346162164750012e+03,-1.822264435884928389e+03,2.063501889228791981e+02,2.191583446234921695e+01,-3.375396804306080156e+01,0.000000000000000000e+00,4.831757772382789362e+00,8.125437594650385620e+00
1.031537745607017314e+03,-1.825639832689666491e+03,2.063501889228781749e+02,2.191583446243431155e+01,-3.375396804285731633e+01,0.000000000000000000e+00,4.831757559930068169e+00,8.125437594929245222e+00
1.033729329049283251e+03,-1.829015229493925744e+03,2.063501889228762423e+02,2.191583442475888432e+01,-3.375396804260608263e+01,0.000000000000000000e+00,4.831755069904741795e+00,8.125437594347721060e+00
1.035920912491551917e+03,-1.832390626298139296e+03,2.063501889228781181e+02,2.191583437374664456e+01,-3.375396804187626998e+01,0.000000000000000000e+00,4.831756619218534610e+00,8.125437594953179854e+00
1.038112495933819218e+03,-1.835766023101735072e+03,2.063501889228757022e+02,2.191583438625191604e+01,-3.375396804329465539e+01,0.000000000000000000e+00,4.831757590193600294e+00,8.125437594529021368e+00
1.040304079376087202e+03,-1.839141419906396095e+03,2.063501889228776349e+02,2.191583441483020067e+01,-3.375396804292942221e+01,0.000000000000000000e+00,4.831756422828195063e+00,8.125437594587490153e+00
1.042495662818353821e+03,-1.842516816710542571e+03,2.063501889228803918e+02,2.191583441324659987e+01,-3.375396804190344824e+01,0.000000000000000000e+00,4.831757244910821925e+00,8.125437595288227399e+00
1.044687246260620668e+03,-1.845892213514625610e+03,2.063501889228744233e+02,2.191583441855878078e+01,-3.375396804217581348e+01,0.000000000000000000e+00,4.831756997003901155e+00,8.125437595010909675e+00
1.046878829702893427e+03,-1.849267610319373489e+03,2.063501889228824382e+02,2.191583441568319301e+01,-3.375396804319402833e+01,0.000000000000000000e+00,4.831757658458596616e+00,8.125437594774551187e+00
1.049070413145158227e+03,-1.852643007123217558e+03,2.063501889228747075e+02,2.191583444607413611e+01,-3.375396804237912107e+01,0.000000000000000000e+00,4.831756612823064678e+00,8.125437594675702258e+00
1.051261996587423027e+03,-1.856018403927913369e+03,2.063501889228766686e+02,2.191583443428234546e+01,-3.375396804163568731e+01,0.000000000000000000e+00,4.831756715650345591e+00,8.125437594735203106e+00
1.053453580029692830e+03,-1.859393800732135787e+03,2.063501889228765265e+02,2.191583441986442082e+01,-3.375396804162261333e+01,0.000000000000000000e+00,4.831757938950540066e+00,8.125437594529699936e+00
1.055645163471963315e+03,-1.862769197536187676e+03,2.063501889228766117e+02,2.191583445454251944e+01,-3.375396804072589418e+01,0.000000000000000000e+00,4.831757014060544364e+00,8.125437594507719297e+00
1.057836746914229934e+03,-1.866144594340434196e+03,2.063501889228737411e+02,2.191583444906391875e+01,-3.375396804394918604e+01,0.000000000000000000e+00,4.831755918804871541e+00,8.125437594595007695e+00
1.060028330356498145e+03,-1.869519991145055656e+03,2.063501889228786581e+02,2.191583448106579723e+01,-3.375396804261001193e+01,0.000000000000000000e+00,4.831757334143552463e+00,8.125437594748593284e+00
1.062219913798763400e+03,-1.872895387949151882e+03,2.063501889228763559e+02,2.191583442842838636e+01,-3.375396804236791581e+01,0.000000000000000000e+00,4.831756131039475655e+00,8.125437595174116012e+00
1.064411497241033658e+03,-1.876270784753690577e+03,2.063501889228823245e+02,2.191583443481332694e+01,-3.375396804089004377e+01,0.000000000000000000e+00,4.831756246589541171e+00,8.125437595167744220e+00
1.066603080683300504e+03,-1.879646181557771570e+03,2.063501889228789139e+02,2.191583445118102347e+01,-3.375396804417386676e+01,0.000000000000000000e+00,4.831756461767501065e+00,8.125437594430072963e+00
1.068794664125567579e+03,-1.883021578361712500e+03,2.063501889228783170e+02,2.191583446933600143e+01,-3.375396804194241440e+01,0.000000000000000000e+00,4.831757229925108810e+00,8.125437594930263074e+00
1.070986247567836472e+03,-1.886396975165968797e+03,2.063501889228798234e+02,2.191583443133171727e+01,-3.375396804412714857e+01,0.000000000000000000e+00,4.831757392974932230e+00,8.125437594505534378e+00
1.073177831010103091e+03,-1.889772371970384484e+03,2.063501889228770949e+02,2.191583438277523399e+01,-3.375396804107399618e+01,0.000000000000000000e+00,4.831756707339597945e+00,8.125437595048543571e+00
1.075369414452371529e+03,-1.893147768774502538e+03,2.063501889228731159e+02,2.191583437666082901e+01,-3.375396804072548917e+01,0.000000000000000000e+00,4.831757177929775438e+00,8.125437594884667547e+00
1.077560997894638376e+03,-1.896523165579233137e+03,2.063501889228801076e+02,2.191583440713941400e+01,-3.375396804300389419e+01,0.000000000000000000e+00,4.831756440258105023e+00,8.125437594585511292e+00
1.079752581336906587e+03,-1.899898562383273202e+03,2.063501889228776065e+02,2.191583441221176898e+01,-3.375396804216015312e+01,0.000000000000000000e+00,4.831754458726622126e+00,8.125437594920633444e+00
1.081944164779175935e+03,-1.903273959187454693e+03,2.063501889228778339e+02,2.191583444215009280e+01,-3.375396804275484186e+01,0.000000000000000000e+00,4.831754855212230026e+00,8.125437594749827852e+00
1.084135748221441418e+03,-1.906649355991868788e+03,2.063501889228712685e+02,2.191583441994956516e+01,-3.375396804279818497e+01,0.000000000000000000e+00,4.831755158254907201e+00,8.125437594863861079e+00
1.086327331663707582e+03,-1.910024752796309258e+03,2.063501889228749064e+02,2.191583440678544648e+01,-3.375396804242560478e+01,0.000000000000000000e+00,4.831754440714762566e+00,8.125437594753277537e+00
1.088518915105978067e+03,-1.913400149599918905e+03,2.063501889228752759e+02,2.191583441679132349e+01,-3.375396804186186017e+01,0.000000000000000000e+00,4.831754989802483635e+00,8.125437594641088168e+00
1.090710498548244914e+03,-1.916775546404513307e+03,2.063501889228804487e+02,2.191583446358204412e+01,-3.375396804314841859e+01,0.000000000000000000e+00,4.831756298536453720e+00,8.125437595188572004e+00
1.092902081990514034e+03,-1.920150943208915351e+03,2.063501889228838593e+02,2.191583442485650224e+01,-3.375396804274101470e+01,0.000000000000000000e+00,4.831757050514521090e+00,8.125437594675101849e+00
1.095093665432781791e+03,-1.923526340013182562e+03,2.063501889228732864e+02,2.191583441238007168e+01,-3.375396804208470058e+01,0.000000000000000000e+00,4.831756369095124626e+00,8.125437594706822253e+00
1.097285248875050456e+03,-1.926901736817375877e+03,2.063501889228738264e+02,2.191583443185505686e+01,-3.375396804368262593e+01,0.000000000000000000e+00,4.831756114995825691e+00,8.125437594721184098e+00
1.099476832317317985e+03,-1.930277133621687426e+03,2.063501889228834614e+02,2.191583443118678076e+01,-3.375396804277647078e+01,0.000000000000000000e+00,4.831755855171293135e+00,8.125437594567490152e+00
1.101668415759586424e+03,-1.933652530425772056e+03,2.063501889228805339e+02,2.191583439619656914e+01,-3.375396804264509143e+01,0.000000000000000000e+00,4.831755697289791485e+00,8.125437595294167537e+00
1.103859999201852588e+03,-1.937027927229917623e+03,2.063501889228859341e+02,2.191583440972160091e+01,-3.375396804205548307e+01,0.000000000000000000e+00,4.831757801646780592e+00,8.125437594835451804e+00
1.106051582644119890e+03,-1.940403324034503612e+03,2.063501889228768675e+02,2.191583440248881232e+01,-3.375396804272293849e+01,0.000000000000000000e+00,4.831755911536331105e+00,8.125437595135474922e+00
1.108243166086387191e+03,-1.943778720838579829e+03,2.063501889228866446e+02,2.191583441852410985e+01,-3.375396804215237267e+01,0.000000000000000000e+00,4.831756454046695737e+00,8.125437594897373828e+00
1.110434749528653356e+03,-1.947154117642807478e+03,2.063501889228882931e+02,2.191583440409222305e+01,-3.375396804183476007e+01,0.000000000000000000e+00,4.831756813120837712e+00,8.125437594466022873e+00
1.112626332970923158e+03,-1.950529514447334122e+03,2.063501889228726611e+02,2.191583440328495413e+01,-3.375396804189760758e+01,0.000000000000000000e+00,4.831757419996651315e+00,8.125437595000358115e+00
1.114817916413190005e+03,-1.953904911251518115e+03,2.063501889228830066e+02,2.191583445333762015e+01,-3.375396804168381237e+01,0.000000000000000000e+00,4.831756807195911385e+00,8.125437594525932283e+00
1.117009499855458898e+03,-1.957280308055703244e+03,2.063501889228765265e+02,2.191583440387814719e+01,-3.375396804242311077e+01,0.000000000000000000e+00,4.831755080043111938e+00,8.125437594851039336e+00
1.119201083297724153e+03,-1.960655704860337437e+03,2.063501889228788286e+02,2.191583441666108101e+01,-3.375396804261098538e+01,0.000000000000000000e+00,4.831757731915394594e+00,8.125437594543789999e+00
1.121392666739991682e+03,-1.964031101664067137e+03,2.063501889228798802e+02,2.191583442006151472e+01,-3.375396804359650105e+01,0.000000000000000000e+00,4.831756665387445970e+00,8.125437595010337688e+00
1.123584250182263986e+03,-1.967406498468194059e+03,2.063501889228818129e+02,2.191583442869563569e+01,-3.375396804235108306e+01,0.000000000000000000e+00,4.831756972102844827e+00,8.125437595097494636e+00
1.125775833624530378e+03,-1.970781895272439897e+03,2.063501889228770096e+02,2.191583441488531392e+01,-3.375396804146765817e+01,0.000000000000000000e+00,4.831756614723623500e+00,8.125437595227850807e+00
1.127967417066797680e+03,-1.974157292076634576e+03,2.063501889228826656e+02,2.191583440851906062e+01,-3.375396804380093130e+01,0.000000000000000000e+00,4.831755861762173865e+00,8.125437594304246502e+00
1.130159000509064754e+03,-1.977532688881110971e+03,2.063501889228788855e+02,2.191583442090355760e+01,-3.375396804300234521e+01,0.000000000000000000e+00,4.831757598699755185e+00,8.125437594532852970e+00
1.132350583951331600e+03,-1.980908085685517108e+03,2.063501889228724053e+02,2.191583445148366138e+01,-3.375396804350314284e+01,0.000000000000000000e+00,4.831756049344706483e+00,8.125437595005360336e+00
1.134542167393600948e+03,-1.984283482489576500e+03,2.063501889228791981e+02,2.191583443169820100e+01,-3.375396804160823905e+01,0.000000000000000000e+00,4.831757235391131111e+00,8.125437594319727452e+00
1.136733750835867795e+03,-1.987658879294049484e+03,2.063501889228757307e+02,2.191583443913879847e+01,-3.375396804246189220e+01,0.000000000000000000e+00,4.831754630197782951e+00,8.125437594304894873e+00
1.138925334278136006e+03,-1.991034276098257351e+03,2.063501889228854509e+02,2.191583445941381214e+01,-3.375396804392092776e+01,0.000000000000000000e+00,4.831756773949192230e+00,8.125437594662701102e+00
1.141116917720404217e+03,-1.994409672902458851e+03,2.063501889228823813e+02,2.191583439250800680e+01,-3.375396804133909257e+01,0.000000000000000000e+00,4.831756047474937255e+00,8.125437594384285589e+00
1.143308501162672883e+03,-1.997785069706884087e+03,2.063501889228780328e+02,2.191583440702155272e+01,-3.375396804229115588e+01,0.000000000000000000e+00,4.831756122992607594e+00,8.125437595151943526e+00
1.145500084604938593e+03,-2.001160466511071490e+03,2.063501889228794539e+02,2.191583441973367030e+01,-3.375396804220262226e+01,0.000000000000000000e+00,4.831756772259582888e+00,8.125437594671028663e+00
1.147691668047206804e+03,-2.004535863315115421e+03,2.063501889228810739e+02,2.191583443812303500e+01,-3.375396804295989028e+01,0.000000000000000000e+00,4.831755465063205968e+00,8.125437594715645417e+00
1.149883251489475697e+03,-2.007911260119321923e+03,2.063501889228772939e+02,2.191583441941923027e+01,-3.375396804221336566e+01,0.000000000000000000e+00,4.831756409220258952e+00,8.125437594655654294e+00
1.152074834931744135e+03,-2.011286656923570035e+03,2.063501889228766686e+02,2.191583444921896628e+01,-3.375396804146993901e+01,0.000000000000000000e+00,4.831757324687606214e+00,8.125437594549280718e+00
1.154266418374008708e+03,-2.014662053727776083e+03,2.063501889228778055e+02,2.191583442606753351e+01,-3.375396804198748413e+01,0.000000000000000000e+00,4.831757481306289570e+00,8.125437595348694586e+00
1.156458001816276237e+03,-2.018037450531751347e+03,2.063501889228815003e+02,2.191583443091183625e+01,-3.375396804110075522e+01,0.000000000000000000e+00,4.831757608107286828e+00,8.125437595287079873e+00
1.158649585258545812e+03,-2.021412847336703408e+03,2.063501889228810739e+02,2.191583441597568438e+01,-3.375396804178172516e+01,0.000000000000000000e+00,4.831756718525888061e+00,8.125437594979709743e+00
1.160841168700814023e+03,-2.024788244141110454e+03,2.063501889228806192e+02,2.191583442467022280e+01,-3.375396804294516073e+01,0.000000000000000000e+00,4.831755614209518157e+00,8.125437594578796663e+00
1.163032752143081325e+03,-2.028163640945227598e+03,2.063501889228736275e+02,2.191583447239942117e+01,-3.375396804374417314e+01,0.000000000000000000e+00,4.831756724045162876e+00,8.125437594841544708e+00
1.165224335585349081e+03,-2.031539037749138288e+03,2.063501889228805908e+02,2.191583442636052226e+01,-3.375396804281371743e+01,0.000000000000000000e+00,4.831756313469870889e+00,8.125437594784971296e+00
1.167415919027614336e+03,-2.034914434553963474e+03,2.063501889228782886e+02,2.191583441625617468e+01,-3.375396804416025276e+01,0.000000000000000000e+00,4.831757712244736602e+00,8.125437594320866097e+00
1.169607502469886413e+03,-2.038289831357533558e+03,2.063501889228745370e+02,2.191583439826370849e+01,-3.375396804128804717e+01,0.000000000000000000e+00,4.831757377543220322e+00,8.125437594355856774e+00
1.171799085912152577e+03,-2.041665228161657524e+03,2.063501889228786013e+02,2.191583440972069141e+01,-3.375396804185255917e+01,0.000000000000000000e+00,4.831757108807576806e+00,8.125437594659794982e+00
1.173990669354420334e+03,-2.045040624966130054e+03,2.063501889228800792e+02,2.191583442038052354e+01,-3.375396804350607027e+01,0.000000000000000000e+00,4.831754421263958044e+00,8.125437594337617142e+00
1.176182252796688772e+03,-2.048416021770265615e+03,2.063501889228785728e+02,2.191583441276889488e+01,-3.375396804211595025e+01,0.000000000000000000e+00,4.831755957306181237e+00,8.125437594895323912e+00
1.178373836238957892e+03,-2.051791418574943691e+03,2.063501889228791129e+02,2.191583441095062312e+01,-3.375396804118246763e+01,0.000000000000000000e+00,4.831756374754896832e+00,8.125437594219306447e+00
1.180565419681225649e+03,-2.055166815379159743e+03,2.063501889228812445e+02,2.191583438443997878e+01,-3.375396804200357792e+01,0.000000000000000000e+00,4.831756402136487161e+00,8.125437594853881507e+00
1.182757003123490449e+03,-2.058542212183273932e+03,2.063501889228819550e+02,2.191583442162254514e+01,-3.375396804188932975e+01,0.000000000000000000e+00,4.831758453268732545e+00,8.125437594749049808e+00
1.184948586565760024e+03,-2.061917608987855147e+03,2.063501889228801929e+02,2.191583444796517099e+01,-3.375396804289374586e+01,0.000000000000000000e+00,4.831756902150644351e+00,8.125437594692161980e+00
1.187140170008028235e+03,-2.065293005792403164e+03,2.063501889228741675e+02,2.191583442200299459e+01,-3.375396804347220581e+01,0.000000000000000000e+00,4.831756640617046905e+00,8.125437594743283753e+00
1.189331753450293263e+03,-2.068668402596505985e+03,2.063501889228797381e+02,2.191583445787901496e+01,-3.375396804258357975e+01,0.000000000000000000e+00,4.831755664159528507e+00,8.125437594384191442e+00
1.191523336892560792e+03,-2.072043799400410990e+03,2.063501889228784592e+02,2.191583443434968714e+01,-3.375396804225918146e+01,0.000000000000000000e+00,4.831756051705420774e+00,8.125437594698071919e+00
1.193714920334830140e+03,-2.075419196204693890e+03,2.063501889228778055e+02,2.191583440912033254e+01,-3.375396804216936175e+01,0.000000000000000000e+00,4.831755804524569875e+00,8.125437594761192983e+00
1.195906503777096759e+03,-2.078794593008920401e+03,2.063501889228770381e+02,2.191583445114961393e+01,-3.375396804210990354e+01,0.000000000000000000e+00,4.831756129001751887e+00,8.125437595099635146e+00
1.198098087219367244e+03,-2.082169989813061875e+03,2.063501889228822108e+02,2.191583443737723869e+01,-3.375396804165732334e+01,0.000000000000000000e+00,4.831757072789326202e+00,8.125437595150334147e+00
1.200289670661630680e+03,-2.085545386617778149e+03,2.063501889228778339e+02,2.191583439465158989e+01,-3.375396804244360993e+01,0.000000000000000000e+00,4.831756031013659580e+00,8.125437594674068009e+00
1.202481254103900255e+03,-2.088920783422113345e+03,2.063501889228796244e+02,2.191583440364141211e+01,-3.375396804193371736e+01,0.000000000000000000e+00,4.831757313506898299e+00,8.125437594175069833e+00
1.204672837546168921e+03,-2.092296180225929220e+03,2.063501889228799655e+02,2.191583443177839285e+01,-3.375396804259307260e+01,0.000000000000000000e+00,4.831756588111484341e+00,8.125437594766472316e+00
1.206864420988437587e+03,-2.095671577030374920e+03,2.063501889228758444e+02,2.191583441844735347e+01,-3.375396804096752135e+01,0.000000000000000000e+00,4.831755953284194938e+00,8.125437594556993659e+00
1.209056004430706253e+03,-2.099046973834809705e+03,2.063501889228779191e+02,2.191583444184690777e+01,-3.375396804295796471e+01,0.000000000000000000e+00,4.831756789609790381e+00,8.125437594070962888e+00
1.211247587872972645e+03,-2.102422370638596021e+03,2.063501889228744233e+02,2.191583439664231747e+01,-3.375396804263148454e+01,0.000000000000000000e+00,4.831756845453176297e+00,8.125437594358745130e+00
1.213439171315240401e+03,-2.105797767442821169e+03,2.063501889228748780e+02,2.191583440416533790e+01,-3.375396804301016829e+01,0.000000000000000000e+00,4.831757734258125048e+00,8.125437594818112785e+00
1.215630754757511340e+03,-2.109173164247078603e+03,2.063501889228783170e+02,2.191583443049586677e+01,-3.375396804192926936e+01,0.000000000000000000e+00,4.831756178493698428e+00,8.125437595084804343e+00
1.217822338199774549e+03,-2.112548561051497927e+03,2.063501889228794823e+02,2.191583443826597133e+01,-3.375396804345977841e+01,0.000000000000000000e+00,4.831755100542323156e+00,8.125437594538547970e+00
1.220013921642043897e+03,-2.115923957855387926e+03,2.063501889228799939e+02,2.191583441065731463e+01,-3.375396804229345804e+01,0.000000000000000000e+00,4.831756298434132013e+00,8.125437594833153199e+00
1.222205505084312108e+03,-2.119299354660273821e+03,2.063501889228742812e+02,2.191583442928508774e+01,-3.375396804352841684e+01,0.000000000000000000e+00,4.831755275307365594e+00,8.125437594531431884e+00
1.224397088526579410e+03,-2.122674751464536712e+03,2.063501889228784876e+02,2.191583438090280822e+01,-3.375396804365885117e+01,0.000000000000000000e+00,4.831756070545662141e+00,8.125437594829612920e+00
1.226588671968846256e+03,-2.126050148268212524e+03,2.063501889228809603e+02,2.191583440269639382e+01,-3.375396804205909973e+01,0.000000000000000000e+00,4.831755818898295196e+00,8.125437594865999813e+00
1.228780255411115149e+03,-2.129425545072970181e+03,2.063501889228783170e+02,2.191583443266292264e+01,-3.375396804242230075e+01,0.000000000000000000e+00,4.831754815387578894e+00,8.125437594857247703e+00
1.230971838853381541e+03,-2.132800941877383593e+03,2.063501889228781181e+02,2.191583442667007375e+01,-3.375396804325903588e+01,0.000000000000000000e+00,4.831755246960328876e+00,8.125437594993085710e+00
1.233163422295649752e+03,-2.136176338681540528e+03,2.063501889228780328e+02,2.191583441817441980e+01,-3.375396804392070038e+01,0.000000000000000000e+00,4.831756408911062728e+00,8.125437594675053887e+00
1.235355005737917054e+03,-2.139551735485409608e+03,2.063501889228778339e+02,2.191583439591252969e+01,-3.375396804203221279e+01,0.000000000000000000e+00,4.831756611594442141e+00,8.125437594691327092e+00
1.237546589180185720e+03,-2.142927132290000827e+03,2.063501889228830919e+02,2.191583442494424716e+01,-3.375396804277312413e+01,0.000000000000000000e+00,4.831757697311303446e+00,8.125437594787229045e+00
1.239738172622454158e+03,-2.146302529093996782e+03,2.063501889228761286e+02,2.191583446159360449e+01,-3.375396804272703832e+01,0.000000000000000000e+00,4.831755387387033807e+00,8.125437595022905413e+00
1.241929756064720550e+03,-2.149677925898700778e+03,2.063501889228801360e+02,2.191583443162641842e+01,-3.375396804219473523e+01,0.000000000000000000e+00,4.831756883958715498e+00,8.125437594741002911e+00
1.244121339506988761e+03,-2.153053322702478454e+03,2.063501889228782318e+02,2.191583442738101795e+01,-3.375396804261724526e+01,0.000000000000000000e+00,4.831756254353101632e+00,8.125437595492064347e+00
1.246312922949252652e+03,-2.156428719506675861e+03,2.063501889228788855e+02,2.191583443699909139e+01,-3.375396804254737759e+01,0.000000000000000000e+00,4.831757023524350103e+00,8.125437594853057277e+00
1.248504506391523137e+03,-2.159804116311163398e+03,2.063501889228791413e+02,2.191583443589938440e+01,-3.375396804188117272e+01,0.000000000000000000e+00,4.831755474753889779e+00,8.125437594412828091e+00
1.250696089833792939e+03,-2.163179513115310328e+03,2.063501889228849677e+02,2.191583439791324750e+01,-3.375396804163685971e+01,0.000000000000000000e+00,4.831757472547843157e+00,8.125437594683400988e+00
1.252887673276058649e+03,-2.166554909919883357e+03,2.063501889228791981e+02,2.191583439287171942e+01,-3.375396804276788743e+01,0.000000000000000000e+00,4.831755664593900157e+00,8.125437594633350358e+00
1.255079256718327997e+03,-2.169930306723785179e+03,2.063501889228734285e+02,2.191583443863741465e+01,-3.375396804255015581e+01,0.000000000000000000e+00,4.831755525130239093e+00,8.125437594537308073e+00
1.257270840160595299e+03,-2.173305703527866626e+03,2.063501889228790844e+02,2.191583446822875558e+01,-3.375396804327624523e+01,0.000000000000000000e+00,4.831756953125103671e+00,8.125437594920105866e+00
1.259462423602861008e+03,-2.176681100332438746e+03,2.063501889228777486e+02,2.191583439109488651e+01,-3.375396804225488268e+01,0.000000000000000000e+00,4.831755670901740629e+00,8.125437595147442238e+00
1.261654007045129219e+03,-2.180056497136987218e+03,2.063501889228748780e+02,2.191583440499769608e+01,-3.375396804314150501e+01,0.000000000000000000e+00,4.831756456610803774e+00,8.125437594964104449e+00
1.263845590487400614e+03,-2.183431893940983173e+03,2.063501889228788286e+02,2.191583436163443110e+01,-3.375396804321935917e+01,0.000000000000000000e+00,4.831757187840416634e+00,8.125437594398743357e+00
1.266037173929664732e+03,-2.186807290745059163e+03,2.063501889228794539e+02,2.191583440936984672e+01,-3.375396804271149875e+01,0.000000000000000000e+00,4.831757622478439096e+00,8.125437594058203317e+00
1.268228757371932716e+03,-2.190182687549307502e+03,2.063501889228807613e+02,2.191583442759846179e+01,-3.375396804259232653e+01,0.000000000000000000e+00,4.831757268674394368e+00,8.125437594505445560e+00
1.270420340814201154e+03,-2.193558084353605409e+03,2.063501889228751622e+02,2.191583444720879115e+01,-3.375396804235998616e+01,0.000000000000000000e+00,4.831756212558107499e+00,8.125437594683386777e+00
1.272611924256468228e+03,-2.196933481158332597e+03,2.063501889228754180e+02,2.191583443920291430e+01,-3.375396804268778794e+01,0.000000000000000000e+00,4.831757919016985703e+00,8.125437594706204081e+00
1.274803507698736212e+03,-2.200308877962052520e+03,2.063501889228747643e+02,2.191583442494591694e+01,-3.375396804226323155e+01,0.000000000000000000e+00,4.831755959278412504e+00,8.125437594686006904e+00
1.276995091141004877e+03,-2.203684274766576891e+03,2.063501889228809318e+02,2.191583439648162113e+01,-3.375396804234667059e+01,0.000000000000000000e+00,4.831754684657857624e+00,8.125437594733861957e+00
1.279186674583271724e+03,-2.207059671570662886e+03,2.063501889228796813e+02,2.191583441937071441e+01,-3.375396804323766986e+01,0.000000000000000000e+00,4.831756079106233059e+00,8.125437594640827044e+00
1.281378258025539481e+03,-2.210435068374667480e+03,2.063501889228869288e+02,2.191583441179124137e+01,-3.375396804260913797e+01,0.000000000000000000e+00,4.831755909727414533e+00,8.125437594451721424e+00
1.283569841467807237e+03,-2.213810465179080438e+03,2.063501889228806192e+02,2.191583441090330453e+01,-3.375396804313488275e+01,0.000000000000000000e+00,4.831756622665252188e+00,8.125437594830016153e+00
1.285761424910076130e+03,-2.217185861983287850e+03,2.063501889228794823e+02,2.191583446028614190e+01,-3.375396804228390124e+01,0.000000000000000000e+00,4.831757186917017499e+00,8.125437594127102869e+00
1.287953008352344114e+03,-2.220561258788118266e+03,2.063501889228825519e+02,2.191583443640017137e+01,-3.375396804414878460e+01,0.000000000000000000e+00,4.831756339659495580e+00,8.125437595110479805e+00
1.290144591794610960e+03,-2.223936655591960061e+03,2.063501889228774928e+02,2.191583443850177915e+01,-3.375396804235631976e+01,0.000000000000000000e+00,4.831756902251183483e+00,8.125437594647406669e+00
1.292336175236877352e+03,-2.227312052396598119e+03,2.063501889228797097e+02,2.191583442900962453e+01,-3.375396804154076591e+01,0.000000000000000000e+00,4.831755581424742374e+00,8.125437594323559054e+00
1.294527758679146018e+03,-2.230687449200689571e+03,2.063501889228745938e+02,2.191583438169362452e+01,-3.375396804333799139e+01,0.000000000000000000e+00,4.831756027932917696e+00,8.125437594573480027e+00
1.296719342121415593e+03,-2.234062846004877883e+03,2.063501889228813582e+02,2.191583442659552716e+01,-3.375396804208651957e+01,0.000000000000000000e+00,4.831756965993992736e+00,8.125437594013078524e+00
1.298910925563682667e+03,-2.237438242809179883e+03,2.063501889228728885e+02,2.191583445664191743e+01,-3.375396804177237442e+01,0.000000000000000000e+00,4.831755802164241054e+00,8.125437594311959444e+00
1.301102509005949287e+03,-2.240813639613322266e+03,2.063501889228734285e+02,2.191583446142175973e+01,-3.375396804260270756e+01,0.000000000000000000e+00,4.831756975359536632e+00,8.125437594840200006e+00
1.303294092448216588e+03,-2.244189036417734769e+03,2.063501889228778339e+02,2.191583441569588331e+01,-3.375396804407608187e+01,0.000000000000000000e+00,4.831756704454552853e+00,8.125437594885998038e+00
1.305485675890485254e+03,-2.247564433221632498e+03,2.063501889228821540e+02,2.191583442762811984e+01,-3.375396804405395557e+01,0.000000000000000000e+00,4.831757374315952980e+00,8.125437594501073946e+00
1.307677259332752783e+03,-2.250939830026064556e+03,2.063501889228774928e+02,2.191583443289192701e+01,-3.375396804270771156e+01,0.000000000000000000e+00,4.831756200990764860e+00,8.125437594870474456e+00
1.309868842775022358e+03,-2.254315226830190113e+03,2.063501889228772654e+02,2.191583443668385556e+01,-3.375396804241120918e+01,0.000000000000000000e+00,4.831756317364206410e+00,8.125437594737066505e+00
1.312060426217286022e+03,-2.257690623635006887e+03,2.063501889228744233e+02,2.191583438807159467e+01,-3.375396804231232295e+01,0.000000000000000000e+00,4.831756309141839623e+00,8.125437594966854249e+00
1.314252009659555824e+03,-2.261066020438919622e+03,2.063501889228800792e+02,2.191583444450408180e+01,-3.375396804194015488e+01,0.000000000000000000e+00,4.831756354234449269e+00,8.125437594855972279e+00
1.316443593101825627e+03,-2.264441417243264823e+03,2.063501889228808750e+02,2.191583440509250380e+01,-3.375396804421794883e+01,0.000000000000000000e+00,4.831755291006196273e+00,8.125437594224564464e+00
1.318635176544092474e+03,-2.267816814047490425e+03,2.063501889228807045e+02,2.191583442980387986e+01,-3.375396804240565984e+01,0.000000000000000000e+00,4.831755433971800962e+00,8.125437595107394273e+00
1.320826759986360003e+03,-2.271192210851825166e+03,2.063501889228821256e+02,2.191583440482835599e+01,-3.375396804180199695e+01,0.000000000000000000e+00,4.831757078697441976e+00,8.125437594835965172e+00
1.323018343428629123e+03,-2.274567607655771553e+03,2.063501889228780897e+02,2.191583440642172320e+01,-3.375396804338088685e+01,0.000000000000000000e+00,4.831755580880870760e+00,8.125437594453098100e+00
1.325209926870895515e+03,-2.277943004459972144e+03,2.063501889228800223e+02,2.191583440842281050e+01,-3.375396804194961931e+01,0.000000000000000000e+00,4.831755900041255103e+00,8.125437594665514851e+00
1.327401510313163044e+03,-2.281318401264614749e+03,2.063501889228814150e+02,2.191583442954191696e+01,-3.375396804224769198e+01,0.000000000000000000e+00,4.831756837343889721e+00,8.125437594703692312e+00
1.329593093755430800e+03,-2.284693798068743035e+03,2.063501889228817561e+02,2.191583439527626709e+01,-3.375396804370896575e+01,0.000000000000000000e+00,4.831756764053571906e+00,8.125437595137556812e+00
1.331784677197698102e+03,-2.288069194873508877e+03,2.063501889228768391e+02,2.191583442010620786e+01,-3.375396804269236384e+01,0.000000000000000000e+00,4.831755942247392355e+00,8.125437594411071274e+00
1.333976260639965403e+03,-2.291444591677488916e+03,2.063501889228794539e+02,2.191583440670335392e+01,-3.375396804279483121e+01,0.000000000000000000e+00,4.831755902211652298e+00,8.125437595301452376e+00
1.336167844082236343e+03,-2.294819988481476685e+03,2.063501889228753612e+02,2.191583438327502975e+01,-3.375396804246824445e+01,0.000000000000000000e+00,4.831757866547246927e+00,8.125437594874794556e+00
1.338359427524502280e+03,-2.298195385285538123e+03,2.063501889228793402e+02,2.191583444307229200e+01,-3.375396804253979610e+01,0.000000000000000000e+00,4.831757434176691568e+00,8.125437594763823768e+00
1.340551010966768672e+03,-2.301570782090055218e+03,2.063501889228782034e+02,2.191583443666151254e+01,-3.375396804191458244e+01,0.000000000000000000e+00,4.831755952777961660e+00,8.125437594627278770e+00
1.342742594409036428e+03,-2.304946178894194873e+03,2.063501889228757307e+02,2.191583443368797646e+01,-3.375396804272676832e+01,0.000000000000000000e+00,4.831755869436689110e+00,8.125437594903917926e+00
1.344934177851303502e+03,-2.308321575698719698e+03,2.063501889228811876e+02,2.191583441997698500e+01,-3.375396804306235055e+01,0.000000000000000000e+00,4.831756626868318527e+00,8.125437594722074053e+00
1.347125761293573305e+03,-2.311696972503352754e+03,2.063501889228794539e+02,2.191583446012505476e+01,-3.375396804258260630e+01,0.000000000000000000e+00,4.831756554983066998e+00,8.125437594643537764e+00
1.349317344735840834e+03,-2.315072369307075405e+03,2.063501889228772086e+02,2.191583443246586427e+01,-3.375396804313718491e+01,0.000000000000000000e+00,4.831756976814131299e+00,8.125437594394682606e+00
1.351508928178107226e+03,-2.318447766111086366e+03,2.063501889228787434e+02,2.191583439010730316e+01,-3.375396804222382485e+01,0.000000000000000000e+00,4.831756185420277738e+00,8.125437594451556222e+00
1.353700511620375892e+03,-2.321823162915616649e+03,2.063501889228766117e+02,2.191583443893507877e+01,-3.375396804423807140e+01,0.000000000000000000e+00,4.831756019298921956e+00,8.125437594857706003e+00
1.355892095062642284e+03,-2.325198559719654440e+03,2.063501889228805055e+02,2.191583438080663981e+01,-3.375396804257269423e+01,0.000000000000000000e+00,4.831755801387099147e+00,8.125437594595275925e+00
1.358083678504911177e+03,-2.328573956523970537e+03,2.063501889228765833e+02,2.191583442405358539e+01,-3.375396804330473088e+01,0.000000000000000000e+00,4.831757481871393978e+00,8.125437594778141204e+00
1.360275261947179160e+03,-2.331949353328497182e+03,2.063501889228796813e+02,2.191583440811837491e+01,-3.375396804180933685e+01,0.000000000000000000e+00,4.831756251883994935e+00,8.125437594811932840e+00
1.362466845389444870e+03,-2.335324750132694135e+03,2.063501889228768960e+02,2.191583441718995573e+01,-3.375396804317492183e+01,0.000000000000000000e+00,4.831755862465149320e+00,8.125437595112529721e+00
1.364658428831713763e+03,-2.338700146936826059e+03,2.063501889228753328e+02,2.191583440679825756e+01,-3.375396804251245442e+01,0.000000000000000000e+00,4.831756336222391646e+00,8.125437594519066664e+00
1.366850012273981520e+03,-2.342075543740929334e+03,2.063501889228795960e+02,2.191583441066678972e+01,-3.375396804151350238e+01,0.000000000000000000e+00,4.831758108317828260e+00,8.125437595432988047e+00
1.369041595716250640e+03,-2.345450940545094909e+03,2.063501889228821256e+02,2.191583443105203699e+01,-3.375396804340616796e+01,0.000000000000000000e+00,4.831756338478356838e+00,8.125437595261150392e+00
1.371233179158523171e+03,-2.348826337349684763e+03,2.063501889228841719e+02,2.191583441157815670e+01,-3.375396804182955890e+01,0.000000000000000000e+00,4.831756123613926590e+00,8.125437594476132119e+00
1.373424762600784788e+03,-2.352201734153942652e+03,2.063501889228782886e+02,2.191583444653083390e+01,-3.375396804242650006e+01,0.000000000000000000e+00,4.831757744475326355e+00,8.125437594698912136e+00
1.375616346043054364e+03,-2.355577130958420184e+03,2.063501889228762138e+02,2.191583446295001636e+01,-3.375396804188219591e+01,0.000000000000000000e+00,4.831757701045034992e+00,8.125437594735204883e+00
1.377807929485322575e+03,-2.358952527762184673e+03,2.063501889228782602e+02,2.191583442562233941e+01,-3.375396804210803481e+01,0.000000000000000000e+00,4.831758068393696703e+00,8.125437594890714266e+00
1.379999512927586920e+03,-2.362327924566573074e+03,2.063501889228742243e+02,2.191583439235779451e+01,-3.375396804249490401e+01,0.000000000000000000e+00,4.831755778250118816e+00,8.125437594536665031e+00
1.382191096369858087e+03,-2.365703321370897811e+03,2.063501889228808750e+02,2.191583442203269882e+01,-3.375396804302835108e+01,0.000000000000000000e+00,4.831756360361278091e+00,8.125437594486065507e+00
1.384382679812125161e+03,-2.369078718175067024e+03,2.063501889228790276e+02,2.191583443401907516e+01,-3.375396804204633838e+01,0.000000000000000000e+00,4.831756204151930412e+00,8.125437595049781692e+00
1.386574263254392918e+03,-2.372454114979648239e+03,2.063501889228780897e+02,2.191583439726250759e+01,-3.375396804103976933e+01,0.000000000000000000e+00,4.831756022420570673e+00,8.125437594946733455e+00
1.388765846696659764e+03,-2.375829511783814723e+03,2.063501889228815287e+02,2.191583442636893864e+01,-3.375396804348444846e+01,0.000000000000000000e+00,4.831755532876465864e+00,8.125437595140581948e+00
1.390957430138928430e+03,-2.379204908587648333e+03,2.063501889228822961e+02,2.191583440793806759e+01,-3.375396804359221647e+01,0.000000000000000000e+00,4.831755820929694245e+00,8.125437594419643972e+00
1.393149013581194367e+03,-2.382580305392270020e+03,2.063501889228757022e+02,2.191583437871951645e+01,-3.375396804301111331e+01,0.000000000000000000e+00,4.831756541956781170e+00,8.125437595415622383e+00
1.395340597023464625e+03,-2.385955702196253696e+03,2.063501889228772654e+02,2.191583442022458783e+01,-3.375396804149599461e+01,0.000000000000000000e+00,4.831757923937272103e+00,8.125437594642697547e+00
1.397532180465729880e+03,-2.389331099000967697e+03,2.063501889228804203e+02,2.191583443268715570e+01,-3.375396804318173594e+01,0.000000000000000000e+00,4.831756911188379355e+00,8.125437594146488252e+00
1.399723763907998091e+03,-2.392706495804998667e+03,2.063501889228727748e+02,2.191583446455278406e+01,-3.375396804213693258e+01,0.000000000000000000e+00,4.831757539420191705e+00,8.125437594505616090e+00
1.401915347350267211e+03,-2.396081892609191073e+03,2.063501889228762707e+02,2.191583446176315420e+01,-3.375396804270039297e+01,0.000000000000000000e+00,4.831757003818173857e+00,8.125437594969087129e+00
1.404106930792533603e+03,-2.399457289413818671e+03,2.063501889228780328e+02,2.191583444946192571e+01,-3.375396804374585713e+01,0.000000000000000000e+00,4.831756426021319939e+00,8.125437594716370171e+00
1.406298514234801132e+03,-2.402832686217618175e+03,2.063501889228752759e+02,2.191583439025975011e+01,-3.375396804119553451e+01,0.000000000000000000e+00,4.831755325249146971e+00,8.125437594343180692e+00
1.408490097677068661e+03,-2.406208083022150731e+03,2.063501889228816140e+02,2.191583440098521862e+01,-3.375396804162117803e+01,0.000000000000000000e+00,4.831756032186609318e+00,8.125437594253593687e+00
1.410681681119335508e+03,-2.409583479826211715e+03,2.063501889228805624e+02,2.191583442819725391e+01,-3.375396804190073397e+01,0.000000000000000000e+00,4.831758373709760690e+00,8.125437594852405354e+00
1.412873264561604174e+03,-2.412958876630378654e+03,2.063501889228774928e+02,2.191583441280426925e+01,-3.375396804222454250e+01,0.000000000000000000e+00,4.831755958165706133e+00,8.125437594876707692e+00
1.415064848003875568e+03,-2.416334273434827992e+03,2.063501889228805339e+02,2.191583441734175963e+01,-3.375396804278395990e+01,0.000000000000000000e+00,4.831756113620284232e+00,8.125437594406198727e+00
1.417256431446139231e+03,-2.419709670239189563e+03,2.063501889228799371e+02,2.191583445221440130e+01,-3.375396804162243569e+01,0.000000000000000000e+00,4.831757522219088052e+00,8.125437594633025284e+00
1.419448014888408579e+03,-2.423085067043422441e+03,2.063501889228759012e+02,2.191583440702060059e+01,-3.375396804321293587e+01,0.000000000000000000e+00,4.831756753249655922e+00,8.125437595086745901e+00
1.421639598330680656e+03,-2.426460463847424762e+03,2.063501889228775497e+02,2.191583442801982073e+01,-3.375396804250097205e+01,0.000000000000000000e+00,4.831756906959327580e+00,8.125437594976437694e+00
1.423831181772944774e+03,-2.429835860651704024e+03,2.063501889228745938e+02,2.191583438433482556e+01,-3.375396804418278407e+01,0.000000000000000000e+00,4.831757832098269034e+00,8.125437594595062762e+00
1.426022765215212530e+03,-2.433211257456341627e+03,2.063501889228738833e+02,2.191583440329056742e+01,-3.375396804238950210e+01,0.000000000000000000e+00,4.831756117309727649e+00,8.125437594762953353e+00
1.428214348657480741e+03,-2.436586654260302566e+03,2.063501889228766117e+02,2.191583444943893255e+01,-3.375396804331867884e+01,0.000000000000000000e+00,4.831756572620182766e+00,8.125437594430682253e+00
1.430405932099745769e+03,-2.439962051065042942e+03,2.063501889228787149e+02,2.191583440472378186e+01,-3.375396804279876051e+01,0.000000000000000000e+00,4.831756233338781570e+00,8.125437594607964442e+00
1.432597515542014207e+03,-2.443337447869133939e+03,2.063501889228767538e+02,2.191583448939383416e+01,-3.375396804087495184e+01,0.000000000000000000e+00,4.831756326248941136e+00,8.125437594663026175e+00
1.434789098984284237e+03,-2.446712844673215386e+03,2.063501889228804771e+02,2.191583442340484922e+01,-3.375396804237806236e+01,0.000000000000000000e+00,4.831758160253512457e+00,8.125437594331920366e+00
1.436980682426552221e+03,-2.450088241477820702e+03,2.063501889228751622e+02,2.191583442790612679e+01,-3.375396804203503365e+01,0.000000000000000000e+00,4.831755184096262923e+00,8.125437594575501521e+00
1.439172265868816794e+03,-2.453463638281508338e+03,2.063501889228716664e+02,2.191583439451834181e+01,-3.375396804475651180e+01,0.000000000000000000e+00,4.831756707145066443e+00,8.125437594431726751e+00
1.441363849311086369e+03,-2.456839035085519754e+03,2.063501889228811024e+02,2.191583438973700382e+01,-3.375396804301864506e+01,0.000000000000000000e+00,4.831756390897536058e+00,8.125437594833064381e+00
1.443555432753353216e+03,-2.460214431890095966e+03,2.063501889228789139e+02,2.191583442682249583e+01,-3.375396804199089473e+01,0.000000000000000000e+00,4.831755013224144690e+00,8.125437594794657770e+00
1.445747016195621654e+03,-2.463589828694876815e+03,2.063501889228834898e+02,2.191583444818300919e+01,-3.375396804253079353e+01,0.000000000000000000e+00,4.831756873560088650e+00,8.125437594824992615e+00
1.447938599637889411e+03,-2.466965225499165172e+03,2.063501889228747928e+02,2.191583439306648273e+01,-3.375396804134528139e+01,0.000000000000000000e+00,4.831755202438614560e+00,8.125437594169961031e+00
1.450130183080157849e+03,-2.470340622302908287e+03,2.063501889228787149e+02,2.191583442021039829e+01,-3.375396804208074286e+01,0.000000000000000000e+00,4.831756481311439977e+00,8.125437594720391843e+00
1.452321766522425833e+03,-2.473716019107830107e+03,2.063501889228824098e+02,2.191583443996285752e+01,-3.375396804266839013e+01,0.000000000000000000e+00,4.831756871091060113e+00,8.125437594259732776e+00
1.454513349964694044e+03,-2.477091415911932472e+03,2.063501889228771518e+02,2.191583445860351631e+01,-3.375396804311208854e+01,0.000000000000000000e+00,4.831755427296730687e+00,8.125437594144495179e+00
1.456704933406958162e+03,-2.480466812715787455e+03,2.063501889228812729e+02,2.191583444290550986e+01,-3.375396804161057673e+01,0.000000000000000000e+00,4.831755514778897975e+00,8.125437594603727831e+00
1.458896516849225691e+03,-2.483842209520066262e+03,2.063501889228741391e+02,2.191583438113494609e+01,-3.375396804224084946e+01,0.000000000000000000e+00,4.831756352528810083e+00,8.125437594510872330e+00
1.461088100291494584e+03,-2.487217606324251847e+03,2.063501889228734285e+02,2.191583442427846151e+01,-3.375396804312014609e+01,0.000000000000000000e+00,4.831756618192758701e+00,8.125437594772639827e+00
1.463279683733763704e+03,-2.490593003128838973e+03,2.063501889228785728e+02,2.191583439677154388e+01,-3.375396804280735807e+01,0.000000000000000000e+00,4.831754610673284489e+00,8.125437595098002674e+00
1.465471267176031915e+03,-2.493968399932532066e+03,2.063501889228804487e+02,2.191583441367231089e+01,-3.375396804268098094e+01,0.000000000000000000e+00,4.831756632372069760e+00,8.125437594544827391e+00
1.467662850618300354e+03,-2.497343796737300636e+03,2.063501889228805055e+02,2.191583442959965211e+01,-3.375396804247044003e+01,0.000000000000000000e+00,4.831756374873133808e+00,8.125437594515469542e+00
1.469854434060565609e+03,-2.500719193541111508e+03,2.063501889228796529e+02,2.191583440438385466e+01,-3.375396804413241370e+01,0.000000000000000000e+00,4.831756003556229473e+00,8.125437594284267817e+00
1.472046017502833593e+03,-2.504094590345801862e+03,2.063501889228829498e+02,2.191583444827552540e+01,-3.375396804225477609e+01,0.000000000000000000e+00,4.831756463477304031e+00,8.125437594382612261e+00
1.474237600945105214e+03,-2.507469987149624103e+03,2.063501889228753328e+02,2.191583442118324143e+01,-3.375396804175944965e+01,0.000000000000000000e+00,4.831756567937006253e+00,8.125437594281578413e+00
1.476429184387367286e+03,-2.510845383954562294e+03,2.063501889228782602e+02,2.191583446027293292e+01,-3.375396804144084939e+01,0.000000000000000000e+00,4.831757597104049395e+00,8.125437594461685009e+00
1.478620767829640954e+03,-2.514220780758174442e+03,2.063501889228786013e+02,2.191583439120153542e+01,-3.375396804260915218e+01,0.000000000000000000e+00,4.831756442896184112e+00,8.125437595282249958e+00
1.480812351271908028e+03,-2.517596177562887988e+03,2.063501889228801076e+02,2.191583439574861103e+01,-3.375396804345284352e+01,0.000000000000000000e+00,4.831757475937851432e+00,8.125437594761185878e+00
1.483003934714173283e+03,-2.520971574367289577e+03,2.063501889228784592e+02,2.191583442656063596e+01,-3.375396804329313483e+01,0.000000000000000000e+00,4.831755332952964110e+00,8.125437594514473005e+00
1.485195518156440130e+03,-2.524346971171343739e+03,2.063501889228795392e+02,2.191583447172834553e+01,-3.375396804222029346e+01,0.000000000000000000e+00,4.831758025107723675e+00,8.125437594669765673e+00
1.487387101598707659e+03,-2.527722367975813995e+03,2.063501889228760433e+02,2.191583441174863367e+01,-3.375396804315609245e+01,0.000000000000000000e+00,4.831756646217322704e+00,8.125437594331282654e+00
1.489578685040974960e+03,-2.531097764779982299e+03,2.063501889228774075e+02,2.191583440500693314e+01,-3.375396804335889556e+01,0.000000000000000000e+00,4.831756815446376585e+00,8.125437594904489913e+00
1.491770268483244536e+03,-2.534473161584106947e+03,2.063501889228792265e+02,2.191583443742219117e+01,-3.375396804223524327e+01,0.000000000000000000e+00,4.831755801907177350e+00,8.125437595147637637e+00
1.493961851925511155e+03,-2.537848558388256151e+03,2.063501889228832340e+02,2.191583442545612925e+01,-3.375396804286929608e+01,0.000000000000000000e+00,4.831756600311416960e+00,8.125437594513396533e+00
1.496153435367779366e+03,-2.541223955192240282e+03,2.063501889228820687e+02,2.191583445161759158e+01,-3.375396804238157245e+01,0.000000000000000000e+00,4.831756450802997094e+00,8.125437594625658733e+00
1.498345018810049396e+03,-2.544599351996814221e+03,2.063501889228754180e+02,2.191583441231430385e+01,-3.375396804223730385e+01,0.000000000000000000e+00,4.831757107246510863e+00,8.125437595063033314e+00
1.500536602252316015e+03,-2.547974748800971611e+03,2.063501889228794823e+02,2.191583437225469666e+01,-3.375396804309109910e+01,0.000000000000000000e+00,4.831756227898019951e+00,8.125437594622761495e+00
1.502728185694583999e+03,-2.551350145605219041e+03,2.063501889228803918e+02,2.191583447238376436e+01,-3.375396804190333455e+01,0.000000000000000000e+00,4.831757141563312707e+00,8.125437594938224706e+00
1.504919769136851528e+03,-2.554725542409236368e+03,2.063501889228836319e+02,2.191583439255977339e+01,-3.375396804239387194e+01,0.000000000000000000e+00,4.831755738545208345e+00,8.125437594723287305e+00
1.507111352579116556e+03,-2.558100939213478796e+03,2.063501889228802781e+02,2.191583441834895396e+01,-3.375396804257408689e+01,0.000000000000000000e+00,4.831755023447403374e+00,8.125437594891185000e+00
1.509302936021386586e+03,-2.561476336018195525e+03,2.063501889228739969e+02,2.191583440280734507e+01,-3.375396804279282748e+01,0.000000000000000000e+00,4.831755556377477667e+00,8.125437594594380641e+00
1.511494519463655479e+03,-2.564851732822446138e+03,2.063501889228798234e+02,2.191583442027932094e+01,-3.375396804413569640e+01,0.000000000000000000e+00,4.831757065253477812e+00,8.125437594809772790e+00
1.513686102905919824e+03,-2.568227129626754959e+03,2.063501889228794823e+02,2.191583440990376275e+01,-3.375396804275327867e+01,0.000000000000000000e+00,4.831756648953535738e+00,8.125437595092368070e+00
1.515877686348191446e+03,-2.571602526431187016e+03,2.063501889228828077e+02,2.191583440935053417e+01,-3.375396804274459583e+01,0.000000000000000000e+00,4.831755069849433148e+00,8.125437594485131143e+00
1.518069269790457383e+03,-2.574977923235172057e+03,2.063501889228733432e+02,2.191583440400033922e+01,-3.375396804292991249e+01,0.000000000000000000e+00,4.831756455152306451e+00,8.125437594647904049e+00
1.520260853232726959e+03,-2.578353320039253049e+03,2.063501889228737696e+02,2.191583441225150608e+01,-3.375396804261580286e+01,0.000000000000000000e+00,4.831756446349747769e+00,8.125437594453030599e+00
1.522452436674992214e+03,-2.581728716843358598e+03,2.063501889228774928e+02,2.191583439500148600e+01,-3.375396804267658268e+01,0.000000000000000000e+00,4.831757326473024250e+00,8.125437594535773300e+00
1.524644020117261107e+03,-2.585104113647953909e+03,2.063501889228772370e+02,2.191583440139590166e+01,-3.375396804252790162e+01,0.000000000000000000e+00,4.831757359239065686e+00,8.125437595167110061e+00
1.526835603559528181e+03,-2.588479510451941678e+03,2.063501889228828645e+02,2.191583441747997441e+01,-3.375396804324782352e+01,0.000000000000000000e+00,4.831757177698618122e+00,8.125437594497393334e+00
1.529027187001797301e+03,-2.591854907256713886e+03,2.063501889228812729e+02,2.191583445639125571e+01,-3.375396804246821603e+01,0.000000000000000000e+00,4.831756200516950095e+00,8.125437594723033286e+00
1.531218770444063011e+03,-2.595230304060694834e+03,2.063501889228815855e+02,2.191583440669220550e+01,-3.375396804167395715e+01,0.000000000000000000e+00,4.831756173972944879e+00,8.125437594091843962e+00
1.533410353886330313e+03,-2.598605700865283325e+03,2.063501889228739117e+02,2.191583446689037018e+01,-3.375396804250176785e+01,0.000000000000000000e+00,4.831757005729453880e+00,8.125437595106848931e+00
1.535601937328598069e+03,-2.601981097668963685e+03,2.063501889228805339e+02,2.191583441514756103e+01,-3.375396804250586058e+01,0.000000000000000000e+00,4.831757554454757297e+00,8.125437594227429727e+00
1.537793520770871510e+03,-2.605356494473296607e+03,2.063501889228761854e+02,2.191583436133215912e+01,-3.375396804224756409e+01,0.000000000000000000e+00,4.831756906923961203e+00,8.125437594849294953e+00
1.539985104213134036e+03,-2.608731891277467184e+03,2.063501889228795392e+02,2.191583439511774500e+01,-3.375396804280001106e+01,0.000000000000000000e+00,4.831758097717278488e+00,8.125437594882418679e+00
1.542176687655404521e+03,-2.612107288081557272e+03,2.063501889228800792e+02,2.191583447497866288e+01,-3.375396804352757840e+01,0.000000000000000000e+00,4.831757422844349392e+00,8.125437594334840696e+00
1.544368271097669776e+03,-2.615482684885975686e+03,2.063501889228766686e+02,2.191583448002850787e+01,-3.375396804211009538e+01,0.000000000000000000e+00,4.831757551041543586e+00,8.125437594901020688e+00
1.546559854539938215e+03,-2.618858081690838389e+03,2.063501889228816140e+02,2.191583447214239655e+01,-3.375396804238553017e+01,0.000000000000000000e+00,4.831758297955243364e+00,8.125437594822374265e+00
1.548751437982205061e+03,-2.622233478494520114e+03,2.063501889228776349e+02,2.191583443240670448e+01,-3.375396804336030243e+01,0.000000000000000000e+00,4.831757149475728319e+00,8.125437594462162849e+00
1.550943021424473272e+03,-2.625608875298923067e+03,2.063501889228765265e+02,2.191583439441629722e+01,-3.375396804139333540e+01,0.000000000000000000e+00,4.831758915123590903e+00,8.125437594662518137e+00
1.553134604866740347e+03,-2.628984272103361945e+03,2.063501889228772654e+02,2.191583444008569259e+01,-3.375396804231282744e+01,0.000000000000000000e+00,4.831756566374042272e+00,8.125437593984839779e+00
1.555326188309010604e+03,-2.632359668907373361e+03,2.063501889228806476e+02,2.191583439975958925e+01,-3.375396804277627183e+01,0.000000000000000000e+00,4.831757708190600908e+00,8.125437594468209568e+00
1.557517771751276996e+03,-2.635735065711512107e+03,2.063501889228799655e+02,2.191583440720545894e+01,-3.375396804293277597e+01,0.000000000000000000e+00,4.831755903759501258e+00,8.125437594823473830e+00
1.559709355193546116e+03,-2.639110462516334337e+03,2.063501889228748496e+02,2.191583440156835394e+01,-3.375396804258622296e+01,0.000000000000000000e+00,4.831756571062891581e+00,8.125437595251053580e+00
1.561900938635812281e+03,-2.642485859320037889e+03,2.063501889228753328e+02,2.191583442392131786e+01,-3.375396804252715555e+01,0.000000000000000000e+00,4.831757123569048851e+00,8.125437595171931093e+00
1.564092522078080947e+03,-2.645861256124201191e+03,2.063501889228756454e+02,2.191583442907645463e+01,-3.375396804168702403e+01,0.000000000000000000e+00,4.831757168549294157e+00,8.125437594841331546e+00
1.566284105520349158e+03,-2.649236652928731473e+03,2.063501889228808182e+02,2.191583437084909747e+01,-3.375396804188724076e+01,0.000000000000000000e+00,4.831756911839834245e+00,8.125437594346111680e+00
1.568475688962617141e+03,-2.652612049733275398e+03,2.063501889228869572e+02,2.191583441860139914e+01,-3.375396804204816448e+01,0.000000000000000000e+00,4.831756922175654445e+00,8.125437594915515760e+00
1.570667272404884898e+03,-2.655987446537499636e+03,2.063501889228738548e+02,2.191583443868362480e+01,-3.375396804316897459e+01,0.000000000000000000e+00,4.831755584850448315e+00,8.125437594977906741e+00
1.572858855847155382e+03,-2.659362843341623375e+03,2.063501889228804203e+02,2.191583443907974882e+01,-3.375396804130944162e+01,0.000000000000000000e+00,4.831756045402984867e+00,8.125437594913975659e+00
1.575050439289419273e+03,-2.662738240145892178e+03,2.063501889228819550e+02,2.191583443208306292e+01,-3.375396804249218974e+01,0.000000000000000000e+00,4.831756540287860169e+00,8.125437594838791355e+00
1.577242022731684756e+03,-2.666113636950020464e+03,2.063501889228812729e+02,2.191583441049500180e+01,-3.375396804218986091e+01,0.000000000000000000e+00,4.831755400261561029e+00,8.125437594673496022e+00
1.579433606173952512e+03,-2.669489033754290631e+03,2.063501889228766970e+02,2.191583442654346570e+01,-3.375396804313565013e+01,0.000000000000000000e+00,4.831756394402011878e+00,8.125437594585561030e+00
1.581625189616223906e+03,-2.672864430558285221e+03,2.063501889228748496e+02,2.191583443620386618e+01,-3.375396804305973575e+01,0.000000000000000000e+00,4.831756599124396701e+00,8.125437594911824490e+00
1.583816773058490526e+03,-2.676239827362752749e+03,2.063501889228821256e+02,2.191583443085120919e+01,-3.375396804357825431e+01,0.000000000000000000e+00,4.831757055374894527e+00,8.125437594926092189e+00
1.586008356500756918e+03,-2.679615224167012002e+03,2.063501889228781465e+02,2.191583446937488233e+01,-3.375396804258872407e+01,0.000000000000000000e+00,4.831756575115523589e+00,8.125437593696462457e+00
1.588199939943023764e+03,-2.682990620971444059e+03,2.063501889228760149e+02,2.191583444687523397e+01,-3.375396804235030856e+01,0.000000000000000000e+00,4.831756118383337295e+00,8.125437595139946012e+00
1.590391523385294249e+03,-2.686366017775549153e+03,2.063501889228789707e+02,2.191583444472244580e+01,-3.375396804290468111e+01,0.000000000000000000e+00,4.831758241152978250e+00,8.125437594860123625e+00
1.592583106827560641e+03,-2.689741414579776574e+03,2.063501889228762423e+02,2.191583443174858914e+01,-3.375396804425004404e+01,0.000000000000000000e+00,4.831755740829924761e+00,8.125437594837196187e+00
1.594774690269828398e+03,-2.693116811384048560e+03,2.063501889228838877e+02,2.191583440020552231e+01,-3.375396804159534270e+01,0.000000000000000000e+00,4.831756474244353505e+00,8.125437594367863170e+00
1.596966273712096609e+03,-2.696492208188024961e+03,2.063501889228764696e+02,2.191583442754301458e+01,-3.375396804317281862e+01,0.000000000000000000e+00,4.831757299420123886e+00,8.125437595177213979e+00
1.599157857154364137e+03,-2.699867604992668930e+03,2.063501889228745370e+02,2.191583444869016972e+01,-3.375396804245608706e+01,0.000000000000000000e+00,4.831755581390603460e+00,8.125437594896748550e+00
1.601349440596630984e+03,-2.703243001797011857e+03,2.063501889228787149e+02,2.191583444870320818e+01,-3.375396804280811125e+01,0.000000000000000000e+00,4.831756777382989476e+00,8.125437594038356082e+00
1.603541024038901924e+03,-2.706618398601450281e+03,2.063501889228785728e+02,2.191583436423744047e+01,-3.375396804261211514e+01,0.000000000000000000e+00,4.831756324995328811e+00,8.125437594805658748e+00
1.605732607481168088e+03,-2.709993795405305718e+03,2.063501889228780044e+02,2.191583443250432239e+01,-3.375396804405789908e+01,0.000000000000000000e+00,4.831756765217211758e+00,8.125437594937441332e+00
1.607924190923437436e+03,-2.713369192209817811e+03,2.063501889228821540e+02,2.191583441831857471e+01,-3.375396804145854190e+01,0.000000000000000000e+00,4.831756519557989016e+00,8.125437594903260674e+00
1.610115774365702919e+03,-2.716744589013680979e+03,2.063501889228799939e+02,2.191583438082014368e+01,-3.375396804402348749e+01,0.000000000000000000e+00,4.831757652532032488e+00,8.125437594466864866e+00
1.612307357807969765e+03,-2.720119985817943871e+03,2.063501889228769528e+02,2.191583444343929443e+01,-3.375396804231180425e+01,0.000000000000000000e+00,4.831756107946821643e+00,8.125437594370909622e+00
1.614498941250240705e+03,-2.723495382622470970e+03,2.063501889228787434e+02,2.191583445809861885e+01,-3.375396804334646106e+01,0.000000000000000000e+00,4.831756290592308822e+00,8.125437595300363469e+00
1.616690524692509598e+03,-2.726870779427017624e+03,2.063501889228742812e+02,2.191583436663412598e+01,-3.375396804378579674e+01,0.000000000000000000e+00,4.831755741281927641e+00,8.125437595057181994e+00
1.618882108134775081e+03,-2.730246176230822584e+03,2.063501889228862751e+02,2.191583440821927198e+01,-3.375396804282021179e+01,0.000000000000000000e+00,4.831756164186058022e+00,8.125437594560386501e+00
1.621073691577043746e+03,-2.733621573035187794e+03,2.063501889228782034e+02,2.191583446042702832e+01,-3.375396804302877030e+01,0.000000000000000000e+00,4.831757733481610195e+00,8.125437594593563517e+00
1.623265275019306955e+03,-2.736996969839525718e+03,2.063501889228840298e+02,2.191583442512181179e+01,-3.375396804214814495e+01,0.000000000000000000e+00,4.831755602240986214e+00,8.125437594595654289e+00
1.625456858461579259e+03,-2.740372366643557143e+03,2.063501889228797381e+02,2.191583440895415791e+01,-3.375396804198585698e+01,0.000000000000000000e+00,4.831756825171362735e+00,8.125437594788142093e+00
1.627648441903847470e+03,-2.743747763448280239e+03,2.063501889228802497e+02,2.191583443280265442e+01,-3.375396804322705435e+01,0.000000000000000000e+00,4.831756857120161008e+00,8.125437594303772215e+00
1.629840025346115226e+03,-2.747123160252366688e+03,2.063501889228790844e+02,2.191583442230245637e+01,-3.375396804288765651e+01,0.000000000000000000e+00,4.831756576408111847e+00,8.125437593991286178e+00
1.632031608788382528e+03,-2.750498557056364461e+03,2.063501889228706148e+02,2.191583441606269389e+01,-3.375396804339481349e+01,0.000000000000000000e+00,4.831757253983835376e+00,8.125437594897523041e+00
1.634223192230646873e+03,-2.753873953860496385e+03,2.063501889228771233e+02,2.191583439054955207e+01,-3.375396804223107239e+01,0.000000000000000000e+00,4.831757518017767872e+00,8.125437594973199396e+00
1.636414775672915766e+03,-2.757249350665179009e+03,2.063501889228812445e+02,2.191583444391176982e+01,-3.375396804400200779e+01,0.000000000000000000e+00,4.831756124479475112e+00,8.125437594815895892e+00
1.638606359115184659e+03,-2.760624747469399153e+03,2.063501889228781749e+02,2.191583439868744421e+01,-3.375396804179337096e+01,0.000000000000000000e+00,4.831756901118323455e+00,8.125437594731424795e+00
1.640797942557448778e+03,-2.764000144273543356e+03,2.063501889228774644e+02,2.191583440353490531e+01,-3.375396804219593605e+01,0.000000000000000000e+00,4.831756357004651115e+00,8.125437594823720744e+00
1.642989525999720399e+03,-2.767375541077625257e+03,2.063501889228775212e+02,2.191583442217607569e+01,-3.375396804198356193e+01,0.000000000000000000e+00,4.831756884031896959e+00,8.125437594646200523e+00
1.645181109441986564e+03,-2.770750937882379276e+03,2.063501889228752759e+02,2.191583443463311909e+01,-3.375396804234605952e+01,0.000000000000000000e+00,4.831757400997652496e+00,8.125437595102113164e+00
1.647372692884255912e+03,-2.774126334686584869e+03,2.063501889228741959e+02,2.191583445097134231e+01,-3.375396804334444312e+01,0.000000000000000000e+00,4.831755121870587644e+00,8.125437595023253579e+00
1.649564276326519803e+03,-2.777501731490714064e+03,2.063501889228770949e+02,2.191583440929737847e+01,-3.375396804256013894e+01,0.000000000000000000e+00,4.831756889930358234e+00,8.125437594914755479e+00
1.651755859768789378e+03,-2.780877128294973318e+03,2.063501889228819266e+02,2.191583438091115710e+01,-3.375396804285039565e+01,0.000000000000000000e+00,4.831755375483926862e+00,8.125437594640906980e+00
1.653947443211060545e+03,-2.784252525099242575e+03,2.063501889228767254e+02,2.191583439512913145e+01,-3.375396804261462336e+01,0.000000000000000000e+00,4.831755939587607962e+00,8.125437594693529775e+00
1.656139026653326709e+03,-2.787627921903429524e+03,2.063501889228767823e+02,2.191583437969086745e+01,-3.375396804325425393e+01,0.000000000000000000e+00,4.831756740351987212e+00,8.125437594493581273e+00
1.658330610095593784e+03,-2.791003318707609196e+03,2.063501889228791129e+02,2.191583442942879856e+01,-3.375396804213888657e+01,0.000000000000000000e+00,4.831756925330958907e+00,8.125437594613281078e+00
1.660522193537860176e+03,-2.794378715512254075e+03,2.063501889228789423e+02,2.191583446511227606e+01,-3.375396804223856861e+01,0.000000000000000000e+00,4.831757008025221900e+00,8.125437594599539182e+00
1.662713776980129524e+03,-2.797754112316291867e+03,2.063501889228787149e+02,2.191583438861314548e+01,-3.375396804301231413e+01,0.000000000000000000e+00,4.831756101248670277e+00,8.125437594912083838e+00
1.664905360422396143e+03,-2.801129509120597504e+03,2.063501889228822108e+02,2.191583443655748908e+01,-3.375396804222630465e+01,0.000000000000000000e+00,4.831756786727603448e+00,8.125437594733261548e+00
1.667096943864663899e+03,-2.804504905924802642e+03,2.063501889228815855e+02,2.191583440300905039e+01,-3.375396804110802407e+01,0.000000000000000000e+00,4.831755223773058994e+00,8.125437594213098080e+00
1.669288527306934384e+03,-2.807880302728814513e+03,2.063501889228782602e+02,2.191583445145684905e+01,-3.375396804381517768e+01,0.000000000000000000e+00,4.831756759063539519e+00,8.125437594434783861e+00
1.671480110749202140e+03,-2.811255699533298866e+03,2.063501889228762423e+02,2.191583448197811279e+01,-3.375396804258249972e+01,0.000000000000000000e+00,4.831756332003159571e+00,8.125437594743676328e+00
1.673671694191468760e+03,-2.814631096337560848e+03,2.063501889228766970e+02,2.191583443586854685e+01,-3.375396804147836605e+01,0.000000000000000000e+00,4.831755966719901707e+00,8.125437594402951547e+00
1.675863277633736061e+03,-2.818006493142167528e+03,2.063501889228853372e+02,2.191583442556790828e+01,-3.375396804203892742e+01,0.000000000000000000e+00,4.831756645291899410e+00,8.125437594625310567e+00
1.678054861076003817e+03,-2.821381889946055708e+03,2.063501889228792834e+02,2.191583441189895964e+01,-3.375396804202556211e+01,0.000000000000000000e+00,4.831755792322078413e+00,8.125437594672193953e+00
1.680246444518269982e+03,-2.824757286750266758e+03,2.063501889228784023e+02,2.191583443081408689e+01,-3.375396804168727272e+01,0.000000000000000000e+00,4.831756631183320216e+00,8.125437594205296321e+00
1.682438027960540239e+03,-2.828132683554663345e+03,2.063501889228754180e+02,2.191583445657513707e+01,-3.375396804256150318e+01,0.000000000000000000e+00,4.831756567232135424e+00,8.125437594737695335e+00
1.684629611402807086e+03,-2.831508080358807092e+03,2.063501889228776633e+02,2.191583438772941506e+01,-3.375396804467459333e+01,0.000000000000000000e+00,4.831757835606323326e+00,8.125437594441699218e+00
1.686821194845074160e+03,-2.834883477163263706e+03,2.063501889228743096e+02,2.191583440372424008e+01,-3.375396804111861115e+01,0.000000000000000000e+00,4.831755933744348752e+00,8.125437594863475610e+00
1.689012778287343281e+03,-2.838258873967055933e+03,2.063501889228767823e+02,2.191583436747238167e+01,-3.375396804314617327e+01,0.000000000000000000e+00,4.831757504965835004e+00,8.125437594182109535e+00
1.691204361729609900e+03,-2.841634270771367028e+03,2.063501889228799939e+02,2.191583439032047664e+01,-3.375396804246540938e+01,0.000000000000000000e+00,4.831757230532021552e+00,8.125437595034348703e+00
1.693395945171876065e+03,-2.845009667575408457e+03,2.063501889228774075e+02,2.191583446185879680e+01,-3.375396804319286304e+01,0.000000000000000000e+00,4.831757344561441236e+00,8.125437595086404841e+00
1.695587528614145640e+03,-2.848385064380158383e+03,2.063501889228789992e+02,2.191583439393187405e+01,-3.375396804079132806e+01,0.000000000000000000e+00,4.831756291313462626e+00,8.125437595187857909e+00
1.697779112056416125e+03,-2.851760461184326232e+03,2.063501889228745370e+02,2.191583443881041759e+01,-3.375396804222064873e+01,0.000000000000000000e+00,4.831757374542059225e+00,8.125437594904106220e+00
1.699970695498680925e+03,-2.855135857988620501e+03,2.063501889228768675e+02,2.191583441442168478e+01,-3.375396804194392075e+01,0.000000000000000000e+00,4.831757769163653293e+00,8.125437594568920119e+00
1.702162278940949818e+03,-2.858511254792812451e+03,2.063501889228755317e+02,2.191583445679034980e+01,-3.375396804296706676e+01,0.000000000000000000e+00,4.831755202418512418e+00,8.125437594780045458e+00
1.704353862383215301e+03,-2.861886651596901174e+03,2.063501889228723201e+02,2.191583440245217673e+01,-3.375396804143732510e+01,0.000000000000000000e+00,4.831755182509772872e+00,8.125437594859667101e+00
1.706545445825484649e+03,-2.865262048401493303e+03,2.063501889228803918e+02,2.191583443607921211e+01,-3.375396804317267652e+01,0.000000000000000000e+00,4.831755840018261416e+00,8.125437595086387077e+00
1.708737029267753769e+03,-2.868637445205593849e+03,2.063501889228815855e+02,2.191583440295910989e+01,-3.375396804170948428e+01,0.000000000000000000e+00,4.831755261982186411e+00,8.125437595374959798e+00
1.710928612710018342e+03,-2.872012842009839460e+03,2.063501889228753043e+02,2.191583441833094170e+01,-3.375396804262798156e+01,0.000000000000000000e+00,4.831756428152262473e+00,8.125437594572526123e+00
1.713120196152286098e+03,-2.875388238814244232e+03,2.063501889228846267e+02,2.191583446867593921e+01,-3.375396804318288702e+01,0.000000000000000000e+00,4.831755484267328704e+00,8.125437594711836908e+00
1.715311779594556356e+03,-2.878763635618304306e+03,2.063501889228822108e+02,2.191583442800393655e+01,-3.375396804252140726e+01,0.000000000000000000e+00,4.831755945989555379e+00,8.125437595397157153e+00
1.717503363036822748e+03,-2.882139032422653599e+03,2.063501889228803350e+02,2.191583441240225483e+01,-3.375396804372073944e+01,0.000000000000000000e+00,4.831754423946480692e+00,8.125437594627264559e+00
1.719694946479092550e+03,-2.885514429227172513e+03,2.063501889228760149e+02,2.191583438929746208e+01,-3.375396804273739093e+01,0.000000000000000000e+00,4.831756142615905247e+00,8.125437594781507400e+00
1.721886529921360534e+03,-2.888889826031234861e+03,2.063501889228753896e+02,2.191583441081140649e+01,-3.375396804091496961e+01,0.000000000000000000e+00,4.831756159090908831e+00,8.125437594773410765e+00
1.724078113363625789e+03,-2.892265222835436361e+03,2.063501889228771802e+02,2.191583442886258126e+01,-3.375396804234505765e+01,0.000000000000000000e+00,4.831756206694699074e+00,8.125437594793396556e+00
1.726269696805896729e+03,-2.895640619639667875e+03,2.063501889228785444e+02,2.191583440303450914e+01,-3.375396804269592366e+01,0.000000000000000000e+00,4.831755144335637908e+00,8.125437594643663886e+00
1.728461280248161529e+03,-2.899016016443624721e+03,2.063501889228801360e+02,2.191583443297451339e+01,-3.375396804300944353e+01,0.000000000000000000e+00,4.831756472818949710e+00,8.125437594558082566e+00
1.730652863690431332e+03,-2.902391413248210483e+03,2.063501889228793402e+02,2.191583441773584084e+01,-3.375396804256160266e+01,0.000000000000000000e+00,4.831756497210231593e+00,8.125437594818826881e+00
1.732844447132697724e+03,-2.905766810052704841e+03,2.063501889228745654e+02,2.191583441442410773e+01,-3.375396804166643250e+01,0.000000000000000000e+00,4.831756388015144843e+00,8.125437595236766342e+00
1.735036030574964116e+03,-2.909142206856877237e+03,2.063501889228790276e+02,2.191583442423222294e+01,-3.375396804230927472e+01,0.000000000000000000e+00,4.831756159580453236e+00,8.125437594560860788e+00
1.737227614017233009e+03,-2.912517603660830900e+03,2.063501889228796244e+02,2.191583443395352759e+01,-3.375396804372650195e+01,0.000000000000000000e+00,4.831755416660521441e+00,8.125437594510298567e+00
1.739419197459500765e+03,-2.915893000465259320e+03,2.063501889228789139e+02,2.191583441153538558e+01,-3.375396804298377162e+01,0.000000000000000000e+00,4.831757914413310040e+00,8.125437594683354803e+00
1.741610780901768521e+03,-2.919268397269695470e+03,2.063501889228776349e+02,2.191583439858208138e+01,-3.375396804245522731e+01,0.000000000000000000e+00,4.831756321180314728e+00,8.125437594488474247e+00
1.743802364344034686e+03,-2.922643794073665958e+03,2.063501889228806192e+02,2.191583439876822936e+01,-3.375396804304773468e+01,0.000000000000000000e+00,4.831757184235977221e+00,8.125437594656812479e+00
1.745993947786303124e+03,-2.926019190877843357e+03,2.063501889228793971e+02,2.191583445392392449e+01,-3.375396804315926857e+01,0.000000000000000000e+00,4.831757625917666665e+00,8.125437594385063633e+00
1.748185531228572245e+03,-2.929394587682540987e+03,2.063501889228815287e+02,2.191583446153305204e+01,-3.375396804225623981e+01,0.000000000000000000e+00,4.831755848092124772e+00,8.125437594823075926e+00
1.750377114670840683e+03,-2.932769984486734757e+03,2.063501889228791129e+02,2.191583440855724518e+01,-3.375396804249449190e+01,0.000000000000000000e+00,4.831757244447786093e+00,8.125437594460244384e+00
1.752568698113109804e+03,-2.936145381290845307e+03,2.063501889228800508e+02,2.191583440329119270e+01,-3.375396804207710488e+01,0.000000000000000000e+00,4.831756239129812336e+00,8.125437594945966069e+00
1.754760281555377105e+03,-2.939520778095016794e+03,2.063501889228807329e+02,2.191583442105127233e+01,-3.375396804315721511e+01,0.000000000000000000e+00,4.831755350329189014e+00,8.125437594997968915e+00
1.756951864997646226e+03,-2.942896174899140078e+03,2.063501889228778055e+02,2.191583443575177981e+01,-3.375396804208452295e+01,0.000000000000000000e+00,4.831755884603040840e+00,8.125437594601731206e+00
1.759143448439908525e+03,-2.946271571703504833e+03,2.063501889228845982e+02,2.191583441441934355e+01,-3.375396804277803398e+01,0.000000000000000000e+00,4.831756960311020421e+00,8.125437595050110318e+00
1.761335031882179919e+03,-2.949646968507813654e+03,2.063501889228795960e+02,2.191583438435377928e+01,-3.375396804221220037e+01,0.000000000000000000e+00,4.831755789807576029e+00,8.125437594507193495e+00
1.763526615324445629e+03,-2.953022365312212060e+03,2.063501889228719506e+02,2.191583443639978768e+01,-3.375396804121477601e+01,0.000000000000000000e+00,4.831756050096173816e+00,8.125437594463836177e+00
1.765718198766713840e+03,-2.956397762116344893e+03,2.063501889228789992e+02,2.191583443924346142e+01,-3.375396804341860246e+01,0.000000000000000000e+00,4.831757312255667181e+00,8.125437594980539302e+00
1.767909782208982961e+03,-2.959773158920671904e+03,2.063501889228717516e+02,2.191583442945394111e+01,-3.375396804317513499e+01,0.000000000000000000e+00,4.831756727509292304e+00,8.125437594267838293e+00
1.770101365651248898e+03,-2.963148555724912512e+03,2.063501889228825235e+02,2.191583443788023189e+01,-3.375396804228641656e+01,0.000000000000000000e+00,4.831757461486608562e+00,8.125437595153025327e+00
1.772292949093515517e+03,-2.966523952529158123e+03,2.063501889228770949e+02,2.191583439351044049e+01,-3.375396804247051108e+01,0.000000000000000000e+00,4.831756047367845142e+00,8.125437594045671119e+00
1.774484532535782591e+03,-2.969899349333480131e+03,2.063501889228780897e+02,2.191583443951248000e+01,-3.375396804200555323e+01,0.000000000000000000e+00,4.831757074263484775e+00,8.125437594475579672e+00
1.776676115978055122e+03,-2.973274746137453803e+03,2.063501889228802213e+02,2.191583445633379768e+01,-3.375396804209865564e+01,0.000000000000000000e+00,4.831757048837207691e+00,8.125437594634568939e+00
1.778867699420321742e+03,-2.976650142941861304e+03,2.063501889228765833e+02,2.191583437646000476e+01,-3.375396804389558270e+01,0.000000000000000000e+00,4.831757106093001575e+00,8.125437595319299433e+00
1.781059282862590180e+03,-2.980025539745518017e+03,2.063501889228781181e+02,2.191583441464894477e+01,-3.375396804182545196e+01,0.000000000000000000e+00,4.831756251490676668e+00,8.125437594948245135e+00
1.783250866304857482e+03,-2.983400936550374354e+03,2.063501889228795676e+02,2.191583439870199257e+01,-3.375396804383230176e+01,0.000000000000000000e+00,4.831756870036842066e+00,8.125437594673174502e+00
1.785442449747126602e+03,-2.986776333354775488e+03,2.063501889228795676e+02,2.191583441792965203e+01,-3.375396804129118067e+01,0.000000000000000000e+00,4.831756693040879291e+00,8.125437594491700111e+00
1.787634033189393449e+03,-2.990151730158812825e+03,2.063501889228837740e+02,2.191583446392091616e+01,-3.375396804064863687e+01,0.000000000000000000e+00,4.831755864808916279e+00,8.125437594432700195e+00
1.789825616631658932e+03,-2.993527126962995681e+03,2.063501889228769528e+02,2.191583443132292786e+01,-3.375396804128681794e+01,0.000000000000000000e+00,4.831756252405082108e+00,8.125437594683951659e+00
1.792017200073927825e+03,-2.996902523767383627e+03,2.063501889228758159e+02,2.191583440573207398e+01,-3.375396804191060340e+01,0.000000000000000000e+00,4.831756327081330404e+00,8.125437594807653596e+00
1.794208783516192852e+03,-3.000277920571862978e+03,2.063501889228754180e+02,2.191583440779514191e+01,-3.375396804285778529e+01,0.000000000000000000e+00,4.831756377754473419e+00,8.125437594838919253e+00
1.796400366958464929e+03,-3.003653317376253199e+03,2.063501889228777770e+02,2.191583437956746749e+01,-3.375396804085277580e+01,0.000000000000000000e+00,4.831755765728667384e+00,8.125437594517563866e+00
1.798591950400729274e+03,-3.007028714179944927e+03,2.063501889228759580e+02,2.191583445684362630e+01,-3.375396804196979872e+01,0.000000000000000000e+00,4.831753662181007769e+00,8.125437595050886586e+00
1.800783533842997713e+03,-3.010404110984221006e+03,2.063501889228749917e+02,2.191583443390826247e+01,-3.375396804290094366e+01,0.000000000000000000e+00,4.831756754187517267e+00,8.125437595013767833e+00
1.802975117285267061e+03,-3.013779507788326100e+03,2.063501889228840867e+02,2.191583441006969935e+01,-3.375396804258441108e+01,0.000000000000000000e+00,4.831757141811903189e+00,8.125437594063061653e+00
1.805166700727533225e+03,-3.017154904593161518e+03,2.063501889228807613e+02,2.191583443861818736e+01,-3.375396804272796913e+01,0.000000000000000000e+00,4.831756408492133836e+00,8.125437594663926788e+00
1.807358284169802573e+03,-3.020530301397050152e+03,2.063501889228791697e+02,2.191583444446144924e+01,-3.375396804271201745e+01,0.000000000000000000e+00,4.831756059126627534e+00,8.125437594981601563e+00
1.809549867612068510e+03,-3.023905698201618634e+03,2.063501889228754180e+02,2.191583441455781056e+01,-3.375396804310177146e+01,0.000000000000000000e+00,4.831757258461438553e+00,8.125437594868440527e+00
1.811741451054336039e+03,-3.027281095005693714e+03,2.063501889228779760e+02,2.191583445202460112e+01,-3.375396804205479384e+01,0.000000000000000000e+00,4.831756110631754808e+00,8.125437594602949787e+00
1.813933034496603568e+03,-3.030656491810120770e+03,2.063501889228774075e+02,2.191583439654272780e+01,-3.375396804282731011e+01,0.000000000000000000e+00,4.831756919770166192e+00,8.125437594365505944e+00
1.816124617938873598e+03,-3.034031888614296349e+03,2.063501889228832340e+02,2.191583449380690141e+01,-3.375396804274928542e+01,0.000000000000000000e+00,4.831755464442169412e+00,8.125437594482594506e+00
1.818316201381140445e+03,-3.037407285418725223e+03,2.063501889228769244e+02,2.191583441916735353e+01,-3.375396804253536231e+01,0.000000000000000000e+00,4.831756816008025979e+00,8.125437594903198502e+00
1.820507784823407974e+03,-3.040782682222720723e+03,2.063501889228787434e+02,2.191583440728671306e+01,-3.375396804257803751e+01,0.000000000000000000e+00,4.831756740990694077e+00,8.125437594285319420e+00
1.822699368265675048e+03,-3.044158079027216445e+03,2.063501889228782886e+02,2.191583439695991586e+01,-3.375396804473522394e+01,0.000000000000000000e+00,4.831757321368201019e+00,8.125437594531925711e+00
1.824890951707941440e+03,-3.047533475831453870e+03,2.063501889228779760e+02,2.191583443425052025e+01,-3.375396804287592545e+01,0.000000000000000000e+00,4.831754672429341646e+00,8.125437594570959376e+00
1.827082535150209424e+03,-3.050908872635831358e+03,2.063501889228775497e+02,2.191583443278737775e+01,-3.375396804180110166e+01,0.000000000000000000e+00,4.831757415592353944e+00,8.125437594418997378e+00
1.829274118592478089e+03,-3.054284269439917807e+03,2.063501889228770381e+02,2.191583441703270552e+01,-3.375396804286031482e+01,0.000000000000000000e+00,4.831756276185697807e+00,8.125437594848014200e+00
1.831465702034748801e+03,-3.057659666244192067e+03,2.063501889228832624e+02,2.191583440672028615e+01,-3.375396804303537834e+01,0.000000000000000000e+00,4.831757150230950870e+00,8.125437594918647477e+00
1.833657285477013147e+03,-3.061035063048270786e+03,2.063501889228785160e+02,2.191583445754379511e+01,-3.375396804164739706e+01,0.000000000000000000e+00,4.831757181433055770e+00,8.125437594869575619e+00
1.835848868919282495e+03,-3.064410459852994336e+03,2.063501889228768675e+02,2.191583444617197074e+01,-3.375396804207557011e+01,0.000000000000000000e+00,4.831756370642298570e+00,8.125437594725681834e+00
1.838040452361550479e+03,-3.067785856656802480e+03,2.063501889228769244e+02,2.191583443886169746e+01,-3.375396804279821339e+01,0.000000000000000000e+00,4.831756360531737293e+00,8.125437594609008940e+00
1.840232035803816871e+03,-3.071161253461350043e+03,2.063501889228754749e+02,2.191583445062268609e+01,-3.375396804290635089e+01,0.000000000000000000e+00,4.831756790747816943e+00,8.125437594859935331e+00
1.842423619246084854e+03,-3.074536650265750268e+03,2.063501889228797097e+02,2.191583445199515268e+01,-3.375396804126678063e+01,0.000000000000000000e+00,4.831754103665842237e+00,8.125437594393611462e+00
1.844615202688350792e+03,-3.077912047069775326e+03,2.063501889228815003e+02,2.191583445042657274e+01,-3.375396804077796986e+01,0.000000000000000000e+00,4.831756070081080878e+00,8.125437594346223591e+00
1.846806786130623323e+03,-3.081287443874105520e+03,2.063501889228813582e+02,2.191583444867596597e+01,-3.375396804282541297e+01,0.000000000000000000e+00,4.831755670353593324e+00,8.125437595319619177e+00
1.848998369572888805e+03,-3.084662840678198791e+03,2.063501889228788855e+02,2.191583439771868669e+01,-3.375396804293445996e+01,0.000000000000000000e+00,4.831756661979917489e+00,8.125437594396251129e+00
1.851189953015156561e+03,-3.088038237482520799e+03,2.063501889228824950e+02,2.191583448002056400e+01,-3.375396804261860950e+01,0.000000000000000000e+00,4.831755985634310413e+00,8.125437595177512407e+00
1.853381536457424318e+03,-3.091413634286509023e+03,2.063501889228789423e+02,2.191583442516699165e+01,-3.375396804222961578e+01,0.000000000000000000e+00,4.831755373822391064e+00,8.125437594461445201e+00
1.855573119899691847e+03,-3.094789031090677327e+03,2.063501889228786297e+02,2.191583438662359029e+01,-3.375396804316572030e+01,0.000000000000000000e+00,4.831757212591493378e+00,8.125437595013305980e+00
1.857764703341959148e+03,-3.098164427895353128e+03,2.063501889228784876e+02,2.191583447372833859e+01,-3.375396804289630381e+01,0.000000000000000000e+00,4.831757759115054895e+00,8.125437594938981434e+00
1.859956286784227814e+03,-3.101539824699418205e+03,2.063501889228767254e+02,2.191583441904651863e+01,-3.375396804186679844e+01,0.000000000000000000e+00,4.831756638393433612e+00,8.125437594465978464e+00
1.862147870226495570e+03,-3.104915221503949397e+03,2.063501889228772086e+02,2.191583444073642184e+01,-3.375396804236143566e+01,0.000000000000000000e+00,4.831756681909326723e+00,8.125437595211170816e+00
1.864339453668763781e+03,-3.108290618308141802e+03,2.063501889228784307e+02,2.191583440047364562e+01,-3.375396804198758360e+01,0.000000000000000000e+00,4.831755195094305400e+00,8.125437594226248450e+00
1.866531037111030173e+03,-3.111666015112303285e+03,2.063501889228767254e+02,2.191583440186282772e+01,-3.375396804140547857e+01,0.000000000000000000e+00,4.831757200646898731e+00,8.125437594578993838e+00
1.868722620553300203e+03,-3.115041411916724883e+03,2.063501889228804203e+02,2.191583436136847141e+01,-3.375396804324852695e+01,0.000000000000000000e+00,4.831755585988681823e+00,8.125437595040093441e+00
1.870914203995564549e+03,-3.118416808721026428e+03,2.063501889228822392e+02,2.191583445759617277e+01,-3.375396804287989028e+01,0.000000000000000000e+00,4.831756702372785206e+00,8.125437594518162499e+00
1.873105787437837080e+03,-3.121792205524920064e+03,2.063501889228750485e+02,2.191583440124957249e+01,-3.375396804172073217e+01,0.000000000000000000e+00,4.831756887986112581e+00,8.125437594791094398e+00
1.875297370880101653e+03,-3.125167602329140664e+03,2.063501889228759865e+02,2.191583447643995797e+01,-3.375396804249820804e+01,0.000000000000000000e+00,4.831755122702680261e+00,8.125437594546873754e+00
1.877488954322370319e+03,-3.128542999133681406e+03,2.063501889228780328e+02,2.191583441071310290e+01,-3.375396804274591034e+01,0.000000000000000000e+00,4.831755600368041748e+00,8.125437594685882559e+00
1.879680537764636938e+03,-3.131918395938116191e+03,2.063501889228840867e+02,2.191583446165988036e+01,-3.375396804235406023e+01,0.000000000000000000e+00,4.831756870580774965e+00,8.125437595165685423e+00
1.881872121206905604e+03,-3.135293792742338155e+03,2.063501889228812445e+02,2.191583443494015526e+01,-3.375396804198668832e+01,0.000000000000000000e+00,4.831756269871505971e+00,8.125437594400533925e+00
1.884063704649173815e+03,-3.138669189546574216e+03,2.063501889228735706e+02,2.191583440262925819e+01,-3.375396804206760493e+01,0.000000000000000000e+00,4.831756129826191959e+00,8.125437594537952890e+00
1.886255288091439070e+03,-3.142044586350371901e+03,2.063501889228799939e+02,2.191583442974964058e+01,-3.375396804176307342e+01,0.000000000000000000e+00,4.831756478543138833e+00,8.125437594849854506e+00
1.888446871533710237e+03,-3.145419983154817146e+03,2.063501889228800508e+02,2.191583435636719202e+01,-3.375396804350615554e+01,0.000000000000000000e+00,4.831756748904748378e+00,8.125437594371559769e+00
1.890638454975975947e+03,-3.148795379958981357e+03,2.063501889228771233e+02,2.191583441465090587e+01,-3.375396804221922054e+01,0.000000000000000000e+00,4.831757199395723568e+00,8.125437594774943761e+00
1.892830038418242566e+03,-3.152170776763430240e+03,2.063501889228769812e+02,2.191583436388353689e+01,-3.375396804231881021e+01,0.000000000000000000e+00,4.831757302662487596e+00,8.125437594773213590e+00
1.895021621860510777e+03,-3.155546173567200185e+03,2.063501889228778623e+02,2.191583441584824499e+01,-3.375396804283551688e+01,0.000000000000000000e+00,4.831757316459340146e+00,8.125437594693423193e+00
1.897213205302779897e+03,-3.158921570371552207e+03,2.063501889228781181e+02,2.191583444250468204e+01,-3.375396804167728959e+01,0.000000000000000000e+00,4.831757142957454398e+00,8.125437594722164647e+00
1.899404788745043788e+03,-3.162296967176222097e+03,2.063501889228780612e+02,2.191583446919208100e+01,-3.375396804366931036e+01,0.000000000000000000e+00,4.831758091209935380e+00,8.125437594868104796e+00
1.901596372187317684e+03,-3.165672363980161208e+03,2.063501889228798518e+02,2.191583440784784642e+01,-3.375396804289191266e+01,0.000000000000000000e+00,4.831756503257078172e+00,8.125437594641661931e+00
1.903787955629582711e+03,-3.169047760784786078e+03,2.063501889228753043e+02,2.191583437869173423e+01,-3.375396804171370491e+01,0.000000000000000000e+00,4.831755866270142974e+00,8.125437594522507467e+00
1.905979539071850695e+03,-3.172423157589086713e+03,2.063501889228747928e+02,2.191583444035607542e+01,-3.375396804295303355e+01,0.000000000000000000e+00,4.831757596181118330e+00,8.125437594541558894e+00
1.908171122514119588e+03,-3.175798554393259110e+03,2.063501889228791697e+02,2.191583441213336769e+01,-3.375396804156074637e+01,0.000000000000000000e+00,4.831756602698654035e+00,8.125437594317734380e+00
1.910362705956388254e+03,-3.179173951197393762e+03,2.063501889228801360e+02,2.191583444117321378e+01,-3.375396804181292509e+01,0.000000000000000000e+00,4.831756174820568184e+00,8.125437594726831136e+00
1.912554289398653282e+03,-3.182549348001991348e+03,2.063501889228772654e+02,2.191583442219619116e+01,-3.375396804248260452e+01,0.000000000000000000e+00,4.831755543387262541e+00,8.125437594376204942e+00
1.914745872840921947e+03,-3.185924744805918635e+03,2.063501889228770665e+02,2.191583440408205874e+01,-3.375396804192157418e+01,0.000000000000000000e+00,4.831755650714994132e+00,8.125437594240612071e+00
1.916937456283189704e+03,-3.189300141610116953e+03,2.063501889228795108e+02,2.191583440696870966e+01,-3.375396804253577443e+01,0.000000000000000000e+00,4.831756824100736480e+00,8.125437594550772857e+00
1.919129039725458824e+03,-3.192675538414571292e+03,2.063501889228789139e+02,2.191583442779549884e+01,-3.375396804389390581e+01,0.000000000000000000e+00,4.831756791927998229e+00,8.125437594983372591e+00
1.921320623167723625e+03,-3.196050935218203904e+03,2.063501889228803634e+02,2.191583440261600302e+01,-3.375396804182861388e+01,0.000000000000000000e+00,4.831757688588323774e+00,8.125437594395705787e+00
1.923512206609993882e+03,-3.199426332022785118e+03,2.063501889228767254e+02,2.191583442217889655e+01,-3.375396804301338705e+01,0.000000000000000000e+00,4.831757328302265897e+00,8.125437594741194758e+00
1.925703790052263457e+03,-3.202801728827143506e+03,2.063501889228797666e+02,2.191583443320466884e+01,-3.375396804193417211e+01,0.000000000000000000e+00,4.831757299145933438e+00,8.125437594828406773e+00
1.927895373494528030e+03,-3.206177125631752915e+03,2.063501889228800223e+02,2.191583443901583905e+01,-3.375396804282781460e+01,0.000000000000000000e+00,4.831756924774377460e+00,8.125437594382345807e+00
1.930086956936796469e+03,-3.209552522435690207e+03,2.063501889228792265e+02,2.191583443273219700e+01,-3.375396804227121805e+01,0.000000000000000000e+00,4.831757380834995175e+00,8.125437595091840493e+00
1.932278540379063543e+03,-3.212927919240021765e+03,2.063501889228742243e+02,2.191583447799599327e+01,-3.375396804393615469e+01,0.000000000000000000e+00,4.831756602551990909e+00,8.125437594708847300e+00
1.934470123821330617e+03,-3.216303316044279654e+03,2.063501889228834614e+02,2.191583444804140868e+01,-3.375396804362752334e+01,0.000000000000000000e+00,4.831755309628550599e+00,8.125437594111348361e+00
1.936661707263599965e+03,-3.219678712848540727e+03,2.063501889228821256e+02,2.191583441084204509e+01,-3.375396804118759775e+01,0.000000000000000000e+00,4.831755896311242360e+00,8.125437594573902800e+00
1.938853290705867494e+03,-3.223054109652853185e+03,2.063501889228781465e+02,2.191583438900523362e+01,-3.375396804216071445e+01,0.000000000000000000e+00,4.831757152724165394e+00,8.125437594327591384e+00
1.941044874148134340e+03,-3.226429506456895069e+03,2.063501889228850530e+02,2.191583442358636802e+01,-3.375396804301003328e+01,0.000000000000000000e+00,4.831756612116975269e+00,8.125437594539700825e+00
1.943236457590399141e+03,-3.229804903261323489e+03,2.063501889228814150e+02,2.191583440920335590e+01,-3.375396804292370234e+01,0.000000000000000000e+00,4.831754866120905767e+00,8.125437594634211891e+00
1.945428041032670762e+03,-3.233180300065826941e+03,2.063501889228845698e+02,2.191583443150906874e+01,-3.375396804298786435e+01,0.000000000000000000e+00,4.831756253372506471e+00,8.125437594572417765e+00
1.947619624474939201e+03,-3.236555696869894291e+03,2.063501889228791413e+02,2.191583440412885153e+01,-3.375396804334675238e+01,0.000000000000000000e+00,4.831755811810717560e+00,8.125437594468559510e+00
1.949811207917207184e+03,-3.239931093673847045e+03,2.063501889228722348e+02,2.191583444909341694e+01,-3.375396804196157063e+01,0.000000000000000000e+00,4.831757882885352906e+00,8.125437594719256751e+00
1.952002791359471757e+03,-3.243306490478119485e+03,2.063501889228802781e+02,2.191583440867816179e+01,-3.375396804269869477e+01,0.000000000000000000e+00,4.831757039452512004e+00,8.125437595093279342e+00
1.954194374801741333e+03,-3.246681887282574280e+03,2.063501889228787149e+02,2.191583441344474181e+01,-3.375396804308415710e+01,0.000000000000000000e+00,4.831756832337584129e+00,8.125437594510685813e+00
1.956385958244009089e+03,-3.250057284086870823e+03,2.063501889228826656e+02,2.191583442874682319e+01,-3.375396804379661120e+01,0.000000000000000000e+00,4.831755484158702707e+00,8.125437594045063605e+00
1.958577541686275936e+03,-3.253432680891323798e+03,2.063501889228780044e+02,2.191583439996366778e+01,-3.375396804351857583e+01,0.000000000000000000e+00,4.831757027413511096e+00,8.125437594256011309e+00
1.960769125128546420e+03,-3.256808077695535758e+03,2.063501889228767254e+02,2.191583443052617497e+01,-3.375396804260081041e+01,0.000000000000000000e+00,4.831756552782575653e+00,8.125437595908429955e+00
1.962960708570811676e+03,-3.260183474499317981e+03,2.063501889228771802e+02,2.191583444494974486e+01,-3.375396804273144369e+01,0.000000000000000000e+00,4.831756709215330403e+00,8.125437594544125730e+00
1.965152292013080569e+03,-3.263558871304178865e+03,2.063501889228846551e+02,2.191583440776473424e+01,-3.375396804167417741e+01,0.000000000000000000e+00,4.831756708277366030e+00,8.125437594716482081e+00
1.967343875455347643e+03,-3.266934268108293054e+03,2.063501889228732011e+02,2.191583442011467753e+01,-3.375396804322255662e+01,0.000000000000000000e+00,4.831756432973115523e+00,8.125437594990163603e+00
1.969535458897615626e+03,-3.270309664911992513e+03,2.063501889228777202e+02,2.191583438769632153e+01,-3.375396804252474681e+01,0.000000000000000000e+00,4.831757240894367200e+00,8.125437594325617852e+00
1.971727042339885429e+03,-3.273685061716705150e+03,2.063501889228751622e+02,2.191583442783192837e+01,-3.375396804313972154e+01,0.000000000000000000e+00,4.831756462737731184e+00,8.125437594588486689e+00
1.973918625782152958e+03,-3.277060458520887551e+03,2.063501889228803350e+02,2.191583445537018804e+01,-3.375396804323776223e+01,0.000000000000000000e+00,4.831756062260895490e+00,8.125437594739571168e+00
1.976110209224418895e+03,-3.280435855325692501e+03,2.063501889228796813e+02,2.191583436499495008e+01,-3.375396804225055547e+01,0.000000000000000000e+00,4.831757577178447782e+00,8.125437594930369656e+00
1.978301792666684833e+03,-3.283811252129722561e+03,2.063501889228845130e+02,2.191583444569219452e+01,-3.375396804203646894e+01,0.000000000000000000e+00,4.831754998479027563e+00,8.125437594599862479e+00
1.980493376108954863e+03,-3.287186648933697597e+03,2.063501889228794255e+02,2.191583441429294510e+01,-3.375396804268412865e+01,0.000000000000000000e+00,4.831756728267684764e+00,8.125437594858789581e+00
1.982684959551220800e+03,-3.290562045738260622e+03,2.063501889228785160e+02,2.191583440202598965e+01,-3.375396804204215329e+01,0.000000000000000000e+00,4.831756391598581502e+00,8.125437594765671179e+00
1.984876542993488101e+03,-3.293937442542392091e+03,2.063501889228817561e+02,2.191583441949553546e+01,-3.375396804185258759e+01,0.000000000000000000e+00,4.831756759512152222e+00,8.125437594754918891e+00
1.987068126435758131e+03,-3.297312839346375767e+03,2.063501889228783455e+02,2.191583441944381150e+01,-3.375396804365346526e+01,0.000000000000000000e+00,4.831757144461734654e+00,8.125437594856283141e+00
1.989259709878025433e+03,-3.300688236151182991e+03,2.063501889228763559e+02,2.191583442389910985e+01,-3.375396804294032904e+01,0.000000000000000000e+00,4.831756246038882985e+00,8.125437594659066676e+00
1.991451293320293416e+03,-3.304063632954611876e+03,2.063501889228819550e+02,2.191583438452192567e+01,-3.375396804255657202e+01,0.000000000000000000e+00,4.831757127452203093e+00,8.125437594489836712e+00
1.993642876762560945e+03,-3.307439029759088953e+03,2.063501889228813582e+02,2.191583441549204281e+01,-3.375396804201697165e+01,0.000000000000000000e+00,4.831756791457200606e+00,8.125437594475362957e+00
1.995834460204828929e+03,-3.310814426563513734e+03,2.063501889228759012e+02,2.191583437716767691e+01,-3.375396804342611290e+01,0.000000000000000000e+00,4.831755934624376358e+00,8.125437595548358871e+00
1.998026043647094411e+03,-3.314189823368199541e+03,2.063501889228776918e+02,2.191583443966084843e+01,-3.375396804220750369e+01,0.000000000000000000e+00,4.831757620512794560e+00,8.125437594542136210e+00
2.000217627089363077e+03,-3.317565220171967667e+03,2.063501889228787149e+02,2.191583442194733422e+01,-3.375396804274293316e+01,0.000000000000000000e+00,4.831755876613942569e+00,8.125437595222347653e+00
2.002409210531634017e+03,-3.320940616976437923e+03,2.063501889228764128e+02,2.191583441476909400e+01,-3.375396804286221197e+01,0.000000000000000000e+00,4.831756193680062594e+00,8.125437595008923708e+00
2.004600793973900863e+03,-3.324316013780699905e+03,2.063501889228795960e+02,2.191583444364379929e+01,-3.375396804281211161e+01,0.000000000000000000e+00,4.831755872187047274e+00,8.125437594804711949e+00
2.006792377416167710e+03,-3.327691410584904133e+03,2.063501889228767538e+02,2.191583440997702681e+01,-3.375396804089216118e+01,0.000000000000000000e+00,4.831757516039303368e+00,8.125437594944665776e+00
2.008983960858436831e+03,-3.331066807389101996e+03,2.063501889228776918e+02,2.191583441426784873e+01,-3.375396804326014433e+01,0.000000000000000000e+00,4.831756711371598456e+00,8.125437595292815729e+00
2.011175544300701631e+03,-3.334442204193204361e+03,2.063501889228737980e+02,2.191583440532895111e+01,-3.375396804203515444e+01,0.000000000000000000e+00,4.831756113776558337e+00,8.125437595301018945e+00
2.013367127742970297e+03,-3.337817600997630962e+03,2.063501889228787718e+02,2.191583440866950383e+01,-3.375396804304044451e+01,0.000000000000000000e+00,4.831755086326694482e+00,8.125437594727333845e+00
2.015558711185237144e+03,-3.341192997801764250e+03,2.063501889228855930e+02,2.191583440811659500e+01,-3.375396804413312424e+01,0.000000000000000000e+00,4.831756568244529149e+00,8.125437593780748813e+00
2.017750294627507174e+03,-3.344568394606087168e+03,2.063501889228775212e+02,2.191583443669447462e+01,-3.375396804169261600e+01,0.000000000000000000e+00,4.831756567467751395e+00,8.125437594747177528e+00
2.019941878069774020e+03,-3.347943791410368704e+03,2.063501889228820119e+02,2.191583441624515061e+01,-3.375396804208107682e+01,0.000000000000000000e+00,4.831755553819340854e+00,8.125437594716657941e+00
2.022133461512043368e+03,-3.351319188214987662e+03,2.063501889228769244e+02,2.191583440326515131e+01,-3.375396804396574169e+01,0.000000000000000000e+00,4.831756842186008427e+00,8.125437595453281148e+00
2.024325044954308169e+03,-3.354694585019020451e+03,2.063501889228781749e+02,2.191583442692691719e+01,-3.375396804331732881e+01,0.000000000000000000e+00,4.831757203680106194e+00,8.125437594955041476e+00
2.026516628396577516e+03,-3.358069981823334729e+03,2.063501889228790844e+02,2.191583437626249520e+01,-3.375396804104362047e+01,0.000000000000000000e+00,4.831754019360044339e+00,8.125437594624061788e+00
2.028708211838843908e+03,-3.361445378627526679e+03,2.063501889228743096e+02,2.191583442825224282e+01,-3.375396804154006247e+01,0.000000000000000000e+00,4.831756238109066182e+00,8.125437594531287999e+00
2.030899795281113938e+03,-3.364820775431707261e+03,2.063501889228833193e+02,2.191583446495201670e+01,-3.375396804170353704e+01,0.000000000000000000e+00,4.831756170274420725e+00,8.125437595082541264e+00
2.033091378723379648e+03,-3.368196172235748236e+03,2.063501889228777770e+02,2.191583445809046538e+01,-3.375396804093416137e+01,0.000000000000000000e+00,4.831756352345840000e+00,8.125437594495066307e+00
2.035282962165648541e+03,-3.371571569040273516e+03,2.063501889228824382e+02,2.191583441311717806e+01,-3.375396804291357711e+01,0.000000000000000000e+00,4.831756864968583365e+00,8.125437595002884095e+00
2.037474545607915616e+03,-3.374946965844529586e+03,2.063501889228779191e+02,2.191583439472636385e+01,-3.375396804279061769e+01,0.000000000000000000e+00,4.831756407315108248e+00,8.125437594871822711e+00
2.039666129050184054e+03,-3.378322362648646958e+03,2.063501889228773223e+02,2.191583441133287735e+01,-3.375396804251204230e+01,0.000000000000000000e+00,4.831755574566152234e+00,8.125437594362137972e+00
2.041857712492452492e+03,-3.381697759453093113e+03,2.063501889228832056e+02,2.191583448081900087e+01,-3.375396804291559505e+01,0.000000000000000000e+00,4.831757018794853309e+00,8.125437594785084983e+00
2.044049295934721385e+03,-3.385073156257374649e+03,2.063501889228767823e+02,2.191583443274519993e+01,-3.375396804203322887e+01,0.000000000000000000e+00,4.831755997431395500e+00,8.125437594605523728e+00
2.046240879376984594e+03,-3.388448553061230996e+03,2.063501889228782318e+02,2.191583439874857930e+01,-3.375396804234404158e+01,0.000000000000000000e+00,4.831757520343201939e+00,8.125437594711003797e+00
2.048432462819255306e+03,-3.391823949866151452e+03,2.063501889228734569e+02,2.191583442557746153e+01,-3.375396804238998527e+01,0.000000000000000000e+00,4.831755334610766006e+00,8.125437594913341499e+00
2.050624046261521926e+03,-3.395199346669742226e+03,2.063501889228824666e+02,2.191583443569701473e+01,-3.375396804171134590e+01,0.000000000000000000e+00,4.831755976811979991e+00,8.125437594631465643e+00
2.052815629703790364e+03,-3.398574743474150637e+03,2.063501889228798802e+02,2.191583436894850223e+01,-3.375396804265825779e+01,0.000000000000000000e+00,4.831755858918474367e+00,8.125437594607694436e+00
2.055007213146059257e+03,-3.401950140278600429e+03,2.063501889228798234e+02,2.191583443987006063e+01,-3.375396804185646715e+01,0.000000000000000000e+00,4.831756654423107200e+00,8.125437595110556188e+00
2.057198796588324058e+03,-3.405325537082761912e+03,2.063501889228867299e+02,2.191583449713767706e+01,-3.375396804127927197e+01,0.000000000000000000e+00,4.831756367770887017e+00,8.125437594561576660e+00
2.059390380030591587e+03,-3.408700933886897019e+03,2.063501889228793971e+02,2.191583444305232220e+01,-3.375396804174592091e+01,0.000000000000000000e+00,4.831756020443766175e+00,8.125437594413970288e+00
2.061581963472861389e+03,-3.412076330691252224e+03,2.063501889228841435e+02,2.191583443511667184e+01,-3.375396804233883330e+01,0.000000000000000000e+00,4.831755757696252651e+00,8.125437594913014649e+00
2.063773546915133011e+03,-3.415451727495792966e+03,2.063501889228792550e+02,2.191583441465673943e+01,-3.375396804266942041e+01,0.000000000000000000e+00,4.831757573774252634e+00,8.125437594285921605e+00
2.065965130357398721e+03,-3.418827124299693423e+03,2.063501889228758728e+02,2.191583447206355117e+01,-3.375396804376100590e+01,0.000000000000000000e+00,4.831755193021689543e+00,8.125437594960875032e+00
2.068156713799668523e+03,-3.422202521104253265e+03,2.063501889228794539e+02,2.191583444002425551e+01,-3.375396804211987245e+01,0.000000000000000000e+00,4.831755644094702262e+00,8.125437594655219087e+00
2.070348297241932414e+03,-3.425577917908487962e+03,2.063501889228787718e+02,2.191583442391698000e+01,-3.375396804398240391e+01,0.000000000000000000e+00,4.831755520612306398e+00,8.125437594176629474e+00
2.072539880684204491e+03,-3.428953314712927749e+03,2.063501889228770381e+02,2.191583440991382048e+01,-3.375396804280875784e+01,0.000000000000000000e+00,4.831755143642135764e+00,8.125437593952293369e+00
2.074731464126472019e+03,-3.432328711516668136e+03,2.063501889228795392e+02,2.191583445019809773e+01,-3.375396804443349907e+01,0.000000000000000000e+00,4.831757238264918541e+00,8.125437594578581724e+00
2.076923047568736820e+03,-3.435704108321342574e+03,2.063501889228805055e+02,2.191583445594589108e+01,-3.375396804136136808e+01,0.000000000000000000e+00,4.831756758285719933e+00,8.125437594861846691e+00
2.079114631011006168e+03,-3.439079505125519063e+03,2.063501889228748780e+02,2.191583440472705391e+01,-3.375396804282218000e+01,0.000000000000000000e+00,4.831757273469888148e+00,8.125437595116276057e+00
2.081306214453275970e+03,-3.442454901929654170e+03,2.063501889228780328e+02,2.191583442405604032e+01,-3.375396804331562350e+01,0.000000000000000000e+00,4.831756491441439927e+00,8.125437594656245821e+00
2.083497797895543044e+03,-3.445830298734010739e+03,2.063501889228795960e+02,2.191583443056240554e+01,-3.375396804270096140e+01,0.000000000000000000e+00,4.831754984929747643e+00,8.125437594633249105e+00
2.085689381337810119e+03,-3.449205695537909833e+03,2.063501889228748780e+02,2.191583444198472108e+01,-3.375396804303255038e+01,0.000000000000000000e+00,4.831756206689312272e+00,8.125437594627614502e+00
2.087880964780079466e+03,-3.452581092342170450e+03,2.063501889228730874e+02,2.191583442444305518e+01,-3.375396804324445554e+01,0.000000000000000000e+00,4.831757164498795554e+00,8.125437594809023167e+00
2.090072548222345631e+03,-3.455956489146764852e+03,2.063501889228803918e+02,2.191583443554482713e+01,-3.375396804270555151e+01,0.000000000000000000e+00,4.831756245124991800e+00,8.125437594758157189e+00
2.092264131664613160e+03,-3.459331885951092772e+03,2.063501889228816992e+02,2.191583439551882506e+01,-3.375396804269480100e+01,0.000000000000000000e+00,4.831757056336054568e+00,8.125437594632870741e+00
2.094455715106883872e+03,-3.462707282755353845e+03,2.063501889228788002e+02,2.191583441546511679e+01,-3.375396804259575845e+01,0.000000000000000000e+00,4.831755401199956168e+00,8.125437594760004600e+00
2.096647298549148218e+03,-3.466082679559411645e+03,2.063501889228728601e+02,2.191583444488814081e+01,-3.375396804300732612e+01,0.000000000000000000e+00,4.831757221414177295e+00,8.125437594314465883e+00
2.098838881991415292e+03,-3.469458076363883720e+03,2.063501889228839161e+02,2.191583442191950226e+01,-3.375396804356938674e+01,0.000000000000000000e+00,4.831757211214878112e+00,8.125437594726761859e+00
2.101030465433685549e+03,-3.472833473167770990e+03,2.063501889228783455e+02,2.191583441075746563e+01,-3.375396804199429823e+01,0.000000000000000000e+00,4.831756634953659812e+00,8.125437594673119435e+00
2.103222048875952623e+03,-3.476208869972595494e+03,2.063501889228761854e+02,2.191583441561039791e+01,-3.375396804219460734e+01,0.000000000000000000e+00,4.831756754684290556e+00,8.125437594817453757e+00
2.105413632318222881e+03,-3.479584266776487766e+03,2.063501889228768960e+02,2.191583439761189922e+01,-3.375396804294759789e+01,0.000000000000000000e+00,4.831756634302241338e+00,8.125437594452227685e+00
2.107605215760489045e+03,-3.482959663580536471e+03,2.063501889228763559e+02,2.191583438067338108e+01,-3.375396804211623447e+01,0.000000000000000000e+00,4.831757064024367665e+00,8.125437595090838627e+00
2.109796799202758393e+03,-3.486335060384946246e+03,2.063501889228795392e+02,2.191583439792345800e+01,-3.375396804255742467e+01,0.000000000000000000e+00,4.831756250238287365e+00,8.125437595294098259e+00
2.111988382645025467e+03,-3.489710457189213685e+03,2.063501889228774928e+02,2.191583439170778291e+01,-3.375396804234193837e+01,0.000000000000000000e+00,4.831756826493651680e+00,8.125437594673369901e+00
2.114179966087292541e+03,-3.493085853993682576e+03,2.063501889228789139e+02,2.191583438511610282e+01,-3.375396804303531439e+01,0.000000000000000000e+00,4.831756120827218837e+00,8.125437595215858622e+00
2.116371549529562344e+03,-3.496461250797862704e+03,2.063501889228812445e+02,2.191583446175549810e+01,-3.375396804349509239e+01,0.000000000000000000e+00,4.831756249019894867e+00,8.125437594712369815e+00
2.118563132971830328e+03,-3.499836647602263383e+03,2.063501889228798802e+02,2.191583442651158720e+01,-3.375396804305726306e+01,0.000000000000000000e+00,4.831756050850536610e+00,8.125437594750895443e+00
2.120754716414097857e+03,-3.503212044406080167e+03,2.063501889228822392e+02,2.191583441213019157e+01,-3.375396804269377782e+01,0.000000000000000000e+00,4.831757306987666034e+00,8.125437595002003022e+00
2.122946299856367659e+03,-3.506587441210435372e+03,2.063501889228804771e+02,2.191583442442286866e+01,-3.375396804255193928e+01,0.000000000000000000e+00,4.831754864410148009e+00,8.125437594575764422e+00
2.125137883298630186e+03,-3.509962838015222587e+03,2.063501889228791697e+02,2.191583440859811560e+01,-3.375396804312432408e+01,0.000000000000000000e+00,4.831756720352048617e+00,8.125437594712533240e+00
2.127329466740904991e+03,-3.513338234818850196e+03,2.063501889228803634e+02,2.191583442227426559e+01,-3.375396804148053320e+01,0.000000000000000000e+00,4.831756894620927056e+00,8.125437595127886325e+00
2.129521050183168882e+03,-3.516713631623519177e+03,2.063501889228764981e+02,2.191583443051844071e+01,-3.375396804218362945e+01,0.000000000000000000e+00,4.831757389509346190e+00,8.125437594866522062e+00
2.131712633625438230e+03,-3.520089028427875746e+03,2.063501889228740538e+02,2.191583440477174349e+01,-3.375396804190968680e+01,0.000000000000000000e+00,4.831756447371392760e+00,8.125437595595823126e+00
2.133904217067707123e+03,-3.523464425231743462e+03,2.063501889228813866e+02,2.191583439397116351e+01,-3.375396804276162754e+01,0.000000000000000000e+00,4.831757272633812050e+00,8.125437594922303219e+00
2.136095800509974197e+03,-3.526839822036283749e+03,2.063501889228814434e+02,2.191583447387658268e+01,-3.375396804284997643e+01,0.000000000000000000e+00,4.831755536837773590e+00,8.125437594940141395e+00
2.138287383952242180e+03,-3.530215218840407033e+03,2.063501889228755317e+02,2.191583444977540651e+01,-3.375396804342072699e+01,0.000000000000000000e+00,4.831757223716521388e+00,8.125437594820512643e+00
2.140478967394509255e+03,-3.533590615644419813e+03,2.063501889228760149e+02,2.191583446490016129e+01,-3.375396804244407178e+01,0.000000000000000000e+00,4.831756417038367779e+00,8.125437594815268838e+00
2.142670550836779512e+03,-3.536966012448910078e+03,2.063501889228771518e+02,2.191583445112585338e+01,-3.375396804187737843e+01,0.000000000000000000e+00,4.831757729900256315e+00,8.125437595206513208e+00
2.144862134279047950e+03,-3.540341409253145230e+03,2.063501889228825519e+02,2.191583445157964505e+01,-3.375396804263238693e+01,0.000000000000000000e+00,4.831756757666552993e+00,8.125437594557332943e+00
2.147053717721313660e+03,-3.543716806057777831e+03,2.063501889228778907e+02,2.191583439458048588e+01,-3.375396804295471043e+01,0.000000000000000000e+00,4.831756776727837988e+00,8.125437594592588297e+00
2.149245301163579825e+03,-3.547092202861623264e+03,2.063501889228744801e+02,2.191583441469562032e+01,-3.375396804211818846e+01,0.000000000000000000e+00,4.831755837762137240e+00,8.125437594674206565e+00
2.151436884605850537e+03,-3.550467599665305443e+03,2.063501889228746791e+02,2.191583441327345483e+01,-3.375396804189964683e+01,0.000000000000000000e+00,4.831755664057265420e+00,8.125437594705585909e+00
2.153628468048118066e+03,-3.553842996470049911e+03,2.063501889228758444e+02,2.191583440514344971e+01,-3.375396804199586143e+01,0.000000000000000000e+00,4.831755054474976774e+00,8.125437594866371072e+00
2.155820051490386504e+03,-3.557218393274498794e+03,2.063501889228735138e+02,2.191583442370298229e+01,-3.375396804348290658e+01,0.000000000000000000e+00,4.831756737142354652e+00,8.125437594988703438e+00
2.158011634932654488e+03,-3.560593790078292841e+03,2.063501889228779760e+02,2.191583442931889536e+01,-3.375396804350329205e+01,0.000000000000000000e+00,4.831756710878641670e+00,8.125437595233387711e+00
2.160203218374921562e+03,-3.563969186883054590e+03,2.063501889228811308e+02,2.191583442059987163e+01,-3.375396804314121368e+01,0.000000000000000000e+00,4.831758295045728957e+00,8.125437594281233800e+00
2.162394801817190910e+03,-3.567344583687139220e+03,2.063501889228773223e+02,2.191583441835179258e+01,-3.375396804180249433e+01,0.000000000000000000e+00,4.831757362652020049e+00,8.125437594805895003e+00
2.164586385259457074e+03,-3.570719980491620390e+03,2.063501889228802781e+02,2.191583444777651479e+01,-3.375396804268547868e+01,0.000000000000000000e+00,4.831756767354800530e+00,8.125437594660597895e+00
2.166777968701727787e+03,-3.574095377295606340e+03,2.063501889228768960e+02,2.191583442035654627e+01,-3.375396804244010696e+01,0.000000000000000000e+00,4.831756444380409299e+00,8.125437594530259489e+00
2.168969552143991677e+03,-3.577470774100216659e+03,2.063501889228800508e+02,2.191583442195250697e+01,-3.375396804244243043e+01,0.000000000000000000e+00,4.831757714651880420e+00,8.125437594344878889e+00
2.171161135586261025e+03,-3.580846170904050723e+03,2.063501889228801076e+02,2.191583442623500844e+01,-3.375396804273179896e+01,0.000000000000000000e+00,4.831757504915858981e+00,8.125437594507708639e+00
2.173352719028528554e+03,-3.584221567708701514e+03,2.063501889228814434e+02,2.191583442930577874e+01,-3.375396804263419881e+01,0.000000000000000000e+00,4.831757901831015722e+00,8.125437594554643539e+00
2.175544302470798812e+03,-3.587596964512554223e+03,2.063501889228767254e+02,2.191583442621987032e+01,-3.375396804157425379e+01,0.000000000000000000e+00,4.831756278193940268e+00,8.125437594776197869e+00
2.177735885913067250e+03,-3.590972361316835304e+03,2.063501889228804487e+02,2.191583442589914554e+01,-3.375396804201098178e+01,0.000000000000000000e+00,4.831754322802417789e+00,8.125437594135419772e+00
2.179927469355333869e+03,-3.594347758121546121e+03,2.063501889228778055e+02,2.191583442202780674e+01,-3.375396804200651957e+01,0.000000000000000000e+00,4.831755380665997635e+00,8.125437595397935198e+00
2.182119052797602308e+03,-3.597723154925543440e+03,2.063501889228781465e+02,2.191583444627416100e+01,-3.375396804366588555e+01,0.000000000000000000e+00,4.831755409035730864e+00,8.125437595263450774e+00
2.184310636239869837e+03,-3.601098551729842256e+03,2.063501889228813582e+02,2.191583440471110222e+01,-3.375396804291715824e+01,0.000000000000000000e+00,4.831756761204142769e+00,8.125437594631447880e+00
2.186502219682136456e+03,-3.604473948534109695e+03,2.063501889228818698e+02,2.191583438684678953e+01,-3.375396804303264986e+01,0.000000000000000000e+00,4.831756279166918411e+00,8.125437594284299792e+00
2.188693803124407623e+03,-3.607849345338388503e+03,2.063501889228781749e+02,2.191583444683329063e+01,-3.375396804233757564e+01,0.000000000000000000e+00,4.831755478121190883e+00,8.125437594632552774e+00
2.190885386566672878e+03,-3.611224742142326704e+03,2.063501889228783739e+02,2.191583438833133357e+01,-3.375396804187299438e+01,0.000000000000000000e+00,4.831756812901740972e+00,8.125437595212407160e+00
2.193076970008941316e+03,-3.614600138947104369e+03,2.063501889228762138e+02,2.191583444407102377e+01,-3.375396804371046500e+01,0.000000000000000000e+00,4.831756105176649996e+00,8.125437594394915308e+00
2.195268553451208845e+03,-3.617975535751365442e+03,2.063501889228773507e+02,2.191583438912388715e+01,-3.375396804331573719e+01,0.000000000000000000e+00,4.831756270024532007e+00,8.125437594502946226e+00
2.197460136893477738e+03,-3.621350932555722466e+03,2.063501889228766686e+02,2.191583441737731164e+01,-3.375396804433913189e+01,0.000000000000000000e+00,4.831756662736402141e+00,8.125437594162677968e+00
2.199651720335747541e+03,-3.624726329359316878e+03,2.063501889228769244e+02,2.191583442165004669e+01,-3.375396804214033608e+01,0.000000000000000000e+00,4.831757127109672645e+00,8.125437594368687400e+00
2.201843303778011432e+03,-3.628101726163880357e+03,2.063501889228786013e+02,2.191583445026628496e+01,-3.375396804178246413e+01,0.000000000000000000e+00,4.831756702241247758e+00,8.125437594350875870e+00
2.204034887220283963e+03,-3.631477122968335152e+03,2.063501889228818413e+02,2.191583444528145463e+01,-3.375396804339880674e+01,0.000000000000000000e+00,4.831756999458558965e+00,8.125437594602816560e+00
2.206226470662549673e+03,-3.634852519772548476e+03,2.063501889228803634e+02,2.191583441733072846e+01,-3.375396804274453899e+01,0.000000000000000000e+00,4.831755632396152578e+00,8.125437594606884417e+00
2.208418054104816747e+03,-3.638227916576781354e+03,2.063501889228775212e+02,2.191583446616239783e+01,-3.375396804199827727e+01,0.000000000000000000e+00,4.831757220034168299e+00,8.125437595204187957e+00
2.210609637547082457e+03,-3.641603313380740474e+03,2.063501889228809887e+02,2.191583442296984785e+01,-3.375396804195749212e+01,0.000000000000000000e+00,4.831757458248225667e+00,8.125437594443170042e+00
2.212801220989355443e+03,-3.644978710185162527e+03,2.063501889228774644e+02,2.191583440463217158e+01,-3.375396804374036464e+01,0.000000000000000000e+00,4.831756574973320006e+00,8.125437594415446441e+00
2.214992804431622517e+03,-3.648354106989238062e+03,2.063501889228804487e+02,2.191583443507254003e+01,-3.375396804275996487e+01,0.000000000000000000e+00,4.831755388338923041e+00,8.125437594570117383e+00
2.217184387873889591e+03,-3.651729503793775621e+03,2.063501889228718937e+02,2.191583439896048091e+01,-3.375396804307030152e+01,0.000000000000000000e+00,4.831756106024132968e+00,8.125437594900027705e+00
2.219375971316156210e+03,-3.655104900598184486e+03,2.063501889228797666e+02,2.191583444103249789e+01,-3.375396804409434992e+01,0.000000000000000000e+00,4.831756303803715902e+00,8.125437594963537791e+00
2.221567554758422375e+03,-3.658480297402203178e+03,2.063501889228752191e+02,2.191583440757544921e+01,-3.375396804283976593e+01,0.000000000000000000e+00,4.831755961854537595e+00,8.125437594288342780e+00
2.223759138200693997e+03,-3.661855694206752105e+03,2.063501889228793402e+02,2.191583439430144509e+01,-3.375396804278425122e+01,0.000000000000000000e+00,4.831756477533982519e+00,8.125437594421120124e+00
2.225950721642961980e+03,-3.665231091010621185e+03,2.063501889228796813e+02,2.191583440491699619e+01,-3.375396804231094450e+01,0.000000000000000000e+00,4.831756228410229781e+00,8.125437594807401354e+00
2.228142305085229509e+03,-3.668606487814737648e+03,2.063501889228722916e+02,2.191583443085236382e+01,-3.375396804271981210e+01,0.000000000000000000e+00,4.831756341367057672e+00,8.125437594898665239e+00
2.230333888527496129e+03,-3.671981884619088760e+03,2.063501889228759865e+02,2.191583441076026517e+01,-3.375396804272783413e+01,0.000000000000000000e+00,4.831756806593642928e+00,8.125437594452989742e+00
2.232525471969766386e+03,-3.675357281423800941e+03,2.063501889228804203e+02,2.191583444347881127e+01,-3.375396804277516338e+01,0.000000000000000000e+00,4.831757574606899475e+00,8.125437594233718031e+00
2.234717055412031186e+03,-3.678732678227674114e+03,2.063501889228798518e+02,2.191583443532413611e+01,-3.375396804319100141e+01,0.000000000000000000e+00,4.831756832414223268e+00,8.125437595112508404e+00
2.236908638854303263e+03,-3.682108075032513625e+03,2.063501889228787434e+02,2.191583443511512641e+01,-3.375396804231811387e+01,0.000000000000000000e+00,4.831755858244440205e+00,8.125437595016256509e+00
2.239100222296570792e+03,-3.685483471836510944e+03,2.063501889228786013e+02,2.191583442277122984e+01,-3.375396804221478675e+01,0.000000000000000000e+00,4.831756645276356288e+00,8.125437594884420633e+00
2.241291805738836956e+03,-3.688858868640875244e+03,2.063501889228751907e+02,2.191583444199521935e+01,-3.375396804160348552e+01,0.000000000000000000e+00,4.831757142355886714e+00,8.125437594689637777e+00
2.243483389181104030e+03,-3.692234265444875746e+03,2.063501889228782034e+02,2.191583443067631976e+01,-3.375396804302397413e+01,0.000000000000000000e+00,4.831756717692444525e+00,8.125437594721125478e+00
2.245674972623370195e+03,-3.695609662249344183e+03,2.063501889228780897e+02,2.191583441898549367e+01,-3.375396804079542790e+01,0.000000000000000000e+00,4.831755911673655923e+00,8.125437595183726103e+00
2.247866556065641817e+03,-3.698985059053521582e+03,2.063501889228799087e+02,2.191583440667893967e+01,-3.375396804186431865e+01,0.000000000000000000e+00,4.831758545527717885e+00,8.125437595065898577e+00
2.250058139507907526e+03,-3.702360455857395209e+03,2.063501889228806192e+02,2.191583441908703023e+01,-3.375396804225061231e+01,0.000000000000000000e+00,4.831755992093943242e+00,8.125437594629364213e+00
2.252249722950178239e+03,-3.705735852661590343e+03,2.063501889228801360e+02,2.191583441452927872e+01,-3.375396804333286127e+01,0.000000000000000000e+00,4.831756709331793687e+00,8.125437594821827147e+00
2.254441306392447132e+03,-3.709111249465911442e+03,2.063501889228776349e+02,2.191583440677352357e+01,-3.375396804126202710e+01,0.000000000000000000e+00,4.831755831014268310e+00,8.125437594647955564e+00
2.256632889834712842e+03,-3.712486646270743677e+03,2.063501889228785444e+02,2.191583442384399305e+01,-3.375396804275419527e+01,0.000000000000000000e+00,4.831756275232326203e+00,8.125437594509017813e+00
2.258824473276980825e+03,-3.715862043074852863e+03,2.063501889228793971e+02,2.191583447321826839e+01,-3.375396804262790340e+01,0.000000000000000000e+00,4.831755995431274542e+00,8.125437595051717921e+00
2.261016056719246990e+03,-3.719237439878934310e+03,2.063501889228775497e+02,2.191583441727989268e+01,-3.375396804338114976e+01,0.000000000000000000e+00,4.831756909566410130e+00,8.125437594608689196e+00
2.263207640161517247e+03,-3.722612836683076239e+03,2.063501889228816708e+02,2.191583439793341981e+01,-3.375396804249086813e+01,0.000000000000000000e+00,4.831756370151834012e+00,8.125437594293575927e+00
2.265399223603783867e+03,-3.725988233487870275e+03,2.063501889228810739e+02,2.191583442388798986e+01,-3.375396804226501501e+01,0.000000000000000000e+00,4.831756989155232773e+00,8.125437594319453893e+00
2.267590807046053214e+03,-3.729363630291807112e+03,2.063501889228784876e+02,2.191583438302100362e+01,-3.375396804222597780e+01,0.000000000000000000e+00,4.831757243110054389e+00,8.125437595114432199e+00
2.269782390488318924e+03,-3.732739027096029531e+03,2.063501889228803634e+02,2.191583441565553514e+01,-3.375396804257765382e+01,0.000000000000000000e+00,4.831755206262505986e+00,8.125437594148070986e+00
2.271973973930590546e+03,-3.736114423900312431e+03,2.063501889228817845e+02,2.191583442373529422e+01,-3.375396804083686675e+01,0.000000000000000000e+00,4.831756386071115017e+00,8.125437594078929848e+00
2.274165557372858075e+03,-3.739489820704446174e+03,2.063501889228767538e+02,2.191583445854307044e+01,-3.375396804196171274e+01,0.000000000000000000e+00,4.831756441526728452e+00,8.125437595136622448e+00
2.276357140815125149e+03,-3.742865217508930073e+03,2.063501889228764981e+02,2.191583444250749224e+01,-3.375396804379521853e+01,0.000000000000000000e+00,4.831756976514610002e+00,8.125437594922185980e+00
2.278548724257392223e+03,-3.746240614312899652e+03,2.063501889228759580e+02,2.191583439816256274e+01,-3.375396804427057873e+01,0.000000000000000000e+00,4.831756475582433374e+00,8.125437594495291904e+00
2.280740307699658388e+03,-3.749616011117444486e+03,2.063501889228851383e+02,2.191583443666719333e+01,-3.375396804020752484e+01,0.000000000000000000e+00,4.831757199803371705e+00,8.125437594703480926e+00
2.282931891141927281e+03,-3.752991407921708287e+03,2.063501889228805339e+02,2.191583438197524458e+01,-3.375396804362236480e+01,0.000000000000000000e+00,4.831755425227087564e+00,8.125437594621926607e+00
2.285123474584196174e+03,-3.756366804725710608e+03,2.063501889228846835e+02,2.191583440013138784e+01,-3.375396804213772839e+01,0.000000000000000000e+00,4.831758135641163854e+00,8.125437594715929635e+00
2.287315058026466431e+03,-3.759742201530334114e+03,2.063501889228801929e+02,2.191583440968162577e+01,-3.375396804306912912e+01,0.000000000000000000e+00,4.831756935063635794e+00,8.125437595198103935e+00
2.289506641468734415e+03,-3.763117598334226841e+03,2.063501889228762423e+02,2.191583444541175396e+01,-3.375396804313596277e+01,0.000000000000000000e+00,4.831756265219651070e+00,8.125437594524166585e+00
2.291698224911001489e+03,-3.766492995138571587e+03,2.063501889228880373e+02,2.191583440640424030e+01,-3.375396804321579936e+01,0.000000000000000000e+00,4.831757268816988748e+00,8.125437594360745308e+00
2.293889808353270382e+03,-3.769868391942636208e+03,2.063501889228798518e+02,2.191583443851345336e+01,-3.375396804237573178e+01,0.000000000000000000e+00,4.831756194621320333e+00,8.125437594444266054e+00
2.296081391795535637e+03,-3.773243788747563940e+03,2.063501889228791129e+02,2.191583444972855332e+01,-3.375396804261189487e+01,0.000000000000000000e+00,4.831756633344664209e+00,8.125437594602061608e+00
2.298272975237806349e+03,-3.776619185551432565e+03,2.063501889228772654e+02,2.191583440271735839e+01,-3.375396804275887774e+01,0.000000000000000000e+00,4.831754979018880292e+00,8.125437594854160395e+00
2.300464558680072514e+03,-3.779994582356008777e+03,2.063501889228803918e+02,2.191583444059943986e+01,-3.375396804192904199e+01,0.000000000000000000e+00,4.831756952691238283e+00,8.125437594683681652e+00
2.302656142122339133e+03,-3.783369979159972445e+03,2.063501889228760717e+02,2.191583439798947452e+01,-3.375396804186420496e+01,0.000000000000000000e+00,4.831756355497589084e+00,8.125437594829804766e+00
2.304847725564608027e+03,-3.786745375964193499e+03,2.063501889228773507e+02,2.191583443914177209e+01,-3.375396804210278390e+01,0.000000000000000000e+00,4.831756816461432180e+00,8.125437594815807074e+00
2.307039309006875555e+03,-3.790120772768534152e+03,2.063501889228716095e+02,2.191583440983030684e+01,-3.375396804168455134e+01,0.000000000000000000e+00,4.831756495690044950e+00,8.125437594781256934e+00
2.309230892449143084e+03,-3.793496169572455528e+03,2.063501889228787149e+02,2.191583436495725579e+01,-3.375396804292701347e+01,0.000000000000000000e+00,4.831756696252069716e+00,8.125437593997604679e+00
2.311422475891414251e+03,-3.796871566376979899e+03,2.063501889228774360e+02,2.191583441794299247e+01,-3.375396804216488533e+01,0.000000000000000000e+00,4.831756528338134515e+00,8.125437594822006560e+00
2.313614059333677687e+03,-3.800246963181677984e+03,2.063501889228809318e+02,2.191583440687333706e+01,-3.375396804265086104e+01,0.000000000000000000e+00,4.831756712919627716e+00,8.125437595136826729e+00
2.315805642775950673e+03,-3.803622359985123694e+03,2.063501889228765265e+02,2.191583447012673957e+01,-3.375396804059558775e+01,0.000000000000000000e+00,4.831756608647274298e+00,8.125437594594492552e+00
2.317997226218215474e+03,-3.806997756789729465e+03,2.063501889228787434e+02,2.191583440231776692e+01,-3.375396804109256976e+01,0.000000000000000000e+00,4.831756143033275386e+00,8.125437594625207538e+00
2.320188809660483457e+03,-3.810373153594046926e+03,2.063501889228786581e+02,2.191583444209069498e+01,-3.375396804262842920e+01,0.000000000000000000e+00,4.831756824425903929e+00,8.125437595061564267e+00
2.322380393102754169e+03,-3.813748550398294356e+03,2.063501889228839161e+02,2.191583436516052075e+01,-3.375396804267483475e+01,0.000000000000000000e+00,4.831755321108142986e+00,8.125437594524989038e+00
2.324571976545019879e+03,-3.817123947202327145e+03,2.063501889228775212e+02,2.191583446846072292e+01,-3.375396804276289942e+01,0.000000000000000000e+00,4.831757110926521825e+00,8.125437595287474224e+00
2.326763559987287863e+03,-3.820499344006364481e+03,2.063501889228762707e+02,2.191583439531774502e+01,-3.375396804235703030e+01,0.000000000000000000e+00,4.831756279522782194e+00,8.125437594621292448e+00
2.328955143429556756e+03,-3.823874740810737876e+03,2.063501889228752759e+02,2.191583439558757007e+01,-3.375396804256327954e+01,0.000000000000000000e+00,4.831757538083065739e+00,8.125437594717340062e+00
2.331146726871825194e+03,-3.827250137615253607e+03,2.063501889228767823e+02,2.191583440091811852e+01,-3.375396804285542629e+01,0.000000000000000000e+00,4.831756730420483592e+00,8.125437594975089439e+00
2.333338310314096816e+03,-3.830625534419676569e+03,2.063501889228811876e+02,2.191583444820879123e+01,-3.375396804414690877e+01,0.000000000000000000e+00,4.831757009009931991e+00,8.125437594912465755e+00
2.335529893756361162e+03,-3.834000931224042233e+03,2.063501889228753612e+02,2.191583444063105190e+01,-3.375396804273685092e+01,0.000000000000000000e+00,4.831756928477201285e+00,8.125437595099828769e+00
2.337721477198628691e+03,-3.837376328027946784e+03,2.063501889228835466e+02,2.191583443187244740e+01,-3.375396804323253264e+01,0.000000000000000000e+00,4.831757472007986998e+00,8.125437594789746143e+00
2.339913060640898038e+03,-3.840751724832058699e+03,2.063501889228784023e+02,2.191583441308697999e+01,-3.375396804385338356e+01,0.000000000000000000e+00,4.831755194281215360e+00,8.125437594939524999e+00
2.342104644083163294e+03,-3.844127121636549873e+03,2.063501889228823529e+02,2.191583440069792132e+01,-3.375396804394254957e+01,0.000000000000000000e+00,4.831755775250755391e+00,8.125437594899819871e+00
2.344296227525433096e+03,-3.847502518440890071e+03,2.063501889228782602e+02,2.191583442861625741e+01,-3.375396804254337724e+01,0.000000000000000000e+00,4.831756138723577898e+00,8.125437594572217037e+00
2.346487810967699716e+03,-3.850877915244621363e+03,2.063501889228741959e+02,2.191583441412513267e+01,-3.375396804288217112e+01,0.000000000000000000e+00,4.831756594009173789e+00,8.125437594508936101e+00
2.348679394409968609e+03,-3.854253312049303986e+03,2.063501889228795392e+02,2.191583443264608988e+01,-3.375396804098895132e+01,0.000000000000000000e+00,4.831756204251992592e+00,8.125437594980301270e+00
2.350870977852236138e+03,-3.857628708853399985e+03,2.063501889228800223e+02,2.191583442542254190e+01,-3.375396804226026859e+01,0.000000000000000000e+00,4.831756079121179326e+00,8.125437594538921005e+00
2.353062561294505031e+03,-3.861004105657803393e+03,2.063501889228811024e+02,2.191583440921463577e+01,-3.375396804436418563e+01,0.000000000000000000e+00,4.831756905047643436e+00,8.125437594536817798e+00
2.355254144736771195e+03,-3.864379502461883476e+03,2.063501889228764696e+02,2.191583446078222863e+01,-3.375396804265638906e+01,0.000000000000000000e+00,4.831756896492645836e+00,8.125437595083212727e+00
2.357445728179038724e+03,-3.867754899266818029e+03,2.063501889228736843e+02,2.191583444018007043e+01,-3.375396804310079801e+01,0.000000000000000000e+00,4.831755858778520540e+00,8.125437594294512067e+00
2.359637311621307617e+03,-3.871130296071018165e+03,2.063501889228774928e+02,2.191583441462440263e+01,-3.375396804349752955e+01,0.000000000000000000e+00,4.831757561873148532e+00,8.125437595649268374e+00
2.361828895063576965e+03,-3.874505692874442502e+03,2.063501889228794823e+02,2.191583439301546932e+01,-3.375396804205070111e+01,0.000000000000000000e+00,4.831755421838405340e+00,8.125437594488257531e+00
2.364020478505844039e+03,-3.877881089679179240e+03,2.063501889228824382e+02,2.191583440885296241e+01,-3.375396804386201666e+01,0.000000000000000000e+00,4.831755231354645019e+00,8.125437594826239618e+00
2.366212061948112023e+03,-3.881256486483624030e+03,2.063501889228782602e+02,2.191583438698833675e+01,-3.375396804295640862e+01,0.000000000000000000e+00,4.831756305473037472e+00,8.125437594963679899e+00
2.368403645390381826e+03,-3.884631883287507208e+03,2.063501889228779191e+02,2.191583442562643924e+01,-3.375396804163847975e+01,0.000000000000000000e+00,4.831757104078805654e+00,8.125437594488451154e+00
2.370595228832647990e+03,-3.888007280092348083e+03,2.063501889228819834e+02,2.191583444857997165e+01,-3.375396804302936715e+01,0.000000000000000000e+00,4.831756627591235365e+00,8.125437594620166237e+00
2.372786812274918248e+03,-3.891382676896202156e+03,2.063501889228791697e+02,2.191583441377616737e+01,-3.375396804290617325e+01,0.000000000000000000e+00,4.831755785237509038e+00,8.125437594075931358e+00
2.374978395717183957e+03,-3.894758073700205841e+03,2.063501889228797097e+02,2.191583443944625387e+01,-3.375396804355100500e+01,0.000000000000000000e+00,4.831755799885807612e+00,8.125437594828357035e+00
2.377169979159452396e+03,-3.898133470504752950e+03,2.063501889228776065e+02,2.191583443133855624e+01,-3.375396804320224220e+01,0.000000000000000000e+00,4.831757054739071577e+00,8.125437595017078962e+00
2.379361562601719015e+03,-3.901508867308811205e+03,2.063501889228801076e+02,2.191583445514869410e+01,-3.375396804284057595e+01,0.000000000000000000e+00,4.831755834080807332e+00,8.125437595382397404e+00
2.381553146043988818e+03,-3.904884264113153677e+03,2.063501889228841435e+02,2.191583444639993061e+01,-3.375396804139460016e+01,0.000000000000000000e+00,4.831757321414298367e+00,8.125437594350120918e+00
2.383744729486256347e+03,-3.908259660917465681e+03,2.063501889228799655e+02,2.191583438541342232e+01,-3.375396804363609959e+01,0.000000000000000000e+00,4.831755735382569306e+00,8.125437594458574608e+00
2.385936312928523876e+03,-3.911635057721622616e+03,2.063501889228802497e+02,2.191583442280166949e+01,-3.375396804177587740e+01,0.000000000000000000e+00,4.831757089569224561e+00,8.125437594998517810e+00
2.388127896370793678e+03,-3.915010454526108333e+03,2.063501889228795676e+02,2.191583436825320064e+01,-3.375396804318528154e+01,0.000000000000000000e+00,4.831756078980319558e+00,8.125437595210982522e+00
2.390319479813059388e+03,-3.918385851330208425e+03,2.063501889228805908e+02,2.191583441765458318e+01,-3.375396804261274752e+01,0.000000000000000000e+00,4.831757103662273956e+00,8.125437594701509170e+00
2.392511063255326917e+03,-3.921761248134214384e+03,2.063501889228750770e+02,2.191583440952869921e+01,-3.375396804227939640e+01,0.000000000000000000e+00,4.831758171824369619e+00,8.125437595018462744e+00
2.394702646697599448e+03,-3.925136644938812879e+03,2.063501889228770949e+02,2.191583444355477539e+01,-3.375396804190142319e+01,0.000000000000000000e+00,4.831756502784202212e+00,8.125437594182843171e+00
2.396894230139864248e+03,-3.928512041743247210e+03,2.063501889228792834e+02,2.191583440884217993e+01,-3.375396804042443222e+01,0.000000000000000000e+00,4.831755310892627442e+00,8.125437594284502296e+00
2.399085813582134051e+03,-3.931887438547230886e+03,2.063501889228801645e+02,2.191583444961509741e+01,-3.375396804242040361e+01,0.000000000000000000e+00,4.831756059917963420e+00,8.125437594812733977e+00
2.401277397024398397e+03,-3.935262835351195463e+03,2.063501889228743096e+02,2.191583441154637768e+01,-3.375396804337087531e+01,0.000000000000000000e+00,4.831755845743181510e+00,8.125437594383800644e+00
2.403468980466666380e+03,-3.938638232156087270e+03,2.063501889228770096e+02,2.191583444247856960e+01,-3.375396804220523705e+01,0.000000000000000000e+00,4.831755943419835830e+00,8.125437594702580313e+00
2.405660563908936638e+03,-3.942013628960070946e+03,2.063501889228803066e+02,2.191583444580795970e+01,-3.375396804307486320e+01,0.000000000000000000e+00,4.831757636561558655e+00,8.125437594486761839e+00
2.407852147351204167e+03,-3.945389025764288817e+03,2.063501889228778907e+02,2.191583441913891761e+01,-3.375396804330458167e+01,0.000000000000000000e+00,4.831755756486985298e+00,8.125437594739031155e+00
2.410043730793472150e+03,-3.948764422568960072e+03,2.063501889228792550e+02,2.191583441665332543e+01,-3.375396804285673369e+01,0.000000000000000000e+00,4.831755969750005875e+00,8.125437594674608022e+00
2.412235314235738315e+03,-3.952139819372785496e+03,2.063501889228791413e+02,2.191583447549631813e+01,-3.375396804299820275e+01,0.000000000000000000e+00,4.831756493119642393e+00,8.125437594886872006e+00
2.414426897678011755e+03,-3.955515216176975628e+03,2.063501889228777486e+02,2.191583442605520560e+01,-3.375396804307453635e+01,0.000000000000000000e+00,4.831756672533901842e+00,8.125437594712160205e+00
2.416618481120275646e+03,-3.958890612981262166e+03,2.063501889228763844e+02,2.191583441889131834e+01,-3.375396804230246772e+01,0.000000000000000000e+00,4.831755555295620397e+00,8.125437594516096595e+00
2.418810064562540902e+03,-3.962266009785776532e+03,2.063501889228743380e+02,2.191583445909972738e+01,-3.375396804177553634e+01,0.000000000000000000e+00,4.831756978457818263e+00,8.125437595263393931e+00
2.421001648004813433e+03,-3.965641406589745657e+03,2.063501889228819550e+02,2.191583443841520662e+01,-3.375396804223535696e+01,0.000000000000000000e+00,4.831755964225016520e+00,8.125437595096627774e+00
2.423193231447080507e+03,-3.969016803394127237e+03,2.063501889228761854e+02,2.191583443396371322e+01,-3.375396804287364461e+01,0.000000000000000000e+00,4.831756291549776705e+00,8.125437594886291137e+00
2.425384814889348490e+03,-3.972392200198330102e+03,2.063501889228800792e+02,2.191583440819512774e+01,-3.375396804249884752e+01,0.000000000000000000e+00,4.831757502452133757e+00,8.125437594843152311e+00
2.427576398331620112e+03,-3.975767597002937237e+03,2.063501889228781749e+02,2.191583440251624637e+01,-3.375396804222954472e+01,0.000000000000000000e+00,4.831758338519187568e+00,8.125437594350527704e+00
2.429767981773885367e+03,-3.979142993807089169e+03,2.063501889228802781e+02,2.191583443455971647e+01,-3.375396804349150415e+01,0.000000000000000000e+00,4.831756377259541324e+00,8.125437594612181513e+00
2.431959565216150622e+03,-3.982518390611390714e+03,2.063501889228777770e+02,2.191583444502636979e+01,-3.375396804108980575e+01,0.000000000000000000e+00,4.831756296619463598e+00,8.125437595390627266e+00
2.434151148658421789e+03,-3.985893787415186125e+03,2.063501889228786581e+02,2.191583439976293590e+01,-3.375396804354264191e+01,0.000000000000000000e+00,4.831754380377422109e+00,8.125437594939429076e+00
2.436342732100690682e+03,-3.989269184219436283e+03,2.063501889228803350e+02,2.191583440889244372e+01,-3.375396804302251752e+01,0.000000000000000000e+00,4.831755648256381264e+00,8.125437594806140140e+00
2.438534315542956847e+03,-3.992644581024124363e+03,2.063501889228848825e+02,2.191583442661562486e+01,-3.375396804296018161e+01,0.000000000000000000e+00,4.831755652285535163e+00,8.125437594969085353e+00
2.440725898985222557e+03,-3.996019977828046194e+03,2.063501889228780044e+02,2.191583444121900826e+01,-3.375396804240509141e+01,0.000000000000000000e+00,4.831756167566544136e+00,8.125437594930673413e+00
2.442917482427490995e+03,-3.999395374632311359e+03,2.063501889228822108e+02,2.191583443594660352e+01,-3.375396804159449715e+01,0.000000000000000000e+00,4.831757996808369704e+00,8.125437594756485638e+00
2.445109065869762617e+03,-4.002770771436713858e+03,2.063501889228731727e+02,2.191583445064640756e+01,-3.375396804474122092e+01,0.000000000000000000e+00,4.831757763689115137e+00,8.125437594704981947e+00
2.447300649312027417e+03,-4.006146168241073610e+03,2.063501889228782886e+02,2.191583439184562465e+01,-3.375396804226425473e+01,0.000000000000000000e+00,4.831756529904565944e+00,8.125437594979851852e+00
2.449492232754298584e+03,-4.009521565044940871e+03,2.063501889228841719e+02,2.191583436742886093e+01,-3.375396804153289310e+01,0.000000000000000000e+00,4.831757208215200272e+00,8.125437594526218277e+00
2.451683816196565203e+03,-4.012896961849413856e+03,2.063501889228773507e+02,2.191583440931207605e+01,-3.375396804302577891e+01,0.000000000000000000e+00,4.831757214506732900e+00,8.125437594698739829e+00
2.453875399638832278e+03,-4.016272358653738593e+03,2.063501889228771802e+02,2.191583440040015063e+01,-3.375396804325363576e+01,0.000000000000000000e+00,4.831757382132877865e+00,8.125437594212046477e+00
2.456066983081098442e+03,-4.019647755458067422e+03,2.063501889228749917e+02,2.191583441520937470e+01,-3.375396804227180070e+01,0.000000000000000000e+00,4.831755757883374969e+00,8.125437594760427373e+00
2.458258566523367790e+03,-4.023023152262248004e+03,2.063501889228785728e+02,2.191583448142959156e+01,-3.375396804382548765e+01,0.000000000000000000e+00,4.831756863517562728e+00,8.125437594852073175e+00
2.460450149965637593e+03,-4.026398549066328087e+03,2.063501889228739117e+02,2.191583445780215555e+01,-3.375396804217729851e+01,0.000000000000000000e+00,4.831755094528267236e+00,8.125437594913575978e+00
2.462641733407901938e+03,-4.029773945870860643e+03,2.063501889228774928e+02,2.191583438309867660e+01,-3.375396804175517218e+01,0.000000000000000000e+00,4.831757514424182887e+00,8.125437594581205403e+00
2.464833316850172196e+03,-4.033149342675052594e+03,2.063501889228818129e+02,2.191583441930919918e+01,-3.375396804245385596e+01,0.000000000000000000e+00,4.831756777168846995e+00,8.125437595202892993e+00
2.467024900292439725e+03,-4.036524739479293657e+03,2.063501889228782886e+02,2.191583443104708095e+01,-3.375396804303321119e+01,0.000000000000000000e+00,4.831757515753166921e+00,8.125437594583148737e+00
2.469216483734707253e+03,-4.039900136283764823e+03,2.063501889228780328e+02,2.191583445713873601e+01,-3.375396804334087619e+01,0.000000000000000000e+00,4.831755828305924538e+00,8.125437594607721081e+00
2.471408067176973873e+03,-4.043275533087806707e+03,2.063501889228806760e+02,2.191583442670738080e+01,-3.375396804260930850e+01,0.000000000000000000e+00,4.831757339270945195e+00,8.125437594913893946e+00
2.473599650619241402e+03,-4.046650929892094155e+03,2.063501889228807329e+02,2.191583446569234539e+01,-3.375396804381767168e+01,0.000000000000000000e+00,4.831756213991048376e+00,8.125437594919285189e+00
2.475791234061512569e+03,-4.050026326696498927e+03,2.063501889228810739e+02,2.191583446161677884e+01,-3.375396804318836530e+01,0.000000000000000000e+00,4.831756379672952129e+00,8.125437594978299316e+00
2.477982817503778733e+03,-4.053401723500817752e+03,2.063501889228799655e+02,2.191583442296404982e+01,-3.375396804235928983e+01,0.000000000000000000e+00,4.831756020446057676e+00,8.125437594737789482e+00
2.480174400946047172e+03,-4.056777120304601340e+03,2.063501889228809887e+02,2.191583443069230697e+01,-3.375396804216851621e+01,0.000000000000000000e+00,4.831755882075237984e+00,8.125437594501681460e+00
2.482365984388315610e+03,-4.060152517109087512e+03,2.063501889228780328e+02,2.191583440567976382e+01,-3.375396804302847187e+01,0.000000000000000000e+00,4.831756175094948702e+00,8.125437594859199919e+00
2.484557567830584048e+03,-4.063527913913185785e+03,2.063501889228806192e+02,2.191583441770272245e+01,-3.375396804233128734e+01,0.000000000000000000e+00,4.831756513861065194e+00,8.125437594343772219e+00
2.486749151272850668e+03,-4.066903310717756085e+03,2.063501889228784023e+02,2.191583440994240561e+01,-3.375396804283112573e+01,0.000000000000000000e+00,4.831756305304334198e+00,8.125437594767934257e+00
2.488940734715120925e+03,-4.070278707521976230e+03,2.063501889228747643e+02,2.191583441756668549e+01,-3.375396804253362859e+01,0.000000000000000000e+00,4.831755985553081167e+00,8.125437594844907352e+00
2.491132318157387090e+03,-4.073654104326214110e+03,2.063501889228810739e+02,2.191583443283994015e+01,-3.375396804354402747e+01,0.000000000000000000e+00,4.831757390227302551e+00,8.125437594621542914e+00
2.493323901599654164e+03,-4.077029501130457447e+03,2.063501889228808182e+02,2.191583443140662268e+01,-3.375396804299668929e+01,0.000000000000000000e+00,4.831757564004868222e+00,8.125437595057565687e+00
2.495515485041922148e+03,-4.080404897934346536e+03,2.063501889228758159e+02,2.191583446404545299e+01,-3.375396804243190729e+01,0.000000000000000000e+00,4.831756624593097627e+00,8.125437594526292884e+00
2.497707068484192860e+03,-4.083780294739291548e+03,2.063501889228774928e+02,2.191583442630043876e+01,-3.375396804200783407e+01,0.000000000000000000e+00,4.831757662886733584e+00,8.125437594919805662e+00
2.499898651926460388e+03,-4.087155691543040575e+03,2.063501889228815855e+02,2.191583442848897434e+01,-3.375396804311737498e+01,0.000000000000000000e+00,4.831756607816047655e+00,8.125437594645447348e+00
2.502090235368728827e+03,-4.090531088347468994e+03,2.063501889228791129e+02,2.191583442115900127e+01,-3.375396804282152630e+01,0.000000000000000000e+00,4.831756051825538911e+00,8.125437594391447860e+00
2.504281818810995446e+03,-4.093906485151849211e+03,2.063501889228859056e+02,2.191583443785134477e+01,-3.375396804297108844e+01,0.000000000000000000e+00,4.831754675056949111e+00,8.125437594245397577e+00
2.506473402253262066e+03,-4.097281881955952485e+03,2.063501889228771802e+02,2.191583441891743789e+01,-3.375396804257932359e+01,0.000000000000000000e+00,4.831756596442432716e+00,8.125437594441230260e+00
2.508664985695530504e+03,-4.100657278759981637e+03,2.063501889228794823e+02,2.191583441835895840e+01,-3.375396804116795124e+01,0.000000000000000000e+00,4.831756819621984000e+00,8.125437594803862851e+00
2.510856569137798942e+03,-4.104032675564141755e+03,2.063501889228777486e+02,2.191583443260488195e+01,-3.375396804303390041e+01,0.000000000000000000e+00,4.831756842518506900e+00,8.125437595069616492e+00
2.513048152580069200e+03,-4.107408072368602916e+03,2.063501889228807045e+02,2.191583442645915980e+01,-3.375396804257832883e+01,0.000000000000000000e+00,4.831756288433205704e+00,8.125437595243772293e+00
2.515239736022335364e+03,-4.110783469172948571e+03,2.063501889228803634e+02,2.191583438306056664e+01,-3.375396804227825243e+01,0.000000000000000000e+00,4.831756757003743630e+00,8.125437594965820409e+00
2.517431319464605622e+03,-4.114158865977225105e+03,2.063501889228745370e+02,2.191583443908627871e+01,-3.375396804276784479e+01,0.000000000000000000e+00,4.831755994397090248e+00,8.125437594457769919e+00
2.519622902906869513e+03,-4.117534262781653524e+03,2.063501889228807897e+02,2.191583445051866974e+01,-3.375396804145174201e+01,0.000000000000000000e+00,4.831754723983740618e+00,8.125437594663543095e+00
2.521814486349138406e+03,-4.120909659585892769e+03,2.063501889228787149e+02,2.191583444501706879e+01,-3.375396804181745125e+01,0.000000000000000000e+00,4.831755904103275157e+00,8.125437594505957151e+00
2.524006069791408208e+03,-4.124285056389856436e+03,2.063501889228819834e+02,2.191583441737476790e+01,-3.375396804324621058e+01,0.000000000000000000e+00,4.831755389572323089e+00,8.125437594976165911e+00
2.526197653233673918e+03,-4.127660453194176625e+03,2.063501889228740822e+02,2.191583442393558201e+01,-3.375396804145240992e+01,0.000000000000000000e+00,4.831756878038846459e+00,8.125437594550366072e+00
2.528389236675943266e+03,-4.131035849998728736e+03,2.063501889228832340e+02,2.191583438098047765e+01,-3.375396804272865836e+01,0.000000000000000000e+00,4.831756453060927825e+00,8.125437594118075424e+00
2.530580820118212614e+03,-4.134411246802824280e+03,2.063501889228757022e+02,2.191583441612387162e+01,-3.375396804211133883e+01,0.000000000000000000e+00,4.831757654332115237e+00,8.125437594284900200e+00
2.532772403560481962e+03,-4.137786643606991674e+03,2.063501889228745654e+02,2.191583440097855728e+01,-3.375396804265744777e+01,0.000000000000000000e+00,4.831756506586245337e+00,8.125437594728218471e+00
2.534963987002749491e+03,-4.141162040411137241e+03,2.063501889228801929e+02,2.191583441043520253e+01,-3.375396804363627012e+01,0.000000000000000000e+00,4.831756569461975737e+00,8.125437594620038340e+00
2.537155570445014291e+03,-4.144537437215880345e+03,2.063501889228739685e+02,2.191583440811931993e+01,-3.375396804252025618e+01,0.000000000000000000e+00,4.831756955305777979e+00,8.125437594610263048e+00
2.539347153887283639e+03,-4.147912834019809452e+03,2.063501889228743664e+02,2.191583447327202450e+01,-3.375396804178503629e+01,0.000000000000000000e+00,4.831757173850587783e+00,8.125437594476711212e+00
2.541538737329548894e+03,-4.151288230824154198e+03,2.063501889228749917e+02,2.191583440793425197e+01,-3.375396804279746732e+01,0.000000000000000000e+00,4.831756838448544755e+00,8.125437595211023378e+00
2.543730320771817333e+03,-4.154663627628479844e+03,2.063501889228811308e+02,2.191583439662003130e+01,-3.375396804320752864e+01,0.000000000000000000e+00,4.831758048241492354e+00,8.125437594455444668e+00
2.545921904214087135e+03,-4.158039024432720907e+03,2.063501889228773223e+02,2.191583442266168902e+01,-3.375396804244012827e+01,0.000000000000000000e+00,4.831755693353001035e+00,8.125437594463168267e+00
2.548113487656352845e+03,-4.161414421237092938e+03,2.063501889228780044e+02,2.191583441721725478e+01,-3.375396804272633489e+01,0.000000000000000000e+00,4.831756039847252104e+00,8.125437594541775610e+00
2.550305071098622193e+03,-4.164789818041008402e+03,2.063501889228765549e+02,2.191583442578281549e+01,-3.375396804240104132e+01,0.000000000000000000e+00,4.831756658159919837e+00,8.125437595097059429e+00
2.552496654540892450e+03,-4.168165214845269475e+03,2.063501889228863888e+02,2.191583440408293626e+01,-3.375396804312110532e+01,0.000000000000000000e+00,4.831756547747057873e+00,8.125437594461754287e+00
2.554688237983157251e+03,-4.171540611649636958e+03,2.063501889228783170e+02,2.191583444015021698e+01,-3.375396804292363129e+01,0.000000000000000000e+00,4.831756816831874524e+00,8.125437594402095343e+00
2.556879821425425234e+03,-4.174916008454008079e+03,2.063501889228846551e+02,2.191583442874068055e+01,-3.375396804175502297e+01,0.000000000000000000e+00,4.831756203980157593e+00,8.125437594563406307e+00
2.559071404867693673e+03,-4.178291405258041777e+03,2.063501889228730874e+02,2.191583440842811825e+01,-3.375396804175361609e+01,0.000000000000000000e+00,4.831757143691643108e+00,8.125437594286479381e+00
2.561262988309963021e+03,-4.181666802062882198e+03,2.063501889228785728e+02,2.191583439441221870e+01,-3.375396804248511984e+01,0.000000000000000000e+00,4.831754687157022055e+00,8.125437594882598091e+00
2.563454571752228730e+03,-4.185042198866571198e+03,2.063501889228828077e+02,2.191583445201401403e+01,-3.375396804231900205e+01,0.000000000000000000e+00,4.831756284574657556e+00,8.125437594791714346e+00
2.565646155194498078e+03,-4.188417595671303388e+03,2.063501889228793118e+02,2.191583445342472913e+01,-3.375396804359036196e+01,0.000000000000000000e+00,4.831756433172896159e+00,8.125437594918283324e+00
2.567837738636765152e+03,-4.191792992475602659e+03,2.063501889228760149e+02,2.191583441777996910e+01,-3.375396804278413043e+01,0.000000000000000000e+00,4.831756840285293286e+00,8.125437594384385065e+00
2.570029322079032681e+03,-4.195168389279208895e+03,2.063501889228792550e+02,2.191583436847034250e+01,-3.375396804255503724e+01,0.000000000000000000e+00,4.831755454398889427e+00,8.125437594677164199e+00
2.572220905521303393e+03,-4.198543786083941995e+03,2.063501889228780897e+02,2.191583441689179068e+01,-3.375396804197828260e+01,0.000000000000000000e+00,4.831755291969956012e+00,8.125437594971515409e+00
2.574412488963572287e+03,-4.201919182888233991e+03,2.063501889228812445e+02,2.191583444617936394e+01,-3.375396804285979613e+01,0.000000000000000000e+00,4.831756902106893570e+00,8.125437594977951150e+00
2.576604072405835723e+03,-4.205294579692074876e+03,2.063501889228754465e+02,2.191583445163258403e+01,-3.375396804119345262e+01,0.000000000000000000e+00,4.831757255249417682e+00,8.125437594413442710e+00
2.578795655848107799e+03,-4.208669976496417803e+03,2.063501889228745654e+02,2.191583441220442552e+01,-3.375396804224623537e+01,0.000000000000000000e+00,4.831754663886137280e+00,8.125437594109270023e+00
2.580987239290374418e+03,-4.212045373300910796e+03,2.063501889228790844e+02,2.191583441106994812e+01,-3.375396804215450430e+01,0.000000000000000000e+00,4.831756803616249485e+00,8.125437594745609005e+00
2.583178822732646040e+03,-4.215420770105190059e+03,2.063501889228757307e+02,2.191583443881942372e+01,-3.375396804217486846e+01,0.000000000000000000e+00,4.831757204355718649e+00,8.125437594739578273e+00
2.585370406174910386e+03,-4.218796166909358362e+03,2.063501889228829782e+02,2.191583442889138311e+01,-3.375396804237206538e+01,0.000000000000000000e+00,4.831755968664108281e+00,8.125437594524097307e+00
2.587561989617179279e+03,-4.222171563713598516e+03,2.063501889228790560e+02,2.191583443067054660e+01,-3.375396804354093661e+01,0.000000000000000000e+00,4.831755240661689932e+00,8.125437595004326496e+00
2.589753573059447717e+03,-4.225546960518157903e+03,2.063501889228749064e+02,2.191583441029845147e+01,-3.375396804299737141e+01,0.000000000000000000e+00,4.831754583956048066e+00,8.125437594914552975e+00
2.591945156501714791e+03,-4.228922357322348034e+03,2.063501889228797097e+02,2.191583440019891782e+01,-3.375396804139736417e+01,0.000000000000000000e+00,4.831757504355286947e+00,8.125437594965134736e+00
2.594136739943982320e+03,-4.232297754126361724e+03,2.063501889228841151e+02,2.191583444960988558e+01,-3.375396804371946047e+01,0.000000000000000000e+00,4.831756139587603194e+00,8.125437594798150087e+00
2.596328323386250759e+03,-4.235673150930550946e+03,2.063501889228824666e+02,2.191583438028536790e+01,-3.375396804351503732e+01,0.000000000000000000e+00,4.831755266895490841e+00,8.125437594577379130e+00
2.598519906828518742e+03,-4.239048547734593740e+03,2.063501889228791129e+02,2.191583446137621038e+01,-3.375396804371160897e+01,0.000000000000000000e+00,4.831755848824014876e+00,8.125437594642180628e+00
2.600711490270786726e+03,-4.242423944538941214e+03,2.063501889228768107e+02,2.191583441721376602e+01,-3.375396804161398023e+01,0.000000000000000000e+00,4.831757188959769245e+00,8.125437594527284091e+00
2.602903073713055164e+03,-4.245799341343264132e+03,2.063501889228824382e+02,2.191583442593727682e+01,-3.375396804260937955e+01,0.000000000000000000e+00,4.831756448145438476e+00,8.125437594579420164e+00
2.605094657155324057e+03,-4.249174738148006327e+03,2.063501889228817561e+02,2.191583442706311757e+01,-3.375396804366021541e+01,0.000000000000000000e+00,4.831756131961464362e+00,8.125437594564512978e+00
2.607286240597588858e+03,-4.252550134951803557e+03,2.063501889228788002e+02,2.191583440015276807e+01,-3.375396804186939903e+01,0.000000000000000000e+00,4.831756560104850884e+00,8.125437594687745957e+00
2.609477824039860025e+03,-4.255925531756059172e+03,2.063501889228805908e+02,2.191583440943848871e+01,-3.375396804373588111e+01,0.000000000000000000e+00,4.831756651768708721e+00,8.125437595211515429e+00
2.611669407482126644e+03,-4.259300928560217471e+03,2.063501889228777486e+02,2.191583446419570436e+01,-3.375396804241053417e+01,0.000000000000000000e+00,4.831757322573543512e+00,8.125437595138322422e+00
2.613860990924395537e+03,-4.262676325364578588e+03,2.063501889228774644e+02,2.191583442595327824e+01,-3.375396804301664844e+01,0.000000000000000000e+00,4.831756101643042811e+00,8.125437594446283995e+00
2.616052574366662157e+03,-4.266051722169324421e+03,2.063501889228803918e+02,2.191583443981191692e+01,-3.375396804268100226e+01,0.000000000000000000e+00,4.831756207027141592e+00,8.125437595030735594e+00
2.618244157808931050e+03,-4.269427118973489996e+03,2.063501889228849961e+02,2.191583439378304377e+01,-3.375396804167443321e+01,0.000000000000000000e+00,4.831757059752752603e+00,8.125437594484466786e+00
2.620435741251198124e+03,-4.272802515777469125e+03,2.063501889228764412e+02,2.191583444545246095e+01,-3.375396804221607283e+01,0.000000000000000000e+00,4.831756555761159255e+00,8.125437594215911830e+00
2.622627324693467472e+03,-4.276177912581944838e+03,2.063501889228780328e+02,2.191583445118441276e+01,-3.375396804366297232e+01,0.000000000000000000e+00,4.831757527251027362e+00,8.125437594764179039e+00
2.624818908135733636e+03,-4.279553309386030378e+03,2.063501889228829498e+02,2.191583440703320917e+01,-3.375396804334271650e+01,0.000000000000000000e+00,4.831755932345631166e+00,8.125437594849952205e+00
2.627010491578001165e+03,-4.282928706190155935e+03,2.063501889228783170e+02,2.191583439243681397e+01,-3.375396804244630999e+01,0.000000000000000000e+00,4.831756511707990143e+00,8.125437594718379231e+00
2.629202075020270513e+03,-4.286304102994401546e+03,2.063501889228774928e+02,2.191583442939981907e+01,-3.375396804263987605e+01,0.000000000000000000e+00,4.831755755113369410e+00,8.125437594451474510e+00
2.631393658462538497e+03,-4.289679499798877259e+03,2.063501889228836603e+02,2.191583446631660692e+01,-3.375396804439789378e+01,0.000000000000000000e+00,4.831756395927284231e+00,8.125437594613208248e+00
2.633585241904808299e+03,-4.293054896603109228e+03,2.063501889228870425e+02,2.191583444352638566e+01,-3.375396804301296783e+01,0.000000000000000000e+00,4.831758033643584582e+00,8.125437594469445912e+00
2.635776825347075828e+03,-4.296430293407383033e+03,2.063501889228781181e+02,2.191583447130975415e+01,-3.375396804188249433e+01,0.000000000000000000e+00,4.831757846309385762e+00,8.125437594535748431e+00
2.637968408789342448e+03,-4.299805690211604087e+03,2.063501889228767823e+02,2.191583437251842881e+01,-3.375396804323292343e+01,0.000000000000000000e+00,4.831754690262175522e+00,8.125437594859867829e+00
2.640159992231611795e+03,-4.303181087015891535e+03,2.063501889228797381e+02,2.191583445641435191e+01,-3.375396804301733056e+01,0.000000000000000000e+00,4.831756214588334153e+00,8.125437594883113235e+00
2.642351575673878870e+03,-4.306556483820216272e+03,2.063501889228737980e+02,2.191583442742145493e+01,-3.375396804342189228e+01,0.000000000000000000e+00,4.831756112423275518e+00,8.125437594866783186e+00
2.644543159116146853e+03,-4.309931880623854340e+03,2.063501889228809318e+02,2.191583442524966330e+01,-3.375396804292397945e+01,0.000000000000000000e+00,4.831755625639228668e+00,8.125437594646248485e+00
2.646734742558414382e+03,-4.313307277428741145e+03,2.063501889228858204e+02,2.191583445237718664e+01,-3.375396804444827126e+01,0.000000000000000000e+00,4.831755488334086301e+00,8.125437595052389383e+00
2.648926326000682820e+03,-4.316682674233052239e+03,2.063501889228825803e+02,2.191583441314095637e+01,-3.375396804288934050e+01,0.000000000000000000e+00,4.831756154205314679e+00,8.125437594566818689e+00
2.651117909442950804e+03,-4.320058071036843103e+03,2.063501889228811876e+02,2.191583438278308549e+01,-3.375396804091889180e+01,0.000000000000000000e+00,4.831755709696518686e+00,8.125437594803107899e+00
2.653309492885218788e+03,-4.323433467841472520e+03,2.063501889228781181e+02,2.191583438269208273e+01,-3.375396804298586773e+01,0.000000000000000000e+00,4.831754896758373441e+00,8.125437594908053285e+00
2.655501076327486771e+03,-4.326808864645628091e+03,2.063501889228802497e+02,2.191583438993452404e+01,-3.375396804224575931e+01,0.000000000000000000e+00,4.831757566478410482e+00,8.125437595092385834e+00
2.657692659769753391e+03,-4.330184261449864607e+03,2.063501889228831487e+02,2.191583440763222512e+01,-3.375396804171816001e+01,0.000000000000000000e+00,4.831755787854730144e+00,8.125437594214233172e+00
2.659884243212023193e+03,-4.333559658253995622e+03,2.063501889228813297e+02,2.191583443410843302e+01,-3.375396804354441116e+01,0.000000000000000000e+00,4.831755960235277314e+00,8.125437594710014366e+00
2.662075826654289358e+03,-4.336935055058535909e+03,2.063501889228762707e+02,2.191583443095182915e+01,-3.375396804270548046e+01,0.000000000000000000e+00,4.831756969925338652e+00,8.125437595207838370e+00
2.664267410096557342e+03,-4.340310451862685113e+03,2.063501889228796813e+02,2.191583443525436437e+01,-3.375396804401773920e+01,0.000000000000000000e+00,4.831756263905569782e+00,8.125437594616295556e+00
2.666458993538827599e+03,-4.343685848667103528e+03,2.063501889228774075e+02,2.191583444692616567e+01,-3.375396804319719024e+01,0.000000000000000000e+00,4.831755560303090391e+00,8.125437594598569291e+00
2.668650576981092854e+03,-4.347061245470932590e+03,2.063501889228745370e+02,2.191583440756387091e+01,-3.375396804269326623e+01,0.000000000000000000e+00,4.831757538292834830e+00,8.125437594536965236e+00
2.670842160423363566e+03,-4.350436642275260965e+03,2.063501889228834614e+02,2.191583440112544778e+01,-3.375396804220619629e+01,0.000000000000000000e+00,4.831756796075628024e+00,8.125437594357256543e+00
2.673033743865631095e+03,-4.353812039079612077e+03,2.063501889228810455e+02,2.191583443009881549e+01,-3.375396804139159457e+01,0.000000000000000000e+00,4.831756579211995195e+00,8.125437594665989138e+00
2.675225327307898624e+03,-4.357187435884150545e+03,2.063501889228760433e+02,2.191583444805950975e+01,-3.375396804248634908e+01,0.000000000000000000e+00,4.831755839328732982e+00,8.125437594995544188e+00
2.677416910750165698e+03,-4.360562832688472554e+03,2.063501889228822677e+02,2.191583445206678249e+01,-3.375396804215882440e+01,0.000000000000000000e+00,4.831753877792575480e+00,8.125437595026513193e+00
2.679608494192433682e+03,-4.363938229492733626e+03,2.063501889228760149e+02,2.191583445765061100e+01,-3.375396804061828249e+01,0.000000000000000000e+00,4.831757907973458721e+00,8.125437594646916395e+00
2.681800077634701211e+03,-4.367313626297339397e+03,2.063501889228777770e+02,2.191583441458068648e+01,-3.375396804292650188e+01,0.000000000000000000e+00,4.831756764755152922e+00,8.125437594482612269e+00
2.683991661076969649e+03,-4.370689023100813756e+03,2.063501889228749633e+02,2.191583443265146158e+01,-3.375396804344889290e+01,0.000000000000000000e+00,4.831757003677849660e+00,8.125437594672042962e+00
2.686183244519237633e+03,-4.374064419905437717e+03,2.063501889228778339e+02,2.191583442246960090e+01,-3.375396804366165782e+01,0.000000000000000000e+00,4.831756347022282405e+00,8.125437594618617254e+00
2.688374827961505162e+03,-4.377439816709496881e+03,2.063501889228813582e+02,2.191583448261502198e+01,-3.375396804317648503e+01,0.000000000000000000e+00,4.831757013373422893e+00,8.125437594693066146e+00
2.690566411403775874e+03,-4.380815213513739764e+03,2.063501889228807613e+02,2.191583439937434719e+01,-3.375396804143276341e+01,0.000000000000000000e+00,4.831756064902900327e+00,8.125437594170474398e+00
2.692757994846042948e+03,-4.384190610318320068e+03,2.063501889228772086e+02,2.191583441440313607e+01,-3.375396804289437824e+01,0.000000000000000000e+00,4.831756514258036539e+00,8.125437594469605784e+00
2.694949578288307748e+03,-4.387566007122212795e+03,2.063501889228801645e+02,2.191583446112514721e+01,-3.375396804331918332e+01,0.000000000000000000e+00,4.831757205901099361e+00,8.125437594899169724e+00
2.697141161730578915e+03,-4.390941403926306521e+03,2.063501889228780044e+02,2.191583439420468338e+01,-3.375396804133576012e+01,0.000000000000000000e+00,4.831755994883030425e+00,8.125437594646475858e+00
2.699332745172845534e+03,-4.394316800730298382e+03,2.063501889228804771e+02,2.191583443049607283e+01,-3.375396804233992043e+01,0.000000000000000000e+00,4.831756862330284896e+00,8.125437595090758691e+00
2.701524328615114882e+03,-4.397692197534926891e+03,2.063501889228805624e+02,2.191583441972092317e+01,-3.375396804213231405e+01,0.000000000000000000e+00,4.831757515361743138e+00,8.125437594954567189e+00
2.703715912057384230e+03,-4.401067594339431707e+03,2.063501889228773791e+02,2.191583442417210748e+01,-3.375396804237922055e+01,0.000000000000000000e+00,4.831757739004068242e+00,8.125437594769989502e+00
2.705907495499647666e+03,-4.404442991143446307e+03,2.063501889228756738e+02,2.191583441296572587e+01,-3.375396804368394754e+01,0.000000000000000000e+00,4.831756873551051434e+00,8.125437595086738796e+00
2.708099078941912921e+03,-4.407818387947701012e+03,2.063501889228836603e+02,2.191583442931654702e+01,-3.375396804279640861e+01,0.000000000000000000e+00,4.831756351518653680e+00,8.125437594972517275e+00
2.710290662384183179e+03,-4.411193784752098509e+03,2.063501889228791413e+02,2.191583440061933530e+01,-3.375396804265395190e+01,0.000000000000000000e+00,4.831757751439358373e+00,8.125437594934529884e+00
2.712482245826455255e+03,-4.414569181556543299e+03,2.063501889228788571e+02,2.191583445154320842e+01,-3.375396804379229110e+01,0.000000000000000000e+00,4.831755876656794513e+00,8.125437594230461968e+00
2.714673829268721420e+03,-4.417944578360881678e+03,2.063501889228757875e+02,2.191583447261172424e+01,-3.375396804245225724e+01,0.000000000000000000e+00,4.831757971632690385e+00,8.125437594346378134e+00
2.716865412710988949e+03,-4.421319975165207325e+03,2.063501889228758728e+02,2.191583445445387923e+01,-3.375396804274519980e+01,0.000000000000000000e+00,4.831754409952189633e+00,8.125437594573638123e+00
2.719056996153259206e+03,-4.424695371969280131e+03,2.063501889228783455e+02,2.191583446687550563e+01,-3.375396804245579574e+01,0.000000000000000000e+00,4.831756211344651497e+00,8.125437595029019633e+00
2.721248579595525825e+03,-4.428070768773091913e+03,2.063501889228776349e+02,2.191583442196708020e+01,-3.375396804231113634e+01,0.000000000000000000e+00,4.831758525236296897e+00,8.125437594767321414e+00
2.723440163037793809e+03,-4.431446165577776810e+03,2.063501889228780044e+02,2.191583444793504398e+01,-3.375396804243204940e+01,0.000000000000000000e+00,4.831755915690132852e+00,8.125437594580768419e+00
2.725631746480064521e+03,-4.434821562381871445e+03,2.063501889228805908e+02,2.191583442149554983e+01,-3.375396804353231772e+01,0.000000000000000000e+00,4.831756520794901810e+00,8.125437594452133538e+00
2.727823329922330686e+03,-4.438196959186235290e+03,2.063501889228784592e+02,2.191583441983426894e+01,-3.375396804204218881e+01,0.000000000000000000e+00,4.831755936689382303e+00,8.125437594640796846e+00
2.730014913364597760e+03,-4.441572355990588221e+03,2.063501889228798802e+02,2.191583444131165592e+01,-3.375396804259023753e+01,0.000000000000000000e+00,4.831756293702132332e+00,8.125437595008420999e+00
2.732206496806863925e+03,-4.444947752794499138e+03,2.063501889228859056e+02,2.191583437814997026e+01,-3.375396804352057245e+01,0.000000000000000000e+00,4.831756456192977112e+00,8.125437594400523267e+00
2.734398080249134182e+03,-4.448323149598986674e+03,2.063501889228769528e+02,2.191583440099314473e+01,-3.375396804245494309e+01,0.000000000000000000e+00,4.831756583911105629e+00,8.125437594981875122e+00
2.736589663691403530e+03,-4.451698546403348701e+03,2.063501889228767823e+02,2.191583441155527012e+01,-3.375396804342063461e+01,0.000000000000000000e+00,4.831756299203945559e+00,8.125437594674828290e+00
2.738781247133668330e+03,-4.455073943207551565e+03,2.063501889228795960e+02,2.191583445667349395e+01,-3.375396804282249974e+01,0.000000000000000000e+00,4.831755644254990933e+00,8.125437594932559904e+00
2.740972830575937223e+03,-4.458449340012061839e+03,2.063501889228811592e+02,2.191583441111157526e+01,-3.375396804297393061e+01,0.000000000000000000e+00,4.831757715834176459e+00,8.125437595474943819e+00
2.743164414018204297e+03,-4.461824736816195582e+03,2.063501889228800223e+02,2.191583440222740364e+01,-3.375396804210806323e+01,0.000000000000000000e+00,4.831755398791837131e+00,8.125437594308197120e+00
2.745355997460471372e+03,-4.465200133620093766e+03,2.063501889228743664e+02,2.191583446746917829e+01,-3.375396804243563054e+01,0.000000000000000000e+00,4.831757223775626109e+00,8.125437594718045275e+00
2.747547580902740265e+03,-4.468575530424233875e+03,2.063501889228803066e+02,2.191583439603255812e+01,-3.375396804213522017e+01,0.000000000000000000e+00,4.831756418959234800e+00,8.125437594975583266e+00
2.749739164345010522e+03,-4.471950927229125227e+03,2.063501889228822677e+02,2.191583438212935420e+01,-3.375396804184847355e+01,0.000000000000000000e+00,4.831757873143913251e+00,8.125437594447063816e+00
2.751930747787276687e+03,-4.475326324033219862e+03,2.063501889228804771e+02,2.191583443533498965e+01,-3.375396804314883070e+01,0.000000000000000000e+00,4.831756519558136453e+00,8.125437595289975334e+00
2.754122331229545580e+03,-4.478701720837269932e+03,2.063501889228774360e+02,2.191583441228652163e+01,-3.375396804330037526e+01,0.000000000000000000e+00,4.831756250853828760e+00,8.125437594923408113e+00
2.756313914671811290e+03,-4.482077117640980759e+03,2.063501889228823245e+02,2.191583442281789118e+01,-3.375396804214467750e+01,0.000000000000000000e+00,4.831755719817168782e+00,8.125437594849591605e+00
2.758505498114081092e+03,-4.485452514445859379e+03,2.063501889228802213e+02,2.191583440214569478e+01,-3.375396804232141790e+01,0.000000000000000000e+00,4.831756639763732153e+00,8.125437594653153184e+00
2.760697081556349531e+03,-4.488827911249886711e+03,2.063501889228776918e+02,2.191583445867381030e+01,-3.375396804202446077e+01,0.000000000000000000e+00,4.831754395663916846e+00,8.125437594845752898e+00
2.762888664998618879e+03,-4.492203308053926776e+03,2.063501889228808750e+02,2.191583443262479847e+01,-3.375396804215679225e+01,0.000000000000000000e+00,4.831756176172308237e+00,8.125437594250680462e+00
2.765080248440887317e+03,-4.495578704858997298e+03,2.063501889228810739e+02,2.191583441435361479e+01,-3.375396804257333372e+01,0.000000000000000000e+00,4.831757041003992725e+00,8.125437594485388715e+00
2.767271831883153936e+03,-4.498954101662668108e+03,2.063501889228730874e+02,2.191583443117002616e+01,-3.375396804335488810e+01,0.000000000000000000e+00,4.831756384612027944e+00,8.125437594799505447e+00
2.769463415325422375e+03,-4.502329498467069243e+03,2.063501889228778623e+02,2.191583443272531539e+01,-3.375396804247020555e+01,0.000000000000000000e+00,4.831756470116461699e+00,8.125437594572444411e+00
2.771654998767689904e+03,-4.505704895271748683e+03,2.063501889228762423e+02,2.191583442979801433e+01,-3.375396804302492626e+01,0.000000000000000000e+00,4.831756485530014800e+00,8.125437595403877111e+00
2.773846582209956978e+03,-4.509080292075743273e+03,2.063501889228755886e+02,2.191583440903080415e+01,-3.375396804183886701e+01,0.000000000000000000e+00,4.831755385698486727e+00,8.125437594716521161e+00
2.776038165652224961e+03,-4.512455688879816080e+03,2.063501889228782602e+02,2.191583437602018947e+01,-3.375396804073993451e+01,0.000000000000000000e+00,4.831756606264431930e+00,8.125437595132034119e+00
2.778229749094493400e+03,-4.515831085684083519e+03,2.063501889228796244e+02,2.191583438270459894e+01,-3.375396804468897471e+01,0.000000000000000000e+00,4.831758099409801055e+00,8.125437594883319292e+00
2.780421332536761838e+03,-4.519206482488640177e+03,2.063501889228795108e+02,2.191583440448343723e+01,-3.375396804225689351e+01,0.000000000000000000e+00,4.831755451635224574e+00,8.125437595034636473e+00
2.782612915979031641e+03,-4.522581879292574740e+03,2.063501889228750485e+02,2.191583440783438519e+01,-3.375396804282673457e+01,0.000000000000000000e+00,4.831757331583719228e+00,8.125437594785283935e+00
2.784804499421295077e+03,-4.525957276096808528e+03,2.063501889228798234e+02,2.191583440735095323e+01,-3.375396804195786160e+01,0.000000000000000000e+00,4.831756252852517086e+00,8.125437595160109439e+00
2.786996082863566244e+03,-4.529332672901397927e+03,2.063501889228824382e+02,2.191583443034448919e+01,-3.375396804153388786e+01,0.000000000000000000e+00,4.831755535806511404e+00,8.125437595513069766e+00
2.789187666305835137e+03,-4.532708069705418893e+03,2.063501889228753612e+02,2.191583439674448286e+01,-3.375396804320136823e+01,0.000000000000000000e+00,4.831755821870578060e+00,8.125437594511268458e+00
2.791379249748101302e+03,-4.536083466509597201e+03,2.063501889228790276e+02,2.191583439396356070e+01,-3.375396804333142597e+01,0.000000000000000000e+00,4.831755280938874186e+00,8.125437594781915962e+00
2.793570833190366102e+03,-4.539458863313733673e+03,2.063501889228796244e+02,2.191583444683309523e+01,-3.375396804143729668e+01,0.000000000000000000e+00,4.831755547289561470e+00,8.125437594767390692e+00
2.795762416632636359e+03,-4.542834260118442216e+03,2.063501889228788286e+02,2.191583445652575435e+01,-3.375396804187199962e+01,0.000000000000000000e+00,4.831757496743959379e+00,8.125437594639716821e+00
2.797954000074905707e+03,-4.546209656922361319e+03,2.063501889228758728e+02,2.191583440209033995e+01,-3.375396804268801532e+01,0.000000000000000000e+00,4.831757278860850491e+00,8.125437595076066444e+00
2.800145583517177329e+03,-4.549585053726682418e+03,2.063501889228773223e+02,2.191583440943966821e+01,-3.375396804174442167e+01,0.000000000000000000e+00,4.831755563792634156e+00,8.125437594438832178e+00
2.802337166959441220e+03,-4.552960450531107199e+03,2.063501889228812445e+02,2.191583438554820873e+01,-3.375396804435143849e+01,0.000000000000000000e+00,4.831757264686607378e+00,8.125437594816810716e+00
2.804528750401709203e+03,-4.556335847335122708e+03,2.063501889228784592e+02,2.191583442228117562e+01,-3.375396804323990807e+01,0.000000000000000000e+00,4.831757612051869266e+00,8.125437594665925189e+00
2.806720333843979006e+03,-4.559711244139453811e+03,2.063501889228817561e+02,2.191583440424138374e+01,-3.375396804188870448e+01,0.000000000000000000e+00,4.831758281655849530e+00,8.125437594193753554e+00
2.808911917286245625e+03,-4.563086640943495695e+03,2.063501889228815571e+02,2.191583442095480194e+01,-3.375396804186825506e+01,0.000000000000000000e+00,4.831757211056603829e+00,8.125437594606239600e+00
2.811103500728512699e+03,-4.566462037748223338e+03,2.063501889228778339e+02,2.191583442584926544e+01,-3.375396804322212319e+01,0.000000000000000000e+00,4.831755991821578888e+00,8.125437595010133407e+00
2.813295084170781593e+03,-4.569837434552029663e+03,2.063501889228759296e+02,2.191583440073676670e+01,-3.375396804142062024e+01,0.000000000000000000e+00,4.831756797351662414e+00,8.125437594231332383e+00
2.815486667613046848e+03,-4.573212831356162496e+03,2.063501889228753328e+02,2.191583442849509566e+01,-3.375396804234231496e+01,0.000000000000000000e+00,4.831757303627284728e+00,8.125437594684150611e+00
2.817678251055317560e+03,-4.576588228160567269e+03,2.063501889228774644e+02,2.191583441735284055e+01,-3.375396804235710846e+01,0.000000000000000000e+00,4.831757111619043421e+00,8.125437594353680737e+00
2.819869834497586453e+03,-4.579963624965146664e+03,2.063501889228780897e+02,2.191583439612389483e+01,-3.375396804156626018e+01,0.000000000000000000e+00,4.831756964586365832e+00,8.125437594972607869e+00
2.822061417939852163e+03,-4.583339021769512328e+03,2.063501889228773223e+02,2.191583442376505531e+01,-3.375396804336181589e+01,0.000000000000000000e+00,4.831755801571059550e+00,8.125437594488827742e+00
2.824253001382119692e+03,-4.586714418573736111e+03,2.063501889228804487e+02,2.191583439790804633e+01,-3.375396804391521499e+01,0.000000000000000000e+00,4.831757366033201606e+00,8.125437594436654365e+00
2.826444584824388130e+03,-4.590089815377753439e+03,2.063501889228782318e+02,2.191583442644264679e+01,-3.375396804280605068e+01,0.000000000000000000e+00,4.831756990249911787e+00,8.125437594446641043e+00
2.828636168266658387e+03,-4.593465212181750758e+03,2.063501889228782602e+02,2.191583436164381737e+01,-3.375396804289392350e+01,0.000000000000000000e+00,4.831756463961989212e+00,8.125437594923814899e+00
2.830827751708923643e+03,-4.596840608986431107e+03,2.063501889228789139e+02,2.191583441796990073e+01,-3.375396804258677008e+01,0.000000000000000000e+00,4.831757642916419293e+00,8.125437595257089640e+00
2.833117901800124855e+03,-4.600367814544494649e+03,2.063501889228787718e+02,2.290150093201375370e+01,-3.527205558366863158e+01,0.000000000000000000e+00,4.831756059654318314e+00,8.125437594630490423e+00
2.835506618540261570e+03,-4.604046828857093715e+03,2.063501889228837172e+02,2.388716738981142385e+01,-3.679014312487471017e+01,0.000000000000000000e+00,4.831757087417999585e+00,8.125437594284026233e+00
2.837993901929331059e+03,-4.607877651923531630e+03,2.063501889228797666e+02,2.487283388454494570e+01,-3.830823066538310684e+01,0.000000000000000000e+00,4.831757691266695076e+00,8.125437594951309350e+00
2.840579751967331049e+03,-4.611860283743975742e+03,2.063501889228761002e+02,2.585850037871280094e+01,-3.982631820577385895e+01,0.000000000000000000e+00,4.831756828286632555e+00,8.125437594275219055e+00
2.843264168654272908e+03,-4.615994724318961744e+03,2.063501889228781181e+02,2.684416690279313400e+01,-4.134440574581154237e+01,0.000000000000000000e+00,4.831757350947160745e+00,8.125437595332250851e+00
2.846047151990139810e+03,-4.620280973647531937e+03,2.063501889228765265e+02,2.782983335763996990e+01,-4.286249328722181673e+01,0.000000000000000000e+00,4.831757451571256468e+00,8.125437594432115773e+00
2.848928701974943579e+03,-4.624719031730169263e+03,2.063501889228813297e+02,2.881549987509771427e+01,-4.438058082985332931e+01,0.000000000000000000e+00,4.831755162503202250e+00,8.125437594655201323e+00
2.851908818608682850e+03,-4.629308898567318465e+03,2.063501889228814719e+02,2.980116633832344064e+01,-4.589866836972112907e+01,0.000000000000000000e+00,4.831756761529311994e+00,8.125437594514782091e+00
2.854987501891353531e+03,-4.634050574157793562e+03,2.063501889228747928e+02,3.078683281327873189e+01,-4.741675590797122197e+01,0.000000000000000000e+00,4.831754499533333913e+00,8.125437594791055318e+00
2.858164751822961080e+03,-4.638944058502982443e+03,2.063501889228793402e+02,3.177249933927181402e+01,-4.893484344883370341e+01,0.000000000000000000e+00,4.831754925689037528e+00,8.125437594670771091e+00
2.861440568403498673e+03,-4.643989351601944691e+03,2.063501889228740538e+02,3.275816579835192499e+01,-5.045293099115077951e+01,0.000000000000000000e+00,4.831755798695170689e+00,8.125437594947038988e+00
2.864814951632969951e+03,-4.649186453455400624e+03,2.063501889228756738e+02,3.374383228655599254e+01,-5.197101853122732962e+01,0.000000000000000000e+00,4.831755373295517408e+00,8.125437594708548872e+00
2.868287901511378095e+03,-4.654535364062132430e+03,2.063501889228751054e+02,3.472949876263054847e+01,-5.348910607164665265e+01,0.000000000000000000e+00,4.831757086568058135e+00,8.125437594501166316e+00
2.871859418038718104e+03,-4.660036083423351556e+03,2.063501889228766402e+02,3.571516527292887844e+01,-5.500719361316929934e+01,0.000000000000000000e+00,4.831757768542810361e+00,8.125437594713444511e+00
2.875529501214994070e+03,-4.665688611538838813e+03,2.063501889228788571e+02,3.670083173924761866e+01,-5.652528115368689043e+01,0.000000000000000000e+00,4.831755995232966505e+00,8.125437595186911111e+00
2.879298151040205084e+03,-4.671492948408375014e+03,2.063501889228849393e+02,3.768649821976231351e+01,-5.804336869531920939e+01,0.000000000000000000e+00,4.831756387446558776e+00,8.125437594773927685e+00
2.883165367514342506e+03,-4.677449094031694585e+03,2.063501889228781749e+02,3.867216474021697081e+01,-5.956145623549562629e+01,0.000000000000000000e+00,4.831757112170540935e+00,8.125437595080217790e+00
2.887131150637417704e+03,-4.683557048409154959e+03,2.063501889228803918e+02,3.965783120193512445e+01,-6.107954377604217200e+01,0.000000000000000000e+00,4.831756140256235454e+00,8.125437594915711159e+00
2.891195500409428860e+03,-4.689816811541126299e+03,2.063501889228731443e+02,4.064349772543208417e+01,-6.259763131525183155e+01,0.000000000000000000e+00,4.831757038730117415e+00,8.125437595009097791e+00
2.895358416830373244e+03,-4.696228383426857363e+03,2.063501889228813866e+02,4.162916421638662001e+01,-6.411571885832707096e+01,0.000000000000000000e+00,4.831757093917918411e+00,8.125437594874313163e+00
2.899619899900247674e+03,-4.702791764066648284e+03,2.063501889228797097e+02,4.261483068505515348e+01,-6.563380639761004431e+01,0.000000000000000000e+00,4.831757026751867024e+00,8.125437594943900166e+00
2.903979949619059880e+03,-4.709506953460356272e+03,2.063501889228783455e+02,4.360049719407102486e+01,-6.715189393889953351e+01,0.000000000000000000e+00,4.831756462461447299e+00,8.125437594440294120e+00
2.908438565986802132e+03,-4.716373951608389689e+03,2.063501889228799087e+02,4.458616370840369569e+01,-6.866998147951241549e+01,0.000000000000000000e+00,4.831756915971575417e+00,8.125437595068451202e+00
2.912995749003481706e+03,-4.723392758510751264e+03,2.063501889228797666e+02,4.557183013480032940e+01,-7.018806902009745841e+01,0.000000000000000000e+00,4.831756529338004036e+00,8.125437594788385454e+00
2.917651498669092689e+03,-4.730563374166767062e+03,2.063501889228858772e+02,4.655749666531954034e+01,-7.170615656085165313e+01,0.000000000000000000e+00,4.831755352687414629e+00,8.125437594929172391e+00
2.922405814983643722e+03,-4.737885798576788147e+03,2.063501889228735990e+02,4.754316311611927404e+01,-7.322424410099840486e+01,0.000000000000000000e+00,4.831757438747404265e+00,8.125437594712559886e+00
2.927258697947122528e+03,-4.745360031740967315e+03,2.063501889228720643e+02,4.852882967684887205e+01,-7.474233164263850426e+01,0.000000000000000000e+00,4.831757713378239671e+00,8.125437594655672058e+00
2.932210147559535017e+03,-4.752986073659132671e+03,2.063501889228753328e+02,4.951449606840428430e+01,-7.626041918354994209e+01,0.000000000000000000e+00,4.831757265675382662e+00,8.125437594855524637e+00
2.937260163820883008e+03,-4.760763924331556154e+03,2.063501889228820119e+02,5.050016258599993790e+01,-7.777850672446984959e+01,0.000000000000000000e+00,4.831756813278846430e+00,8.125437595105175603e+00
2.942408746731161500e+03,-4.768693583758247769e+03,2.063501889228766686e+02,5.148582908110358147e+01,-7.929659426570880498e+01,0.000000000000000000e+00,4.831757270126062487e+00,8.125437594679791431e+00
2.947655896290378678e+03,-4.776775051938746401e+03,2.063501889228777486e+02,5.247149559867438740e+01,-8.081468180451163619e+01,0.000000000000000000e+00,4.831758329275253061e+00,8.125437594458045254e+00
2.953001612498528175e+03,-4.785008328872858328e+03,2.063501889228801076e+02,5.345716208232509814e+01,-8.233276934581009243e+01,0.000000000000000000e+00,4.831757196758381667e+00,8.125437595229868748e+00
2.958445895355608627e+03,-4.793393414561837744e+03,2.063501889228792265e+02,5.444282858616347198e+01,-8.385085688609946430e+01,0.000000000000000000e+00,4.831756839338016363e+00,8.125437594558661658e+00
2.963988744861622308e+03,-4.801930309004656010e+03,2.063501889228733432e+02,5.542849508749387866e+01,-8.536894442773039771e+01,0.000000000000000000e+00,4.831756061644175482e+00,8.125437594982948042e+00
2.969630161016574675e+03,-4.810619012201457736e+03,2.063501889228793402e+02,5.641416153594199301e+01,-8.688703196815559693e+01,0.000000000000000000e+00,4.831756276272118455e+00,8.125437595115625911e+00
2.975370143820455269e+03,-4.819459524152568520e+03,2.063501889228800792e+02,5.739982804937342564e+01,-8.840511950808009090e+01,0.000000000000000000e+00,4.831757030298869715e+00,8.125437594829984178e+00
2.981208693273276822e+03,-4.828451844857411743e+03,2.063501889228779191e+02,5.838549455213235007e+01,-8.992320704935019648e+01,0.000000000000000000e+00,4.831756313901648170e+00,8.125437594589715928e+00
2.987145809375026147e+03,-4.837595974316430329e+03,2.063501889228779760e+02,5.937116101679905711e+01,-9.144129459063640297e+01,0.000000000000000000e+00,4.831756746130120739e+00,8.125437594565420696e+00
2.993181492125708246e+03,-4.846891912529293222e+03,2.063501889228776065e+02,6.035682753439757420e+01,-9.295938213017019791e+01,0.000000000000000000e+00,4.831756985942520899e+00,8.125437595264530799e+00
2.999315741525326757e+03,-4.856339659496578861e+03,2.063501889228784876e+02,6.134249403777726428e+01,-9.447746967212880520e+01,0.000000000000000000e+00,4.831755689016305588e+00,8.125437594568262867e+00
3.005548557573882135e+03,-4.865939215217460514e+03,2.063501889228795392e+02,6.232816050386642104e+01,-9.599555721309225476e+01,0.000000000000000000e+00,4.831756905216945341e+00,8.125437594255487284e+00
3.011879940271367559e+03,-4.875690579693243308e+03,2.063501889228776065e+02,6.331382693599101685e+01,-9.751364475242289132e+01,0.000000000000000000e+00,4.831757788125110586e+00,8.125437594702960453e+00
3.018309889617786212e+03,-4.885593752922373824e+03,2.063501889228747928e+02,6.429949346213039973e+01,-9.903173229409925682e+01,0.000000000000000000e+00,4.831757037937963517e+00,8.125437594783679884e+00
3.024838405613142186e+03,-4.895648734906086247e+03,2.063501889228763275e+02,6.528515998776757101e+01,-1.005498198354352439e+02,0.000000000000000000e+00,4.831756012112506049e+00,8.125437594885795534e+00
3.031465488257428206e+03,-4.905855525643399233e+03,2.063501889228759296e+02,6.627082644782832688e+01,-1.020679073750868895e+02,0.000000000000000000e+00,4.831756655662899469e+00,8.125437594655762652e+00
3.038191137550651092e+03,-4.916214125135446920e+03,2.063501889228792834e+02,6.725649293957309283e+01,-1.035859949146202297e+02,0.000000000000000000e+00,4.831754297406136267e+00,8.125437595506349808e+00
3.045015353492803115e+03,-4.926724533380574030e+03,2.063501889228838024e+02,6.824215942707117222e+01,-1.051040824576456174e+02,0.000000000000000000e+00,4.831756264236330978e+00,8.125437594736023783e+00
3.051938136083893824e+03,-4.937386750380544072e+03,2.063501889228767538e+02,6.922782587296076429e+01,-1.066221699976586024e+02,0.000000000000000000e+00,4.831756119535739913e+00,8.125437594737704217e+00
3.058959485323914578e+03,-4.948200776134392072e+03,2.063501889228797950e+02,7.021349235928553867e+01,-1.081402575383365985e+02,0.000000000000000000e+00,4.831757766861154657e+00,8.125437594906669503e+00
3.066079401212873563e+03,-4.959166610642182604e+03,2.063501889228802213e+02,7.119915886405387084e+01,-1.096583450789955805e+02,0.000000000000000000e+00,4.831755803293508400e+00,8.125437595394471302e+00
3.073297883750760320e+03,-4.970284253904293109e+03,2.063501889228811592e+02,7.218482535654158028e+01,-1.111764326188811651e+02,0.000000000000000000e+00,4.831756836889852025e+00,8.125437594643681649e+00
3.080614932937586673e+03,-4.981553705920450739e+03,2.063501889228749633e+02,7.317049186986706388e+01,-1.126945201599627069e+02,0.000000000000000000e+00,4.831756221090423686e+00,8.125437594577864076e+00
3.088030548773342161e+03,-4.992974966690261681e+03,2.063501889228806760e+02,7.415615834774740733e+01,-1.142126077001683626e+02,0.000000000000000000e+00,4.831755236140626408e+00,8.125437594840001054e+00
3.095544731258034972e+03,-5.004548036214805506e+03,2.063501889228756454e+02,7.514182484749480295e+01,-1.157306952424688120e+02,0.000000000000000000e+00,4.831755320749368643e+00,8.125437594698498245e+00
3.103157480391658282e+03,-5.016272914493193639e+03,2.063501889228793971e+02,7.612749138915505398e+01,-1.172487827824200366e+02,0.000000000000000000e+00,4.831756507206002027e+00,8.125437594281992304e+00
3.110868796174215731e+03,-5.028149601525234175e+03,2.063501889228779191e+02,7.711315783755354403e+01,-1.187668703240891261e+02,0.000000000000000000e+00,4.831757455504338772e+00,8.125437594364353089e+00
3.118678678605709592e+03,-5.040178097311677448e+03,2.063501889228766402e+02,7.809882432958342235e+01,-1.202849578635346859e+02,0.000000000000000000e+00,4.831756590329002954e+00,8.125437594239190986e+00
3.126587127686140775e+03,-5.052358401852263341e+03,2.063501889228833477e+02,7.908449077168627639e+01,-1.218030454072927853e+02,0.000000000000000000e+00,4.831755535524702161e+00,8.125437594269236286e+00
3.134594143415498820e+03,-5.064690515146974576e+03,2.063501889228789423e+02,8.007015728052761006e+01,-1.233211329448427307e+02,0.000000000000000000e+00,4.831757581423591574e+00,8.125437595136867586e+00
3.142699725793791458e+03,-5.077174437195190876e+03,2.063501889228771802e+02,8.105582380904326101e+01,-1.248392204865485695e+02,0.000000000000000000e+00,4.831757322932531018e+00,8.125437594771987904e+00
3.150903874821019599e+03,-5.089810167998093675e+03,2.063501889228834045e+02,8.204149030911581519e+01,-1.263573080282083367e+02,0.000000000000000000e+00,4.831754568394475591e+00,8.125437595142486202e+00
3.159206590497183242e+03,-5.102597707554836234e+03,2.063501889228787434e+02,8.302715674194952555e+01,-1.278753955684542234e+02,0.000000000000000000e+00,4.831755372402596116e+00,8.125437594632723304e+00
3.167607872822276477e+03,-5.115537055865703223e+03,2.063501889228797097e+02,8.401282326967316294e+01,-1.293934831092035154e+02,0.000000000000000000e+00,4.831756128827088048e+00,8.125437594711049982e+00
3.176107721796307942e+03,-5.128628212930681002e+03,2.063501889228767254e+02,8.499848972030697780e+01,-1.309115706501411012e+02,0.000000000000000000e+00,4.831756037276423221e+00,8.125437594992977353e+00
3.184706137419270362e+03,-5.141871178749765932e+03,2.063501889228751622e+02,8.598415623367785088e+01,-1.324296581907991310e+02,0.000000000000000000e+00,4.831756348671506274e+00,8.125437594328953850e+00
3.193403119691167376e+03,-5.155265953322816131e+03,2.063501889228766686e+02,8.696982270956679884e+01,-1.339477457296075329e+02,0.000000000000000000e+00,4.831756932152975637e+00,8.125437594918462736e+00
3.202198668611998528e+03,-5.168812536649969843e+03,2.063501889228770949e+02,8.795548919821523270e+01,-1.354658332716750522e+02,0.000000000000000000e+00,4.831756288003836275e+00,8.125437595262605228e+00
3.211092784181761999e+03,-5.182510928730884189e+03,2.063501889228791697e+02,8.894115571108942220e+01,-1.369839208119284422e+02,0.000000000000000000e+00,4.831756548543167717e+00,8.125437594665202212e+00
3.220085466400460064e+03,-5.196361129565949341e+03,2.063501889228761570e+02,8.992682220554186756e+01,-1.385020083535180220e+02,0.000000000000000000e+00,4.831755543207258974e+00,8.125437594630721350e+00
3.229176715268092721e+03,-5.210363139155810131e+03,2.063501889228790844e+02,9.091248870786571956e+01,-1.400200958941305203e+02,0.000000000000000000e+00,4.831757183893053309e+00,8.125437594867738866e+00
3.238366530784655424e+03,-5.224516957499273303e+03,2.063501889228760717e+02,9.189815518157101337e+01,-1.415381834344902927e+02,0.000000000000000000e+00,4.831755899073353788e+00,8.125437594516766282e+00
3.247654912950154539e+03,-5.238822584596658999e+03,2.063501889228801360e+02,9.288382167382250998e+01,-1.430562709762351687e+02,0.000000000000000000e+00,4.831755569387395255e+00,8.125437594211357251e+00
3.257041861764587338e+03,-5.253280020448181858e+03,2.063501889228779191e+02,9.386948811462380604e+01,-1.445743585157871394e+02,0.000000000000000000e+00,4.831756131483357919e+00,8.125437595133872648e+00
3.266527377227954730e+03,-5.267889265053950112e+03,2.063501889228727464e+02,9.485515462454245039e+01,-1.460924460575574244e+02,0.000000000000000000e+00,4.831756628884053661e+00,8.125437594482052717e+00
3.276111459340258079e+03,-5.282650318413593595e+03,2.063501889228775781e+02,9.584082108520350118e+01,-1.476105335965609697e+02,0.000000000000000000e+00,4.831754721500596261e+00,8.125437594232598926e+00
3.285794108101491929e+03,-5.297563180527353325e+03,2.063501889228736843e+02,9.682648756818069558e+01,-1.491286211380303541e+02,0.000000000000000000e+00,4.831757129972291231e+00,8.125437594843075928e+00
3.295575323511660827e+03,-5.312627851395348443e+03,2.063501889228764412e+02,9.781215409785436066e+01,-1.506467086796100716e+02,0.000000000000000000e+00,4.831755984850479635e+00,8.125437594366539784e+00
3.305455105570762498e+03,-5.327844331017356126e+03,2.063501889228773791e+02,9.879782057775567239e+01,-1.521647962173192923e+02,0.000000000000000000e+00,4.831757995793054761e+00,8.125437594787467077e+00
3.315433454278795580e+03,-5.343212619393531895e+03,2.063501889228805339e+02,9.978348710783943432e+01,-1.536828837593037633e+02,0.000000000000000000e+00,4.831756702439709450e+00,8.125437595051812067e+00
3.325510369635766892e+03,-5.358732716523993986e+03,2.063501889228791413e+02,1.007691535923847681e+02,-1.552009713001706359e+02,0.000000000000000000e+00,4.831757045604723189e+00,8.125437594873167413e+00
3.335685851641668705e+03,-5.374404622407788338e+03,2.063501889228865593e+02,1.017548200814407977e+02,-1.567190588426789759e+02,0.000000000000000000e+00,4.831757242182450618e+00,8.125437594632840543e+00
3.345959900296506930e+03,-5.390228337045798071e+03,2.063501889228785160e+02,1.027404865673158554e+02,-1.582371463842238200e+02,0.000000000000000000e+00,4.831754327870489973e+00,8.125437595036933303e+00
3.356332515600276565e+03,-5.406203860438430638e+03,2.063501889228807613e+02,1.037261530306422230e+02,-1.597552339231540373e+02,0.000000000000000000e+00,4.831755996721591728e+00,8.125437594857507051e+00
3.366803697552982612e+03,-5.422331192584815653e+03,2.063501889228791129e+02,1.047118194749561582e+02,-1.612733214653140124e+02,0.000000000000000000e+00,4.831757811340690267e+00,8.125437594743296188e+00
3.377373446154619614e+03,-5.438610333485112278e+03,2.063501889228769812e+02,1.056974860255840412e+02,-1.627914090045372859e+02,0.000000000000000000e+00,4.831756329892676227e+00,8.125437595052069639e+00
3.388041761405192119e+03,-5.455041283139446023e+03,2.063501889228772939e+02,1.066831524970477290e+02,-1.643094965451129781e+02,0.000000000000000000e+00,4.831757736200611220e+00,8.125437594530067642e+00
3.398808643304697398e+03,-5.471624041548311652e+03,2.063501889228805908e+02,1.076688189947175971e+02,-1.658275840863396695e+02,0.000000000000000000e+00,4.831756027803059794e+00,8.125437594787102924e+00
3.409674091853138179e+03,-5.488358608710760564e+03,2.063501889228811024e+02,1.086544854827464661e+02,-1.673456716258069434e+02,0.000000000000000000e+00,4.831756141991616182e+00,8.125437594756368398e+00
3.420638107050510826e+03,-5.505244984627654048e+03,2.063501889228837456e+02,1.096401520311977578e+02,-1.688637591682077641e+02,0.000000000000000000e+00,4.831755613199588240e+00,8.125437594753034176e+00
3.431700688896819884e+03,-5.522283169298456414e+03,2.063501889228790844e+02,1.106258184412737648e+02,-1.703818467075620333e+02,0.000000000000000000e+00,4.831756657804882948e+00,8.125437594386237805e+00
3.442861837392058533e+03,-5.539473162723103087e+03,2.063501889228801645e+02,1.116114849590001654e+02,-1.718999342488735920e+02,0.000000000000000000e+00,4.831756666823894264e+00,8.125437594775565486e+00
3.454121552536234503e+03,-5.556814964902159772e+03,2.063501889228772086e+02,1.125971514133255056e+02,-1.734180217896290799e+02,0.000000000000000000e+00,4.831758462581090541e+00,8.125437594764571614e+00
3.465479834329341429e+03,-5.574308575835094416e+03,2.063501889228734854e+02,1.135828179830761400e+02,-1.749361093307715009e+02,0.000000000000000000e+00,4.831756140467776461e+00,8.125437594704512989e+00
3.476936682771386131e+03,-5.591953995522918376e+03,2.063501889228761286e+02,1.145684844304811350e+02,-1.764541968720521936e+02,0.000000000000000000e+00,4.831756108130234928e+00,8.125437594715435807e+00
3.488492097862360424e+03,-5.609751223963403390e+03,2.063501889228828077e+02,1.155541509005661993e+02,-1.779722844123128880e+02,0.000000000000000000e+00,4.831755368583698917e+00,8.125437594784727935e+00
3.500146079602270675e+03,-5.627700261159147885e+03,2.063501889228764981e+02,1.165398173910504340e+02,-1.794903719525721613e+02,0.000000000000000000e+00,4.831756294484065961e+00,8.125437595174817673e+00
3.511898627991116427e+03,-5.645801107108251017e+03,2.063501889228826087e+02,1.175254839126715893e+02,-1.810084594940084912e+02,0.000000000000000000e+00,4.831756567232984523e+00,8.125437594921869788e+00
3.523749743028895409e+03,-5.664053761811729601e+03,2.063501889228740538e+02,1.185111503954796461e+02,-1.825265470338925979e+02,0.000000000000000000e+00,4.831756578575251204e+00,8.125437595065109875e+00
3.535699424715603072e+03,-5.682458225268988826e+03,2.063501889228761002e+02,1.194968168572952720e+02,-1.840446345756523385e+02,0.000000000000000000e+00,4.831755608807745794e+00,8.125437594530861674e+00
3.547747673051248512e+03,-5.701014497480688078e+03,2.063501889228750485e+02,1.204824833522022800e+02,-1.855627221152324466e+02,0.000000000000000000e+00,4.831757239244423019e+00,8.125437594726907520e+00
3.559795921386896225e+03,-5.719570769692247268e+03,2.063501889228791413e+02,1.204824833207672299e+02,-1.855627221151557364e+02,0.000000000000000000e+00,4.831757007593445508e+00,8.125437594556590426e+00
3.571844169722537117e+03,-5.738127041903786449e+03,2.063501889228803918e+02,1.204824833388065031e+02,-1.855627221154891799e+02,0.000000000000000000e+00,4.831757965656365172e+00,8.125437594402548314e+00
3.583892418058182557e+03,-5.756683314115332905e+03,2.063501889228751338e+02,1.204824834271362874e+02,-1.855627221156834423e+02,0.000000000000000000e+00,4.831755694467185336e+00,8.125437594983891287e+00
3.595940666393827996e+03,-5.775239586327226789e+03,2.063501889228764128e+02,1.204824833751948745e+02,-1.855627221155041298e+02,0.000000000000000000e+00,4.831756432454410444e+00,8.125437594758716742e+00
3.607988914729473890e+03,-5.793795858538466746e+03,2.063501889228837740e+02,1.204824833509772475e+02,-1.855627221157581346e+02,0.000000000000000000e+00,4.831755438115082235e+00,8.125437594495975802e+00
3.620037163065119330e+03,-5.812352130750077777e+03,2.063501889228870425e+02,1.204824833514622640e+02,-1.855627221155652933e+02,0.000000000000000000e+00,4.831756331800193927e+00,8.125437594561459420e+00
3.632085411400762041e+03,-5.830908402961366846e+03,2.063501889228750201e+02,1.204824833425910953e+02,-1.855627221142627263e+02,0.000000000000000000e+00,4.831756798879882631e+00,8.125437595030689408e+00
3.644133659736410664e+03,-5.849464675173042451e+03,2.063501889228799655e+02,1.204824833458856688e+02,-1.855627221146858972e+02,0.000000000000000000e+00,4.831754774679253295e+00,8.125437595061860918e+00
3.656181908072053375e+03,-5.868020947384482497e+03,2.063501889228818413e+02,1.204824833585574737e+02,-1.855627221151561628e+02,0.000000000000000000e+00,4.831756378051492717e+00,8.125437594975169375e+00
3.668230156407697905e+03,-5.886577219596300893e+03,2.063501889228830350e+02,1.204824833537751090e+02,-1.855627221161560101e+02,0.000000000000000000e+00,4.831755568766949338e+00,8.125437594699063126e+00
3.680278404743348801e+03,-5.905133491807965584e+03,2.063501889228836035e+02,1.204824833283812637e+02,-1.855627221156506437e+02,0.000000000000000000e+00,4.831756322415339255e+00,8.125437594397594054e+00
3.692326653078989693e+03,-5.923689764018839924e+03,2.063501889228790844e+02,1.204824833598347453e+02,-1.855627221148492367e+02,0.000000000000000000e+00,4.831756250899807981e+00,8.125437594981228528e+00
3.704374901414634678e+03,-5.942246036230848404e+03,2.063501889228765265e+02,1.204824833709851362e+02,-1.855627221157714644e+02,0.000000000000000000e+00,4.831757237778999681e+00,8.125437595086767217e+00
3.716423149750277844e+03,-5.960802308442500362e+03,2.063501889228795676e+02,1.204824833518831468e+02,-1.855627221156727273e+02,0.000000000000000000e+00,4.831757440229863754e+00,8.125437594377983075e+00
3.728471398085923738e+03,-5.979358580653938589e+03,2.063501889228791129e+02,1.204824833504912931e+02,-1.855627221161539069e+02,0.000000000000000000e+00,4.831754930268385984e+00,8.125437594690014365e+00
3.740519646421567813e+03,-5.997914852865788816e+03,2.063501889228796813e+02,1.204824833520551692e+02,-1.855627221159075759e+02,0.000000000000000000e+00,4.831758167775553225e+00,8.125437595075228003e+00
3.752567894757211889e+03,-6.016471125076904173e+03,2.063501889228807613e+02,1.204824833669694470e+02,-1.855627221147347825e+02,0.000000000000000000e+00,4.831755840507402588e+00,8.125437594978510703e+00
3.764616143092858238e+03,-6.035027397288902648e+03,2.063501889228813013e+02,1.204824833381574649e+02,-1.855627221149396462e+02,0.000000000000000000e+00,4.831755785216656385e+00,8.125437594562626487e+00
3.776664391428505041e+03,-6.053583669500259930e+03,2.063501889228803918e+02,1.204824833719372918e+02,-1.855627221164333207e+02,0.000000000000000000e+00,4.831756468688371164e+00,8.125437594246180950e+00
3.788712639764153209e+03,-6.072139941711719075e+03,2.063501889228735138e+02,1.204824833136868421e+02,-1.855627221152459470e+02,0.000000000000000000e+00,4.831756699178571424e+00,8.125437594748705195e+00
3.800760888099792282e+03,-6.090696213923332834e+03,2.063501889228782886e+02,1.204824833699920532e+02,-1.855627221152201685e+02,0.000000000000000000e+00,4.831756725893399107e+00,8.125437595120850176e+00
3.812809136435438631e+03,-6.109252486134992068e+03,2.063501889228720074e+02,1.204824833518317320e+02,-1.855627221145557542e+02,0.000000000000000000e+00,4.831756662964784788e+00,8.125437594579709710e+00
3.824857384771082707e+03,-6.127808758346354807e+03,2.063501889228728317e+02,1.204824833605872811e+02,-1.855627221150301978e+02,0.000000000000000000e+00,4.831756176788408297e+00,8.125437594532920471e+00
3.836905633106729056e+03,-6.146365030558006765e+03,2.063501889228744517e+02,1.204824833479350445e+02,-1.855627221150615753e+02,0.000000000000000000e+00,4.831757436944254636e+00,8.125437595281512770e+00
3.848953881442370857e+03,-6.164921302769621434e+03,2.063501889228756738e+02,1.204824833156922779e+02,-1.855627221146136492e+02,0.000000000000000000e+00,4.831756196776034074e+00,8.125437594550202647e+00
3.861002129778020389e+03,-6.183477574980886857e+03,2.063501889228797097e+02,1.204824833252867364e+02,-1.855627221147505850e+02,0.000000000000000000e+00,4.831755976782056372e+00,8.125437594844580502e+00
3.873050378113661282e+03,-6.202033847192518806e+03,2.063501889228771518e+02,1.204824833426774973e+02,-1.855627221146829129e+02,0.000000000000000000e+00,4.831756080465490655e+00,8.125437594807872088e+00
3.885098626449309450e+03,-6.220590119403918834e+03,2.063501889228833761e+02,1.204824833803010904e+02,-1.855627221144306418e+02,0.000000000000000000e+00,4.831755580239284420e+00,8.125437594360956695e+00
3.897146874784955344e+03,-6.239146391615662651e+03,2.063501889228777486e+02,1.204824833200837872e+02,-1.855627221167189305e+02,0.000000000000000000e+00,4.831757712550069250e+00,8.125437594820796861e+00
3.909195123120597600e+03,-6.257702663827531978e+03,2.063501889228771802e+02,1.204824833637769785e+02,-1.855627221148552053e+02,0.000000000000000000e+00,4.831757778955101834e+00,8.125437594675480213e+00
3.921243371456243494e+03,-6.276258936038515458e+03,2.063501889228770665e+02,1.204824833961491919e+02,-1.855627221141148198e+02,0.000000000000000000e+00,4.831757711297145264e+00,8.125437594708566635e+00
3.933291619791889843e+03,-6.294815208250518481e+03,2.063501889228808182e+02,1.204824833638851658e+02,-1.855627221154878441e+02,0.000000000000000000e+00,4.831756607092661859e+00,8.125437594181086354e+00
3.945339868127533009e+03,-6.313371480462003092e+03,2.063501889228805055e+02,1.204824833564709650e+02,-1.855627221158239593e+02,0.000000000000000000e+00,4.831756248180804292e+00,8.125437594987037215e+00
3.957388116463178903e+03,-6.331927752673286705e+03,2.063501889228783170e+02,1.204824833709003542e+02,-1.855627221139830283e+02,0.000000000000000000e+00,4.831756994818422690e+00,8.125437594475169334e+00
3.969436364798822979e+03,-6.350484024884884093e+03,2.063501889228749917e+02,1.204824833179556691e+02,-1.855627221149615593e+02,0.000000000000000000e+00,4.831756871914964613e+00,8.125437594710360756e+00
3.981484613134469782e+03,-6.369040297096494214e+03,2.063501889228771518e+02,1.204824833385769978e+02,-1.855627221164354239e+02,0.000000000000000000e+00,4.831756368601384466e+00,8.125437594599443258e+00
3.993532861470113858e+03,-6.387596569308236212e+03,2.063501889228802781e+02,1.204824833188530988e+02,-1.855627221159911358e+02,0.000000000000000000e+00,4.831757246983626963e+00,8.125437594548879261e+00
4.005581109805758388e+03,-6.406152841520061884e+03,2.063501889228784307e+02,1.204824833569769993e+02,-1.855627221155712618e+02,0.000000000000000000e+00,4.831756310280245437e+00,8.125437594703837973e+00
4.017629358141404282e+03,-6.424709113731692923e+03,2.063501889228805055e+02,1.204824833123482932e+02,-1.855627221153994526e+02,0.000000000000000000e+00,4.831754906871911004e+00,8.125437594281487819e+00
4.029677606477046993e+03,-6.443265385942737339e+03,2.063501889228776065e+02,1.204824833806320896e+02,-1.855627221168538199e+02,0.000000000000000000e+00,4.831756118701808767e+00,8.125437594569389077e+00
4.041725854812692432e+03,-6.461821658154533907e+03,2.063501889228815855e+02,1.204824833580072578e+02,-1.855627221159871567e+02,0.000000000000000000e+00,4.831756291239537759e+00,8.125437595128202517e+00
4.053774103148337872e+03,-6.480377930365766588e+03,2.063501889228768391e+02,1.204824833788616019e+02,-1.855627221155006339e+02,0.000000000000000000e+00,4.831756016348459859e+00,8.125437595317848150e+00
4.065822351483983766e+03,-6.498934202577262113e+03,2.063501889228860477e+02,1.204824833525352830e+02,-1.855627221173109831e+02,0.000000000000000000e+00,4.831757079603591798e+00,8.125437594751813819e+00
4.077870599819631479e+03,-6.517490474788615757e+03,2.063501889228778623e+02,1.204824833635123014e+02,-1.855627221148338890e+02,0.000000000000000000e+00,4.831755627952960097e+00,8.125437594557173071e+00
4.089918848155272826e+03,-6.536046747000797950e+03,2.063501889228784876e+02,1.204824833832545750e+02,-1.855627221161070963e+02,0.000000000000000000e+00,4.831756058832097800e+00,8.125437594491479842e+00
4.101967096490917356e+03,-6.554603019212570871e+03,2.063501889228796244e+02,1.204824833418611121e+02,-1.855627221155664870e+02,0.000000000000000000e+00,4.831757145417512334e+00,8.125437594949797671e+00
4.114015344826562796e+03,-6.573159291423576178e+03,2.063501889228767538e+02,1.204824833629954668e+02,-1.855627221165354968e+02,0.000000000000000000e+00,4.831756626029252821e+00,8.125437594674700392e+00
4.126063593162207326e+03,-6.591715563635281796e+03,2.063501889228793971e+02,1.204824833678912483e+02,-1.855627221142489418e+02,0.000000000000000000e+00,4.831756989832335591e+00,8.125437595304923377e+00
4.138111841497852765e+03,-6.610271835846647264e+03,2.063501889228813866e+02,1.204824833999486913e+02,-1.855627221150431581e+02,0.000000000000000000e+00,4.831756003675446998e+00,8.125437594613130088e+00
4.150160089833496386e+03,-6.628828108058288308e+03,2.063501889228767823e+02,1.204824833675812243e+02,-1.855627221156534006e+02,0.000000000000000000e+00,4.831757712254444392e+00,8.125437594721599766e+00
4.162208338169138187e+03,-6.647384380269919347e+03,2.063501889228765833e+02,1.204824833370939672e+02,-1.855627221148164381e+02,0.000000000000000000e+00,4.831756446201505462e+00,8.125437594386042406e+00
4.174256586504786355e+03,-6.665940652481510369e+03,2.063501889228775781e+02,1.204824833853072619e+02,-1.855627221157416500e+02,0.000000000000000000e+00,4.831755799138324647e+00,8.125437594793272211e+00
4.186304834840428157e+03,-6.684496924692494758e+03,2.063501889228753612e+02,1.204824833211700934e+02,-1.855627221146685315e+02,0.000000000000000000e+00,4.831757655792685568e+00,8.125437594586410128e+00
4.198353083176072687e+03,-6.703053196905125333e+03,2.063501889228791697e+02,1.204824833392636805e+02,-1.855627221155895654e+02,0.000000000000000000e+00,4.831756928606918855e+00,8.125437594721921286e+00
4.210401331511717217e+03,-6.721609469115974207e+03,2.063501889228799939e+02,1.204824834097921098e+02,-1.855627221158305531e+02,0.000000000000000000e+00,4.831755579687807334e+00,8.125437594896684601e+00
4.222449579847361747e+03,-6.740165741327798969e+03,2.063501889228797097e+02,1.204824833974259377e+02,-1.855627221161054479e+02,0.000000000000000000e+00,4.831756619974647116e+00,8.125437595058173201e+00
4.234497828183008096e+03,-6.758722013539203544e+03,2.063501889228764412e+02,1.204824833731870939e+02,-1.855627221140298673e+02,0.000000000000000000e+00,4.831755520946114046e+00,8.125437594753632808e+00
4.246546076518653535e+03,-6.777278285751022850e+03,2.063501889228785444e+02,1.204824833405097166e+02,-1.855627221150148785e+02,0.000000000000000000e+00,4.831757432582544531e+00,8.125437594466021096e+00
4.258594324854296246e+03,-6.795834557962503823e+03,2.063501889228792265e+02,1.204824833407736691e+02,-1.855627221153357027e+02,0.000000000000000000e+00,4.831757536366590777e+00,8.125437595329099594e+00
4.270642573189941686e+03,-6.814390830174188523e+03,2.063501889228797097e+02,1.204824833606955394e+02,-1.855627221157392626e+02,0.000000000000000000e+00,4.831756373808739902e+00,8.125437594834323818e+00
4.282690821525584397e+03,-6.832947102385673134e+03,2.063501889228801929e+02,1.204824833733143095e+02,-1.855627221159693079e+02,0.000000000000000000e+00,4.831756109057025128e+00,8.125437594478791326e+00
4.294739069861228927e+03,-6.851503374597173206e+03,2.063501889228758444e+02,1.204824833662898129e+02,-1.855627221162561398e+02,0.000000000000000000e+00,4.831756587728158969e+00,8.125437594445443779e+00
4.306787318196876186e+03,-6.870059646808862453e+03,2.063501889228824382e+02,1.204824833649540921e+02,-1.855627221148778005e+02,0.000000000000000000e+00,4.831755961590578963e+00,8.125437594551133458e+00
4.318835566532522535e+03,-6.888615919020248839e+03,2.063501889228752759e+02,1.204824833683422582e+02,-1.855627221157340330e+02,0.000000000000000000e+00,4.831756424515143422e+00,8.125437594731627300e+00
4.330883814868162517e+03,-6.907172191231352372e+03,2.063501889228836035e+02,1.204824833484605477e+02,-1.855627221157085103e+02,0.000000000000000000e+00,4.831755944205640141e+00,8.125437594631401694e+00
4.342932063203807957e+03,-6.925728463442906104e+03,2.063501889228770381e+02,1.204824833901207057e+02,-1.855627221146940826e+02,0.000000000000000000e+00,4.831758106600283931e+00,8.125437594661645946e+00
4.354980311539453396e+03,-6.944284735655238364e+03,2.063501889228784307e+02,1.204824833710420506e+02,-1.855627221167730170e+02,0.000000000000000000e+00,4.831756839432722828e+00,8.125437594599908664e+00
4.367028559875099745e+03,-6.962841007866350992e+03,2.063501889228797381e+02,1.204824833499593097e+02,-1.855627221151363813e+02,0.000000000000000000e+00,4.831758233788058021e+00,8.125437594680414932e+00
4.379076808210746094e+03,-6.981397280078317635e+03,2.063501889228790844e+02,1.204824833461860862e+02,-1.855627221158100042e+02,0.000000000000000000e+00,4.831756566416624210e+00,8.125437595135599267e+00
4.391125056546386986e+03,-6.999953552289680374e+03,2.063501889228789707e+02,1.204824833819876915e+02,-1.855627221167213747e+02,0.000000000000000000e+00,4.831757697048430167e+00,8.125437595208856223e+00
4.403173304882029697e+03,-7.018509824501388721e+03,2.063501889228822677e+02,1.204824833496563059e+02,-1.855627221162187936e+02,0.000000000000000000e+00,4.831756291903034572e+00,8.125437594215316750e+00
4.415221553217676046e+03,-7.037066096712341277e+03,2.063501889228780897e+02,1.204824833557470214e+02,-1.855627221170863663e+02,0.000000000000000000e+00,4.831755853038434800e+00,8.125437594782724204e+00
4.427269801553317848e+03,-7.055622368924216971e+03,2.063501889228811876e+02,1.204824833595407370e+02,-1.855627221158559337e+02,0.000000000000000000e+00,4.831757576792607090e+00,8.125437594526612628e+00
4.439318049888966016e+03,-7.074178641135317775e+03,2.063501889228806192e+02,1.204824833156002910e+02,-1.855627221160362694e+02,0.000000000000000000e+00,4.831755821427509368e+00,8.125437595174416217e+00
4.451366298224609636e+03,-7.092734913347140719e+03,2.063501889228798518e+02,1.204824833604696295e+02,-1.855627221159234637e+02,0.000000000000000000e+00,4.831756118793183674e+00,8.125437594375378936e+00
4.463414546560252347e+03,-7.111291185558598045e+03,2.063501889228750485e+02,1.204824833615557225e+02,-1.855627221160512192e+02,0.000000000000000000e+00,4.831757534743440274e+00,8.125437594643958761e+00
4.475462794895899606e+03,-7.129847457770195433e+03,2.063501889228774928e+02,1.204824833268412760e+02,-1.855627221158339921e+02,0.000000000000000000e+00,4.831756093311424749e+00,8.125437594913455186e+00
4.487511043231544136e+03,-7.148403729981835568e+03,2.063501889228827224e+02,1.204824833380699403e+02,-1.855627221148575927e+02,0.000000000000000000e+00,4.831755931306007668e+00,8.125437594797549679e+00
4.499559291567187756e+03,-7.166960002193176479e+03,2.063501889228847404e+02,1.204824833610826857e+02,-1.855627221164383513e+02,0.000000000000000000e+00,4.831757244367650195e+00,8.125437594746484748e+00
4.511607539902830467e+03,-7.185516274404712021e+03,2.063501889228804487e+02,1.204824833810585432e+02,-1.855627221160617921e+02,0.000000000000000000e+00,4.831755506417696466e+00,8.125437594423978283e+00
4.523655788238475907e+03,-7.204072546616082036e+03,2.063501889228723201e+02,1.204824833533898243e+02,-1.855627221170044265e+02,0.000000000000000000e+00,4.831755861887235604e+00,8.125437594967594990e+00
4.535704036574119527e+03,-7.222628818828167823e+03,2.063501889228817845e+02,1.204824833820073593e+02,-1.855627221150528214e+02,0.000000000000000000e+00,4.831756237719027069e+00,8.125437594829284293e+00
4.547752284909762238e+03,-7.241185091039515100e+03,2.063501889228770096e+02,1.204824833468012173e+02,-1.855627221162855278e+02,0.000000000000000000e+00,4.831755837156200606e+00,8.125437594731792501e+00
4.559800533245412225e+03,-7.259741363251094299e+03,2.063501889228774075e+02,1.204824833419890524e+02,-1.855627221147896648e+02,0.000000000000000000e+00,4.831755485176629783e+00,8.125437594683257103e+00
4.571848781581053117e+03,-7.278297635462925427e+03,2.063501889228779760e+02,1.204824833473029457e+02,-1.855627221157451743e+02,0.000000000000000000e+00,4.831756441798973789e+00,8.125437594738082581e+00
4.583897029916700376e+03,-7.296853907674162656e+03,2.063501889228794255e+02,1.204824833731065326e+02,-1.855627221133132991e+02,0.000000000000000000e+00,4.831756604654811049e+00,8.125437594812861875e+00
4.595945278252344906e+03,-7.315410179885884645e+03,2.063501889228796529e+02,1.204824833259351067e+02,-1.855627221154364008e+02,0.000000000000000000e+00,4.831755675054787424e+00,8.125437595022891202e+00
4.607993526587987617e+03,-7.333966452097080946e+03,2.063501889228821824e+02,1.204824833640796840e+02,-1.855627221158790121e+02,0.000000000000000000e+00,4.831757926975636330e+00,8.125437594738038172e+00
4.620041774923633966e+03,-7.352522724309136720e+03,2.063501889228780897e+02,1.204824833366532317e+02,-1.855627221158921714e+02,0.000000000000000000e+00,4.831756703651749696e+00,8.125437594971286259e+00
4.632090023259276677e+03,-7.371078996520421242e+03,2.063501889228766970e+02,1.204824833357330647e+02,-1.855627221162343403e+02,0.000000000000000000e+00,4.831755862217155695e+00,8.125437594623093673e+00
4.644138271594921207e+03,-7.389635268732358782e+03,2.063501889228787718e+02,1.204824833431561757e+02,-1.855627221169367260e+02,0.000000000000000000e+00,4.831757619472659471e+00,8.125437594343653203e+00
4.656186519930568465e+03,-7.408191540943695145e+03,2.063501889228818982e+02,1.204824833972827349e+02,-1.855627221136474816e+02,0.000000000000000000e+00,4.831755368955940710e+00,8.125437593870632469e+00
4.668234768266211177e+03,-7.426747813155069707e+03,2.063501889228804771e+02,1.204824833676421463e+02,-1.855627221153018525e+02,0.000000000000000000e+00,4.831756858054236936e+00,8.125437594174973910e+00
4.680283016601855707e+03,-7.445304085367004518e+03,2.063501889228820119e+02,1.204824833917884348e+02,-1.855627221160592057e+02,0.000000000000000000e+00,4.831755640483419434e+00,8.125437594795220875e+00
4.692331264937500237e+03,-7.463860357578585536e+03,2.063501889228780044e+02,1.204824833893223399e+02,-1.855627221148116632e+02,0.000000000000000000e+00,4.831757207774915130e+00,8.125437594644031591e+00
4.704379513273144767e+03,-7.482416629789864601e+03,2.063501889228758159e+02,1.204824833040358953e+02,-1.855627221157736528e+02,0.000000000000000000e+00,4.831756450072625775e+00,8.125437595089893605e+00
4.716427761608790206e+03,-7.500972902001431066e+03,2.063501889228774928e+02,1.204824833730562830e+02,-1.855627221168278993e+02,0.000000000000000000e+00,4.831756324260398472e+00,8.125437595023338844e+00
4.728476009944433827e+03,-7.519529174213084843e+03,2.063501889228790844e+02,1.204824833828965893e+02,-1.855627221154499296e+02,0.000000000000000000e+00,4.831757050142469367e+00,8.125437594573751809e+00
4.740524258280078357e+03,-7.538085446424490328e+03,2.063501889228805055e+02,1.204824833287198089e+02,-1.855627221147678370e+02,0.000000000000000000e+00,4.831755494813411822e+00,8.125437595039006311e+00
4.752572506615722887e+03,-7.556641718636224141e+03,2.063501889228757307e+02,1.204824833820958929e+02,-1.855627221153568485e+02,0.000000000000000000e+00,4.831756816670340626e+00,8.125437595129772816e+00
4.764620754951368326e+03,-7.575197990847460460e+03,2.063501889228772086e+02,1.204824833664840327e+02,-1.855627221139604899e+02,0.000000000000000000e+00,4.831755662442707155e+00,8.125437594939633357e+00
4.776669003287014675e+03,-7.593754263059534424e+03,2.063501889228768960e+02,1.204824833536342084e+02,-1.855627221156001383e+02,0.000000000000000000e+00,4.831755943892544813e+00,8.125437594531064178e+00
4.788717251622654658e+03,-7.612310535270614309e+03,2.063501889228815571e+02,1.204824833605692902e+02,-1.855627221154466042e+02,0.000000000000000000e+00,4.831756400578059996e+00,8.125437594274098174e+00
4.800765499958301007e+03,-7.630866807482328113e+03,2.063501889228755317e+02,1.204824833814386125e+02,-1.855627221154928179e+02,0.000000000000000000e+00,4.831756415114337955e+00,8.125437595035633009e+00
4.812813748293948265e+03,-7.649423079693879117e+03,2.063501889228773791e+02,1.204824833805041635e+02,-1.855627221158873681e+02,0.000000000000000000e+00,4.831756638223520639e+00,8.125437594908657246e+00
4.824861996629591886e+03,-7.667979351905526528e+03,2.063501889228805055e+02,1.204824833519692504e+02,-1.855627221148516242e+02,0.000000000000000000e+00,4.831755155691292991e+00,8.125437594746662384e+00
4.836910244965237325e+03,-7.686535624116562758e+03,2.063501889228743096e+02,1.204824833524911725e+02,-1.855627221148996853e+02,0.000000000000000000e+00,4.831756198828563775e+00,8.125437594122592699e+00
4.848958493300878217e+03,-7.705091896328817711e+03,2.063501889228750485e+02,1.204824833526229497e+02,-1.855627221169212078e+02,0.000000000000000000e+00,4.831756757731759500e+00,8.125437594774242100e+00
4.861006741636524566e+03,-7.723648168540147708e+03,2.063501889228772939e+02,1.204824833486175208e+02,-1.855627221156353244e+02,0.000000000000000000e+00,4.831757173273068418e+00,8.125437594412483477e+00
4.873054989972165458e+03,-7.742204440751890616e+03,2.063501889228816424e+02,1.204824833287329682e+02,-1.855627221168719245e+02,0.000000000000000000e+00,4.831755912063158576e+00,8.125437594781871553e+00
4.885103238307808169e+03,-7.760760712963169681e+03,2.063501889228749633e+02,1.204824833715441486e+02,-1.855627221161383318e+02,0.000000000000000000e+00,4.831756624616486029e+00,8.125437594598059476e+00
4.897151486643455428e+03,-7.779316985174480578e+03,2.063501889228764412e+02,1.204824833604153298e+02,-1.855627221158293878e+02,0.000000000000000000e+00,4.831757348173645106e+00,8.125437594712799694e+00
4.909199734979099958e+03,-7.797873257386555451e+03,2.063501889228758444e+02,1.204824833620297113e+02,-1.855627221160213196e+02,0.000000000000000000e+00,4.831757908285289282e+00,8.125437594760741788e+00
4.921247983314744488e+03,-7.816429529598001864e+03,2.063501889228784023e+02,1.204824833630128751e+02,-1.855627221169272048e+02,0.000000000000000000e+00,4.831757331203583306e+00,8.125437594974588507e+00
4.933296231650389018e+03,-7.834985801809476470e+03,2.063501889228815855e+02,1.204824833257721934e+02,-1.855627221135466982e+02,0.000000000000000000e+00,4.831757268657731252e+00,8.125437594952671816e+00
4.945344479986036276e+03,-7.853542074020959262e+03,2.063501889228760433e+02,1.204824833799412573e+02,-1.855627221159636520e+02,0.000000000000000000e+00,4.831755433356653917e+00,8.125437594786353301e+00
4.957392728321678987e+03,-7.872098346232283802e+03,2.063501889228743948e+02,1.204824834027717060e+02,-1.855627221153964967e+02,0.000000000000000000e+00,4.831756900484244888e+00,8.125437594691389265e+00
4.969440976657324427e+03,-7.890654618444214975e+03,2.063501889228791981e+02,1.204824833320937927e+02,-1.855627221155687039e+02,0.000000000000000000e+00,4.831755661394304013e+00,8.125437594883994308e+00
4.981489224992968047e+03,-7.909210890655952426e+03,2.063501889228790844e+02,1.204824833710547267e+02,-1.855627221155278619e+02,0.000000000000000000e+00,4.831757059073900962e+00,8.125437595051581141e+00
4.993537473328612577e+03,-7.927767162867256047e+03,2.063501889228783170e+02,1.204824833432353159e+02,-1.855627221172924806e+02,0.000000000000000000e+00,4.831755679575399753e+00,8.125437595170209804e+00
5.005585721664258017e+03,-7.946323435078954390e+03,2.063501889228711832e+02,1.204824833825810799e+02,-1.855627221160381168e+02,0.000000000000000000e+00,4.831755719442762498e+00,8.125437594666788499e+00
5.017633969999904366e+03,-7.964879707290539045e+03,2.063501889228793118e+02,1.204824833511050031e+02,-1.855627221169554844e+02,0.000000000000000000e+00,4.831756412562007164e+00,8.125437594918196282e+00
5.029682218335547077e+03,-7.983435979501392467e+03,2.063501889228807613e+02,1.204824833300868079e+02,-1.855627221158046609e+02,0.000000000000000000e+00,4.831756933131317489e+00,8.125437594618787784e+00
5.041730466671190698e+03,-8.001992251713481892e+03,2.063501889228781749e+02,1.204824833309690604e+02,-1.855627221152507218e+02,0.000000000000000000e+00,4.831756161258108584e+00,8.125437594804131081e+00
5.053778715006836137e+03,-8.020548523924979236e+03,2.063501889228863604e+02,1.204824833481245605e+02,-1.855627221148620833e+02,0.000000000000000000e+00,4.831755304101715609e+00,8.125437595111169031e+00
5.065826963342480667e+03,-8.039104796136775803e+03,2.063501889228793402e+02,1.204824833363754237e+02,-1.855627221142851511e+02,0.000000000000000000e+00,4.831756941093909852e+00,8.125437594746390602e+00
5.077875211678127016e+03,-8.057661068348000299e+03,2.063501889228789707e+02,1.204824833270137390e+02,-1.855627221151126207e+02,0.000000000000000000e+00,4.831755209652857985e+00,8.125437595049801232e+00
5.089923460013772456e+03,-8.076217340559461263e+03,2.063501889228791413e+02,1.204824833493668024e+02,-1.855627221152764719e+02,0.000000000000000000e+00,4.831757717254016704e+00,8.125437594639683070e+00
5.101971708349416986e+03,-8.094773612770887667e+03,2.063501889228753896e+02,1.204824833566032396e+02,-1.855627221138096843e+02,0.000000000000000000e+00,4.831757655928826445e+00,8.125437594302255206e+00
5.114019956685057878e+03,-8.113329884982895237e+03,2.063501889228749917e+02,1.204824833707435658e+02,-1.855627221158898408e+02,0.000000000000000000e+00,4.831757215383804649e+00,8.125437595302225091e+00
5.126068205020703317e+03,-8.131886157194317093e+03,2.063501889228796529e+02,1.204824833038696568e+02,-1.855627221161459772e+02,0.000000000000000000e+00,4.831754393496387578e+00,8.125437594482155745e+00
5.138116453356347847e+03,-8.150442429406215524e+03,2.063501889228807613e+02,1.204824833546989993e+02,-1.855627221148834849e+02,0.000000000000000000e+00,4.831755908324019799e+00,8.125437594572600730e+00
5.150164701691991468e+03,-8.168998701617548249e+03,2.063501889228751338e+02,1.204824833632454357e+02,-1.855627221157072881e+02,0.000000000000000000e+00,4.831756672936418084e+00,8.125437594649762119e+00
5.162212950027637817e+03,-8.187554973828755465e+03,2.063501889228833193e+02,1.204824833982175960e+02,-1.855627221154652773e+02,0.000000000000000000e+00,4.831756517859162159e+00,8.125437595012263259e+00
5.174261198363284166e+03,-8.206111246040389233e+03,2.063501889228760149e+02,1.204824833932070760e+02,-1.855627221149461548e+02,0.000000000000000000e+00,4.831755973533857329e+00,8.125437594435911848e+00
5.186309446698927786e+03,-8.224667518252008449e+03,2.063501889228821256e+02,1.204824833893248979e+02,-1.855627221159948874e+02,0.000000000000000000e+00,4.831757047688845397e+00,8.125437594490339421e+00
5.198357695034567769e+03,-8.243223790463682235e+03,2.063501889228757591e+02,1.204824833442903582e+02,-1.855627221160086719e+02,0.000000000000000000e+00,4.831757040894657074e+00,8.125437594362635352e+00
5.210405943370215027e+03,-8.261780062675232330e+03,2.063501889228843424e+02,1.204824833545911247e+02,-1.855627221160122247e+02,0.000000000000000000e+00,4.831756811853850309e+00,8.125437594757496385e+00
5.222454191705859557e+03,-8.280336334886967961e+03,2.063501889228793971e+02,1.204824833796712795e+02,-1.855627221158448208e+02,0.000000000000000000e+00,4.831755835949931743e+00,8.125437594988065726e+00
5.234502440041504997e+03,-8.298892607098776352e+03,2.063501889228834045e+02,1.204824833621812274e+02,-1.855627221161356033e+02,0.000000000000000000e+00,4.831757502421116790e+00,8.125437594686594878e+00
5.246550688377146798e+03,-8.317448879309280528e+03,2.063501889228829782e+02,1.204824833575649876e+02,-1.855627221155119742e+02,0.000000000000000000e+00,4.831757938383227646e+00,8.125437595340759600e+00
5.258598936712792238e+03,-8.336005151521299922e+03,2.063501889228809887e+02,1.204824833399860609e+02,-1.855627221159148519e+02,0.000000000000000000e+00,4.831755186051752915e+00,8.125437594755942072e+00
5.270647185048439496e+03,-8.354561423732960975e+03,2.063501889228840582e+02,1.204824833695437150e+02,-1.855627221147928765e+02,0.000000000000000000e+00,4.831757199268335690e+00,8.125437595090454934e+00
5.282695433384083117e+03,-8.373117695944500156e+03,2.063501889228776349e+02,1.204824833637139676e+02,-1.855627221156030657e+02,0.000000000000000000e+00,4.831756889016141976e+00,8.125437594624328241e+00
5.294743681719726737e+03,-8.391673968155924740e+03,2.063501889228757591e+02,1.204824833576117982e+02,-1.855627221158591169e+02,0.000000000000000000e+00,4.831756703543375941e+00,8.125437594511335959e+00
5.306791930055374905e+03,-8.410230240367338411e+03,2.063501889228801076e+02,1.204824833706157250e+02,-1.855627221159063822e+02,0.000000000000000000e+00,4.831757380357417198e+00,8.125437594592169077e+00
5.318840178391014888e+03,-8.428786512578850306e+03,2.063501889228727748e+02,1.204824833832620499e+02,-1.855627221144812893e+02,0.000000000000000000e+00,4.831756881224849032e+00,8.125437594678638575e+00
5.330888426726659418e+03,-8.447342784790696896e+03,2.063501889228764128e+02,1.204824833651983624e+02,-1.855627221153169160e+02,0.000000000000000000e+00,4.831755570125952026e+00,8.125437595147044334e+00
5.342936675062303948e+03,-8.465899057002237896e+03,2.063501889228834898e+02,1.204824833366430994e+02,-1.855627221156952658e+02,0.000000000000000000e+00,4.831756794374195252e+00,8.125437594725561041e+00
5.354984923397946659e+03,-8.484455329213751611e+03,2.063501889228826371e+02,1.204824833942540323e+02,-1.855627221153312973e+02,0.000000000000000000e+00,4.831757022200684482e+00,8.125437594952071407e+00
5.367033171733595736e+03,-8.503011601425841945e+03,2.063501889228793686e+02,1.204824833346299187e+02,-1.855627221156175040e+02,0.000000000000000000e+00,4.831756039032128136e+00,8.125437594801002916e+00
5.379081420069236628e+03,-8.521567873637161028e+03,2.063501889228768391e+02,1.204824833330200420e+02,-1.855627221148135106e+02,0.000000000000000000e+00,4.831757288218522461e+00,8.125437594773556427e+00
5.391129668404882977e+03,-8.540124145848432818e+03,2.063501889228743664e+02,1.204824833473681593e+02,-1.855627221151065953e+02,0.000000000000000000e+00,4.831756591588235672e+00,8.125437594783848638e+00
5.403177916740527507e+03,-8.558680418060228476e+03,2.063501889228839161e+02,1.204824833689426669e+02,-1.855627221147758803e+02,0.000000000000000000e+00,4.831756468934178095e+00,8.125437594782450645e+00
5.415226165076173857e+03,-8.577236690271767657e+03,2.063501889228837456e+02,1.204824833936996669e+02,-1.855627221152544166e+02,0.000000000000000000e+00,4.831756146758626080e+00,8.125437595011348435e+00
5.427274413411815658e+03,-8.595792962483277734e+03,2.063501889228776065e+02,1.204824833573443357e+02,-1.855627221163377385e+02,0.000000000000000000e+00,4.831757267927319077e+00,8.125437594771851124e+00
5.439322661747461098e+03,-8.614349234694707775e+03,2.063501889228792265e+02,1.204824833622208189e+02,-1.855627221144571877e+02,0.000000000000000000e+00,4.831756742340235888e+00,8.125437594622205495e+00
5.451370910083107447e+03,-8.632905506906081428e+03,2.063501889228790560e+02,1.204824833506170449e+02,-1.855627221153280857e+02,0.000000000000000000e+00,4.831754931129899511e+00,8.125437594354902870e+00
5.463419158418752886e+03,-8.651461779117744300e+03,2.063501889228809603e+02,1.204824833511076037e+02,-1.855627221156291284e+02,0.000000000000000000e+00,4.831755281116078216e+00,8.125437594993513812e+00
5.475467406754397416e+03,-8.670018051329578157e+03,2.063501889228789992e+02,1.204824833401185771e+02,-1.855627221169787333e+02,0.000000000000000000e+00,4.831758077060570145e+00,8.125437595192707363e+00
5.487515655090035580e+03,-8.688574323540848127e+03,2.063501889228770381e+02,1.204824833820291303e+02,-1.855627221155442328e+02,0.000000000000000000e+00,4.831755505008231921e+00,8.125437595283756309e+00
5.499563903425681929e+03,-8.707130595752005320e+03,2.063501889228770949e+02,1.204824833849016841e+02,-1.855627221162081639e+02,0.000000000000000000e+00,4.831756398138793429e+00,8.125437594643054595e+00
5.511612151761329187e+03,-8.725686867963695477e+03,2.063501889228769244e+02,1.204824833587798594e+02,-1.855627221156711926e+02,0.000000000000000000e+00,4.831756841945400893e+00,8.125437594705532618e+00
5.523660400096971898e+03,-8.744243140175605731e+03,2.063501889228782602e+02,1.204824833532135528e+02,-1.855627221151416677e+02,0.000000000000000000e+00,4.831756761615799256e+00,8.125437594739318925e+00
5.535708648432617338e+03,-8.762799412387281336e+03,2.063501889228738264e+02,1.204824833659770604e+02,-1.855627221146390866e+02,0.000000000000000000e+00,4.831755543082523197e+00,8.125437594918116346e+00
5.547756896768262777e+03,-8.781355684598476728e+03,2.063501889228751907e+02,1.204824833661644163e+02,-1.855627221155003781e+02,0.000000000000000000e+00,4.831756590814880070e+00,8.125437595287825943e+00
5.559805145103905488e+03,-8.799911956810145057e+03,2.063501889228811308e+02,1.204824833542593154e+02,-1.855627221159771807e+02,0.000000000000000000e+00,4.831756914364171429e+00,8.125437594136485586e+00
5.571853393439551837e+03,-8.818468229022018932e+03,2.063501889228803350e+02,1.204824833837221263e+02,-1.855627221142291603e+02,0.000000000000000000e+00,4.831755410966684927e+00,8.125437594479658188e+00
5.583901641775194548e+03,-8.837024501233183400e+03,2.063501889228725474e+02,1.204824833799267907e+02,-1.855627221150239734e+02,0.000000000000000000e+00,4.831757571319789335e+00,8.125437594872492397e+00
5.595949890110839988e+03,-8.855580773445000887e+03,2.063501889228763275e+02,1.204824833580424581e+02,-1.855627221149060802e+02,0.000000000000000000e+00,4.831755750518898829e+00,8.125437594304967703e+00
5.607998138446484518e+03,-8.874137045656241753e+03,2.063501889228768391e+02,1.204824833507478985e+02,-1.855627221151084143e+02,0.000000000000000000e+00,4.831756476800952882e+00,8.125437594966051336e+00
5.620046386782128138e+03,-8.892693317867586302e+03,2.063501889228772370e+02,1.204824833266400788e+02,-1.855627221170847747e+02,0.000000000000000000e+00,4.831756417245047786e+00,8.125437594728499135e+00
5.632094635117773578e+03,-8.911249590079893096e+03,2.063501889228757307e+02,1.204824833615860769e+02,-1.855627221154003337e+02,0.000000000000000000e+00,4.831756627672922910e+00,8.125437594818389897e+00
5.644142883453419927e+03,-8.929805862291090307e+03,2.063501889228824950e+02,1.204824833183099742e+02,-1.855627221164131981e+02,0.000000000000000000e+00,4.831755901240762263e+00,8.125437594241144978e+00
5.656191131789060819e+03,-8.948362134502625850e+03,2.063501889228808750e+02,1.204824833483316695e+02,-1.855627221150184880e+02,0.000000000000000000e+00,4.831755987553774112e+00,8.125437594839679534e+00
5.668239380124705349e+03,-8.966918406714014054e+03,2.063501889228742243e+02,1.204824833497572314e+02,-1.855627221152946618e+02,0.000000000000000000e+00,4.831755032263909122e+00,8.125437594422903587e+00
5.680287628460354426e+03,-8.985474678925662374e+03,2.063501889228774360e+02,1.204824833156252168e+02,-1.855627221170977066e+02,0.000000000000000000e+00,4.831753886909989859e+00,8.125437594897785942e+00
5.692335876795996228e+03,-9.004030951137301599e+03,2.063501889228785728e+02,1.204824833364031349e+02,-1.855627221166053857e+02,0.000000000000000000e+00,4.831758700955870012e+00,8.125437595055409190e+00
5.704384125131638029e+03,-9.022587223349068154e+03,2.063501889228829498e+02,1.204824833522563097e+02,-1.855627221161543048e+02,0.000000000000000000e+00,4.831756981223073844e+00,8.125437595226259191e+00
5.716432373467286197e+03,-9.041143495560643714e+03,2.063501889228781181e+02,1.204824833645348292e+02,-1.855627221142849805e+02,0.000000000000000000e+00,4.831755180913055447e+00,8.125437595264305202e+00
5.728480621802931637e+03,-9.059699767772326595e+03,2.063501889228747075e+02,1.204824833496019352e+02,-1.855627221160124236e+02,0.000000000000000000e+00,4.831755118017157180e+00,8.125437594464845148e+00
5.740528870138574348e+03,-9.078256039983525625e+03,2.063501889228775781e+02,1.204824833455047468e+02,-1.855627221144450232e+02,0.000000000000000000e+00,4.831755726195551048e+00,8.125437594640853689e+00
5.752577118474218878e+03,-9.096812312194844708e+03,2.063501889228780328e+02,1.204824833440198972e+02,-1.855627221163742604e+02,0.000000000000000000e+00,4.831758070432504937e+00,8.125437595077352526e+00
5.764625366809863408e+03,-9.115368584406711307e+03,2.063501889228732011e+02,1.204824833478200361e+02,-1.855627221153649486e+02,0.000000000000000000e+00,4.831755513132351965e+00,8.125437594698627919e+00
5.776673615145507938e+03,-9.133924856618306876e+03,2.063501889228796244e+02,1.204824833885102464e+02,-1.855627221153767721e+02,0.000000000000000000e+00,4.831756400295864395e+00,8.125437594754007620e+00
5.788721863481154287e+03,-9.152481128829713271e+03,2.063501889228763275e+02,1.204824833541481297e+02,-1.855627221151829360e+02,0.000000000000000000e+00,4.831755531926390290e+00,8.125437594394364638e+00
5.800770111816796089e+03,-9.171037401041325211e+03,2.063501889228853940e+02,1.204824833351357825e+02,-1.855627221138345249e+02,0.000000000000000000e+00,4.831756600918479805e+00,8.125437594832511934e+00
5.812818360152440619e+03,-9.189593673252660665e+03,2.063501889228791413e+02,1.204824833629360228e+02,-1.855627221150310220e+02,0.000000000000000000e+00,4.831756951185984583e+00,8.125437594823832654e+00
5.824866608488086058e+03,-9.208149945464449047e+03,2.063501889228781181e+02,1.204824833281412140e+02,-1.855627221141132281e+02,0.000000000000000000e+00,4.831756757681910486e+00,8.125437594816194320e+00
5.836914856823730588e+03,-9.226706217676039159e+03,2.063501889228752759e+02,1.204824833627537686e+02,-1.855627221149754575e+02,0.000000000000000000e+00,4.831756956217113874e+00,8.125437594908458294e+00
5.848963105159375118e+03,-9.245262489887618358e+03,2.063501889228820687e+02,1.204824833812101730e+02,-1.855627221154125550e+02,0.000000000000000000e+00,4.831756641460543733e+00,8.125437594533265084e+00
5.861011353495020558e+03,-9.263818762099199375e+03,2.063501889228692221e+02,1.204824833288206634e+02,-1.855627221156900362e+02,0.000000000000000000e+00,4.831757036958342688e+00,8.125437594742326297e+00
5.873059601830665997e+03,-9.282375034310387491e+03,2.063501889228775781e+02,1.204824833742544428e+02,-1.855627221144627583e+02,0.000000000000000000e+00,4.831755536310227583e+00,8.125437594782805917e+00
5.885107850166307799e+03,-9.300931306521892111e+03,2.063501889228790844e+02,1.204824833337424508e+02,-1.855627221161770706e+02,0.000000000000000000e+00,4.831757411651621759e+00,8.125437594444495204e+00
5.897156098501952329e+03,-9.319487578733402188e+03,2.063501889228758444e+02,1.204824833660831445e+02,-1.855627221158918303e+02,0.000000000000000000e+00,4.831755181085823025e+00,8.125437594640516181e+00
5.909204346837596859e+03,-9.338043850945197846e+03,2.063501889228773507e+02,1.204824833295808162e+02,-1.855627221154580582e+02,0.000000000000000000e+00,4.831756431178200195e+00,8.125437595117865897e+00
5.921252595173241389e+03,-9.356600123156731570e+03,2.063501889228782034e+02,1.204824833662342627e+02,-1.855627221153194455e+02,0.000000000000000000e+00,4.831755481869562274e+00,8.125437594747170422e+00
5.933300843508885009e+03,-9.375156395368243466e+03,2.063501889228759296e+02,1.204824833030726410e+02,-1.855627221154674658e+02,0.000000000000000000e+00,4.831756014538848731e+00,8.125437594977947597e+00
5.945349091844532268e+03,-9.393712667580126435e+03,2.063501889228818698e+02,1.204824833523276482e+02,-1.855627221149740080e+02,0.000000000000000000e+00,4.831755533285571502e+00,8.125437595306969740e+00
5.957397340180174069e+03,-9.412268939791763842e+03,2.063501889228781465e+02,1.204824833553457211e+02,-1.855627221151411561e+02,0.000000000000000000e+00,4.831756552238075209e+00,8.125437595014073366e+00
5.969445588515817690e+03,-9.430825212003046545e+03,2.063501889228734569e+02,1.204824833271609776e+02,-1.855627221159580813e+02,0.000000000000000000e+00,4.831756640753982701e+00,8.125437594904031613e+00
5.981493836851464948e+03,-9.449381484214478405e+03,2.063501889228765833e+02,1.204824833697838784e+02,-1.855627221151310664e+02,0.000000000000000000e+00,4.831756186355828930e+00,8.125437594276831987e+00
5.993542085187108569e+03,-9.467937756426134001e+03,2.063501889228830350e+02,1.204824833739410082e+02,-1.855627221141244547e+02,0.000000000000000000e+00,4.831756370532378497e+00,8.125437594997606539e+00
6.005590333522755827e+03,-9.486494028638164309e+03,2.063501889228797381e+02,1.204824833237260293e+02,-1.855627221169912673e+02,0.000000000000000000e+00,4.831758510802381501e+00,8.125437594814725273e+00
6.017638581858398538e+03,-9.505050300849085033e+03,2.063501889228800508e+02,1.204824833512938085e+02,-1.855627221144369230e+02,0.000000000000000000e+00,4.831757532888259377e+00,8.125437594480141357e+00
6.029686830194043068e+03,-9.523606573060942537e+03,2.063501889228801645e+02,1.204824833771426142e+02,-1.855627221155290556e+02,0.000000000000000000e+00,4.831756070738050468e+00,8.125437594867754854e+00
6.041735078529689417e+03,-9.542162845272358027e+03,2.063501889228803918e+02,1.204824833311283356e+02,-1.855627221149564434e+02,0.000000000000000000e+00,4.831756526921121342e+00,8.125437594261434526e+00
6.053783326865332128e+03,-9.560719117484242815e+03,2.063501889228820687e+02,1.204824833431929818e+02,-1.855627221142995609e+02,0.000000000000000000e+00,4.831756187664760560e+00,8.125437594148971598e+00
6.065831575200976658e+03,-9.579275389695676495e+03,2.063501889228743948e+02,1.204824833705951619e+02,-1.855627221152965092e+02,0.000000000000000000e+00,4.831756171484353324e+00,8.125437594813503139e+00
6.077879823536623007e+03,-9.597831661907033777e+03,2.063501889228848256e+02,1.204824833604867536e+02,-1.855627221158156033e+02,0.000000000000000000e+00,4.831756598790137858e+00,8.125437595209202613e+00
6.089928071872263899e+03,-9.616387934118243720e+03,2.063501889228759580e+02,1.204824833468230310e+02,-1.855627221150135142e+02,0.000000000000000000e+00,4.831755741166849916e+00,8.125437594544138165e+00
6.101976320207912067e+03,-9.634944206329906592e+03,2.063501889228747075e+02,1.204824833311915455e+02,-1.855627221167286223e+02,0.000000000000000000e+00,4.831758704682116878e+00,8.125437595039926464e+00
6.114024568543554778e+03,-9.653500478541409393e+03,2.063501889228786297e+02,1.204824833675601496e+02,-1.855627221159588771e+02,0.000000000000000000e+00,4.831757888580948901e+00,8.125437594490978910e+00
6.126072816879200218e+03,-9.672056750753083179e+03,2.063501889228791129e+02,1.204824833040296426e+02,-1.855627221160253839e+02,0.000000000000000000e+00,4.831756868062727861e+00,8.125437594851295131e+00
6.138121065214841110e+03,-9.690613022964798802e+03,2.063501889228779191e+02,1.204824833907634485e+02,-1.855627221154745712e+02,0.000000000000000000e+00,4.831755845471983335e+00,8.125437594680589015e+00
6.150169313550488368e+03,-9.709169295176399828e+03,2.063501889228766117e+02,1.204824833425567476e+02,-1.855627221139792198e+02,0.000000000000000000e+00,4.831755719370455893e+00,8.125437595201278285e+00
6.162217561886131080e+03,-9.727725567387982665e+03,2.063501889228845982e+02,1.204824833813845828e+02,-1.855627221168969072e+02,0.000000000000000000e+00,4.831756396873841730e+00,8.125437594508190031e+00
6.174265810221773791e+03,-9.746281839599427258e+03,2.063501889228774644e+02,1.204824834009280607e+02,-1.855627221145616375e+02,0.000000000000000000e+00,4.831757199111738288e+00,8.125437594972327204e+00
6.186314058557422868e+03,-9.764838111811215640e+03,2.063501889228772654e+02,1.204824833450729358e+02,-1.855627221144460464e+02,0.000000000000000000e+00,4.831756456897464247e+00,8.125437594366081484e+00
6.198362306893068308e+03,-9.783394384022452869e+03,2.063501889228762707e+02,1.204824833456425210e+02,-1.855627221147261992e+02,0.000000000000000000e+00,4.831757108144952184e+00,8.125437594910378536e+00
6.210410555228711928e+03,-9.801950656234310372e+03,2.063501889228831772e+02,1.204824833517072875e+02,-1.855627221166487573e+02,0.000000000000000000e+00,4.831757098647899262e+00,8.125437594711458544e+00
6.222458803564357368e+03,-9.820506928446171514e+03,2.063501889228779191e+02,1.204824833810730667e+02,-1.855627221158541147e+02,0.000000000000000000e+00,4.831755765055250507e+00,8.125437594560731114e+00
6.234507051899999169e+03,-9.839063200656897607e+03,2.063501889228809318e+02,1.204824834256945252e+02,-1.855627221154624067e+02,0.000000000000000000e+00,4.831756806360217205e+00,8.125437594792231266e+00
6.246555300235642790e+03,-9.857619472868389494e+03,2.063501889228847119e+02,1.204824833416670060e+02,-1.855627221157456859e+02,0.000000000000000000e+00,4.831756517400789264e+00,8.125437594569818955e+00
6.258603548571286410e+03,-9.876175745080223351e+03,2.063501889228826940e+02,1.204824833538835378e+02,-1.855627221149781292e+02,0.000000000000000000e+00,4.831755992481248541e+00,8.125437594985875478e+00
6.270651796906936397e+03,-9.894732017291997181e+03,2.063501889228751907e+02,1.204824833525398731e+02,-1.855627221156253199e+02,0.000000000000000000e+00,4.831757037158351586e+00,8.125437594853039514e+00
6.282700045242579108e+03,-9.913288289503685519e+03,2.063501889228736275e+02,1.204824833736803527e+02,-1.855627221155030213e+02,0.000000000000000000e+00,4.831756468475219890e+00,8.125437594278960063e+00
6.294748293578224548e+03,-9.931844561715379314e+03,2.063501889228826656e+02,1.204824833555810102e+02,-1.855627221152985555e+02,0.000000000000000000e+00,4.831756587136738723e+00,8.125437594522775697e+00
6.306796541913865440e+03,-9.950400833926221821e+03,2.063501889228779476e+02,1.204824833350321143e+02,-1.855627221168269614e+02,0.000000000000000000e+00,4.831756672814927711e+00,8.125437594911582906e+00
6.318844790249510879e+03,-9.968957106137942901e+03,2.063501889228766686e+02,1.204824833359659522e+02,-1.855627221161522868e+02,0.000000000000000000e+00,4.831757172890694285e+00,8.125437594216606385e+00
6.330893038585157228e+03,-9.987513378349345658e+03,2.063501889228784023e+02,1.204824833182201900e+02,-1.855627221154419999e+02,0.000000000000000000e+00,4.831754794070953984e+00,8.125437595606332053e+00
6.342941286920801758e+03,-1.000606965056161971e+04,2.063501889228793402e+02,1.204824833785992269e+02,-1.855627221164702689e+02,0.000000000000000000e+00,4.831755207875386482e+00,8.125437594736057534e+00
6.354989535256447198e+03,-1.002462592277285512e+04,2.063501889228792834e+02,1.204824833446253791e+02,-1.855627221161635987e+02,0.000000000000000000e+00,4.831755169442701892e+00,8.125437595154609838e+00
6.367037783592087180e+03,-1.004318219498459439e+04,2.063501889228795392e+02,1.204824833456230806e+02,-1.855627221158545126e+02,0.000000000000000000e+00,4.831757068476536965e+00,8.125437594879411307e+00
6.379086031927734439e+03,-1.006173846719616995e+04,2.063501889228807897e+02,1.204824833563239110e+02,-1.855627221157091356e+02,0.000000000000000000e+00,4.831758406362027358e+00,8.125437594636974126e+00
6.391134280263378969e+03,-1.008029473940740718e+04,2.063501889228734854e+02,1.204824833535794824e+02,-1.855627221159095654e+02,0.000000000000000000e+00,4.831758264182378859e+00,8.125437594970881250e+00
6.403182528599022589e+03,-1.009885101161911007e+04,2.063501889228743380e+02,1.204824833616325748e+02,-1.855627221164515674e+02,0.000000000000000000e+00,4.831755506420458701e+00,8.125437594949689313e+00
6.415230776934667119e+03,-1.011740728383060014e+04,2.063501889228766970e+02,1.204824833397047001e+02,-1.855627221149698016e+02,0.000000000000000000e+00,4.831756197644408779e+00,8.125437594944996178e+00
6.427279025270312559e+03,-1.013596355604195924e+04,2.063501889228788571e+02,1.204824833741132579e+02,-1.855627221148601791e+02,0.000000000000000000e+00,4.831756984735946503e+00,8.125437594342621139e+00
6.439327273605953451e+03,-1.015451982825390041e+04,2.063501889228776633e+02,1.204824833233911221e+02,-1.855627221146097838e+02,0.000000000000000000e+00,4.831758640792747528e+00,8.125437595140931890e+00
6.451375521941598890e+03,-1.017307610046528316e+04,2.063501889228783455e+02,1.204824833515560272e+02,-1.855627221166948004e+02,0.000000000000000000e+00,4.831757216543135947e+00,8.125437594930140506e+00
6.463423770277247058e+03,-1.019163237267685690e+04,2.063501889228813866e+02,1.204824833248605387e+02,-1.855627221164384935e+02,0.000000000000000000e+00,4.831756397743564690e+00,8.125437594404445463e+00
6.475472018612889769e+03,-1.021018864488839245e+04,2.063501889228840867e+02,1.204824833188703224e+02,-1.855627221161085458e+02,0.000000000000000000e+00,4.831754935120054384e+00,8.125437594717091372e+00
6.487520266948534299e+03,-1.022874491709984613e+04,2.063501889228775212e+02,1.204824833525396173e+02,-1.855627221158178770e+02,0.000000000000000000e+00,4.831756890974014951e+00,8.125437594580256828e+00
6.499568515284180648e+03,-1.024730118931153811e+04,2.063501889228780328e+02,1.204824833518960929e+02,-1.855627221158735267e+02,0.000000000000000000e+00,4.831755878996976783e+00,8.125437594575462441e+00
6.511616763619825178e+03,-1.026585746152285537e+04,2.063501889228784307e+02,1.204824833465798974e+02,-1.855627221161782359e+02,0.000000000000000000e+00,4.831755844722616544e+00,8.125437594404715469e+00
6.523665011955469708e+03,-1.028441373373465649e+04,2.063501889228711832e+02,1.204824833619063185e+02,-1.855627221155911286e+02,0.000000000000000000e+00,4.831756119285187445e+00,8.125437594779540973e+00
6.535713260291111510e+03,-1.030297000594627389e+04,2.063501889228833193e+02,1.204824833371683894e+02,-1.855627221161935836e+02,0.000000000000000000e+00,4.831756095527973471e+00,8.125437595135876379e+00
6.547761508626757859e+03,-1.032152627815742744e+04,2.063501889228747075e+02,1.204824833711892467e+02,-1.855627221151128481e+02,0.000000000000000000e+00,4.831757208892136113e+00,8.125437595011671732e+00
6.559809756962402389e+03,-1.034008255036914488e+04,2.063501889228704442e+02,1.204824833514263105e+02,-1.855627221167754044e+02,0.000000000000000000e+00,4.831755542193877595e+00,8.125437595212885000e+00
